r_m,z_m,phi_V,ne_m3,ni_m3
0.00104,0.00208,1.7788e-1,0.0000e+0,0.0000e+0
0.00313,0.00208,1.7762e-1,0.0000e+0,0.0000e+0
0.00521,0.00208,1.7720e-1,0.0000e+0,0.0000e+0
0.00729,0.00208,1.7663e-1,0.0000e+0,0.0000e+0
0.00937,0.00208,1.7591e-1,0.0000e+0,0.0000e+0
0.01146,0.00208,1.7502e-1,0.0000e+0,0.0000e+0
0.01354,0.00208,1.7398e-1,0.0000e+0,0.0000e+0
0.01563,0.00208,1.7279e-1,0.0000e+0,0.0000e+0
0.01771,0.00208,1.7143e-1,0.0000e+0,0.0000e+0
0.01979,0.00208,1.6984e-1,0.0000e+0,0.0000e+0
0.02187,0.00208,1.6799e-1,0.0000e+0,0.0000e+0
0.02396,0.00208,1.6602e-1,0.0000e+0,0.0000e+0
0.02604,0.00208,1.6372e-1,0.0000e+0,0.0000e+0
0.02813,0.00208,1.6139e-1,0.0000e+0,0.0000e+0
0.03021,0.00208,1.5889e-1,0.0000e+0,0.0000e+0
0.03229,0.00208,1.5610e-1,0.0000e+0,0.0000e+0
0.03438,0.00208,1.5321e-1,0.0000e+0,0.0000e+0
0.03646,0.00208,1.5010e-1,0.0000e+0,0.0000e+0
0.03854,0.00208,1.4680e-1,0.0000e+0,0.0000e+0
0.04063,0.00208,1.4341e-1,0.0000e+0,0.0000e+0
0.04271,0.00208,1.3989e-1,0.0000e+0,0.0000e+0
0.04479,0.00208,1.3625e-1,0.0000e+0,0.0000e+0
0.04688,0.00208,1.3253e-1,0.0000e+0,0.0000e+0
0.04896,0.00208,1.2876e-1,0.0000e+0,0.0000e+0
0.05104,0.00208,1.2496e-1,0.0000e+0,0.0000e+0
0.05312,0.00208,1.2110e-1,0.0000e+0,0.0000e+0
0.05521,0.00208,1.1712e-1,0.0000e+0,0.0000e+0
0.05729,0.00208,1.1300e-1,0.0000e+0,0.0000e+0
0.05937,0.00208,1.0871e-1,0.0000e+0,0.0000e+0
0.06146,0.00208,1.0427e-1,0.0000e+0,0.0000e+0
0.06354,0.00208,9.9638e-2,0.0000e+0,0.0000e+0
0.06563,0.00208,9.4817e-2,0.0000e+0,0.0000e+0
0.06771,0.00208,8.9798e-2,0.0000e+0,0.0000e+0
0.06979,0.00208,8.4620e-2,0.0000e+0,0.0000e+0
0.07187,0.00208,7.9294e-2,0.0000e+0,0.0000e+0
0.07396,0.00208,7.3811e-2,0.0000e+0,0.0000e+0
0.07604,0.00208,6.8198e-2,0.0000e+0,0.0000e+0
0.07813,0.00208,6.2466e-2,0.0000e+0,0.0000e+0
0.08021,0.00208,5.6627e-2,0.0000e+0,0.0000e+0
0.08229,0.00208,5.0724e-2,0.0000e+0,0.0000e+0
0.08438,0.00208,4.4746e-2,0.0000e+0,0.0000e+0
0.08646,0.00208,3.8723e-2,0.0000e+0,0.0000e+0
0.08854,0.00208,3.2671e-2,0.0000e+0,0.0000e+0
0.09062,0.00208,2.6622e-2,0.0000e+0,0.0000e+0
0.09271,0.00208,2.0588e-2,0.0000e+0,0.0000e+0
0.09479,0.00208,1.4607e-2,0.0000e+0,0.0000e+0
0.09688,0.00208,8.6904e-3,0.0000e+0,0.0000e+0
0.09896,0.00208,2.8650e-3,0.0000e+0,0.0000e+0
0.00104,0.00625,5.3493e-1,0.0000e+0,0.0000e+0
0.00313,0.00625,5.3432e-1,0.0000e+0,0.0000e+0
0.00521,0.00625,5.3315e-1,0.0000e+0,0.0000e+0
0.00729,0.00625,5.3147e-1,0.0000e+0,0.0000e+0
0.00937,0.00625,5.2932e-1,0.0000e+0,0.0000e+0
0.01146,0.00625,5.2676e-1,0.0000e+0,0.0000e+0
0.01354,0.00625,5.2370e-1,0.0000e+0,0.0000e+0
0.01563,0.00625,5.2001e-1,0.0000e+0,0.0000e+0
0.01771,0.00625,5.1569e-1,0.0000e+0,0.0000e+0
0.01979,0.00625,5.1079e-1,0.0000e+0,0.0000e+0
0.02187,0.00625,5.0540e-1,0.0000e+0,0.0000e+0
0.02396,0.00625,4.9938e-1,0.0000e+0,0.0000e+0
0.02604,0.00625,4.9281e-1,0.0000e+0,0.0000e+0
0.02813,0.00625,4.8569e-1,0.0000e+0,0.0000e+0
0.03021,0.00625,4.7803e-1,0.0000e+0,0.0000e+0
0.03229,0.00625,4.6977e-1,0.0000e+0,0.0000e+0
0.03438,0.00625,4.6094e-1,0.0000e+0,0.0000e+0
0.03646,0.00625,4.5162e-1,0.0000e+0,0.0000e+0
0.03854,0.00625,4.4179e-1,0.0000e+0,0.0000e+0
0.04063,0.00625,4.3147e-1,0.0000e+0,0.0000e+0
0.04271,0.00625,4.2073e-1,0.0000e+0,0.0000e+0
0.04479,0.00625,4.0966e-1,0.0000e+0,0.0000e+0
0.04688,0.00625,3.9838e-1,0.0000e+0,0.0000e+0
0.04896,0.00625,3.8707e-1,0.0000e+0,0.0000e+0
0.05104,0.00625,3.7580e-1,0.0000e+0,0.0000e+0
0.05312,0.00625,3.6436e-1,0.0000e+0,0.0000e+0
0.05521,0.00625,3.5258e-1,0.0000e+0,0.0000e+0
0.05729,0.00625,3.4033e-1,0.0000e+0,0.0000e+0
0.05937,0.00625,3.2753e-1,0.0000e+0,0.0000e+0
0.06146,0.00625,3.1416e-1,0.0000e+0,0.0000e+0
0.06354,0.00625,3.0024e-1,0.0000e+0,0.0000e+0
0.06563,0.00625,2.8574e-1,0.0000e+0,0.0000e+0
0.06771,0.00625,2.7069e-1,0.0000e+0,0.0000e+0
0.06979,0.00625,2.5513e-1,0.0000e+0,0.0000e+0
0.07187,0.00625,2.3908e-1,0.0000e+0,0.0000e+0
0.07396,0.00625,2.2258e-1,0.0000e+0,0.0000e+0
0.07604,0.00625,2.0569e-1,0.0000e+0,0.0000e+0
0.07813,0.00625,1.8842e-1,0.0000e+0,0.0000e+0
0.08021,0.00625,1.7084e-1,0.0000e+0,0.0000e+0
0.08229,0.00625,1.5302e-1,0.0000e+0,0.0000e+0
0.08438,0.00625,1.3499e-1,0.0000e+0,0.0000e+0
0.08646,0.00625,1.1682e-1,0.0000e+0,0.0000e+0
0.08854,0.00625,9.8587e-2,0.0000e+0,0.0000e+0
0.09062,0.00625,8.0339e-2,0.0000e+0,0.0000e+0
0.09271,0.00625,6.2157e-2,0.0000e+0,0.0000e+0
0.09479,0.00625,4.4102e-2,0.0000e+0,0.0000e+0
0.09688,0.00625,2.6246e-2,0.0000e+0,0.0000e+0
0.09896,0.00625,8.6387e-3,0.0000e+0,0.0000e+0
0.00104,0.01042,8.9601e-1,0.0000e+0,0.0000e+0
0.00313,0.01042,8.9505e-1,0.0000e+0,0.0000e+0
0.00521,0.01042,8.9329e-1,0.0000e+0,0.0000e+0
0.00729,0.01042,8.9073e-1,0.0000e+0,0.0000e+0
0.00937,0.01042,8.8736e-1,0.0000e+0,0.0000e+0
0.01146,0.01042,8.8305e-1,0.0000e+0,0.0000e+0
0.01354,0.01042,8.7770e-1,0.0000e+0,0.0000e+0
0.01563,0.01042,8.7138e-1,0.0000e+0,0.0000e+0
0.01771,0.01042,8.6424e-1,0.0000e+0,0.0000e+0
0.01979,0.01042,8.5623e-1,0.0000e+0,0.0000e+0
0.02187,0.01042,8.4719e-1,0.0000e+0,0.0000e+0
0.02396,0.01042,8.3718e-1,0.0000e+0,0.0000e+0
0.02604,0.01042,8.2617e-1,0.0000e+0,0.0000e+0
0.02813,0.01042,8.1428e-1,0.0000e+0,0.0000e+0
0.03021,0.01042,8.0152e-1,0.0000e+0,0.0000e+0
0.03229,0.01042,7.8774e-1,0.0000e+0,0.0000e+0
0.03438,0.01042,7.7306e-1,0.0000e+0,0.0000e+0
0.03646,0.01042,7.5746e-1,0.0000e+0,0.0000e+0
0.03854,0.01042,7.4090e-1,0.0000e+0,0.0000e+0
0.04063,0.01042,7.2341e-1,0.0000e+0,0.0000e+0
0.04271,0.01042,7.0506e-1,0.0000e+0,0.0000e+0
0.04479,0.01042,6.8593e-1,0.0000e+0,0.0000e+0
0.04688,0.01042,6.6636e-1,0.0000e+0,0.0000e+0
0.04896,0.01042,6.4717e-1,0.0000e+0,0.0000e+0
0.05104,0.01042,6.2914e-1,0.0000e+0,0.0000e+0
0.05312,0.01042,6.1084e-1,0.0000e+0,0.0000e+0
0.05521,0.01042,5.9173e-1,0.0000e+0,0.0000e+0
0.05729,0.01042,5.7160e-1,0.0000e+0,0.0000e+0
0.05937,0.01042,5.5042e-1,0.0000e+0,0.0000e+0
0.06146,0.01042,5.2819e-1,0.0000e+0,0.0000e+0
0.06354,0.01042,5.0496e-1,0.0000e+0,0.0000e+0
0.06563,0.01042,4.8073e-1,0.0000e+0,0.0000e+0
0.06771,0.01042,4.5555e-1,0.0000e+0,0.0000e+0
0.06979,0.01042,4.2948e-1,0.0000e+0,0.0000e+0
0.07187,0.01042,4.0257e-1,0.0000e+0,0.0000e+0
0.07396,0.01042,3.7489e-1,0.0000e+0,0.0000e+0
0.07604,0.01042,3.4651e-1,0.0000e+0,0.0000e+0
0.07813,0.01042,3.1749e-1,0.0000e+0,0.0000e+0
0.08021,0.01042,2.8791e-1,0.0000e+0,0.0000e+0
0.08229,0.01042,2.5791e-1,0.0000e+0,0.0000e+0
0.08438,0.01042,2.2756e-1,0.0000e+0,0.0000e+0
0.08646,0.01042,1.9697e-1,0.0000e+0,0.0000e+0
0.08854,0.01042,1.6625e-1,0.0000e+0,0.0000e+0
0.09062,0.01042,1.3551e-1,0.0000e+0,0.0000e+0
0.09271,0.01042,1.0485e-1,0.0000e+0,0.0000e+0
0.09479,0.01042,7.4404e-2,0.0000e+0,0.0000e+0
0.09688,0.01042,4.4269e-2,0.0000e+0,0.0000e+0
0.09896,0.01042,1.4569e-2,0.0000e+0,0.0000e+0
0.00104,0.01458,1.2642e+0,0.0000e+0,0.0000e+0
0.00313,0.01458,1.2631e+0,0.0000e+0,0.0000e+0
0.00521,0.01458,1.2608e+0,0.0000e+0,0.0000e+0
0.00729,0.01458,1.2573e+0,0.0000e+0,0.0000e+0
0.00937,0.01458,1.2524e+0,0.0000e+0,0.0000e+0
0.01146,0.01458,1.2462e+0,0.0000e+0,0.0000e+0
0.01354,0.01458,1.2388e+0,0.0000e+0,0.0000e+0
0.01563,0.01458,1.2301e+0,0.0000e+0,0.0000e+0
0.01771,0.01458,1.2203e+0,0.0000e+0,0.0000e+0
0.01979,0.01458,1.2089e+0,0.0000e+0,0.0000e+0
0.02187,0.01458,1.1963e+0,0.0000e+0,0.0000e+0
0.02396,0.01458,1.1823e+0,0.0000e+0,0.0000e+0
0.02604,0.01458,1.1670e+0,0.0000e+0,0.0000e+0
0.02813,0.01458,1.1503e+0,0.0000e+0,0.0000e+0
0.03021,0.01458,1.1324e+0,0.0000e+0,0.0000e+0
0.03229,0.01458,1.1132e+0,0.0000e+0,0.0000e+0
0.03438,0.01458,1.0926e+0,0.0000e+0,0.0000e+0
0.03646,0.01458,1.0707e+0,0.0000e+0,0.0000e+0
0.03854,0.01458,1.0474e+0,0.0000e+0,0.0000e+0
0.04063,0.01458,1.0226e+0,0.0000e+0,0.0000e+0
0.04271,0.01458,9.9611e-1,0.0000e+0,0.0000e+0
0.04479,0.01458,9.6755e-1,0.0000e+0,0.0000e+0
0.04688,0.01458,9.3630e-1,7.4672e+10,0.0000e+0
0.04896,0.01458,9.0582e-1,2.1928e+11,0.0000e+0
0.05104,0.01458,8.8657e-1,0.0000e+0,0.0000e+0
0.05312,0.01458,8.6354e-1,0.0000e+0,0.0000e+0
0.05521,0.01458,8.3788e-1,0.0000e+0,0.0000e+0
0.05729,0.01458,8.1014e-1,0.0000e+0,0.0000e+0
0.05937,0.01458,7.8060e-1,0.0000e+0,0.0000e+0
0.06146,0.01458,7.4942e-1,0.0000e+0,0.0000e+0
0.06354,0.01458,7.1673e-1,0.0000e+0,0.0000e+0
0.06563,0.01458,6.8262e-1,0.0000e+0,0.0000e+0
0.06771,0.01458,6.4714e-1,0.0000e+0,0.0000e+0
0.06979,0.01458,6.1037e-1,0.0000e+0,0.0000e+0
0.07187,0.01458,5.7236e-1,0.0000e+0,0.0000e+0
0.07396,0.01458,5.3320e-1,0.0000e+0,0.0000e+0
0.07604,0.01458,4.9298e-1,0.0000e+0,0.0000e+0
0.07813,0.01458,4.5183e-1,0.0000e+0,0.0000e+0
0.08021,0.01458,4.0986e-1,0.0000e+0,0.0000e+0
0.08229,0.01458,3.6724e-1,0.0000e+0,0.0000e+0
0.08438,0.01458,3.2409e-1,0.0000e+0,0.0000e+0
0.08646,0.01458,2.8059e-1,0.0000e+0,0.0000e+0
0.08854,0.01458,2.3689e-1,0.0000e+0,0.0000e+0
0.09062,0.01458,1.9313e-1,0.0000e+0,0.0000e+0
0.09271,0.01458,1.4947e-1,0.0000e+0,0.0000e+0
0.09479,0.01458,1.0608e-1,0.0000e+0,0.0000e+0
0.09688,0.01458,6.3125e-2,0.0000e+0,0.0000e+0
0.09896,0.01458,2.0781e-2,0.0000e+0,0.0000e+0
0.00104,0.01875,1.6423e+0,0.0000e+0,0.0000e+0
0.00313,0.01875,1.6409e+0,0.0000e+0,0.0000e+0
0.00521,0.01875,1.6379e+0,0.0000e+0,0.0000e+0
0.00729,0.01875,1.6332e+0,0.0000e+0,0.0000e+0
0.00937,0.01875,1.6271e+0,0.0000e+0,0.0000e+0
0.01146,0.01875,1.6195e+0,0.0000e+0,0.0000e+0
0.01354,0.01875,1.6102e+0,0.0000e+0,0.0000e+0
0.01563,0.01875,1.5992e+0,0.0000e+0,0.0000e+0
0.01771,0.01875,1.5865e+0,0.0000e+0,0.0000e+0
0.01979,0.01875,1.5720e+0,0.0000e+0,0.0000e+0
0.02187,0.01875,1.5559e+0,0.0000e+0,0.0000e+0
0.02396,0.01875,1.5379e+0,0.0000e+0,0.0000e+0
0.02604,0.01875,1.5182e+0,0.0000e+0,0.0000e+0
0.02813,0.01875,1.4967e+0,0.0000e+0,0.0000e+0
0.03021,0.01875,1.4737e+0,0.0000e+0,0.0000e+0
0.03229,0.01875,1.4490e+0,0.0000e+0,0.0000e+0
0.03438,0.01875,1.4227e+0,0.0000e+0,0.0000e+0
0.03646,0.01875,1.3948e+0,0.0000e+0,0.0000e+0
0.03854,0.01875,1.3652e+0,0.0000e+0,0.0000e+0
0.04063,0.01875,1.3339e+0,0.0000e+0,0.0000e+0
0.04271,0.01875,1.3008e+0,0.0000e+0,0.0000e+0
0.04479,0.01875,1.2657e+0,0.0000e+0,0.0000e+0
0.04688,0.01875,1.2284e+0,4.2796e+10,0.0000e+0
0.04896,0.01875,1.1916e+0,1.2568e+11,0.0000e+0
0.05104,0.01875,1.1625e+0,0.0000e+0,0.0000e+0
0.05312,0.01875,1.1307e+0,0.0000e+0,0.0000e+0
0.05521,0.01875,1.0964e+0,0.0000e+0,0.0000e+0
0.05729,0.01875,1.0599e+0,0.0000e+0,0.0000e+0
0.05937,0.01875,1.0214e+0,0.0000e+0,0.0000e+0
0.06146,0.01875,9.8096e-1,0.0000e+0,0.0000e+0
0.06354,0.01875,9.3860e-1,0.0000e+0,0.0000e+0
0.06563,0.01875,8.9439e-1,0.0000e+0,0.0000e+0
0.06771,0.01875,8.4839e-1,0.0000e+0,0.0000e+0
0.06979,0.01875,8.0065e-1,0.0000e+0,0.0000e+0
0.07187,0.01875,7.5121e-1,0.0000e+0,0.0000e+0
0.07396,0.01875,7.0018e-1,0.0000e+0,0.0000e+0
0.07604,0.01875,6.4767e-1,0.0000e+0,0.0000e+0
0.07813,0.01875,5.9382e-1,0.0000e+0,0.0000e+0
0.08021,0.01875,5.3884e-1,0.0000e+0,0.0000e+0
0.08229,0.01875,4.8293e-1,0.0000e+0,0.0000e+0
0.08438,0.01875,4.2633e-1,0.0000e+0,0.0000e+0
0.08646,0.01875,3.6926e-1,0.0000e+0,0.0000e+0
0.08854,0.01875,3.1188e-1,0.0000e+0,0.0000e+0
0.09062,0.01875,2.5437e-1,0.0000e+0,0.0000e+0
0.09271,0.01875,1.9693e-1,0.0000e+0,0.0000e+0
0.09479,0.01875,1.3980e-1,0.0000e+0,0.0000e+0
0.09688,0.01875,8.3214e-2,0.0000e+0,0.0000e+0
0.09896,0.01875,2.7396e-2,0.0000e+0,0.0000e+0
0.00104,0.02292,2.0320e+0,0.0000e+0,0.0000e+0
0.00313,0.02292,2.0301e+0,0.0000e+0,0.0000e+0
0.00521,0.02292,2.0266e+0,0.0000e+0,0.0000e+0
0.00729,0.02292,2.0215e+0,0.0000e+0,0.0000e+0
0.00937,0.02292,2.0144e+0,0.0000e+0,0.0000e+0
0.01146,0.02292,2.0054e+0,0.0000e+0,0.0000e+0
0.01354,0.02292,1.9944e+0,0.0000e+0,0.0000e+0
0.01563,0.02292,1.9814e+0,0.0000e+0,0.0000e+0
0.01771,0.02292,1.9662e+0,0.0000e+0,0.0000e+0
0.01979,0.02292,1.9487e+0,0.0000e+0,0.0000e+0
0.02187,0.02292,1.9289e+0,0.0000e+0,0.0000e+0
0.02396,0.02292,1.9069e+0,0.0000e+0,0.0000e+0
0.02604,0.02292,1.8827e+0,0.0000e+0,0.0000e+0
0.02813,0.02292,1.8564e+0,0.0000e+0,0.0000e+0
0.03021,0.02292,1.8281e+0,0.0000e+0,0.0000e+0
0.03229,0.02292,1.7980e+0,0.0000e+0,0.0000e+0
0.03438,0.02292,1.7659e+0,0.0000e+0,0.0000e+0
0.03646,0.02292,1.7321e+0,0.0000e+0,0.0000e+0
0.03854,0.02292,1.6965e+0,0.0000e+0,0.0000e+0
0.04063,0.02292,1.6591e+0,0.0000e+0,0.0000e+0
0.04271,0.02292,1.6201e+0,0.0000e+0,0.0000e+0
0.04479,0.02292,1.5795e+0,0.0000e+0,0.0000e+0
0.04688,0.02292,1.5379e+0,0.0000e+0,0.0000e+0
0.04896,0.02292,1.4962e+0,0.0000e+0,0.0000e+0
0.05104,0.02292,1.4548e+0,0.0000e+0,0.0000e+0
0.05312,0.02292,1.4127e+0,0.0000e+0,0.0000e+0
0.05521,0.02292,1.3690e+0,0.0000e+0,0.0000e+0
0.05729,0.02292,1.3234e+0,0.0000e+0,0.0000e+0
0.05937,0.02292,1.2756e+0,0.0000e+0,0.0000e+0
0.06146,0.02292,1.2257e+0,0.0000e+0,0.0000e+0
0.06354,0.02292,1.1735e+0,0.0000e+0,0.0000e+0
0.06563,0.02292,1.1191e+0,0.0000e+0,0.0000e+0
0.06771,0.02292,1.0624e+0,0.0000e+0,0.0000e+0
0.06979,0.02292,1.0034e+0,0.0000e+0,0.0000e+0
0.07187,0.02292,9.4226e-1,0.0000e+0,0.0000e+0
0.07396,0.02292,8.7892e-1,0.0000e+0,0.0000e+0
0.07604,0.02292,8.1351e-1,0.0000e+0,0.0000e+0
0.07813,0.02292,7.4620e-1,0.0000e+0,0.0000e+0
0.08021,0.02292,6.7727e-1,0.0000e+0,0.0000e+0
0.08229,0.02292,6.0706e-1,0.0000e+0,0.0000e+0
0.08438,0.02292,5.3614e-1,0.0000e+0,0.0000e+0
0.08646,0.02292,4.6472e-1,0.0000e+0,0.0000e+0
0.08854,0.02292,3.9281e-1,0.0000e+0,0.0000e+0
0.09062,0.02292,3.2059e-1,0.0000e+0,0.0000e+0
0.09271,0.02292,2.4833e-1,0.0000e+0,0.0000e+0
0.09479,0.02292,1.7636e-1,0.0000e+0,0.0000e+0
0.09688,0.02292,1.0499e-1,0.0000e+0,0.0000e+0
0.09896,0.02292,3.4569e-2,0.0000e+0,0.0000e+0
0.00104,0.02708,2.4346e+0,0.0000e+0,0.0000e+0
0.00313,0.02708,2.4330e+0,0.0000e+0,0.0000e+0
0.00521,0.02708,2.4296e+0,0.0000e+0,0.0000e+0
0.00729,0.02708,2.4241e+0,0.0000e+0,0.0000e+0
0.00937,0.02708,2.4165e+0,0.0000e+0,0.0000e+0
0.01146,0.02708,2.4069e+0,0.0000e+0,0.0000e+0
0.01354,0.02708,2.3948e+0,0.0000e+0,0.0000e+0
0.01563,0.02708,2.3801e+0,0.0000e+0,0.0000e+0
0.01771,0.02708,2.3627e+0,0.0000e+0,0.0000e+0
0.01979,0.02708,2.3423e+0,0.0000e+0,0.0000e+0
0.02187,0.02708,2.3189e+0,0.0000e+0,0.0000e+0
0.02396,0.02708,2.2926e+0,0.0000e+0,0.0000e+0
0.02604,0.02708,2.2636e+0,0.0000e+0,0.0000e+0
0.02813,0.02708,2.2320e+0,0.0000e+0,0.0000e+0
0.03021,0.02708,2.1983e+0,0.0000e+0,0.0000e+0
0.03229,0.02708,2.1624e+0,0.0000e+0,0.0000e+0
0.03438,0.02708,2.1245e+0,0.0000e+0,0.0000e+0
0.03646,0.02708,2.0846e+0,0.0000e+0,0.0000e+0
0.03854,0.02708,2.0428e+0,0.0000e+0,0.0000e+0
0.04063,0.02708,1.9989e+0,0.0000e+0,0.0000e+0
0.04271,0.02708,1.9530e+0,0.0000e+0,0.0000e+0
0.04479,0.02708,1.9052e+0,0.0000e+0,0.0000e+0
0.04688,0.02708,1.8558e+0,0.0000e+0,0.0000e+0
0.04896,0.02708,1.8059e+0,0.0000e+0,0.0000e+0
0.05104,0.02708,1.7573e+0,0.0000e+0,0.0000e+0
0.05312,0.02708,1.7076e+0,0.0000e+0,0.0000e+0
0.05521,0.02708,1.6560e+0,0.0000e+0,0.0000e+0
0.05729,0.02708,1.6020e+0,0.0000e+0,0.0000e+0
0.05937,0.02708,1.5455e+0,0.0000e+0,0.0000e+0
0.06146,0.02708,1.4863e+0,0.0000e+0,0.0000e+0
0.06354,0.02708,1.4245e+0,0.0000e+0,0.0000e+0
0.06563,0.02708,1.3599e+0,0.0000e+0,0.0000e+0
0.06771,0.02708,1.2925e+0,0.0000e+0,0.0000e+0
0.06979,0.02708,1.2223e+0,0.0000e+0,0.0000e+0
0.07187,0.02708,1.1492e+0,0.0000e+0,0.0000e+0
0.07396,0.02708,1.0731e+0,0.0000e+0,0.0000e+0
0.07604,0.02708,9.9421e-1,0.0000e+0,0.0000e+0
0.07813,0.02708,9.1247e-1,0.0000e+0,0.0000e+0
0.08021,0.02708,8.2804e-1,0.0000e+0,0.0000e+0
0.08229,0.02708,7.4123e-1,2.9984e+10,0.0000e+0
0.08438,0.02708,6.5495e-1,2.4471e+10,0.0000e+0
0.08646,0.02708,5.6902e-1,0.0000e+0,0.0000e+0
0.08854,0.02708,4.8176e-1,0.0000e+0,0.0000e+0
0.09062,0.02708,3.9362e-1,0.0000e+0,0.0000e+0
0.09271,0.02708,3.0510e-1,0.0000e+0,0.0000e+0
0.09479,0.02708,2.1675e-1,0.0000e+0,0.0000e+0
0.09688,0.02708,1.2906e-1,0.0000e+0,0.0000e+0
0.09896,0.02708,4.2499e-2,0.0000e+0,0.0000e+0
0.00104,0.03125,2.8519e+0,0.0000e+0,0.0000e+0
0.00313,0.03125,2.8504e+0,0.0000e+0,0.0000e+0
0.00521,0.03125,2.8473e+0,0.0000e+0,0.0000e+0
0.00729,0.03125,2.8424e+0,0.0000e+0,0.0000e+0
0.00937,0.03125,2.8353e+0,0.0000e+0,0.0000e+0
0.01146,0.03125,2.8258e+0,0.0000e+0,0.0000e+0
0.01354,0.03125,2.8135e+0,0.0000e+0,0.0000e+0
0.01563,0.03125,2.7984e+0,0.0000e+0,0.0000e+0
0.01771,0.03125,2.7798e+0,0.0000e+0,0.0000e+0
0.01979,0.03125,2.7570e+0,0.0000e+0,0.0000e+0
0.02187,0.03125,2.7299e+0,0.0000e+0,0.0000e+0
0.02396,0.03125,2.6987e+0,0.0000e+0,0.0000e+0
0.02604,0.03125,2.6640e+0,0.0000e+0,0.0000e+0
0.02813,0.03125,2.6264e+0,0.0000e+0,0.0000e+0
0.03021,0.03125,2.5865e+0,0.0000e+0,0.0000e+0
0.03229,0.03125,2.5444e+0,0.0000e+0,0.0000e+0
0.03438,0.03125,2.5004e+0,0.0000e+0,0.0000e+0
0.03646,0.03125,2.4543e+0,0.0000e+0,0.0000e+0
0.03854,0.03125,2.4062e+0,0.0000e+0,0.0000e+0
0.04063,0.03125,2.3559e+0,0.0000e+0,0.0000e+0
0.04271,0.03125,2.3028e+0,0.0000e+0,0.0000e+0
0.04479,0.03125,2.2460e+0,0.0000e+0,0.0000e+0
0.04688,0.03125,2.1846e+0,7.1357e+10,0.0000e+0
0.04896,0.03125,2.1187e+0,3.4001e+11,0.0000e+0
0.05104,0.03125,2.0720e+0,0.0000e+0,0.0000e+0
0.05312,0.03125,2.0185e+0,0.0000e+0,0.0000e+0
0.05521,0.03125,1.9604e+0,0.0000e+0,0.0000e+0
0.05729,0.03125,1.8987e+0,0.0000e+0,0.0000e+0
0.05937,0.03125,1.8339e+0,0.0000e+0,0.0000e+0
0.06146,0.03125,1.7658e+0,0.0000e+0,0.0000e+0
0.06354,0.03125,1.6946e+0,0.0000e+0,0.0000e+0
0.06563,0.03125,1.6203e+0,0.0000e+0,0.0000e+0
0.06771,0.03125,1.5426e+0,0.0000e+0,0.0000e+0
0.06979,0.03125,1.4614e+0,0.0000e+0,0.0000e+0
0.07187,0.03125,1.3765e+0,0.0000e+0,0.0000e+0
0.07396,0.03125,1.2877e+0,0.0000e+0,0.0000e+0
0.07604,0.03125,1.1950e+0,0.0000e+0,0.0000e+0
0.07813,0.03125,1.0983e+0,0.0000e+0,0.0000e+0
0.08021,0.03125,9.9722e-1,0.0000e+0,0.0000e+0
0.08229,0.03125,8.9114e-1,1.1817e+11,0.0000e+0
0.08438,0.03125,7.8810e-1,9.6449e+10,0.0000e+0
0.08646,0.03125,6.8699e-1,0.0000e+0,0.0000e+0
0.08854,0.03125,5.8253e-1,0.0000e+0,0.0000e+0
0.09062,0.03125,4.7622e-1,0.0000e+0,0.0000e+0
0.09271,0.03125,3.6916e-1,0.0000e+0,0.0000e+0
0.09479,0.03125,2.6222e-1,0.0000e+0,0.0000e+0
0.09688,0.03125,1.5611e-1,0.0000e+0,0.0000e+0
0.09896,0.03125,5.1402e-2,0.0000e+0,0.0000e+0
0.00104,0.03542,3.2812e+0,0.0000e+0,0.0000e+0
0.00313,0.03542,3.2805e+0,0.0000e+0,0.0000e+0
0.00521,0.03542,3.2789e+0,0.0000e+0,0.0000e+0
0.00729,0.03542,3.2760e+0,0.0000e+0,0.0000e+0
0.00937,0.03542,3.2711e+0,0.0000e+0,0.0000e+0
0.01146,0.03542,3.2633e+0,0.0000e+0,0.0000e+0
0.01354,0.03542,3.2525e+0,0.0000e+0,0.0000e+0
0.01563,0.03542,3.2392e+0,0.0000e+0,0.0000e+0
0.01771,0.03542,3.2226e+0,0.0000e+0,0.0000e+0
0.01979,0.03542,3.1997e+0,0.0000e+0,0.0000e+0
0.02187,0.03542,3.1687e+0,0.0000e+0,0.0000e+0
0.02396,0.03542,3.1306e+0,0.0000e+0,0.0000e+0
0.02604,0.03542,3.0876e+0,0.0000e+0,0.0000e+0
0.02813,0.03542,3.0418e+0,0.0000e+0,0.0000e+0
0.03021,0.03542,2.9944e+0,0.0000e+0,0.0000e+0
0.03229,0.03542,2.9456e+0,0.0000e+0,0.0000e+0
0.03438,0.03542,2.8951e+0,0.0000e+0,0.0000e+0
0.03646,0.03542,2.8429e+0,0.0000e+0,0.0000e+0
0.03854,0.03542,2.7892e+0,0.0000e+0,0.0000e+0
0.04063,0.03542,2.7349e+0,0.0000e+0,0.0000e+0
0.04271,0.03542,2.6780e+0,0.0000e+0,0.0000e+0
0.04479,0.03542,2.6163e+0,0.0000e+0,0.0000e+0
0.04688,0.03542,2.5503e+0,8.5799e+9,0.0000e+0
0.04896,0.03542,2.4845e+0,4.0882e+10,0.0000e+0
0.05104,0.03542,2.4216e+0,0.0000e+0,0.0000e+0
0.05312,0.03542,2.3565e+0,0.0000e+0,0.0000e+0
0.05521,0.03542,2.2881e+0,0.0000e+0,0.0000e+0
0.05729,0.03542,2.2174e+0,0.0000e+0,0.0000e+0
0.05937,0.03542,2.1446e+0,0.0000e+0,0.0000e+0
0.06146,0.03542,2.0674e+0,0.0000e+0,0.0000e+0
0.06354,0.03542,1.9870e+0,0.0000e+0,0.0000e+0
0.06563,0.03542,1.9036e+0,0.0000e+0,0.0000e+0
0.06771,0.03542,1.8163e+0,0.0000e+0,0.0000e+0
0.06979,0.03542,1.7252e+0,0.0000e+0,0.0000e+0
0.07187,0.03542,1.6295e+0,0.0000e+0,0.0000e+0
0.07396,0.03542,1.5281e+0,0.0000e+0,0.0000e+0
0.07604,0.03542,1.4221e+0,0.0000e+0,0.0000e+0
0.07813,0.03542,1.3119e+0,0.0000e+0,0.0000e+0
0.08021,0.03542,1.1973e+0,0.0000e+0,0.0000e+0
0.08229,0.03542,1.0772e+0,0.0000e+0,0.0000e+0
0.08438,0.03542,9.5397e-1,0.0000e+0,0.0000e+0
0.08646,0.03542,8.2832e-1,0.0000e+0,0.0000e+0
0.08854,0.03542,7.0060e-1,0.0000e+0,0.0000e+0
0.09062,0.03542,5.7161e-1,0.0000e+0,0.0000e+0
0.09271,0.03542,4.4235e-1,0.0000e+0,0.0000e+0
0.09479,0.03542,3.1378e-1,0.0000e+0,0.0000e+0
0.09688,0.03542,1.8662e-1,0.0000e+0,0.0000e+0
0.09896,0.03542,6.1418e-2,0.0000e+0,0.0000e+0
0.00104,0.03958,3.7155e+0,0.0000e+0,0.0000e+0
0.00313,0.03958,3.7170e+0,0.0000e+0,0.0000e+0
0.00521,0.03958,3.7196e+0,0.0000e+0,0.0000e+0
0.00729,0.03958,3.7226e+0,0.0000e+0,0.0000e+0
0.00937,0.03958,3.7240e+0,0.0000e+0,0.0000e+0
0.01146,0.03958,3.7192e+0,0.0000e+0,0.0000e+0
0.01354,0.03958,3.7087e+0,0.0000e+0,0.0000e+0
0.01563,0.03958,3.7012e+0,0.0000e+0,0.0000e+0
0.01771,0.03958,3.7004e+0,0.0000e+0,3.0553e+11
0.01979,0.03958,3.6869e+0,0.0000e+0,4.6134e+11
0.02187,0.03958,3.6485e+0,0.0000e+0,1.7474e+11
0.02396,0.03958,3.5967e+0,0.0000e+0,6.9978e+10
0.02604,0.03958,3.5364e+0,0.0000e+0,0.0000e+0
0.02813,0.03958,3.4778e+0,0.0000e+0,0.0000e+0
0.03021,0.03958,3.4214e+0,0.0000e+0,0.0000e+0
0.03229,0.03958,3.3660e+0,0.0000e+0,0.0000e+0
0.03438,0.03958,3.3091e+0,0.0000e+0,0.0000e+0
0.03646,0.03958,3.2495e+0,0.0000e+0,0.0000e+0
0.03854,0.03958,3.1864e+0,2.9562e+11,0.0000e+0
0.04063,0.03958,3.1353e+0,2.6901e+11,1.3556e+11
0.04271,0.03958,3.0844e+0,0.0000e+0,1.9777e+11
0.04479,0.03958,3.0152e+0,4.5365e+10,2.7211e+11
0.04688,0.03958,2.9285e+0,6.2452e+11,3.9470e+11
0.04896,0.03958,2.8647e+0,5.9180e+10,2.7153e+11
0.05104,0.03958,2.7906e+0,0.0000e+0,9.3527e+9
0.05312,0.03958,2.7186e+0,0.0000e+0,1.6995e+11
0.05521,0.03958,2.6352e+0,2.1078e+11,1.6984e+11
0.05729,0.03958,2.5551e+0,2.9478e+11,1.2870e+11
0.05937,0.03958,2.4836e+0,0.0000e+0,3.0247e+11
0.06146,0.03958,2.3922e+0,0.0000e+0,5.0988e+10
0.06354,0.03958,2.3023e+0,0.0000e+0,6.0899e+10
0.06563,0.03958,2.2134e+0,0.0000e+0,1.7161e+11
0.06771,0.03958,2.1161e+0,0.0000e+0,9.7820e+9
0.06979,0.03958,2.0184e+0,0.0000e+0,1.8357e+10
0.07187,0.03958,1.9167e+0,0.0000e+0,2.3631e+11
0.07396,0.03958,1.7990e+0,0.0000e+0,8.6205e+10
0.07604,0.03958,1.6775e+0,0.0000e+0,9.7374e+9
0.07813,0.03958,1.5551e+0,0.0000e+0,2.9370e+10
0.08021,0.03958,1.4317e+0,0.0000e+0,3.2187e+11
0.08229,0.03958,1.2884e+0,0.0000e+0,8.3775e+10
0.08438,0.03958,1.1417e+0,0.0000e+0,6.4841e+10
0.08646,0.03958,9.9014e-1,0.0000e+0,9.4382e+9
0.08854,0.03958,8.3586e-1,0.0000e+0,6.4615e+8
0.09062,0.03958,6.7992e-1,0.0000e+0,0.0000e+0
0.09271,0.03958,5.2440e-1,0.0000e+0,0.0000e+0
0.09479,0.03958,3.7093e-1,0.0000e+0,0.0000e+0
0.09688,0.03958,2.2017e-1,0.0000e+0,0.0000e+0
0.09896,0.03958,7.2383e-2,0.0000e+0,0.0000e+0
0.00104,0.04375,4.1396e+0,0.0000e+0,0.0000e+0
0.00313,0.04375,4.1443e+0,0.0000e+0,0.0000e+0
0.00521,0.04375,4.1543e+0,0.0000e+0,0.0000e+0
0.00729,0.04375,4.1723e+0,0.0000e+0,0.0000e+0
0.00937,0.04375,4.2029e+0,0.0000e+0,7.4557e+11
0.01146,0.04375,4.2039e+0,0.0000e+0,1.1010e+12
0.01354,0.04375,4.1583e+0,0.0000e+0,0.0000e+0
0.01563,0.04375,4.1384e+0,0.0000e+0,0.0000e+0
0.01771,0.04375,4.1366e+0,0.0000e+0,1.6502e+11
0.01979,0.04375,4.1394e+0,0.0000e+0,2.4918e+11
0.02187,0.04375,4.1447e+0,0.0000e+0,1.2043e+12
0.02396,0.04375,4.0943e+0,0.0000e+0,1.0712e+12
0.02604,0.04375,3.9971e+0,0.0000e+0,0.0000e+0
0.02813,0.04375,3.9222e+0,0.0000e+0,0.0000e+0
0.03021,0.04375,3.8591e+0,0.0000e+0,0.0000e+0
0.03229,0.04375,3.8073e+0,0.0000e+0,2.9719e+11
0.03438,0.04375,3.7482e+0,0.0000e+0,2.5629e+11
0.03646,0.04375,3.6840e+0,0.0000e+0,0.0000e+0
0.03854,0.04375,3.6334e+0,9.6207e+8,3.1453e+11
0.04063,0.04375,3.5782e+0,8.7547e+8,3.7677e+11
0.04271,0.04375,3.5137e+0,0.0000e+0,6.6540e+11
0.04479,0.04375,3.4185e+0,3.1666e+10,3.9471e+11
0.04688,0.04375,3.3113e+0,2.5231e+11,1.8942e+11
0.04896,0.04375,3.2225e+0,3.9930e+11,1.2910e+11
0.05104,0.04375,3.1603e+0,0.0000e+0,4.0916e+11
0.05312,0.04375,3.0849e+0,0.0000e+0,5.0468e+11
0.05521,0.04375,2.9954e+0,7.9481e+10,3.2704e+11
0.05729,0.04375,2.9142e+0,2.0730e+11,7.9577e+11
0.05937,0.04375,2.8200e+0,0.0000e+0,6.4329e+11
0.06146,0.04375,2.7072e+0,2.0366e+10,1.7339e+11
0.06354,0.04375,2.6065e+0,2.3760e+11,4.3501e+11
0.06563,0.04375,2.5142e+0,3.0549e+10,2.7279e+11
0.06771,0.04375,2.4267e+0,0.0000e+0,3.8781e+11
0.06979,0.04375,2.3334e+0,0.0000e+0,7.4677e+11
0.07187,0.04375,2.2067e+0,0.0000e+0,4.2556e+11
0.07396,0.04375,2.0710e+0,0.0000e+0,1.2498e+11
0.07604,0.04375,1.9472e+0,0.0000e+0,4.8995e+11
0.07813,0.04375,1.8060e+0,0.0000e+0,2.5722e+11
0.08021,0.04375,1.6587e+0,0.0000e+0,3.0495e+11
0.08229,0.04375,1.5012e+0,0.0000e+0,1.6316e+11
0.08438,0.04375,1.3434e+0,0.0000e+0,3.2336e+11
0.08646,0.04375,1.1745e+0,0.0000e+0,3.7410e+11
0.08854,0.04375,9.9217e-1,0.0000e+0,2.7032e+11
0.09062,0.04375,8.0088e-1,0.0000e+0,7.4304e+10
0.09271,0.04375,6.1219e-1,0.0000e+0,0.0000e+0
0.09479,0.04375,4.3053e-1,0.0000e+0,0.0000e+0
0.09688,0.04375,2.5467e-1,0.0000e+0,0.0000e+0
0.09896,0.04375,8.3594e-2,0.0000e+0,0.0000e+0
0.00104,0.04792,4.5258e+0,0.0000e+0,0.0000e+0
0.00313,0.04792,4.5290e+0,0.0000e+0,0.0000e+0
0.00521,0.04792,4.5353e+0,0.0000e+0,0.0000e+0
0.00729,0.04792,4.5438e+0,0.0000e+0,0.0000e+0
0.00937,0.04792,4.5518e+0,0.0000e+0,1.0610e+11
0.01146,0.04792,4.5460e+0,0.0000e+0,1.5667e+11
0.01354,0.04792,4.5247e+0,0.0000e+0,0.0000e+0
0.01563,0.04792,4.5099e+0,0.0000e+0,0.0000e+0
0.01771,0.04792,4.5027e+0,0.0000e+0,0.0000e+0
0.01979,0.04792,4.5015e+0,0.0000e+0,1.5539e+11
0.02187,0.04792,4.4937e+0,0.0000e+0,3.4139e+11
0.02396,0.04792,4.4681e+0,0.0000e+0,8.7229e+11
0.02604,0.04792,4.3960e+0,0.0000e+0,1.1452e+11
0.02813,0.04792,4.3395e+0,0.0000e+0,5.4930e+11
0.03021,0.04792,4.2673e+0,0.0000e+0,1.8937e+11
0.03229,0.04792,4.1994e+0,0.0000e+0,6.4392e+10
0.03438,0.04792,4.1416e+0,0.0000e+0,2.8901e+11
0.03646,0.04792,4.0770e+0,0.0000e+0,1.0844e+11
0.03854,0.04792,4.0203e+0,0.0000e+0,2.8420e+11
0.04063,0.04792,3.9598e+0,0.0000e+0,5.3950e+11
0.04271,0.04792,3.8730e+0,0.0000e+0,3.0881e+11
0.04479,0.04792,3.7686e+0,0.0000e+0,6.9423e+9
0.04688,0.04792,3.6711e+0,5.1036e+8,1.8333e+11
0.04896,0.04792,3.5724e+0,3.3198e+9,2.9116e+11
0.05104,0.04792,3.4649e+0,0.0000e+0,3.3890e+10
0.05312,0.04792,3.3624e+0,0.0000e+0,9.4417e+10
0.05521,0.04792,3.2589e+0,0.0000e+0,9.5101e+10
0.05729,0.04792,3.1550e+0,0.0000e+0,1.4712e+11
0.05937,0.04792,3.0449e+0,0.0000e+0,0.0000e+0
0.06146,0.04792,2.9386e+0,1.7612e+10,2.2869e+11
0.06354,0.04792,2.8238e+0,3.1919e+11,9.6913e+10
0.06563,0.04792,2.7311e+0,7.7281e+10,0.0000e+0
0.06771,0.04792,2.6502e+0,0.0000e+0,2.7856e+11
0.06979,0.04792,2.5606e+0,0.0000e+0,9.9089e+11
0.07187,0.04792,2.4141e+0,2.5964e+10,1.1472e+11
0.07396,0.04792,2.2710e+0,2.2339e+11,1.0469e+11
0.07604,0.04792,2.1472e+0,1.3957e+11,4.1790e+11
0.07813,0.04792,2.0154e+0,0.0000e+0,6.9899e+11
0.08021,0.04792,1.8468e+0,0.0000e+0,1.5972e+11
0.08229,0.04792,1.6800e+0,5.0203e+10,3.7360e+11
0.08438,0.04792,1.5044e+0,1.4891e+11,6.0420e+11
0.08646,0.04792,1.3116e+0,0.0000e+0,2.2254e+11
0.08854,0.04792,1.1172e+0,1.3528e+11,5.9662e+11
0.09062,0.04792,9.0555e-1,2.6376e+10,3.0754e+11
0.09271,0.04792,6.8845e-1,0.0000e+0,0.0000e+0
0.09479,0.04792,4.8266e-1,0.0000e+0,0.0000e+0
0.09688,0.04792,2.8503e-1,0.0000e+0,0.0000e+0
0.09896,0.04792,9.3490e-2,0.0000e+0,0.0000e+0
0.00104,0.05208,4.8849e+0,0.0000e+0,0.0000e+0
0.00313,0.05208,4.8887e+0,0.0000e+0,0.0000e+0
0.00521,0.05208,4.8961e+0,0.0000e+0,0.0000e+0
0.00729,0.05208,4.9072e+0,0.0000e+0,0.0000e+0
0.00937,0.05208,4.9221e+0,0.0000e+0,4.6023e+11
0.01146,0.05208,4.9104e+0,0.0000e+0,4.6053e+11
0.01354,0.05208,4.8767e+0,0.0000e+0,0.0000e+0
0.01563,0.05208,4.8564e+0,0.0000e+0,0.0000e+0
0.01771,0.05208,4.8463e+0,0.0000e+0,9.6647e+9
0.01979,0.05208,4.8425e+0,0.0000e+0,4.7141e+11
0.02187,0.05208,4.8137e+0,0.0000e+0,3.4847e+11
0.02396,0.05208,4.7705e+0,0.0000e+0,2.0716e+11
0.02604,0.05208,4.7170e+0,0.0000e+0,8.1901e+10
0.02813,0.05208,4.6662e+0,0.0000e+0,1.1644e+11
0.03021,0.05208,4.6183e+0,0.0000e+0,5.8295e+11
0.03229,0.05208,4.5467e+0,0.0000e+0,1.7658e+11
0.03438,0.05208,4.4869e+0,0.0000e+0,5.2587e+11
0.03646,0.05208,4.4181e+0,0.0000e+0,4.0412e+11
0.03854,0.05208,4.3462e+0,0.0000e+0,3.0946e+10
0.04063,0.05208,4.2922e+0,0.0000e+0,4.6472e+11
0.04271,0.05208,4.2236e+0,1.1322e+10,9.1361e+11
0.04479,0.05208,4.1083e+0,1.1772e+10,2.7518e+11
0.04688,0.05208,3.9952e+0,0.0000e+0,1.1891e+11
0.04896,0.05208,3.8837e+0,1.5795e+11,3.8319e+11
0.05104,0.05208,3.7556e+0,5.0518e+10,1.8127e+10
0.05312,0.05208,3.6310e+0,0.0000e+0,0.0000e+0
0.05521,0.05208,3.5093e+0,0.0000e+0,0.0000e+0
0.05729,0.05208,3.3895e+0,0.0000e+0,0.0000e+0
0.05937,0.05208,3.2704e+0,0.0000e+0,0.0000e+0
0.06146,0.05208,3.1520e+0,1.6489e+11,5.8141e+10
0.06354,0.05208,3.0414e+0,6.3919e+10,1.7304e+10
0.06563,0.05208,2.9365e+0,0.0000e+0,4.6368e+10
0.06771,0.05208,2.8315e+0,0.0000e+0,1.3219e+11
0.06979,0.05208,2.7188e+0,0.0000e+0,1.7926e+11
0.07187,0.05208,2.5922e+0,2.0838e+10,3.0500e+11
0.07396,0.05208,2.4470e+0,1.4287e+11,1.0233e+11
0.07604,0.05208,2.3104e+0,4.8983e+10,2.1019e+11
0.07813,0.05208,2.1686e+0,0.0000e+0,5.2859e+11
0.08021,0.05208,1.9949e+0,0.0000e+0,3.5232e+11
0.08229,0.05208,1.8072e+0,1.7139e+10,3.0257e+11
0.08438,0.05208,1.6114e+0,5.0836e+10,3.4350e+11
0.08646,0.05208,1.4036e+0,0.0000e+0,2.8510e+11
0.08854,0.05208,1.1841e+0,7.5575e+10,1.6587e+11
0.09062,0.05208,9.6413e-1,1.4735e+10,1.8706e+11
0.09271,0.05208,7.3842e-1,0.0000e+0,0.0000e+0
0.09479,0.05208,5.1992e-1,0.0000e+0,0.0000e+0
0.09688,0.05208,3.0775e-1,0.0000e+0,0.0000e+0
0.09896,0.05208,1.0104e-1,0.0000e+0,0.0000e+0
0.00104,0.05625,5.2143e+0,0.0000e+0,0.0000e+0
0.00313,0.05625,5.2190e+0,0.0000e+0,0.0000e+0
0.00521,0.05625,5.2280e+0,0.0000e+0,0.0000e+0
0.00729,0.05625,5.2400e+0,0.0000e+0,0.0000e+0
0.00937,0.05625,5.2529e+0,0.0000e+0,6.1434e+11
0.01146,0.05625,5.2342e+0,0.0000e+0,6.1474e+11
0.01354,0.05625,5.1922e+0,0.0000e+0,0.0000e+0
0.01563,0.05625,5.1699e+0,0.0000e+0,0.0000e+0
0.01771,0.05625,5.1656e+0,0.0000e+0,5.7138e+11
0.01979,0.05625,5.1420e+0,0.0000e+0,6.0148e+11
0.02187,0.05625,5.0958e+0,0.0000e+0,0.0000e+0
0.02396,0.05625,5.0657e+0,0.0000e+0,4.4570e+11
0.02604,0.05625,5.0182e+0,1.3723e+11,4.8665e+11
0.02813,0.05625,4.9594e+0,1.9295e+11,2.8419e+11
0.03021,0.05625,4.8979e+0,0.0000e+0,4.7718e+11
0.03229,0.05625,4.8082e+0,5.6807e+10,7.8913e+10
0.03438,0.05625,4.7181e+0,4.4993e+11,0.0000e+0
0.03646,0.05625,4.6613e+0,0.0000e+0,0.0000e+0
0.03854,0.05625,4.6041e+0,0.0000e+0,0.0000e+0
0.04063,0.05625,4.5497e+0,0.0000e+0,5.3547e+10
0.04271,0.05625,4.4981e+0,2.3951e+11,1.3249e+12
0.04479,0.05625,4.3806e+0,3.6366e+11,9.1691e+10
0.04688,0.05625,4.2949e+0,3.0450e+11,6.0972e+11
0.04896,0.05625,4.2090e+0,1.8509e+11,1.4732e+12
0.05104,0.05625,4.0607e+0,5.9200e+10,4.7158e+11
0.05312,0.05625,3.9070e+0,0.0000e+0,0.0000e+0
0.05521,0.05625,3.7706e+0,8.7625e+9,6.7329e+10
0.05729,0.05625,3.6386e+0,8.9729e+10,1.4274e+11
0.05937,0.05625,3.5100e+0,0.0000e+0,4.3873e+10
0.06146,0.05625,3.3824e+0,9.5434e+10,5.0495e+10
0.06354,0.05625,3.2622e+0,2.3864e+11,2.8144e+11
0.06563,0.05625,3.1407e+0,4.6593e+10,2.0715e+11
0.06771,0.05625,3.0159e+0,3.0939e+10,1.3177e+11
0.06979,0.05625,2.8901e+0,0.0000e+0,3.4005e+10
0.07187,0.05625,2.7674e+0,0.0000e+0,4.8164e+11
0.07396,0.05625,2.6182e+0,1.3223e+11,3.6875e+11
0.07604,0.05625,2.4601e+0,3.5550e+10,1.5149e+11
0.07813,0.05625,2.2999e+0,0.0000e+0,5.2273e+11
0.08021,0.05625,2.1071e+0,0.0000e+0,2.7132e+11
0.08229,0.05625,1.8960e+0,2.0080e+11,4.8105e+10
0.08438,0.05625,1.6951e+0,3.8584e+10,3.2215e+11
0.08646,0.05625,1.4739e+0,6.4089e+10,1.6906e+11
0.08854,0.05625,1.2449e+0,0.0000e+0,6.7213e+10
0.09062,0.05625,1.0127e+0,0.0000e+0,5.0560e+10
0.09271,0.05625,7.7955e-1,0.0000e+0,0.0000e+0
0.09479,0.05625,5.5072e-1,0.0000e+0,0.0000e+0
0.09688,0.05625,3.2665e-1,0.0000e+0,0.0000e+0
0.09896,0.05625,1.0735e-1,0.0000e+0,0.0000e+0
0.00104,0.06042,5.5067e+0,0.0000e+0,0.0000e+0
0.00313,0.06042,5.5144e+0,0.0000e+0,0.0000e+0
0.00521,0.06042,5.5301e+0,0.0000e+0,0.0000e+0
0.00729,0.06042,5.5549e+0,0.0000e+0,1.0243e+12
0.00937,0.06042,5.5197e+0,0.0000e+0,2.5172e+11
0.01146,0.06042,5.4807e+0,0.0000e+0,0.0000e+0
0.01354,0.06042,5.4488e+0,0.0000e+0,0.0000e+0
0.01563,0.06042,5.4190e+0,0.0000e+0,0.0000e+0
0.01771,0.06042,5.3888e+0,0.0000e+0,0.0000e+0
0.01979,0.06042,5.3578e+0,0.0000e+0,0.0000e+0
0.02187,0.06042,5.3281e+0,0.0000e+0,1.5207e+10
0.02396,0.06042,5.3040e+0,0.0000e+0,2.1063e+11
0.02604,0.06042,5.2719e+0,2.0423e+11,3.8243e+11
0.02813,0.06042,5.2449e+0,2.8714e+11,1.4812e+12
0.03021,0.06042,5.1610e+0,0.0000e+0,3.9618e+11
0.03229,0.06042,5.0751e+0,1.6727e+10,4.7128e+11
0.03438,0.06042,4.9809e+0,1.3248e+11,0.0000e+0
0.03646,0.06042,4.9186e+0,0.0000e+0,6.8005e+10
0.03854,0.06042,4.8635e+0,0.0000e+0,3.6001e+11
0.04063,0.06042,4.7896e+0,0.0000e+0,2.0600e+11
0.04271,0.06042,4.7098e+0,0.0000e+0,2.0964e+11
0.04479,0.06042,4.6220e+0,1.7644e+10,4.4402e+11
0.04688,0.06042,4.5177e+0,6.8582e+10,4.1917e+11
0.04896,0.06042,4.4053e+0,1.6593e+11,5.8440e+11
0.05104,0.06042,4.2811e+0,2.2733e+10,5.8961e+11
0.05312,0.06042,4.1370e+0,0.0000e+0,0.0000e+0
0.05521,0.06042,4.0136e+0,2.6127e+10,3.2826e+11
0.05729,0.06042,3.8834e+0,2.7570e+11,5.2513e+11
0.05937,0.06042,3.7495e+0,9.0423e+10,1.5888e+11
0.06146,0.06042,3.6184e+0,1.4296e+8,5.5823e+10
0.06354,0.06042,3.4837e+0,2.2388e+11,3.6537e+11
0.06563,0.06042,3.3336e+0,4.6785e+11,2.3800e+11
0.06771,0.06042,3.1905e+0,2.5460e+11,4.1116e+10
0.06979,0.06042,3.0532e+0,2.8063e+11,2.2591e+11
0.07187,0.06042,2.9133e+0,1.3621e+11,1.6327e+11
0.07396,0.06042,2.7707e+0,1.0500e+11,5.6360e+11
0.07604,0.06042,2.5983e+0,2.8230e+10,2.1783e+11
0.07813,0.06042,2.4169e+0,0.0000e+0,1.6351e+11
0.08021,0.06042,2.2279e+0,0.0000e+0,4.1627e+11
0.08229,0.06042,2.0168e+0,5.1750e+10,4.1118e+11
0.08438,0.06042,1.7900e+0,5.0232e+10,1.3402e+11
0.08646,0.06042,1.5636e+0,1.2691e+11,4.6899e+11
0.08854,0.06042,1.3190e+0,0.0000e+0,1.1272e+11
0.09062,0.06042,1.0705e+0,0.0000e+0,8.7788e+9
0.09271,0.06042,8.2424e-1,0.0000e+0,0.0000e+0
0.09479,0.06042,5.8242e-1,0.0000e+0,0.0000e+0
0.09688,0.06042,3.4552e-1,0.0000e+0,0.0000e+0
0.09896,0.06042,1.1356e-1,0.0000e+0,0.0000e+0
0.00104,0.06458,5.7376e+0,0.0000e+0,0.0000e+0
0.00313,0.06458,5.7456e+0,0.0000e+0,0.0000e+0
0.00521,0.06458,5.7635e+0,0.0000e+0,0.0000e+0
0.00729,0.06458,5.7946e+0,0.0000e+0,1.3096e+12
0.00937,0.06458,5.7560e+0,0.0000e+0,3.2184e+11
0.01146,0.06458,5.7240e+0,0.0000e+0,0.0000e+0
0.01354,0.06458,5.7159e+0,0.0000e+0,6.3691e+11
0.01563,0.06458,5.6861e+0,0.0000e+0,6.7240e+11
0.01771,0.06458,5.6295e+0,0.0000e+0,0.0000e+0
0.01979,0.06458,5.5811e+0,0.0000e+0,0.0000e+0
0.02187,0.06458,5.5430e+0,0.0000e+0,4.8107e+10
0.02396,0.06458,5.5181e+0,0.0000e+0,6.6631e+11
0.02604,0.06458,5.4674e+0,4.6946e+10,5.6097e+11
0.02813,0.06458,5.3991e+0,2.8399e+11,4.0984e+11
0.03021,0.06458,5.3314e+0,0.0000e+0,3.3936e+11
0.03229,0.06458,5.2521e+0,0.0000e+0,0.0000e+0
0.03438,0.06458,5.1862e+0,0.0000e+0,0.0000e+0
0.03646,0.06458,5.1389e+0,2.7146e+11,4.7431e+11
0.03854,0.06458,5.0992e+0,5.6494e+10,1.1860e+12
0.04063,0.06458,5.0038e+0,0.0000e+0,3.6559e+11
0.04271,0.06458,4.9037e+0,0.0000e+0,1.1717e+11
0.04479,0.06458,4.8137e+0,0.0000e+0,8.3278e+11
0.04688,0.06458,4.6807e+0,8.6634e+10,3.0912e+11
0.04896,0.06458,4.5378e+0,5.5391e+11,1.7638e+11
0.05104,0.06458,4.4241e+0,6.4826e+10,1.3012e+11
0.05312,0.06458,4.3046e+0,1.5077e+11,0.0000e+0
0.05521,0.06458,4.2005e+0,9.9403e+10,3.3202e+11
0.05729,0.06458,4.0878e+0,2.3136e+10,3.2469e+11
0.05937,0.06458,3.9689e+0,2.5656e+11,2.5613e+11
0.06146,0.06458,3.8689e+0,0.0000e+0,8.2887e+11
0.06354,0.06458,3.7321e+0,5.4082e+10,4.0483e+11
0.06563,0.06458,3.5902e+0,1.8513e+11,8.2674e+11
0.06771,0.06458,3.4232e+0,5.9845e+10,2.7101e+11
0.06979,0.06458,3.2564e+0,6.0897e+10,3.7692e+11
0.07187,0.06458,3.0787e+0,1.6853e+11,8.3822e+10
0.07396,0.06458,2.9149e+0,2.8602e+10,3.5239e+11
0.07604,0.06458,2.7309e+0,3.3465e+9,2.5043e+11
0.07813,0.06458,2.5332e+0,9.7550e+10,2.4973e+11
0.08021,0.06458,2.3268e+0,0.0000e+0,6.3398e+10
0.08229,0.06458,2.1083e+0,0.0000e+0,9.2539e+10
0.08438,0.06458,1.8786e+0,0.0000e+0,1.0479e+11
0.08646,0.06458,1.6421e+0,2.6239e+10,1.8379e+11
0.08854,0.06458,1.3966e+0,5.0869e+10,3.0136e+11
0.09062,0.06458,1.1392e+0,0.0000e+0,2.5194e+11
0.09271,0.06458,8.7318e-1,0.0000e+0,0.0000e+0
0.09479,0.06458,6.1552e-1,0.0000e+0,0.0000e+0
0.09688,0.06458,3.6469e-1,0.0000e+0,0.0000e+0
0.09896,0.06458,1.1981e-1,0.0000e+0,0.0000e+0
0.00104,0.06875,5.9034e+0,0.0000e+0,0.0000e+0
0.00313,0.06875,5.9049e+0,0.0000e+0,0.0000e+0
0.00521,0.06875,5.9062e+0,0.0000e+0,0.0000e+0
0.00729,0.06875,5.9052e+0,0.0000e+0,0.0000e+0
0.00937,0.06875,5.8963e+0,0.0000e+0,0.0000e+0
0.01146,0.06875,5.8868e+0,0.0000e+0,0.0000e+0
0.01354,0.06875,5.8812e+0,0.0000e+0,1.0866e+11
0.01563,0.06875,5.8718e+0,0.0000e+0,1.1471e+11
0.01771,0.06875,5.8617e+0,0.0000e+0,1.2659e+12
0.01979,0.06875,5.7816e+0,0.0000e+0,3.2743e+11
0.02187,0.06875,5.7017e+0,0.0000e+0,0.0000e+0
0.02396,0.06875,5.6398e+0,0.0000e+0,0.0000e+0
0.02604,0.06875,5.5884e+0,6.7210e+10,4.5187e+11
0.02813,0.06875,5.5232e+0,4.0657e+11,5.1437e+11
0.03021,0.06875,5.4617e+0,0.0000e+0,1.6723e+11
0.03229,0.06875,5.3940e+0,0.0000e+0,0.0000e+0
0.03438,0.06875,5.3307e+0,0.0000e+0,0.0000e+0
0.03646,0.06875,5.2683e+0,2.3203e+11,1.4309e+11
0.03854,0.06875,5.2129e+0,4.8287e+10,1.7839e+11
0.04063,0.06875,5.1419e+0,0.0000e+0,4.5986e+11
0.04271,0.06875,5.0392e+0,0.0000e+0,2.0805e+10
0.04479,0.06875,4.9361e+0,0.0000e+0,5.4300e+10
0.04688,0.06875,4.8265e+0,0.0000e+0,1.6618e+11
0.04896,0.06875,4.7095e+0,0.0000e+0,1.6180e+11
0.05104,0.06875,4.5886e+0,4.5151e+10,6.1992e+10
0.05312,0.06875,4.4666e+0,2.5809e+11,0.0000e+0
0.05521,0.06875,4.3627e+0,9.9590e+10,3.3373e+11
0.05729,0.06875,4.2437e+0,2.0610e+11,2.2584e+11
0.05937,0.06875,4.1278e+0,1.7241e+11,6.3598e+10
0.06146,0.06875,4.0228e+0,0.0000e+0,2.2224e+11
0.06354,0.06875,3.9087e+0,0.0000e+0,5.4053e+11
0.06563,0.06875,3.7695e+0,0.0000e+0,5.1887e+11
0.06771,0.06875,3.6088e+0,0.0000e+0,5.0449e+11
0.06979,0.06875,3.4266e+0,3.3473e+10,2.1792e+11
0.07187,0.06875,3.2422e+0,1.7809e+11,4.1329e+11
0.07396,0.06875,3.0527e+0,1.9631e+10,1.4764e+11
0.07604,0.06875,2.8605e+0,6.1696e+9,2.7768e+11
0.07813,0.06875,2.6559e+0,3.1313e+11,1.2933e+11
0.08021,0.06875,2.4767e+0,9.8408e+10,1.1360e+12
0.08229,0.06875,2.2382e+0,0.0000e+0,4.1783e+11
0.08438,0.06875,1.9844e+0,0.0000e+0,1.7394e+11
0.08646,0.06875,1.7302e+0,6.0525e+10,3.4171e+11
0.08854,0.06875,1.4652e+0,1.1734e+11,3.8033e+11
0.09062,0.06875,1.1875e+0,0.0000e+0,5.1121e+10
0.09271,0.06875,9.1221e-1,0.0000e+0,0.0000e+0
0.09479,0.06875,6.4361e-1,0.0000e+0,0.0000e+0
0.09688,0.06875,3.8147e-1,0.0000e+0,0.0000e+0
0.09896,0.06875,1.2533e-1,0.0000e+0,0.0000e+0
0.00104,0.07292,6.0614e+0,0.0000e+0,0.0000e+0
0.00313,0.07292,6.0602e+0,0.0000e+0,0.0000e+0
0.00521,0.07292,6.0576e+0,0.0000e+0,0.0000e+0
0.00729,0.07292,6.0531e+0,0.0000e+0,0.0000e+0
0.00937,0.07292,6.0462e+0,0.0000e+0,0.0000e+0
0.01146,0.07292,6.0385e+0,0.0000e+0,0.0000e+0
0.01354,0.07292,6.0319e+0,0.0000e+0,0.0000e+0
0.01563,0.07292,6.0293e+0,0.0000e+0,5.4698e+11
0.01771,0.07292,5.9977e+0,0.0000e+0,9.2083e+11
0.01979,0.07292,5.9125e+0,3.1591e+9,3.8859e+11
0.02187,0.07292,5.8154e+0,1.2711e+11,0.0000e+0
0.02396,0.07292,5.7389e+0,0.0000e+0,0.0000e+0
0.02604,0.07292,5.6628e+0,7.1017e+11,0.0000e+0
0.02813,0.07292,5.6269e+0,4.6403e+10,0.0000e+0
0.03021,0.07292,5.5825e+0,0.0000e+0,0.0000e+0
0.03229,0.07292,5.5349e+0,0.0000e+0,1.9056e+10
0.03438,0.07292,5.4875e+0,0.0000e+0,2.7334e+11
0.03646,0.07292,5.4239e+0,0.0000e+0,7.7092e+9
0.03854,0.07292,5.3611e+0,0.0000e+0,2.0439e+11
0.04063,0.07292,5.2794e+0,0.0000e+0,5.9767e+9
0.04271,0.07292,5.1901e+0,0.0000e+0,1.2665e+11
0.04479,0.07292,5.0874e+0,1.7347e+11,4.0171e+11
0.04688,0.07292,4.9695e+0,3.0777e+11,1.4714e+11
0.04896,0.07292,4.8664e+0,2.3104e+11,1.8563e+11
0.05104,0.07292,4.7652e+0,4.9037e+10,1.0248e+11
0.05312,0.07292,4.6625e+0,1.7236e+11,6.2751e+11
0.05521,0.07292,4.5359e+0,2.3049e+11,2.9446e+11
0.05729,0.07292,4.4089e+0,2.0814e+11,2.0035e+11
0.05937,0.07292,4.2826e+0,1.5317e+11,1.2536e+11
0.06146,0.07292,4.1587e+0,3.7323e+10,4.6545e+10
0.06354,0.07292,4.0322e+0,1.5023e+11,2.2767e+11
0.06563,0.07292,3.8909e+0,0.0000e+0,1.5899e+10
0.06771,0.07292,3.7428e+0,0.0000e+0,3.1723e+11
0.06979,0.07292,3.5675e+0,6.6826e+10,2.3078e+11
0.07187,0.07292,3.3784e+0,2.6460e+11,4.2123e+11
0.07396,0.07292,3.1788e+0,3.9274e+11,4.7831e+11
0.07604,0.07292,2.9744e+0,0.0000e+0,1.1693e+11
0.07813,0.07292,2.7621e+0,2.9767e+10,0.0000e+0
0.08021,0.07292,2.5568e+0,2.1977e+10,4.5095e+11
0.08229,0.07292,2.3228e+0,0.0000e+0,4.3666e+11
0.08438,0.07292,2.0623e+0,0.0000e+0,8.8441e+10
0.08646,0.07292,1.7995e+0,0.0000e+0,2.0390e+11
0.08854,0.07292,1.5276e+0,0.0000e+0,3.7368e+11
0.09062,0.07292,1.2360e+0,0.0000e+0,5.4624e+10
0.09271,0.07292,9.4876e-1,0.0000e+0,0.0000e+0
0.09479,0.07292,6.6915e-1,0.0000e+0,0.0000e+0
0.09688,0.07292,3.9654e-1,0.0000e+0,0.0000e+0
0.09896,0.07292,1.3027e-1,0.0000e+0,0.0000e+0
0.00104,0.07708,6.2270e+0,0.0000e+0,0.0000e+0
0.00313,0.07708,6.2253e+0,0.0000e+0,0.0000e+0
0.00521,0.07708,6.2218e+0,0.0000e+0,0.0000e+0
0.00729,0.07708,6.2157e+0,0.0000e+0,0.0000e+0
0.00937,0.07708,6.2062e+0,0.0000e+0,0.0000e+0
0.01146,0.07708,6.1916e+0,0.0000e+0,0.0000e+0
0.01354,0.07708,6.1700e+0,0.0000e+0,0.0000e+0
0.01563,0.07708,6.1404e+0,0.0000e+0,1.8863e+11
0.01771,0.07708,6.0864e+0,0.0000e+0,1.5785e+11
0.01979,0.07708,6.0073e+0,2.1726e+10,0.0000e+0
0.02187,0.07708,5.9153e+0,8.7414e+11,0.0000e+0
0.02396,0.07708,5.8725e+0,0.0000e+0,0.0000e+0
0.02604,0.07708,5.8220e+0,9.3105e+10,0.0000e+0
0.02813,0.07708,5.7766e+0,6.0836e+9,0.0000e+0
0.03021,0.07708,5.7286e+0,0.0000e+0,0.0000e+0
0.03229,0.07708,5.6815e+0,0.0000e+0,2.3571e+10
0.03438,0.07708,5.6369e+0,1.7618e+11,3.5159e+11
0.03646,0.07708,5.5880e+0,4.0113e+11,4.8825e+11
0.03854,0.07708,5.5361e+0,0.0000e+0,3.9691e+11
0.04063,0.07708,5.4636e+0,0.0000e+0,3.4075e+11
0.04271,0.07708,5.3738e+0,0.0000e+0,5.1208e+11
0.04479,0.07708,5.2527e+0,1.4056e+11,3.5125e+11
0.04688,0.07708,5.1285e+0,5.6436e+11,1.5952e+11
0.04896,0.07708,5.0353e+0,1.6652e+10,1.6019e+11
0.05104,0.07708,4.9412e+0,0.0000e+0,3.0437e+11
0.05312,0.07708,4.8395e+0,0.0000e+0,4.9502e+11
0.05521,0.07708,4.7172e+0,5.5790e+9,3.8393e+11
0.05729,0.07708,4.5833e+0,4.0077e+11,6.0930e+11
0.05937,0.07708,4.4505e+0,1.0497e+11,2.5705e+11
0.06146,0.07708,4.3244e+0,3.3273e+10,2.6897e+11
0.06354,0.07708,4.2021e+0,1.3393e+11,8.5996e+11
0.06563,0.07708,4.0527e+0,0.0000e+0,3.5126e+11
0.06771,0.07708,3.9057e+0,0.0000e+0,7.8738e+11
0.06979,0.07708,3.7315e+0,0.0000e+0,7.8130e+11
0.07187,0.07708,3.5313e+0,1.0770e+11,5.9096e+11
0.07396,0.07708,3.3244e+0,4.4852e+11,9.2866e+11
0.07604,0.07708,3.1061e+0,1.5756e+11,6.6376e+11
0.07813,0.07708,2.8733e+0,0.0000e+0,2.1459e+11
0.08021,0.07708,2.6389e+0,0.0000e+0,1.3957e+11
0.08229,0.07708,2.4017e+0,0.0000e+0,3.9153e+11
0.08438,0.07708,2.1472e+0,0.0000e+0,5.6565e+11
0.08646,0.07708,1.8668e+0,0.0000e+0,2.7967e+11
0.08854,0.07708,1.5780e+0,0.0000e+0,2.5218e+11
0.09062,0.07708,1.2767e+0,0.0000e+0,2.8579e+10
0.09271,0.07708,9.8004e-1,0.0000e+0,0.0000e+0
0.09479,0.07708,6.9103e-1,0.0000e+0,0.0000e+0
0.09688,0.07708,4.0939e-1,0.0000e+0,0.0000e+0
0.09896,0.07708,1.3448e-1,0.0000e+0,0.0000e+0
0.00104,0.08125,6.4048e+0,0.0000e+0,0.0000e+0
0.00313,0.08125,6.4045e+0,0.0000e+0,0.0000e+0
0.00521,0.08125,6.4039e+0,0.0000e+0,0.0000e+0
0.00729,0.08125,6.4023e+0,0.0000e+0,0.0000e+0
0.00937,0.08125,6.3977e+0,0.0000e+0,0.0000e+0
0.01146,0.08125,6.3856e+0,0.0000e+0,0.0000e+0
0.01354,0.08125,6.3555e+0,0.0000e+0,0.0000e+0
0.01563,0.08125,6.3121e+0,0.0000e+0,2.7624e+9
0.01771,0.08125,6.2565e+0,0.0000e+0,3.0768e+9
0.01979,0.08125,6.1899e+0,0.0000e+0,0.0000e+0
0.02187,0.08125,6.1210e+0,0.0000e+0,0.0000e+0
0.02396,0.08125,6.0613e+0,0.0000e+0,0.0000e+0
0.02604,0.08125,6.0096e+0,0.0000e+0,2.3108e+11
0.02813,0.08125,5.9506e+0,8.9529e+10,2.9758e+11
0.03021,0.08125,5.8841e+0,2.5103e+10,0.0000e+0
0.03229,0.08125,5.8225e+0,2.0221e+11,0.0000e+0
0.03438,0.08125,5.7735e+0,2.6084e+11,9.8930e+9
0.03646,0.08125,5.7352e+0,3.1761e+11,5.8291e+11
0.03854,0.08125,5.6826e+0,0.0000e+0,1.0047e+11
0.04063,0.08125,5.6262e+0,0.0000e+0,4.5616e+11
0.04271,0.08125,5.5427e+0,0.0000e+0,7.9632e+11
0.04479,0.08125,5.4086e+0,2.4094e+11,1.5239e+11
0.04688,0.08125,5.2911e+0,1.4816e+11,2.8853e+11
0.04896,0.08125,5.1746e+0,2.1793e+11,1.0144e+11
0.05104,0.08125,5.0683e+0,5.9734e+10,1.0388e+11
0.05312,0.08125,4.9608e+0,0.0000e+0,9.0131e+10
0.05521,0.08125,4.8473e+0,6.7246e+8,4.0201e+11
0.05729,0.08125,4.7096e+0,2.3476e+11,4.1942e+11
0.05937,0.08125,4.5636e+0,1.3827e+11,1.6873e+11
0.06146,0.08125,4.4234e+0,3.5154e+10,4.1509e+11
0.06354,0.08125,4.2654e+0,1.5683e+11,1.3977e+11
0.06563,0.08125,4.1138e+0,0.0000e+0,2.4959e+11
0.06771,0.08125,3.9493e+0,0.0000e+0,1.6784e+11
0.06979,0.08125,3.7766e+0,0.0000e+0,3.6438e+11
0.07187,0.08125,3.5806e+0,1.7416e+11,2.9323e+11
0.07396,0.08125,3.3791e+0,1.8004e+11,3.4992e+11
0.07604,0.08125,3.1723e+0,4.4265e+10,4.8249e+11
0.07813,0.08125,2.9490e+0,0.0000e+0,4.0758e+11
0.08021,0.08125,2.7124e+0,0.0000e+0,5.4154e+11
0.08229,0.08125,2.4519e+0,0.0000e+0,2.5971e+11
0.08438,0.08125,2.1848e+0,0.0000e+0,3.3048e+11
0.08646,0.08125,1.9066e+0,0.0000e+0,2.3315e+11
0.08854,0.08125,1.6271e+0,0.0000e+0,6.5491e+11
0.09062,0.08125,1.3176e+0,0.0000e+0,2.4425e+11
0.09271,0.08125,1.0069e+0,0.0000e+0,0.0000e+0
0.09479,0.08125,7.0848e-1,0.0000e+0,0.0000e+0
0.09688,0.08125,4.1932e-1,0.0000e+0,0.0000e+0
0.09896,0.08125,1.3768e-1,0.0000e+0,0.0000e+0
0.00104,0.08542,6.5841e+0,0.0000e+0,0.0000e+0
0.00313,0.08542,6.5865e+0,0.0000e+0,0.0000e+0
0.00521,0.08542,6.5924e+0,0.0000e+0,0.0000e+0
0.00729,0.08542,6.6039e+0,0.0000e+0,0.0000e+0
0.00937,0.08542,6.6258e+0,0.0000e+0,0.0000e+0
0.01146,0.08542,6.6671e+0,0.0000e+0,1.8014e+12
0.01354,0.08542,6.6160e+0,0.0000e+0,7.2631e+11
0.01563,0.08542,6.5584e+0,0.0000e+0,6.3077e+11
0.01771,0.08542,6.4985e+0,0.0000e+0,9.2482e+11
0.01979,0.08542,6.4098e+0,0.0000e+0,4.8152e+11
0.02187,0.08542,6.3146e+0,0.0000e+0,0.0000e+0
0.02396,0.08542,6.2377e+0,0.0000e+0,0.0000e+0
0.02604,0.08542,6.1709e+0,0.0000e+0,1.2862e+11
0.02813,0.08542,6.0994e+0,5.2244e+11,3.9322e+11
0.03021,0.08542,6.0417e+0,1.4648e+11,1.5474e+11
0.03229,0.08542,5.9836e+0,3.2285e+11,3.0628e+11
0.03438,0.08542,5.9357e+0,1.5995e+11,3.1554e+11
0.03646,0.08542,5.8773e+0,9.6133e+10,0.0000e+0
0.03854,0.08542,5.8247e+0,0.0000e+0,1.0444e+11
0.04063,0.08542,5.7682e+0,0.0000e+0,4.7363e+11
0.04271,0.08542,5.6845e+0,4.4398e+10,8.2394e+11
0.04479,0.08542,5.5504e+0,3.3039e+11,1.0233e+11
0.04688,0.08542,5.4413e+0,3.4400e+11,5.4387e+11
0.04896,0.08542,5.3238e+0,2.9542e+11,3.3809e+11
0.05104,0.08542,5.2060e+0,2.8044e+11,3.3766e+11
0.05312,0.08542,5.0951e+0,0.0000e+0,3.9144e+11
0.05521,0.08542,4.9668e+0,0.0000e+0,3.8337e+11
0.05729,0.08542,4.8201e+0,3.5413e+11,5.4377e+11
0.05937,0.08542,4.6692e+0,8.8113e+10,5.1598e+11
0.06146,0.08542,4.4942e+0,3.1876e+11,1.7466e+11
0.06354,0.08542,4.3301e+0,2.0575e+11,1.3724e+11
0.06563,0.08542,4.1679e+0,0.0000e+0,1.4029e+11
0.06771,0.08542,3.9944e+0,0.0000e+0,0.0000e+0
0.06979,0.08542,3.8218e+0,0.0000e+0,2.9106e+11
0.07187,0.08542,3.6328e+0,1.3747e+11,5.2922e+11
0.07396,0.08542,3.4236e+0,6.2023e+10,3.7325e+11
0.07604,0.08542,3.1968e+0,2.7905e+11,2.0435e+11
0.07813,0.08542,2.9741e+0,1.2012e+10,2.4186e+11
0.08021,0.08542,2.7370e+0,9.5456e+10,5.2506e+11
0.08229,0.08542,2.4732e+0,8.6009e+9,2.7715e+11
0.08438,0.08542,2.1904e+0,0.0000e+0,2.4694e+10
0.08646,0.08542,1.9050e+0,1.0463e+11,1.1244e+11
0.08854,0.08542,1.6182e+0,1.1509e+11,3.1371e+11
0.09062,0.08542,1.3153e+0,0.0000e+0,3.1875e+10
0.09271,0.08542,1.0121e+0,0.0000e+0,0.0000e+0
0.09479,0.08542,7.1462e-1,0.0000e+0,0.0000e+0
0.09688,0.08542,4.2367e-1,0.0000e+0,0.0000e+0
0.09896,0.08542,1.3921e-1,0.0000e+0,0.0000e+0
0.00104,0.08958,6.7442e+0,0.0000e+0,0.0000e+0
0.00313,0.08958,6.7441e+0,0.0000e+0,0.0000e+0
0.00521,0.08958,6.7440e+0,0.0000e+0,0.0000e+0
0.00729,0.08958,6.7454e+0,0.0000e+0,0.0000e+0
0.00937,0.08958,6.7489e+0,0.0000e+0,0.0000e+0
0.01146,0.08958,6.7557e+0,0.0000e+0,8.1590e+11
0.01354,0.08958,6.7076e+0,1.0590e+10,3.6656e+11
0.01563,0.08958,6.6476e+0,2.7365e+10,0.0000e+0
0.01771,0.08958,6.6001e+0,0.0000e+0,1.4737e+11
0.01979,0.08958,6.5434e+0,0.0000e+0,3.1930e+11
0.02187,0.08958,6.4680e+0,0.0000e+0,0.0000e+0
0.02396,0.08958,6.3984e+0,0.0000e+0,0.0000e+0
0.02604,0.08958,6.3334e+0,0.0000e+0,0.0000e+0
0.02813,0.08958,6.2729e+0,3.6491e+10,2.3260e+11
0.03021,0.08958,6.2075e+0,8.2083e+10,1.9371e+11
0.03229,0.08958,6.1441e+0,1.6067e+11,1.5891e+11
0.03438,0.08958,6.0945e+0,0.0000e+0,2.1706e+11
0.03646,0.08958,6.0452e+0,0.0000e+0,7.5650e+11
0.03854,0.08958,5.9609e+0,0.0000e+0,1.0819e+11
0.04063,0.08958,5.8847e+0,0.0000e+0,2.4882e+11
0.04271,0.08958,5.8026e+0,1.0030e+11,7.1299e+11
0.04479,0.08958,5.6890e+0,2.5093e+11,4.6051e+11
0.04688,0.08958,5.5865e+0,0.0000e+0,6.9789e+11
0.04896,0.08958,5.4621e+0,2.5148e+10,5.4045e+11
0.05104,0.08958,5.3323e+0,1.0562e+11,7.3090e+11
0.05312,0.08958,5.1952e+0,1.4739e+9,3.3181e+11
0.05521,0.08958,5.0600e+0,0.0000e+0,3.9996e+11
0.05729,0.08958,4.9176e+0,2.5700e+11,6.2948e+11
0.05937,0.08958,4.7631e+0,1.2888e+11,4.4718e+11
0.06146,0.08958,4.5959e+0,0.0000e+0,2.2652e+11
0.06354,0.08958,4.4227e+0,0.0000e+0,1.5038e+11
0.06563,0.08958,4.2448e+0,0.0000e+0,1.8766e+11
0.06771,0.08958,4.0567e+0,0.0000e+0,1.2160e+11
0.06979,0.08958,3.8630e+0,0.0000e+0,1.2468e+11
0.07187,0.08958,3.6649e+0,0.0000e+0,1.0226e+11
0.07396,0.08958,3.4667e+0,0.0000e+0,4.0930e+11
0.07604,0.08958,3.2533e+0,2.9858e+9,7.1715e+11
0.07813,0.08958,3.0070e+0,1.2853e+8,1.7012e+11
0.08021,0.08958,2.7614e+0,1.6013e+11,3.7258e+11
0.08229,0.08958,2.5131e+0,1.4428e+10,7.8135e+11
0.08438,0.08958,2.2266e+0,5.1567e+10,3.5903e+11
0.08646,0.08958,1.9355e+0,6.4932e+10,2.9680e+11
0.08854,0.08958,1.6404e+0,1.8900e+10,3.5367e+11
0.09062,0.08958,1.3321e+0,0.0000e+0,1.7652e+11
0.09271,0.08958,1.0216e+0,0.0000e+0,0.0000e+0
0.09479,0.08958,7.2037e-1,0.0000e+0,0.0000e+0
0.09688,0.08958,4.2686e-1,0.0000e+0,0.0000e+0
0.09896,0.08958,1.4023e-1,0.0000e+0,0.0000e+0
0.00104,0.09375,6.9057e+0,0.0000e+0,0.0000e+0
0.00313,0.09375,6.9007e+0,0.0000e+0,0.0000e+0
0.00521,0.09375,6.8906e+0,0.0000e+0,0.0000e+0
0.00729,0.09375,6.8750e+0,0.0000e+0,0.0000e+0
0.00937,0.09375,6.8537e+0,0.0000e+0,0.0000e+0
0.01146,0.09375,6.8225e+0,0.0000e+0,0.0000e+0
0.01354,0.09375,6.7708e+0,4.0476e+11,0.0000e+0
0.01563,0.09375,6.7258e+0,1.0459e+12,0.0000e+0
0.01771,0.09375,6.7165e+0,0.0000e+0,0.0000e+0
0.01979,0.09375,6.6791e+0,0.0000e+0,0.0000e+0
0.02187,0.09375,6.6262e+0,0.0000e+0,1.2437e+10
0.02396,0.09375,6.5641e+0,0.0000e+0,4.9073e+10
0.02604,0.09375,6.4977e+0,0.0000e+0,3.1533e+11
0.02813,0.09375,6.4188e+0,2.4196e+11,3.8565e+11
0.03021,0.09375,6.3413e+0,4.7353e+11,7.2504e+11
0.03229,0.09375,6.2594e+0,4.6408e+11,4.4034e+11
0.03438,0.09375,6.1955e+0,3.0607e+9,2.4319e+11
0.03646,0.09375,6.1308e+0,1.5809e+9,4.4525e+11
0.03854,0.09375,6.0481e+0,0.0000e+0,2.2033e+11
0.04063,0.09375,5.9628e+0,0.0000e+0,3.3213e+11
0.04271,0.09375,5.8630e+0,0.0000e+0,3.9384e+11
0.04479,0.09375,5.7401e+0,0.0000e+0,0.0000e+0
0.04688,0.09375,5.6198e+0,0.0000e+0,2.3881e+11
0.04896,0.09375,5.4790e+0,1.8726e+10,1.7521e+11
0.05104,0.09375,5.3210e+0,7.8582e+11,2.9676e+10
0.05312,0.09375,5.2043e+0,8.8700e+9,3.6411e+10
0.05521,0.09375,5.0779e+0,2.4480e+11,3.5993e+10
0.05729,0.09375,4.9629e+0,1.0443e+11,4.3443e+11
0.05937,0.09375,4.8282e+0,0.0000e+0,3.8745e+11
0.06146,0.09375,4.6735e+0,0.0000e+0,1.9525e+11
0.06354,0.09375,4.5098e+0,0.0000e+0,3.8088e+11
0.06563,0.09375,4.3272e+0,0.0000e+0,4.5463e+11
0.06771,0.09375,4.1265e+0,0.0000e+0,5.3187e+11
0.06979,0.09375,3.9063e+0,0.0000e+0,2.3899e+11
0.07187,0.09375,3.6880e+0,0.0000e+0,2.8801e+11
0.07396,0.09375,3.4650e+0,0.0000e+0,1.4574e+11
0.07604,0.09375,3.2416e+0,0.0000e+0,2.2069e+11
0.07813,0.09375,3.0099e+0,0.0000e+0,4.8180e+11
0.08021,0.09375,2.7553e+0,2.0973e+11,4.7890e+11
0.08229,0.09375,2.4913e+0,6.1620e+10,3.2689e+11
0.08438,0.09375,2.2150e+0,1.5664e+11,3.4826e+11
0.08646,0.09375,1.9345e+0,7.8363e+10,4.1093e+11
0.08854,0.09375,1.6376e+0,0.0000e+0,2.3077e+11
0.09062,0.09375,1.3301e+0,0.0000e+0,9.2434e+10
0.09271,0.09375,1.0220e+0,0.0000e+0,0.0000e+0
0.09479,0.09375,7.2118e-1,0.0000e+0,0.0000e+0
0.09688,0.09375,4.2750e-1,0.0000e+0,0.0000e+0
0.09896,0.09375,1.4046e-1,0.0000e+0,0.0000e+0
0.00104,0.09792,7.1080e+0,0.0000e+0,0.0000e+0
0.00313,0.09792,7.0987e+0,0.0000e+0,0.0000e+0
0.00521,0.09792,7.0780e+0,0.0000e+0,0.0000e+0
0.00729,0.09792,7.0484e+0,0.0000e+0,0.0000e+0
0.00937,0.09792,7.0214e+0,0.0000e+0,0.0000e+0
0.01146,0.09792,7.0017e+0,0.0000e+0,0.0000e+0
0.01354,0.09792,6.9935e+0,0.0000e+0,4.0277e+11
0.01563,0.09792,6.9746e+0,0.0000e+0,3.9634e+11
0.01771,0.09792,6.9570e+0,0.0000e+0,9.5729e+11
0.01979,0.09792,6.8954e+0,0.0000e+0,1.6306e+11
0.02187,0.09792,6.8395e+0,0.0000e+0,5.1416e+11
0.02396,0.09792,6.7534e+0,0.0000e+0,7.3955e+11
0.02604,0.09792,6.6362e+0,0.0000e+0,6.6598e+10
0.02813,0.09792,6.5343e+0,0.0000e+0,9.3857e+10
0.03021,0.09792,6.4420e+0,0.0000e+0,3.1968e+11
0.03229,0.09792,6.3402e+0,0.0000e+0,4.2853e+10
0.03438,0.09792,6.2427e+0,4.1785e+11,4.1668e+10
0.03646,0.09792,6.1674e+0,2.1582e+11,0.0000e+0
0.03854,0.09792,6.0951e+0,0.0000e+0,0.0000e+0
0.04063,0.09792,6.0132e+0,0.0000e+0,7.2212e+10
0.04271,0.09792,5.9138e+0,0.0000e+0,7.1036e+9
0.04479,0.09792,5.8031e+0,2.3154e+11,2.0474e+11
0.04688,0.09792,5.6833e+0,5.5399e+10,1.5972e+11
0.04896,0.09792,5.5463e+0,8.4802e+7,1.4254e+11
0.05104,0.09792,5.3917e+0,3.4955e+11,4.6013e+10
0.05312,0.09792,5.2596e+0,7.1452e+10,0.0000e+0
0.05521,0.09792,5.1348e+0,3.6365e+10,2.0356e+11
0.05729,0.09792,5.0032e+0,1.5513e+10,9.1951e+10
0.05937,0.09792,4.8716e+0,1.4836e+11,1.5581e+11
0.06146,0.09792,4.7474e+0,1.3502e+11,1.0059e+12
0.06354,0.09792,4.5757e+0,0.0000e+0,7.8777e+11
0.06563,0.09792,4.3632e+0,0.0000e+0,3.7772e+11
0.06771,0.09792,4.1329e+0,4.4620e+10,1.9756e+11
0.06979,0.09792,3.8931e+0,1.9491e+11,4.3233e+10
0.07187,0.09792,3.6648e+0,3.0857e+11,1.7936e+11
0.07396,0.09792,3.4446e+0,1.1527e+11,1.8206e+11
0.07604,0.09792,3.2182e+0,0.0000e+0,1.8362e+11
0.07813,0.09792,2.9794e+0,0.0000e+0,1.9351e+11
0.08021,0.09792,2.7263e+0,4.3331e+10,1.7396e+11
0.08229,0.09792,2.4638e+0,6.0260e+10,2.0275e+11
0.08438,0.09792,2.1916e+0,9.9389e+10,1.6074e+11
0.08646,0.09792,1.9186e+0,0.0000e+0,2.4715e+11
0.08854,0.09792,1.6331e+0,0.0000e+0,3.5837e+11
0.09062,0.09792,1.3300e+0,0.0000e+0,2.2032e+11
0.09271,0.09792,1.0204e+0,0.0000e+0,0.0000e+0
0.09479,0.09792,7.1968e-1,0.0000e+0,0.0000e+0
0.09688,0.09792,4.2653e-1,0.0000e+0,0.0000e+0
0.09896,0.09792,1.4013e-1,0.0000e+0,0.0000e+0
0.00104,0.10208,7.3856e+0,0.0000e+0,0.0000e+0
0.00313,0.10208,7.3801e+0,0.0000e+0,2.4086e+11
0.00521,0.10208,7.3425e+0,0.0000e+0,1.0139e+12
0.00729,0.10208,7.2445e+0,0.0000e+0,0.0000e+0
0.00937,0.10208,7.1803e+0,0.0000e+0,0.0000e+0
0.01146,0.10208,7.1453e+0,0.0000e+0,0.0000e+0
0.01354,0.10208,7.1407e+0,0.0000e+0,1.0027e+12
0.01563,0.10208,7.1034e+0,0.0000e+0,2.9273e+11
0.01771,0.10208,7.0914e+0,0.0000e+0,8.3368e+11
0.01979,0.10208,7.0626e+0,0.0000e+0,6.0023e+11
0.02187,0.10208,7.0384e+0,0.0000e+0,2.7417e+12
0.02396,0.10208,6.8706e+0,0.0000e+0,1.6757e+11
0.02604,0.10208,6.7282e+0,0.0000e+0,0.0000e+0
0.02813,0.10208,6.6102e+0,0.0000e+0,0.0000e+0
0.03021,0.10208,6.5076e+0,0.0000e+0,0.0000e+0
0.03229,0.10208,6.4160e+0,4.8958e+11,2.9793e+11
0.03438,0.10208,6.3466e+0,8.0400e+9,3.0772e+11
0.03646,0.10208,6.2668e+0,0.0000e+0,1.1632e+10
0.03854,0.10208,6.1969e+0,0.0000e+0,1.0118e+11
0.04063,0.10208,6.1296e+0,0.0000e+0,6.4789e+11
0.04271,0.10208,6.0281e+0,0.0000e+0,2.6525e+11
0.04479,0.10208,5.9252e+0,1.6831e+11,6.3782e+11
0.04688,0.10208,5.8117e+0,4.0270e+10,8.9122e+11
0.04896,0.10208,5.6641e+0,0.0000e+0,5.6394e+11
0.05104,0.10208,5.4969e+0,1.3789e+10,2.6906e+11
0.05312,0.10208,5.3317e+0,4.6145e+10,3.3831e+10
0.05521,0.10208,5.1843e+0,5.6449e+9,1.6161e+11
0.05729,0.10208,5.0378e+0,0.0000e+0,3.2802e+10
0.05937,0.10208,4.9028e+0,4.5861e+10,3.3908e+11
0.06146,0.10208,4.7599e+0,4.1738e+10,6.7843e+11
0.06354,0.10208,4.5820e+0,9.8108e+10,6.3750e+11
0.06563,0.10208,4.3798e+0,3.0295e+10,6.2630e+11
0.06771,0.10208,4.1562e+0,5.1549e+10,6.5638e+11
0.06979,0.10208,3.9119e+0,3.8313e+11,5.0797e+11
0.07187,0.10208,3.6798e+0,1.2526e+11,2.9861e+11
0.07396,0.10208,3.4485e+0,4.2413e+10,2.2180e+11
0.07604,0.10208,3.2121e+0,8.5909e+10,2.0588e+11
0.07813,0.10208,2.9716e+0,0.0000e+0,1.9768e+11
0.08021,0.10208,2.7221e+0,0.0000e+0,2.9090e+11
0.08229,0.10208,2.4568e+0,0.0000e+0,2.6369e+11
0.08438,0.10208,2.1793e+0,0.0000e+0,9.1636e+10
0.08646,0.10208,1.9017e+0,0.0000e+0,2.2971e+11
0.08854,0.10208,1.6145e+0,0.0000e+0,2.5171e+11
0.09062,0.10208,1.3147e+0,0.0000e+0,1.3730e+11
0.09271,0.10208,1.0109e+0,0.0000e+0,0.0000e+0
0.09479,0.10208,7.1392e-1,0.0000e+0,0.0000e+0
0.09688,0.10208,4.2343e-1,0.0000e+0,0.0000e+0
0.09896,0.10208,1.3917e-1,0.0000e+0,0.0000e+0
0.00104,0.10625,7.7063e+0,0.0000e+0,0.0000e+0
0.00313,0.10625,7.7732e+0,0.0000e+0,5.0437e+12
0.00521,0.10625,7.6375e+0,0.0000e+0,3.9170e+12
0.00729,0.10625,7.3983e+0,0.0000e+0,0.0000e+0
0.00937,0.10625,7.2666e+0,0.0000e+0,0.0000e+0
0.01146,0.10625,7.1816e+0,0.0000e+0,0.0000e+0
0.01354,0.10625,7.1164e+0,0.0000e+0,0.0000e+0
0.01563,0.10625,7.0526e+0,7.1653e+11,0.0000e+0
0.01771,0.10625,7.0404e+0,4.5443e+11,1.5054e+11
0.01979,0.10625,7.0332e+0,0.0000e+0,5.3174e+11
0.02187,0.10625,6.9879e+0,0.0000e+0,7.4737e+11
0.02396,0.10625,6.8870e+0,0.0000e+0,4.5384e+11
0.02604,0.10625,6.7646e+0,0.0000e+0,0.0000e+0
0.02813,0.10625,6.6569e+0,0.0000e+0,0.0000e+0
0.03021,0.10625,6.5614e+0,0.0000e+0,0.0000e+0
0.03229,0.10625,6.4765e+0,2.1020e+11,7.1308e+10
0.03438,0.10625,6.4136e+0,3.6140e+11,7.2309e+11
0.03646,0.10625,6.3396e+0,2.6890e+11,3.5220e+11
0.03854,0.10625,6.2718e+0,0.0000e+0,2.4996e+11
0.04063,0.10625,6.1963e+0,0.0000e+0,6.3534e+11
0.04271,0.10625,6.0848e+0,0.0000e+0,3.5130e+11
0.04479,0.10625,5.9587e+0,0.0000e+0,4.3653e+10
0.04688,0.10625,5.8368e+0,0.0000e+0,1.5430e+11
0.04896,0.10625,5.7104e+0,0.0000e+0,7.7670e+11
0.05104,0.10625,5.5363e+0,0.0000e+0,1.4411e+11
0.05312,0.10625,5.3587e+0,3.2795e+11,9.4222e+10
0.05521,0.10625,5.2026e+0,4.2743e+10,2.0801e+11
0.05729,0.10625,5.0363e+0,2.4387e+11,0.0000e+0
0.05937,0.10625,4.8910e+0,1.1661e+11,3.0997e+11
0.06146,0.10625,4.7325e+0,0.0000e+0,4.7869e+11
0.06354,0.10625,4.5403e+0,1.7194e+11,4.1131e+11
0.06563,0.10625,4.3260e+0,2.2637e+11,3.3594e+11
0.06771,0.10625,4.1004e+0,3.2509e+11,1.6984e+11
0.06979,0.10625,3.8801e+0,3.1233e+10,2.4329e+10
0.07187,0.10625,3.6604e+0,8.2552e+9,2.0549e+10
0.07396,0.10625,3.4420e+0,5.3007e+10,3.1866e+11
0.07604,0.10625,3.2103e+0,1.2020e+11,4.1716e+11
0.07813,0.10625,2.9642e+0,0.0000e+0,9.8888e+10
0.08021,0.10625,2.7161e+0,5.2095e+10,4.7015e+11
0.08229,0.10625,2.4431e+0,3.6990e+9,1.1164e+11
0.08438,0.10625,2.1659e+0,0.0000e+0,1.7110e+11
0.08646,0.10625,1.8786e+0,1.2944e+10,1.2312e+10
0.08854,0.10625,1.5944e+0,4.7565e+9,2.0115e+11
0.09062,0.10625,1.3002e+0,0.0000e+0,1.3977e+11
0.09271,0.10625,1.0012e+0,0.0000e+0,0.0000e+0
0.09479,0.10625,7.0790e-1,0.0000e+0,0.0000e+0
0.09688,0.10625,4.2020e-1,0.0000e+0,0.0000e+0
0.09896,0.10625,1.3816e-1,0.0000e+0,0.0000e+0
0.00104,0.11042,7.4923e+0,0.0000e+0,0.0000e+0
0.00313,0.11042,7.4832e+0,0.0000e+0,5.7512e+11
0.00521,0.11042,7.4163e+0,0.0000e+0,1.5293e+11
0.00729,0.11042,7.3336e+0,0.0000e+0,0.0000e+0
0.00937,0.11042,7.2619e+0,0.0000e+0,0.0000e+0
0.01146,0.11042,7.1935e+0,0.0000e+0,0.0000e+0
0.01354,0.11042,7.1268e+0,0.0000e+0,0.0000e+0
0.01563,0.11042,7.0664e+0,1.1736e+11,0.0000e+0
0.01771,0.11042,7.0282e+0,7.4431e+10,0.0000e+0
0.01979,0.11042,7.0000e+0,3.1933e+9,3.0754e+11
0.02187,0.11042,6.9533e+0,3.5283e+10,4.7952e+11
0.02396,0.11042,6.8861e+0,0.0000e+0,7.6904e+11
0.02604,0.11042,6.7781e+0,0.0000e+0,0.0000e+0
0.02813,0.11042,6.6854e+0,0.0000e+0,2.6446e+9
0.03021,0.11042,6.6004e+0,0.0000e+0,1.0505e+10
0.03229,0.11042,6.5160e+0,1.0110e+11,6.6877e+10
0.03438,0.11042,6.4364e+0,5.9482e+11,3.0337e+11
0.03646,0.11042,6.3785e+0,3.2534e+11,4.9960e+11
0.03854,0.11042,6.3143e+0,0.0000e+0,5.1521e+11
0.04063,0.11042,6.2268e+0,0.0000e+0,6.2355e+11
0.04271,0.11042,6.1126e+0,0.0000e+0,4.5370e+11
0.04479,0.11042,5.9844e+0,0.0000e+0,2.4210e+11
0.04688,0.11042,5.8536e+0,0.0000e+0,1.6736e+10
0.04896,0.11042,5.7288e+0,2.3469e+10,5.0705e+11
0.05104,0.11042,5.5735e+0,3.2014e+11,5.0408e+11
0.05312,0.11042,5.4058e+0,9.4607e+10,3.5232e+11
0.05521,0.11042,5.2297e+0,1.0963e+10,1.1450e+11
0.05729,0.11042,5.0530e+0,1.7497e+10,8.0451e+8
0.05937,0.11042,4.8873e+0,8.3664e+9,2.4541e+11
0.06146,0.11042,4.7132e+0,0.0000e+0,1.9117e+11
0.06354,0.11042,4.5343e+0,0.0000e+0,7.1983e+11
0.06563,0.11042,4.3166e+0,8.6534e+9,1.9761e+11
0.06771,0.11042,4.0931e+0,1.5529e+11,1.0963e+11
0.06979,0.11042,3.8749e+0,0.0000e+0,0.0000e+0
0.07187,0.11042,3.6564e+0,0.0000e+0,7.6163e+10
0.07396,0.11042,3.4318e+0,0.0000e+0,7.8678e+10
0.07604,0.11042,3.1979e+0,0.0000e+0,0.0000e+0
0.07813,0.11042,2.9595e+0,0.0000e+0,1.5008e+11
0.08021,0.11042,2.7057e+0,2.0816e+11,3.2757e+11
0.08229,0.11042,2.4397e+0,1.4780e+10,9.8425e+10
0.08438,0.11042,2.1675e+0,0.0000e+0,2.9619e+11
0.08646,0.11042,1.8709e+0,1.7526e+11,1.8854e+10
0.08854,0.11042,1.5797e+0,6.4403e+10,1.7455e+9
0.09062,0.11042,1.2882e+0,0.0000e+0,1.6185e+9
0.09271,0.11042,9.9539e-1,0.0000e+0,0.0000e+0
0.09479,0.11042,7.0501e-1,0.0000e+0,0.0000e+0
0.09688,0.11042,4.1885e-1,0.0000e+0,0.0000e+0
0.09896,0.11042,1.3777e-1,0.0000e+0,0.0000e+0
0.00104,0.11458,7.3525e+0,0.0000e+0,0.0000e+0
0.00313,0.11458,7.3450e+0,0.0000e+0,0.0000e+0
0.00521,0.11458,7.3293e+0,0.0000e+0,0.0000e+0
0.00729,0.11458,7.3136e+0,0.0000e+0,0.0000e+0
0.00937,0.11458,7.3068e+0,0.0000e+0,9.8713e+11
0.01146,0.11458,7.2474e+0,0.0000e+0,8.0430e+11
0.01354,0.11458,7.1507e+0,0.0000e+0,0.0000e+0
0.01563,0.11458,7.0753e+0,0.0000e+0,0.0000e+0
0.01771,0.11458,7.0150e+0,0.0000e+0,0.0000e+0
0.01979,0.11458,6.9635e+0,8.2449e+10,4.8984e+11
0.02187,0.11458,6.8879e+0,9.1100e+11,3.8899e+11
0.02396,0.11458,6.8374e+0,0.0000e+0,1.7103e+11
0.02604,0.11458,6.7638e+0,4.5296e+11,1.7969e+11
0.02813,0.11458,6.7093e+0,3.5530e+11,2.0035e+11
0.03021,0.11458,6.6566e+0,0.0000e+0,6.1314e+11
0.03229,0.11458,6.5678e+0,5.7375e+10,2.6490e+11
0.03438,0.11458,6.4778e+0,2.0519e+11,3.5057e+11
0.03646,0.11458,6.3903e+0,0.0000e+0,1.2656e+11
0.03854,0.11458,6.3050e+0,0.0000e+0,5.9555e+11
0.04063,0.11458,6.1885e+0,8.5153e+8,1.9550e+10
0.04271,0.11458,6.0771e+0,7.4345e+8,7.9931e+9
0.04479,0.11458,5.9690e+0,0.0000e+0,0.0000e+0
0.04688,0.11458,5.8641e+0,3.1005e+10,2.3998e+11
0.04896,0.11458,5.7489e+0,1.1769e+11,5.0722e+11
0.05104,0.11458,5.6139e+0,8.9795e+10,9.4893e+11
0.05312,0.11458,5.4309e+0,2.8163e+11,4.2652e+11
0.05521,0.11458,5.2535e+0,3.2637e+10,5.0936e+11
0.05729,0.11458,5.0586e+0,0.0000e+0,1.1646e+11
0.05937,0.11458,4.8669e+0,0.0000e+0,0.0000e+0
0.06146,0.11458,4.6769e+0,0.0000e+0,0.0000e+0
0.06354,0.11458,4.4833e+0,1.9687e+11,1.3008e+10
0.06563,0.11458,4.2971e+0,2.0588e+10,5.8445e+9
0.06771,0.11458,4.1077e+0,0.0000e+0,2.8305e+11
0.06979,0.11458,3.8976e+0,0.0000e+0,2.0680e+11
0.07187,0.11458,3.6779e+0,0.0000e+0,8.6789e+10
0.07396,0.11458,3.4606e+0,0.0000e+0,3.2522e+11
0.07604,0.11458,3.2289e+0,7.6221e+10,2.0202e+11
0.07813,0.11458,2.9959e+0,5.9295e+10,5.5705e+11
0.08021,0.11458,2.7324e+0,2.2028e+11,4.1902e+11
0.08229,0.11458,2.4634e+0,3.2207e+11,3.2202e+11
0.08438,0.11458,2.2015e+0,1.7004e+11,5.8220e+11
0.08646,0.11458,1.9158e+0,0.0000e+0,3.0127e+11
0.08854,0.11458,1.6163e+0,4.4543e+10,2.8505e+11
0.09062,0.11458,1.3082e+0,1.3410e+11,1.5345e+11
0.09271,0.11458,1.0059e+0,0.0000e+0,0.0000e+0
0.09479,0.11458,7.1062e-1,0.0000e+0,0.0000e+0
0.09688,0.11458,4.2160e-1,0.0000e+0,0.0000e+0
0.09896,0.11458,1.3859e-1,0.0000e+0,0.0000e+0
0.00104,0.11875,7.2708e+0,0.0000e+0,0.0000e+0
0.00313,0.11875,7.2693e+0,0.0000e+0,0.0000e+0
0.00521,0.11875,7.2681e+0,0.0000e+0,0.0000e+0
0.00729,0.11875,7.2705e+0,0.0000e+0,0.0000e+0
0.00937,0.11875,7.2819e+0,0.0000e+0,8.1225e+11
0.01146,0.11875,7.2540e+0,0.0000e+0,1.6273e+12
0.01354,0.11875,7.1428e+0,0.0000e+0,0.0000e+0
0.01563,0.11875,7.0600e+0,0.0000e+0,0.0000e+0
0.01771,0.11875,6.9931e+0,0.0000e+0,0.0000e+0
0.01979,0.11875,6.9374e+0,0.0000e+0,0.0000e+0
0.02187,0.11875,6.8891e+0,0.0000e+0,0.0000e+0
0.02396,0.11875,6.8488e+0,0.0000e+0,0.0000e+0
0.02604,0.11875,6.8164e+0,1.2606e+10,5.4638e+11
0.02813,0.11875,6.7611e+0,9.8882e+9,5.0489e+11
0.03021,0.11875,6.6841e+0,0.0000e+0,4.3776e+11
0.03229,0.11875,6.5839e+0,0.0000e+0,7.3989e+9
0.03438,0.11875,6.4892e+0,0.0000e+0,3.1838e+11
0.03646,0.11875,6.3737e+0,0.0000e+0,0.0000e+0
0.03854,0.11875,6.2544e+0,3.1771e+11,0.0000e+0
0.04063,0.11875,6.1510e+0,3.9000e+11,3.5612e+11
0.04271,0.11875,6.0503e+0,3.8647e+11,2.7267e+11
0.04479,0.11875,5.9607e+0,4.8993e+10,1.8223e+11
0.04688,0.11875,5.8681e+0,6.9732e+10,6.5687e+11
0.04896,0.11875,5.7468e+0,2.4987e+11,7.2483e+11
0.05104,0.11875,5.6059e+0,0.0000e+0,8.4076e+11
0.05312,0.11875,5.4147e+0,8.0657e+10,1.4484e+11
0.05521,0.11875,5.2286e+0,2.0498e+11,2.1554e+11
0.05729,0.11875,5.0428e+0,2.4122e+11,1.0487e+11
0.05937,0.11875,4.8665e+0,0.0000e+0,5.6523e+10
0.06146,0.11875,4.6810e+0,0.0000e+0,6.1242e+10
0.06354,0.11875,4.4891e+0,2.7126e+11,2.9585e+10
0.06563,0.11875,4.3174e+0,4.9009e+10,1.5495e+11
0.06771,0.11875,4.1412e+0,0.0000e+0,7.1148e+11
0.06979,0.11875,3.9192e+0,4.4332e+10,2.3492e+11
0.07187,0.11875,3.6884e+0,1.0203e+11,0.0000e+0
0.07396,0.11875,3.4700e+0,0.0000e+0,9.7917e+10
0.07604,0.11875,3.2493e+0,1.2831e+11,3.5731e+11
0.07813,0.11875,3.0214e+0,6.9091e+10,8.3110e+11
0.08021,0.11875,2.7500e+0,2.2188e+11,2.0540e+11
0.08229,0.11875,2.4909e+0,1.1339e+11,3.0792e+11
0.08438,0.11875,2.2277e+0,8.8198e+9,2.9793e+11
0.08646,0.11875,1.9497e+0,0.0000e+0,5.2255e+11
0.08854,0.11875,1.6428e+0,1.7429e+10,3.6120e+11
0.09062,0.11875,1.3228e+0,5.2470e+10,9.4323e+9
0.09271,0.11875,1.0157e+0,0.0000e+0,0.0000e+0
0.09479,0.11875,7.1672e-1,0.0000e+0,0.0000e+0
0.09688,0.11875,4.2491e-1,0.0000e+0,0.0000e+0
0.09896,0.11875,1.3963e-1,0.0000e+0,0.0000e+0
0.00104,0.12292,7.2015e+0,0.0000e+0,0.0000e+0
0.00313,0.12292,7.1982e+0,0.0000e+0,0.0000e+0
0.00521,0.12292,7.1918e+0,0.0000e+0,0.0000e+0
0.00729,0.12292,7.1828e+0,0.0000e+0,0.0000e+0
0.00937,0.12292,7.1664e+0,0.0000e+0,1.5765e+9
0.01146,0.12292,7.1335e+0,0.0000e+0,3.8107e+9
0.01354,0.12292,7.0811e+0,0.0000e+0,0.0000e+0
0.01563,0.12292,7.0208e+0,0.0000e+0,0.0000e+0
0.01771,0.12292,6.9553e+0,2.5065e+11,0.0000e+0
0.01979,0.12292,6.9035e+0,3.5621e+11,0.0000e+0
0.02187,0.12292,6.8751e+0,0.0000e+0,0.0000e+0
0.02396,0.12292,6.8415e+0,0.0000e+0,0.0000e+0
0.02604,0.12292,6.8033e+0,0.0000e+0,0.0000e+0
0.02813,0.12292,6.7605e+0,0.0000e+0,3.3548e+11
0.03021,0.12292,6.6915e+0,0.0000e+0,3.0665e+11
0.03229,0.12292,6.6004e+0,0.0000e+0,7.4179e+9
0.03438,0.12292,6.5088e+0,2.7939e+11,5.0168e+11
0.03646,0.12292,6.3990e+0,1.1795e+8,2.6683e+11
0.03854,0.12292,6.2634e+0,3.8159e+11,2.1673e+11
0.04063,0.12292,6.1306e+0,7.7173e+11,1.2792e+11
0.04271,0.12292,6.0306e+0,5.9010e+11,2.6134e+11
0.04479,0.12292,5.9365e+0,1.7001e+11,3.2087e+11
0.04688,0.12292,5.8200e+0,7.1973e+10,0.0000e+0
0.04896,0.12292,5.7028e+0,3.6474e+11,7.2105e+11
0.05104,0.12292,5.5624e+0,8.3692e+10,5.9063e+11
0.05312,0.12292,5.3884e+0,4.2224e+11,3.1132e+11
0.05521,0.12292,5.2244e+0,1.6027e+11,1.3391e+11
0.05729,0.12292,5.0700e+0,1.8151e+10,2.9517e+11
0.05937,0.12292,4.9103e+0,6.7687e+10,8.2211e+11
0.06146,0.12292,4.7169e+0,4.2528e+9,4.7126e+11
0.06354,0.12292,4.5131e+0,1.3190e+11,5.0677e+10
0.06563,0.12292,4.3397e+0,3.1940e+10,4.0981e+11
0.06771,0.12292,4.1589e+0,0.0000e+0,7.9803e+11
0.06979,0.12292,3.9412e+0,5.0882e+10,4.8282e+11
0.07187,0.12292,3.7089e+0,1.1710e+11,1.8882e+11
0.07396,0.12292,3.4827e+0,0.0000e+0,1.9274e+11
0.07604,0.12292,3.2500e+0,0.0000e+0,1.7369e+11
0.07813,0.12292,3.0080e+0,0.0000e+0,1.8072e+11
0.08021,0.12292,2.7517e+0,5.0148e+10,9.2050e+10
0.08229,0.12292,2.4962e+0,3.9377e+10,3.4725e+10
0.08438,0.12292,2.2495e+0,0.0000e+0,7.1633e+11
0.08646,0.12292,1.9630e+0,1.3836e+9,6.0373e+11
0.08854,0.12292,1.6444e+0,3.1294e+10,1.3130e+11
0.09062,0.12292,1.3283e+0,0.0000e+0,1.4808e+10
0.09271,0.12292,1.0203e+0,0.0000e+0,0.0000e+0
0.09479,0.12292,7.2005e-1,0.0000e+0,0.0000e+0
0.09688,0.12292,4.2691e-1,0.0000e+0,0.0000e+0
0.09896,0.12292,1.4028e-1,0.0000e+0,0.0000e+0
0.00104,0.12708,7.1582e+0,0.0000e+0,0.0000e+0
0.00313,0.12708,7.1507e+0,0.0000e+0,0.0000e+0
0.00521,0.12708,7.1381e+0,3.4854e+11,0.0000e+0
0.00729,0.12708,7.1401e+0,2.8258e+11,0.0000e+0
0.00937,0.12708,7.1388e+0,0.0000e+0,0.0000e+0
0.01146,0.12708,7.1202e+0,0.0000e+0,0.0000e+0
0.01354,0.12708,7.0855e+0,0.0000e+0,0.0000e+0
0.01563,0.12708,7.0368e+0,0.0000e+0,0.0000e+0
0.01771,0.12708,6.9738e+0,2.3794e+11,0.0000e+0
0.01979,0.12708,6.9105e+0,1.0287e+12,0.0000e+0
0.02187,0.12708,6.8934e+0,1.5944e+11,0.0000e+0
0.02396,0.12708,6.8651e+0,0.0000e+0,0.0000e+0
0.02604,0.12708,6.8214e+0,3.8383e+11,2.2150e+11
0.02813,0.12708,6.7759e+0,8.1009e+9,1.0719e+11
0.03021,0.12708,6.7125e+0,0.0000e+0,0.0000e+0
0.03229,0.12708,6.6407e+0,0.0000e+0,2.6911e+10
0.03438,0.12708,6.5626e+0,3.7181e+11,4.0459e+11
0.03646,0.12708,6.4755e+0,1.5696e+8,6.1863e+11
0.03854,0.12708,6.3481e+0,2.4317e+11,5.2348e+11
0.04063,0.12708,6.2069e+0,6.7326e+11,2.5531e+11
0.04271,0.12708,6.1017e+0,1.2492e+11,4.8554e+11
0.04479,0.12708,5.9753e+0,2.5976e+10,4.9553e+11
0.04688,0.12708,5.8167e+0,1.2432e+11,0.0000e+0
0.04896,0.12708,5.6599e+0,4.8525e+11,7.2379e+10
0.05104,0.12708,5.5163e+0,2.3703e+11,3.4025e+10
0.05312,0.12708,5.3706e+0,9.4002e+10,5.5570e+10
0.05521,0.12708,5.2178e+0,8.1497e+9,1.7805e+11
0.05729,0.12708,5.0519e+0,1.5179e+9,1.6481e+11
0.05937,0.12708,4.8758e+0,3.1960e+11,6.2491e+11
0.06146,0.12708,4.6773e+0,5.4221e+10,1.2384e+11
0.06354,0.12708,4.4759e+0,3.1728e+11,8.4929e+10
0.06563,0.12708,4.2936e+0,6.0215e+10,2.3471e+11
0.06771,0.12708,4.0981e+0,2.3534e+11,1.8679e+11
0.06979,0.12708,3.9099e+0,0.0000e+0,2.5787e+11
0.07187,0.12708,3.7119e+0,4.0866e+10,6.2884e+11
0.07396,0.12708,3.4867e+0,1.1865e+11,3.3588e+11
0.07604,0.12708,3.2594e+0,0.0000e+0,3.1318e+11
0.07813,0.12708,3.0218e+0,0.0000e+0,4.4882e+11
0.08021,0.12708,2.7662e+0,1.0449e+11,5.7566e+11
0.08229,0.12708,2.4933e+0,8.2044e+10,8.2701e+10
0.08438,0.12708,2.2313e+0,1.3053e+11,5.2817e+11
0.08646,0.12708,1.9442e+0,1.1860e+11,4.5224e+11
0.08854,0.12708,1.6347e+0,2.1117e+11,2.2507e+11
0.09062,0.12708,1.3261e+0,0.0000e+0,2.5789e+10
0.09271,0.12708,1.0207e+0,0.0000e+0,0.0000e+0
0.09479,0.12708,7.2116e-1,0.0000e+0,0.0000e+0
0.09688,0.12708,4.2782e-1,0.0000e+0,0.0000e+0
0.09896,0.12708,1.4062e-1,0.0000e+0,0.0000e+0
0.00104,0.13125,7.1762e+0,0.0000e+0,0.0000e+0
0.00313,0.13125,7.1520e+0,0.0000e+0,0.0000e+0
0.00521,0.13125,7.0955e+0,1.6654e+12,0.0000e+0
0.00729,0.13125,7.1398e+0,1.3502e+12,0.0000e+0
0.00937,0.13125,7.1885e+0,0.0000e+0,0.0000e+0
0.01146,0.13125,7.1911e+0,0.0000e+0,0.0000e+0
0.01354,0.13125,7.1718e+0,0.0000e+0,0.0000e+0
0.01563,0.13125,7.1392e+0,0.0000e+0,0.0000e+0
0.01771,0.13125,7.0951e+0,0.0000e+0,0.0000e+0
0.01979,0.13125,7.0532e+0,2.1089e+11,3.1732e+10
0.02187,0.13125,7.0338e+0,4.8689e+10,9.8160e+11
0.02396,0.13125,6.9634e+0,0.0000e+0,0.0000e+0
0.02604,0.13125,6.9018e+0,4.5697e+11,3.4328e+11
0.02813,0.13125,6.8506e+0,9.6444e+9,1.6612e+11
0.03021,0.13125,6.7856e+0,0.0000e+0,0.0000e+0
0.03229,0.13125,6.7176e+0,0.0000e+0,5.0367e+10
0.03438,0.13125,6.6465e+0,0.0000e+0,4.2390e+11
0.03646,0.13125,6.5481e+0,2.7966e+11,4.9314e+11
0.03854,0.13125,6.4316e+0,2.5641e+11,7.9786e+11
0.04063,0.13125,6.2910e+0,2.0130e+11,1.2748e+11
0.04271,0.13125,6.1664e+0,0.0000e+0,3.3853e+11
0.04479,0.13125,6.0254e+0,0.0000e+0,2.9610e+11
0.04688,0.13125,5.8702e+0,0.0000e+0,0.0000e+0
0.04896,0.13125,5.7249e+0,6.7546e+10,3.5062e+11
0.05104,0.13125,5.5701e+0,1.0219e+11,2.5890e+11
0.05312,0.13125,5.4154e+0,2.5802e+10,4.6290e+11
0.05521,0.13125,5.2368e+0,1.1138e+11,2.0511e+11
0.05729,0.13125,5.0493e+0,1.5026e+10,8.5020e+10
0.05937,0.13125,4.8505e+0,3.2807e+11,1.0238e+10
0.06146,0.13125,4.6612e+0,3.0982e+10,1.0232e+11
0.06354,0.13125,4.4567e+0,3.5890e+11,1.5176e+11
0.06563,0.13125,4.2638e+0,1.6580e+11,3.6456e+11
0.06771,0.13125,4.0562e+0,2.4571e+11,7.6587e+10
0.06979,0.13125,3.8599e+0,1.3514e+11,1.0042e+11
0.07187,0.13125,3.6641e+0,3.7272e+10,1.4339e+11
0.07396,0.13125,3.4586e+0,1.0822e+11,3.3557e+11
0.07604,0.13125,3.2372e+0,1.4430e+11,4.8557e+11
0.07813,0.13125,2.9931e+0,2.8991e+11,4.7349e+11
0.08021,0.13125,2.7313e+0,1.8972e+11,1.7450e+11
0.08229,0.13125,2.4693e+0,1.4873e+11,4.7936e+10
0.08438,0.13125,2.2161e+0,4.9211e+10,3.8235e+11
0.08646,0.13125,1.9367e+0,1.0330e+10,1.2406e+11
0.08854,0.13125,1.6476e+0,0.0000e+0,4.2769e+11
0.09062,0.13125,1.3331e+0,0.0000e+0,1.4996e+10
0.09271,0.13125,1.0248e+0,0.0000e+0,0.0000e+0
0.09479,0.13125,7.2357e-1,0.0000e+0,0.0000e+0
0.09688,0.13125,4.2910e-1,0.0000e+0,0.0000e+0
0.09896,0.13125,1.4102e-1,0.0000e+0,0.0000e+0
0.00104,0.13542,7.3863e+0,0.0000e+0,0.0000e+0
0.00313,0.13542,7.3893e+0,0.0000e+0,0.0000e+0
0.00521,0.13542,7.3998e+0,0.0000e+0,0.0000e+0
0.00729,0.13542,7.4310e+0,0.0000e+0,1.1881e+12
0.00937,0.13542,7.3994e+0,0.0000e+0,4.3568e+11
0.01146,0.13542,7.3561e+0,0.0000e+0,0.0000e+0
0.01354,0.13542,7.3270e+0,0.0000e+0,9.9550e+10
0.01563,0.13542,7.3082e+0,0.0000e+0,1.1323e+12
0.01771,0.13542,7.2277e+0,0.0000e+0,0.0000e+0
0.01979,0.13542,7.1626e+0,0.0000e+0,4.2265e+8
0.02187,0.13542,7.1061e+0,0.0000e+0,1.3074e+10
0.02396,0.13542,7.0493e+0,0.0000e+0,0.0000e+0
0.02604,0.13542,6.9972e+0,0.0000e+0,0.0000e+0
0.02813,0.13542,6.9525e+0,0.0000e+0,3.8696e+11
0.03021,0.13542,6.8888e+0,0.0000e+0,3.8795e+11
0.03229,0.13542,6.8093e+0,0.0000e+0,2.4392e+11
0.03438,0.13542,6.7270e+0,0.0000e+0,4.9736e+11
0.03646,0.13542,6.6220e+0,6.7308e+10,4.2730e+11
0.03854,0.13542,6.5014e+0,4.9048e+10,5.4610e+11
0.04063,0.13542,6.3590e+0,0.0000e+0,1.6540e+11
0.04271,0.13542,6.2162e+0,0.0000e+0,1.5913e+11
0.04479,0.13542,6.0672e+0,0.0000e+0,2.0288e+11
0.04688,0.13542,5.9105e+0,0.0000e+0,0.0000e+0
0.04896,0.13542,5.7620e+0,1.0994e+11,3.1969e+11
0.05104,0.13542,5.6037e+0,1.6633e+11,2.3335e+11
0.05312,0.13542,5.4499e+0,5.1038e+10,3.8227e+11
0.05521,0.13542,5.2834e+0,2.2032e+11,4.7778e+11
0.05729,0.13542,5.1053e+0,0.0000e+0,3.7340e+11
0.05937,0.13542,4.9073e+0,0.0000e+0,1.4282e+11
0.06146,0.13542,4.7041e+0,3.0683e+11,4.9344e+11
0.06354,0.13542,4.4848e+0,2.8768e+11,3.5191e+11
0.06563,0.13542,4.2562e+0,4.9663e+11,1.3796e+11
0.06771,0.13542,4.0428e+0,3.4055e+11,2.4829e+10
0.06979,0.13542,3.8440e+0,1.9437e+11,1.4666e+11
0.07187,0.13542,3.6444e+0,3.0541e+10,5.2236e+9
0.07396,0.13542,3.4447e+0,0.0000e+0,1.2626e+11
0.07604,0.13542,3.2347e+0,5.9054e+10,5.0731e+11
0.07813,0.13542,2.9925e+0,1.5719e+11,4.2944e+11
0.08021,0.13542,2.7276e+0,3.7358e+11,3.3803e+11
0.08229,0.13542,2.4678e+0,3.6815e+11,1.6086e+11
0.08438,0.13542,2.2261e+0,1.8422e+11,6.8789e+11
0.08646,0.13542,1.9597e+0,5.6905e+9,7.6689e+11
0.08854,0.13542,1.6556e+0,1.8972e+8,3.5672e+11
0.09062,0.13542,1.3393e+0,0.0000e+0,8.3174e+10
0.09271,0.13542,1.0278e+0,0.0000e+0,0.0000e+0
0.09479,0.13542,7.2520e-1,0.0000e+0,0.0000e+0
0.09688,0.13542,4.2994e-1,0.0000e+0,0.0000e+0
0.09896,0.13542,1.4128e-1,0.0000e+0,0.0000e+0
0.00104,0.13958,7.5737e+0,0.0000e+0,0.0000e+0
0.00313,0.13958,7.5783e+0,0.0000e+0,0.0000e+0
0.00521,0.13958,7.5879e+0,0.0000e+0,0.0000e+0
0.00729,0.13958,7.6009e+0,0.0000e+0,8.9914e+11
0.00937,0.13958,7.5533e+0,0.0000e+0,3.2973e+11
0.01146,0.13958,7.4912e+0,0.0000e+0,0.0000e+0
0.01354,0.13958,7.4242e+0,7.4596e+11,1.7538e+10
0.01563,0.13958,7.3951e+0,6.4626e+11,8.3221e+11
0.01771,0.13958,7.3328e+0,0.0000e+0,1.2601e+11
0.01979,0.13958,7.2632e+0,0.0000e+0,0.0000e+0
0.02187,0.13958,7.1970e+0,0.0000e+0,0.0000e+0
0.02396,0.13958,7.1353e+0,0.0000e+0,0.0000e+0
0.02604,0.13958,7.0787e+0,0.0000e+0,0.0000e+0
0.02813,0.13958,7.0253e+0,0.0000e+0,4.1621e+11
0.03021,0.13958,6.9529e+0,9.2202e+10,5.9300e+11
0.03229,0.13958,6.8564e+0,5.0348e+11,8.1903e+11
0.03438,0.13958,6.7653e+0,0.0000e+0,4.4923e+11
0.03646,0.13958,6.6639e+0,0.0000e+0,6.9790e+11
0.03854,0.13958,6.5378e+0,0.0000e+0,4.3847e+11
0.04063,0.13958,6.4057e+0,0.0000e+0,3.6062e+11
0.04271,0.13958,6.2690e+0,0.0000e+0,6.8247e+11
0.04479,0.13958,6.1050e+0,0.0000e+0,2.0755e+11
0.04688,0.13958,5.9443e+0,8.0164e+10,1.5481e+11
0.04896,0.13958,5.7926e+0,1.6760e+11,5.0030e+11
0.05104,0.13958,5.6280e+0,0.0000e+0,4.0139e+10
0.05312,0.13958,5.4676e+0,0.0000e+0,0.0000e+0
0.05521,0.13958,5.3114e+0,0.0000e+0,1.2992e+11
0.05729,0.13958,5.1509e+0,4.0738e+10,3.5950e+11
0.05937,0.13958,4.9759e+0,1.1226e+11,6.1898e+11
0.06146,0.13958,4.7767e+0,5.7780e+10,4.1877e+11
0.06354,0.13958,4.5646e+0,1.3541e+9,5.2160e+11
0.06563,0.13958,4.3248e+0,1.1607e+11,1.2495e+11
0.06771,0.13958,4.0907e+0,2.4922e+11,2.1831e+10
0.06979,0.13958,3.8731e+0,1.6000e+11,1.2895e+11
0.07187,0.13958,3.6583e+0,1.6784e+11,0.0000e+0
0.07396,0.13958,3.4554e+0,0.0000e+0,9.7632e+10
0.07604,0.13958,3.2514e+0,0.0000e+0,5.9285e+11
0.07813,0.13958,3.0164e+0,0.0000e+0,6.5666e+11
0.08021,0.13958,2.7477e+0,1.0196e+11,2.2750e+11
0.08229,0.13958,2.4794e+0,7.2811e+10,1.6603e+11
0.08438,0.13958,2.2064e+0,0.0000e+0,7.7183e+10
0.08646,0.13958,1.9220e+0,2.5515e+11,2.1772e+11
0.08854,0.13958,1.6306e+0,2.0487e+10,1.7750e+11
0.09062,0.13958,1.3286e+0,0.0000e+0,1.0806e+11
0.09271,0.13958,1.0233e+0,0.0000e+0,0.0000e+0
0.09479,0.13958,7.2352e-1,0.0000e+0,0.0000e+0
0.09688,0.13958,4.2945e-1,0.0000e+0,0.0000e+0
0.09896,0.13958,1.4119e-1,0.0000e+0,0.0000e+0
0.00104,0.14375,7.7217e+0,0.0000e+0,0.0000e+0
0.00313,0.14375,7.7296e+0,0.0000e+0,0.0000e+0
0.00521,0.14375,7.7446e+0,0.0000e+0,2.2378e+11
0.00729,0.14375,7.7505e+0,0.0000e+0,7.4609e+11
0.00937,0.14375,7.7109e+0,0.0000e+0,0.0000e+0
0.01146,0.14375,7.6935e+0,0.0000e+0,9.3659e+11
0.01354,0.14375,7.6365e+0,8.1081e+10,9.1117e+11
0.01563,0.14375,7.5592e+0,7.0243e+10,8.6092e+11
0.01771,0.14375,7.4585e+0,0.0000e+0,1.0687e+11
0.01979,0.14375,7.3792e+0,0.0000e+0,4.1893e+11
0.02187,0.14375,7.2945e+0,0.0000e+0,1.7403e+11
0.02396,0.14375,7.2211e+0,0.0000e+0,8.9018e+10
0.02604,0.14375,7.1655e+0,0.0000e+0,1.0271e+12
0.02813,0.14375,7.0616e+0,0.0000e+0,3.5772e+11
0.03021,0.14375,6.9530e+0,1.6227e+10,3.7873e+11
0.03229,0.14375,6.8349e+0,8.8609e+10,1.9496e+11
0.03438,0.14375,6.7269e+0,0.0000e+0,2.3527e+11
0.03646,0.14375,6.6114e+0,0.0000e+0,1.9144e+11
0.03854,0.14375,6.4883e+0,1.6357e+11,0.0000e+0
0.04063,0.14375,6.3849e+0,3.3765e+11,9.2206e+11
0.04271,0.14375,6.2456e+0,2.1605e+11,5.1174e+11
0.04479,0.14375,6.0948e+0,4.7863e+10,5.4566e+10
0.04688,0.14375,5.9497e+0,1.4852e+11,4.1953e+11
0.04896,0.14375,5.7965e+0,3.3293e+11,3.3136e+11
0.05104,0.14375,5.6487e+0,1.2365e+11,2.1442e+11
0.05312,0.14375,5.4938e+0,0.0000e+0,4.7365e+10
0.05521,0.14375,5.3397e+0,0.0000e+0,1.7911e+11
0.05729,0.14375,5.1802e+0,6.0640e+10,4.5409e+11
0.05937,0.14375,5.0042e+0,1.6710e+11,5.8250e+11
0.06146,0.14375,4.8130e+0,0.0000e+0,2.4410e+11
0.06354,0.14375,4.6201e+0,0.0000e+0,5.8002e+11
0.06563,0.14375,4.4021e+0,0.0000e+0,4.6706e+11
0.06771,0.14375,4.1672e+0,5.8349e+10,2.3163e+11
0.06979,0.14375,3.9309e+0,1.3630e+10,2.2460e+10
0.07187,0.14375,3.6996e+0,2.2158e+10,1.6139e+11
0.07396,0.14375,3.4624e+0,2.3821e+11,1.4349e+11
0.07604,0.14375,3.2300e+0,2.5435e+11,1.5935e+11
0.07813,0.14375,2.9960e+0,1.6051e+11,2.2132e+11
0.08021,0.14375,2.7538e+0,2.5701e+11,2.5379e+11
0.08229,0.14375,2.5083e+0,1.4057e+11,5.3640e+11
0.08438,0.14375,2.2353e+0,0.0000e+0,2.7515e+11
0.08646,0.14375,1.9447e+0,1.0644e+11,3.6511e+11
0.08854,0.14375,1.6340e+0,2.5895e+11,1.6629e+11
0.09062,0.14375,1.3252e+0,1.0696e+11,0.0000e+0
0.09271,0.14375,1.0239e+0,0.0000e+0,0.0000e+0
0.09479,0.14375,7.2511e-1,0.0000e+0,0.0000e+0
0.09688,0.14375,4.3073e-1,0.0000e+0,0.0000e+0
0.09896,0.14375,1.4166e-1,0.0000e+0,0.0000e+0
0.00104,0.14792,7.8092e+0,0.0000e+0,0.0000e+0
0.00313,0.14792,7.8215e+0,0.0000e+0,0.0000e+0
0.00521,0.14792,7.8498e+0,0.0000e+0,5.3488e+11
0.00729,0.14792,7.8678e+0,0.0000e+0,1.7833e+12
0.00937,0.14792,7.8043e+0,0.0000e+0,0.0000e+0
0.01146,0.14792,7.7872e+0,0.0000e+0,1.2731e+12
0.01354,0.14792,7.7202e+0,0.0000e+0,1.0300e+12
0.01563,0.14792,7.6214e+0,0.0000e+0,6.7273e+11
0.01771,0.14792,7.5082e+0,0.0000e+0,0.0000e+0
0.01979,0.14792,7.4194e+0,0.0000e+0,3.5654e+11
0.02187,0.14792,7.3224e+0,0.0000e+0,1.4812e+11
0.02396,0.14792,7.2302e+0,0.0000e+0,2.9791e+10
0.02604,0.14792,7.1485e+0,5.2051e+11,1.0589e+12
0.02813,0.14792,7.0357e+0,8.2872e+10,5.4589e+11
0.03021,0.14792,6.9034e+0,2.7977e+11,4.1252e+11
0.03229,0.14792,6.7711e+0,3.6067e+11,0.0000e+0
0.03438,0.14792,6.6710e+0,0.0000e+0,2.5344e+11
0.03646,0.14792,6.5565e+0,1.3321e+11,1.5623e+11
0.03854,0.14792,6.4375e+0,1.8663e+11,0.0000e+0
0.04063,0.14792,6.3314e+0,1.8588e+11,4.2503e+11
0.04271,0.14792,6.2056e+0,4.4116e+11,5.3086e+11
0.04479,0.14792,6.0817e+0,2.4738e+11,5.7861e+11
0.04688,0.14792,5.9382e+0,2.3503e+11,7.2761e+10
0.04896,0.14792,5.8183e+0,8.3854e+10,6.2161e+11
0.05104,0.14792,5.6755e+0,2.3771e+11,4.4908e+11
0.05312,0.14792,5.5259e+0,9.3932e+9,3.0372e+11
0.05521,0.14792,5.3572e+0,1.0820e+10,1.0713e+11
0.05729,0.14792,5.1821e+0,7.2512e+10,3.8184e+11
0.05937,0.14792,4.9866e+0,2.9650e+11,2.6827e+10
0.06146,0.14792,4.8054e+0,0.0000e+0,4.9231e+10
0.06354,0.14792,4.6208e+0,0.0000e+0,9.8726e+10
0.06563,0.14792,4.4290e+0,0.0000e+0,2.6914e+11
0.06771,0.14792,4.2205e+0,0.0000e+0,3.4707e+11
0.06979,0.14792,3.9940e+0,0.0000e+0,2.9160e+11
0.07187,0.14792,3.7543e+0,3.6227e+10,2.6849e+11
0.07396,0.14792,3.5005e+0,3.1370e+11,3.4586e+10
0.07604,0.14792,3.2637e+0,3.7205e+10,1.9920e+10
0.07813,0.14792,3.0269e+0,9.4397e+10,5.8791e+10
0.08021,0.14792,2.7938e+0,1.1450e+10,2.2223e+11
0.08229,0.14792,2.5491e+0,0.0000e+0,4.7326e+11
0.08438,0.14792,2.2764e+0,1.9188e+11,4.3298e+11
0.08646,0.14792,1.9943e+0,1.3330e+10,5.9237e+11
0.08854,0.14792,1.6823e+0,6.0519e+9,3.8676e+11
0.09062,0.14792,1.3574e+0,4.8889e+9,4.7991e+10
0.09271,0.14792,1.0417e+0,0.0000e+0,0.0000e+0
0.09479,0.14792,7.3509e-1,0.0000e+0,0.0000e+0
0.09688,0.14792,4.3586e-1,0.0000e+0,0.0000e+0
0.09896,0.14792,1.4323e-1,0.0000e+0,0.0000e+0
0.00104,0.15208,7.7977e+0,0.0000e+0,0.0000e+0
0.00313,0.15208,7.7961e+0,0.0000e+0,0.0000e+0
0.00521,0.15208,7.7910e+0,0.0000e+0,0.0000e+0
0.00729,0.15208,7.7768e+0,0.0000e+0,0.0000e+0
0.00937,0.15208,7.7479e+0,0.0000e+0,0.0000e+0
0.01146,0.15208,7.7114e+0,0.0000e+0,0.0000e+0
0.01354,0.15208,7.6585e+0,0.0000e+0,0.0000e+0
0.01563,0.15208,7.5866e+0,0.0000e+0,0.0000e+0
0.01771,0.15208,7.5078e+0,0.0000e+0,1.1431e+11
0.01979,0.15208,7.4199e+0,0.0000e+0,1.3808e+11
0.02187,0.15208,7.3199e+0,0.0000e+0,0.0000e+0
0.02396,0.15208,7.2181e+0,0.0000e+0,7.8053e+9
0.02604,0.15208,7.1158e+0,2.1328e+11,7.9490e+11
0.02813,0.15208,6.9702e+0,4.4270e+11,1.7733e+11
0.03021,0.15208,6.8357e+0,4.5683e+11,6.6446e+10
0.03229,0.15208,6.7207e+0,3.1666e+11,0.0000e+0
0.03438,0.15208,6.6187e+0,6.6124e+11,1.6298e+11
0.03646,0.15208,6.5322e+0,3.9824e+11,4.5445e+11
0.03854,0.15208,6.4241e+0,8.3023e+10,1.0504e+11
0.04063,0.15208,6.3007e+0,5.6881e+10,6.3091e+10
0.04271,0.15208,6.1673e+0,4.4695e+11,8.9812e+10
0.04479,0.15208,6.0499e+0,2.6496e+11,4.1839e+11
0.04688,0.15208,5.9162e+0,4.2897e+11,3.1447e+11
0.04896,0.15208,5.8003e+0,2.5038e+11,3.4702e+11
0.05104,0.15208,5.6796e+0,2.5114e+11,2.2458e+11
0.05312,0.15208,5.5636e+0,3.5319e+10,8.3556e+11
0.05521,0.15208,5.3975e+0,1.0336e+11,5.8500e+11
0.05729,0.15208,5.2047e+0,2.5915e+11,1.9625e+11
0.05937,0.15208,5.0146e+0,8.4011e+10,1.1790e+11
0.06146,0.15208,4.8209e+0,2.4103e+11,0.0000e+0
0.06354,0.15208,4.6437e+0,1.9891e+11,2.0031e+11
0.06563,0.15208,4.4636e+0,0.0000e+0,2.4039e+11
0.06771,0.15208,4.2641e+0,2.4142e+10,3.6522e+11
0.06979,0.15208,4.0456e+0,6.8495e+10,2.0429e+11
0.07187,0.15208,3.8285e+0,1.8530e+11,9.2492e+11
0.07396,0.15208,3.5776e+0,4.3058e+10,2.7102e+11
0.07604,0.15208,3.3301e+0,0.0000e+0,1.7506e+11
0.07813,0.15208,3.0825e+0,1.0844e+11,2.0783e+11
0.08021,0.15208,2.8352e+0,4.2358e+10,2.4986e+11
0.08229,0.15208,2.5799e+0,0.0000e+0,2.8680e+11
0.08438,0.15208,2.3080e+0,5.5906e+10,5.1007e+11
0.08646,0.15208,2.0090e+0,4.6632e+10,3.6731e+11
0.08854,0.15208,1.6931e+0,4.8206e+10,2.6158e+11
0.09062,0.15208,1.3688e+0,0.0000e+0,2.2397e+10
0.09271,0.15208,1.0515e+0,0.0000e+0,0.0000e+0
0.09479,0.15208,7.4209e-1,0.0000e+0,0.0000e+0
0.09688,0.15208,4.3998e-1,0.0000e+0,0.0000e+0
0.09896,0.15208,1.4458e-1,0.0000e+0,0.0000e+0
0.00104,0.15625,7.7989e+0,0.0000e+0,0.0000e+0
0.00313,0.15625,7.7942e+0,0.0000e+0,0.0000e+0
0.00521,0.15625,7.7843e+0,0.0000e+0,0.0000e+0
0.00729,0.15625,7.7696e+0,0.0000e+0,0.0000e+0
0.00937,0.15625,7.7511e+0,0.0000e+0,0.0000e+0
0.01146,0.15625,7.7331e+0,0.0000e+0,1.5179e+11
0.01354,0.15625,7.7118e+0,0.0000e+0,1.2598e+12
0.01563,0.15625,7.6193e+0,0.0000e+0,0.0000e+0
0.01771,0.15625,7.5473e+0,0.0000e+0,4.2383e+11
0.01979,0.15625,7.4639e+0,0.0000e+0,5.1196e+11
0.02187,0.15625,7.3632e+0,0.0000e+0,5.1297e+11
0.02396,0.15625,7.2409e+0,0.0000e+0,2.5067e+10
0.02604,0.15625,7.1270e+0,0.0000e+0,4.7222e+11
0.02813,0.15625,6.9821e+0,3.2291e+11,0.0000e+0
0.03021,0.15625,6.8623e+0,1.2489e+11,0.0000e+0
0.03229,0.15625,6.7600e+0,4.6517e+11,2.3210e+11
0.03438,0.15625,6.6751e+0,6.2697e+11,4.8010e+11
0.03646,0.15625,6.6098e+0,2.3491e+10,1.0816e+12
0.03854,0.15625,6.4808e+0,5.3779e+10,4.1572e+11
0.04063,0.15625,6.3443e+0,2.0125e+11,5.1561e+11
0.04271,0.15625,6.1985e+0,2.0790e+10,2.2414e+11
0.04479,0.15625,6.0444e+0,3.3939e+11,1.7210e+11
0.04688,0.15625,5.8985e+0,7.3303e+11,1.8243e+11
0.04896,0.15625,5.7889e+0,1.9590e+11,3.7429e+10
0.05104,0.15625,5.6881e+0,1.6367e+11,4.1370e+11
0.05312,0.15625,5.5701e+0,2.2479e+11,7.3689e+11
0.05521,0.15625,5.4259e+0,1.0393e+10,5.4648e+11
0.05729,0.15625,5.2576e+0,2.9046e+9,4.6384e+11
0.05937,0.15625,5.0732e+0,7.5569e+10,5.2588e+11
0.06146,0.15625,4.8724e+0,2.3761e+11,0.0000e+0
0.06354,0.15625,4.6999e+0,1.7116e+11,2.7096e+11
0.06563,0.15625,4.5243e+0,0.0000e+0,6.9762e+11
0.06771,0.15625,4.3052e+0,6.0137e+10,3.3976e+11
0.06979,0.15625,4.0717e+0,1.7062e+11,2.8093e+11
0.07187,0.15625,3.8270e+0,4.5750e+11,1.5895e+11
0.07396,0.15625,3.5974e+0,2.5086e+11,1.7960e+11
0.07604,0.15625,3.3690e+0,2.2326e+11,4.1202e+11
0.07813,0.15625,3.1311e+0,1.2339e+11,5.2855e+11
0.08021,0.15625,2.8743e+0,3.7562e+10,2.8448e+11
0.08229,0.15625,2.6130e+0,0.0000e+0,3.9623e+11
0.08438,0.15625,2.3341e+0,0.0000e+0,5.7989e+11
0.08646,0.15625,2.0195e+0,7.7457e+10,2.3060e+11
0.08854,0.15625,1.6989e+0,8.7347e+10,2.0217e+11
0.09062,0.15625,1.3751e+0,0.0000e+0,0.0000e+0
0.09271,0.15625,1.0576e+0,0.0000e+0,0.0000e+0
0.09479,0.15625,7.4687e-1,0.0000e+0,0.0000e+0
0.09688,0.15625,4.4296e-1,0.0000e+0,0.0000e+0
0.09896,0.15625,1.4558e-1,0.0000e+0,0.0000e+0
0.00104,0.16042,7.8388e+0,0.0000e+0,0.0000e+0
0.00313,0.16042,7.8314e+0,0.0000e+0,0.0000e+0
0.00521,0.16042,7.8168e+0,0.0000e+0,0.0000e+0
0.00729,0.16042,7.7957e+0,0.0000e+0,0.0000e+0
0.00937,0.16042,7.7685e+0,0.0000e+0,0.0000e+0
0.01146,0.16042,7.7347e+0,0.0000e+0,2.9040e+10
0.01354,0.16042,7.6894e+0,0.0000e+0,2.4102e+11
0.01563,0.16042,7.6135e+0,0.0000e+0,0.0000e+0
0.01771,0.16042,7.5354e+0,0.0000e+0,0.0000e+0
0.01979,0.16042,7.4552e+0,0.0000e+0,0.0000e+0
0.02187,0.16042,7.3746e+0,0.0000e+0,4.7641e+11
0.02396,0.16042,7.2635e+0,0.0000e+0,2.2066e+10
0.02604,0.16042,7.1550e+0,0.0000e+0,3.7327e+11
0.02813,0.16042,7.0185e+0,3.7481e+11,0.0000e+0
0.03021,0.16042,6.9058e+0,3.8314e+11,0.0000e+0
0.03229,0.16042,6.8315e+0,9.4606e+10,6.2247e+11
0.03438,0.16042,6.7301e+0,4.6490e+10,2.8284e+11
0.03646,0.16042,6.6252e+0,0.0000e+0,5.8681e+11
0.03854,0.16042,6.4885e+0,7.8855e+10,1.8486e+11
0.04063,0.16042,6.3574e+0,3.5992e+11,5.9709e+11
0.04271,0.16042,6.2221e+0,1.9664e+10,1.4121e+11
0.04479,0.16042,6.0871e+0,0.0000e+0,2.3913e+11
0.04688,0.16042,5.9411e+0,3.5397e+11,3.8964e+11
0.04896,0.16042,5.7969e+0,6.0639e+11,1.0160e+11
0.05104,0.16042,5.6883e+0,8.7173e+10,3.0035e+11
0.05312,0.16042,5.5570e+0,2.0164e+11,3.3374e+11
0.05521,0.16042,5.4084e+0,3.6175e+11,2.6210e+11
0.05729,0.16042,5.2572e+0,2.0914e+11,4.9273e+11
0.05937,0.16042,5.0844e+0,5.0978e+11,4.1116e+11
0.06146,0.16042,4.9122e+0,9.2351e+10,1.6542e+10
0.06354,0.16042,4.7537e+0,8.1928e+10,5.7700e+11
0.06563,0.16042,4.5652e+0,0.0000e+0,4.0096e+11
0.06771,0.16042,4.3518e+0,0.0000e+0,1.6860e+11
0.06979,0.16042,4.1292e+0,0.0000e+0,9.6675e+10
0.07187,0.16042,3.9002e+0,3.4018e+10,3.6221e+11
0.07396,0.16042,3.6546e+0,1.4445e+11,1.5424e+11
0.07604,0.16042,3.4185e+0,1.4618e+11,8.2274e+11
0.07813,0.16042,3.1468e+0,1.4853e+11,2.2481e+11
0.08021,0.16042,2.8827e+0,0.0000e+0,1.5490e+11
0.08229,0.16042,2.6192e+0,7.4436e+8,2.5362e+11
0.08438,0.16042,2.3500e+0,9.0419e+8,7.4368e+11
0.08646,0.16042,2.0384e+0,0.0000e+0,3.8018e+11
0.08854,0.16042,1.7120e+0,0.0000e+0,1.5683e+11
0.09062,0.16042,1.3856e+0,0.0000e+0,5.3199e+10
0.09271,0.16042,1.0646e+0,0.0000e+0,0.0000e+0
0.09479,0.16042,7.5154e-1,0.0000e+0,0.0000e+0
0.09688,0.16042,4.4567e-1,0.0000e+0,0.0000e+0
0.09896,0.16042,1.4647e-1,0.0000e+0,0.0000e+0
0.00104,0.16458,7.9367e+0,0.0000e+0,0.0000e+0
0.00313,0.16458,7.9255e+0,0.0000e+0,0.0000e+0
0.00521,0.16458,7.9041e+0,0.0000e+0,0.0000e+0
0.00729,0.16458,7.8743e+0,0.0000e+0,0.0000e+0
0.00937,0.16458,7.8394e+0,0.0000e+0,0.0000e+0
0.01146,0.16458,7.8016e+0,0.0000e+0,1.1476e+11
0.01354,0.16458,7.7510e+0,0.0000e+0,5.4906e+11
0.01563,0.16458,7.6580e+0,0.0000e+0,0.0000e+0
0.01771,0.16458,7.5687e+0,0.0000e+0,0.0000e+0
0.01979,0.16458,7.4820e+0,0.0000e+0,0.0000e+0
0.02187,0.16458,7.3955e+0,0.0000e+0,0.0000e+0
0.02396,0.16458,7.3058e+0,0.0000e+0,3.6460e+10
0.02604,0.16458,7.2171e+0,1.3435e+10,7.7831e+11
0.02813,0.16458,7.0817e+0,7.1392e+10,0.0000e+0
0.03021,0.16458,6.9658e+0,7.2699e+10,0.0000e+0
0.03229,0.16458,6.8679e+0,5.9038e+11,7.9871e+11
0.03438,0.16458,6.7522e+0,0.0000e+0,4.5267e+11
0.03646,0.16458,6.6107e+0,7.1013e+10,4.3187e+10
0.03854,0.16458,6.4735e+0,9.8522e+10,3.1646e+9
0.04063,0.16458,6.3399e+0,7.3140e+11,1.7326e+11
0.04271,0.16458,6.2352e+0,1.3815e+11,1.4317e+11
0.04479,0.16458,6.1254e+0,0.0000e+0,2.9078e+11
0.04688,0.16458,5.9962e+0,1.6142e+10,3.4014e+11
0.04896,0.16458,5.8498e+0,4.1660e+11,1.2225e+11
0.05104,0.16458,5.7343e+0,2.7457e+11,8.2808e+11
0.05312,0.16458,5.5927e+0,1.1270e+11,3.9596e+11
0.05521,0.16458,5.4444e+0,8.8305e+9,2.7582e+11
0.05729,0.16458,5.2929e+0,2.8652e+11,7.0915e+11
0.05937,0.16458,5.1267e+0,1.1056e+10,2.8548e+11
0.06146,0.16458,4.9579e+0,0.0000e+0,1.5881e+11
0.06354,0.16458,4.7960e+0,0.0000e+0,6.5570e+11
0.06563,0.16458,4.6049e+0,0.0000e+0,3.0593e+11
0.06771,0.16458,4.4093e+0,0.0000e+0,3.7550e+11
0.06979,0.16458,4.2087e+0,0.0000e+0,9.5289e+11
0.07187,0.16458,3.9648e+0,0.0000e+0,6.7511e+11
0.07396,0.16458,3.6963e+0,0.0000e+0,3.2054e+11
0.07604,0.16458,3.4215e+0,4.2847e+10,2.9097e+11
0.07813,0.16458,3.1347e+0,3.0100e+11,1.9241e+10
0.08021,0.16458,2.8695e+0,0.0000e+0,1.3808e+11
0.08229,0.16458,2.5960e+0,1.2045e+11,2.5647e+10
0.08438,0.16458,2.3316e+0,1.4631e+11,7.2828e+11
0.08646,0.16458,2.0282e+0,1.1008e+11,4.1729e+11
0.08854,0.16458,1.7064e+0,7.8201e+10,6.5761e+10
0.09062,0.16458,1.3876e+0,0.0000e+0,6.8581e+10
0.09271,0.16458,1.0681e+0,0.0000e+0,0.0000e+0
0.09479,0.16458,7.5475e-1,0.0000e+0,0.0000e+0
0.09688,0.16458,4.4777e-1,0.0000e+0,0.0000e+0
0.09896,0.16458,1.4718e-1,0.0000e+0,0.0000e+0
0.00104,0.16875,8.1239e+0,0.0000e+0,0.0000e+0
0.00313,0.16875,8.1054e+0,0.0000e+0,0.0000e+0
0.00521,0.16875,8.0662e+0,0.0000e+0,0.0000e+0
0.00729,0.16875,8.0096e+0,0.0000e+0,0.0000e+0
0.00937,0.16875,7.9546e+0,0.0000e+0,0.0000e+0
0.01146,0.16875,7.9161e+0,0.0000e+0,4.3253e+11
0.01354,0.16875,7.8542e+0,0.0000e+0,9.1202e+11
0.01563,0.16875,7.7361e+0,0.0000e+0,0.0000e+0
0.01771,0.16875,7.6334e+0,0.0000e+0,0.0000e+0
0.01979,0.16875,7.5448e+0,0.0000e+0,6.3870e+10
0.02187,0.16875,7.4627e+0,0.0000e+0,2.8324e+11
0.02396,0.16875,7.3637e+0,0.0000e+0,2.1604e+9
0.02604,0.16875,7.2650e+0,1.1418e+11,3.8341e+11
0.02813,0.16875,7.1390e+0,6.0671e+11,3.0016e+11
0.03021,0.16875,7.0265e+0,3.8794e+9,0.0000e+0
0.03229,0.16875,6.9107e+0,3.1504e+10,3.6369e+11
0.03438,0.16875,6.7669e+0,3.3401e+11,3.1773e+11
0.03646,0.16875,6.6125e+0,8.0385e+11,0.0000e+0
0.03854,0.16875,6.5059e+0,1.2335e+11,2.0407e+11
0.04063,0.16875,6.3952e+0,0.0000e+0,1.5714e+11
0.04271,0.16875,6.2829e+0,0.0000e+0,1.6636e+11
0.04479,0.16875,6.1718e+0,0.0000e+0,3.6556e+11
0.04688,0.16875,6.0460e+0,1.2989e+11,5.7744e+11
0.04896,0.16875,5.8954e+0,4.4017e+11,6.7298e+11
0.05104,0.16875,5.7299e+0,5.0583e+11,1.1538e+11
0.05312,0.16875,5.5852e+0,2.7462e+11,2.7511e+11
0.05521,0.16875,5.4347e+0,1.1578e+11,2.3899e+11
0.05729,0.16875,5.2715e+0,3.3954e+11,2.3894e+11
0.05937,0.16875,5.1149e+0,2.3388e+11,4.2772e+11
0.06146,0.16875,4.9481e+0,2.7750e+11,6.1500e+11
0.06354,0.16875,4.7727e+0,6.0099e+10,3.6507e+11
0.06563,0.16875,4.5909e+0,0.0000e+0,4.2806e+11
0.06771,0.16875,4.3934e+0,0.0000e+0,2.7354e+11
0.06979,0.16875,4.1881e+0,0.0000e+0,6.3166e+11
0.07187,0.16875,3.9457e+0,0.0000e+0,2.4006e+11
0.07396,0.16875,3.6935e+0,1.1560e+11,4.5026e+11
0.07604,0.16875,3.4237e+0,2.8644e+11,4.0870e+11
0.07813,0.16875,3.1511e+0,7.6617e+10,2.2840e+11
0.08021,0.16875,2.8763e+0,0.0000e+0,1.6658e+11
0.08229,0.16875,2.5946e+0,0.0000e+0,4.4118e+10
0.08438,0.16875,2.3116e+0,0.0000e+0,5.3460e+10
0.08646,0.16875,2.0239e+0,4.7623e+10,2.5054e+11
0.08854,0.16875,1.7232e+0,3.7330e+10,4.2310e+11
0.09062,0.16875,1.3997e+0,0.0000e+0,1.0845e+11
0.09271,0.16875,1.0759e+0,0.0000e+0,0.0000e+0
0.09479,0.16875,7.5961e-1,0.0000e+0,0.0000e+0
0.09688,0.16875,4.5046e-1,0.0000e+0,0.0000e+0
0.09896,0.16875,1.4804e-1,0.0000e+0,0.0000e+0
0.00104,0.17292,8.4623e+0,0.0000e+0,0.0000e+0
0.00313,0.17292,8.4449e+0,0.0000e+0,4.0945e+11
0.00521,0.17292,8.3740e+0,0.0000e+0,1.8229e+12
0.00729,0.17292,8.2024e+0,0.0000e+0,3.6604e+11
0.00937,0.17292,8.0461e+0,2.0818e+12,0.0000e+0
0.01146,0.17292,8.0245e+0,1.2632e+11,1.3223e+12
0.01354,0.17292,7.9510e+0,0.0000e+0,1.1428e+12
0.01563,0.17292,7.8114e+0,0.0000e+0,0.0000e+0
0.01771,0.17292,7.6870e+0,4.6039e+11,0.0000e+0
0.01979,0.17292,7.5969e+0,6.6300e+11,1.2787e+11
0.02187,0.17292,7.5433e+0,0.0000e+0,5.6705e+11
0.02396,0.17292,7.4541e+0,0.0000e+0,5.3849e+10
0.02604,0.17292,7.3722e+0,0.0000e+0,5.4471e+11
0.02813,0.17292,7.2594e+0,1.6176e+11,4.7603e+11
0.03021,0.17292,7.1355e+0,1.2912e+11,4.7445e+11
0.03229,0.17292,7.0000e+0,0.0000e+0,3.7776e+11
0.03438,0.17292,6.8448e+0,2.9139e+11,2.5990e+11
0.03646,0.17292,6.6966e+0,2.2405e+11,5.2497e+10
0.03854,0.17292,6.5705e+0,0.0000e+0,2.3269e+11
0.04063,0.17292,6.4309e+0,7.6319e+10,8.9831e+10
0.04271,0.17292,6.2952e+0,3.5723e+11,0.0000e+0
0.04479,0.17292,6.1845e+0,8.2274e+10,8.0522e+10
0.04688,0.17292,6.0751e+0,1.2705e+10,2.8905e+11
0.04896,0.17292,5.9501e+0,2.8592e+10,6.4670e+11
0.05104,0.17292,5.7903e+0,1.6482e+11,4.0222e+11
0.05312,0.17292,5.6256e+0,2.7793e+11,3.7177e+11
0.05521,0.17292,5.4610e+0,1.4741e+11,3.9972e+11
0.05729,0.17292,5.2937e+0,0.0000e+0,7.4904e+11
0.05937,0.17292,5.0891e+0,1.7577e+11,1.7802e+11
0.06146,0.17292,4.8906e+0,3.5244e+11,1.2035e+11
0.06354,0.17292,4.7095e+0,1.2434e+11,1.8994e+10
0.06563,0.17292,4.5294e+0,0.0000e+0,2.5115e+10
0.06771,0.17292,4.3473e+0,0.0000e+0,3.6948e+11
0.06979,0.17292,4.1449e+0,5.6360e+10,4.9575e+11
0.07187,0.17292,3.9185e+0,1.4952e+10,2.4149e+11
0.07396,0.17292,3.6839e+0,6.3836e+8,5.2380e+11
0.07604,0.17292,3.4224e+0,1.9599e+11,3.6550e+11
0.07813,0.17292,3.1606e+0,7.9561e+9,3.2948e+11
0.08021,0.17292,2.8876e+0,0.0000e+0,1.4314e+11
0.08229,0.17292,2.6128e+0,0.0000e+0,3.0679e+11
0.08438,0.17292,2.3221e+0,0.0000e+0,0.0000e+0
0.08646,0.17292,2.0370e+0,1.1056e+11,3.2016e+11
0.08854,0.17292,1.7407e+0,1.2837e+11,6.8932e+11
0.09062,0.17292,1.4090e+0,0.0000e+0,4.9395e+10
0.09271,0.17292,1.0821e+0,0.0000e+0,0.0000e+0
0.09479,0.17292,7.6349e-1,0.0000e+0,0.0000e+0
0.09688,0.17292,4.5254e-1,0.0000e+0,0.0000e+0
0.09896,0.17292,1.4868e-1,0.0000e+0,0.0000e+0
0.00104,0.17708,8.9370e+0,0.0000e+0,1.1784e+12
0.00313,0.17708,8.9875e+0,0.0000e+0,8.1035e+12
0.00521,0.17708,8.7073e+0,0.0000e+0,3.5745e+12
0.00729,0.17708,8.4065e+0,0.0000e+0,3.8735e+11
0.00937,0.17708,8.2150e+0,1.4209e+11,0.0000e+0
0.01146,0.17708,8.1031e+0,8.6216e+9,2.2070e+10
0.01354,0.17708,8.0191e+0,0.0000e+0,7.5685e+11
0.01563,0.17708,7.8963e+0,0.0000e+0,0.0000e+0
0.01771,0.17708,7.7897e+0,2.4241e+10,0.0000e+0
0.01979,0.17708,7.6972e+0,3.4910e+10,0.0000e+0
0.02187,0.17708,7.6152e+0,5.7387e+10,6.7106e+10
0.02396,0.17708,7.5278e+0,8.1990e+11,4.6398e+11
0.02604,0.17708,7.4635e+0,0.0000e+0,7.3049e+11
0.02813,0.17708,7.3554e+0,2.6695e+11,6.9539e+11
0.03021,0.17708,7.2311e+0,2.1309e+11,7.8921e+11
0.03229,0.17708,7.0870e+0,0.0000e+0,3.0877e+11
0.03438,0.17708,6.9408e+0,0.0000e+0,3.0552e+11
0.03646,0.17708,6.7931e+0,0.0000e+0,2.9560e+11
0.03854,0.17708,6.6446e+0,0.0000e+0,4.1064e+11
0.04063,0.17708,6.4771e+0,3.9845e+11,0.0000e+0
0.04271,0.17708,6.3348e+0,2.8929e+11,0.0000e+0
0.04479,0.17708,6.2113e+0,3.7061e+11,0.0000e+0
0.04688,0.17708,6.1004e+0,0.0000e+0,8.7615e+10
0.04896,0.17708,5.9741e+0,0.0000e+0,3.4390e+11
0.05104,0.17708,5.8240e+0,0.0000e+0,4.5490e+11
0.05312,0.17708,5.6536e+0,0.0000e+0,6.5740e+11
0.05521,0.17708,5.4530e+0,2.7410e+10,1.4219e+11
0.05729,0.17708,5.2564e+0,8.5921e+10,9.3462e+10
0.05937,0.17708,5.0650e+0,0.0000e+0,1.4136e+11
0.06146,0.17708,4.8701e+0,1.1931e+11,6.3225e+10
0.06354,0.17708,4.6908e+0,5.7984e+10,5.9139e+11
0.06563,0.17708,4.4908e+0,3.0519e+10,2.6589e+11
0.06771,0.17708,4.2905e+0,1.0935e+11,3.6045e+11
0.06979,0.17708,4.0847e+0,1.9567e+11,2.4152e+11
0.07187,0.17708,3.8802e+0,5.1908e+10,4.8561e+11
0.07396,0.17708,3.6475e+0,9.0499e+10,3.2027e+11
0.07604,0.17708,3.3989e+0,3.3156e+11,3.3374e+11
0.07813,0.17708,3.1457e+0,3.0764e+10,6.1128e+10
0.08021,0.17708,2.8898e+0,0.0000e+0,2.1897e+11
0.08229,0.17708,2.6267e+0,0.0000e+0,5.3290e+11
0.08438,0.17708,2.3385e+0,0.0000e+0,1.1412e+11
0.08646,0.17708,2.0574e+0,0.0000e+0,5.3684e+11
0.08854,0.17708,1.7516e+0,0.0000e+0,5.7419e+11
0.09062,0.17708,1.4141e+0,0.0000e+0,4.4131e+10
0.09271,0.17708,1.0843e+0,0.0000e+0,0.0000e+0
0.09479,0.17708,7.6423e-1,0.0000e+0,0.0000e+0
0.09688,0.17708,4.5270e-1,0.0000e+0,0.0000e+0
0.09896,0.17708,1.4870e-1,0.0000e+0,0.0000e+0
0.00104,0.18125,8.6415e+0,0.0000e+0,4.0698e+11
0.00313,0.18125,8.6129e+0,0.0000e+0,1.7040e+12
0.00521,0.18125,8.4639e+0,0.0000e+0,0.0000e+0
0.00729,0.18125,8.3340e+0,0.0000e+0,0.0000e+0
0.00937,0.18125,8.2277e+0,0.0000e+0,0.0000e+0
0.01146,0.18125,8.1424e+0,0.0000e+0,1.2423e+10
0.01354,0.18125,8.0674e+0,0.0000e+0,1.9454e+11
0.01563,0.18125,7.9773e+0,0.0000e+0,0.0000e+0
0.01771,0.18125,7.8957e+0,0.0000e+0,1.6214e+11
0.01979,0.18125,7.8101e+0,0.0000e+0,7.7126e+10
0.02187,0.18125,7.7258e+0,4.1084e+9,1.6621e+11
0.02396,0.18125,7.6387e+0,5.8698e+10,7.6239e+11
0.02604,0.18125,7.5277e+0,0.0000e+0,4.8432e+11
0.02813,0.18125,7.3990e+0,0.0000e+0,1.5326e+11
0.03021,0.18125,7.2697e+0,0.0000e+0,3.1759e+11
0.03229,0.18125,7.1233e+0,0.0000e+0,0.0000e+0
0.03438,0.18125,6.9820e+0,2.1063e+10,1.4410e+11
0.03646,0.18125,6.8342e+0,2.6102e+11,2.1893e+11
0.03854,0.18125,6.6995e+0,1.3457e+11,1.3339e+11
0.04063,0.18125,6.5760e+0,0.0000e+0,4.2391e+11
0.04271,0.18125,6.4404e+0,0.0000e+0,1.3194e+11
0.04479,0.18125,6.3144e+0,0.0000e+0,3.6986e+11
0.04688,0.18125,6.1808e+0,0.0000e+0,7.2977e+11
0.04896,0.18125,6.0085e+0,0.0000e+0,2.8358e+11
0.05104,0.18125,5.8229e+0,0.0000e+0,1.6055e+11
0.05312,0.18125,5.6243e+0,2.0618e+10,4.3074e+10
0.05521,0.18125,5.4194e+0,2.7536e+11,1.9026e+11
0.05729,0.18125,5.2194e+0,4.0592e+11,2.7648e+11
0.05937,0.18125,5.0373e+0,2.1821e+10,4.1881e+11
0.06146,0.18125,4.8338e+0,2.9324e+11,5.7043e+11
0.06354,0.18125,4.6109e+0,5.5318e+11,2.8814e+11
0.06563,0.18125,4.4020e+0,3.6896e+11,8.6372e+10
0.06771,0.18125,4.2054e+0,3.4333e+11,7.6175e+9
0.06979,0.18125,4.0293e+0,7.2317e+10,2.4243e+11
0.07187,0.18125,3.8438e+0,1.1238e+11,6.1229e+11
0.07396,0.18125,3.6284e+0,1.7411e+11,3.2788e+11
0.07604,0.18125,3.4156e+0,2.3129e+11,9.6177e+11
0.07813,0.18125,3.1676e+0,3.4885e+9,8.4700e+11
0.08021,0.18125,2.8784e+0,1.1941e+11,1.5564e+11
0.08229,0.18125,2.6018e+0,1.7479e+9,2.6996e+11
0.08438,0.18125,2.3186e+0,0.0000e+0,1.8128e+11
0.08646,0.18125,2.0367e+0,0.0000e+0,3.9517e+11
0.08854,0.18125,1.7386e+0,0.0000e+0,6.5508e+11
0.09062,0.18125,1.4055e+0,0.0000e+0,1.2743e+11
0.09271,0.18125,1.0766e+0,0.0000e+0,0.0000e+0
0.09479,0.18125,7.5855e-1,0.0000e+0,0.0000e+0
0.09688,0.18125,4.4930e-1,0.0000e+0,0.0000e+0
0.09896,0.18125,1.4758e-1,0.0000e+0,0.0000e+0
0.00104,0.18542,8.4470e+0,0.0000e+0,0.0000e+0
0.00313,0.18542,8.4218e+0,0.0000e+0,0.0000e+0
0.00521,0.18542,8.3670e+0,0.0000e+0,0.0000e+0
0.00729,0.18542,8.3008e+0,0.0000e+0,0.0000e+0
0.00937,0.18542,8.2410e+0,0.0000e+0,0.0000e+0
0.01146,0.18542,8.1958e+0,0.0000e+0,8.7769e+10
0.01354,0.18542,8.1660e+0,0.0000e+0,1.3745e+12
0.01563,0.18542,8.0696e+0,0.0000e+0,0.0000e+0
0.01771,0.18542,8.0063e+0,0.0000e+0,7.2708e+11
0.01979,0.18542,7.9298e+0,0.0000e+0,9.8340e+11
0.02187,0.18542,7.8293e+0,0.0000e+0,1.2815e+12
0.02396,0.18542,7.6786e+0,0.0000e+0,0.0000e+0
0.02604,0.18542,7.5498e+0,0.0000e+0,0.0000e+0
0.02813,0.18542,7.4340e+0,0.0000e+0,2.2039e+11
0.03021,0.18542,7.3153e+0,0.0000e+0,4.1829e+11
0.03229,0.18542,7.1761e+0,0.0000e+0,4.0444e+10
0.03438,0.18542,7.0447e+0,1.7836e+11,8.9454e+11
0.03646,0.18542,6.8717e+0,5.3556e+11,9.3192e+10
0.03854,0.18542,6.7396e+0,9.6158e+10,4.4258e+10
0.04063,0.18542,6.6165e+0,1.2695e+11,3.0697e+11
0.04271,0.18542,6.4914e+0,8.0277e+10,4.9229e+11
0.04479,0.18542,6.3557e+0,0.0000e+0,3.0520e+11
0.04688,0.18542,6.2141e+0,0.0000e+0,5.7554e+11
0.04896,0.18542,6.0371e+0,0.0000e+0,1.7069e+11
0.05104,0.18542,5.8544e+0,0.0000e+0,4.7877e+11
0.05312,0.18542,5.6470e+0,1.6189e+10,4.1828e+11
0.05521,0.18542,5.4218e+0,3.6164e+11,5.9194e+11
0.05729,0.18542,5.1879e+0,6.6297e+11,1.2430e+11
0.05937,0.18542,4.9953e+0,4.4592e+11,3.7246e+11
0.06146,0.18542,4.7989e+0,3.2326e+11,3.3734e+11
0.06354,0.18542,4.5949e+0,4.3243e+10,2.0584e+11
0.06563,0.18542,4.3789e+0,2.1492e+11,1.0525e+11
0.06771,0.18542,4.1672e+0,4.5501e+11,4.3881e+10
0.06979,0.18542,3.9779e+0,3.4742e+11,3.0941e+11
0.07187,0.18542,3.7861e+0,1.8088e+11,2.8769e+11
0.07396,0.18542,3.5854e+0,1.2099e+11,6.0967e+11
0.07604,0.18542,3.3597e+0,5.7000e+10,3.9506e+11
0.07813,0.18542,3.1183e+0,0.0000e+0,7.1743e+11
0.08021,0.18542,2.8341e+0,2.7489e+11,4.1588e+11
0.08229,0.18542,2.5489e+0,5.8588e+10,1.0343e+11
0.08438,0.18542,2.2639e+0,5.8501e+10,6.4661e+9
0.08646,0.18542,1.9848e+0,0.0000e+0,2.5930e+11
0.08854,0.18542,1.6894e+0,0.0000e+0,3.3834e+11
0.09062,0.18542,1.3706e+0,0.0000e+0,2.4750e+10
0.09271,0.18542,1.0548e+0,0.0000e+0,0.0000e+0
0.09479,0.18542,7.4518e-1,0.0000e+0,0.0000e+0
0.09688,0.18542,4.4205e-1,0.0000e+0,0.0000e+0
0.09896,0.18542,1.4529e-1,0.0000e+0,0.0000e+0
0.00104,0.18958,8.4528e+0,0.0000e+0,0.0000e+0
0.00313,0.18958,8.4538e+0,0.0000e+0,7.5571e+11
0.00521,0.18958,8.4134e+0,0.0000e+0,1.1884e+12
0.00729,0.18958,8.3144e+0,0.0000e+0,0.0000e+0
0.00937,0.18958,8.2430e+0,0.0000e+0,0.0000e+0
0.01146,0.18958,8.1869e+0,0.0000e+0,0.0000e+0
0.01354,0.18958,8.1378e+0,0.0000e+0,1.8444e+11
0.01563,0.18958,8.0727e+0,0.0000e+0,4.4781e+11
0.01771,0.18958,7.9740e+0,0.0000e+0,0.0000e+0
0.01979,0.18958,7.8745e+0,4.3632e+10,1.7528e+10
0.02187,0.18958,7.7781e+0,2.0863e+11,1.6654e+11
0.02396,0.18958,7.6800e+0,0.0000e+0,4.0466e+11
0.02604,0.18958,7.5583e+0,0.0000e+0,0.0000e+0
0.02813,0.18958,7.4470e+0,0.0000e+0,0.0000e+0
0.03021,0.18958,7.3463e+0,0.0000e+0,5.3443e+11
0.03229,0.18958,7.2204e+0,0.0000e+0,4.9683e+11
0.03438,0.18958,7.0717e+0,0.0000e+0,8.5597e+10
0.03646,0.18958,6.9273e+0,0.0000e+0,1.3931e+11
0.03854,0.18958,6.7888e+0,0.0000e+0,3.7076e+11
0.04063,0.18958,6.6369e+0,2.0418e+11,2.9673e+11
0.04271,0.18958,6.4833e+0,2.8621e+11,0.0000e+0
0.04479,0.18958,6.3504e+0,5.5479e+11,2.8036e+11
0.04688,0.18958,6.2369e+0,1.9449e+10,9.5518e+11
0.04896,0.18958,6.0657e+0,0.0000e+0,5.5528e+11
0.05104,0.18958,5.8658e+0,0.0000e+0,3.2961e+11
0.05312,0.18958,5.6497e+0,0.0000e+0,2.0308e+11
0.05521,0.18958,5.4250e+0,8.0964e+10,1.4162e+11
0.05729,0.18958,5.2022e+0,3.0593e+11,1.0089e+11
0.05937,0.18958,5.0051e+0,3.7023e+10,3.0770e+10
0.06146,0.18958,4.8177e+0,5.6177e+10,5.4584e+11
0.06354,0.18958,4.6078e+0,5.8884e+10,2.3394e+11
0.06563,0.18958,4.3989e+0,2.8127e+11,2.5521e+11
0.06771,0.18958,4.1978e+0,8.9902e+10,5.8092e+11
0.06979,0.18958,3.9696e+0,2.0733e+11,1.3744e+11
0.07187,0.18958,3.7471e+0,1.6899e+11,8.6012e+10
0.07396,0.18958,3.5244e+0,3.3598e+10,1.7920e+11
0.07604,0.18958,3.2831e+0,1.3313e+11,2.9225e+10
0.07813,0.18958,3.0426e+0,1.1690e+9,2.2073e+11
0.08021,0.18958,2.7806e+0,1.3573e+11,2.1872e+11
0.08229,0.18958,2.5116e+0,8.4355e+10,2.8341e+11
0.08438,0.18958,2.2288e+0,9.2778e+10,1.7443e+11
0.08646,0.18958,1.9447e+0,0.0000e+0,1.5896e+11
0.08854,0.18958,1.6563e+0,0.0000e+0,3.9326e+11
0.09062,0.18958,1.3450e+0,0.0000e+0,4.6457e+10
0.09271,0.18958,1.0362e+0,0.0000e+0,0.0000e+0
0.09479,0.18958,7.3285e-1,0.0000e+0,0.0000e+0
0.09688,0.18958,4.3510e-1,0.0000e+0,0.0000e+0
0.09896,0.18958,1.4307e-1,0.0000e+0,0.0000e+0
0.00104,0.19375,8.4526e+0,0.0000e+0,0.0000e+0
0.00313,0.19375,8.4673e+0,0.0000e+0,1.2234e+12
0.00521,0.19375,8.4320e+0,0.0000e+0,1.9239e+12
0.00729,0.19375,8.3149e+0,0.0000e+0,0.0000e+0
0.00937,0.19375,8.2408e+0,0.0000e+0,0.0000e+0
0.01146,0.19375,8.1884e+0,0.0000e+0,0.0000e+0
0.01354,0.19375,8.1512e+0,0.0000e+0,2.5059e+11
0.01563,0.19375,8.1129e+0,0.0000e+0,1.5026e+12
0.01771,0.19375,7.9912e+0,0.0000e+0,3.1836e+11
0.01979,0.19375,7.8661e+0,1.3640e+11,0.0000e+0
0.02187,0.19375,7.7660e+0,6.5224e+11,2.6347e+11
0.02396,0.19375,7.6865e+0,0.0000e+0,6.6110e+11
0.02604,0.19375,7.5628e+0,0.0000e+0,0.0000e+0
0.02813,0.19375,7.4482e+0,0.0000e+0,0.0000e+0
0.03021,0.19375,7.3422e+0,0.0000e+0,9.2047e+10
0.03229,0.19375,7.2353e+0,0.0000e+0,6.1934e+11
0.03438,0.19375,7.0901e+0,0.0000e+0,1.5958e+11
0.03646,0.19375,6.9478e+0,0.0000e+0,2.3463e+11
0.03854,0.19375,6.8062e+0,0.0000e+0,3.1442e+11
0.04063,0.19375,6.6625e+0,1.7033e+11,6.8964e+11
0.04271,0.19375,6.5083e+0,4.9964e+11,6.6250e+11
0.04479,0.19375,6.3651e+0,3.8283e+11,4.4666e+11
0.04688,0.19375,6.2335e+0,8.2498e+9,6.5044e+11
0.04896,0.19375,6.0661e+0,0.0000e+0,4.6724e+11
0.05104,0.19375,5.8729e+0,0.0000e+0,3.5196e+11
0.05312,0.19375,5.6571e+0,0.0000e+0,1.1446e+11
0.05521,0.19375,5.4358e+0,0.0000e+0,1.8602e+9
0.05729,0.19375,5.2180e+0,1.4839e+10,8.8421e+9
0.05937,0.19375,5.0023e+0,5.3859e+11,3.2376e+11
0.06146,0.19375,4.8009e+0,1.6727e+11,1.9726e+11
0.06354,0.19375,4.5961e+0,2.4143e+11,0.0000e+0
0.06563,0.19375,4.4128e+0,1.0588e+11,4.8085e+11
0.06771,0.19375,4.2142e+0,0.0000e+0,4.3867e+11
0.06979,0.19375,3.9920e+0,8.3652e+9,2.4392e+11
0.07187,0.19375,3.7571e+0,1.1129e+10,9.6773e+10
0.07396,0.19375,3.5161e+0,2.7647e+10,1.9285e+11
0.07604,0.19375,3.2594e+0,3.3139e+11,1.6889e+11
0.07813,0.19375,3.0111e+0,6.2023e+10,6.7793e+10
0.08021,0.19375,2.7595e+0,2.2640e+11,4.5910e+11
0.08229,0.19375,2.4934e+0,5.1373e+10,4.9405e+11
0.08438,0.19375,2.1969e+0,0.0000e+0,0.0000e+0
0.08646,0.19375,1.8996e+0,3.0441e+11,0.0000e+0
0.08854,0.19375,1.6198e+0,1.4958e+10,1.5120e+11
0.09062,0.19375,1.3235e+0,0.0000e+0,3.3220e+10
0.09271,0.19375,1.0229e+0,0.0000e+0,0.0000e+0
0.09479,0.19375,7.2468e-1,0.0000e+0,0.0000e+0
0.09688,0.19375,4.3062e-1,0.0000e+0,0.0000e+0
0.09896,0.19375,1.4165e-1,0.0000e+0,0.0000e+0
0.00104,0.19792,8.3344e+0,0.0000e+0,0.0000e+0
0.00313,0.19792,8.3233e+0,0.0000e+0,0.0000e+0
0.00521,0.19792,8.2958e+0,0.0000e+0,0.0000e+0
0.00729,0.19792,8.2529e+0,0.0000e+0,0.0000e+0
0.00937,0.19792,8.2078e+0,0.0000e+0,0.0000e+0
0.01146,0.19792,8.1618e+0,0.0000e+0,0.0000e+0
0.01354,0.19792,8.1133e+0,0.0000e+0,0.0000e+0
0.01563,0.19792,8.0573e+0,0.0000e+0,1.2702e+11
0.01771,0.19792,7.9794e+0,0.0000e+0,4.5222e+10
0.01979,0.19792,7.8912e+0,0.0000e+0,0.0000e+0
0.02187,0.19792,7.7980e+0,0.0000e+0,1.8693e+11
0.02396,0.19792,7.6974e+0,0.0000e+0,4.5305e+11
0.02604,0.19792,7.5689e+0,0.0000e+0,0.0000e+0
0.02813,0.19792,7.4478e+0,0.0000e+0,0.0000e+0
0.03021,0.19792,7.3424e+0,3.3470e+10,2.8252e+11
0.03229,0.19792,7.2413e+0,1.3905e+10,1.2064e+12
0.03438,0.19792,7.0819e+0,0.0000e+0,3.5756e+11
0.03646,0.19792,6.9239e+0,1.1819e+11,4.5793e+11
0.03854,0.19792,6.7645e+0,3.5126e+10,1.1189e+11
0.04063,0.19792,6.6145e+0,1.5339e+11,3.8780e+11
0.04271,0.19792,6.4574e+0,6.7889e+11,2.0989e+11
0.04479,0.19792,6.3345e+0,2.5605e+11,4.1228e+11
0.04688,0.19792,6.2024e+0,5.2490e+11,7.4497e+11
0.04896,0.19792,6.0539e+0,2.3997e+11,5.0942e+11
0.05104,0.19792,5.8935e+0,1.0434e+10,8.9005e+11
0.05312,0.19792,5.6846e+0,5.9334e+10,4.8980e+11
0.05521,0.19792,5.4649e+0,1.3970e+11,1.6708e+11
0.05729,0.19792,5.2590e+0,2.4718e+8,4.1895e+11
0.05937,0.19792,5.0386e+0,5.9724e+10,2.4087e+11
0.06146,0.19792,4.8172e+0,8.8269e+10,1.9705e+11
0.06354,0.19792,4.5964e+0,1.4273e+11,0.0000e+0
0.06563,0.19792,4.3920e+0,4.0104e+11,1.2598e+10
0.06771,0.19792,4.2126e+0,1.6504e+11,4.0431e+11
0.06979,0.19792,4.0185e+0,0.0000e+0,6.1247e+11
0.07187,0.19792,3.7914e+0,0.0000e+0,4.5906e+11
0.07396,0.19792,3.5463e+0,0.0000e+0,4.6275e+11
0.07604,0.19792,3.2829e+0,0.0000e+0,2.1032e+11
0.07813,0.19792,3.0201e+0,0.0000e+0,1.8771e+11
0.08021,0.19792,2.7546e+0,8.3504e+7,1.9456e+11
0.08229,0.19792,2.4797e+0,1.8948e+7,5.3676e+10
0.08438,0.19792,2.1976e+0,0.0000e+0,2.5273e+10
0.08646,0.19792,1.9094e+0,1.8699e+11,0.0000e+0
0.08854,0.19792,1.6319e+0,2.7118e+10,3.3905e+11
0.09062,0.19792,1.3359e+0,2.0675e+10,3.0463e+11
0.09271,0.19792,1.0272e+0,6.9072e+8,0.0000e+0
0.09479,0.19792,7.2592e-1,0.0000e+0,0.0000e+0
0.09688,0.19792,4.3083e-1,0.0000e+0,0.0000e+0
0.09896,0.19792,1.4165e-1,0.0000e+0,0.0000e+0
0.00104,0.20208,8.3055e+0,0.0000e+0,0.0000e+0
0.00313,0.20208,8.2961e+0,0.0000e+0,0.0000e+0
0.00521,0.20208,8.2774e+0,0.0000e+0,0.0000e+0
0.00729,0.20208,8.2506e+0,0.0000e+0,0.0000e+0
0.00937,0.20208,8.2178e+0,0.0000e+0,0.0000e+0
0.01146,0.20208,8.1801e+0,0.0000e+0,0.0000e+0
0.01354,0.20208,8.1368e+0,0.0000e+0,0.0000e+0
0.01563,0.20208,8.0855e+0,0.0000e+0,0.0000e+0
0.01771,0.20208,8.0337e+0,0.0000e+0,3.4136e+11
0.01979,0.20208,7.9747e+0,0.0000e+0,1.5228e+12
0.02187,0.20208,7.8380e+0,0.0000e+0,2.1532e+11
0.02396,0.20208,7.7172e+0,0.0000e+0,5.3992e+11
0.02604,0.20208,7.5852e+0,1.6669e+10,9.4066e+11
0.02813,0.20208,7.4187e+0,1.1097e+11,1.6141e+11
0.03021,0.20208,7.2740e+0,6.2976e+11,5.7702e+11
0.03229,0.20208,7.1387e+0,3.7658e+11,3.8667e+11
0.03438,0.20208,6.9938e+0,3.2605e+10,8.9632e+10
0.03646,0.20208,6.8423e+0,3.4922e+11,1.5066e+11
0.03854,0.20208,6.6971e+0,4.5184e+11,1.3737e+11
0.04063,0.20208,6.5659e+0,1.1930e+11,1.7512e+11
0.04271,0.20208,6.4262e+0,7.4240e+11,3.3161e+11
0.04479,0.20208,6.3199e+0,6.8850e+10,5.2370e+11
0.04688,0.20208,6.1874e+0,7.3666e+10,5.2920e+11
0.04896,0.20208,6.0337e+0,3.9830e+10,4.4518e+11
0.05104,0.20208,5.8620e+0,5.9209e+10,7.0621e+11
0.05312,0.20208,5.6516e+0,4.5046e+11,3.7165e+11
0.05521,0.20208,5.4528e+0,2.6144e+11,2.6154e+11
0.05729,0.20208,5.2579e+0,0.0000e+0,2.7818e+11
0.05937,0.20208,5.0502e+0,0.0000e+0,3.8554e+11
0.06146,0.20208,4.8266e+0,4.8922e+11,5.4326e+11
0.06354,0.20208,4.6078e+0,2.4624e+11,5.9317e+10
0.06563,0.20208,4.4124e+0,2.6605e+11,4.2465e+11
0.06771,0.20208,4.2163e+0,2.7789e+11,4.6500e+11
0.06979,0.20208,4.0099e+0,0.0000e+0,3.6917e+11
0.07187,0.20208,3.7806e+0,0.0000e+0,3.0272e+11
0.07396,0.20208,3.5329e+0,2.8600e+10,3.2854e+11
0.07604,0.20208,3.2669e+0,1.4018e+11,8.1895e+10
0.07813,0.20208,3.0093e+0,0.0000e+0,0.0000e+0
0.08021,0.20208,2.7564e+0,0.0000e+0,1.0362e+10
0.08229,0.20208,2.5071e+0,2.0353e+11,4.6583e+11
0.08438,0.20208,2.2424e+0,1.3868e+10,3.6181e+11
0.08646,0.20208,1.9592e+0,0.0000e+0,4.5815e+11
0.08854,0.20208,1.6515e+0,1.6978e+11,3.0670e+11
0.09062,0.20208,1.3360e+0,2.8089e+11,1.7889e+11
0.09271,0.20208,1.0296e+0,1.0168e+10,0.0000e+0
0.09479,0.20208,7.2848e-1,0.0000e+0,0.0000e+0
0.09688,0.20208,4.3250e-1,0.0000e+0,0.0000e+0
0.09896,0.20208,1.4221e-1,0.0000e+0,0.0000e+0
0.00104,0.20625,8.3510e+0,0.0000e+0,0.0000e+0
0.00313,0.20625,8.3433e+0,0.0000e+0,0.0000e+0
0.00521,0.20625,8.3281e+0,0.0000e+0,0.0000e+0
0.00729,0.20625,8.3062e+0,0.0000e+0,0.0000e+0
0.00937,0.20625,8.2791e+0,0.0000e+0,0.0000e+0
0.01146,0.20625,8.2493e+0,0.0000e+0,0.0000e+0
0.01354,0.20625,8.2224e+0,0.0000e+0,9.3248e+11
0.01563,0.20625,8.1422e+0,0.0000e+0,5.7017e+11
0.01771,0.20625,8.0366e+0,0.0000e+0,7.3619e+10
0.01979,0.20625,7.9316e+0,0.0000e+0,3.6899e+11
0.02187,0.20625,7.7959e+0,0.0000e+0,0.0000e+0
0.02396,0.20625,7.6561e+0,0.0000e+0,0.0000e+0
0.02604,0.20625,7.5041e+0,5.5522e+11,3.0684e+11
0.02813,0.20625,7.3438e+0,1.2047e+12,2.7603e+11
0.03021,0.20625,7.2252e+0,3.5625e+11,3.0209e+11
0.03229,0.20625,7.0863e+0,7.1020e+11,4.0087e+11
0.03438,0.20625,6.9478e+0,4.3674e+11,1.5535e+11
0.03646,0.20625,6.8236e+0,0.0000e+0,0.0000e+0
0.03854,0.20625,6.6923e+0,7.9928e+10,9.8791e+10
0.04063,0.20625,6.5602e+0,2.7122e+10,2.0060e+11
0.04271,0.20625,6.4188e+0,0.0000e+0,0.0000e+0
0.04479,0.20625,6.2832e+0,3.1156e+10,1.6603e+11
0.04688,0.20625,6.1404e+0,4.2983e+11,6.6440e+11
0.04896,0.20625,5.9820e+0,6.6233e+9,1.1646e+11
0.05104,0.20625,5.8207e+0,6.0087e+10,5.2477e+11
0.05312,0.20625,5.6323e+0,2.7608e+11,3.3787e+11
0.05521,0.20625,5.4521e+0,2.1834e+10,4.6350e+11
0.05729,0.20625,5.2493e+0,1.3345e+10,3.6137e+11
0.05937,0.20625,5.0347e+0,3.6719e+10,1.9153e+11
0.06146,0.20625,4.8217e+0,1.8311e+11,2.1889e+11
0.06354,0.20625,4.6163e+0,1.5014e+11,2.0235e+11
0.06563,0.20625,4.4226e+0,2.1078e+10,3.4367e+11
0.06771,0.20625,4.2188e+0,3.7348e+10,3.4428e+11
0.06979,0.20625,4.0026e+0,5.2526e+10,3.1417e+11
0.07187,0.20625,3.7766e+0,1.0462e+11,5.9000e+11
0.07396,0.20625,3.5230e+0,1.0449e+11,2.0503e+11
0.07604,0.20625,3.2662e+0,1.0556e+11,2.1283e+11
0.07813,0.20625,3.0072e+0,2.1061e+11,2.1275e+10
0.08021,0.20625,2.7663e+0,1.5775e+11,1.5280e+11
0.08229,0.20625,2.5355e+0,1.1942e+11,6.3316e+11
0.08438,0.20625,2.2807e+0,3.4640e+9,6.2816e+11
0.08646,0.20625,1.9923e+0,0.0000e+0,4.3878e+11
0.08854,0.20625,1.6843e+0,0.0000e+0,3.6893e+11
0.09062,0.20625,1.3618e+0,0.0000e+0,8.7981e+10
0.09271,0.20625,1.0445e+0,0.0000e+0,0.0000e+0
0.09479,0.20625,7.3664e-1,0.0000e+0,0.0000e+0
0.09688,0.20625,4.3661e-1,0.0000e+0,0.0000e+0
0.09896,0.20625,1.4346e-1,0.0000e+0,0.0000e+0
0.00104,0.21042,8.4597e+0,0.0000e+0,0.0000e+0
0.00313,0.21042,8.4512e+0,0.0000e+0,0.0000e+0
0.00521,0.21042,8.4349e+0,0.0000e+0,0.0000e+0
0.00729,0.21042,8.4106e+0,0.0000e+0,0.0000e+0
0.00937,0.21042,8.3763e+0,0.0000e+0,0.0000e+0
0.01146,0.21042,8.3277e+0,0.0000e+0,0.0000e+0
0.01354,0.21042,8.2612e+0,0.0000e+0,3.7174e+10
0.01563,0.21042,8.1710e+0,3.9083e+11,4.2626e+11
0.01771,0.21042,8.0637e+0,8.4791e+10,2.5277e+11
0.01979,0.21042,7.9466e+0,0.0000e+0,2.1347e+10
0.02187,0.21042,7.8224e+0,0.0000e+0,6.0508e+9
0.02396,0.21042,7.6944e+0,0.0000e+0,0.0000e+0
0.02604,0.21042,7.5650e+0,0.0000e+0,0.0000e+0
0.02813,0.21042,7.4362e+0,0.0000e+0,8.8132e+9
0.03021,0.21042,7.3132e+0,0.0000e+0,6.2707e+11
0.03229,0.21042,7.1491e+0,6.0223e+11,4.3297e+11
0.03438,0.21042,6.9980e+0,1.7169e+11,1.3376e+10
0.03646,0.21042,6.8621e+0,6.5816e+10,1.5088e+11
0.03854,0.21042,6.7228e+0,7.0833e+10,3.9831e+11
0.04063,0.21042,6.5681e+0,2.9732e+11,2.7845e+11
0.04271,0.21042,6.4150e+0,0.0000e+0,0.0000e+0
0.04479,0.21042,6.2642e+0,3.8201e+10,2.0332e+11
0.04688,0.21042,6.1016e+0,4.4629e+11,2.9025e+11
0.04896,0.21042,5.9415e+0,5.9383e+9,9.7173e+10
0.05104,0.21042,5.7693e+0,2.3642e+11,1.7103e+11
0.05312,0.21042,5.5980e+0,3.2072e+11,3.4937e+11
0.05521,0.21042,5.4265e+0,1.2502e+11,9.2216e+11
0.05729,0.21042,5.2072e+0,2.6853e+11,2.4076e+11
0.05937,0.21042,4.9949e+0,6.4873e+11,6.0226e+11
0.06146,0.21042,4.7977e+0,2.5340e+11,4.5163e+11
0.06354,0.21042,4.5969e+0,6.1374e+10,7.5054e+10
0.06563,0.21042,4.3988e+0,0.0000e+0,3.8613e+10
0.06771,0.21042,4.1979e+0,0.0000e+0,2.2499e+11
0.06979,0.21042,3.9784e+0,8.1955e+10,1.1857e+11
0.07187,0.21042,3.7568e+0,1.6499e+11,4.2747e+11
0.07396,0.21042,3.5190e+0,1.3372e+11,3.7140e+11
0.07604,0.21042,3.2732e+0,0.0000e+0,3.2627e+11
0.07813,0.21042,3.0174e+0,8.0970e+10,2.3465e+11
0.08021,0.21042,2.7655e+0,2.6867e+11,2.6250e+11
0.08229,0.21042,2.5241e+0,1.8704e+10,8.4344e+10
0.08438,0.21042,2.2845e+0,1.1668e+11,9.1945e+11
0.08646,0.21042,1.9949e+0,1.7584e+10,3.6597e+11
0.08854,0.21042,1.6888e+0,0.0000e+0,3.4608e+11
0.09062,0.21042,1.3683e+0,0.0000e+0,1.2184e+11
0.09271,0.21042,1.0496e+0,0.0000e+0,0.0000e+0
0.09479,0.21042,7.4028e-1,0.0000e+0,0.0000e+0
0.09688,0.21042,4.3875e-1,0.0000e+0,0.0000e+0
0.09896,0.21042,1.4415e-1,0.0000e+0,0.0000e+0
0.00104,0.21458,8.6351e+0,0.0000e+0,0.0000e+0
0.00313,0.21458,8.6237e+0,0.0000e+0,0.0000e+0
0.00521,0.21458,8.6067e+0,0.0000e+0,0.0000e+0
0.00729,0.21458,8.5876e+0,0.0000e+0,0.0000e+0
0.00937,0.21458,8.5682e+0,0.0000e+0,4.1166e+11
0.01146,0.21458,8.5198e+0,0.0000e+0,5.4978e+11
0.01354,0.21458,8.4310e+0,0.0000e+0,9.7177e+11
0.01563,0.21458,8.2776e+0,7.5958e+11,5.2102e+11
0.01771,0.21458,8.1406e+0,5.1029e+11,2.7229e+11
0.01979,0.21458,8.0340e+0,4.2305e+11,8.4026e+11
0.02187,0.21458,7.9106e+0,0.0000e+0,2.3817e+11
0.02396,0.21458,7.7829e+0,0.0000e+0,0.0000e+0
0.02604,0.21458,7.6649e+0,9.3312e+10,2.9569e+11
0.02813,0.21458,7.5399e+0,2.5681e+11,3.7900e+11
0.03021,0.21458,7.4086e+0,0.0000e+0,4.2393e+11
0.03229,0.21458,7.2531e+0,5.4330e+11,7.7053e+11
0.03438,0.21458,7.0849e+0,5.7705e+10,3.5508e+10
0.03646,0.21458,6.9155e+0,4.5449e+11,1.4586e+11
0.03854,0.21458,6.7575e+0,2.1695e+11,1.6878e+11
0.04063,0.21458,6.5932e+0,3.9202e+11,1.7584e+11
0.04271,0.21458,6.4317e+0,1.4585e+11,1.7680e+10
0.04479,0.21458,6.2744e+0,0.0000e+0,0.0000e+0
0.04688,0.21458,6.1151e+0,3.9682e+10,1.1052e+11
0.04896,0.21458,5.9546e+0,3.7795e+11,9.0357e+11
0.05104,0.21458,5.7675e+0,0.0000e+0,1.0307e+11
0.05312,0.21458,5.5801e+0,6.4639e+10,3.4338e+11
0.05521,0.21458,5.3692e+0,2.4276e+11,8.3405e+10
0.05729,0.21458,5.1605e+0,1.0643e+11,0.0000e+0
0.05937,0.21458,4.9492e+0,4.6985e+11,5.0968e+10
0.06146,0.21458,4.7602e+0,4.3405e+11,8.1728e+10
0.06354,0.21458,4.5821e+0,2.7993e+10,0.0000e+0
0.06563,0.21458,4.3992e+0,0.0000e+0,1.3159e+11
0.06771,0.21458,4.2064e+0,0.0000e+0,5.0412e+11
0.06979,0.21458,3.9778e+0,1.3923e+9,3.8265e+10
0.07187,0.21458,3.7471e+0,8.2515e+9,1.6894e+11
0.07396,0.21458,3.5011e+0,1.2301e+11,1.7005e+11
0.07604,0.21458,3.2456e+0,1.6991e+11,1.0732e+10
0.07813,0.21458,2.9915e+0,2.4341e+11,3.2855e+9
0.08021,0.21458,2.7488e+0,5.5085e+10,3.2780e+9
0.08229,0.21458,2.5088e+0,0.0000e+0,6.9574e+10
0.08438,0.21458,2.2625e+0,1.1324e+11,5.0771e+11
0.08646,0.21458,1.9836e+0,1.7065e+10,4.7593e+11
0.08854,0.21458,1.6722e+0,0.0000e+0,5.2934e+10
0.09062,0.21458,1.3581e+0,0.0000e+0,1.1840e+10
0.09271,0.21458,1.0461e+0,0.0000e+0,0.0000e+0
0.09479,0.21458,7.3940e-1,0.0000e+0,0.0000e+0
0.09688,0.21458,4.3873e-1,0.0000e+0,0.0000e+0
0.09896,0.21458,1.4422e-1,0.0000e+0,0.0000e+0
0.00104,0.21875,8.9013e+0,0.0000e+0,0.0000e+0
0.00313,0.21875,8.8561e+0,0.0000e+0,0.0000e+0
0.00521,0.21875,8.8152e+0,0.0000e+0,0.0000e+0
0.00729,0.21875,8.7879e+0,0.0000e+0,0.0000e+0
0.00937,0.21875,8.7768e+0,0.0000e+0,5.1831e+11
0.01146,0.21875,8.7512e+0,0.0000e+0,1.7968e+12
0.01354,0.21875,8.6288e+0,0.0000e+0,1.2045e+12
0.01563,0.21875,8.4482e+0,0.0000e+0,2.2040e+11
0.01771,0.21875,8.2706e+0,1.8845e+11,7.8177e+10
0.01979,0.21875,8.1171e+0,2.3075e+11,0.0000e+0
0.02187,0.21875,7.9896e+0,0.0000e+0,0.0000e+0
0.02396,0.21875,7.8748e+0,0.0000e+0,4.6838e+9
0.02604,0.21875,7.7771e+0,1.2317e+11,8.7227e+11
0.02813,0.21875,7.6485e+0,3.3900e+11,7.6158e+11
0.03021,0.21875,7.5077e+0,0.0000e+0,2.1397e+11
0.03229,0.21875,7.3673e+0,0.0000e+0,2.7428e+11
0.03438,0.21875,7.2269e+0,6.8216e+9,9.4543e+11
0.03646,0.21875,7.0480e+0,4.4222e+11,6.5894e+11
0.03854,0.21875,6.8796e+0,0.0000e+0,6.7495e+11
0.04063,0.21875,6.6892e+0,1.1761e+11,3.3997e+11
0.04271,0.21875,6.5024e+0,9.5140e+10,1.9587e+11
0.04479,0.21875,6.3214e+0,0.0000e+0,1.9891e+11
0.04688,0.21875,6.1352e+0,3.9573e+9,1.2826e+11
0.04896,0.21875,5.9453e+0,2.1584e+11,9.4820e+10
0.05104,0.21875,5.7654e+0,2.5003e+11,8.5523e+10
0.05312,0.21875,5.5973e+0,5.0237e+10,5.5633e+11
0.05521,0.21875,5.3862e+0,1.6621e+11,0.0000e+0
0.05729,0.21875,5.1861e+0,2.4132e+11,1.8979e+11
0.05937,0.21875,4.9894e+0,4.0222e+11,2.5088e+11
0.06146,0.21875,4.8087e+0,1.4958e+11,3.2336e+11
0.06354,0.21875,4.6168e+0,0.0000e+0,7.1425e+10
0.06563,0.21875,4.4215e+0,2.0082e+9,1.9412e+10
0.06771,0.21875,4.2256e+0,2.5671e+10,4.1026e+11
0.06979,0.21875,4.0013e+0,4.3781e+10,8.7705e+10
0.07187,0.21875,3.7767e+0,2.5947e+11,5.2282e+11
0.07396,0.21875,3.5383e+0,1.7515e+11,4.1814e+11
0.07604,0.21875,3.2901e+0,6.7126e+10,4.0186e+11
0.07813,0.21875,3.0283e+0,1.4768e+11,2.8274e+11
0.08021,0.21875,2.7632e+0,5.2589e+11,1.4672e+11
0.08229,0.21875,2.5221e+0,1.7270e+11,3.2067e+11
0.08438,0.21875,2.2703e+0,0.0000e+0,4.5690e+11
0.08646,0.21875,1.9873e+0,0.0000e+0,3.9622e+11
0.08854,0.21875,1.6798e+0,0.0000e+0,2.0611e+11
0.09062,0.21875,1.3641e+0,0.0000e+0,9.4008e+10
0.09271,0.21875,1.0491e+0,0.0000e+0,0.0000e+0
0.09479,0.21875,7.4118e-1,0.0000e+0,0.0000e+0
0.09688,0.21875,4.3975e-1,0.0000e+0,0.0000e+0
0.09896,0.21875,1.4455e-1,0.0000e+0,0.0000e+0
0.00104,0.22292,9.5313e+0,0.0000e+0,1.1174e+13
0.00313,0.22292,9.1853e+0,0.0000e+0,8.0414e+11
0.00521,0.22292,9.0247e+0,0.0000e+0,0.0000e+0
0.00729,0.22292,8.9456e+0,0.0000e+0,0.0000e+0
0.00937,0.22292,8.8976e+0,0.0000e+0,3.5736e+11
0.01146,0.22292,8.8589e+0,0.0000e+0,1.2195e+12
0.01354,0.22292,8.7742e+0,0.0000e+0,1.5592e+12
0.01563,0.22292,8.6335e+0,0.0000e+0,2.2312e+12
0.01771,0.22292,8.4081e+0,4.1686e+10,3.5454e+11
0.01979,0.22292,8.2202e+0,1.6601e+7,0.0000e+0
0.02187,0.22292,8.0633e+0,0.0000e+0,0.0000e+0
0.02396,0.22292,7.9339e+0,0.0000e+0,6.4302e+9
0.02604,0.22292,7.8352e+0,0.0000e+0,9.1746e+11
0.02813,0.22292,7.7045e+0,9.8635e+10,6.5887e+11
0.03021,0.22292,7.5768e+0,3.6332e+11,1.2689e+12
0.03229,0.22292,7.4314e+0,0.0000e+0,7.0681e+11
0.03438,0.22292,7.2824e+0,9.3911e+10,1.0370e+12
0.03646,0.22292,7.1080e+0,1.7619e+10,7.3652e+11
0.03854,0.22292,6.9159e+0,0.0000e+0,1.0326e+11
0.04063,0.22292,6.7414e+0,0.0000e+0,4.5373e+11
0.04271,0.22292,6.5592e+0,4.2111e+10,5.8308e+11
0.04479,0.22292,6.3611e+0,1.6217e+11,3.7577e+11
0.04688,0.22292,6.1631e+0,2.6120e+10,2.0631e+11
0.04896,0.22292,5.9642e+0,7.0999e+11,2.3713e+11
0.05104,0.22292,5.8009e+0,4.9357e+11,4.2050e+11
0.05312,0.22292,5.6494e+0,3.5530e+10,8.9819e+11
0.05521,0.22292,5.4450e+0,0.0000e+0,1.8455e+11
0.05729,0.22292,5.2428e+0,1.9813e+11,2.1218e+11
0.05937,0.22292,5.0534e+0,7.6325e+10,2.6157e+11
0.06146,0.22292,4.8670e+0,1.0818e+11,4.4117e+11
0.06354,0.22292,4.6685e+0,4.0422e+10,1.9211e+11
0.06563,0.22292,4.4654e+0,2.2043e+10,1.1342e+11
0.06771,0.22292,4.2597e+0,2.8177e+11,5.2830e+11
0.06979,0.22292,4.0379e+0,0.0000e+0,1.4620e+11
0.07187,0.22292,3.8059e+0,2.0253e+10,2.1927e+11
0.07396,0.22292,3.5577e+0,2.9062e+11,2.3318e+11
0.07604,0.22292,3.3109e+0,2.6624e+11,1.7307e+11
0.07813,0.22292,3.0681e+0,8.4319e+10,2.6964e+11
0.08021,0.22292,2.8137e+0,1.0472e+11,1.9307e+11
0.08229,0.22292,2.5563e+0,2.7798e+10,2.2566e+11
0.08438,0.22292,2.2861e+0,0.0000e+0,3.3402e+11
0.08646,0.22292,1.9922e+0,0.0000e+0,1.5245e+11
0.08854,0.22292,1.6855e+0,2.9896e+9,1.9134e+11
0.09062,0.22292,1.3661e+0,6.4060e+9,0.0000e+0
0.09271,0.22292,1.0521e+0,0.0000e+0,0.0000e+0
0.09479,0.22292,7.4379e-1,0.0000e+0,0.0000e+0
0.09688,0.22292,4.4144e-1,0.0000e+0,0.0000e+0
0.09896,0.22292,1.4513e-1,0.0000e+0,0.0000e+0
0.00104,0.22708,9.4176e+0,0.0000e+0,6.5075e+12
0.00313,0.22708,9.1960e+0,0.0000e+0,4.6831e+11
0.00521,0.22708,9.0983e+0,0.0000e+0,4.5523e+11
0.00729,0.22708,9.0515e+0,0.0000e+0,2.4767e+12
0.00937,0.22708,8.9068e+0,0.0000e+0,1.0996e+11
0.01146,0.22708,8.8122e+0,0.0000e+0,3.7349e+11
0.01354,0.22708,8.7231e+0,0.0000e+0,1.4916e+12
0.01563,0.22708,8.5544e+0,0.0000e+0,1.8020e+11
0.01771,0.22708,8.3845e+0,1.2224e+12,4.5775e+11
0.01979,0.22708,8.2711e+0,4.8681e+8,1.2830e+12
0.02187,0.22708,8.0813e+0,0.0000e+0,3.6717e+10
0.02396,0.22708,7.9087e+0,4.0523e+11,6.2940e+10
0.02604,0.22708,7.7696e+0,1.5484e+11,4.7601e+11
0.02813,0.22708,7.6058e+0,3.9498e+11,1.1019e+11
0.03021,0.22708,7.4612e+0,2.2845e+11,1.0531e+11
0.03229,0.22708,7.3255e+0,0.0000e+0,8.2598e+10
0.03438,0.22708,7.1802e+0,4.4946e+11,1.5885e+11
0.03646,0.22708,7.0527e+0,8.4324e+10,5.8758e+11
0.03854,0.22708,6.8896e+0,0.0000e+0,2.6264e+11
0.04063,0.22708,6.7182e+0,0.0000e+0,1.3932e+11
0.04271,0.22708,6.5476e+0,6.1955e+10,3.4806e+11
0.04479,0.22708,6.3707e+0,2.3859e+11,7.3704e+11
0.04688,0.22708,6.1738e+0,3.7360e+11,1.6181e+11
0.04896,0.22708,6.0088e+0,1.4644e+11,3.3374e+11
0.05104,0.22708,5.8475e+0,1.3733e+10,5.5258e+11
0.05312,0.22708,5.6670e+0,0.0000e+0,4.7734e+11
0.05521,0.22708,5.4681e+0,2.0117e+10,2.7362e+11
0.05729,0.22708,5.2672e+0,3.9063e+10,1.5012e+11
0.05937,0.22708,5.0757e+0,2.2276e+10,0.0000e+0
0.06146,0.22708,4.8997e+0,2.3756e+11,4.8679e+11
0.06354,0.22708,4.7157e+0,9.8080e+10,3.7952e+11
0.06563,0.22708,4.5150e+0,0.0000e+0,1.2434e+11
0.06771,0.22708,4.3131e+0,0.0000e+0,2.9876e+11
0.06979,0.22708,4.0961e+0,0.0000e+0,3.0659e+11
0.07187,0.22708,3.8663e+0,3.7959e+10,4.8352e+11
0.07396,0.22708,3.6191e+0,3.9395e+11,5.2853e+11
0.07604,0.22708,3.3756e+0,1.9095e+11,4.9569e+11
0.07813,0.22708,3.1235e+0,8.2421e+10,2.1601e+11
0.08021,0.22708,2.8755e+0,5.7736e+10,5.2846e+11
0.08229,0.22708,2.6083e+0,0.0000e+0,4.7732e+11
0.08438,0.22708,2.3200e+0,0.0000e+0,1.5995e+11
0.08646,0.22708,2.0293e+0,0.0000e+0,4.8067e+11
0.08854,0.22708,1.7121e+0,7.6219e+10,4.3704e+11
0.09062,0.22708,1.3771e+0,1.6332e+11,1.6257e+10
0.09271,0.22708,1.0603e+0,0.0000e+0,0.0000e+0
0.09479,0.22708,7.4940e-1,0.0000e+0,0.0000e+0
0.09688,0.22708,4.4471e-1,0.0000e+0,0.0000e+0
0.09896,0.22708,1.4619e-1,0.0000e+0,0.0000e+0
0.00104,0.23125,9.0298e+0,0.0000e+0,0.0000e+0
0.00313,0.23125,8.9906e+0,0.0000e+0,0.0000e+0
0.00521,0.23125,8.9416e+0,0.0000e+0,4.3771e+10
0.00729,0.23125,8.8801e+0,0.0000e+0,2.3814e+11
0.00937,0.23125,8.7885e+0,0.0000e+0,0.0000e+0
0.01146,0.23125,8.6935e+0,0.0000e+0,0.0000e+0
0.01354,0.23125,8.6010e+0,0.0000e+0,0.0000e+0
0.01563,0.23125,8.5159e+0,0.0000e+0,1.8926e+11
0.01771,0.23125,8.4500e+0,0.0000e+0,2.2119e+12
0.01979,0.23125,8.2883e+0,0.0000e+0,1.3789e+12
0.02187,0.23125,8.0880e+0,0.0000e+0,3.1907e+11
0.02396,0.23125,7.9170e+0,3.1016e+11,6.7123e+11
0.02604,0.23125,7.7588e+0,1.3407e+11,1.0102e+12
0.02813,0.23125,7.5586e+0,6.3132e+11,1.3742e+11
0.03021,0.23125,7.3993e+0,3.0164e+11,0.0000e+0
0.03229,0.23125,7.2681e+0,0.0000e+0,0.0000e+0
0.03438,0.23125,7.1428e+0,0.0000e+0,3.3309e+11
0.03646,0.23125,7.0086e+0,0.0000e+0,5.6925e+11
0.03854,0.23125,6.8492e+0,2.8475e+11,6.1631e+11
0.04063,0.23125,6.6839e+0,1.9803e+11,5.3455e+11
0.04271,0.23125,6.5057e+0,0.0000e+0,7.8005e+10
0.04479,0.23125,6.3364e+0,3.4602e+11,5.3074e+11
0.04688,0.23125,6.1610e+0,1.7412e+11,6.8998e+9
0.04896,0.23125,6.0035e+0,0.0000e+0,2.5440e+11
0.05104,0.23125,5.8320e+0,8.3551e+10,3.8807e+11
0.05312,0.23125,5.6379e+0,2.0081e+11,1.1316e+11
0.05521,0.23125,5.4471e+0,2.5556e+11,2.6657e+11
0.05729,0.23125,5.2510e+0,4.0678e+11,9.1802e+10
0.05937,0.23125,5.0702e+0,4.7881e+11,0.0000e+0
0.06146,0.23125,4.9173e+0,3.4800e+11,5.0489e+11
0.06354,0.23125,4.7584e+0,7.7587e+10,8.1731e+11
0.06563,0.23125,4.5562e+0,0.0000e+0,1.3625e+11
0.06771,0.23125,4.3584e+0,0.0000e+0,5.4683e+11
0.06979,0.23125,4.1361e+0,0.0000e+0,5.7010e+11
0.07187,0.23125,3.8873e+0,1.3242e+11,2.2302e+11
0.07396,0.23125,3.6408e+0,1.6476e+11,8.9674e+10
0.07604,0.23125,3.4073e+0,0.0000e+0,4.1482e+11
0.07813,0.23125,3.1518e+0,4.3109e+10,2.4333e+11
0.08021,0.23125,2.8916e+0,8.1543e+10,3.4057e+11
0.08229,0.23125,2.6226e+0,0.0000e+0,2.6155e+11
0.08438,0.23125,2.3419e+0,0.0000e+0,2.6108e+11
0.08646,0.23125,2.0507e+0,0.0000e+0,5.6459e+11
0.08854,0.23125,1.7248e+0,0.0000e+0,1.1496e+11
0.09062,0.23125,1.3950e+0,0.0000e+0,3.3944e+9
0.09271,0.23125,1.0726e+0,0.0000e+0,0.0000e+0
0.09479,0.23125,7.5741e-1,0.0000e+0,0.0000e+0
0.09688,0.23125,4.4921e-1,0.0000e+0,0.0000e+0
0.09896,0.23125,1.4764e-1,0.0000e+0,0.0000e+0
0.00104,0.23542,8.9567e+0,0.0000e+0,0.0000e+0
0.00313,0.23542,8.9418e+0,0.0000e+0,4.7744e+9
0.00521,0.23542,8.9101e+0,0.0000e+0,1.1976e+11
0.00729,0.23542,8.8426e+0,0.0000e+0,6.5996e+10
0.00937,0.23542,8.7671e+0,0.0000e+0,9.0992e+11
0.01146,0.23542,8.6319e+0,0.0000e+0,0.0000e+0
0.01354,0.23542,8.5042e+0,0.0000e+0,0.0000e+0
0.01563,0.23542,8.3808e+0,0.0000e+0,6.4181e+10
0.01771,0.23542,8.2573e+0,0.0000e+0,3.9267e+11
0.01979,0.23542,8.1033e+0,0.0000e+0,5.5745e+10
0.02187,0.23542,7.9485e+0,5.1920e+10,0.0000e+0
0.02396,0.23542,7.8136e+0,2.3067e+11,1.5732e+11
0.02604,0.23542,7.7061e+0,5.9733e+11,1.6604e+12
0.02813,0.23542,7.5510e+0,1.8398e+11,9.1389e+11
0.03021,0.23542,7.3734e+0,1.1779e+11,6.5090e+10
0.03229,0.23542,7.2203e+0,0.0000e+0,1.7655e+11
0.03438,0.23542,7.0676e+0,1.8714e+10,0.0000e+0
0.03646,0.23542,6.9200e+0,9.7139e+10,0.0000e+0
0.03854,0.23542,6.7761e+0,5.0536e+10,3.3086e+11
0.04063,0.23542,6.6110e+0,1.9367e+11,2.3607e+11
0.04271,0.23542,6.4376e+0,6.1948e+11,1.1925e+11
0.04479,0.23542,6.2994e+0,4.4676e+11,4.2090e+11
0.04688,0.23542,6.1556e+0,1.4103e+11,1.8479e+11
0.04896,0.23542,6.0024e+0,0.0000e+0,7.8128e+10
0.05104,0.23542,5.8361e+0,4.1752e+10,6.2978e+10
0.05312,0.23542,5.6592e+0,1.0035e+11,1.4695e+11
0.05521,0.23542,5.4720e+0,2.2774e+11,0.0000e+0
0.05729,0.23542,5.2982e+0,5.3621e+10,8.6573e+10
0.05937,0.23542,5.1235e+0,6.1600e+10,1.5805e+11
0.06146,0.23542,4.9436e+0,4.8416e+10,1.6125e+11
0.06354,0.23542,4.7564e+0,5.8133e+10,1.3662e+11
0.06563,0.23542,4.5626e+0,3.1023e+10,3.1623e+11
0.06771,0.23542,4.3555e+0,3.3889e+10,3.4975e+11
0.06979,0.23542,4.1307e+0,2.5357e+11,3.3658e+11
0.07187,0.23542,3.9005e+0,1.4960e+11,2.2998e+11
0.07396,0.23542,3.6638e+0,1.8599e+11,2.3219e+11
0.07604,0.23542,3.4238e+0,0.0000e+0,2.7312e+11
0.07813,0.23542,3.1616e+0,2.7345e+11,3.4653e+11
0.08021,0.23542,2.8881e+0,4.8198e+11,2.3534e+11
0.08229,0.23542,2.6290e+0,1.1593e+10,1.9117e+11
0.08438,0.23542,2.3525e+0,0.0000e+0,1.5939e+11
0.08646,0.23542,2.0636e+0,3.5026e+9,4.1437e+11
0.08854,0.23542,1.7473e+0,2.2429e+10,4.0587e+11
0.09062,0.23542,1.4126e+0,0.0000e+0,5.1456e+10
0.09271,0.23542,1.0844e+0,0.0000e+0,0.0000e+0
0.09479,0.23542,7.6497e-1,0.0000e+0,0.0000e+0
0.09688,0.23542,4.5343e-1,0.0000e+0,0.0000e+0
0.09896,0.23542,1.4898e-1,0.0000e+0,0.0000e+0
0.00104,0.23958,9.0020e+0,0.0000e+0,0.0000e+0
0.00313,0.23958,9.0226e+0,0.0000e+0,1.6264e+11
0.00521,0.23958,9.0643e+0,0.0000e+0,4.0796e+12
0.00729,0.23958,8.8972e+0,0.0000e+0,9.8008e+10
0.00937,0.23958,8.7924e+0,0.0000e+0,1.3513e+12
0.01146,0.23958,8.6357e+0,0.0000e+0,7.5487e+11
0.01354,0.23958,8.4679e+0,0.0000e+0,5.2833e+11
0.01563,0.23958,8.2919e+0,0.0000e+0,0.0000e+0
0.01771,0.23958,8.1297e+0,0.0000e+0,0.0000e+0
0.01979,0.23958,7.9682e+0,0.0000e+0,0.0000e+0
0.02187,0.23958,7.8023e+0,1.6707e+11,0.0000e+0
0.02396,0.23958,7.6411e+0,1.1945e+12,0.0000e+0
0.02604,0.23958,7.5383e+0,3.6754e+11,6.6907e+10
0.02813,0.23958,7.4421e+0,2.4173e+10,4.0145e+11
0.03021,0.23958,7.3046e+0,0.0000e+0,1.2502e+11
0.03229,0.23958,7.1544e+0,5.1926e+11,3.3912e+11
0.03438,0.23958,7.0172e+0,2.0461e+11,0.0000e+0
0.03646,0.23958,6.8787e+0,4.2270e+11,1.1829e+11
0.03854,0.23958,6.7416e+0,0.0000e+0,2.6848e+10
0.04063,0.23958,6.5894e+0,2.7337e+10,0.0000e+0
0.04271,0.23958,6.4292e+0,8.3007e+11,0.0000e+0
0.04479,0.23958,6.3204e+0,3.2100e+11,4.5398e+11
0.04688,0.23958,6.2008e+0,0.0000e+0,3.3581e+11
0.04896,0.23958,6.0562e+0,1.6314e+11,2.6623e+11
0.05104,0.23958,5.9015e+0,2.0322e+11,3.1505e+11
0.05312,0.23958,5.7372e+0,0.0000e+0,5.4764e+11
0.05521,0.23958,5.5388e+0,3.0954e+11,0.0000e+0
0.05729,0.23958,5.3679e+0,4.2832e+11,6.6200e+11
0.05937,0.23958,5.1897e+0,3.9930e+10,4.2922e+11
0.06146,0.23958,4.9923e+0,1.1191e+11,3.3793e+11
0.06354,0.23958,4.7829e+0,1.6908e+11,3.8045e+11
0.06563,0.23958,4.5595e+0,3.1507e+11,3.5997e+10
0.06771,0.23958,4.3536e+0,1.5888e+11,2.6178e+11
0.06979,0.23958,4.1416e+0,4.9824e+11,3.4357e+11
0.07187,0.23958,3.9446e+0,1.8887e+10,7.4294e+11
0.07396,0.23958,3.7098e+0,0.0000e+0,2.9041e+11
0.07604,0.23958,3.4703e+0,0.0000e+0,4.5610e+11
0.07813,0.23958,3.2131e+0,1.7800e+10,4.5685e+11
0.08021,0.23958,2.9448e+0,2.6700e+11,6.4155e+11
0.08229,0.23958,2.6727e+0,8.9089e+10,4.6013e+11
0.08438,0.23958,2.3901e+0,0.0000e+0,5.2484e+11
0.08646,0.23958,2.0865e+0,4.6601e+10,6.4642e+11
0.08854,0.23958,1.7534e+0,2.2048e+11,3.6942e+11
0.09062,0.23958,1.4190e+0,0.0000e+0,5.7057e+10
0.09271,0.23958,1.0897e+0,0.0000e+0,0.0000e+0
0.09479,0.23958,7.6889e-1,0.0000e+0,0.0000e+0
0.09688,0.23958,4.5578e-1,0.0000e+0,0.0000e+0
0.09896,0.23958,1.4976e-1,0.0000e+0,0.0000e+0
0.00104,0.24375,8.8863e+0,0.0000e+0,0.0000e+0
0.00313,0.24375,8.8836e+0,0.0000e+0,0.0000e+0
0.00521,0.24375,8.8720e+0,0.0000e+0,1.0478e+11
0.00729,0.24375,8.8277e+0,0.0000e+0,8.4198e+11
0.00937,0.24375,8.7157e+0,0.0000e+0,4.3356e+11
0.01146,0.24375,8.5652e+0,0.0000e+0,3.1481e+11
0.01354,0.24375,8.4040e+0,0.0000e+0,2.4200e+11
0.01563,0.24375,8.2381e+0,0.0000e+0,8.9893e+10
0.01771,0.24375,8.0742e+0,0.0000e+0,0.0000e+0
0.01979,0.24375,7.9199e+0,0.0000e+0,0.0000e+0
0.02187,0.24375,7.7641e+0,4.0514e+11,0.0000e+0
0.02396,0.24375,7.6365e+0,2.3123e+10,0.0000e+0
0.02604,0.24375,7.5143e+0,4.0796e+11,9.3293e+9
0.02813,0.24375,7.4160e+0,8.8588e+10,4.5413e+11
0.03021,0.24375,7.2869e+0,1.5193e+11,1.8137e+11
0.03229,0.24375,7.1589e+0,2.5990e+11,0.0000e+0
0.03438,0.24375,7.0634e+0,8.1709e+9,4.7851e+11
0.03646,0.24375,6.9467e+0,0.0000e+0,7.9273e+11
0.03854,0.24375,6.7906e+0,0.0000e+0,1.9596e+11
0.04063,0.24375,6.6348e+0,0.0000e+0,0.0000e+0
0.04271,0.24375,6.4892e+0,3.8262e+11,0.0000e+0
0.04479,0.24375,6.3782e+0,1.4074e+11,3.1884e+11
0.04688,0.24375,6.2641e+0,0.0000e+0,3.3150e+11
0.04896,0.24375,6.1382e+0,3.6227e+11,9.8732e+11
0.05104,0.24375,5.9891e+0,1.7034e+11,9.4209e+11
0.05312,0.24375,5.8076e+0,0.0000e+0,2.9612e+11
0.05521,0.24375,5.6209e+0,6.3522e+10,4.4816e+11
0.05729,0.24375,5.4221e+0,9.4909e+10,1.3626e+11
0.05937,0.24375,5.2293e+0,3.2197e+10,6.2557e+10
0.06146,0.24375,5.0390e+0,2.1243e+11,6.6059e+11
0.06354,0.24375,4.8246e+0,1.0311e+10,4.4768e+11
0.06563,0.24375,4.5901e+0,1.7609e+11,4.6701e+10
0.06771,0.24375,4.3803e+0,1.8897e+10,2.8987e+11
0.06979,0.24375,4.1619e+0,2.3425e+10,1.6641e+11
0.07187,0.24375,3.9420e+0,0.0000e+0,2.4097e+11
0.07396,0.24375,3.7099e+0,0.0000e+0,1.8489e+11
0.07604,0.24375,3.4720e+0,0.0000e+0,5.9026e+11
0.07813,0.24375,3.2010e+0,8.0983e+10,9.7313e+10
0.08021,0.24375,2.9371e+0,2.3341e+11,3.6844e+11
0.08229,0.24375,2.6667e+0,1.0085e+11,4.7152e+11
0.08438,0.24375,2.3756e+0,0.0000e+0,3.0654e+11
0.08646,0.24375,2.0696e+0,8.7102e+10,3.9631e+11
0.08854,0.24375,1.7474e+0,1.2898e+11,2.8975e+11
0.09062,0.24375,1.4181e+0,0.0000e+0,6.9490e+10
0.09271,0.24375,1.0903e+0,0.0000e+0,0.0000e+0
0.09479,0.24375,7.6977e-1,0.0000e+0,0.0000e+0
0.09688,0.24375,4.5646e-1,0.0000e+0,0.0000e+0
0.09896,0.24375,1.5000e-1,0.0000e+0,0.0000e+0
0.00104,0.24792,8.7907e+0,0.0000e+0,0.0000e+0
0.00313,0.24792,8.7991e+0,0.0000e+0,0.0000e+0
0.00521,0.24792,8.8216e+0,0.0000e+0,3.0274e+11
0.00729,0.24792,8.8533e+0,0.0000e+0,2.5087e+12
0.00937,0.24792,8.7742e+0,0.0000e+0,3.3067e+12
0.01146,0.24792,8.5520e+0,0.0000e+0,2.1820e+11
0.01354,0.24792,8.3834e+0,0.0000e+0,2.6408e+11
0.01563,0.24792,8.2358e+0,2.9641e+11,1.0957e+12
0.01771,0.24792,8.0554e+0,9.5694e+11,8.2555e+10
0.01979,0.24792,7.9428e+0,1.1571e+11,9.4900e+11
0.02187,0.24792,7.7847e+0,5.5840e+11,7.6658e+10
0.02396,0.24792,7.6703e+0,3.1870e+10,1.6703e+11
0.02604,0.24792,7.5586e+0,2.8864e+11,5.5928e+11
0.02813,0.24792,7.4390e+0,6.2677e+10,8.2002e+11
0.03021,0.24792,7.2821e+0,3.7263e+11,9.2345e+10
0.03229,0.24792,7.1523e+0,5.1519e+11,0.0000e+0
0.03438,0.24792,7.0696e+0,0.0000e+0,5.2793e+11
0.03646,0.24792,6.9539e+0,0.0000e+0,4.4282e+11
0.03854,0.24792,6.8109e+0,0.0000e+0,1.1362e+11
0.04063,0.24792,6.6703e+0,0.0000e+0,0.0000e+0
0.04271,0.24792,6.5426e+0,0.0000e+0,1.3194e+11
0.04479,0.24792,6.4216e+0,0.0000e+0,2.9812e+11
0.04688,0.24792,6.2923e+0,0.0000e+0,4.7032e+11
0.04896,0.24792,6.1441e+0,0.0000e+0,1.0377e+11
0.05104,0.24792,5.9991e+0,6.8633e+10,5.0491e+11
0.05312,0.24792,5.8344e+0,1.2267e+10,2.9741e+11
0.05521,0.24792,5.6584e+0,0.0000e+0,2.6842e+11
0.05729,0.24792,5.4720e+0,0.0000e+0,3.1879e+11
0.05937,0.24792,5.2781e+0,0.0000e+0,4.0023e+11
0.06146,0.24792,5.0726e+0,0.0000e+0,6.1516e+11
0.06354,0.24792,4.8353e+0,1.6538e+10,1.1987e+11
0.06563,0.24792,4.5958e+0,3.8573e+11,7.8194e+10
0.06771,0.24792,4.3845e+0,2.0074e+11,2.9226e+11
0.06979,0.24792,4.1676e+0,1.3129e+11,3.6030e+11
0.07187,0.24792,3.9386e+0,2.7370e+10,1.9410e+11
0.07396,0.24792,3.7018e+0,1.5989e+11,4.2068e+11
0.07604,0.24792,3.4487e+0,0.0000e+0,7.6965e+10
0.07813,0.24792,3.1902e+0,0.0000e+0,0.0000e+0
0.08021,0.24792,2.9321e+0,0.0000e+0,3.3743e+11
0.08229,0.24792,2.6516e+0,0.0000e+0,2.4842e+11
0.08438,0.24792,2.3541e+0,0.0000e+0,1.8677e+10
0.08646,0.24792,2.0547e+0,0.0000e+0,1.0890e+11
0.08854,0.24792,1.7474e+0,0.0000e+0,3.5799e+11
0.09062,0.24792,1.4195e+0,0.0000e+0,1.2183e+11
0.09271,0.24792,1.0906e+0,0.0000e+0,0.0000e+0
0.09479,0.24792,7.6978e-1,0.0000e+0,0.0000e+0
0.09688,0.24792,4.5640e-1,0.0000e+0,0.0000e+0
0.09896,0.24792,1.4998e-1,0.0000e+0,0.0000e+0
0.00104,0.25208,8.6258e+0,0.0000e+0,0.0000e+0
0.00313,0.25208,8.6167e+0,0.0000e+0,0.0000e+0
0.00521,0.25208,8.5971e+0,0.0000e+0,0.0000e+0
0.00729,0.25208,8.5617e+0,0.0000e+0,0.0000e+0
0.00937,0.25208,8.4999e+0,0.0000e+0,2.8457e+11
0.01146,0.25208,8.3972e+0,0.0000e+0,3.4588e+10
0.01354,0.25208,8.2937e+0,0.0000e+0,0.0000e+0
0.01563,0.25208,8.1924e+0,6.3043e+11,5.7083e+11
0.01771,0.25208,8.0925e+0,5.8119e+11,1.5023e+12
0.01979,0.25208,7.9539e+0,3.9409e+10,3.6513e+11
0.02187,0.25208,7.8193e+0,0.0000e+0,2.0424e+11
0.02396,0.25208,7.7037e+0,0.0000e+0,6.6341e+11
0.02604,0.25208,7.5736e+0,0.0000e+0,8.0696e+11
0.02813,0.25208,7.4160e+0,0.0000e+0,7.1184e+10
0.03021,0.25208,7.2724e+0,3.3614e+11,1.2264e+11
0.03229,0.25208,7.1610e+0,5.3474e+11,5.5980e+11
0.03438,0.25208,7.0662e+0,6.9032e+10,4.9026e+11
0.03646,0.25208,6.9609e+0,6.7900e+10,8.7597e+11
0.03854,0.25208,6.8168e+0,0.0000e+0,7.0905e+10
0.04063,0.25208,6.6816e+0,0.0000e+0,0.0000e+0
0.04271,0.25208,6.5522e+0,0.0000e+0,5.2329e+10
0.04479,0.25208,6.4275e+0,0.0000e+0,5.3992e+11
0.04688,0.25208,6.2735e+0,1.2065e+11,1.3711e+11
0.04896,0.25208,6.1292e+0,1.2254e+11,3.5081e+11
0.05104,0.25208,5.9755e+0,3.0131e+11,2.1353e+11
0.05312,0.25208,5.8412e+0,5.3853e+10,6.7204e+11
0.05521,0.25208,5.6804e+0,0.0000e+0,8.2078e+11
0.05729,0.25208,5.4795e+0,0.0000e+0,2.2931e+11
0.05937,0.25208,5.2757e+0,0.0000e+0,1.7075e+11
0.06146,0.25208,5.0704e+0,3.5058e+10,3.6391e+11
0.06354,0.25208,4.8506e+0,4.2935e+10,3.1622e+11
0.06563,0.25208,4.6190e+0,4.3307e+11,2.1919e+11
0.06771,0.25208,4.4077e+0,4.3542e+10,3.5699e+11
0.06979,0.25208,4.1790e+0,7.0457e+9,1.1275e+11
0.07187,0.25208,3.9452e+0,1.7071e+10,2.2302e+11
0.07396,0.25208,3.6985e+0,9.9727e+10,1.0557e+11
0.07604,0.25208,3.4505e+0,0.0000e+0,0.0000e+0
0.07813,0.25208,3.2055e+0,0.0000e+0,4.1773e+11
0.08021,0.25208,2.9387e+0,0.0000e+0,3.2760e+11
0.08229,0.25208,2.6558e+0,0.0000e+0,2.0912e+11
0.08438,0.25208,2.3635e+0,0.0000e+0,1.4731e+11
0.08646,0.25208,2.0665e+0,0.0000e+0,4.4710e+11
0.08854,0.25208,1.7469e+0,0.0000e+0,2.6765e+11
0.09062,0.25208,1.4171e+0,0.0000e+0,1.2759e+11
0.09271,0.25208,1.0880e+0,0.0000e+0,0.0000e+0
0.09479,0.25208,7.6778e-1,0.0000e+0,0.0000e+0
0.09688,0.25208,4.5519e-1,0.0000e+0,0.0000e+0
0.09896,0.25208,1.4957e-1,0.0000e+0,0.0000e+0
0.00104,0.25625,8.5357e+0,0.0000e+0,0.0000e+0
0.00313,0.25625,8.5155e+0,0.0000e+0,0.0000e+0
0.00521,0.25625,8.4798e+0,0.0000e+0,0.0000e+0
0.00729,0.25625,8.4309e+0,0.0000e+0,0.0000e+0
0.00937,0.25625,8.3724e+0,0.0000e+0,0.0000e+0
0.01146,0.25625,8.3105e+0,0.0000e+0,0.0000e+0
0.01354,0.25625,8.2583e+0,0.0000e+0,3.3275e+11
0.01563,0.25625,8.2074e+0,0.0000e+0,1.8571e+12
0.01771,0.25625,8.0641e+0,0.0000e+0,5.8060e+11
0.01979,0.25625,7.9098e+0,0.0000e+0,2.8086e+11
0.02187,0.25625,7.7621e+0,0.0000e+0,6.9507e+10
0.02396,0.25625,7.6286e+0,0.0000e+0,1.8037e+11
0.02604,0.25625,7.4917e+0,0.0000e+0,0.0000e+0
0.02813,0.25625,7.3585e+0,0.0000e+0,0.0000e+0
0.03021,0.25625,7.2352e+0,0.0000e+0,3.4535e+9
0.03229,0.25625,7.1245e+0,0.0000e+0,3.2912e+11
0.03438,0.25625,6.9985e+0,6.5585e+11,3.2360e+11
0.03646,0.25625,6.8950e+0,3.1302e+11,1.1969e+11
0.03854,0.25625,6.7954e+0,1.0010e+11,1.9408e+11
0.04063,0.25625,6.6971e+0,0.0000e+0,8.5035e+11
0.04271,0.25625,6.5510e+0,0.0000e+0,1.3100e+11
0.04479,0.25625,6.4070e+0,0.0000e+0,3.0052e+11
0.04688,0.25625,6.2484e+0,1.1118e+11,1.4677e+11
0.04896,0.25625,6.0972e+0,1.1292e+11,3.0487e+11
0.05104,0.25625,5.9359e+0,0.0000e+0,4.5603e+10
0.05312,0.25625,5.7757e+0,3.2281e+11,1.0869e+11
0.05521,0.25625,5.6318e+0,2.4618e+10,4.2549e+11
0.05729,0.25625,5.4563e+0,0.0000e+0,4.0016e+11
0.05937,0.25625,5.2543e+0,9.6863e+10,7.7447e+10
0.06146,0.25625,5.0539e+0,2.3090e+11,2.3543e+11
0.06354,0.25625,4.8606e+0,1.5426e+11,6.0760e+11
0.06563,0.25625,4.6427e+0,0.0000e+0,1.2764e+11
0.06771,0.25625,4.4300e+0,7.5702e+10,4.3995e+11
0.06979,0.25625,4.2053e+0,2.1185e+11,5.0155e+11
0.07187,0.25625,3.9701e+0,1.6865e+11,4.0875e+11
0.07396,0.25625,3.7251e+0,1.1645e+11,3.7504e+11
0.07604,0.25625,3.4673e+0,0.0000e+0,9.7804e+10
0.07813,0.25625,3.2041e+0,1.8902e+10,1.0108e+11
0.08021,0.25625,2.9348e+0,4.7323e+10,1.4540e+11
0.08229,0.25625,2.6616e+0,0.0000e+0,2.8175e+11
0.08438,0.25625,2.3747e+0,0.0000e+0,5.4748e+11
0.08646,0.25625,2.0574e+0,0.0000e+0,1.8114e+11
0.08854,0.25625,1.7341e+0,1.8910e+10,2.0790e+11
0.09062,0.25625,1.4019e+0,8.6950e+10,1.5792e+10
0.09271,0.25625,1.0794e+0,0.0000e+0,0.0000e+0
0.09479,0.25625,7.6286e-1,0.0000e+0,0.0000e+0
0.09688,0.25625,4.5263e-1,0.0000e+0,0.0000e+0
0.09896,0.25625,1.4879e-1,0.0000e+0,0.0000e+0
0.00104,0.26042,8.6088e+0,0.0000e+0,0.0000e+0
0.00313,0.26042,8.5506e+0,0.0000e+0,0.0000e+0
0.00521,0.26042,8.4827e+0,0.0000e+0,0.0000e+0
0.00729,0.26042,8.3994e+0,0.0000e+0,0.0000e+0
0.00937,0.26042,8.3121e+0,0.0000e+0,0.0000e+0
0.01146,0.26042,8.2271e+0,0.0000e+0,0.0000e+0
0.01354,0.26042,8.1447e+0,0.0000e+0,3.1997e+10
0.01563,0.26042,8.0603e+0,0.0000e+0,9.9012e+10
0.01771,0.26042,7.9671e+0,0.0000e+0,1.0276e+12
0.01979,0.26042,7.8146e+0,0.0000e+0,0.0000e+0
0.02187,0.26042,7.6789e+0,0.0000e+0,0.0000e+0
0.02396,0.26042,7.5580e+0,0.0000e+0,1.9102e+11
0.02604,0.26042,7.4379e+0,0.0000e+0,4.6012e+11
0.02813,0.26042,7.3002e+0,9.8167e+10,4.8851e+10
0.03021,0.26042,7.1781e+0,5.6910e+11,4.7374e+11
0.03229,0.26042,7.0763e+0,5.1454e+11,6.0279e+11
0.03438,0.26042,6.9819e+0,1.5157e+11,5.7566e+11
0.03646,0.26042,6.8755e+0,3.7241e+10,3.1775e+11
0.03854,0.26042,6.7599e+0,5.1328e+11,4.6153e+11
0.04063,0.26042,6.6622e+0,2.5041e+11,8.8036e+11
0.04271,0.26042,6.5281e+0,0.0000e+0,4.8678e+11
0.04479,0.26042,6.3787e+0,3.2683e+11,6.8980e+11
0.04688,0.26042,6.2177e+0,6.1659e+9,5.0841e+10
0.04896,0.26042,6.0625e+0,0.0000e+0,7.2016e+10
0.05104,0.26042,5.9050e+0,0.0000e+0,3.9700e+9
0.05312,0.26042,5.7494e+0,6.7785e+10,1.1177e+10
0.05521,0.26042,5.6006e+0,5.1694e+9,2.4854e+11
0.05729,0.26042,5.4406e+0,0.0000e+0,4.9868e+11
0.05937,0.26042,5.2558e+0,8.1150e+10,6.4065e+11
0.06146,0.26042,5.0399e+0,3.7587e+11,1.5292e+11
0.06354,0.26042,4.8474e+0,2.1730e+11,4.4497e+11
0.06563,0.26042,4.6325e+0,0.0000e+0,2.4204e+10
0.06771,0.26042,4.4139e+0,2.2541e+11,8.1464e+9
0.06979,0.26042,4.2129e+0,2.2868e+10,4.4497e+11
0.07187,0.26042,3.9857e+0,4.4313e+10,3.2036e+11
0.07396,0.26042,3.7466e+0,8.7829e+10,2.6640e+11
0.07604,0.26042,3.5033e+0,0.0000e+0,5.7555e+11
0.07813,0.26042,3.2295e+0,6.1386e+10,3.6214e+11
0.08021,0.26042,2.9448e+0,1.5368e+11,2.6266e+11
0.08229,0.26042,2.6622e+0,6.6694e+10,4.1401e+11
0.08438,0.26042,2.3652e+0,1.1340e+11,5.4680e+11
0.08646,0.26042,2.0462e+0,0.0000e+0,8.9457e+10
0.08854,0.26042,1.7304e+0,2.5415e+10,3.8648e+11
0.09062,0.26042,1.3989e+0,1.1686e+11,1.0739e+11
0.09271,0.26042,1.0759e+0,0.0000e+0,0.0000e+0
0.09479,0.26042,7.6010e-1,0.0000e+0,0.0000e+0
0.09688,0.26042,4.5096e-1,0.0000e+0,0.0000e+0
0.09896,0.26042,1.4824e-1,0.0000e+0,0.0000e+0
0.00104,0.26458,9.1463e+0,0.0000e+0,1.0899e+13
0.00313,0.26458,8.7913e+0,0.0000e+0,0.0000e+0
0.00521,0.26458,8.6685e+0,0.0000e+0,2.4552e+12
0.00729,0.26458,8.4817e+0,0.0000e+0,7.3389e+11
0.00937,0.26458,8.3193e+0,0.0000e+0,0.0000e+0
0.01146,0.26458,8.1939e+0,0.0000e+0,0.0000e+0
0.01354,0.26458,8.0805e+0,0.0000e+0,0.0000e+0
0.01563,0.26458,7.9649e+0,0.0000e+0,0.0000e+0
0.01771,0.26458,7.8419e+0,0.0000e+0,0.0000e+0
0.01979,0.26458,7.7125e+0,0.0000e+0,0.0000e+0
0.02187,0.26458,7.5860e+0,0.0000e+0,0.0000e+0
0.02396,0.26458,7.4664e+0,0.0000e+0,6.7322e+10
0.02604,0.26458,7.3506e+0,0.0000e+0,1.6217e+11
0.02813,0.26458,7.2306e+0,2.3820e+11,6.2793e+11
0.03021,0.26458,7.0904e+0,9.5991e+11,2.0310e+11
0.03229,0.26458,7.0012e+0,3.5717e+11,8.7225e+10
0.03438,0.26458,6.9244e+0,0.0000e+0,2.3203e+11
0.03646,0.26458,6.8273e+0,0.0000e+0,3.8633e+11
0.03854,0.26458,6.7019e+0,2.9178e+11,3.2181e+11
0.04063,0.26458,6.5798e+0,3.3157e+11,3.1807e+11
0.04271,0.26458,6.4516e+0,0.0000e+0,1.0453e+11
0.04479,0.26458,6.3112e+0,3.6140e+11,1.8907e+11
0.04688,0.26458,6.1765e+0,1.9586e+11,2.8970e+11
0.04896,0.26458,6.0407e+0,0.0000e+0,4.0161e+11
0.05104,0.26458,5.8906e+0,0.0000e+0,3.6745e+11
0.05312,0.26458,5.7331e+0,0.0000e+0,4.6939e+11
0.05521,0.26458,5.5591e+0,0.0000e+0,1.2484e+11
0.05729,0.26458,5.3922e+0,2.8151e+11,2.8897e+11
0.05937,0.26458,5.2338e+0,7.3712e+10,6.2965e+11
0.06146,0.26458,5.0469e+0,9.9400e+10,2.3412e+11
0.06354,0.26458,4.8669e+0,1.2263e+11,7.5654e+11
0.06563,0.26458,4.6575e+0,0.0000e+0,4.8928e+11
0.06771,0.26458,4.4292e+0,5.3666e+10,9.6428e+10
0.06979,0.26458,4.2131e+0,1.0393e+11,2.9416e+11
0.07187,0.26458,3.9932e+0,9.0741e+10,5.6998e+11
0.07396,0.26458,3.7501e+0,2.4685e+11,3.8395e+11
0.07604,0.26458,3.5093e+0,4.3600e+10,6.4957e+11
0.07813,0.26458,3.2320e+0,0.0000e+0,2.8785e+11
0.08021,0.26458,2.9421e+0,4.4548e+10,2.6734e+11
0.08229,0.26458,2.6403e+0,1.4784e+11,1.3218e+11
0.08438,0.26458,2.3373e+0,5.5272e+10,1.2003e+11
0.08646,0.26458,2.0248e+0,1.3514e+11,1.5217e+11
0.08854,0.26458,1.7089e+0,2.5105e+11,2.3248e+11
0.09062,0.26458,1.3919e+0,0.0000e+0,8.0712e+10
0.09271,0.26458,1.0723e+0,0.0000e+0,0.0000e+0
0.09479,0.26458,7.5813e-1,0.0000e+0,0.0000e+0
0.09688,0.26458,4.4994e-1,0.0000e+0,0.0000e+0
0.09896,0.26458,1.4792e-1,0.0000e+0,0.0000e+0
0.00104,0.26875,9.1003e+0,0.0000e+0,1.0600e+13
0.00313,0.26875,8.7415e+0,0.0000e+0,0.0000e+0
0.00521,0.26875,8.5863e+0,0.0000e+0,5.7612e+11
0.00729,0.26875,8.4360e+0,0.0000e+0,1.7221e+11
0.00937,0.26875,8.3056e+0,0.0000e+0,0.0000e+0
0.01146,0.26875,8.1996e+0,0.0000e+0,1.8241e+11
0.01354,0.26875,8.0956e+0,1.8342e+11,5.9607e+11
0.01563,0.26875,7.9620e+0,8.8748e+11,1.3479e+12
0.01771,0.26875,7.8023e+0,0.0000e+0,0.0000e+0
0.01979,0.26875,7.6526e+0,0.0000e+0,0.0000e+0
0.02187,0.26875,7.5120e+0,0.0000e+0,0.0000e+0
0.02396,0.26875,7.3796e+0,1.2210e+11,0.0000e+0
0.02604,0.26875,7.2671e+0,7.1671e+10,0.0000e+0
0.02813,0.26875,7.1662e+0,0.0000e+0,0.0000e+0
0.03021,0.26875,7.0731e+0,1.8630e+11,2.7980e+11
0.03229,0.26875,6.9875e+0,4.7472e+9,2.9732e+11
0.03438,0.26875,6.8963e+0,0.0000e+0,2.4065e+11
0.03646,0.26875,6.7959e+0,0.0000e+0,4.8546e+11
0.03854,0.26875,6.6689e+0,1.4126e+11,1.9213e+11
0.04063,0.26875,6.5463e+0,6.4666e+10,2.0319e+11
0.04271,0.26875,6.4217e+0,0.0000e+0,3.1040e+11
0.04479,0.26875,6.2839e+0,6.6445e+10,3.8171e+11
0.04688,0.26875,6.1330e+0,8.4949e+10,3.2153e+11
0.04896,0.26875,5.9741e+0,1.0156e+11,1.2059e+11
0.05104,0.26875,5.8159e+0,6.9988e+10,4.8800e+10
0.05312,0.26875,5.6615e+0,1.6089e+10,3.7686e+11
0.05521,0.26875,5.4853e+0,3.8921e+11,2.8658e+9
0.05729,0.26875,5.3360e+0,8.0046e+10,3.1523e+11
0.05937,0.26875,5.1702e+0,2.6374e+11,2.0995e+11
0.06146,0.26875,5.0058e+0,5.4742e+10,2.2201e+11
0.06354,0.26875,4.8335e+0,0.0000e+0,4.9322e+11
0.06563,0.26875,4.6327e+0,0.0000e+0,4.7282e+11
0.06771,0.26875,4.4100e+0,5.6725e+10,1.6618e+11
0.06979,0.26875,4.1925e+0,1.0986e+11,3.6590e+11
0.07187,0.26875,3.9678e+0,3.1886e+10,3.9228e+11
0.07396,0.26875,3.7244e+0,3.6155e+11,2.7362e+11
0.07604,0.26875,3.4956e+0,4.7058e+10,6.6130e+11
0.07813,0.26875,3.2245e+0,1.3060e+10,7.6388e+10
0.08021,0.26875,2.9492e+0,9.7541e+10,2.5427e+11
0.08229,0.26875,2.6604e+0,8.2376e+10,2.8537e+11
0.08438,0.26875,2.3582e+0,0.0000e+0,2.4451e+11
0.08646,0.26875,2.0448e+0,8.9035e+10,2.6532e+11
0.08854,0.26875,1.7270e+0,1.2015e+11,3.7137e+11
0.09062,0.26875,1.3990e+0,0.0000e+0,4.2656e+10
0.09271,0.26875,1.0756e+0,0.0000e+0,0.0000e+0
0.09479,0.26875,7.5955e-1,0.0000e+0,0.0000e+0
0.09688,0.26875,4.5049e-1,0.0000e+0,0.0000e+0
0.09896,0.26875,1.4806e-1,0.0000e+0,0.0000e+0
0.00104,0.27292,8.5945e+0,0.0000e+0,0.0000e+0
0.00313,0.27292,8.5612e+0,0.0000e+0,0.0000e+0
0.00521,0.27292,8.5490e+0,0.0000e+0,2.3485e+12
0.00729,0.27292,8.4171e+0,0.0000e+0,5.2355e+11
0.00937,0.27292,8.2993e+0,0.0000e+0,1.1171e+11
0.01146,0.27292,8.2170e+0,0.0000e+0,6.1232e+11
0.01354,0.27292,8.1401e+0,6.7803e+10,2.0987e+12
0.01563,0.27292,7.9727e+0,3.2807e+11,1.2890e+12
0.01771,0.27292,7.7954e+0,0.0000e+0,3.9169e+11
0.01979,0.27292,7.6179e+0,0.0000e+0,0.0000e+0
0.02187,0.27292,7.4569e+0,0.0000e+0,0.0000e+0
0.02396,0.27292,7.3070e+0,4.4855e+11,0.0000e+0
0.02604,0.27292,7.1949e+0,2.6330e+11,0.0000e+0
0.02813,0.27292,7.0996e+0,0.0000e+0,0.0000e+0
0.03021,0.27292,7.0105e+0,0.0000e+0,0.0000e+0
0.03229,0.27292,6.9280e+0,0.0000e+0,3.6037e+10
0.03438,0.27292,6.8524e+0,0.0000e+0,6.8796e+11
0.03646,0.27292,6.7446e+0,0.0000e+0,3.3819e+11
0.03854,0.27292,6.6267e+0,0.0000e+0,3.5714e+11
0.04063,0.27292,6.4988e+0,0.0000e+0,1.3406e+11
0.04271,0.27292,6.3725e+0,0.0000e+0,3.0061e+11
0.04479,0.27292,6.2368e+0,1.3558e+11,7.1890e+11
0.04688,0.27292,6.0737e+0,2.9561e+11,2.8684e+11
0.04896,0.27292,5.9272e+0,1.6463e+11,6.7361e+11
0.05104,0.27292,5.7565e+0,2.7278e+11,2.2816e+11
0.05312,0.27292,5.5911e+0,2.8018e+11,0.0000e+0
0.05521,0.27292,5.4399e+0,1.8632e+11,3.8887e+10
0.05729,0.27292,5.2983e+0,0.0000e+0,2.4794e+11
0.05937,0.27292,5.1413e+0,0.0000e+0,4.1824e+11
0.06146,0.27292,4.9635e+0,0.0000e+0,1.3743e+11
0.06354,0.27292,4.7834e+0,0.0000e+0,4.8712e+11
0.06563,0.27292,4.5741e+0,5.1495e+10,7.4941e+10
0.06771,0.27292,4.3645e+0,1.0576e+11,2.2986e+11
0.06979,0.27292,4.1461e+0,2.5681e+11,1.8325e+11
0.07187,0.27292,3.9338e+0,1.3547e+11,4.0194e+11
0.07396,0.27292,3.7063e+0,1.3147e+11,1.6034e+11
0.07604,0.27292,3.4822e+0,3.9501e+10,3.3805e+11
0.07813,0.27292,3.2412e+0,3.3426e+10,2.7259e+11
0.08021,0.27292,2.9919e+0,1.7352e+11,9.7327e+11
0.08229,0.27292,2.6975e+0,7.2017e+8,4.7506e+11
0.08438,0.27292,2.3779e+0,1.8766e+10,1.9194e+11
0.08646,0.27292,2.0540e+0,1.8140e+11,1.9066e+11
0.08854,0.27292,1.7376e+0,2.4801e+10,3.8761e+11
0.09062,0.27292,1.4040e+0,0.0000e+0,9.8709e+9
0.09271,0.27292,1.0781e+0,0.0000e+0,0.0000e+0
0.09479,0.27292,7.6062e-1,0.0000e+0,0.0000e+0
0.09688,0.27292,4.5084e-1,0.0000e+0,0.0000e+0
0.09896,0.27292,1.4812e-1,0.0000e+0,0.0000e+0
0.00104,0.27708,8.3552e+0,0.0000e+0,0.0000e+0
0.00313,0.27708,8.3567e+0,0.0000e+0,0.0000e+0
0.00521,0.27708,8.3682e+0,0.0000e+0,1.2252e+12
0.00729,0.27708,8.3192e+0,0.0000e+0,1.7148e+12
0.00937,0.27708,8.2052e+0,0.0000e+0,9.3952e+11
0.01146,0.27708,8.0776e+0,0.0000e+0,0.0000e+0
0.01354,0.27708,7.9789e+0,0.0000e+0,3.0477e+11
0.01563,0.27708,7.8704e+0,0.0000e+0,4.3776e+11
0.01771,0.27708,7.7496e+0,0.0000e+0,8.8651e+11
0.01979,0.27708,7.5882e+0,0.0000e+0,3.4726e+11
0.02187,0.27708,7.4165e+0,3.4026e+11,0.0000e+0
0.02396,0.27708,7.2743e+0,3.1070e+11,0.0000e+0
0.02604,0.27708,7.1546e+0,0.0000e+0,0.0000e+0
0.02813,0.27708,7.0351e+0,4.0111e+11,0.0000e+0
0.03021,0.27708,6.9456e+0,3.5206e+10,0.0000e+0
0.03229,0.27708,6.8494e+0,0.0000e+0,0.0000e+0
0.03438,0.27708,6.7439e+0,5.2117e+11,1.9433e+11
0.03646,0.27708,6.6531e+0,1.9255e+11,4.3592e+11
0.03854,0.27708,6.5391e+0,1.0850e+11,1.7918e+11
0.04063,0.27708,6.4286e+0,1.6273e+10,5.1454e+11
0.04271,0.27708,6.2924e+0,0.0000e+0,2.9100e+11
0.04479,0.27708,6.1412e+0,3.2992e+10,6.1272e+10
0.04688,0.27708,5.9875e+0,1.5058e+11,0.0000e+0
0.04896,0.27708,5.8479e+0,1.2573e+10,3.2533e+10
0.05104,0.27708,5.7102e+0,7.1037e+10,7.7073e+10
0.05312,0.27708,5.5826e+0,9.7988e+10,7.0074e+11
0.05521,0.27708,5.4267e+0,6.0173e+10,2.4038e+11
0.05729,0.27708,5.2655e+0,0.0000e+0,3.2706e+11
0.05937,0.27708,5.0881e+0,3.0040e+11,3.7608e+11
0.06146,0.27708,4.9114e+0,9.1755e+9,2.7028e+11
0.06354,0.27708,4.7227e+0,1.5637e+11,2.0412e+11
0.06563,0.27708,4.5368e+0,1.1231e+11,4.9354e+11
0.06771,0.27708,4.3355e+0,1.3394e+11,4.4490e+11
0.06979,0.27708,4.1188e+0,1.9097e+11,1.5128e+11
0.07187,0.27708,3.9053e+0,2.0848e+11,1.5533e+11
0.07396,0.27708,3.6892e+0,1.9119e+11,2.9162e+11
0.07604,0.27708,3.4656e+0,3.1728e+11,4.3429e+11
0.07813,0.27708,3.2369e+0,9.4509e+10,4.4367e+11
0.08021,0.27708,2.9966e+0,2.3981e+11,9.9822e+11
0.08229,0.27708,2.7174e+0,6.5697e+10,8.9900e+11
0.08438,0.27708,2.3906e+0,1.5446e+11,3.8354e+11
0.08646,0.27708,2.0617e+0,1.3438e+11,3.0761e+11
0.08854,0.27708,1.7365e+0,0.0000e+0,2.5859e+11
0.09062,0.27708,1.4048e+0,0.0000e+0,1.3379e+11
0.09271,0.27708,1.0763e+0,0.0000e+0,0.0000e+0
0.09479,0.27708,7.5839e-1,0.0000e+0,0.0000e+0
0.09688,0.27708,4.4922e-1,0.0000e+0,0.0000e+0
0.09896,0.27708,1.4755e-1,0.0000e+0,0.0000e+0
0.00104,0.28125,8.1038e+0,0.0000e+0,0.0000e+0
0.00313,0.28125,8.0949e+0,0.0000e+0,0.0000e+0
0.00521,0.28125,8.0749e+0,0.0000e+0,0.0000e+0
0.00729,0.28125,8.0361e+0,0.0000e+0,0.0000e+0
0.00937,0.28125,7.9778e+0,0.0000e+0,0.0000e+0
0.01146,0.28125,7.9050e+0,0.0000e+0,0.0000e+0
0.01354,0.28125,7.8249e+0,0.0000e+0,0.0000e+0
0.01563,0.28125,7.7406e+0,0.0000e+0,0.0000e+0
0.01771,0.28125,7.6539e+0,0.0000e+0,2.2067e+11
0.01979,0.28125,7.5613e+0,0.0000e+0,7.3399e+11
0.02187,0.28125,7.4415e+0,1.7160e+11,1.2102e+12
0.02396,0.28125,7.2811e+0,1.5669e+11,0.0000e+0
0.02604,0.28125,7.1514e+0,0.0000e+0,0.0000e+0
0.02813,0.28125,7.0308e+0,3.2656e+11,0.0000e+0
0.03021,0.28125,6.9347e+0,2.8662e+10,3.1278e+10
0.03229,0.28125,6.8341e+0,8.3988e+10,4.2486e+11
0.03438,0.28125,6.7130e+0,2.1607e+11,3.8276e+11
0.03646,0.28125,6.5823e+0,3.0907e+11,3.2745e+11
0.03854,0.28125,6.4395e+0,5.7550e+11,0.0000e+0
0.04063,0.28125,6.3276e+0,2.0103e+11,0.0000e+0
0.04271,0.28125,6.2091e+0,0.0000e+0,0.0000e+0
0.04479,0.28125,6.0733e+0,5.3563e+10,2.2334e+8
0.04688,0.28125,5.9265e+0,3.4067e+11,2.1435e+11
0.04896,0.28125,5.7773e+0,3.4023e+11,9.4204e+10
0.05104,0.28125,5.6390e+0,2.2843e+11,3.3832e+9
0.05312,0.28125,5.5190e+0,7.7918e+10,1.9967e+11
0.05521,0.28125,5.4027e+0,0.0000e+0,1.2129e+12
0.05729,0.28125,5.2199e+0,0.0000e+0,2.8254e+11
0.05937,0.28125,5.0350e+0,6.6757e+10,2.5347e+11
0.06146,0.28125,4.8504e+0,4.3852e+10,3.1290e+11
0.06354,0.28125,4.6583e+0,3.2071e+11,3.7436e+11
0.06563,0.28125,4.4696e+0,2.2526e+11,1.2619e+11
0.06771,0.28125,4.2955e+0,1.9526e+10,2.3754e+11
0.06979,0.28125,4.1163e+0,0.0000e+0,2.6420e+11
0.07187,0.28125,3.9331e+0,0.0000e+0,1.0061e+12
0.07396,0.28125,3.7019e+0,0.0000e+0,5.7548e+11
0.07604,0.28125,3.4518e+0,3.8217e+11,7.3185e+11
0.07813,0.28125,3.1934e+0,2.6906e+11,1.9551e+11
0.08021,0.28125,2.9522e+0,1.1680e+11,5.6251e+11
0.08229,0.28125,2.6917e+0,4.4941e+10,1.2390e+12
0.08438,0.28125,2.3611e+0,1.0884e+11,1.9052e+11
0.08646,0.28125,2.0388e+0,0.0000e+0,2.5375e+11
0.08854,0.28125,1.7104e+0,0.0000e+0,1.4243e+11
0.09062,0.28125,1.3815e+0,0.0000e+0,0.0000e+0
0.09271,0.28125,1.0611e+0,0.0000e+0,0.0000e+0
0.09479,0.28125,7.4877e-1,0.0000e+0,0.0000e+0
0.09688,0.28125,4.4387e-1,0.0000e+0,0.0000e+0
0.09896,0.28125,1.4584e-1,0.0000e+0,0.0000e+0
0.00104,0.28542,7.9230e+0,0.0000e+0,0.0000e+0
0.00313,0.28542,7.9166e+0,0.0000e+0,0.0000e+0
0.00521,0.28542,7.9038e+0,0.0000e+0,0.0000e+0
0.00729,0.28542,7.8859e+0,0.0000e+0,0.0000e+0
0.00937,0.28542,7.8667e+0,0.0000e+0,5.0329e+11
0.01146,0.28542,7.8180e+0,0.0000e+0,6.4359e+11
0.01354,0.28542,7.7383e+0,0.0000e+0,1.4769e+11
0.01563,0.28542,7.6658e+0,0.0000e+0,7.9718e+11
0.01771,0.28542,7.5544e+0,0.0000e+0,0.0000e+0
0.01979,0.28542,7.4579e+0,0.0000e+0,1.1861e+11
0.02187,0.28542,7.3632e+0,0.0000e+0,3.4821e+11
0.02396,0.28542,7.2566e+0,0.0000e+0,2.9281e+11
0.02604,0.28542,7.1518e+0,0.0000e+0,1.5820e+11
0.02813,0.28542,7.0587e+0,0.0000e+0,4.4322e+11
0.03021,0.28542,6.9605e+0,0.0000e+0,8.0368e+11
0.03229,0.28542,6.8313e+0,1.0613e+11,4.5456e+11
0.03438,0.28542,6.6964e+0,2.6398e+11,2.4457e+11
0.03646,0.28542,6.5655e+0,3.8184e+11,1.1489e+11
0.03854,0.28542,6.4538e+0,1.0427e+11,2.4341e+11
0.04063,0.28542,6.3380e+0,0.0000e+0,2.3680e+11
0.04271,0.28542,6.2200e+0,0.0000e+0,4.1518e+11
0.04479,0.28542,6.0872e+0,0.0000e+0,3.9096e+11
0.04688,0.28542,5.9395e+0,1.0750e+11,6.1284e+11
0.04896,0.28542,5.7638e+0,1.3848e+11,1.1061e+11
0.05104,0.28542,5.5911e+0,2.1536e+11,0.0000e+0
0.05312,0.28542,5.4253e+0,4.4155e+11,1.4364e+10
0.05521,0.28542,5.2865e+0,0.0000e+0,1.5185e+11
0.05729,0.28542,5.1206e+0,0.0000e+0,2.7851e+10
0.05937,0.28542,4.9448e+0,2.2108e+11,2.9487e+11
0.06146,0.28542,4.7611e+0,3.7493e+11,1.4445e+11
0.06354,0.28542,4.5867e+0,7.9434e+10,1.1208e+11
0.06563,0.28542,4.4052e+0,1.9781e+11,1.4597e+10
0.06771,0.28542,4.2309e+0,4.0680e+11,2.0719e+11
0.06979,0.28542,4.0678e+0,0.0000e+0,6.6067e+11
0.07187,0.28542,3.8613e+0,0.0000e+0,2.9359e+11
0.07396,0.28542,3.6366e+0,0.0000e+0,2.6052e+11
0.07604,0.28542,3.3964e+0,8.5045e+10,4.9241e+11
0.07813,0.28542,3.1301e+0,1.9034e+11,9.2013e+10
0.08021,0.28542,2.8698e+0,1.3920e+11,1.7449e+11
0.08229,0.28542,2.6042e+0,0.0000e+0,4.5542e+11
0.08438,0.28542,2.3052e+0,0.0000e+0,2.6729e+11
0.08646,0.28542,1.9923e+0,0.0000e+0,1.8091e+11
0.08854,0.28542,1.6721e+0,0.0000e+0,4.4849e+10
0.09062,0.28542,1.3542e+0,0.0000e+0,0.0000e+0
0.09271,0.28542,1.0422e+0,0.0000e+0,0.0000e+0
0.09479,0.28542,7.3645e-1,0.0000e+0,0.0000e+0
0.09688,0.28542,4.3695e-1,0.0000e+0,0.0000e+0
0.09896,0.28542,1.4363e-1,0.0000e+0,0.0000e+0
0.00104,0.28958,7.7950e+0,0.0000e+0,0.0000e+0
0.00313,0.28958,7.7891e+0,0.0000e+0,0.0000e+0
0.00521,0.28958,7.7778e+0,0.0000e+0,0.0000e+0
0.00729,0.28958,7.7624e+0,0.0000e+0,0.0000e+0
0.00937,0.28958,7.7451e+0,0.0000e+0,4.2876e+11
0.01146,0.28958,7.6998e+0,0.0000e+0,5.4829e+11
0.01354,0.28958,7.6224e+0,0.0000e+0,8.1111e+10
0.01563,0.28958,7.5460e+0,0.0000e+0,4.3780e+11
0.01771,0.28958,7.4442e+0,0.0000e+0,0.0000e+0
0.01979,0.28958,7.3497e+0,0.0000e+0,0.0000e+0
0.02187,0.28958,7.2615e+0,0.0000e+0,1.6921e+11
0.02396,0.28958,7.1697e+0,2.7671e+11,3.6272e+11
0.02604,0.28958,7.0875e+0,1.5485e+11,4.4984e+11
0.02813,0.28958,6.9964e+0,0.0000e+0,3.6736e+11
0.03021,0.28958,6.8888e+0,0.0000e+0,1.0670e+11
0.03229,0.28958,6.7815e+0,3.8351e+9,3.7870e+9
0.03438,0.28958,6.6895e+0,1.2301e+11,4.3684e+11
0.03646,0.28958,6.5983e+0,0.0000e+0,1.0740e+12
0.03854,0.28958,6.4553e+0,0.0000e+0,4.2426e+11
0.04063,0.28958,6.3066e+0,2.3208e+11,9.0240e+10
0.04271,0.28958,6.1844e+0,2.1637e+11,4.0798e+11
0.04479,0.28958,6.0640e+0,0.0000e+0,3.7070e+11
0.04688,0.28958,5.9299e+0,0.0000e+0,5.1170e+11
0.04896,0.28958,5.7755e+0,0.0000e+0,7.2751e+11
0.05104,0.28958,5.5897e+0,3.0987e+11,5.6955e+11
0.05312,0.28958,5.3999e+0,6.3875e+11,1.4110e+11
0.05521,0.28958,5.2538e+0,1.3859e+10,5.3938e+11
0.05729,0.28958,5.0771e+0,1.9958e+11,3.7462e+11
0.05937,0.28958,4.8974e+0,5.5237e+9,1.0757e+11
0.06146,0.28958,4.7252e+0,1.6247e+10,2.6808e+11
0.06354,0.28958,4.5545e+0,0.0000e+0,1.4714e+11
0.06563,0.28958,4.3909e+0,5.4835e+8,6.4963e+11
0.06771,0.28958,4.2002e+0,9.7125e+9,2.7262e+11
0.06979,0.28958,4.0078e+0,1.5029e+11,6.0097e+11
0.07187,0.28958,3.7947e+0,6.4589e+10,2.5947e+11
0.07396,0.28958,3.5772e+0,8.2289e+9,3.4852e+11
0.07604,0.28958,3.3435e+0,0.0000e+0,2.3073e+11
0.07813,0.28958,3.1002e+0,0.0000e+0,5.3215e+11
0.08021,0.28958,2.8264e+0,6.2917e+10,3.2691e+11
0.08229,0.28958,2.5356e+0,1.7077e+11,5.5756e+10
0.08438,0.28958,2.2511e+0,0.0000e+0,2.0835e+11
0.08646,0.28958,1.9491e+0,0.0000e+0,8.0628e+10
0.08854,0.28958,1.6406e+0,0.0000e+0,6.5708e+9
0.09062,0.28958,1.3317e+0,0.0000e+0,0.0000e+0
0.09271,0.28958,1.0263e+0,0.0000e+0,0.0000e+0
0.09479,0.28958,7.2575e-1,0.0000e+0,0.0000e+0
0.09688,0.28958,4.3077e-1,0.0000e+0,0.0000e+0
0.09896,0.28958,1.4163e-1,0.0000e+0,0.0000e+0
0.00104,0.29375,7.7144e+0,0.0000e+0,0.0000e+0
0.00313,0.29375,7.7064e+0,0.0000e+0,0.0000e+0
0.00521,0.29375,7.6899e+0,0.0000e+0,0.0000e+0
0.00729,0.29375,7.6641e+0,0.0000e+0,0.0000e+0
0.00937,0.29375,7.6290e+0,0.0000e+0,0.0000e+0
0.01146,0.29375,7.5829e+0,0.0000e+0,2.9117e+10
0.01354,0.29375,7.5242e+0,0.0000e+0,2.6219e+11
0.01563,0.29375,7.4379e+0,0.0000e+0,0.0000e+0
0.01771,0.29375,7.3504e+0,0.0000e+0,1.4142e+11
0.01979,0.29375,7.2553e+0,0.0000e+0,1.4643e+11
0.02187,0.29375,7.1554e+0,0.0000e+0,0.0000e+0
0.02396,0.29375,7.0594e+0,3.0450e+11,0.0000e+0
0.02604,0.29375,6.9876e+0,1.7040e+11,1.8845e+11
0.02813,0.29375,6.9144e+0,0.0000e+0,4.9983e+11
0.03021,0.29375,6.8121e+0,0.0000e+0,3.1214e+11
0.03229,0.29375,6.6972e+0,1.5898e+10,0.0000e+0
0.03438,0.29375,6.5972e+0,5.0994e+11,2.7697e+11
0.03646,0.29375,6.5277e+0,1.8671e+11,1.5408e+12
0.03854,0.29375,6.3779e+0,2.0168e+10,2.1506e+11
0.04063,0.29375,6.2351e+0,4.6314e+10,0.0000e+0
0.04271,0.29375,6.1133e+0,4.3179e+10,4.9035e+10
0.04479,0.29375,6.0023e+0,0.0000e+0,4.5048e+11
0.04688,0.29375,5.8671e+0,0.0000e+0,2.9379e+11
0.04896,0.29375,5.7127e+0,0.0000e+0,9.5919e+10
0.05104,0.29375,5.5521e+0,1.7842e+9,2.1941e+11
0.05312,0.29375,5.3836e+0,1.2110e+9,3.5239e+11
0.05521,0.29375,5.2045e+0,1.1582e+10,3.4596e+11
0.05729,0.29375,5.0099e+0,1.6834e+11,2.8406e+11
0.05937,0.29375,4.8132e+0,1.4498e+11,4.7350e+10
0.06146,0.29375,4.6279e+0,5.3729e+11,1.3785e+11
0.06354,0.29375,4.4695e+0,4.6814e+10,8.6257e+10
0.06563,0.29375,4.3035e+0,0.0000e+0,2.7332e+11
0.06771,0.29375,4.1185e+0,0.0000e+0,3.1053e+11
0.06979,0.29375,3.9156e+0,3.5453e+11,4.9318e+11
0.07187,0.29375,3.7056e+0,3.5225e+11,2.8753e+11
0.07396,0.29375,3.5007e+0,1.3498e+11,3.2902e+11
0.07604,0.29375,3.2833e+0,0.0000e+0,1.9187e+11
0.07813,0.29375,3.0520e+0,0.0000e+0,4.3646e+11
0.08021,0.29375,2.7908e+0,1.0857e+10,2.8085e+11
0.08229,0.29375,2.5144e+0,2.9467e+10,2.0389e+11
0.08438,0.29375,2.2304e+0,0.0000e+0,1.5179e+11
0.08646,0.29375,1.9361e+0,1.4182e+11,2.5576e+11
0.08854,0.29375,1.6372e+0,4.9979e+10,3.3746e+11
0.09062,0.29375,1.3241e+0,0.0000e+0,3.1005e+9
0.09271,0.29375,1.0180e+0,0.0000e+0,0.0000e+0
0.09479,0.29375,7.1892e-1,0.0000e+0,0.0000e+0
0.09688,0.29375,4.2640e-1,0.0000e+0,0.0000e+0
0.09896,0.29375,1.4014e-1,0.0000e+0,0.0000e+0
0.00104,0.29792,7.6970e+0,0.0000e+0,0.0000e+0
0.00313,0.29792,7.6898e+0,0.0000e+0,0.0000e+0
0.00521,0.29792,7.6727e+0,0.0000e+0,0.0000e+0
0.00729,0.29792,7.6389e+0,0.0000e+0,0.0000e+0
0.00937,0.29792,7.5922e+0,0.0000e+0,0.0000e+0
0.01146,0.29792,7.5456e+0,0.0000e+0,1.3877e+11
0.01354,0.29792,7.4984e+0,0.0000e+0,1.2495e+12
0.01563,0.29792,7.3814e+0,0.0000e+0,0.0000e+0
0.01771,0.29792,7.2857e+0,0.0000e+0,4.4481e+11
0.01979,0.29792,7.1747e+0,3.5633e+11,4.6058e+11
0.02187,0.29792,7.0716e+0,9.5126e+10,0.0000e+0
0.02396,0.29792,6.9825e+0,0.0000e+0,0.0000e+0
0.02604,0.29792,6.9010e+0,0.0000e+0,1.2672e+11
0.02813,0.29792,6.8170e+0,0.0000e+0,3.0045e+11
0.03021,0.29792,6.7183e+0,0.0000e+0,5.7115e+11
0.03229,0.29792,6.5895e+0,3.4513e+11,2.2567e+11
0.03438,0.29792,6.4779e+0,2.0095e+11,3.0391e+11
0.03646,0.29792,6.3693e+0,3.6460e+11,6.9949e+11
0.03854,0.29792,6.2387e+0,6.6070e+11,5.7720e+11
0.04063,0.29792,6.1191e+0,1.8706e+11,0.0000e+0
0.04271,0.29792,6.0199e+0,0.0000e+0,1.4765e+11
0.04479,0.29792,5.9192e+0,3.8249e+10,3.0405e+11
0.04688,0.29792,5.8138e+0,1.1727e+11,9.7672e+11
0.04896,0.29792,5.6719e+0,1.7624e+10,7.2623e+11
0.05104,0.29792,5.5049e+0,9.4582e+10,6.2046e+11
0.05312,0.29792,5.3270e+0,1.0604e+11,3.8273e+11
0.05521,0.29792,5.1427e+0,0.0000e+0,2.6014e+11
0.05729,0.29792,4.9457e+0,6.3883e+10,2.8226e+10
0.05937,0.29792,4.7498e+0,4.7285e+11,8.1302e+10
0.06146,0.29792,4.5797e+0,3.1320e+10,4.4190e+10
0.06354,0.29792,4.4101e+0,6.4033e+9,1.4957e+11
0.06563,0.29792,4.2284e+0,5.5811e+8,1.0281e+11
0.06771,0.29792,4.0342e+0,1.4731e+11,1.4786e+11
0.06979,0.29792,3.8340e+0,4.8913e+11,3.6431e+11
0.07187,0.29792,3.6351e+0,3.7023e+11,3.0467e+11
0.07396,0.29792,3.4399e+0,3.1512e+11,3.6804e+11
0.07604,0.29792,3.2433e+0,2.1603e+11,8.5096e+11
0.07813,0.29792,3.0121e+0,2.3023e+10,4.8104e+11
0.08021,0.29792,2.7584e+0,1.1956e+11,3.4217e+11
0.08229,0.29792,2.4976e+0,1.0791e+11,3.1455e+11
0.08438,0.29792,2.2316e+0,0.0000e+0,6.1591e+11
0.08646,0.29792,1.9347e+0,4.8515e+10,3.2431e+11
0.08854,0.29792,1.6307e+0,1.7098e+10,3.2849e+11
0.09062,0.29792,1.3157e+0,0.0000e+0,3.2205e+10
0.09271,0.29792,1.0093e+0,0.0000e+0,0.0000e+0
0.09479,0.29792,7.1177e-1,0.0000e+0,0.0000e+0
0.09688,0.29792,4.2183e-1,0.0000e+0,0.0000e+0
0.09896,0.29792,1.3859e-1,0.0000e+0,0.0000e+0
0.00104,0.30208,7.7383e+0,0.0000e+0,0.0000e+0
0.00313,0.30208,7.7452e+0,0.0000e+0,0.0000e+0
0.00521,0.30208,7.7634e+0,0.0000e+0,1.4025e+12
0.00729,0.30208,7.7114e+0,0.0000e+0,1.3686e+12
0.00937,0.30208,7.5969e+0,0.0000e+0,0.0000e+0
0.01146,0.30208,7.5007e+0,0.0000e+0,6.2220e+10
0.01354,0.30208,7.4095e+0,0.0000e+0,2.8171e+11
0.01563,0.30208,7.2966e+0,0.0000e+0,0.0000e+0
0.01771,0.30208,7.1909e+0,0.0000e+0,0.0000e+0
0.01979,0.30208,7.0877e+0,5.1740e+11,1.6614e+11
0.02187,0.30208,7.0041e+0,1.3813e+11,3.4750e+11
0.02396,0.30208,6.9050e+0,0.0000e+0,0.0000e+0
0.02604,0.30208,6.8113e+0,0.0000e+0,9.6005e+10
0.02813,0.30208,6.7110e+0,0.0000e+0,1.3532e+11
0.03021,0.30208,6.5964e+0,0.0000e+0,8.6955e+10
0.03229,0.30208,6.4738e+0,5.7322e+11,5.6156e+11
0.03438,0.30208,6.3505e+0,2.3932e+11,1.9165e+11
0.03646,0.30208,6.2409e+0,0.0000e+0,4.2677e+11
0.03854,0.30208,6.1053e+0,4.9763e+11,2.1201e+11
0.04063,0.30208,5.9953e+0,1.8789e+11,0.0000e+0
0.04271,0.30208,5.9054e+0,0.0000e+0,4.7356e+11
0.04479,0.30208,5.7920e+0,1.8938e+11,6.6624e+11
0.04688,0.30208,5.6541e+0,9.0448e+11,6.0367e+11
0.04896,0.30208,5.5371e+0,3.2136e+11,1.0722e+12
0.05104,0.30208,5.3710e+0,4.2036e+11,2.8849e+10
0.05312,0.30208,5.2331e+0,2.4232e+11,5.8080e+11
0.05521,0.30208,5.0786e+0,0.0000e+0,4.5023e+11
0.05729,0.30208,4.9050e+0,4.1389e+10,2.4393e+11
0.05937,0.30208,4.7295e+0,1.2119e+11,2.6463e+11
0.06146,0.30208,4.5579e+0,0.0000e+0,2.2530e+11
0.06354,0.30208,4.3771e+0,2.3380e+11,2.4942e+11
0.06563,0.30208,4.1966e+0,1.1320e+11,3.3283e+11
0.06771,0.30208,4.0037e+0,2.4411e+11,2.8329e+11
0.06979,0.30208,3.8112e+0,1.8785e+11,5.1553e+11
0.07187,0.30208,3.5960e+0,2.8607e+11,2.5559e+11
0.07396,0.30208,3.3831e+0,1.8747e+11,9.4387e+10
0.07604,0.30208,3.1696e+0,2.9940e+11,3.5157e+11
0.07813,0.30208,2.9469e+0,2.3328e+11,4.4656e+11
0.08021,0.30208,2.7119e+0,2.1156e+11,6.3906e+11
0.08229,0.30208,2.4592e+0,6.2634e+10,4.4878e+11
0.08438,0.30208,2.1903e+0,0.0000e+0,3.7153e+11
0.08646,0.30208,1.9026e+0,0.0000e+0,3.4263e+11
0.08854,0.30208,1.5994e+0,0.0000e+0,1.9410e+11
0.09062,0.30208,1.2914e+0,0.0000e+0,0.0000e+0
0.09271,0.30208,9.9198e-1,0.0000e+0,0.0000e+0
0.09479,0.30208,7.0016e-1,0.0000e+0,0.0000e+0
0.09688,0.30208,4.1515e-1,0.0000e+0,0.0000e+0
0.09896,0.30208,1.3643e-1,0.0000e+0,0.0000e+0
0.00104,0.30625,7.7225e+0,0.0000e+0,0.0000e+0
0.00313,0.30625,7.7222e+0,0.0000e+0,0.0000e+0
0.00521,0.30625,7.7222e+0,0.0000e+0,4.1472e+11
0.00729,0.30625,7.6990e+0,0.0000e+0,1.0799e+12
0.00937,0.30625,7.6213e+0,0.0000e+0,1.5659e+12
0.01146,0.30625,7.4851e+0,0.0000e+0,2.4552e+11
0.01354,0.30625,7.3819e+0,0.0000e+0,1.1117e+12
0.01563,0.30625,7.2414e+0,0.0000e+0,0.0000e+0
0.01771,0.30625,7.1346e+0,0.0000e+0,0.0000e+0
0.01979,0.30625,7.0546e+0,0.0000e+0,5.4891e+11
0.02187,0.30625,6.9663e+0,0.0000e+0,1.0531e+12
0.02396,0.30625,6.8392e+0,0.0000e+0,0.0000e+0
0.02604,0.30625,6.7488e+0,0.0000e+0,5.7991e+11
0.02813,0.30625,6.6514e+0,0.0000e+0,1.0077e+12
0.03021,0.30625,6.5121e+0,0.0000e+0,2.5220e+11
0.03229,0.30625,6.3756e+0,2.7586e+11,5.1143e+11
0.03438,0.30625,6.2295e+0,3.9182e+11,3.1766e+10
0.03646,0.30625,6.1101e+0,2.1142e+11,0.0000e+0
0.03854,0.30625,5.9928e+0,2.0668e+11,0.0000e+0
0.04063,0.30625,5.8782e+0,2.1187e+10,0.0000e+0
0.04271,0.30625,5.7558e+0,2.2660e+11,0.0000e+0
0.04479,0.30625,5.6360e+0,1.3769e+11,7.0407e+9
0.04688,0.30625,5.5138e+0,1.2501e+11,1.1186e+10
0.04896,0.30625,5.3927e+0,1.8451e+11,1.2940e+11
0.05104,0.30625,5.2668e+0,0.0000e+0,3.2735e+11
0.05312,0.30625,5.1199e+0,0.0000e+0,0.0000e+0
0.05521,0.30625,4.9743e+0,0.0000e+0,0.0000e+0
0.05729,0.30625,4.8274e+0,0.0000e+0,0.0000e+0
0.05937,0.30625,4.6831e+0,0.0000e+0,2.8545e+11
0.06146,0.30625,4.5257e+0,7.1909e+10,4.7957e+11
0.06354,0.30625,4.3540e+0,8.3126e+10,4.7545e+11
0.06563,0.30625,4.1730e+0,1.5670e+11,4.9948e+11
0.06771,0.30625,3.9845e+0,1.1479e+11,3.4148e+11
0.06979,0.30625,3.7910e+0,0.0000e+0,2.5627e+11
0.07187,0.30625,3.5884e+0,0.0000e+0,1.8406e+11
0.07396,0.30625,3.3812e+0,1.9881e+10,6.1058e+11
0.07604,0.30625,3.1407e+0,2.4526e+10,2.5989e+11
0.07813,0.30625,2.8867e+0,1.5080e+11,2.1429e+11
0.08021,0.30625,2.6247e+0,6.0591e+11,9.5157e+10
0.08229,0.30625,2.3885e+0,0.0000e+0,1.5990e+11
0.08438,0.30625,2.1354e+0,0.0000e+0,4.1942e+11
0.08646,0.30625,1.8528e+0,6.0867e+10,3.5400e+11
0.08854,0.30625,1.5553e+0,2.1767e+10,5.7056e+10
0.09062,0.30625,1.2605e+0,0.0000e+0,0.0000e+0
0.09271,0.30625,9.7097e-1,0.0000e+0,0.0000e+0
0.09479,0.30625,6.8661e-1,0.0000e+0,0.0000e+0
0.09688,0.30625,4.0759e-1,0.0000e+0,0.0000e+0
0.09896,0.30625,1.3402e-1,0.0000e+0,0.0000e+0
0.00104,0.31042,7.7102e+0,0.0000e+0,0.0000e+0
0.00313,0.31042,7.6984e+0,0.0000e+0,0.0000e+0
0.00521,0.31042,7.6618e+0,0.0000e+0,0.0000e+0
0.00729,0.31042,7.6229e+0,0.0000e+0,1.6512e+12
0.00937,0.31042,7.4825e+0,0.0000e+0,2.4513e+11
0.01146,0.31042,7.3477e+0,0.0000e+0,0.0000e+0
0.01354,0.31042,7.2292e+0,0.0000e+0,0.0000e+0
0.01563,0.31042,7.1176e+0,0.0000e+0,0.0000e+0
0.01771,0.31042,7.0148e+0,0.0000e+0,0.0000e+0
0.01979,0.31042,6.9176e+0,0.0000e+0,3.1076e+11
0.02187,0.31042,6.7941e+0,2.2122e+11,1.2478e+11
0.02396,0.31042,6.6647e+0,6.1878e+11,0.0000e+0
0.02604,0.31042,6.5622e+0,7.2764e+11,2.9644e+11
0.02813,0.31042,6.4782e+0,2.5420e+10,1.8270e+11
0.03021,0.31042,6.3753e+0,0.0000e+0,1.9927e+10
0.03229,0.31042,6.2709e+0,9.3755e+10,7.1271e+10
0.03438,0.31042,6.1693e+0,1.8836e+11,4.6055e+11
0.03646,0.31042,6.0583e+0,1.4270e+11,2.5978e+11
0.03854,0.31042,5.9473e+0,0.0000e+0,2.9232e+11
0.04063,0.31042,5.8254e+0,0.0000e+0,3.3524e+11
0.04271,0.31042,5.6900e+0,2.5124e+11,1.9820e+11
0.04479,0.31042,5.5620e+0,1.2459e+11,1.0921e+11
0.04688,0.31042,5.4364e+0,0.0000e+0,2.1286e+10
0.04896,0.31042,5.3052e+0,9.3579e+9,7.4487e+9
0.05104,0.31042,5.1701e+0,1.7997e+10,4.1034e+10
0.05312,0.31042,5.0261e+0,6.2211e+11,2.4388e+11
0.05521,0.31042,4.8977e+0,4.6576e+10,1.7105e+11
0.05729,0.31042,4.7602e+0,0.0000e+0,1.0261e+11
0.05937,0.31042,4.6208e+0,1.3156e+11,7.4361e+11
0.06146,0.31042,4.4453e+0,1.9500e+11,2.1043e+11
0.06354,0.31042,4.2737e+0,1.5338e+11,2.7477e+11
0.06563,0.31042,4.0983e+0,2.9543e+11,1.6034e+11
0.06771,0.31042,3.9361e+0,5.7214e+10,4.3951e+11
0.06979,0.31042,3.7505e+0,0.0000e+0,1.7527e+10
0.07187,0.31042,3.5656e+0,0.0000e+0,3.9104e+11
0.07396,0.31042,3.3538e+0,0.0000e+0,3.0225e+11
0.07604,0.31042,3.1194e+0,0.0000e+0,2.5287e+11
0.07813,0.31042,2.8697e+0,1.9532e+10,1.6188e+11
0.08021,0.31042,2.6160e+0,5.2107e+10,1.7475e+11
0.08229,0.31042,2.3603e+0,0.0000e+0,2.0911e+11
0.08438,0.31042,2.0926e+0,0.0000e+0,3.3754e+11
0.08646,0.31042,1.7996e+0,3.6529e+11,1.6484e+11
0.08854,0.31042,1.5172e+0,6.7964e+10,4.6407e+9
0.09062,0.31042,1.2359e+0,0.0000e+0,0.0000e+0
0.09271,0.31042,9.5490e-1,0.0000e+0,0.0000e+0
0.09479,0.31042,6.7650e-1,0.0000e+0,0.0000e+0
0.09688,0.31042,4.0202e-1,0.0000e+0,0.0000e+0
0.09896,0.31042,1.3225e-1,0.0000e+0,0.0000e+0
0.00104,0.31458,7.7921e+0,0.0000e+0,0.0000e+0
0.00313,0.31458,7.8385e+0,0.0000e+0,4.8845e+12
0.00521,0.31458,7.6708e+0,0.0000e+0,1.2968e+12
0.00729,0.31458,7.5361e+0,0.0000e+0,1.4608e+12
0.00937,0.31458,7.3673e+0,0.0000e+0,2.0854e+10
0.01146,0.31458,7.2371e+0,0.0000e+0,0.0000e+0
0.01354,0.31458,7.1200e+0,0.0000e+0,0.0000e+0
0.01563,0.31458,7.0153e+0,0.0000e+0,0.0000e+0
0.01771,0.31458,6.9198e+0,0.0000e+0,0.0000e+0
0.01979,0.31458,6.8346e+0,0.0000e+0,4.7296e+11
0.02187,0.31458,6.7316e+0,3.0720e+10,6.7525e+11
0.02396,0.31458,6.6062e+0,8.5930e+10,5.7594e+11
0.02604,0.31458,6.4693e+0,1.0106e+11,0.0000e+0
0.02813,0.31458,6.3565e+0,2.6056e+11,0.0000e+0
0.03021,0.31458,6.2666e+0,3.5094e+11,3.3799e+11
0.03229,0.31458,6.1847e+0,2.3221e+11,5.2567e+11
0.03438,0.31458,6.0910e+0,0.0000e+0,2.9926e+11
0.03646,0.31458,5.9867e+0,0.0000e+0,2.0650e+11
0.03854,0.31458,5.8786e+0,1.8608e+11,6.2020e+11
0.04063,0.31458,5.7473e+0,1.5452e+11,1.6691e+11
0.04271,0.31458,5.6216e+0,2.0395e+11,2.7892e+9
0.04479,0.31458,5.5140e+0,8.7599e+10,3.5336e+11
0.04688,0.31458,5.3973e+0,0.0000e+0,3.9026e+11
0.04896,0.31458,5.2579e+0,3.1413e+11,2.0982e+11
0.05104,0.31458,5.1208e+0,3.4915e+11,2.4527e+11
0.05312,0.31458,4.9961e+0,3.1711e+11,8.3933e+11
0.05521,0.31458,4.8455e+0,7.9701e+10,2.7227e+11
0.05729,0.31458,4.6890e+0,4.2184e+10,1.2353e+11
0.05937,0.31458,4.5269e+0,9.0622e+10,5.1793e+10
0.06146,0.31458,4.3614e+0,6.1047e+10,0.0000e+0
0.06354,0.31458,4.1956e+0,1.4125e+9,0.0000e+0
0.06563,0.31458,4.0280e+0,2.9061e+11,5.4582e+10
0.06771,0.31458,3.8831e+0,1.4702e+11,4.9618e+11
0.06979,0.31458,3.7237e+0,0.0000e+0,4.4856e+11
0.07187,0.31458,3.5501e+0,0.0000e+0,7.1264e+11
0.07396,0.31458,3.3475e+0,0.0000e+0,8.5336e+11
0.07604,0.31458,3.1062e+0,0.0000e+0,4.5320e+11
0.07813,0.31458,2.8535e+0,0.0000e+0,1.7108e+11
0.08021,0.31458,2.6060e+0,0.0000e+0,4.6968e+11
0.08229,0.31458,2.3413e+0,2.9365e+10,2.6965e+11
0.08438,0.31458,2.0726e+0,3.1609e+10,2.1078e+11
0.08646,0.31458,1.7969e+0,0.0000e+0,9.6623e+10
0.08854,0.31458,1.5180e+0,0.0000e+0,6.9260e+10
0.09062,0.31458,1.2357e+0,0.0000e+0,2.7367e+10
0.09271,0.31458,9.5359e-1,0.0000e+0,0.0000e+0
0.09479,0.31458,6.7505e-1,0.0000e+0,0.0000e+0
0.09688,0.31458,4.0097e-1,0.0000e+0,0.0000e+0
0.09896,0.31458,1.3188e-1,0.0000e+0,0.0000e+0
0.00104,0.31875,7.5026e+0,0.0000e+0,0.0000e+0
0.00313,0.31875,7.4621e+0,0.0000e+0,8.3556e+10
0.00521,0.31875,7.3829e+0,0.0000e+0,2.2183e+10
0.00729,0.31875,7.3003e+0,0.0000e+0,0.0000e+0
0.00937,0.31875,7.2238e+0,0.0000e+0,9.6427e+10
0.01146,0.31875,7.1638e+0,0.0000e+0,1.5891e+12
0.01354,0.31875,7.0291e+0,0.0000e+0,0.0000e+0
0.01563,0.31875,6.9304e+0,0.0000e+0,4.2345e+11
0.01771,0.31875,6.8254e+0,0.0000e+0,3.3146e+11
0.01979,0.31875,6.7142e+0,0.0000e+0,2.4561e+11
0.02187,0.31875,6.6018e+0,0.0000e+0,3.1473e+11
0.02396,0.31875,6.4867e+0,0.0000e+0,5.6305e+11
0.02604,0.31875,6.3523e+0,0.0000e+0,0.0000e+0
0.02813,0.31875,6.2355e+0,4.4128e+11,0.0000e+0
0.03021,0.31875,6.1584e+0,3.6726e+11,3.1412e+11
0.03229,0.31875,6.0882e+0,1.8784e+11,6.3252e+11
0.03438,0.31875,5.9853e+0,5.3524e+11,3.3902e+11
0.03646,0.31875,5.8898e+0,0.0000e+0,9.7454e+10
0.03854,0.31875,5.7872e+0,1.2377e+11,4.8598e+11
0.04063,0.31875,5.6642e+0,1.0278e+11,7.7517e+9
0.04271,0.31875,5.5544e+0,0.0000e+0,0.0000e+0
0.04479,0.31875,5.4506e+0,0.0000e+0,2.3789e+10
0.04688,0.31875,5.3496e+0,4.0743e+9,1.8502e+11
0.04896,0.31875,5.2456e+0,1.4402e+11,1.0551e+12
0.05104,0.31875,5.0929e+0,4.7165e+11,7.6425e+11
0.05312,0.31875,4.9331e+0,4.2383e+11,2.6750e+11
0.05521,0.31875,4.7860e+0,1.7220e+11,1.4975e+11
0.05729,0.31875,4.6372e+0,3.0782e+11,2.1077e+11
0.05937,0.31875,4.4852e+0,2.0620e+11,2.8329e+11
0.06146,0.31875,4.3242e+0,0.0000e+0,2.0436e+11
0.06354,0.31875,4.1470e+0,2.1449e+10,7.5391e+10
0.06563,0.31875,3.9654e+0,1.7214e+11,0.0000e+0
0.06771,0.31875,3.7946e+0,2.2233e+11,1.7674e+9
0.06979,0.31875,3.6326e+0,0.0000e+0,2.6999e+11
0.07187,0.31875,3.4490e+0,0.0000e+0,1.7328e+11
0.07396,0.31875,3.2525e+0,0.0000e+0,5.1088e+11
0.07604,0.31875,3.0237e+0,2.8654e+10,2.2048e+11
0.07813,0.31875,2.7893e+0,2.3184e+10,2.5971e+11
0.08021,0.31875,2.5438e+0,1.1465e+11,2.1817e+11
0.08229,0.31875,2.2893e+0,3.2441e+11,6.7345e+10
0.08438,0.31875,2.0499e+0,1.4952e+11,2.4432e+11
0.08646,0.31875,1.8038e+0,0.0000e+0,3.2786e+11
0.08854,0.31875,1.5363e+0,0.0000e+0,2.6612e+11
0.09062,0.31875,1.2527e+0,0.0000e+0,1.7500e+11
0.09271,0.31875,9.6300e-1,0.0000e+0,0.0000e+0
0.09479,0.31875,6.8007e-1,0.0000e+0,0.0000e+0
0.09688,0.31875,4.0337e-1,0.0000e+0,0.0000e+0
0.09896,0.31875,1.3258e-1,0.0000e+0,0.0000e+0
0.00104,0.32292,7.5373e+0,0.0000e+0,4.2412e+12
0.00313,0.32292,7.3740e+0,0.0000e+0,1.0044e+12
0.00521,0.32292,7.2314e+0,0.0000e+0,0.0000e+0
0.00729,0.32292,7.1306e+0,0.0000e+0,0.0000e+0
0.00937,0.32292,7.0448e+0,0.0000e+0,1.6559e+10
0.01146,0.32292,6.9611e+0,0.0000e+0,2.7289e+11
0.01354,0.32292,6.8660e+0,0.0000e+0,0.0000e+0
0.01563,0.32292,6.7916e+0,0.0000e+0,5.4403e+11
0.01771,0.32292,6.7024e+0,0.0000e+0,1.0984e+12
0.01979,0.32292,6.5689e+0,0.0000e+0,6.2614e+11
0.02187,0.32292,6.4273e+0,0.0000e+0,0.0000e+0
0.02396,0.32292,6.3111e+0,0.0000e+0,0.0000e+0
0.02604,0.32292,6.2051e+0,6.1772e+10,0.0000e+0
0.02813,0.32292,6.1038e+0,8.1443e+11,0.0000e+0
0.03021,0.32292,6.0698e+0,1.3681e+11,5.4662e+11
0.03229,0.32292,6.0203e+0,3.9601e+9,8.3996e+11
0.03438,0.32292,5.9246e+0,4.2575e+11,7.4033e+11
0.03646,0.32292,5.8136e+0,9.6495e+10,2.9797e+11
0.03854,0.32292,5.6945e+0,1.9770e+11,4.7602e+10
0.04063,0.32292,5.5861e+0,0.0000e+0,0.0000e+0
0.04271,0.32292,5.4841e+0,0.0000e+0,5.9744e+10
0.04479,0.32292,5.3878e+0,2.3632e+11,5.9276e+11
0.04688,0.32292,5.2798e+0,5.8321e+10,4.7363e+11
0.04896,0.32292,5.1549e+0,3.0134e+11,3.6371e+11
0.05104,0.32292,5.0275e+0,1.1072e+11,4.3572e+11
0.05312,0.32292,4.8862e+0,3.0220e+11,1.7403e+11
0.05521,0.32292,4.7658e+0,4.4293e+9,3.3536e+11
0.05729,0.32292,4.6361e+0,0.0000e+0,4.9889e+11
0.05937,0.32292,4.4868e+0,0.0000e+0,5.6040e+11
0.06146,0.32292,4.3106e+0,0.0000e+0,2.6456e+11
0.06354,0.32292,4.1230e+0,1.5902e+11,1.2232e+11
0.06563,0.32292,3.9432e+0,1.7756e+11,4.1932e+11
0.06771,0.32292,3.7532e+0,1.6238e+11,2.2952e+11
0.06979,0.32292,3.5631e+0,0.0000e+0,1.1662e+11
0.07187,0.32292,3.3673e+0,0.0000e+0,3.1049e+11
0.07396,0.32292,3.1502e+0,7.8652e+10,8.1060e+10
0.07604,0.32292,2.9294e+0,3.1309e+11,6.9799e+10
0.07813,0.32292,2.7207e+0,1.3456e+11,1.3666e+11
0.08021,0.32292,2.5088e+0,1.6934e+11,4.3492e+11
0.08229,0.32292,2.2836e+0,1.1401e+10,2.7458e+11
0.08438,0.32292,2.0501e+0,7.5062e+8,1.0747e+11
0.08646,0.32292,1.8187e+0,0.0000e+0,5.0672e+11
0.08854,0.32292,1.5608e+0,0.0000e+0,6.3774e+11
0.09062,0.32292,1.2657e+0,0.0000e+0,1.1054e+11
0.09271,0.32292,9.7106e-1,0.0000e+0,0.0000e+0
0.09479,0.32292,6.8473e-1,0.0000e+0,0.0000e+0
0.09688,0.32292,4.0573e-1,0.0000e+0,0.0000e+0
0.09896,0.32292,1.3328e-1,0.0000e+0,0.0000e+0
0.00104,0.32708,7.5473e+0,0.0000e+0,8.3278e+12
0.00313,0.32708,7.2947e+0,0.0000e+0,1.9723e+12
0.00521,0.32708,7.1076e+0,0.0000e+0,0.0000e+0
0.00729,0.32708,7.0081e+0,0.0000e+0,3.9977e+11
0.00937,0.32708,6.9275e+0,0.0000e+0,1.5061e+12
0.01146,0.32708,6.7831e+0,0.0000e+0,0.0000e+0
0.01354,0.32708,6.6722e+0,0.0000e+0,0.0000e+0
0.01563,0.32708,6.5846e+0,0.0000e+0,6.9953e+11
0.01771,0.32708,6.4644e+0,0.0000e+0,5.7199e+11
0.01979,0.32708,6.3167e+0,3.2731e+11,1.0506e+11
0.02187,0.32708,6.2010e+0,6.3477e+11,0.0000e+0
0.02396,0.32708,6.1328e+0,0.0000e+0,0.0000e+0
0.02604,0.32708,6.0735e+0,2.6869e+10,5.8291e+11
0.02813,0.32708,5.9868e+0,2.1662e+11,1.3383e+10
0.03021,0.32708,5.9356e+0,6.3349e+8,5.3094e+9
0.03229,0.32708,5.8955e+0,0.0000e+0,4.1455e+11
0.03438,0.32708,5.8382e+0,1.7844e+11,1.0929e+12
0.03646,0.32708,5.7372e+0,6.5986e+10,5.6548e+11
0.03854,0.32708,5.6266e+0,3.5259e+11,8.2807e+11
0.04063,0.32708,5.5038e+0,0.0000e+0,3.7319e+10
0.04271,0.32708,5.3917e+0,0.0000e+0,4.4364e+10
0.04479,0.32708,5.2836e+0,2.5278e+11,3.4170e+11
0.04688,0.32708,5.1752e+0,5.1139e+10,1.1789e+11
0.04896,0.32708,5.0695e+0,0.0000e+0,4.7269e+11
0.05104,0.32708,4.9401e+0,0.0000e+0,8.9367e+10
0.05312,0.32708,4.8133e+0,1.2248e+11,1.0088e+11
0.05521,0.32708,4.6967e+0,2.8150e+11,3.6360e+11
0.05729,0.32708,4.5771e+0,0.0000e+0,3.0154e+11
0.05937,0.32708,4.4422e+0,0.0000e+0,3.7611e+11
0.06146,0.32708,4.2849e+0,0.0000e+0,4.8726e+11
0.06354,0.32708,4.1017e+0,0.0000e+0,1.9265e+11
0.06563,0.32708,3.9167e+0,0.0000e+0,4.8227e+11
0.06771,0.32708,3.7074e+0,0.0000e+0,4.2506e+10
0.06979,0.32708,3.5024e+0,0.0000e+0,1.5144e+9
0.07187,0.32708,3.2977e+0,0.0000e+0,7.7822e+9
0.07396,0.32708,3.0890e+0,1.3039e+11,0.0000e+0
0.07604,0.32708,2.8839e+0,1.5770e+11,0.0000e+0
0.07813,0.32708,2.6852e+0,1.9456e+10,1.7682e+11
0.08021,0.32708,2.4685e+0,1.1750e+11,2.2981e+10
0.08229,0.32708,2.2508e+0,1.4439e+11,1.2894e+11
0.08438,0.32708,2.0317e+0,0.0000e+0,1.8568e+11
0.08646,0.32708,1.8036e+0,0.0000e+0,3.1885e+11
0.08854,0.32708,1.5597e+0,0.0000e+0,7.5459e+11
0.09062,0.32708,1.2690e+0,0.0000e+0,2.2144e+11
0.09271,0.32708,9.7223e-1,0.0000e+0,0.0000e+0
0.09479,0.32708,6.8488e-1,0.0000e+0,0.0000e+0
0.09688,0.32708,4.0557e-1,0.0000e+0,0.0000e+0
0.09896,0.32708,1.3319e-1,0.0000e+0,0.0000e+0
0.00104,0.33125,6.9623e+0,0.0000e+0,0.0000e+0
0.00313,0.33125,6.9199e+0,0.0000e+0,0.0000e+0
0.00521,0.33125,6.8626e+0,0.0000e+0,0.0000e+0
0.00729,0.33125,6.7873e+0,0.0000e+0,1.2580e+11
0.00937,0.33125,6.6920e+0,0.0000e+0,4.7393e+11
0.01146,0.33125,6.5641e+0,0.0000e+0,0.0000e+0
0.01354,0.33125,6.4466e+0,0.0000e+0,0.0000e+0
0.01563,0.33125,6.3433e+0,0.0000e+0,4.4864e+11
0.01771,0.33125,6.2198e+0,0.0000e+0,9.8296e+10
0.01979,0.33125,6.0973e+0,1.3056e+11,0.0000e+0
0.02187,0.33125,5.9853e+0,9.9851e+11,0.0000e+0
0.02396,0.33125,5.9415e+0,0.0000e+0,0.0000e+0
0.02604,0.33125,5.8925e+0,0.0000e+0,2.5624e+11
0.02813,0.33125,5.8232e+0,1.3432e+11,5.8830e+9
0.03021,0.33125,5.7682e+0,6.1552e+11,3.0330e+11
0.03229,0.33125,5.7216e+0,0.0000e+0,1.6516e+11
0.03438,0.33125,5.6587e+0,0.0000e+0,3.2634e+11
0.03646,0.33125,5.5706e+0,0.0000e+0,2.2241e+9
0.03854,0.33125,5.4879e+0,0.0000e+0,3.2581e+11
0.04063,0.33125,5.3913e+0,0.0000e+0,2.1033e+11
0.04271,0.33125,5.2910e+0,0.0000e+0,3.4574e+11
0.04479,0.33125,5.1783e+0,3.3980e+11,5.8180e+11
0.04688,0.33125,5.0579e+0,6.2510e+10,6.4063e+10
0.04896,0.33125,4.9511e+0,0.0000e+0,2.6117e+11
0.05104,0.33125,4.8345e+0,0.0000e+0,1.9205e+10
0.05312,0.33125,4.7294e+0,0.0000e+0,1.8849e+11
0.05521,0.33125,4.6260e+0,0.0000e+0,5.0670e+11
0.05729,0.33125,4.5033e+0,0.0000e+0,7.2310e+10
0.05937,0.33125,4.3896e+0,0.0000e+0,8.5218e+11
0.06146,0.33125,4.2326e+0,0.0000e+0,6.5082e+11
0.06354,0.33125,4.0517e+0,0.0000e+0,4.4580e+11
0.06563,0.33125,3.8606e+0,3.4733e+10,4.6203e+11
0.06771,0.33125,3.6564e+0,6.1185e+9,2.5659e+10
0.06979,0.33125,3.4641e+0,3.1985e+10,2.6228e+11
0.07187,0.33125,3.2662e+0,1.5544e+11,2.5765e+11
0.07396,0.33125,3.0758e+0,0.0000e+0,2.0153e+11
0.07604,0.33125,2.8851e+0,1.4883e+11,3.5410e+11
0.07813,0.33125,2.6951e+0,2.9706e+10,5.0407e+11
0.08021,0.33125,2.4861e+0,0.0000e+0,5.5401e+11
0.08229,0.33125,2.2491e+0,0.0000e+0,4.5265e+10
0.08438,0.33125,2.0137e+0,0.0000e+0,1.1670e+10
0.08646,0.33125,1.7743e+0,9.3969e+10,4.3596e+10
0.08854,0.33125,1.5337e+0,7.3537e+10,5.6250e+11
0.09062,0.33125,1.2539e+0,0.0000e+0,2.2990e+11
0.09271,0.33125,9.6203e-1,0.0000e+0,0.0000e+0
0.09479,0.33125,6.7787e-1,0.0000e+0,0.0000e+0
0.09688,0.33125,4.0136e-1,0.0000e+0,0.0000e+0
0.09896,0.33125,1.3179e-1,0.0000e+0,0.0000e+0
0.00104,0.33542,6.7164e+0,0.0000e+0,0.0000e+0
0.00313,0.33542,6.7376e+0,0.0000e+0,0.0000e+0
0.00521,0.33542,6.7955e+0,0.0000e+0,3.3018e+12
0.00729,0.33542,6.7049e+0,0.0000e+0,2.5496e+12
0.00937,0.33542,6.5368e+0,0.0000e+0,7.3054e+11
0.01146,0.33542,6.3929e+0,0.0000e+0,9.9002e+11
0.01354,0.33542,6.2319e+0,0.0000e+0,1.1567e+11
0.01563,0.33542,6.1028e+0,0.0000e+0,0.0000e+0
0.01771,0.33542,5.9978e+0,0.0000e+0,0.0000e+0
0.01979,0.33542,5.9131e+0,2.4204e+10,5.9867e+10
0.02187,0.33542,5.8499e+0,8.5619e+10,5.0144e+11
0.02396,0.33542,5.7903e+0,0.0000e+0,3.3355e+11
0.02604,0.33542,5.7314e+0,0.0000e+0,1.8210e+10
0.02813,0.33542,5.6932e+0,0.0000e+0,4.5186e+11
0.03021,0.33542,5.6492e+0,0.0000e+0,8.1735e+11
0.03229,0.33542,5.5751e+0,2.9166e+11,7.0543e+11
0.03438,0.33542,5.4962e+0,8.3610e+10,6.3897e+11
0.03646,0.33542,5.4013e+0,0.0000e+0,0.0000e+0
0.03854,0.33542,5.3213e+0,0.0000e+0,0.0000e+0
0.04063,0.33542,5.2481e+0,0.0000e+0,4.6139e+11
0.04271,0.33542,5.1524e+0,0.0000e+0,5.1302e+11
0.04479,0.33542,5.0354e+0,2.6539e+6,2.5734e+11
0.04688,0.33542,4.9124e+0,1.1618e+8,4.2312e+9
0.04896,0.33542,4.8089e+0,0.0000e+0,3.6762e+11
0.05104,0.33542,4.6951e+0,0.0000e+0,0.0000e+0
0.05312,0.33542,4.5972e+0,0.0000e+0,3.1390e+11
0.05521,0.33542,4.4927e+0,0.0000e+0,2.0810e+11
0.05729,0.33542,4.3881e+0,0.0000e+0,5.1953e+11
0.05937,0.33542,4.2613e+0,0.0000e+0,7.2938e+11
0.06146,0.33542,4.0943e+0,0.0000e+0,1.5267e+11
0.06354,0.33542,3.9268e+0,0.0000e+0,3.6155e+11
0.06563,0.33542,3.7458e+0,2.5404e+11,3.4360e+11
0.06771,0.33542,3.5756e+0,4.4750e+10,4.4749e+11
0.06979,0.33542,3.3964e+0,5.3393e+10,5.7038e+11
0.07187,0.33542,3.2023e+0,2.1114e+11,2.4920e+11
0.07396,0.33542,3.0218e+0,1.8833e+11,4.0394e+11
0.07604,0.33542,2.8395e+0,9.5558e+10,3.9383e+11
0.07813,0.33542,2.6513e+0,1.9073e+10,2.3260e+11
0.08021,0.33542,2.4651e+0,0.0000e+0,6.8538e+11
0.08229,0.33542,2.2504e+0,0.0000e+0,4.2165e+11
0.08438,0.33542,2.0312e+0,0.0000e+0,6.4469e+11
0.08646,0.33542,1.7899e+0,4.9820e+10,5.4065e+11
0.08854,0.33542,1.5354e+0,3.8988e+10,8.3314e+11
0.09062,0.33542,1.2416e+0,0.0000e+0,2.3062e+11
0.09271,0.33542,9.4678e-1,0.0000e+0,0.0000e+0
0.09479,0.33542,6.6483e-1,0.0000e+0,0.0000e+0
0.09688,0.33542,3.9291e-1,0.0000e+0,0.0000e+0
0.09896,0.33542,1.2891e-1,0.0000e+0,0.0000e+0
0.00104,0.33958,6.2992e+0,0.0000e+0,0.0000e+0
0.00313,0.33958,6.3041e+0,0.0000e+0,0.0000e+0
0.00521,0.33958,6.3107e+0,0.0000e+0,4.3850e+11
0.00729,0.33958,6.2795e+0,0.0000e+0,9.2134e+11
0.00937,0.33958,6.1941e+0,0.0000e+0,8.8850e+11
0.01146,0.33958,6.0895e+0,0.0000e+0,1.2771e+12
0.01354,0.33958,5.9432e+0,0.0000e+0,1.5265e+11
0.01563,0.33958,5.8278e+0,0.0000e+0,0.0000e+0
0.01771,0.33958,5.7395e+0,0.0000e+0,0.0000e+0
0.01979,0.33958,5.6667e+0,2.0626e+11,1.6790e+11
0.02187,0.33958,5.6082e+0,7.2963e+11,8.1942e+11
0.02396,0.33958,5.5524e+0,0.0000e+0,2.2291e+11
0.02604,0.33958,5.4967e+0,0.0000e+0,1.2725e+10
0.02813,0.33958,5.4574e+0,0.0000e+0,3.1576e+11
0.03021,0.33958,5.4101e+0,0.0000e+0,5.4306e+11
0.03229,0.33958,5.3325e+0,2.3970e+11,3.0613e+11
0.03438,0.33958,5.2541e+0,6.8715e+10,0.0000e+0
0.03646,0.33958,5.1920e+0,0.0000e+0,3.9430e+10
0.03854,0.33958,5.1446e+0,0.0000e+0,8.0763e+11
0.04063,0.33958,5.0671e+0,0.0000e+0,8.1081e+11
0.04271,0.33958,4.9581e+0,0.0000e+0,1.1228e+11
0.04479,0.33958,4.8585e+0,1.0677e+10,7.5416e+11
0.04688,0.33958,4.7144e+0,4.6744e+11,1.0412e+9
0.04896,0.33958,4.6115e+0,0.0000e+0,1.5632e+11
0.05104,0.33958,4.5095e+0,0.0000e+0,2.0486e+11
0.05312,0.33958,4.4084e+0,0.0000e+0,1.5459e+11
0.05521,0.33958,4.3104e+0,0.0000e+0,1.8871e+11
0.05729,0.33958,4.2155e+0,0.0000e+0,7.6026e+11
0.05937,0.33958,4.0853e+0,0.0000e+0,6.0401e+11
0.06146,0.33958,3.9327e+0,0.0000e+0,5.6664e+11
0.06354,0.33958,3.7648e+0,0.0000e+0,4.0366e+11
0.06563,0.33958,3.5887e+0,0.0000e+0,1.0661e+11
0.06771,0.33958,3.4225e+0,0.0000e+0,3.0943e+11
0.06979,0.33958,3.2453e+0,1.6065e+11,8.8139e+10
0.07187,0.33958,3.0870e+0,2.1046e+11,4.4274e+11
0.07396,0.33958,2.9301e+0,2.9755e+10,7.3195e+11
0.07604,0.33958,2.7475e+0,0.0000e+0,5.0206e+11
0.07813,0.33958,2.5512e+0,0.0000e+0,1.1752e+11
0.08021,0.33958,2.3638e+0,0.0000e+0,4.1402e+11
0.08229,0.33958,2.1596e+0,0.0000e+0,1.9109e+11
0.08438,0.33958,1.9569e+0,0.0000e+0,6.3109e+11
0.08646,0.33958,1.7277e+0,0.0000e+0,6.7843e+11
0.08854,0.33958,1.4697e+0,0.0000e+0,5.4561e+11
0.09062,0.33958,1.1881e+0,0.0000e+0,2.0384e+11
0.09271,0.33958,9.0593e-1,0.0000e+0,0.0000e+0
0.09479,0.33958,6.3602e-1,0.0000e+0,0.0000e+0
0.09688,0.33958,3.7582e-1,0.0000e+0,0.0000e+0
0.09896,0.33958,1.2329e-1,0.0000e+0,0.0000e+0
0.00104,0.34375,5.8426e+0,0.0000e+0,0.0000e+0
0.00313,0.34375,5.8480e+0,0.0000e+0,0.0000e+0
0.00521,0.34375,5.8598e+0,0.0000e+0,5.0366e+11
0.00729,0.34375,5.8481e+0,0.0000e+0,1.8207e+12
0.00937,0.34375,5.7332e+0,0.0000e+0,0.0000e+0
0.01146,0.34375,5.6428e+0,0.0000e+0,0.0000e+0
0.01354,0.34375,5.5635e+0,0.0000e+0,0.0000e+0
0.01563,0.34375,5.4991e+0,0.0000e+0,0.0000e+0
0.01771,0.34375,5.4568e+0,0.0000e+0,6.8038e+11
0.01979,0.34375,5.3954e+0,0.0000e+0,4.3019e+11
0.02187,0.34375,5.3376e+0,0.0000e+0,6.6551e+11
0.02396,0.34375,5.2628e+0,0.0000e+0,0.0000e+0
0.02604,0.34375,5.2082e+0,0.0000e+0,0.0000e+0
0.02813,0.34375,5.1667e+0,0.0000e+0,0.0000e+0
0.03021,0.34375,5.1394e+0,0.0000e+0,7.0676e+11
0.03229,0.34375,5.0809e+0,0.0000e+0,7.7197e+11
0.03438,0.34375,4.9909e+0,0.0000e+0,0.0000e+0
0.03646,0.34375,4.9237e+0,0.0000e+0,3.6248e+11
0.03854,0.34375,4.8486e+0,1.5474e+11,2.9762e+11
0.04063,0.34375,4.7759e+0,1.0407e+11,1.7792e+11
0.04271,0.34375,4.7119e+0,0.0000e+0,4.3951e+11
0.04479,0.34375,4.6448e+0,0.0000e+0,1.4554e+12
0.04688,0.34375,4.5086e+0,0.0000e+0,3.3316e+11
0.04896,0.34375,4.3857e+0,0.0000e+0,2.1079e+11
0.05104,0.34375,4.2731e+0,0.0000e+0,4.8476e+10
0.05312,0.34375,4.1739e+0,0.0000e+0,2.2408e+11
0.05521,0.34375,4.0709e+0,0.0000e+0,1.8763e+11
0.05729,0.34375,3.9616e+0,0.0000e+0,3.7827e+11
0.05937,0.34375,3.8288e+0,0.0000e+0,3.1332e+11
0.06146,0.34375,3.6760e+0,1.0010e+11,4.7375e+10
0.06354,0.34375,3.5317e+0,1.8416e+10,2.4740e+11
0.06563,0.34375,3.3803e+0,0.0000e+0,6.6667e+10
0.06771,0.34375,3.2374e+0,0.0000e+0,5.9009e+11
0.06979,0.34375,3.0667e+0,6.5665e+10,1.2701e+11
0.07187,0.34375,2.9058e+0,1.4222e+11,2.8315e+11
0.07396,0.34375,2.7418e+0,0.0000e+0,1.4833e+11
0.07604,0.34375,2.5730e+0,0.0000e+0,1.5818e+11
0.07813,0.34375,2.3989e+0,0.0000e+0,1.8646e+11
0.08021,0.34375,2.2201e+0,0.0000e+0,4.0586e+11
0.08229,0.34375,2.0231e+0,0.0000e+0,3.7506e+11
0.08438,0.34375,1.8122e+0,0.0000e+0,2.6382e+11
0.08646,0.34375,1.5909e+0,0.0000e+0,3.0210e+11
0.08854,0.34375,1.3524e+0,0.0000e+0,2.7303e+11
0.09062,0.34375,1.0987e+0,0.0000e+0,1.6860e+11
0.09271,0.34375,8.4089e-1,0.0000e+0,0.0000e+0
0.09479,0.34375,5.9169e-1,0.0000e+0,0.0000e+0
0.09688,0.34375,3.5008e-1,0.0000e+0,0.0000e+0
0.09896,0.34375,1.1491e-1,0.0000e+0,0.0000e+0
0.00104,0.34792,5.3435e+0,0.0000e+0,0.0000e+0
0.00313,0.34792,5.3439e+0,0.0000e+0,0.0000e+0
0.00521,0.34792,5.3442e+0,0.0000e+0,2.0578e+11
0.00729,0.34792,5.3298e+0,0.0000e+0,7.4387e+11
0.00937,0.34792,5.2656e+0,0.0000e+0,0.0000e+0
0.01146,0.34792,5.2137e+0,0.0000e+0,4.1215e+10
0.01354,0.34792,5.1678e+0,0.0000e+0,2.4876e+11
0.01563,0.34792,5.1107e+0,0.0000e+0,5.1795e+10
0.01771,0.34792,5.0613e+0,0.0000e+0,3.9336e+11
0.01979,0.34792,4.9997e+0,0.0000e+0,6.9745e+10
0.02187,0.34792,4.9510e+0,0.0000e+0,0.0000e+0
0.02396,0.34792,4.9150e+0,0.0000e+0,1.5848e+11
0.02604,0.34792,4.8822e+0,0.0000e+0,4.2643e+11
0.02813,0.34792,4.8300e+0,0.0000e+0,0.0000e+0
0.03021,0.34792,4.7829e+0,0.0000e+0,1.1865e+11
0.03229,0.34792,4.7321e+0,1.0773e+11,5.0419e+11
0.03438,0.34792,4.6557e+0,2.5144e+11,1.5452e+11
0.03646,0.34792,4.5888e+0,4.5423e+10,1.1261e+11
0.03854,0.34792,4.5188e+0,5.7801e+11,8.2610e+11
0.04063,0.34792,4.4385e+0,1.2461e+11,3.6566e+11
0.04271,0.34792,4.3527e+0,0.0000e+0,1.4097e+11
0.04479,0.34792,4.2689e+0,0.0000e+0,3.5465e+11
0.04688,0.34792,4.1681e+0,0.0000e+0,1.2672e+11
0.04896,0.34792,4.0731e+0,0.0000e+0,1.5103e+11
0.05104,0.34792,3.9846e+0,0.0000e+0,1.9591e+11
0.05312,0.34792,3.9002e+0,0.0000e+0,2.5630e+11
0.05521,0.34792,3.8137e+0,0.0000e+0,5.6182e+11
0.05729,0.34792,3.7004e+0,0.0000e+0,3.3239e+11
0.05937,0.34792,3.5739e+0,0.0000e+0,5.1775e+11
0.06146,0.34792,3.4184e+0,2.0606e+11,2.0544e+11
0.06354,0.34792,3.2737e+0,3.7911e+10,8.3654e+10
0.06563,0.34792,3.1362e+0,0.0000e+0,1.8017e+11
0.06771,0.34792,2.9969e+0,0.0000e+0,1.8806e+11
0.06979,0.34792,2.8566e+0,0.0000e+0,3.7991e+11
0.07187,0.34792,2.7059e+0,0.0000e+0,3.6333e+11
0.07396,0.34792,2.5447e+0,0.0000e+0,1.0577e+11
0.07604,0.34792,2.3887e+0,0.0000e+0,2.6599e+11
0.07813,0.34792,2.2262e+0,0.0000e+0,5.0344e+11
0.08021,0.34792,2.0407e+0,0.0000e+0,2.6155e+11
0.08229,0.34792,1.8454e+0,0.0000e+0,1.1746e+11
0.08438,0.34792,1.6473e+0,0.0000e+0,1.0308e+11
0.08646,0.34792,1.4500e+0,0.0000e+0,3.8291e+11
0.08854,0.34792,1.2334e+0,0.0000e+0,3.8585e+11
0.09062,0.34792,9.9625e-1,0.0000e+0,2.2050e+10
0.09271,0.34792,7.6419e-1,0.0000e+0,0.0000e+0
0.09479,0.34792,5.3863e-1,0.0000e+0,0.0000e+0
0.09688,0.34792,3.1903e-1,0.0000e+0,0.0000e+0
0.09896,0.34792,1.0478e-1,0.0000e+0,0.0000e+0
0.00104,0.35208,4.8413e+0,0.0000e+0,0.0000e+0
0.00313,0.35208,4.8393e+0,0.0000e+0,0.0000e+0
0.00521,0.35208,4.8338e+0,0.0000e+0,0.0000e+0
0.00729,0.35208,4.8221e+0,0.0000e+0,0.0000e+0
0.00937,0.35208,4.8007e+0,0.0000e+0,0.0000e+0
0.01146,0.35208,4.7829e+0,0.0000e+0,1.9909e+11
0.01354,0.35208,4.7702e+0,0.0000e+0,1.2017e+12
0.01563,0.35208,4.7040e+0,0.0000e+0,7.5921e+11
0.01771,0.35208,4.6169e+0,6.0082e+11,5.1399e+11
0.01979,0.35208,4.5534e+0,4.4764e+11,0.0000e+0
0.02187,0.35208,4.5300e+0,0.0000e+0,0.0000e+0
0.02396,0.35208,4.5169e+0,0.0000e+0,7.9688e+10
0.02604,0.35208,4.5132e+0,0.0000e+0,6.0007e+11
0.02813,0.35208,4.4875e+0,0.0000e+0,1.0216e+12
0.03021,0.35208,4.4175e+0,0.0000e+0,0.0000e+0
0.03229,0.35208,4.3734e+0,9.1296e+10,3.2741e+11
0.03438,0.35208,4.3352e+0,2.1309e+11,1.1283e+12
0.03646,0.35208,4.2623e+0,1.5153e+10,9.0789e+11
0.03854,0.35208,4.1640e+0,1.3102e+11,7.3139e+11
0.04063,0.35208,4.0598e+0,0.0000e+0,3.2321e+11
0.04271,0.35208,3.9577e+0,0.0000e+0,0.0000e+0
0.04479,0.35208,3.8668e+0,0.0000e+0,0.0000e+0
0.04688,0.35208,3.7815e+0,0.0000e+0,0.0000e+0
0.04896,0.35208,3.7033e+0,0.0000e+0,4.8233e+10
0.05104,0.35208,3.6316e+0,0.0000e+0,7.3847e+10
0.05312,0.35208,3.5683e+0,0.0000e+0,2.7693e+11
0.05521,0.35208,3.5022e+0,0.0000e+0,7.2253e+11
0.05729,0.35208,3.4050e+0,0.0000e+0,5.7874e+11
0.05937,0.35208,3.2922e+0,0.0000e+0,9.3499e+11
0.06146,0.35208,3.1405e+0,0.0000e+0,3.0950e+11
0.06354,0.35208,2.9926e+0,0.0000e+0,5.4445e+10
0.06563,0.35208,2.8604e+0,0.0000e+0,3.7566e+11
0.06771,0.35208,2.7186e+0,4.1583e+10,9.8639e+10
0.06979,0.35208,2.5860e+0,5.8930e+10,2.2423e+11
0.07187,0.35208,2.4517e+0,0.0000e+0,2.2892e+11
0.07396,0.35208,2.3117e+0,0.0000e+0,2.6542e+11
0.07604,0.35208,2.1641e+0,0.0000e+0,2.7722e+11
0.07813,0.35208,2.0062e+0,0.0000e+0,2.4841e+11
0.08021,0.35208,1.8380e+0,0.0000e+0,2.3122e+11
0.08229,0.35208,1.6621e+0,3.6484e+10,4.2331e+11
0.08438,0.35208,1.4661e+0,1.8849e+11,6.1543e+10
0.08646,0.35208,1.2860e+0,0.0000e+0,1.8536e+11
0.08854,0.35208,1.0968e+0,0.0000e+0,3.3321e+11
0.09062,0.35208,8.8807e-1,0.0000e+0,3.7326e+10
0.09271,0.35208,6.8206e-1,0.0000e+0,0.0000e+0
0.09479,0.35208,4.8126e-1,0.0000e+0,0.0000e+0
0.09688,0.35208,2.8528e-1,0.0000e+0,0.0000e+0
0.09896,0.35208,9.3732e-2,0.0000e+0,0.0000e+0
0.00104,0.35625,4.3555e+0,0.0000e+0,0.0000e+0
0.00313,0.35625,4.3577e+0,0.0000e+0,0.0000e+0
0.00521,0.35625,4.3626e+0,0.0000e+0,0.0000e+0
0.00729,0.35625,4.3722e+0,0.0000e+0,7.5922e+11
0.00937,0.35625,4.3382e+0,0.0000e+0,5.5315e+11
0.01146,0.35625,4.2806e+0,0.0000e+0,0.0000e+0
0.01354,0.35625,4.2328e+0,0.0000e+0,0.0000e+0
0.01563,0.35625,4.1836e+0,0.0000e+0,0.0000e+0
0.01771,0.35625,4.1340e+0,8.9228e+10,0.0000e+0
0.01979,0.35625,4.0976e+0,6.6479e+10,0.0000e+0
0.02187,0.35625,4.0749e+0,0.0000e+0,0.0000e+0
0.02396,0.35625,4.0587e+0,0.0000e+0,0.0000e+0
0.02604,0.35625,4.0489e+0,0.0000e+0,4.0228e+11
0.02813,0.35625,4.0151e+0,0.0000e+0,3.0339e+11
0.03021,0.35625,3.9648e+0,0.0000e+0,1.1274e+10
0.03229,0.35625,3.9233e+0,0.0000e+0,1.1273e+11
0.03438,0.35625,3.8824e+0,0.0000e+0,1.0409e+12
0.03646,0.35625,3.7780e+0,0.0000e+0,1.5988e+11
0.03854,0.35625,3.6707e+0,4.9667e+11,1.2161e+11
0.04063,0.35625,3.5921e+0,3.3184e+11,3.7074e+10
0.04271,0.35625,3.5367e+0,0.0000e+0,4.1546e+11
0.04479,0.35625,3.4588e+0,0.0000e+0,9.6750e+10
0.04688,0.35625,3.3816e+0,0.0000e+0,7.2597e+10
0.04896,0.35625,3.3043e+0,0.0000e+0,0.0000e+0
0.05104,0.35625,3.2335e+0,0.0000e+0,0.0000e+0
0.05312,0.35625,3.1704e+0,0.0000e+0,2.3132e+11
0.05521,0.35625,3.1003e+0,0.0000e+0,4.7831e+11
0.05729,0.35625,3.0056e+0,0.0000e+0,4.2231e+11
0.05937,0.35625,2.8911e+0,0.0000e+0,1.9085e+11
0.06146,0.35625,2.7705e+0,0.0000e+0,1.3908e+11
0.06354,0.35625,2.6498e+0,1.4875e+11,3.8978e+11
0.06563,0.35625,2.5224e+0,1.7024e+11,7.9216e+10
0.06771,0.35625,2.4038e+0,9.2828e+10,1.1278e+11
0.06979,0.35625,2.2856e+0,1.3155e+11,1.9735e+11
0.07187,0.35625,2.1638e+0,0.0000e+0,4.1415e+10
0.07396,0.35625,2.0421e+0,0.0000e+0,1.9668e+11
0.07604,0.35625,1.9104e+0,0.0000e+0,2.1756e+11
0.07813,0.35625,1.7663e+0,0.0000e+0,1.7694e+11
0.08021,0.35625,1.6117e+0,0.0000e+0,9.9208e+10
0.08229,0.35625,1.4506e+0,6.7318e+9,5.6734e+10
0.08438,0.35625,1.2849e+0,3.4779e+10,6.3091e+10
0.08646,0.35625,1.1178e+0,1.5205e+11,9.5121e+10
0.08854,0.35625,9.5280e-1,2.2906e+10,1.7201e+11
0.09062,0.35625,7.7620e-1,0.0000e+0,7.1716e+10
0.09271,0.35625,5.9735e-1,0.0000e+0,0.0000e+0
0.09479,0.35625,4.2210e-1,0.0000e+0,0.0000e+0
0.09688,0.35625,2.5044e-1,0.0000e+0,0.0000e+0
0.09896,0.35625,8.2323e-2,0.0000e+0,0.0000e+0
0.00104,0.36042,3.8529e+0,0.0000e+0,0.0000e+0
0.00313,0.36042,3.8552e+0,0.0000e+0,0.0000e+0
0.00521,0.36042,3.8608e+0,0.0000e+0,0.0000e+0
0.00729,0.36042,3.8721e+0,0.0000e+0,8.2658e+11
0.00937,0.36042,3.8373e+0,0.0000e+0,6.0224e+11
0.01146,0.36042,3.7775e+0,0.0000e+0,0.0000e+0
0.01354,0.36042,3.7311e+0,0.0000e+0,0.0000e+0
0.01563,0.36042,3.6912e+0,0.0000e+0,0.0000e+0
0.01771,0.36042,3.6559e+0,0.0000e+0,0.0000e+0
0.01979,0.36042,3.6260e+0,0.0000e+0,0.0000e+0
0.02187,0.36042,3.6011e+0,0.0000e+0,0.0000e+0
0.02396,0.36042,3.5797e+0,0.0000e+0,0.0000e+0
0.02604,0.36042,3.5611e+0,0.0000e+0,2.5460e+11
0.02813,0.36042,3.5257e+0,0.0000e+0,9.8447e+10
0.03021,0.36042,3.4857e+0,0.0000e+0,7.1490e+10
0.03229,0.36042,3.4461e+0,0.0000e+0,5.3217e+11
0.03438,0.36042,3.3743e+0,0.0000e+0,3.0092e+11
0.03646,0.36042,3.2794e+0,1.7256e+11,3.5240e+9
0.03854,0.36042,3.1945e+0,4.7638e+11,0.0000e+0
0.04063,0.36042,3.1400e+0,1.0499e+11,0.0000e+0
0.04271,0.36042,3.0884e+0,0.0000e+0,1.0497e+10
0.04479,0.36042,3.0316e+0,0.0000e+0,2.9265e+10
0.04688,0.36042,2.9733e+0,0.0000e+0,3.7441e+11
0.04896,0.36042,2.8924e+0,0.0000e+0,0.0000e+0
0.05104,0.36042,2.8149e+0,0.0000e+0,0.0000e+0
0.05312,0.36042,2.7388e+0,0.0000e+0,0.0000e+0
0.05521,0.36042,2.6584e+0,0.0000e+0,0.0000e+0
0.05729,0.36042,2.5683e+0,4.9992e+10,0.0000e+0
0.05937,0.36042,2.4709e+0,1.3399e+11,0.0000e+0
0.06146,0.36042,2.3730e+0,2.5321e+11,6.6550e+9
0.06354,0.36042,2.2809e+0,3.0364e+11,2.1217e+11
0.06563,0.36042,2.1920e+0,1.9933e+10,8.5078e+10
0.06771,0.36042,2.0981e+0,0.0000e+0,2.4216e+11
0.06979,0.36042,1.9904e+0,0.0000e+0,1.2252e+11
0.07187,0.36042,1.8769e+0,0.0000e+0,0.0000e+0
0.07396,0.36042,1.7648e+0,0.0000e+0,7.3850e+9
0.07604,0.36042,1.6528e+0,0.0000e+0,1.8913e+11
0.07813,0.36042,1.5294e+0,0.0000e+0,1.9198e+11
0.08021,0.36042,1.3960e+0,0.0000e+0,1.3024e+11
0.08229,0.36042,1.2578e+0,0.0000e+0,8.9579e+10
0.08438,0.36042,1.1183e+0,0.0000e+0,1.3847e+11
0.08646,0.36042,9.7524e-1,7.2355e+10,3.0277e+11
0.08854,0.36042,8.2281e-1,1.0900e+10,1.0931e+11
0.09062,0.36042,6.6715e-1,0.0000e+0,0.0000e+0
0.09271,0.36042,5.1418e-1,0.0000e+0,0.0000e+0
0.09479,0.36042,3.6379e-1,0.0000e+0,0.0000e+0
0.09688,0.36042,2.1604e-1,0.0000e+0,0.0000e+0
0.09896,0.36042,7.1048e-2,0.0000e+0,0.0000e+0
0.00104,0.36458,3.3319e+0,0.0000e+0,0.0000e+0
0.00313,0.36458,3.3290e+0,0.0000e+0,0.0000e+0
0.00521,0.36458,3.3226e+0,0.0000e+0,0.0000e+0
0.00729,0.36458,3.3106e+0,0.0000e+0,0.0000e+0
0.00937,0.36458,3.2888e+0,0.0000e+0,0.0000e+0
0.01146,0.36458,3.2599e+0,0.0000e+0,0.0000e+0
0.01354,0.36458,3.2297e+0,0.0000e+0,0.0000e+0
0.01563,0.36458,3.2001e+0,0.0000e+0,0.0000e+0
0.01771,0.36458,3.1718e+0,0.0000e+0,0.0000e+0
0.01979,0.36458,3.1460e+0,0.0000e+0,0.0000e+0
0.02187,0.36458,3.1219e+0,0.0000e+0,0.0000e+0
0.02396,0.36458,3.0969e+0,0.0000e+0,0.0000e+0
0.02604,0.36458,3.0689e+0,0.0000e+0,0.0000e+0
0.02813,0.36458,3.0347e+0,0.0000e+0,0.0000e+0
0.03021,0.36458,2.9939e+0,0.0000e+0,0.0000e+0
0.03229,0.36458,2.9451e+0,0.0000e+0,0.0000e+0
0.03438,0.36458,2.8841e+0,2.2377e+10,0.0000e+0
0.03646,0.36458,2.8098e+0,5.4758e+11,0.0000e+0
0.03854,0.36458,2.7635e+0,9.1438e+10,0.0000e+0
0.04063,0.36458,2.7187e+0,0.0000e+0,0.0000e+0
0.04271,0.36458,2.6683e+0,0.0000e+0,0.0000e+0
0.04479,0.36458,2.6121e+0,0.0000e+0,0.0000e+0
0.04688,0.36458,2.5499e+0,0.0000e+0,0.0000e+0
0.04896,0.36458,2.4799e+0,0.0000e+0,0.0000e+0
0.05104,0.36458,2.4039e+0,2.5154e+11,0.0000e+0
0.05312,0.36458,2.3367e+0,8.9783e+10,0.0000e+0
0.05521,0.36458,2.2677e+0,0.0000e+0,0.0000e+0
0.05729,0.36458,2.1900e+0,5.3483e+10,0.0000e+0
0.05937,0.36458,2.1084e+0,1.4335e+11,0.0000e+0
0.06146,0.36458,2.0295e+0,4.8133e+10,0.0000e+0
0.06354,0.36458,1.9477e+0,1.1467e+11,0.0000e+0
0.06563,0.36458,1.8688e+0,2.3265e+9,0.0000e+0
0.06771,0.36458,1.7840e+0,0.0000e+0,0.0000e+0
0.06979,0.36458,1.6931e+0,0.0000e+0,0.0000e+0
0.07187,0.36458,1.5972e+0,0.0000e+0,0.0000e+0
0.07396,0.36458,1.4976e+0,0.0000e+0,0.0000e+0
0.07604,0.36458,1.3942e+0,0.0000e+0,0.0000e+0
0.07813,0.36458,1.2858e+0,0.0000e+0,0.0000e+0
0.08021,0.36458,1.1727e+0,0.0000e+0,0.0000e+0
0.08229,0.36458,1.0561e+0,0.0000e+0,0.0000e+0
0.08438,0.36458,9.3654e-1,0.0000e+0,0.0000e+0
0.08646,0.36458,8.1406e-1,0.0000e+0,0.0000e+0
0.08854,0.36458,6.8861e-1,0.0000e+0,0.0000e+0
0.09062,0.36458,5.6152e-1,0.0000e+0,0.0000e+0
0.09271,0.36458,4.3435e-1,0.0000e+0,0.0000e+0
0.09479,0.36458,3.0803e-1,0.0000e+0,0.0000e+0
0.09688,0.36458,1.8318e-1,0.0000e+0,0.0000e+0
0.09896,0.36458,6.0284e-2,0.0000e+0,0.0000e+0
0.00104,0.36875,2.8335e+0,0.0000e+0,0.0000e+0
0.00313,0.36875,2.8294e+0,0.0000e+0,0.0000e+0
0.00521,0.36875,2.8211e+0,0.0000e+0,0.0000e+0
0.00729,0.36875,2.8083e+0,0.0000e+0,0.0000e+0
0.00937,0.36875,2.7907e+0,0.0000e+0,0.0000e+0
0.01146,0.36875,2.7691e+0,0.0000e+0,0.0000e+0
0.01354,0.36875,2.7448e+0,0.0000e+0,0.0000e+0
0.01563,0.36875,2.7186e+0,0.0000e+0,0.0000e+0
0.01771,0.36875,2.6910e+0,7.7451e+10,0.0000e+0
0.01979,0.36875,2.6697e+0,8.5934e+10,0.0000e+0
0.02187,0.36875,2.6550e+0,0.0000e+0,0.0000e+0
0.02396,0.36875,2.6359e+0,0.0000e+0,0.0000e+0
0.02604,0.36875,2.6114e+0,0.0000e+0,0.0000e+0
0.02813,0.36875,2.5813e+0,0.0000e+0,0.0000e+0
0.03021,0.36875,2.5461e+0,0.0000e+0,0.0000e+0
0.03229,0.36875,2.5071e+0,0.0000e+0,0.0000e+0
0.03438,0.36875,2.4634e+0,4.5463e+9,0.0000e+0
0.03646,0.36875,2.4153e+0,9.9438e+10,0.0000e+0
0.03854,0.36875,2.3738e+0,0.0000e+0,0.0000e+0
0.04063,0.36875,2.3296e+0,0.0000e+0,0.0000e+0
0.04271,0.36875,2.2813e+0,0.0000e+0,0.0000e+0
0.04479,0.36875,2.2282e+0,0.0000e+0,0.0000e+0
0.04688,0.36875,2.1694e+0,0.0000e+0,0.0000e+0
0.04896,0.36875,2.1042e+0,1.4709e+11,0.0000e+0
0.05104,0.36875,2.0433e+0,1.0876e+11,0.0000e+0
0.05312,0.36875,1.9851e+0,2.4404e+10,0.0000e+0
0.05521,0.36875,1.9229e+0,1.3309e+10,0.0000e+0
0.05729,0.36875,1.8559e+0,9.7896e+10,0.0000e+0
0.05937,0.36875,1.7917e+0,0.0000e+0,0.0000e+0
0.06146,0.36875,1.7240e+0,0.0000e+0,0.0000e+0
0.06354,0.36875,1.6533e+0,0.0000e+0,0.0000e+0
0.06563,0.36875,1.5803e+0,0.0000e+0,0.0000e+0
0.06771,0.36875,1.5052e+0,0.0000e+0,0.0000e+0
0.06979,0.36875,1.4265e+0,0.0000e+0,0.0000e+0
0.07187,0.36875,1.3439e+0,0.0000e+0,0.0000e+0
0.07396,0.36875,1.2573e+0,0.0000e+0,0.0000e+0
0.07604,0.36875,1.1669e+0,0.0000e+0,0.0000e+0
0.07813,0.36875,1.0727e+0,0.0000e+0,0.0000e+0
0.08021,0.36875,9.7520e-1,2.3133e+10,0.0000e+0
0.08229,0.36875,8.7804e-1,4.1591e+8,0.0000e+0
0.08438,0.36875,7.7854e-1,0.0000e+0,0.0000e+0
0.08646,0.36875,6.7667e-1,0.0000e+0,0.0000e+0
0.08854,0.36875,5.7289e-1,0.0000e+0,0.0000e+0
0.09062,0.36875,4.6790e-1,0.0000e+0,0.0000e+0
0.09271,0.36875,3.6250e-1,0.0000e+0,0.0000e+0
0.09479,0.36875,2.5741e-1,0.0000e+0,0.0000e+0
0.09688,0.36875,1.5321e-1,0.0000e+0,0.0000e+0
0.09896,0.36875,5.0443e-2,0.0000e+0,0.0000e+0
0.00104,0.37292,2.3674e+0,0.0000e+0,0.0000e+0
0.00313,0.37292,2.3632e+0,0.0000e+0,0.0000e+0
0.00521,0.37292,2.3549e+0,0.0000e+0,0.0000e+0
0.00729,0.37292,2.3425e+0,0.0000e+0,0.0000e+0
0.00937,0.37292,2.3260e+0,0.0000e+0,0.0000e+0
0.01146,0.37292,2.3059e+0,0.0000e+0,0.0000e+0
0.01354,0.37292,2.2827e+0,0.0000e+0,0.0000e+0
0.01563,0.37292,2.2571e+0,0.0000e+0,0.0000e+0
0.01771,0.37292,2.2236e+0,4.8711e+11,0.0000e+0
0.01979,0.37292,2.2072e+0,5.4046e+11,0.0000e+0
0.02187,0.37292,2.2125e+0,0.0000e+0,0.0000e+0
0.02396,0.37292,2.2038e+0,0.0000e+0,0.0000e+0
0.02604,0.37292,2.1851e+0,0.0000e+0,0.0000e+0
0.02813,0.37292,2.1583e+0,0.0000e+0,0.0000e+0
0.03021,0.37292,2.1238e+0,2.2837e+11,0.0000e+0
0.03229,0.37292,2.0982e+0,8.1723e+10,0.0000e+0
0.03438,0.37292,2.0719e+0,0.0000e+0,0.0000e+0
0.03646,0.37292,2.0402e+0,0.0000e+0,0.0000e+0
0.03854,0.37292,2.0050e+0,0.0000e+0,0.0000e+0
0.04063,0.37292,1.9663e+0,0.0000e+0,0.0000e+0
0.04271,0.37292,1.9238e+0,0.0000e+0,0.0000e+0
0.04479,0.37292,1.8770e+0,0.0000e+0,0.0000e+0
0.04688,0.37292,1.8255e+0,0.0000e+0,0.0000e+0
0.04896,0.37292,1.7684e+0,2.0854e+11,0.0000e+0
0.05104,0.37292,1.7185e+0,5.7260e+10,0.0000e+0
0.05312,0.37292,1.6675e+0,0.0000e+0,0.0000e+0
0.05521,0.37292,1.6105e+0,3.3677e+10,0.0000e+0
0.05729,0.37292,1.5487e+0,2.4772e+11,0.0000e+0
0.05937,0.37292,1.4979e+0,0.0000e+0,0.0000e+0
0.06146,0.37292,1.4404e+0,0.0000e+0,0.0000e+0
0.06354,0.37292,1.3773e+0,1.6274e+10,0.0000e+0
0.06563,0.37292,1.3093e+0,2.0172e+11,0.0000e+0
0.06771,0.37292,1.2502e+0,0.0000e+0,0.0000e+0
0.06979,0.37292,1.1855e+0,0.0000e+0,0.0000e+0
0.07187,0.37292,1.1160e+0,0.0000e+0,0.0000e+0
0.07396,0.37292,1.0425e+0,0.0000e+0,0.0000e+0
0.07604,0.37292,9.6499e-1,0.0000e+0,0.0000e+0
0.07813,0.37292,8.8325e-1,0.0000e+0,0.0000e+0
0.08021,0.37292,7.9639e-1,2.5102e+11,0.0000e+0
0.08229,0.37292,7.2002e-1,4.5130e+9,0.0000e+0
0.08438,0.37292,6.3997e-1,0.0000e+0,0.0000e+0
0.08646,0.37292,5.5685e-1,0.0000e+0,0.0000e+0
0.08854,0.37292,4.7179e-1,0.0000e+0,0.0000e+0
0.09062,0.37292,3.8558e-1,0.0000e+0,0.0000e+0
0.09271,0.37292,2.9892e-1,0.0000e+0,0.0000e+0
0.09479,0.37292,2.1237e-1,0.0000e+0,0.0000e+0
0.09688,0.37292,1.2645e-1,0.0000e+0,0.0000e+0
0.09896,0.37292,4.1641e-2,0.0000e+0,0.0000e+0
0.00104,0.37708,1.9345e+0,0.0000e+0,0.0000e+0
0.00313,0.37708,1.9303e+0,0.0000e+0,0.0000e+0
0.00521,0.37708,1.9219e+0,0.0000e+0,0.0000e+0
0.00729,0.37708,1.9092e+0,0.0000e+0,0.0000e+0
0.00937,0.37708,1.8921e+0,0.0000e+0,0.0000e+0
0.01146,0.37708,1.8707e+0,0.0000e+0,0.0000e+0
0.01354,0.37708,1.8457e+0,2.7758e+11,0.0000e+0
0.01563,0.37708,1.8428e+0,5.6705e+10,0.0000e+0
0.01771,0.37708,1.8391e+0,0.0000e+0,0.0000e+0
0.01979,0.37708,1.8336e+0,0.0000e+0,0.0000e+0
0.02187,0.37708,1.8271e+0,0.0000e+0,0.0000e+0
0.02396,0.37708,1.8159e+0,0.0000e+0,0.0000e+0
0.02604,0.37708,1.7988e+0,0.0000e+0,0.0000e+0
0.02813,0.37708,1.7753e+0,0.0000e+0,0.0000e+0
0.03021,0.37708,1.7446e+0,3.0786e+11,0.0000e+0
0.03229,0.37708,1.7268e+0,1.1017e+11,0.0000e+0
0.03438,0.37708,1.7096e+0,0.0000e+0,0.0000e+0
0.03646,0.37708,1.6862e+0,0.0000e+0,0.0000e+0
0.03854,0.37708,1.6584e+0,0.0000e+0,0.0000e+0
0.04063,0.37708,1.6269e+0,0.0000e+0,0.0000e+0
0.04271,0.37708,1.5920e+0,0.0000e+0,0.0000e+0
0.04479,0.37708,1.5541e+0,0.0000e+0,0.0000e+0
0.04688,0.37708,1.5135e+0,0.0000e+0,0.0000e+0
0.04896,0.37708,1.4708e+0,0.0000e+0,0.0000e+0
0.05104,0.37708,1.4273e+0,0.0000e+0,0.0000e+0
0.05312,0.37708,1.3825e+0,0.0000e+0,0.0000e+0
0.05521,0.37708,1.3358e+0,0.0000e+0,0.0000e+0
0.05729,0.37708,1.2875e+0,0.0000e+0,0.0000e+0
0.05937,0.37708,1.2386e+0,0.0000e+0,0.0000e+0
0.06146,0.37708,1.1877e+0,0.0000e+0,0.0000e+0
0.06354,0.37708,1.1338e+0,9.2624e+9,0.0000e+0
0.06563,0.37708,1.0773e+0,1.1481e+11,0.0000e+0
0.06771,0.37708,1.0258e+0,0.0000e+0,0.0000e+0
0.06979,0.37708,9.7093e-1,0.0000e+0,0.0000e+0
0.07187,0.37708,9.1291e-1,0.0000e+0,0.0000e+0
0.07396,0.37708,8.5207e-1,0.0000e+0,0.0000e+0
0.07604,0.37708,7.8870e-1,0.0000e+0,0.0000e+0
0.07813,0.37708,7.2320e-1,0.0000e+0,0.0000e+0
0.08021,0.37708,6.5626e-1,0.0000e+0,0.0000e+0
0.08229,0.37708,5.8940e-1,0.0000e+0,0.0000e+0
0.08438,0.37708,5.2171e-1,0.0000e+0,0.0000e+0
0.08646,0.37708,4.5295e-1,0.0000e+0,0.0000e+0
0.08854,0.37708,3.8330e-1,0.0000e+0,0.0000e+0
0.09062,0.37708,3.1308e-1,0.0000e+0,0.0000e+0
0.09271,0.37708,2.4264e-1,0.0000e+0,0.0000e+0
0.09479,0.37708,1.7236e-1,0.0000e+0,0.0000e+0
0.09688,0.37708,1.0263e-1,0.0000e+0,0.0000e+0
0.09896,0.37708,3.3796e-2,0.0000e+0,0.0000e+0
0.00104,0.38125,1.5350e+0,0.0000e+0,0.0000e+0
0.00313,0.38125,1.5311e+0,0.0000e+0,0.0000e+0
0.00521,0.38125,1.5231e+0,0.0000e+0,0.0000e+0
0.00729,0.38125,1.5106e+0,0.0000e+0,0.0000e+0
0.00937,0.38125,1.4924e+0,0.0000e+0,0.0000e+0
0.01146,0.38125,1.4666e+0,0.0000e+0,0.0000e+0
0.01354,0.38125,1.4289e+0,1.0607e+12,0.0000e+0
0.01563,0.38125,1.4494e+0,2.1669e+11,0.0000e+0
0.01771,0.38125,1.4634e+0,0.0000e+0,0.0000e+0
0.01979,0.38125,1.4668e+0,0.0000e+0,0.0000e+0
0.02187,0.38125,1.4639e+0,0.0000e+0,0.0000e+0
0.02396,0.38125,1.4563e+0,0.0000e+0,0.0000e+0
0.02604,0.38125,1.4446e+0,0.0000e+0,0.0000e+0
0.02813,0.38125,1.4296e+0,0.0000e+0,0.0000e+0
0.03021,0.38125,1.4124e+0,0.0000e+0,0.0000e+0
0.03229,0.38125,1.3950e+0,0.0000e+0,0.0000e+0
0.03438,0.38125,1.3766e+0,0.0000e+0,0.0000e+0
0.03646,0.38125,1.3560e+0,0.0000e+0,0.0000e+0
0.03854,0.38125,1.3329e+0,0.0000e+0,0.0000e+0
0.04063,0.38125,1.3074e+0,0.0000e+0,0.0000e+0
0.04271,0.38125,1.2795e+0,0.0000e+0,0.0000e+0
0.04479,0.38125,1.2495e+0,0.0000e+0,0.0000e+0
0.04688,0.38125,1.2175e+0,0.0000e+0,0.0000e+0
0.04896,0.38125,1.1838e+0,0.0000e+0,0.0000e+0
0.05104,0.38125,1.1487e+0,0.0000e+0,0.0000e+0
0.05312,0.38125,1.1123e+0,0.0000e+0,0.0000e+0
0.05521,0.38125,1.0745e+0,0.0000e+0,0.0000e+0
0.05729,0.38125,1.0354e+0,0.0000e+0,0.0000e+0
0.05937,0.38125,9.9508e-1,0.0000e+0,0.0000e+0
0.06146,0.38125,9.5344e-1,0.0000e+0,0.0000e+0
0.06354,0.38125,9.1043e-1,0.0000e+0,0.0000e+0
0.06563,0.38125,8.6629e-1,0.0000e+0,0.0000e+0
0.06771,0.38125,8.2159e-1,0.0000e+0,0.0000e+0
0.06979,0.38125,7.7559e-1,0.0000e+0,0.0000e+0
0.07187,0.38125,7.2800e-1,0.0000e+0,0.0000e+0
0.07396,0.38125,6.7877e-1,0.0000e+0,0.0000e+0
0.07604,0.38125,6.2801e-1,0.0000e+0,0.0000e+0
0.07813,0.38125,5.7592e-1,0.0000e+0,0.0000e+0
0.08021,0.38125,5.2280e-1,0.0000e+0,0.0000e+0
0.08229,0.38125,4.6893e-1,0.0000e+0,0.0000e+0
0.08438,0.38125,4.1441e-1,0.0000e+0,0.0000e+0
0.08646,0.38125,3.5929e-1,0.0000e+0,0.0000e+0
0.08854,0.38125,3.0372e-1,0.0000e+0,0.0000e+0
0.09062,0.38125,2.4789e-1,0.0000e+0,0.0000e+0
0.09271,0.38125,1.9201e-1,0.0000e+0,0.0000e+0
0.09479,0.38125,1.3636e-1,0.0000e+0,0.0000e+0
0.09688,0.38125,8.1175e-2,0.0000e+0,0.0000e+0
0.09896,0.38125,2.6729e-2,0.0000e+0,0.0000e+0
0.00104,0.38542,1.1666e+0,0.0000e+0,0.0000e+0
0.00313,0.38542,1.1640e+0,0.0000e+0,0.0000e+0
0.00521,0.38542,1.1591e+0,0.0000e+0,0.0000e+0
0.00729,0.38542,1.1519e+0,0.0000e+0,0.0000e+0
0.00937,0.38542,1.1430e+0,0.0000e+0,0.0000e+0
0.01146,0.38542,1.1334e+0,0.0000e+0,0.0000e+0
0.01354,0.38542,1.1256e+0,0.0000e+0,0.0000e+0
0.01563,0.38542,1.1250e+0,0.0000e+0,0.0000e+0
0.01771,0.38542,1.1258e+0,0.0000e+0,0.0000e+0
0.01979,0.38542,1.1251e+0,0.0000e+0,0.0000e+0
0.02187,0.38542,1.1219e+0,0.0000e+0,0.0000e+0
0.02396,0.38542,1.1161e+0,0.0000e+0,0.0000e+0
0.02604,0.38542,1.1079e+0,0.0000e+0,0.0000e+0
0.02813,0.38542,1.0976e+0,0.0000e+0,0.0000e+0
0.03021,0.38542,1.0855e+0,0.0000e+0,0.0000e+0
0.03229,0.38542,1.0720e+0,0.0000e+0,0.0000e+0
0.03438,0.38542,1.0571e+0,0.0000e+0,0.0000e+0
0.03646,0.38542,1.0406e+0,0.0000e+0,0.0000e+0
0.03854,0.38542,1.0225e+0,0.0000e+0,0.0000e+0
0.04063,0.38542,1.0027e+0,0.0000e+0,0.0000e+0
0.04271,0.38542,9.8134e-1,0.0000e+0,0.0000e+0
0.04479,0.38542,9.5837e-1,0.0000e+0,0.0000e+0
0.04688,0.38542,9.3397e-1,0.0000e+0,0.0000e+0
0.04896,0.38542,9.0825e-1,0.0000e+0,0.0000e+0
0.05104,0.38542,8.8131e-1,0.0000e+0,0.0000e+0
0.05312,0.38542,8.5324e-1,0.0000e+0,0.0000e+0
0.05521,0.38542,8.2408e-1,0.0000e+0,0.0000e+0
0.05729,0.38542,7.9388e-1,0.0000e+0,0.0000e+0
0.05937,0.38542,7.6266e-1,0.0000e+0,0.0000e+0
0.06146,0.38542,7.3044e-1,0.0000e+0,0.0000e+0
0.06354,0.38542,6.9725e-1,0.0000e+0,0.0000e+0
0.06563,0.38542,6.6313e-1,0.0000e+0,0.0000e+0
0.06771,0.38542,6.2814e-1,0.0000e+0,0.0000e+0
0.06979,0.38542,5.9220e-1,0.0000e+0,0.0000e+0
0.07187,0.38542,5.5523e-1,0.0000e+0,0.0000e+0
0.07396,0.38542,5.1724e-1,0.0000e+0,0.0000e+0
0.07604,0.38542,4.7827e-1,0.0000e+0,0.0000e+0
0.07813,0.38542,4.3841e-1,0.0000e+0,0.0000e+0
0.08021,0.38542,3.9782e-1,0.0000e+0,0.0000e+0
0.08229,0.38542,3.5661e-1,0.0000e+0,0.0000e+0
0.08438,0.38542,3.1490e-1,0.0000e+0,0.0000e+0
0.08646,0.38542,2.7280e-1,0.0000e+0,0.0000e+0
0.08854,0.38542,2.3045e-1,0.0000e+0,0.0000e+0
0.09062,0.38542,1.8797e-1,0.0000e+0,0.0000e+0
0.09271,0.38542,1.4554e-1,0.0000e+0,0.0000e+0
0.09479,0.38542,1.0332e-1,0.0000e+0,0.0000e+0
0.09688,0.38542,6.1495e-2,0.0000e+0,0.0000e+0
0.09896,0.38542,2.0246e-2,0.0000e+0,0.0000e+0
0.00104,0.38958,8.1834e-1,0.0000e+0,0.0000e+0
0.00313,0.38958,8.1678e-1,0.0000e+0,0.0000e+0
0.00521,0.38958,8.1367e-1,0.0000e+0,0.0000e+0
0.00729,0.38958,8.0935e-1,0.0000e+0,0.0000e+0
0.00937,0.38958,8.0439e-1,0.0000e+0,0.0000e+0
0.01146,0.38958,7.9960e-1,0.0000e+0,0.0000e+0
0.01354,0.38958,7.9612e-1,0.0000e+0,0.0000e+0
0.01563,0.38958,7.9494e-1,0.0000e+0,0.0000e+0
0.01771,0.38958,7.9466e-1,0.0000e+0,0.0000e+0
0.01979,0.38958,7.9385e-1,0.0000e+0,0.0000e+0
0.02187,0.38958,7.9176e-1,0.0000e+0,0.0000e+0
0.02396,0.38958,7.8807e-1,0.0000e+0,0.0000e+0
0.02604,0.38958,7.8274e-1,0.0000e+0,0.0000e+0
0.02813,0.38958,7.7591e-1,0.0000e+0,0.0000e+0
0.03021,0.38958,7.6771e-1,0.0000e+0,0.0000e+0
0.03229,0.38958,7.5826e-1,0.0000e+0,0.0000e+0
0.03438,0.38958,7.4765e-1,0.0000e+0,0.0000e+0
0.03646,0.38958,7.3586e-1,0.0000e+0,0.0000e+0
0.03854,0.38958,7.2292e-1,0.0000e+0,0.0000e+0
0.04063,0.38958,7.0886e-1,0.0000e+0,0.0000e+0
0.04271,0.38958,6.9368e-1,0.0000e+0,0.0000e+0
0.04479,0.38958,6.7745e-1,0.0000e+0,0.0000e+0
0.04688,0.38958,6.6022e-1,0.0000e+0,0.0000e+0
0.04896,0.38958,6.4204e-1,0.0000e+0,0.0000e+0
0.05104,0.38958,6.2298e-1,0.0000e+0,0.0000e+0
0.05312,0.38958,6.0307e-1,0.0000e+0,0.0000e+0
0.05521,0.38958,5.8238e-1,0.0000e+0,0.0000e+0
0.05729,0.38958,5.6091e-1,0.0000e+0,0.0000e+0
0.05937,0.38958,5.3871e-1,0.0000e+0,0.0000e+0
0.06146,0.38958,5.1579e-1,0.0000e+0,0.0000e+0
0.06354,0.38958,4.9216e-1,0.0000e+0,0.0000e+0
0.06563,0.38958,4.6786e-1,0.0000e+0,0.0000e+0
0.06771,0.38958,4.4288e-1,0.0000e+0,0.0000e+0
0.06979,0.38958,4.1724e-1,0.0000e+0,0.0000e+0
0.07187,0.38958,3.9092e-1,0.0000e+0,0.0000e+0
0.07396,0.38958,3.6395e-1,0.0000e+0,0.0000e+0
0.07604,0.38958,3.3635e-1,0.0000e+0,0.0000e+0
0.07813,0.38958,3.0819e-1,0.0000e+0,0.0000e+0
0.08021,0.38958,2.7954e-1,0.0000e+0,0.0000e+0
0.08229,0.38958,2.5047e-1,0.0000e+0,0.0000e+0
0.08438,0.38958,2.2107e-1,0.0000e+0,0.0000e+0
0.08646,0.38958,1.9143e-1,0.0000e+0,0.0000e+0
0.08854,0.38958,1.6163e-1,0.0000e+0,0.0000e+0
0.09062,0.38958,1.3179e-1,0.0000e+0,0.0000e+0
0.09271,0.38958,1.0201e-1,0.0000e+0,0.0000e+0
0.09479,0.38958,7.2400e-2,0.0000e+0,0.0000e+0
0.09688,0.38958,4.3086e-2,0.0000e+0,0.0000e+0
0.09896,0.38958,1.4184e-2,0.0000e+0,0.0000e+0
0.00104,0.39375,4.8285e-1,0.0000e+0,0.0000e+0
0.00313,0.39375,4.8155e-1,0.0000e+0,0.0000e+0
0.00521,0.39375,4.7887e-1,0.0000e+0,0.0000e+0
0.00729,0.39375,4.7480e-1,0.0000e+0,0.0000e+0
0.00937,0.39375,4.6946e-1,0.0000e+0,0.0000e+0
0.01146,0.39375,4.6348e-1,0.0000e+0,0.0000e+0
0.01354,0.39375,4.5886e-1,0.0000e+0,0.0000e+0
0.01563,0.39375,4.6165e-1,0.0000e+0,0.0000e+0
0.01771,0.39375,4.6583e-1,0.0000e+0,0.0000e+0
0.01979,0.39375,4.6844e-1,0.0000e+0,0.0000e+0
0.02187,0.39375,4.6913e-1,0.0000e+0,0.0000e+0
0.02396,0.39375,4.6809e-1,0.0000e+0,0.0000e+0
0.02604,0.39375,4.6562e-1,0.0000e+0,0.0000e+0
0.02813,0.39375,4.6198e-1,0.0000e+0,0.0000e+0
0.03021,0.39375,4.5734e-1,0.0000e+0,0.0000e+0
0.03229,0.39375,4.5183e-1,0.0000e+0,0.0000e+0
0.03438,0.39375,4.4554e-1,0.0000e+0,0.0000e+0
0.03646,0.39375,4.3851e-1,0.0000e+0,0.0000e+0
0.03854,0.39375,4.3079e-1,0.0000e+0,0.0000e+0
0.04063,0.39375,4.2239e-1,0.0000e+0,0.0000e+0
0.04271,0.39375,4.1333e-1,0.0000e+0,0.0000e+0
0.04479,0.39375,4.0365e-1,0.0000e+0,0.0000e+0
0.04688,0.39375,3.9337e-1,0.0000e+0,0.0000e+0
0.04896,0.39375,3.8254e-1,0.0000e+0,0.0000e+0
0.05104,0.39375,3.7116e-1,0.0000e+0,0.0000e+0
0.05312,0.39375,3.5928e-1,0.0000e+0,0.0000e+0
0.05521,0.39375,3.4691e-1,0.0000e+0,0.0000e+0
0.05729,0.39375,3.3408e-1,0.0000e+0,0.0000e+0
0.05937,0.39375,3.2080e-1,0.0000e+0,0.0000e+0
0.06146,0.39375,3.0708e-1,0.0000e+0,0.0000e+0
0.06354,0.39375,2.9294e-1,0.0000e+0,0.0000e+0
0.06563,0.39375,2.7838e-1,0.0000e+0,0.0000e+0
0.06771,0.39375,2.6343e-1,0.0000e+0,0.0000e+0
0.06979,0.39375,2.4808e-1,0.0000e+0,0.0000e+0
0.07187,0.39375,2.3233e-1,0.0000e+0,0.0000e+0
0.07396,0.39375,2.1622e-1,0.0000e+0,0.0000e+0
0.07604,0.39375,1.9975e-1,0.0000e+0,0.0000e+0
0.07813,0.39375,1.8297e-1,0.0000e+0,0.0000e+0
0.08021,0.39375,1.6591e-1,0.0000e+0,0.0000e+0
0.08229,0.39375,1.4861e-1,0.0000e+0,0.0000e+0
0.08438,0.39375,1.3113e-1,0.0000e+0,0.0000e+0
0.08646,0.39375,1.1352e-1,0.0000e+0,0.0000e+0
0.08854,0.39375,9.5824e-2,0.0000e+0,0.0000e+0
0.09062,0.39375,7.8114e-2,0.0000e+0,0.0000e+0
0.09271,0.39375,6.0450e-2,0.0000e+0,0.0000e+0
0.09479,0.39375,4.2898e-2,0.0000e+0,0.0000e+0
0.09688,0.39375,2.5527e-2,0.0000e+0,0.0000e+0
0.09896,0.39375,8.4032e-3,0.0000e+0,0.0000e+0
0.00104,0.39792,1.5831e-1,0.0000e+0,0.0000e+0
0.00313,0.39792,1.5728e-1,0.0000e+0,0.0000e+0
0.00521,0.39792,1.5498e-1,0.0000e+0,0.0000e+0
0.00729,0.39792,1.5056e-1,0.0000e+0,0.0000e+0
0.00937,0.39792,1.4219e-1,0.0000e+0,0.0000e+0
0.01146,0.39792,1.2583e-1,0.0000e+0,0.0000e+0
0.01354,0.39792,9.2485e-2,1.5174e+12,0.0000e+0
0.01563,0.39792,1.2097e-1,1.1819e+11,0.0000e+0
0.01771,0.39792,1.4154e-1,0.0000e+0,0.0000e+0
0.01979,0.39792,1.5009e-1,0.0000e+0,0.0000e+0
0.02187,0.39792,1.5347e-1,0.0000e+0,0.0000e+0
0.02396,0.39792,1.5444e-1,0.0000e+0,0.0000e+0
0.02604,0.39792,1.5420e-1,0.0000e+0,0.0000e+0
0.02813,0.39792,1.5325e-1,0.0000e+0,0.0000e+0
0.03021,0.39792,1.5182e-1,0.0000e+0,0.0000e+0
0.03229,0.39792,1.5005e-1,0.0000e+0,0.0000e+0
0.03438,0.39792,1.4799e-1,0.0000e+0,0.0000e+0
0.03646,0.39792,1.4566e-1,0.0000e+0,0.0000e+0
0.03854,0.39792,1.4310e-1,0.0000e+0,0.0000e+0
0.04063,0.39792,1.4031e-1,0.0000e+0,0.0000e+0
0.04271,0.39792,1.3730e-1,0.0000e+0,0.0000e+0
0.04479,0.39792,1.3408e-1,0.0000e+0,0.0000e+0
0.04688,0.39792,1.3067e-1,0.0000e+0,0.0000e+0
0.04896,0.39792,1.2706e-1,0.0000e+0,0.0000e+0
0.05104,0.39792,1.2328e-1,0.0000e+0,0.0000e+0
0.05312,0.39792,1.1933e-1,0.0000e+0,0.0000e+0
0.05521,0.39792,1.1522e-1,0.0000e+0,0.0000e+0
0.05729,0.39792,1.1095e-1,0.0000e+0,0.0000e+0
0.05937,0.39792,1.0653e-1,0.0000e+0,0.0000e+0
0.06146,0.39792,1.0196e-1,0.0000e+0,0.0000e+0
0.06354,0.39792,9.7255e-2,0.0000e+0,0.0000e+0
0.06563,0.39792,9.2408e-2,0.0000e+0,0.0000e+0
0.06771,0.39792,8.7428e-2,0.0000e+0,0.0000e+0
0.06979,0.39792,8.2316e-2,0.0000e+0,0.0000e+0
0.07187,0.39792,7.7078e-2,0.0000e+0,0.0000e+0
0.07396,0.39792,7.1719e-2,0.0000e+0,0.0000e+0
0.07604,0.39792,6.6245e-2,0.0000e+0,0.0000e+0
0.07813,0.39792,6.0671e-2,0.0000e+0,0.0000e+0
0.08021,0.39792,5.5003e-2,0.0000e+0,0.0000e+0
0.08229,0.39792,4.9262e-2,0.0000e+0,0.0000e+0
0.08438,0.39792,4.3463e-2,0.0000e+0,0.0000e+0
0.08646,0.39792,3.7619e-2,0.0000e+0,0.0000e+0
0.08854,0.39792,3.1752e-2,0.0000e+0,0.0000e+0
0.09062,0.39792,2.5881e-2,0.0000e+0,0.0000e+0
0.09271,0.39792,2.0027e-2,0.0000e+0,0.0000e+0
0.09479,0.39792,1.4211e-2,0.0000e+0,0.0000e+0
0.09688,0.39792,8.4557e-3,0.0000e+0,0.0000e+0
0.09896,0.39792,2.7836e-3,0.0000e+0,0.0000e+0