r_m,z_m,phi_V,ne_m3,ni_m3
0.00104,0.00208,1.7880e-1,0.0000e+0,0.0000e+0
0.00313,0.00208,1.7871e-1,0.0000e+0,0.0000e+0
0.00521,0.00208,1.7838e-1,0.0000e+0,0.0000e+0
0.00729,0.00208,1.7781e-1,0.0000e+0,0.0000e+0
0.00937,0.00208,1.7700e-1,0.0000e+0,0.0000e+0
0.01146,0.00208,1.7597e-1,0.0000e+0,0.0000e+0
0.01354,0.00208,1.7481e-1,0.0000e+0,0.0000e+0
0.01563,0.00208,1.7347e-1,0.0000e+0,0.0000e+0
0.01771,0.00208,1.7198e-1,0.0000e+0,0.0000e+0
0.01979,0.00208,1.7013e-1,0.0000e+0,0.0000e+0
0.02187,0.00208,1.6806e-1,0.0000e+0,0.0000e+0
0.02396,0.00208,1.6553e-1,0.0000e+0,0.0000e+0
0.02604,0.00208,1.6241e-1,0.0000e+0,0.0000e+0
0.02813,0.00208,1.5830e-1,0.0000e+0,0.0000e+0
0.03021,0.00208,1.5223e-1,0.0000e+0,0.0000e+0
0.03229,0.00208,1.4216e-1,5.1795e+10,0.0000e+0
0.03438,0.00208,1.2524e-1,6.0283e+11,0.0000e+0
0.03646,0.00208,1.3803e-1,0.0000e+0,0.0000e+0
0.03854,0.00208,1.4185e-1,0.0000e+0,0.0000e+0
0.04063,0.00208,1.4171e-1,0.0000e+0,0.0000e+0
0.04271,0.00208,1.3973e-1,0.0000e+0,0.0000e+0
0.04479,0.00208,1.3687e-1,0.0000e+0,0.0000e+0
0.04688,0.00208,1.3349e-1,0.0000e+0,0.0000e+0
0.04896,0.00208,1.2973e-1,0.0000e+0,0.0000e+0
0.05104,0.00208,1.2571e-1,0.0000e+0,0.0000e+0
0.05312,0.00208,1.2145e-1,0.0000e+0,0.0000e+0
0.05521,0.00208,1.1691e-1,0.0000e+0,0.0000e+0
0.05729,0.00208,1.1204e-1,0.0000e+0,0.0000e+0
0.05937,0.00208,1.0672e-1,0.0000e+0,0.0000e+0
0.06146,0.00208,1.0065e-1,0.0000e+0,0.0000e+0
0.06354,0.00208,9.3174e-2,0.0000e+0,0.0000e+0
0.06563,0.00208,8.2716e-2,1.1571e+11,0.0000e+0
0.06771,0.00208,7.5670e-2,2.1860e+11,0.0000e+0
0.06979,0.00208,7.6622e-2,0.0000e+0,0.0000e+0
0.07187,0.00208,7.3926e-2,0.0000e+0,0.0000e+0
0.07396,0.00208,6.9592e-2,0.0000e+0,0.0000e+0
0.07604,0.00208,6.4452e-2,0.0000e+0,0.0000e+0
0.07813,0.00208,5.8904e-2,0.0000e+0,0.0000e+0
0.08021,0.00208,5.3133e-2,0.0000e+0,0.0000e+0
0.08229,0.00208,4.7237e-2,0.0000e+0,0.0000e+0
0.08438,0.00208,4.1301e-2,0.0000e+0,0.0000e+0
0.08646,0.00208,3.5389e-2,0.0000e+0,0.0000e+0
0.08854,0.00208,2.9563e-2,0.0000e+0,0.0000e+0
0.09062,0.00208,2.3869e-2,0.0000e+0,0.0000e+0
0.09271,0.00208,1.8324e-2,0.0000e+0,0.0000e+0
0.09479,0.00208,1.2929e-2,0.0000e+0,0.0000e+0
0.09688,0.00208,7.6577e-3,0.0000e+0,0.0000e+0
0.09896,0.00208,2.5170e-3,0.0000e+0,0.0000e+0
0.00104,0.00625,5.3821e-1,0.0000e+0,0.0000e+0
0.00313,0.00625,5.3762e-1,0.0000e+0,0.0000e+0
0.00521,0.00625,5.3644e-1,0.0000e+0,0.0000e+0
0.00729,0.00625,5.3465e-1,0.0000e+0,0.0000e+0
0.00937,0.00625,5.3228e-1,0.0000e+0,0.0000e+0
0.01146,0.00625,5.2953e-1,0.0000e+0,0.0000e+0
0.01354,0.00625,5.2625e-1,0.0000e+0,0.0000e+0
0.01563,0.00625,5.2230e-1,0.0000e+0,0.0000e+0
0.01771,0.00625,5.1769e-1,0.0000e+0,0.0000e+0
0.01979,0.00625,5.1250e-1,0.0000e+0,0.0000e+0
0.02187,0.00625,5.0656e-1,0.0000e+0,0.0000e+0
0.02396,0.00625,4.9997e-1,0.0000e+0,0.0000e+0
0.02604,0.00625,4.9255e-1,0.0000e+0,0.0000e+0
0.02813,0.00625,4.8421e-1,0.0000e+0,0.0000e+0
0.03021,0.00625,4.7497e-1,0.0000e+0,0.0000e+0
0.03229,0.00625,4.6490e-1,0.0000e+0,0.0000e+0
0.03438,0.00625,4.5499e-1,0.0000e+0,0.0000e+0
0.03646,0.00625,4.4802e-1,0.0000e+0,0.0000e+0
0.03854,0.00625,4.4084e-1,0.0000e+0,0.0000e+0
0.04063,0.00625,4.3267e-1,0.0000e+0,0.0000e+0
0.04271,0.00625,4.2348e-1,0.0000e+0,0.0000e+0
0.04479,0.00625,4.1338e-1,0.0000e+0,0.0000e+0
0.04688,0.00625,4.0249e-1,0.0000e+0,0.0000e+0
0.04896,0.00625,3.9093e-1,0.0000e+0,0.0000e+0
0.05104,0.00625,3.7876e-1,0.0000e+0,0.0000e+0
0.05312,0.00625,3.6599e-1,0.0000e+0,0.0000e+0
0.05521,0.00625,3.5261e-1,0.0000e+0,0.0000e+0
0.05729,0.00625,3.3862e-1,0.0000e+0,0.0000e+0
0.05937,0.00625,3.2395e-1,0.0000e+0,0.0000e+0
0.06146,0.00625,3.0860e-1,0.0000e+0,0.0000e+0
0.06354,0.00625,2.9256e-1,0.0000e+0,0.0000e+0
0.06563,0.00625,2.7604e-1,0.0000e+0,0.0000e+0
0.06771,0.00625,2.5992e-1,0.0000e+0,0.0000e+0
0.06979,0.00625,2.4456e-1,0.0000e+0,0.0000e+0
0.07187,0.00625,2.2883e-1,0.0000e+0,0.0000e+0
0.07396,0.00625,2.1248e-1,0.0000e+0,0.0000e+0
0.07604,0.00625,1.9555e-1,0.0000e+0,0.0000e+0
0.07813,0.00625,1.7815e-1,0.0000e+0,0.0000e+0
0.08021,0.00625,1.6041e-1,0.0000e+0,0.0000e+0
0.08229,0.00625,1.4244e-1,0.0000e+0,0.0000e+0
0.08438,0.00625,1.2437e-1,0.0000e+0,0.0000e+0
0.08646,0.00625,1.0639e-1,0.0000e+0,0.0000e+0
0.08854,0.00625,8.8699e-2,0.0000e+0,0.0000e+0
0.09062,0.00625,7.1506e-2,0.0000e+0,0.0000e+0
0.09271,0.00625,5.4866e-2,0.0000e+0,0.0000e+0
0.09479,0.00625,3.8711e-2,0.0000e+0,0.0000e+0
0.09688,0.00625,2.2952e-2,0.0000e+0,0.0000e+0
0.09896,0.00625,7.5414e-3,0.0000e+0,0.0000e+0
0.00104,0.01042,9.0206e-1,0.0000e+0,0.0000e+0
0.00313,0.01042,9.0093e-1,0.0000e+0,0.0000e+0
0.00521,0.01042,8.9895e-1,0.0000e+0,0.0000e+0
0.00729,0.01042,8.9609e-1,0.0000e+0,0.0000e+0
0.00937,0.01042,8.9236e-1,0.0000e+0,0.0000e+0
0.01146,0.01042,8.8783e-1,0.0000e+0,0.0000e+0
0.01354,0.01042,8.8225e-1,0.0000e+0,0.0000e+0
0.01563,0.01042,8.7568e-1,0.0000e+0,0.0000e+0
0.01771,0.01042,8.6820e-1,0.0000e+0,0.0000e+0
0.01979,0.01042,8.5975e-1,0.0000e+0,0.0000e+0
0.02187,0.01042,8.5041e-1,0.0000e+0,0.0000e+0
0.02396,0.01042,8.4006e-1,0.0000e+0,0.0000e+0
0.02604,0.01042,8.2871e-1,0.0000e+0,0.0000e+0
0.02813,0.01042,8.1645e-1,0.0000e+0,0.0000e+0
0.03021,0.01042,8.0332e-1,0.0000e+0,0.0000e+0
0.03229,0.01042,7.8949e-1,0.0000e+0,0.0000e+0
0.03438,0.01042,7.7517e-1,0.0000e+0,0.0000e+0
0.03646,0.01042,7.6061e-1,0.0000e+0,0.0000e+0
0.03854,0.01042,7.4551e-1,0.0000e+0,0.0000e+0
0.04063,0.01042,7.2960e-1,0.0000e+0,0.0000e+0
0.04271,0.01042,7.1273e-1,0.0000e+0,0.0000e+0
0.04479,0.01042,6.9493e-1,0.0000e+0,0.0000e+0
0.04688,0.01042,6.7624e-1,0.0000e+0,0.0000e+0
0.04896,0.01042,6.5666e-1,0.0000e+0,0.0000e+0
0.05104,0.01042,6.3623e-1,0.0000e+0,0.0000e+0
0.05312,0.01042,6.1495e-1,0.0000e+0,0.0000e+0
0.05521,0.01042,5.9286e-1,0.0000e+0,0.0000e+0
0.05729,0.01042,5.6993e-1,0.0000e+0,0.0000e+0
0.05937,0.01042,5.4612e-1,0.0000e+0,0.0000e+0
0.06146,0.01042,5.2147e-1,0.0000e+0,0.0000e+0
0.06354,0.01042,4.9600e-1,0.0000e+0,0.0000e+0
0.06563,0.01042,4.6983e-1,0.0000e+0,0.0000e+0
0.06771,0.01042,4.4312e-1,0.0000e+0,0.0000e+0
0.06979,0.01042,4.1591e-1,0.0000e+0,0.0000e+0
0.07187,0.01042,3.8808e-1,0.0000e+0,0.0000e+0
0.07396,0.01042,3.5958e-1,0.0000e+0,0.0000e+0
0.07604,0.01042,3.3045e-1,0.0000e+0,0.0000e+0
0.07813,0.01042,3.0072e-1,0.0000e+0,0.0000e+0
0.08021,0.01042,2.7049e-1,0.0000e+0,0.0000e+0
0.08229,0.01042,2.3983e-1,0.0000e+0,0.0000e+0
0.08438,0.01042,2.0890e-1,0.0000e+0,0.0000e+0
0.08646,0.01042,1.7796e-1,0.0000e+0,0.0000e+0
0.08854,0.01042,1.4751e-1,0.0000e+0,0.0000e+0
0.09062,0.01042,1.1854e-1,0.0000e+0,0.0000e+0
0.09271,0.01042,9.0929e-2,0.0000e+0,0.0000e+0
0.09479,0.01042,6.4314e-2,0.0000e+0,0.0000e+0
0.09688,0.01042,3.8227e-2,0.0000e+0,0.0000e+0
0.09896,0.01042,1.2584e-2,0.0000e+0,0.0000e+0
0.00104,0.01458,1.2730e+0,0.0000e+0,0.0000e+0
0.00313,0.01458,1.2718e+0,0.0000e+0,0.0000e+0
0.00521,0.01458,1.2692e+0,0.0000e+0,0.0000e+0
0.00729,0.01458,1.2653e+0,0.0000e+0,0.0000e+0
0.00937,0.01458,1.2601e+0,0.0000e+0,0.0000e+0
0.01146,0.01458,1.2536e+0,0.0000e+0,0.0000e+0
0.01354,0.01458,1.2457e+0,0.0000e+0,0.0000e+0
0.01563,0.01458,1.2367e+0,0.0000e+0,0.0000e+0
0.01771,0.01458,1.2263e+0,0.0000e+0,0.0000e+0
0.01979,0.01458,1.2147e+0,0.0000e+0,0.0000e+0
0.02187,0.01458,1.2018e+0,0.0000e+0,0.0000e+0
0.02396,0.01458,1.1877e+0,0.0000e+0,0.0000e+0
0.02604,0.01458,1.1724e+0,0.0000e+0,0.0000e+0
0.02813,0.01458,1.1560e+0,0.0000e+0,0.0000e+0
0.03021,0.01458,1.1384e+0,0.0000e+0,0.0000e+0
0.03229,0.01458,1.1197e+0,0.0000e+0,0.0000e+0
0.03438,0.01458,1.0999e+0,0.0000e+0,0.0000e+0
0.03646,0.01458,1.0789e+0,0.0000e+0,0.0000e+0
0.03854,0.01458,1.0568e+0,0.0000e+0,0.0000e+0
0.04063,0.01458,1.0335e+0,0.0000e+0,0.0000e+0
0.04271,0.01458,1.0090e+0,0.0000e+0,0.0000e+0
0.04479,0.01458,9.8345e-1,0.0000e+0,0.0000e+0
0.04688,0.01458,9.5681e-1,0.0000e+0,0.0000e+0
0.04896,0.01458,9.2917e-1,0.0000e+0,0.0000e+0
0.05104,0.01458,9.0051e-1,0.0000e+0,0.0000e+0
0.05312,0.01458,8.7079e-1,0.0000e+0,0.0000e+0
0.05521,0.01458,8.3998e-1,0.0000e+0,0.0000e+0
0.05729,0.01458,8.0806e-1,0.0000e+0,0.0000e+0
0.05937,0.01458,7.7504e-1,0.0000e+0,0.0000e+0
0.06146,0.01458,7.4090e-1,0.0000e+0,0.0000e+0
0.06354,0.01458,7.0560e-1,0.0000e+0,0.0000e+0
0.06563,0.01458,6.6917e-1,0.0000e+0,0.0000e+0
0.06771,0.01458,6.3160e-1,0.0000e+0,0.0000e+0
0.06979,0.01458,5.9294e-1,0.0000e+0,0.0000e+0
0.07187,0.01458,5.5323e-1,0.0000e+0,0.0000e+0
0.07396,0.01458,5.1253e-1,0.0000e+0,0.0000e+0
0.07604,0.01458,4.7094e-1,0.0000e+0,0.0000e+0
0.07813,0.01458,4.2853e-1,0.0000e+0,0.0000e+0
0.08021,0.01458,3.8535e-1,0.0000e+0,0.0000e+0
0.08229,0.01458,3.4139e-1,0.0000e+0,0.0000e+0
0.08438,0.01458,2.9654e-1,0.0000e+0,0.0000e+0
0.08646,0.01458,2.5048e-1,0.0000e+0,0.0000e+0
0.08854,0.01458,2.0318e-1,1.1525e+11,0.0000e+0
0.09062,0.01458,1.6272e-1,8.7019e+10,0.0000e+0
0.09271,0.01458,1.2541e-1,4.5863e+10,0.0000e+0
0.09479,0.01458,9.0090e-2,0.0000e+0,0.0000e+0
0.09688,0.01458,5.3990e-2,0.0000e+0,0.0000e+0
0.09896,0.01458,1.7830e-2,0.0000e+0,0.0000e+0
0.00104,0.01875,1.6548e+0,0.0000e+0,0.0000e+0
0.00313,0.01875,1.6533e+0,0.0000e+0,0.0000e+0
0.00521,0.01875,1.6501e+0,0.0000e+0,0.0000e+0
0.00729,0.01875,1.6450e+0,0.0000e+0,0.0000e+0
0.00937,0.01875,1.6383e+0,0.0000e+0,0.0000e+0
0.01146,0.01875,1.6300e+0,0.0000e+0,0.0000e+0
0.01354,0.01875,1.6199e+0,0.0000e+0,0.0000e+0
0.01563,0.01875,1.6081e+0,0.0000e+0,0.0000e+0
0.01771,0.01875,1.5946e+0,0.0000e+0,0.0000e+0
0.01979,0.01875,1.5796e+0,0.0000e+0,0.0000e+0
0.02187,0.01875,1.5630e+0,0.0000e+0,0.0000e+0
0.02396,0.01875,1.5451e+0,0.0000e+0,0.0000e+0
0.02604,0.01875,1.5258e+0,0.0000e+0,0.0000e+0
0.02813,0.01875,1.5051e+0,0.0000e+0,0.0000e+0
0.03021,0.01875,1.4830e+0,0.0000e+0,0.0000e+0
0.03229,0.01875,1.4593e+0,0.0000e+0,0.0000e+0
0.03438,0.01875,1.4339e+0,0.0000e+0,0.0000e+0
0.03646,0.01875,1.4067e+0,0.0000e+0,0.0000e+0
0.03854,0.01875,1.3777e+0,0.0000e+0,0.0000e+0
0.04063,0.01875,1.3470e+0,0.0000e+0,0.0000e+0
0.04271,0.01875,1.3146e+0,0.0000e+0,0.0000e+0
0.04479,0.01875,1.2810e+0,0.0000e+0,0.0000e+0
0.04688,0.01875,1.2463e+0,0.0000e+0,0.0000e+0
0.04896,0.01875,1.2107e+0,0.0000e+0,0.0000e+0
0.05104,0.01875,1.1739e+0,0.0000e+0,0.0000e+0
0.05312,0.01875,1.1358e+0,0.0000e+0,0.0000e+0
0.05521,0.01875,1.0962e+0,0.0000e+0,0.0000e+0
0.05729,0.01875,1.0553e+0,0.0000e+0,0.0000e+0
0.05937,0.01875,1.0131e+0,0.0000e+0,0.0000e+0
0.06146,0.01875,9.6960e-1,0.0000e+0,0.0000e+0
0.06354,0.01875,9.2450e-1,0.0000e+0,0.0000e+0
0.06563,0.01875,8.7769e-1,0.0000e+0,0.0000e+0
0.06771,0.01875,8.2914e-1,0.0000e+0,0.0000e+0
0.06979,0.01875,7.7887e-1,0.0000e+0,0.0000e+0
0.07187,0.01875,7.2702e-1,0.0000e+0,0.0000e+0
0.07396,0.01875,6.7375e-1,0.0000e+0,0.0000e+0
0.07604,0.01875,6.1931e-1,0.0000e+0,0.0000e+0
0.07813,0.01875,5.6398e-1,0.0000e+0,0.0000e+0
0.08021,0.01875,5.0788e-1,0.0000e+0,0.0000e+0
0.08229,0.01875,4.5105e-1,0.0000e+0,0.0000e+0
0.08438,0.01875,3.9342e-1,0.0000e+0,0.0000e+0
0.08646,0.01875,3.3465e-1,0.0000e+0,0.0000e+0
0.08854,0.01875,2.7466e-1,1.3701e+11,0.0000e+0
0.09062,0.01875,2.2101e-1,7.3994e+10,0.0000e+0
0.09271,0.01875,1.7056e-1,3.8945e+10,0.0000e+0
0.09479,0.01875,1.2218e-1,0.0000e+0,0.0000e+0
0.09688,0.01875,7.3104e-2,0.0000e+0,0.0000e+0
0.09896,0.01875,2.4125e-2,0.0000e+0,0.0000e+0
0.00104,0.02292,2.0500e+0,0.0000e+0,0.0000e+0
0.00313,0.02292,2.0479e+0,0.0000e+0,0.0000e+0
0.00521,0.02292,2.0440e+0,0.0000e+0,0.0000e+0
0.00729,0.02292,2.0381e+0,0.0000e+0,0.0000e+0
0.00937,0.02292,2.0301e+0,0.0000e+0,0.0000e+0
0.01146,0.02292,2.0199e+0,0.0000e+0,0.0000e+0
0.01354,0.02292,2.0073e+0,0.0000e+0,0.0000e+0
0.01563,0.02292,1.9926e+0,0.0000e+0,0.0000e+0
0.01771,0.02292,1.9757e+0,0.0000e+0,0.0000e+0
0.01979,0.02292,1.9568e+0,0.0000e+0,0.0000e+0
0.02187,0.02292,1.9363e+0,0.0000e+0,0.0000e+0
0.02396,0.02292,1.9143e+0,0.0000e+0,0.0000e+0
0.02604,0.02292,1.8910e+0,0.0000e+0,0.0000e+0
0.02813,0.02292,1.8666e+0,0.0000e+0,0.0000e+0
0.03021,0.02292,1.8404e+0,0.0000e+0,0.0000e+0
0.03229,0.02292,1.8121e+0,0.0000e+0,0.0000e+0
0.03438,0.02292,1.7814e+0,0.0000e+0,0.0000e+0
0.03646,0.02292,1.7481e+0,0.0000e+0,0.0000e+0
0.03854,0.02292,1.7120e+0,0.0000e+0,0.0000e+0
0.04063,0.02292,1.6733e+0,0.0000e+0,0.0000e+0
0.04271,0.02292,1.6321e+0,0.0000e+0,0.0000e+0
0.04479,0.02292,1.5891e+0,0.0000e+0,0.0000e+0
0.04688,0.02292,1.5458e+0,0.0000e+0,0.0000e+0
0.04896,0.02292,1.5031e+0,0.0000e+0,0.0000e+0
0.05104,0.02292,1.4590e+0,0.0000e+0,0.0000e+0
0.05312,0.02292,1.4126e+0,0.0000e+0,0.0000e+0
0.05521,0.02292,1.3638e+0,0.0000e+0,0.0000e+0
0.05729,0.02292,1.3133e+0,0.0000e+0,0.0000e+0
0.05937,0.02292,1.2627e+0,0.0000e+0,0.0000e+0
0.06146,0.02292,1.2106e+0,0.0000e+0,0.0000e+0
0.06354,0.02292,1.1562e+0,0.0000e+0,0.0000e+0
0.06563,0.02292,1.0992e+0,0.0000e+0,0.0000e+0
0.06771,0.02292,1.0396e+0,0.0000e+0,0.0000e+0
0.06979,0.02292,9.7729e-1,0.0000e+0,0.0000e+0
0.07187,0.02292,9.1254e-1,0.0000e+0,0.0000e+0
0.07396,0.02292,8.4569e-1,0.0000e+0,0.0000e+0
0.07604,0.02292,7.7731e-1,0.0000e+0,0.0000e+0
0.07813,0.02292,7.0843e-1,0.0000e+0,0.0000e+0
0.08021,0.02292,6.3920e-1,0.0000e+0,0.0000e+0
0.08229,0.02292,5.6968e-1,0.0000e+0,0.0000e+0
0.08438,0.02292,5.0060e-1,0.0000e+0,0.0000e+0
0.08646,0.02292,4.3147e-1,0.0000e+0,0.0000e+0
0.08854,0.02292,3.6240e-1,0.0000e+0,0.0000e+0
0.09062,0.02292,2.9433e-1,0.0000e+0,0.0000e+0
0.09271,0.02292,2.2734e-1,0.0000e+0,0.0000e+0
0.09479,0.02292,1.6131e-1,0.0000e+0,0.0000e+0
0.09688,0.02292,9.6024e-2,0.0000e+0,0.0000e+0
0.09896,0.02292,3.1619e-2,0.0000e+0,0.0000e+0
0.00104,0.02708,2.4608e+0,0.0000e+0,0.0000e+0
0.00313,0.02708,2.4587e+0,0.0000e+0,0.0000e+0
0.00521,0.02708,2.4545e+0,0.0000e+0,0.0000e+0
0.00729,0.02708,2.4480e+0,0.0000e+0,0.0000e+0
0.00937,0.02708,2.4389e+0,0.0000e+0,0.0000e+0
0.01146,0.02708,2.4271e+0,0.0000e+0,0.0000e+0
0.01354,0.02708,2.4123e+0,0.0000e+0,0.0000e+0
0.01563,0.02708,2.3944e+0,0.0000e+0,0.0000e+0
0.01771,0.02708,2.3734e+0,0.0000e+0,0.0000e+0
0.01979,0.02708,2.3497e+0,0.0000e+0,0.0000e+0
0.02187,0.02708,2.3235e+0,0.0000e+0,0.0000e+0
0.02396,0.02708,2.2960e+0,0.0000e+0,0.0000e+0
0.02604,0.02708,2.2689e+0,0.0000e+0,0.0000e+0
0.02813,0.02708,2.2424e+0,0.0000e+0,0.0000e+0
0.03021,0.02708,2.2138e+0,0.0000e+0,0.0000e+0
0.03229,0.02708,2.1823e+0,0.0000e+0,0.0000e+0
0.03438,0.02708,2.1472e+0,0.0000e+0,0.0000e+0
0.03646,0.02708,2.1083e+0,0.0000e+0,0.0000e+0
0.03854,0.02708,2.0652e+0,0.0000e+0,0.0000e+0
0.04063,0.02708,2.0175e+0,0.0000e+0,0.0000e+0
0.04271,0.02708,1.9648e+0,0.0000e+0,0.0000e+0
0.04479,0.02708,1.9065e+0,1.2145e+11,0.0000e+0
0.04688,0.02708,1.8505e+0,2.6920e+11,0.0000e+0
0.04896,0.02708,1.8085e+0,0.0000e+0,0.0000e+0
0.05104,0.02708,1.7604e+0,0.0000e+0,0.0000e+0
0.05312,0.02708,1.7063e+0,0.0000e+0,0.0000e+0
0.05521,0.02708,1.6460e+0,0.0000e+0,0.0000e+0
0.05729,0.02708,1.5792e+0,2.1627e+11,0.0000e+0
0.05937,0.02708,1.5256e+0,1.6767e+10,0.0000e+0
0.06146,0.02708,1.4679e+0,0.0000e+0,0.0000e+0
0.06354,0.02708,1.4056e+0,0.0000e+0,0.0000e+0
0.06563,0.02708,1.3389e+0,0.0000e+0,0.0000e+0
0.06771,0.02708,1.2681e+0,0.0000e+0,0.0000e+0
0.06979,0.02708,1.1931e+0,0.0000e+0,0.0000e+0
0.07187,0.02708,1.1141e+0,0.0000e+0,0.0000e+0
0.07396,0.02708,1.0313e+0,0.0000e+0,0.0000e+0
0.07604,0.02708,9.4484e-1,7.4311e+10,0.0000e+0
0.07813,0.02708,8.6162e-1,3.6791e+10,0.0000e+0
0.08021,0.02708,7.7896e-1,0.0000e+0,0.0000e+0
0.08229,0.02708,6.9357e-1,1.5277e+11,0.0000e+0
0.08438,0.02708,6.1482e-1,9.4550e+9,0.0000e+0
0.08646,0.02708,5.3469e-1,0.0000e+0,0.0000e+0
0.08854,0.02708,4.5258e-1,0.0000e+0,0.0000e+0
0.09062,0.02708,3.6952e-1,0.0000e+0,0.0000e+0
0.09271,0.02708,2.8624e-1,0.0000e+0,0.0000e+0
0.09479,0.02708,2.0327e-1,0.0000e+0,0.0000e+0
0.09688,0.02708,1.2100e-1,0.0000e+0,0.0000e+0
0.09896,0.02708,3.9845e-2,0.0000e+0,0.0000e+0
0.00104,0.03125,2.8891e+0,0.0000e+0,0.0000e+0
0.00313,0.03125,2.8870e+0,0.0000e+0,0.0000e+0
0.00521,0.03125,2.8829e+0,0.0000e+0,0.0000e+0
0.00729,0.03125,2.8765e+0,0.0000e+0,0.0000e+0
0.00937,0.03125,2.8677e+0,0.0000e+0,0.0000e+0
0.01146,0.03125,2.8557e+0,0.0000e+0,0.0000e+0
0.01354,0.03125,2.8397e+0,0.0000e+0,0.0000e+0
0.01563,0.03125,2.8186e+0,0.0000e+0,0.0000e+0
0.01771,0.03125,2.7927e+0,0.0000e+0,0.0000e+0
0.01979,0.03125,2.7620e+0,0.0000e+0,0.0000e+0
0.02187,0.03125,2.7266e+0,0.0000e+0,0.0000e+0
0.02396,0.03125,2.6854e+0,2.6598e+11,0.0000e+0
0.02604,0.03125,2.6529e+0,2.8737e+11,0.0000e+0
0.02813,0.03125,2.6342e+0,0.0000e+0,0.0000e+0
0.03021,0.03125,2.6076e+0,0.0000e+0,0.0000e+0
0.03229,0.03125,2.5751e+0,0.0000e+0,0.0000e+0
0.03438,0.03125,2.5374e+0,0.0000e+0,0.0000e+0
0.03646,0.03125,2.4944e+0,0.0000e+0,0.0000e+0
0.03854,0.03125,2.4463e+0,0.0000e+0,0.0000e+0
0.04063,0.03125,2.3924e+0,0.0000e+0,0.0000e+0
0.04271,0.03125,2.3308e+0,0.0000e+0,0.0000e+0
0.04479,0.03125,2.2596e+0,2.4124e+11,0.0000e+0
0.04688,0.03125,2.1911e+0,4.5907e+11,0.0000e+0
0.04896,0.03125,2.1462e+0,9.0072e+10,0.0000e+0
0.05104,0.03125,2.0946e+0,0.0000e+0,0.0000e+0
0.05312,0.03125,2.0335e+0,0.0000e+0,0.0000e+0
0.05521,0.03125,1.9642e+0,0.0000e+0,0.0000e+0
0.05729,0.03125,1.8863e+0,2.2212e+11,0.0000e+0
0.05937,0.03125,1.8148e+0,2.7560e+11,0.0000e+0
0.06146,0.03125,1.7516e+0,0.0000e+0,0.0000e+0
0.06354,0.03125,1.6809e+0,0.0000e+0,0.0000e+0
0.06563,0.03125,1.6042e+0,0.0000e+0,0.0000e+0
0.06771,0.03125,1.5219e+0,0.0000e+0,0.0000e+0
0.06979,0.03125,1.4341e+0,0.0000e+0,0.0000e+0
0.07187,0.03125,1.3406e+0,0.0000e+0,0.0000e+0
0.07396,0.03125,1.2407e+0,0.0000e+0,0.0000e+0
0.07604,0.03125,1.1333e+0,2.3498e+11,0.0000e+0
0.07813,0.03125,1.0324e+0,2.3548e+11,0.0000e+0
0.08021,0.03125,9.3831e-1,1.0163e+11,0.0000e+0
0.08229,0.03125,8.4148e-1,1.7786e+11,0.0000e+0
0.08438,0.03125,7.4960e-1,6.3830e+9,0.0000e+0
0.08646,0.03125,6.5364e-1,0.0000e+0,0.0000e+0
0.08854,0.03125,5.5438e-1,0.0000e+0,0.0000e+0
0.09062,0.03125,4.5326e-1,0.0000e+0,0.0000e+0
0.09271,0.03125,3.5138e-1,0.0000e+0,0.0000e+0
0.09479,0.03125,2.4961e-1,0.0000e+0,0.0000e+0
0.09688,0.03125,1.4861e-1,0.0000e+0,0.0000e+0
0.09896,0.03125,4.8927e-2,0.0000e+0,0.0000e+0
0.00104,0.03542,3.3338e+0,0.0000e+0,0.0000e+0
0.00313,0.03542,3.3319e+0,0.0000e+0,0.0000e+0
0.00521,0.03542,3.3283e+0,0.0000e+0,0.0000e+0
0.00729,0.03542,3.3236e+0,0.0000e+0,0.0000e+0
0.00937,0.03542,3.3182e+0,0.0000e+0,0.0000e+0
0.01146,0.03542,3.3107e+0,0.0000e+0,0.0000e+0
0.01354,0.03542,3.2981e+0,0.0000e+0,0.0000e+0
0.01563,0.03542,3.2749e+0,0.0000e+0,0.0000e+0
0.01771,0.03542,3.2440e+0,0.0000e+0,0.0000e+0
0.01979,0.03542,3.2073e+0,0.0000e+0,0.0000e+0
0.02187,0.03542,3.1674e+0,0.0000e+0,0.0000e+0
0.02396,0.03542,3.1245e+0,1.6391e+11,0.0000e+0
0.02604,0.03542,3.0889e+0,1.7709e+11,0.0000e+0
0.02813,0.03542,3.0636e+0,0.0000e+0,0.0000e+0
0.03021,0.03542,3.0332e+0,0.0000e+0,0.0000e+0
0.03229,0.03542,2.9982e+0,0.0000e+0,0.0000e+0
0.03438,0.03542,2.9581e+0,0.0000e+0,0.0000e+0
0.03646,0.03542,2.9120e+0,3.5467e+10,0.0000e+0
0.03854,0.03542,2.8616e+0,1.2282e+11,0.0000e+0
0.04063,0.03542,2.8095e+0,0.0000e+0,0.0000e+0
0.04271,0.03542,2.7483e+0,0.0000e+0,0.0000e+0
0.04479,0.03542,2.6803e+0,0.0000e+0,0.0000e+0
0.04688,0.03542,2.6075e+0,1.4782e+11,0.0000e+0
0.04896,0.03542,2.5419e+0,1.1158e+11,0.0000e+0
0.05104,0.03542,2.4755e+0,0.0000e+0,0.0000e+0
0.05312,0.03542,2.4041e+0,0.0000e+0,0.0000e+0
0.05521,0.03542,2.3276e+0,0.0000e+0,0.0000e+0
0.05729,0.03542,2.2452e+0,8.8265e+9,0.0000e+0
0.05937,0.03542,2.1602e+0,3.0472e+10,0.0000e+0
0.06146,0.03542,2.0746e+0,6.1561e+10,0.0000e+0
0.06354,0.03542,1.9902e+0,7.3060e+9,0.0000e+0
0.06563,0.03542,1.9019e+0,0.0000e+0,0.0000e+0
0.06771,0.03542,1.8079e+0,0.0000e+0,0.0000e+0
0.06979,0.03542,1.7089e+0,0.0000e+0,0.0000e+0
0.07187,0.03542,1.6034e+0,0.0000e+0,0.0000e+0
0.07396,0.03542,1.4924e+0,1.4356e+10,0.0000e+0
0.07604,0.03542,1.3770e+0,7.3119e+10,0.0000e+0
0.07813,0.03542,1.2637e+0,0.0000e+0,0.0000e+0
0.08021,0.03542,1.1477e+0,5.7520e+10,0.0000e+0
0.08229,0.03542,1.0318e+0,4.2291e+10,0.0000e+0
0.08438,0.03542,9.1520e-1,0.0000e+0,0.0000e+0
0.08646,0.03542,7.9533e-1,0.0000e+0,0.0000e+0
0.08854,0.03542,6.7301e-1,0.0000e+0,0.0000e+0
0.09062,0.03542,5.4931e-1,0.0000e+0,0.0000e+0
0.09271,0.03542,4.2527e-1,0.0000e+0,0.0000e+0
0.09479,0.03542,3.0178e-1,0.0000e+0,0.0000e+0
0.09688,0.03542,1.7954e-1,0.0000e+0,0.0000e+0
0.09896,0.03542,5.9100e-2,0.0000e+0,0.0000e+0
0.00104,0.03958,3.7928e+0,0.0000e+0,0.0000e+0
0.00313,0.03958,3.7896e+0,0.0000e+0,0.0000e+0
0.00521,0.03958,3.7843e+0,0.0000e+0,0.0000e+0
0.00729,0.03958,3.7798e+0,0.0000e+0,0.0000e+0
0.00937,0.03958,3.7823e+0,0.0000e+0,0.0000e+0
0.01146,0.03958,3.7926e+0,0.0000e+0,0.0000e+0
0.01354,0.03958,3.8096e+0,0.0000e+0,8.7289e+11
0.01563,0.03958,3.7764e+0,0.0000e+0,2.9064e+11
0.01771,0.03958,3.7347e+0,0.0000e+0,2.3780e+11
0.01979,0.03958,3.6822e+0,0.0000e+0,0.0000e+0
0.02187,0.03958,3.6360e+0,0.0000e+0,0.0000e+0
0.02396,0.03958,3.5943e+0,0.0000e+0,0.0000e+0
0.02604,0.03958,3.5566e+0,0.0000e+0,0.0000e+0
0.02813,0.03958,3.5217e+0,0.0000e+0,0.0000e+0
0.03021,0.03958,3.4869e+0,0.0000e+0,0.0000e+0
0.03229,0.03958,3.4509e+0,0.0000e+0,0.0000e+0
0.03438,0.03958,3.4132e+0,0.0000e+0,0.0000e+0
0.03646,0.03958,3.3738e+0,9.6328e+10,1.7759e+11
0.03854,0.03958,3.3296e+0,3.3357e+11,3.9637e+11
0.04063,0.03958,3.2749e+0,0.0000e+0,1.5553e+11
0.04271,0.03958,3.2052e+0,0.0000e+0,0.0000e+0
0.04479,0.03958,3.1336e+0,0.0000e+0,0.0000e+0
0.04688,0.03958,3.0617e+0,0.0000e+0,9.6643e+10
0.04896,0.03958,2.9837e+0,0.0000e+0,2.6105e+11
0.05104,0.03958,2.8873e+0,2.0214e+11,0.0000e+0
0.05312,0.03958,2.8069e+0,1.5771e+10,5.9895e+9
0.05521,0.03958,2.7267e+0,0.0000e+0,2.8654e+11
0.05729,0.03958,2.6288e+0,0.0000e+0,1.0070e+11
0.05937,0.03958,2.5256e+0,0.0000e+0,2.9331e+10
0.06146,0.03958,2.4198e+0,2.6301e+11,0.0000e+0
0.06354,0.03958,2.3302e+0,3.1213e+10,1.5253e+11
0.06563,0.03958,2.2339e+0,9.7546e+10,2.3593e+11
0.06771,0.03958,2.1263e+0,7.7588e+10,5.2209e+10
0.06979,0.03958,2.0217e+0,0.0000e+0,2.3258e+11
0.07187,0.03958,1.9009e+0,0.0000e+0,1.9922e+10
0.07396,0.03958,1.7785e+0,3.4196e+10,1.7538e+11
0.07604,0.03958,1.6455e+0,1.7417e+11,9.7638e+10
0.07813,0.03958,1.5179e+0,0.0000e+0,0.0000e+0
0.08021,0.03958,1.3889e+0,0.0000e+0,9.9386e+10
0.08229,0.03958,1.2518e+0,0.0000e+0,1.2383e+11
0.08438,0.03958,1.1057e+0,0.0000e+0,0.0000e+0
0.08646,0.03958,9.5837e-1,0.0000e+0,0.0000e+0
0.08854,0.03958,8.0883e-1,0.0000e+0,0.0000e+0
0.09062,0.03958,6.5807e-1,0.0000e+0,0.0000e+0
0.09271,0.03958,5.0805e-1,0.0000e+0,0.0000e+0
0.09479,0.03958,3.5976e-1,0.0000e+0,0.0000e+0
0.09688,0.03958,2.1373e-1,0.0000e+0,0.0000e+0
0.09896,0.03958,7.0299e-2,0.0000e+0,0.0000e+0
0.00104,0.04375,4.2780e+0,0.0000e+0,0.0000e+0
0.00313,0.04375,4.2671e+0,0.0000e+0,0.0000e+0
0.00521,0.04375,4.2446e+0,0.0000e+0,0.0000e+0
0.00729,0.04375,4.2089e+0,9.1767e+11,0.0000e+0
0.00937,0.04375,4.2093e+0,4.8969e+11,0.0000e+0
0.01146,0.04375,4.2380e+0,0.0000e+0,0.0000e+0
0.01354,0.04375,4.2540e+0,0.0000e+0,3.8833e+11
0.01563,0.04375,4.2402e+0,0.0000e+0,2.9317e+11
0.01771,0.04375,4.2166e+0,0.0000e+0,8.1191e+11
0.01979,0.04375,4.1527e+0,0.0000e+0,0.0000e+0
0.02187,0.04375,4.1032e+0,0.0000e+0,0.0000e+0
0.02396,0.04375,4.0618e+0,0.0000e+0,0.0000e+0
0.02604,0.04375,4.0250e+0,0.0000e+0,0.0000e+0
0.02813,0.04375,3.9899e+0,0.0000e+0,0.0000e+0
0.03021,0.04375,3.9548e+0,0.0000e+0,0.0000e+0
0.03229,0.04375,3.9196e+0,0.0000e+0,0.0000e+0
0.03438,0.04375,3.8847e+0,0.0000e+0,0.0000e+0
0.03646,0.04375,3.8511e+0,0.0000e+0,4.1152e+10
0.03854,0.04375,3.8190e+0,0.0000e+0,4.5247e+11
0.04063,0.04375,3.7636e+0,0.0000e+0,4.1075e+11
0.04271,0.04375,3.6834e+0,0.0000e+0,6.5691e+10
0.04479,0.04375,3.6013e+0,0.0000e+0,8.4471e+9
0.04688,0.04375,3.5236e+0,0.0000e+0,2.4317e+11
0.04896,0.04375,3.4331e+0,0.0000e+0,3.2419e+11
0.05104,0.04375,3.3195e+0,2.0366e+11,1.1112e+10
0.05312,0.04375,3.2194e+0,1.5890e+10,5.7359e+9
0.05521,0.04375,3.1205e+0,2.5813e+9,1.9197e+11
0.05729,0.04375,3.0161e+0,1.0246e+9,2.4154e+11
0.05937,0.04375,2.9066e+0,0.0000e+0,3.1889e+11
0.06146,0.04375,2.7882e+0,0.0000e+0,0.0000e+0
0.06354,0.04375,2.6814e+0,0.0000e+0,7.0720e+10
0.06563,0.04375,2.5770e+0,8.9890e+10,4.4214e+11
0.06771,0.04375,2.4548e+0,7.1498e+10,7.8505e+10
0.06979,0.04375,2.3399e+0,0.0000e+0,2.5908e+11
0.07187,0.04375,2.2126e+0,0.0000e+0,2.1105e+11
0.07396,0.04375,2.0777e+0,0.0000e+0,2.6822e+11
0.07604,0.04375,1.9326e+0,0.0000e+0,6.4189e+10
0.07813,0.04375,1.7916e+0,0.0000e+0,1.6156e+11
0.08021,0.04375,1.6450e+0,1.9122e+11,5.3631e+11
0.08229,0.04375,1.4837e+0,1.0496e+11,2.4175e+11
0.08438,0.04375,1.3151e+0,0.0000e+0,2.1366e+10
0.08646,0.04375,1.1448e+0,0.0000e+0,1.7078e+11
0.08854,0.04375,9.6364e-1,0.0000e+0,1.2857e+11
0.09062,0.04375,7.7771e-1,0.0000e+0,0.0000e+0
0.09271,0.04375,5.9736e-1,0.0000e+0,0.0000e+0
0.09479,0.04375,4.2160e-1,0.0000e+0,0.0000e+0
0.09688,0.04375,2.4998e-1,0.0000e+0,0.0000e+0
0.09896,0.04375,8.2142e-2,0.0000e+0,0.0000e+0
0.00104,0.04792,4.8500e+0,0.0000e+0,0.0000e+0
0.00313,0.04792,4.8350e+0,0.0000e+0,0.0000e+0
0.00521,0.04792,4.8042e+0,0.0000e+0,0.0000e+0
0.00729,0.04792,4.7528e+0,9.0388e+11,0.0000e+0
0.00937,0.04792,4.7253e+0,4.8233e+11,0.0000e+0
0.01146,0.04792,4.7183e+0,0.0000e+0,0.0000e+0
0.01354,0.04792,4.6947e+0,0.0000e+0,0.0000e+0
0.01563,0.04792,4.6609e+0,0.0000e+0,0.0000e+0
0.01771,0.04792,4.6253e+0,0.0000e+0,0.0000e+0
0.01979,0.04792,4.5892e+0,0.0000e+0,0.0000e+0
0.02187,0.04792,4.5555e+0,0.0000e+0,0.0000e+0
0.02396,0.04792,4.5251e+0,0.0000e+0,0.0000e+0
0.02604,0.04792,4.4973e+0,0.0000e+0,0.0000e+0
0.02813,0.04792,4.4685e+0,0.0000e+0,0.0000e+0
0.03021,0.04792,4.4336e+0,0.0000e+0,0.0000e+0
0.03229,0.04792,4.3958e+0,0.0000e+0,0.0000e+0
0.03438,0.04792,4.3591e+0,0.0000e+0,9.7305e+10
0.03646,0.04792,4.3172e+0,7.6914e+10,1.6650e+11
0.03854,0.04792,4.2689e+0,4.3956e+11,4.6769e+11
0.04063,0.04792,4.2367e+0,0.0000e+0,1.0430e+12
0.04271,0.04792,4.1641e+0,0.0000e+0,8.8578e+11
0.04479,0.04792,4.0631e+0,0.0000e+0,2.1264e+11
0.04688,0.04792,3.9754e+0,0.0000e+0,2.5752e+11
0.04896,0.04792,3.8913e+0,0.0000e+0,7.6867e+11
0.05104,0.04792,3.7779e+0,0.0000e+0,7.2772e+11
0.05312,0.04792,3.6404e+0,0.0000e+0,4.2687e+11
0.05521,0.04792,3.4942e+0,2.8472e+11,2.4632e+11
0.05729,0.04792,3.3643e+0,1.1301e+11,1.5532e+11
0.05937,0.04792,3.2394e+0,5.5024e+10,2.6934e+10
0.06146,0.04792,3.1254e+0,1.8134e+10,1.0810e+11
0.06354,0.04792,3.0144e+0,0.0000e+0,2.3034e+11
0.06563,0.04792,2.8937e+0,0.0000e+0,7.2632e+10
0.06771,0.04792,2.7699e+0,0.0000e+0,1.4311e+11
0.06979,0.04792,2.6410e+0,0.0000e+0,2.7411e+11
0.07187,0.04792,2.5032e+0,0.0000e+0,4.2236e+11
0.07396,0.04792,2.3494e+0,0.0000e+0,1.5166e+11
0.07604,0.04792,2.1984e+0,0.0000e+0,1.0697e+11
0.07813,0.04792,2.0555e+0,0.0000e+0,7.8249e+11
0.08021,0.04792,1.8742e+0,1.7965e+11,1.1353e+11
0.08229,0.04792,1.7108e+0,7.7840e+10,2.8400e+11
0.08438,0.04792,1.5412e+0,0.0000e+0,6.5607e+11
0.08646,0.04792,1.3380e+0,0.0000e+0,4.5923e+11
0.08854,0.04792,1.1144e+0,0.0000e+0,1.0583e+11
0.09062,0.04792,8.9197e-1,1.5920e+11,4.5578e+10
0.09271,0.04792,6.8424e-1,2.5317e+9,0.0000e+0
0.09479,0.04792,4.8225e-1,0.0000e+0,0.0000e+0
0.09688,0.04792,2.8562e-1,0.0000e+0,0.0000e+0
0.09896,0.04792,9.3809e-2,0.0000e+0,0.0000e+0
0.00104,0.05208,5.5428e+0,0.0000e+0,0.0000e+0
0.00313,0.05208,5.5279e+0,0.0000e+0,0.0000e+0
0.00521,0.05208,5.5125e+0,0.0000e+0,6.1953e+11
0.00729,0.05208,5.4548e+0,0.0000e+0,6.7813e+11
0.00937,0.05208,5.3621e+0,0.0000e+0,1.6276e+11
0.01146,0.05208,5.2757e+0,0.0000e+0,0.0000e+0
0.01354,0.05208,5.1944e+0,0.0000e+0,0.0000e+0
0.01563,0.05208,5.1071e+0,6.4965e+11,0.0000e+0
0.01771,0.05208,5.0528e+0,5.9730e+11,0.0000e+0
0.01979,0.05208,5.0305e+0,0.0000e+0,0.0000e+0
0.02187,0.05208,5.0064e+0,0.0000e+0,0.0000e+0
0.02396,0.05208,4.9884e+0,0.0000e+0,0.0000e+0
0.02604,0.05208,4.9826e+0,0.0000e+0,1.8667e+11
0.02813,0.05208,4.9814e+0,0.0000e+0,9.6570e+11
0.03021,0.05208,4.9338e+0,0.0000e+0,4.7456e+11
0.03229,0.05208,4.8774e+0,0.0000e+0,2.4446e+11
0.03438,0.05208,4.8330e+0,0.0000e+0,8.5181e+11
0.03646,0.05208,4.7670e+0,1.0320e+10,1.1062e+12
0.03854,0.05208,4.6613e+0,5.8977e+10,2.9592e+11
0.04063,0.05208,4.5676e+0,1.9347e+11,4.3607e+10
0.04271,0.05208,4.4972e+0,1.8178e+11,3.4876e+11
0.04479,0.05208,4.4228e+0,0.0000e+0,2.0095e+11
0.04688,0.05208,4.3472e+0,0.0000e+0,5.8858e+11
0.04896,0.05208,4.2417e+0,0.0000e+0,2.1777e+11
0.05104,0.05208,4.1245e+0,0.0000e+0,3.3259e+11
0.05312,0.05208,3.9844e+0,0.0000e+0,2.2702e+11
0.05521,0.05208,3.8370e+0,1.6726e+11,3.0941e+11
0.05729,0.05208,3.6944e+0,6.1883e+10,2.1971e+11
0.05937,0.05208,3.5559e+0,2.2622e+11,8.8755e+10
0.06146,0.05208,3.4394e+0,7.4552e+10,2.1457e+11
0.06354,0.05208,3.3290e+0,0.0000e+0,3.2665e+11
0.06563,0.05208,3.2155e+0,9.2205e+10,8.5694e+11
0.06771,0.05208,3.0760e+0,1.8018e+11,9.4996e+11
0.06979,0.05208,2.9076e+0,0.0000e+0,2.6514e+11
0.07187,0.05208,2.7422e+0,0.0000e+0,2.1757e+11
0.07396,0.05208,2.5791e+0,8.2579e+8,2.9566e+11
0.07604,0.05208,2.4148e+0,3.4464e+9,3.2762e+11
0.07813,0.05208,2.2470e+0,0.0000e+0,3.3851e+11
0.08021,0.05208,2.0706e+0,0.0000e+0,2.0961e+10
0.08229,0.05208,1.9102e+0,0.0000e+0,7.8988e+11
0.08438,0.05208,1.7141e+0,5.5034e+10,7.1059e+11
0.08646,0.05208,1.4896e+0,1.9579e+11,6.0104e+11
0.08854,0.05208,1.2485e+0,0.0000e+0,2.1228e+11
0.09062,0.05208,1.0033e+0,8.3961e+10,1.1358e+11
0.09271,0.05208,7.6660e-1,1.3352e+9,0.0000e+0
0.09479,0.05208,5.3894e-1,0.0000e+0,0.0000e+0
0.09688,0.05208,3.1872e-1,0.0000e+0,0.0000e+0
0.09896,0.05208,1.0460e-1,0.0000e+0,0.0000e+0
0.00104,0.05625,6.3554e+0,0.0000e+0,1.7077e+12
0.00313,0.05625,6.2621e+0,0.0000e+0,0.0000e+0
0.00521,0.05625,6.2534e+0,0.0000e+0,2.4217e+12
0.00729,0.05625,6.1704e+0,0.0000e+0,2.6975e+12
0.00937,0.05625,6.0016e+0,0.0000e+0,6.6874e+11
0.01146,0.05625,5.8744e+0,0.0000e+0,5.7122e+11
0.01354,0.05625,5.7697e+0,0.0000e+0,8.6406e+11
0.01563,0.05625,5.6537e+0,5.2241e+10,7.0182e+11
0.01771,0.05625,5.5408e+0,5.2727e+11,1.2150e+11
0.01979,0.05625,5.4893e+0,3.1902e+10,1.6948e+11
0.02187,0.05625,5.4411e+0,0.0000e+0,0.0000e+0
0.02396,0.05625,5.4072e+0,0.0000e+0,0.0000e+0
0.02604,0.05625,5.3923e+0,0.0000e+0,2.6865e+11
0.02813,0.05625,5.3841e+0,0.0000e+0,1.0249e+12
0.03021,0.05625,5.3340e+0,0.0000e+0,1.0053e+12
0.03229,0.05625,5.2468e+0,6.9680e+10,6.9427e+11
0.03438,0.05625,5.1391e+0,2.6415e+11,2.0526e+11
0.03646,0.05625,5.0477e+0,1.1559e+11,4.4089e+10
0.03854,0.05625,4.9551e+0,2.5676e+11,0.0000e+0
0.04063,0.05625,4.8731e+0,1.6409e+11,4.4055e+10
0.04271,0.05625,4.7940e+0,5.2683e+11,7.9995e+10
0.04479,0.05625,4.7386e+0,0.0000e+0,1.5100e+11
0.04688,0.05625,4.6693e+0,0.0000e+0,2.3565e+11
0.04896,0.05625,4.5896e+0,0.0000e+0,7.2733e+11
0.05104,0.05625,4.4795e+0,0.0000e+0,1.2308e+12
0.05312,0.05625,4.3084e+0,0.0000e+0,3.1706e+11
0.05521,0.05625,4.1333e+0,1.2585e+11,6.2229e+10
0.05729,0.05625,3.9763e+0,1.0422e+11,1.8825e+10
0.05937,0.05625,3.8389e+0,2.4849e+11,4.2402e+11
0.06146,0.05625,3.7033e+0,0.0000e+0,1.8602e+11
0.06354,0.05625,3.5677e+0,0.0000e+0,2.1190e+11
0.06563,0.05625,3.4228e+0,2.0938e+10,2.3337e+11
0.06771,0.05625,3.2710e+0,4.0916e+10,4.7037e+11
0.06979,0.05625,3.0990e+0,0.0000e+0,2.3889e+11
0.07187,0.05625,2.9228e+0,0.0000e+0,2.5402e+11
0.07396,0.05625,2.7394e+0,5.6404e+10,9.2789e+10
0.07604,0.05625,2.5597e+0,2.3540e+11,1.8730e+11
0.07813,0.05625,2.3855e+0,0.0000e+0,7.2343e+8
0.08021,0.05625,2.2137e+0,0.0000e+0,3.5386e+11
0.08229,0.05625,2.0222e+0,0.0000e+0,2.0210e+11
0.08438,0.05625,1.8193e+0,2.1009e+9,3.3712e+11
0.08646,0.05625,1.5982e+0,7.4743e+9,4.7926e+11
0.08854,0.05625,1.3553e+0,0.0000e+0,4.6352e+11
0.09062,0.05625,1.0933e+0,0.0000e+0,1.5949e+11
0.09271,0.05625,8.3377e-1,0.0000e+0,0.0000e+0
0.09479,0.05625,5.8555e-1,0.0000e+0,0.0000e+0
0.09688,0.05625,3.4609e-1,0.0000e+0,0.0000e+0
0.09896,0.05625,1.1356e-1,0.0000e+0,0.0000e+0
0.00104,0.06042,7.3786e+0,0.0000e+0,1.9791e+13
0.00313,0.06042,6.7942e+0,0.0000e+0,0.0000e+0
0.00521,0.06042,6.6038e+0,0.0000e+0,0.0000e+0
0.00729,0.06042,6.5261e+0,0.0000e+0,1.7404e+12
0.00937,0.06042,6.3964e+0,0.0000e+0,6.6615e+11
0.01146,0.06042,6.2879e+0,0.0000e+0,6.4213e+11
0.01354,0.06042,6.1864e+0,0.0000e+0,8.7983e+11
0.01563,0.06042,6.0590e+0,0.0000e+0,1.5149e+11
0.01771,0.06042,5.9547e+0,6.9784e+11,3.7269e+11
0.01979,0.06042,5.9073e+0,4.6454e+10,7.1577e+11
0.02187,0.06042,5.8352e+0,0.0000e+0,3.5305e+11
0.02396,0.06042,5.7581e+0,0.0000e+0,0.0000e+0
0.02604,0.06042,5.6942e+0,1.2169e+11,0.0000e+0
0.02813,0.06042,5.6406e+0,3.6532e+11,4.7324e+11
0.03021,0.06042,5.5858e+0,1.8035e+11,4.8195e+11
0.03229,0.06042,5.5114e+0,6.8044e+10,6.4702e+10
0.03438,0.06042,5.4315e+0,2.5796e+11,0.0000e+0
0.03646,0.06042,5.3733e+0,6.7867e+10,2.7962e+11
0.03854,0.06042,5.3012e+0,1.5075e+11,1.6596e+11
0.04063,0.06042,5.2368e+0,0.0000e+0,5.3668e+11
0.04271,0.06042,5.1470e+0,3.6126e+11,3.3566e+11
0.04479,0.06042,5.0741e+0,1.4285e+11,6.7078e+11
0.04688,0.06042,4.9725e+0,0.0000e+0,5.2750e+11
0.04896,0.06042,4.8468e+0,0.0000e+0,2.3492e+11
0.05104,0.06042,4.7151e+0,0.0000e+0,2.3497e+11
0.05312,0.06042,4.5756e+0,0.0000e+0,5.3533e+11
0.05521,0.06042,4.4086e+0,0.0000e+0,4.0221e+11
0.05729,0.06042,4.2312e+0,1.3850e+10,3.7306e+10
0.05937,0.06042,4.0713e+0,5.9691e+10,8.9875e+10
0.06146,0.06042,3.9268e+0,0.0000e+0,8.0087e+10
0.06354,0.06042,3.7959e+0,0.0000e+0,1.0991e+12
0.06563,0.06042,3.6099e+0,0.0000e+0,1.8094e+11
0.06771,0.06042,3.4298e+0,0.0000e+0,1.0329e+11
0.06979,0.06042,3.2532e+0,0.0000e+0,1.5910e+11
0.07187,0.06042,3.0727e+0,1.0791e+10,8.3181e+10
0.07396,0.06042,2.8930e+0,2.5888e+10,2.5730e+10
0.07604,0.06042,2.7192e+0,0.0000e+0,2.3780e+11
0.07813,0.06042,2.5330e+0,0.0000e+0,5.7714e+10
0.08021,0.06042,2.3428e+0,1.0173e+11,3.5141e+11
0.08229,0.06042,2.1370e+0,4.8868e+9,2.7312e+11
0.08438,0.06042,1.9128e+0,0.0000e+0,3.1072e+11
0.08646,0.06042,1.6687e+0,0.0000e+0,1.2504e+11
0.08854,0.06042,1.4169e+0,0.0000e+0,3.0811e+11
0.09062,0.06042,1.1471e+0,0.0000e+0,9.7470e+10
0.09271,0.06042,8.7858e-1,0.0000e+0,0.0000e+0
0.09479,0.06042,6.1853e-1,0.0000e+0,0.0000e+0
0.09688,0.06042,3.6608e-1,0.0000e+0,0.0000e+0
0.09896,0.06042,1.2019e-1,0.0000e+0,0.0000e+0
0.00104,0.06458,6.8574e+0,0.0000e+0,0.0000e+0
0.00313,0.06458,6.7828e+0,0.0000e+0,0.0000e+0
0.00521,0.06458,6.7181e+0,0.0000e+0,0.0000e+0
0.00729,0.06458,6.6614e+0,0.0000e+0,0.0000e+0
0.00937,0.06458,6.6026e+0,0.0000e+0,0.0000e+0
0.01146,0.06458,6.5477e+0,0.0000e+0,0.0000e+0
0.01354,0.06458,6.5008e+0,0.0000e+0,1.1707e+12
0.01563,0.06458,6.3870e+0,0.0000e+0,3.0756e+10
0.01771,0.06458,6.2984e+0,0.0000e+0,0.0000e+0
0.01979,0.06458,6.2333e+0,0.0000e+0,1.8230e+11
0.02187,0.06458,6.1660e+0,0.0000e+0,3.8380e+11
0.02396,0.06458,6.0808e+0,0.0000e+0,1.7982e+11
0.02604,0.06458,5.9871e+0,1.2296e+11,0.0000e+0
0.02813,0.06458,5.8933e+0,5.7897e+11,2.2468e+9
0.03021,0.06458,5.8267e+0,9.5362e+11,4.8562e+10
0.03229,0.06458,5.8046e+0,0.0000e+0,2.1125e+11
0.03438,0.06458,5.7544e+0,0.0000e+0,2.6755e+9
0.03646,0.06458,5.7048e+0,0.0000e+0,3.5773e+11
0.03854,0.06458,5.6331e+0,0.0000e+0,3.2060e+11
0.04063,0.06458,5.5490e+0,0.0000e+0,1.3615e+11
0.04271,0.06458,5.4664e+0,9.3936e+9,5.8483e+11
0.04479,0.06458,5.3594e+0,3.7144e+9,5.3404e+11
0.04688,0.06458,5.2267e+0,0.0000e+0,3.8075e+11
0.04896,0.06458,5.0755e+0,7.1554e+10,1.5415e+11
0.05104,0.06458,4.9307e+0,3.2419e+11,2.6802e+11
0.05312,0.06458,4.8084e+0,8.1652e+9,1.2001e+12
0.05521,0.06458,4.6253e+0,0.0000e+0,3.8072e+11
0.05729,0.06458,4.4355e+0,0.0000e+0,6.2762e+10
0.05937,0.06458,4.2573e+0,0.0000e+0,1.3895e+10
0.06146,0.06458,4.0895e+0,1.8534e+11,2.8339e+11
0.06354,0.06458,3.9197e+0,4.2462e+10,1.9622e+11
0.06563,0.06458,3.7401e+0,0.0000e+0,1.5961e+10
0.06771,0.06458,3.5643e+0,0.0000e+0,3.9561e+9
0.06979,0.06458,3.3940e+0,0.0000e+0,1.7563e+11
0.07187,0.06458,3.2173e+0,7.9039e+10,1.6978e+11
0.07396,0.06458,3.0440e+0,1.8962e+11,3.7034e+11
0.07604,0.06458,2.8732e+0,0.0000e+0,2.8643e+11
0.07813,0.06458,2.6988e+0,4.3669e+10,8.2232e+11
0.08021,0.06458,2.4852e+0,3.2676e+11,7.4238e+11
0.08229,0.06458,2.2616e+0,7.8960e+9,5.9998e+11
0.08438,0.06458,2.0118e+0,1.8636e+9,2.9818e+11
0.08646,0.06458,1.7549e+0,1.6278e+8,4.2253e+11
0.08854,0.06458,1.4775e+0,6.5154e+9,2.6560e+11
0.09062,0.06458,1.1905e+0,1.6014e+10,1.7283e+10
0.09271,0.06458,9.1308e-1,0.0000e+0,0.0000e+0
0.09479,0.06458,6.4367e-1,0.0000e+0,0.0000e+0
0.09688,0.06458,3.8132e-1,0.0000e+0,0.0000e+0
0.09896,0.06458,1.2525e-1,0.0000e+0,0.0000e+0
0.00104,0.06875,6.9337e+0,0.0000e+0,0.0000e+0
0.00313,0.06875,6.9185e+0,0.0000e+0,0.0000e+0
0.00521,0.06875,6.8967e+0,0.0000e+0,0.0000e+0
0.00729,0.06875,6.8718e+0,0.0000e+0,0.0000e+0
0.00937,0.06875,6.8441e+0,0.0000e+0,0.0000e+0
0.01146,0.06875,6.8133e+0,0.0000e+0,1.5089e+11
0.01354,0.06875,6.7645e+0,0.0000e+0,6.9460e+11
0.01563,0.06875,6.6582e+0,4.1471e+11,0.0000e+0
0.01771,0.06875,6.5843e+0,7.3389e+11,2.6428e+11
0.01979,0.06875,6.5383e+0,0.0000e+0,2.2197e+11
0.02187,0.06875,6.4771e+0,0.0000e+0,1.6904e+11
0.02396,0.06875,6.4121e+0,0.0000e+0,5.5013e+11
0.02604,0.06875,6.3251e+0,0.0000e+0,0.0000e+0
0.02813,0.06875,6.2599e+0,0.0000e+0,9.0635e+10
0.03021,0.06875,6.2149e+0,0.0000e+0,7.0013e+11
0.03229,0.06875,6.1536e+0,0.0000e+0,4.5060e+11
0.03438,0.06875,6.0858e+0,0.0000e+0,1.7878e+11
0.03646,0.06875,6.0263e+0,1.2713e+11,1.0049e+12
0.03854,0.06875,5.9307e+0,1.5724e+11,5.7921e+11
0.04063,0.06875,5.8297e+0,0.0000e+0,4.3680e+11
0.04271,0.06875,5.7261e+0,0.0000e+0,6.0555e+11
0.04479,0.06875,5.6035e+0,0.0000e+0,5.0182e+11
0.04688,0.06875,5.4610e+0,0.0000e+0,7.0249e+11
0.04896,0.06875,5.2798e+0,2.0386e+11,4.3882e+11
0.05104,0.06875,5.0841e+0,8.0670e+11,8.0321e+10
0.05312,0.06875,4.9378e+0,1.0682e+10,9.6235e+10
0.05521,0.06875,4.7774e+0,0.0000e+0,1.9638e+11
0.05729,0.06875,4.5999e+0,0.0000e+0,5.4898e+10
0.05937,0.06875,4.4223e+0,0.0000e+0,2.8806e+10
0.06146,0.06875,4.2469e+0,1.0927e+11,3.3340e+11
0.06354,0.06875,4.0602e+0,2.5033e+10,7.0276e+10
0.06563,0.06875,3.8723e+0,2.8821e+11,1.1273e+11
0.06771,0.06875,3.6966e+0,2.0527e+11,2.1804e+11
0.06979,0.06875,3.5262e+0,0.0000e+0,4.4709e+11
0.07187,0.06875,3.3384e+0,2.0464e+11,4.6545e+11
0.07396,0.06875,3.1488e+0,2.8820e+10,1.1347e+11
0.07604,0.06875,2.9707e+0,1.2140e+10,2.1407e+11
0.07813,0.06875,2.7960e+0,1.5830e+10,1.1677e+12
0.08021,0.06875,2.5571e+0,2.5508e+11,3.3181e+11
0.08229,0.06875,2.3272e+0,5.2379e+10,5.4357e+11
0.08438,0.06875,2.0722e+0,2.4175e+11,3.4748e+11
0.08646,0.06875,1.8166e+0,2.1116e+10,6.8665e+11
0.08854,0.06875,1.5214e+0,6.5426e+10,2.0479e+11
0.09062,0.06875,1.2218e+0,1.6081e+11,5.3195e+9
0.09271,0.06875,9.4010e-1,0.0000e+0,0.0000e+0
0.09479,0.06875,6.6393e-1,0.0000e+0,0.0000e+0
0.09688,0.06875,3.9372e-1,0.0000e+0,0.0000e+0
0.09896,0.06875,1.2939e-1,0.0000e+0,0.0000e+0
0.00104,0.07292,7.1321e+0,0.0000e+0,0.0000e+0
0.00313,0.07292,7.1294e+0,0.0000e+0,0.0000e+0
0.00521,0.07292,7.1258e+0,0.0000e+0,0.0000e+0
0.00729,0.07292,7.1232e+0,0.0000e+0,0.0000e+0
0.00937,0.07292,7.1242e+0,0.0000e+0,0.0000e+0
0.01146,0.07292,7.1316e+0,0.0000e+0,8.6101e+11
0.01354,0.07292,7.0880e+0,0.0000e+0,9.2406e+11
0.01563,0.07292,6.9956e+0,6.2159e+10,0.0000e+0
0.01771,0.07292,6.9283e+0,1.1000e+11,3.8803e+11
0.01979,0.07292,6.8569e+0,0.0000e+0,3.2591e+11
0.02187,0.07292,6.7736e+0,0.0000e+0,1.4425e+11
0.02396,0.07292,6.6851e+0,0.0000e+0,4.2482e+10
0.02604,0.07292,6.6006e+0,0.0000e+0,0.0000e+0
0.02813,0.07292,6.5333e+0,0.0000e+0,2.8688e+11
0.03021,0.07292,6.4636e+0,0.0000e+0,6.7576e+10
0.03229,0.07292,6.4034e+0,0.0000e+0,1.5363e+11
0.03438,0.07292,6.3427e+0,0.0000e+0,6.9903e+11
0.03646,0.07292,6.2420e+0,1.3907e+11,5.3846e+11
0.03854,0.07292,6.1254e+0,1.7201e+11,2.9559e+11
0.04063,0.07292,6.0045e+0,0.0000e+0,9.8947e+9
0.04271,0.07292,5.8936e+0,0.0000e+0,4.7696e+10
0.04479,0.07292,5.7945e+0,0.0000e+0,8.2083e+11
0.04688,0.07292,5.6579e+0,2.4823e+11,8.8758e+11
0.04896,0.07292,5.4999e+0,2.1218e+11,1.0896e+12
0.05104,0.07292,5.3005e+0,3.0859e+11,2.5403e+11
0.05312,0.07292,5.1259e+0,0.0000e+0,1.1642e+10
0.05521,0.07292,4.9615e+0,0.0000e+0,4.6107e+11
0.05729,0.07292,4.7737e+0,0.0000e+0,6.3687e+10
0.05937,0.07292,4.5940e+0,0.0000e+0,3.6300e+11
0.06146,0.07292,4.4039e+0,0.0000e+0,1.5968e+11
0.06354,0.07292,4.2181e+0,0.0000e+0,1.7724e+11
0.06563,0.07292,4.0390e+0,1.1811e+11,9.3707e+11
0.06771,0.07292,3.8251e+0,6.2420e+10,3.3404e+11
0.06979,0.07292,3.6095e+0,0.0000e+0,2.9280e+10
0.07187,0.07292,3.4003e+0,8.7376e+10,9.9338e+9
0.07396,0.07292,3.2005e+0,1.5791e+11,3.9624e+10
0.07604,0.07292,3.0095e+0,1.3388e+11,2.8231e+11
0.07813,0.07292,2.8092e+0,3.4370e+9,1.3210e+11
0.08021,0.07292,2.5931e+0,2.2964e+10,1.1899e+11
0.08229,0.07292,2.3657e+0,6.1301e+9,1.9582e+11
0.08438,0.07292,2.1241e+0,2.2487e+10,4.7744e+11
0.08646,0.07292,1.8559e+0,6.8897e+9,4.0477e+11
0.08854,0.07292,1.5610e+0,0.0000e+0,6.9374e+10
0.09062,0.07292,1.2626e+0,0.0000e+0,1.8271e+9
0.09271,0.07292,9.6992e-1,0.0000e+0,0.0000e+0
0.09479,0.07292,6.8436e-1,0.0000e+0,0.0000e+0
0.09688,0.07292,4.0562e-1,0.0000e+0,0.0000e+0
0.09896,0.07292,1.3326e-1,0.0000e+0,0.0000e+0
0.00104,0.07708,7.3526e+0,0.0000e+0,0.0000e+0
0.00313,0.07708,7.3532e+0,0.0000e+0,0.0000e+0
0.00521,0.07708,7.3554e+0,0.0000e+0,0.0000e+0
0.00729,0.07708,7.3616e+0,0.0000e+0,0.0000e+0
0.00937,0.07708,7.3741e+0,0.0000e+0,0.0000e+0
0.01146,0.07708,7.3966e+0,0.0000e+0,1.0387e+12
0.01354,0.07708,7.3586e+0,0.0000e+0,6.5593e+11
0.01563,0.07708,7.2919e+0,0.0000e+0,3.2245e+11
0.01771,0.07708,7.2261e+0,0.0000e+0,5.4497e+11
0.01979,0.07708,7.1531e+0,0.0000e+0,5.6870e+11
0.02187,0.07708,7.0791e+0,0.0000e+0,1.2773e+12
0.02396,0.07708,6.9585e+0,0.0000e+0,7.2795e+11
0.02604,0.07708,6.8323e+0,0.0000e+0,0.0000e+0
0.02813,0.07708,6.7459e+0,0.0000e+0,3.4860e+11
0.03021,0.07708,6.6708e+0,0.0000e+0,8.2114e+10
0.03229,0.07708,6.6226e+0,0.0000e+0,7.0491e+11
0.03438,0.07708,6.5602e+0,0.0000e+0,1.3699e+12
0.03646,0.07708,6.4373e+0,0.0000e+0,4.5330e+11
0.03854,0.07708,6.3146e+0,0.0000e+0,8.7210e+11
0.04063,0.07708,6.1599e+0,0.0000e+0,9.5732e+10
0.04271,0.07708,6.0197e+0,1.4249e+11,0.0000e+0
0.04479,0.07708,5.8989e+0,3.2151e+11,4.9525e+11
0.04688,0.07708,5.7701e+0,2.4238e+10,3.1578e+11
0.04896,0.07708,5.6290e+0,1.7485e+10,5.0578e+11
0.05104,0.07708,5.4634e+0,0.0000e+0,2.9338e+11
0.05312,0.07708,5.2961e+0,0.0000e+0,3.7177e+11
0.05521,0.07708,5.1213e+0,1.7366e+10,5.6105e+11
0.05729,0.07708,4.9214e+0,2.5647e+10,2.3132e+11
0.05937,0.07708,4.7195e+0,1.8554e+11,2.6770e+11
0.06146,0.07708,4.5188e+0,1.8644e+11,2.8391e+11
0.06354,0.07708,4.3175e+0,1.8895e+9,3.3574e+10
0.06563,0.07708,4.1122e+0,0.0000e+0,1.5037e+11
0.06771,0.07708,3.8966e+0,0.0000e+0,2.2048e+9
0.06979,0.07708,3.6834e+0,2.8114e+10,0.0000e+0
0.07187,0.07708,3.4770e+0,1.4643e+11,1.5029e+11
0.07396,0.07708,3.2759e+0,6.8865e+10,3.2880e+11
0.07604,0.07708,3.0670e+0,3.3369e+11,2.8211e+11
0.07813,0.07708,2.8675e+0,5.2305e+10,1.9493e+11
0.08021,0.07708,2.6644e+0,0.0000e+0,6.5883e+11
0.08229,0.07708,2.4243e+0,0.0000e+0,3.7609e+11
0.08438,0.07708,2.1672e+0,1.7952e+11,3.4481e+11
0.08646,0.07708,1.9049e+0,5.5000e+10,5.2964e+11
0.08854,0.07708,1.6212e+0,0.0000e+0,6.6110e+11
0.09062,0.07708,1.3065e+0,1.1296e+11,2.2489e+11
0.09271,0.07708,9.9742e-1,3.7717e+10,0.0000e+0
0.09479,0.07708,7.0224e-1,0.0000e+0,0.0000e+0
0.09688,0.07708,4.1574e-1,0.0000e+0,0.0000e+0
0.09896,0.07708,1.3652e-1,0.0000e+0,0.0000e+0
0.00104,0.08125,7.5678e+0,0.0000e+0,0.0000e+0
0.00313,0.08125,7.5658e+0,0.0000e+0,0.0000e+0
0.00521,0.08125,7.5633e+0,0.0000e+0,0.0000e+0
0.00729,0.08125,7.5632e+0,0.0000e+0,0.0000e+0
0.00937,0.08125,7.5689e+0,0.0000e+0,0.0000e+0
0.01146,0.08125,7.5833e+0,0.0000e+0,5.6134e+11
0.01354,0.08125,7.5699e+0,0.0000e+0,8.3072e+11
0.01563,0.08125,7.5195e+0,0.0000e+0,1.0808e+12
0.01771,0.08125,7.4139e+0,0.0000e+0,1.5014e+11
0.01979,0.08125,7.3062e+0,0.0000e+0,4.0499e+10
0.02187,0.08125,7.2063e+0,0.0000e+0,6.7897e+11
0.02396,0.08125,7.0690e+0,0.0000e+0,1.1590e+11
0.02604,0.08125,6.9386e+0,1.4131e+11,0.0000e+0
0.02813,0.08125,6.8281e+0,4.8720e+11,0.0000e+0
0.03021,0.08125,6.7619e+0,2.5197e+10,8.2739e+10
0.03229,0.08125,6.6917e+0,0.0000e+0,6.7893e+10
0.03438,0.08125,6.6117e+0,0.0000e+0,1.1671e+11
0.03646,0.08125,6.5171e+0,0.0000e+0,5.4026e+11
0.03854,0.08125,6.3880e+0,1.3462e+10,1.4574e+11
0.04063,0.08125,6.2576e+0,2.7526e+7,0.0000e+0
0.04271,0.08125,6.1361e+0,1.3273e+10,3.5079e+11
0.04479,0.08125,6.0001e+0,2.9950e+10,1.1710e+11
0.04688,0.08125,5.8685e+0,1.7247e+11,3.9983e+11
0.04896,0.08125,5.7302e+0,5.9968e+10,5.6254e+11
0.05104,0.08125,5.5685e+0,0.0000e+0,1.5973e+11
0.05312,0.08125,5.4062e+0,0.0000e+0,2.7037e+11
0.05521,0.08125,5.2394e+0,1.4280e+11,8.0760e+11
0.05729,0.08125,5.0424e+0,2.1090e+11,6.1138e+11
0.05937,0.08125,4.8363e+0,2.6086e+9,1.1863e+11
0.06146,0.08125,4.6362e+0,2.7490e+11,2.1717e+11
0.06354,0.08125,4.4505e+0,8.0964e+10,1.1536e+12
0.06563,0.08125,4.2061e+0,1.6201e+11,2.1049e+10
0.06771,0.08125,3.9841e+0,2.8870e+10,9.5219e+10
0.06979,0.08125,3.7643e+0,2.2309e+10,4.6421e+10
0.07187,0.08125,3.5518e+0,3.5744e+11,7.5225e+11
0.07396,0.08125,3.3253e+0,7.6181e+11,4.3077e+11
0.07604,0.08125,3.1223e+0,9.4577e+10,2.1288e+11
0.07813,0.08125,2.9147e+0,0.0000e+0,1.8635e+11
0.08021,0.08125,2.6993e+0,0.0000e+0,4.5401e+11
0.08229,0.08125,2.4585e+0,3.6422e+10,4.5353e+11
0.08438,0.08125,2.2012e+0,3.8398e+9,5.7870e+11
0.08646,0.08125,1.9168e+0,0.0000e+0,2.2839e+11
0.08854,0.08125,1.6260e+0,0.0000e+0,3.0355e+11
0.09062,0.08125,1.3194e+0,7.1240e+10,2.4604e+11
0.09271,0.08125,1.0094e+0,2.3788e+10,0.0000e+0
0.09479,0.08125,7.1106e-1,0.0000e+0,0.0000e+0
0.09688,0.08125,4.2105e-1,0.0000e+0,0.0000e+0
0.09896,0.08125,1.3827e-1,0.0000e+0,0.0000e+0
0.00104,0.08542,7.8017e+0,0.0000e+0,0.0000e+0
0.00313,0.08542,7.7880e+0,0.0000e+0,0.0000e+0
0.00521,0.08542,7.7632e+0,0.0000e+0,0.0000e+0
0.00729,0.08542,7.7392e+0,0.0000e+0,0.0000e+0
0.00937,0.08542,7.7199e+0,0.0000e+0,0.0000e+0
0.01146,0.08542,7.7046e+0,0.0000e+0,0.0000e+0
0.01354,0.08542,7.6877e+0,0.0000e+0,0.0000e+0
0.01563,0.08542,7.6695e+0,0.0000e+0,7.4545e+11
0.01771,0.08542,7.6132e+0,0.0000e+0,1.7235e+12
0.01979,0.08542,7.4586e+0,0.0000e+0,8.6363e+10
0.02187,0.08542,7.3153e+0,0.0000e+0,2.1887e+11
0.02396,0.08542,7.1617e+0,5.1974e+11,1.7882e+11
0.02604,0.08542,7.0438e+0,2.9445e+11,0.0000e+0
0.02813,0.08542,6.9431e+0,5.4471e+11,0.0000e+0
0.03021,0.08542,6.8815e+0,3.3206e+11,9.0177e+11
0.03229,0.08542,6.7979e+0,0.0000e+0,3.7002e+11
0.03438,0.08542,6.7058e+0,0.0000e+0,5.8214e+11
0.03646,0.08542,6.5907e+0,0.0000e+0,5.6720e+11
0.03854,0.08542,6.4489e+0,5.6634e+11,1.2931e+11
0.04063,0.08542,6.3451e+0,1.1580e+9,3.5859e+11
0.04271,0.08542,6.2314e+0,9.0486e+10,7.1625e+11
0.04479,0.08542,6.0856e+0,2.8692e+10,1.7266e+11
0.04688,0.08542,5.9387e+0,1.7801e+11,5.3231e+9
0.04896,0.08542,5.8012e+0,6.1893e+10,2.2083e+11
0.05104,0.08542,5.6526e+0,0.0000e+0,4.5256e+11
0.05312,0.08542,5.4750e+0,0.0000e+0,1.1956e+11
0.05521,0.08542,5.2921e+0,1.3117e+11,2.0727e+11
0.05729,0.08542,5.1062e+0,1.4987e+11,1.3205e+11
0.05937,0.08542,4.9234e+0,0.0000e+0,1.3200e+11
0.06146,0.08542,4.7298e+0,0.0000e+0,2.4450e+11
0.06354,0.08542,4.5197e+0,0.0000e+0,3.2572e+11
0.06563,0.08542,4.2866e+0,1.2625e+11,8.1735e+10
0.06771,0.08542,4.0645e+0,2.2497e+10,1.9969e+11
0.06979,0.08542,3.8352e+0,2.2787e+10,1.1903e+11
0.07187,0.08542,3.6033e+0,4.1985e+11,1.0044e+11
0.07396,0.08542,3.3952e+0,1.2244e+11,1.8179e+11
0.07604,0.08542,3.1856e+0,3.2692e+9,3.2723e+11
0.07813,0.08542,2.9571e+0,0.0000e+0,2.1590e+11
0.08021,0.08542,2.7172e+0,0.0000e+0,3.7972e+11
0.08229,0.08542,2.4521e+0,2.1786e+11,2.4773e+11
0.08438,0.08542,2.1889e+0,9.3555e+10,3.7268e+11
0.08646,0.08542,1.9108e+0,1.0573e+11,3.2236e+11
0.08854,0.08542,1.6269e+0,1.3039e+10,4.8676e+11
0.09062,0.08542,1.3186e+0,0.0000e+0,1.3414e+11
0.09271,0.08542,1.0109e+0,0.0000e+0,0.0000e+0
0.09479,0.08542,7.1246e-1,0.0000e+0,0.0000e+0
0.09688,0.08542,4.2206e-1,0.0000e+0,0.0000e+0
0.09896,0.08542,1.3863e-1,0.0000e+0,0.0000e+0
0.00104,0.08958,8.1451e+0,0.0000e+0,3.4352e+11
0.00313,0.08958,8.1055e+0,0.0000e+0,8.6818e+11
0.00521,0.08958,7.9979e+0,0.0000e+0,0.0000e+0
0.00729,0.08958,7.9212e+0,0.0000e+0,0.0000e+0
0.00937,0.08958,7.8705e+0,0.0000e+0,0.0000e+0
0.01146,0.08958,7.8433e+0,0.0000e+0,2.6770e+11
0.01354,0.08958,7.8215e+0,0.0000e+0,9.6842e+11
0.01563,0.08958,7.7577e+0,0.0000e+0,6.3444e+10
0.01771,0.08958,7.7139e+0,0.0000e+0,1.3374e+12
0.01979,0.08958,7.6011e+0,0.0000e+0,1.0069e+12
0.02187,0.08958,7.4534e+0,0.0000e+0,5.4732e+11
0.02396,0.08958,7.2988e+0,9.8570e+10,2.6261e+11
0.02604,0.08958,7.1624e+0,4.6411e+10,0.0000e+0
0.02813,0.08958,7.0461e+0,0.0000e+0,0.0000e+0
0.03021,0.08958,6.9468e+0,1.1520e+10,1.8091e+11
0.03229,0.08958,6.8441e+0,3.4929e+10,1.7969e+11
0.03438,0.08958,6.7343e+0,0.0000e+0,0.0000e+0
0.03646,0.08958,6.6221e+0,0.0000e+0,0.0000e+0
0.03854,0.08958,6.5071e+0,0.0000e+0,0.0000e+0
0.04063,0.08958,6.3985e+0,0.0000e+0,2.2164e+11
0.04271,0.08958,6.2810e+0,5.4741e+11,6.3475e+11
0.04479,0.08958,6.1620e+0,9.8542e+10,3.7320e+11
0.04688,0.08958,6.0410e+0,0.0000e+0,5.4644e+11
0.04896,0.08958,5.8982e+0,0.0000e+0,5.1635e+11
0.05104,0.08958,5.7375e+0,0.0000e+0,5.3665e+11
0.05312,0.08958,5.5559e+0,0.0000e+0,2.3271e+11
0.05521,0.08958,5.3700e+0,5.4420e+10,4.6457e+10
0.05729,0.08958,5.1964e+0,6.2180e+10,7.8674e+10
0.05937,0.08958,5.0383e+0,0.0000e+0,8.9118e+11
0.06146,0.08958,4.8398e+0,0.0000e+0,8.8663e+11
0.06354,0.08958,4.6080e+0,0.0000e+0,4.2963e+11
0.06563,0.08958,4.3714e+0,6.1623e+10,2.6181e+11
0.06771,0.08958,4.1427e+0,1.6307e+11,4.2999e+11
0.06979,0.08958,3.9120e+0,1.8008e+11,2.7516e+11
0.07187,0.08958,3.6893e+0,1.2121e+11,2.2712e+11
0.07396,0.08958,3.4714e+0,0.0000e+0,1.5760e+11
0.07604,0.08958,3.2476e+0,0.0000e+0,3.7432e+11
0.07813,0.08958,3.0017e+0,0.0000e+0,2.2421e+11
0.08021,0.08958,2.7430e+0,0.0000e+0,4.0277e+11
0.08229,0.08958,2.4590e+0,3.7110e+10,1.2067e+11
0.08438,0.08958,2.1743e+0,1.8577e+11,2.2096e+11
0.08646,0.08958,1.8899e+0,1.2425e+11,1.8294e+11
0.08854,0.08958,1.6037e+0,1.5324e+10,2.5004e+11
0.09062,0.08958,1.3022e+0,0.0000e+0,4.9936e+10
0.09271,0.08958,1.0020e+0,0.0000e+0,0.0000e+0
0.09479,0.08958,7.0777e-1,0.0000e+0,0.0000e+0
0.09688,0.08958,4.1982e-1,0.0000e+0,0.0000e+0
0.09896,0.08958,1.3798e-1,0.0000e+0,0.0000e+0
0.00104,0.09375,8.6955e+0,0.0000e+0,4.0618e+12
0.00313,0.09375,8.6177e+0,0.0000e+0,7.5136e+12
0.00521,0.09375,8.2567e+0,0.0000e+0,0.0000e+0
0.00729,0.09375,8.0714e+0,0.0000e+0,0.0000e+0
0.00937,0.09375,7.9607e+0,1.3448e+10,0.0000e+0
0.01146,0.09375,7.8944e+0,1.4432e+10,1.0279e+11
0.01354,0.09375,7.8451e+0,0.0000e+0,3.7186e+11
0.01563,0.09375,7.7745e+0,0.0000e+0,0.0000e+0
0.01771,0.09375,7.7073e+0,0.0000e+0,1.7858e+11
0.01979,0.09375,7.6218e+0,0.0000e+0,3.7078e+11
0.02187,0.09375,7.5046e+0,0.0000e+0,8.0214e+10
0.02396,0.09375,7.3769e+0,0.0000e+0,0.0000e+0
0.02604,0.09375,7.2502e+0,0.0000e+0,6.9131e+10
0.02813,0.09375,7.1128e+0,4.8405e+11,3.9545e+9
0.03021,0.09375,7.0044e+0,2.0743e+11,1.6744e+11
0.03229,0.09375,6.9000e+0,4.9507e+11,3.0728e+11
0.03438,0.09375,6.8001e+0,0.0000e+0,1.7852e+11
0.03646,0.09375,6.6903e+0,0.0000e+0,2.8134e+11
0.03854,0.09375,6.5660e+0,3.0806e+11,3.9957e+11
0.04063,0.09375,6.4415e+0,2.2758e+10,1.7198e+11
0.04271,0.09375,6.3138e+0,2.7450e+11,1.9594e+11
0.04479,0.09375,6.1974e+0,2.7614e+9,1.4686e+11
0.04688,0.09375,6.0828e+0,0.0000e+0,6.9754e+11
0.04896,0.09375,5.9304e+0,3.8505e+10,3.2781e+11
0.05104,0.09375,5.7650e+0,2.1349e+11,1.6999e+11
0.05312,0.09375,5.6099e+0,0.0000e+0,6.4580e+11
0.05521,0.09375,5.4216e+0,0.0000e+0,1.9511e+11
0.05729,0.09375,5.2348e+0,1.5665e+11,2.2028e+11
0.05937,0.09375,5.0628e+0,3.1509e+11,1.2591e+12
0.06146,0.09375,4.8346e+0,1.4378e+11,2.3293e+11
0.06354,0.09375,4.6116e+0,0.0000e+0,2.5214e+10
0.06563,0.09375,4.3924e+0,2.9859e+10,2.1806e+11
0.06771,0.09375,4.1681e+0,7.9016e+10,1.0112e+11
0.06979,0.09375,3.9518e+0,9.7061e+9,4.4951e+10
0.07187,0.09375,3.7460e+0,5.4379e+10,2.5807e+11
0.07396,0.09375,3.5466e+0,0.0000e+0,8.7920e+11
0.07604,0.09375,3.3063e+0,0.0000e+0,4.6953e+11
0.07813,0.09375,3.0538e+0,0.0000e+0,7.4401e+11
0.08021,0.09375,2.7712e+0,0.0000e+0,4.4610e+11
0.08229,0.09375,2.4743e+0,1.0626e+11,2.9585e+11
0.08438,0.09375,2.1758e+0,1.3373e+11,1.1891e+11
0.08646,0.09375,1.8850e+0,4.2962e+10,1.2925e+11
0.08854,0.09375,1.5938e+0,0.0000e+0,2.0865e+11
0.09062,0.09375,1.2928e+0,0.0000e+0,2.5653e+10
0.09271,0.09375,9.9548e-1,0.0000e+0,0.0000e+0
0.09479,0.09375,7.0375e-1,0.0000e+0,0.0000e+0
0.09688,0.09375,4.1768e-1,0.0000e+0,0.0000e+0
0.09896,0.09375,1.3732e-1,0.0000e+0,0.0000e+0
0.00104,0.09792,8.5917e+0,0.0000e+0,3.1735e+12
0.00313,0.09792,8.4886e+0,0.0000e+0,3.4247e+12
0.00521,0.09792,8.2493e+0,0.0000e+0,0.0000e+0
0.00729,0.09792,8.0926e+0,0.0000e+0,0.0000e+0
0.00937,0.09792,7.9620e+0,1.0199e+12,0.0000e+0
0.01146,0.09792,7.8944e+0,1.0945e+12,1.8720e+10
0.01354,0.09792,7.8745e+0,0.0000e+0,2.9446e+11
0.01563,0.09792,7.8146e+0,0.0000e+0,0.0000e+0
0.01771,0.09792,7.7538e+0,0.0000e+0,0.0000e+0
0.01979,0.09792,7.6959e+0,0.0000e+0,4.7043e+11
0.02187,0.09792,7.6191e+0,0.0000e+0,1.0016e+12
0.02396,0.09792,7.4954e+0,0.0000e+0,0.0000e+0
0.02604,0.09792,7.4007e+0,0.0000e+0,1.1128e+12
0.02813,0.09792,7.2582e+0,2.4117e+11,5.5170e+11
0.03021,0.09792,7.1197e+0,2.1997e+10,1.1857e+11
0.03229,0.09792,6.9905e+0,0.0000e+0,0.0000e+0
0.03438,0.09792,6.8743e+0,1.3969e+11,3.5518e+11
0.03646,0.09792,6.7554e+0,1.1961e+11,5.5055e+11
0.03854,0.09792,6.6234e+0,2.3102e+11,5.1587e+11
0.04063,0.09792,6.4831e+0,1.7067e+10,1.7521e+11
0.04271,0.09792,6.3445e+0,1.0530e+11,2.0293e+11
0.04479,0.09792,6.2076e+0,1.5736e+11,9.6601e+10
0.04688,0.09792,6.0803e+0,0.0000e+0,8.3567e+9
0.04896,0.09792,5.9520e+0,2.8958e+10,5.4500e+11
0.05104,0.09792,5.7956e+0,1.9366e+11,5.6713e+11
0.05312,0.09792,5.6210e+0,1.2976e+11,3.4516e+11
0.05521,0.09792,5.4344e+0,0.0000e+0,2.8840e+11
0.05729,0.09792,5.2281e+0,2.3230e+11,0.0000e+0
0.05937,0.09792,5.0338e+0,8.9833e+10,2.6937e+11
0.06146,0.09792,4.8161e+0,4.2935e+11,1.4818e+11
0.06354,0.09792,4.6207e+0,0.0000e+0,3.7339e+11
0.06563,0.09792,4.4059e+0,0.0000e+0,2.6829e+11
0.06771,0.09792,4.1830e+0,0.0000e+0,8.0109e+10
0.06979,0.09792,3.9624e+0,3.7693e+10,6.6138e+10
0.07187,0.09792,3.7415e+0,2.1118e+11,5.2534e+10
0.07396,0.09792,3.5334e+0,0.0000e+0,4.7370e+11
0.07604,0.09792,3.2937e+0,0.0000e+0,5.1228e+11
0.07813,0.09792,3.0212e+0,0.0000e+0,6.1710e+9
0.08021,0.09792,2.7465e+0,0.0000e+0,3.9746e+10
0.08229,0.09792,2.4661e+0,2.9092e+10,1.3250e+11
0.08438,0.09792,2.1768e+0,1.1006e+11,1.7385e+11
0.08646,0.09792,1.8842e+0,1.7431e+11,2.3795e+11
0.08854,0.09792,1.5859e+0,0.0000e+0,0.0000e+0
0.09062,0.09792,1.2881e+0,0.0000e+0,0.0000e+0
0.09271,0.09792,9.9312e-1,0.0000e+0,0.0000e+0
0.09479,0.09792,7.0253e-1,0.0000e+0,0.0000e+0
0.09688,0.09792,4.1708e-1,0.0000e+0,0.0000e+0
0.09896,0.09792,1.3714e-1,0.0000e+0,0.0000e+0
0.00104,0.10208,8.3160e+0,0.0000e+0,0.0000e+0
0.00313,0.10208,8.2839e+0,0.0000e+0,0.0000e+0
0.00521,0.10208,8.2280e+0,0.0000e+0,0.0000e+0
0.00729,0.10208,8.1739e+0,0.0000e+0,0.0000e+0
0.00937,0.10208,8.1371e+0,0.0000e+0,1.2672e+12
0.01146,0.10208,8.0504e+0,0.0000e+0,2.0331e+11
0.01354,0.10208,7.9966e+0,0.0000e+0,1.2749e+12
0.01563,0.10208,7.8913e+0,0.0000e+0,0.0000e+0
0.01771,0.10208,7.8160e+0,8.0440e+10,6.4163e+11
0.01979,0.10208,7.7257e+0,5.6418e+11,5.2751e+11
0.02187,0.10208,7.6448e+0,0.0000e+0,4.6919e+11
0.02396,0.10208,7.5362e+0,0.0000e+0,0.0000e+0
0.02604,0.10208,7.4307e+0,0.0000e+0,0.0000e+0
0.02813,0.10208,7.3259e+0,0.0000e+0,3.6724e+11
0.03021,0.10208,7.2032e+0,0.0000e+0,4.3610e+11
0.03229,0.10208,7.0606e+0,8.4972e+9,1.1433e+11
0.03438,0.10208,6.9131e+0,2.3087e+11,9.2220e+10
0.03646,0.10208,6.7775e+0,1.7274e+11,2.0200e+11
0.03854,0.10208,6.6436e+0,0.0000e+0,1.8203e+11
0.04063,0.10208,6.5002e+0,0.0000e+0,0.0000e+0
0.04271,0.10208,6.3613e+0,3.5429e+11,4.2267e+11
0.04479,0.10208,6.2228e+0,5.5854e+11,4.0719e+11
0.04688,0.10208,6.1016e+0,6.0638e+10,5.7844e+11
0.04896,0.10208,5.9484e+0,1.7281e+11,1.0742e+11
0.05104,0.10208,5.8029e+0,2.8340e+11,5.2989e+11
0.05312,0.10208,5.6393e+0,2.3274e+11,4.7298e+11
0.05521,0.10208,5.4655e+0,6.8176e+10,5.8372e+11
0.05729,0.10208,5.2679e+0,0.0000e+0,3.4637e+11
0.05937,0.10208,5.0589e+0,1.9422e+10,2.7050e+11
0.06146,0.10208,4.8369e+0,1.1190e+11,9.3946e+10
0.06354,0.10208,4.6171e+0,3.9577e+10,3.4404e+10
0.06563,0.10208,4.3953e+0,2.2247e+11,4.8710e+9
0.06771,0.10208,4.1911e+0,0.0000e+0,1.0880e+11
0.06979,0.10208,3.9857e+0,0.0000e+0,4.3413e+11
0.07187,0.10208,3.7626e+0,0.0000e+0,4.4611e+11
0.07396,0.10208,3.5231e+0,0.0000e+0,1.7242e+11
0.07604,0.10208,3.2796e+0,3.9252e+10,2.8015e+11
0.07813,0.10208,3.0244e+0,2.0839e+10,2.2005e+11
0.08021,0.10208,2.7613e+0,0.0000e+0,1.7387e+11
0.08229,0.10208,2.4898e+0,4.5080e+10,3.7733e+11
0.08438,0.10208,2.2004e+0,1.1735e+11,2.1811e+11
0.08646,0.10208,1.9122e+0,0.0000e+0,3.8349e+11
0.08854,0.10208,1.6039e+0,0.0000e+0,9.0867e+9
0.09062,0.10208,1.2992e+0,0.0000e+0,0.0000e+0
0.09271,0.10208,9.9962e-1,0.0000e+0,0.0000e+0
0.09479,0.10208,7.0602e-1,0.0000e+0,0.0000e+0
0.09688,0.10208,4.1874e-1,0.0000e+0,0.0000e+0
0.09896,0.10208,1.3762e-1,0.0000e+0,0.0000e+0
0.00104,0.10625,8.2967e+0,0.0000e+0,0.0000e+0
0.00313,0.10625,8.2924e+0,0.0000e+0,0.0000e+0
0.00521,0.10625,8.2872e+0,0.0000e+0,7.6510e+11
0.00729,0.10625,8.2381e+0,0.0000e+0,5.9613e+11
0.00937,0.10625,8.1690e+0,0.0000e+0,8.6960e+11
0.01146,0.10625,8.0630e+0,0.0000e+0,8.3899e+10
0.01354,0.10625,7.9738e+0,0.0000e+0,0.0000e+0
0.01563,0.10625,7.8954e+0,0.0000e+0,0.0000e+0
0.01771,0.10625,7.8344e+0,6.2640e+10,7.9842e+11
0.01979,0.10625,7.7487e+0,4.3933e+11,6.1969e+11
0.02187,0.10625,7.6706e+0,0.0000e+0,1.3770e+11
0.02396,0.10625,7.6014e+0,0.0000e+0,9.6277e+11
0.02604,0.10625,7.4923e+0,0.0000e+0,4.3216e+11
0.02813,0.10625,7.3827e+0,0.0000e+0,4.5168e+11
0.03021,0.10625,7.2665e+0,0.0000e+0,2.3542e+11
0.03229,0.10625,7.1552e+0,3.6627e+11,1.8365e+12
0.03438,0.10625,6.9653e+0,9.1699e+11,3.6968e+11
0.03646,0.10625,6.8235e+0,0.0000e+0,2.2485e+11
0.03854,0.10625,6.6744e+0,0.0000e+0,0.0000e+0
0.04063,0.10625,6.5287e+0,0.0000e+0,0.0000e+0
0.04271,0.10625,6.3826e+0,3.3190e+11,1.0927e+11
0.04479,0.10625,6.2451e+0,1.4260e+11,5.1126e+10
0.04688,0.10625,6.1086e+0,1.5347e+11,1.6042e+11
0.04896,0.10625,5.9654e+0,2.1544e+11,1.1971e+11
0.05104,0.10625,5.8267e+0,7.8352e+10,5.8005e+11
0.05312,0.10625,5.6488e+0,8.2506e+10,2.1616e+11
0.05521,0.10625,5.4566e+0,4.3517e+11,2.1363e+11
0.05729,0.10625,5.2741e+0,1.2734e+11,1.5532e+11
0.05937,0.10625,5.0872e+0,0.0000e+0,2.4011e+11
0.06146,0.10625,4.8833e+0,0.0000e+0,4.4571e+11
0.06354,0.10625,4.6541e+0,1.5448e+11,4.2132e+11
0.06563,0.10625,4.4091e+0,7.6045e+11,3.4717e+11
0.06771,0.10625,4.1947e+0,1.1457e+11,2.1989e+11
0.06979,0.10625,3.9690e+0,1.3322e+11,1.2781e+11
0.07187,0.10625,3.7362e+0,1.4790e+11,7.7158e+10
0.07396,0.10625,3.5016e+0,1.6257e+11,1.4738e+11
0.07604,0.10625,3.2610e+0,1.5131e+11,8.5162e+10
0.07813,0.10625,3.0235e+0,8.0333e+10,1.7539e+11
0.08021,0.10625,2.7828e+0,0.0000e+0,6.3667e+11
0.08229,0.10625,2.5094e+0,0.0000e+0,5.0620e+11
0.08438,0.10625,2.2152e+0,0.0000e+0,8.8238e+10
0.08646,0.10625,1.9284e+0,0.0000e+0,2.5761e+11
0.08854,0.10625,1.6340e+0,0.0000e+0,4.6388e+11
0.09062,0.10625,1.3175e+0,0.0000e+0,4.6132e+10
0.09271,0.10625,1.0088e+0,0.0000e+0,0.0000e+0
0.09479,0.10625,7.0980e-1,0.0000e+0,0.0000e+0
0.09688,0.10625,4.2017e-1,0.0000e+0,0.0000e+0
0.09896,0.10625,1.3798e-1,0.0000e+0,0.0000e+0
0.00104,0.11042,8.3127e+0,0.0000e+0,0.0000e+0
0.00313,0.11042,8.3155e+0,0.0000e+0,0.0000e+0
0.00521,0.11042,8.3246e+0,0.0000e+0,1.2914e+12
0.00729,0.11042,8.2625e+0,0.0000e+0,1.0062e+12
0.00937,0.11042,8.1533e+0,0.0000e+0,0.0000e+0
0.01146,0.11042,8.0531e+0,0.0000e+0,0.0000e+0
0.01354,0.11042,7.9586e+0,0.0000e+0,0.0000e+0
0.01563,0.11042,7.8673e+0,0.0000e+0,0.0000e+0
0.01771,0.11042,7.7746e+0,2.6305e+11,0.0000e+0
0.01979,0.11042,7.6882e+0,8.4392e+11,5.1829e+10
0.02187,0.11042,7.6453e+0,3.5663e+11,8.9583e+11
0.02396,0.11042,7.5552e+0,1.5718e+11,3.1006e+11
0.02604,0.11042,7.4544e+0,0.0000e+0,6.4949e+10
0.02813,0.11042,7.3572e+0,0.0000e+0,0.0000e+0
0.03021,0.11042,7.2686e+0,0.0000e+0,4.5879e+11
0.03229,0.11042,7.1593e+0,1.6690e+9,5.7574e+11
0.03438,0.11042,7.0226e+0,3.2152e+9,6.7571e+11
0.03646,0.11042,6.8618e+0,8.0734e+10,0.0000e+0
0.03854,0.11042,6.7231e+0,1.3989e+11,2.5306e+11
0.04063,0.11042,6.5890e+0,0.0000e+0,2.0581e+11
0.04271,0.11042,6.4450e+0,3.5236e+11,1.3158e+11
0.04479,0.11042,6.3263e+0,7.7342e+10,9.0722e+11
0.04688,0.11042,6.1615e+0,4.6930e+11,2.6098e+11
0.04896,0.11042,6.0280e+0,3.1438e+10,4.6474e+11
0.05104,0.11042,5.8730e+0,0.0000e+0,4.2050e+11
0.05312,0.11042,5.6997e+0,0.0000e+0,4.1148e+11
0.05521,0.11042,5.5136e+0,4.4192e+10,3.3345e+11
0.05729,0.11042,5.3221e+0,2.8121e+10,1.1603e+11
0.05937,0.11042,5.1358e+0,3.1397e+10,6.3425e+11
0.06146,0.11042,4.9203e+0,6.9211e+10,4.3163e+11
0.06354,0.11042,4.6937e+0,2.5201e+10,1.7045e+11
0.06563,0.11042,4.4676e+0,4.8815e+10,2.4622e+11
0.06771,0.11042,4.2389e+0,2.0916e+10,1.8489e+11
0.06979,0.11042,4.0045e+0,3.1337e+11,2.9867e+11
0.07187,0.11042,3.7776e+0,2.5976e+11,6.8612e+11
0.07396,0.11042,3.5284e+0,1.9991e+11,3.4154e+11
0.07604,0.11042,3.2789e+0,0.0000e+0,7.6454e+10
0.07813,0.11042,3.0326e+0,0.0000e+0,4.4750e+11
0.08021,0.11042,2.7622e+0,0.0000e+0,2.0444e+11
0.08229,0.11042,2.4817e+0,0.0000e+0,3.3323e+10
0.08438,0.11042,2.2010e+0,0.0000e+0,4.3006e+10
0.08646,0.11042,1.9228e+0,0.0000e+0,2.3347e+11
0.08854,0.11042,1.6349e+0,0.0000e+0,4.8971e+11
0.09062,0.11042,1.3191e+0,0.0000e+0,7.5807e+10
0.09271,0.11042,1.0068e+0,0.0000e+0,0.0000e+0
0.09479,0.11042,7.0178e-1,2.0812e+11,0.0000e+0
0.09688,0.11042,4.1648e-1,1.5651e+10,0.0000e+0
0.09896,0.11042,1.3697e-1,0.0000e+0,0.0000e+0
0.00104,0.11458,8.3039e+0,0.0000e+0,0.0000e+0
0.00313,0.11458,8.2980e+0,0.0000e+0,0.0000e+0
0.00521,0.11458,8.2843e+0,0.0000e+0,0.0000e+0
0.00729,0.11458,8.2571e+0,0.0000e+0,3.6431e+11
0.00937,0.11458,8.1952e+0,0.0000e+0,5.8946e+11
0.01146,0.11458,8.0905e+0,0.0000e+0,0.0000e+0
0.01354,0.11458,7.9881e+0,0.0000e+0,0.0000e+0
0.01563,0.11458,7.8941e+0,0.0000e+0,0.0000e+0
0.01771,0.11458,7.8093e+0,1.2735e+10,0.0000e+0
0.01979,0.11458,7.7351e+0,4.0857e+10,6.0534e+11
0.02187,0.11458,7.6369e+0,3.3384e+11,6.4555e+11
0.02396,0.11458,7.5306e+0,1.4714e+11,4.4916e+11
0.02604,0.11458,7.4142e+0,3.2185e+11,0.0000e+0
0.02813,0.11458,7.3246e+0,5.8045e+10,0.0000e+0
0.03021,0.11458,7.2361e+0,0.0000e+0,2.6037e+11
0.03229,0.11458,7.1241e+0,0.0000e+0,3.0265e+10
0.03438,0.11458,7.0001e+0,1.6108e+11,2.8392e+10
0.03646,0.11458,6.8703e+0,5.7030e+11,0.0000e+0
0.03854,0.11458,6.7632e+0,2.3597e+11,2.1149e+11
0.04063,0.11458,6.6526e+0,0.0000e+0,5.0088e+11
0.04271,0.11458,6.5098e+0,0.0000e+0,2.1882e+11
0.04479,0.11458,6.3595e+0,1.2490e+11,3.1648e+11
0.04688,0.11458,6.2008e+0,3.7650e+11,2.6296e+11
0.04896,0.11458,6.0600e+0,4.3500e+9,5.5773e+11
0.05104,0.11458,5.8871e+0,0.0000e+0,2.6227e+11
0.05312,0.11458,5.7005e+0,3.3239e+11,2.0337e+11
0.05521,0.11458,5.5248e+0,1.7264e+11,3.5451e+11
0.05729,0.11458,5.3462e+0,0.0000e+0,5.2952e+11
0.05937,0.11458,5.1377e+0,1.6876e+11,2.3714e+11
0.06146,0.11458,4.9246e+0,4.1297e+11,4.0885e+11
0.06354,0.11458,4.7161e+0,1.6483e+11,2.3993e+11
0.06563,0.11458,4.5004e+0,0.0000e+0,6.1585e+10
0.06771,0.11458,4.2822e+0,3.8823e+10,4.2115e+11
0.06979,0.11458,4.0452e+0,2.3499e+11,5.8464e+11
0.07187,0.11458,3.7939e+0,6.7660e+10,2.4913e+11
0.07396,0.11458,3.5413e+0,0.0000e+0,1.8565e+11
0.07604,0.11458,3.2867e+0,0.0000e+0,2.5652e+11
0.07813,0.11458,3.0256e+0,0.0000e+0,3.9850e+11
0.08021,0.11458,2.7459e+0,0.0000e+0,4.3524e+10
0.08229,0.11458,2.4727e+0,0.0000e+0,2.5427e+11
0.08438,0.11458,2.1911e+0,0.0000e+0,1.4713e+11
0.08646,0.11458,1.9098e+0,0.0000e+0,2.5247e+11
0.08854,0.11458,1.6216e+0,0.0000e+0,4.6993e+11
0.09062,0.11458,1.3124e+0,0.0000e+0,1.9165e+11
0.09271,0.11458,1.0031e+0,0.0000e+0,0.0000e+0
0.09479,0.11458,7.0454e-1,1.1271e+10,0.0000e+0
0.09688,0.11458,4.1707e-1,8.4761e+8,0.0000e+0
0.09896,0.11458,1.3698e-1,0.0000e+0,0.0000e+0
0.00104,0.11875,8.3419e+0,0.0000e+0,0.0000e+0
0.00313,0.11875,8.3385e+0,0.0000e+0,0.0000e+0
0.00521,0.11875,8.3307e+0,0.0000e+0,0.0000e+0
0.00729,0.11875,8.3263e+0,0.0000e+0,6.3277e+11
0.00937,0.11875,8.2971e+0,0.0000e+0,1.5628e+12
0.01146,0.11875,8.1946e+0,0.0000e+0,1.3920e+12
0.01354,0.11875,8.0444e+0,0.0000e+0,0.0000e+0
0.01563,0.11875,7.9317e+0,0.0000e+0,0.0000e+0
0.01771,0.11875,7.8431e+0,0.0000e+0,5.2059e+11
0.01979,0.11875,7.7370e+0,0.0000e+0,3.6787e+11
0.02187,0.11875,7.6180e+0,1.8067e+11,9.4769e+10
0.02396,0.11875,7.5071e+0,4.8584e+11,2.4278e+11
0.02604,0.11875,7.4036e+0,3.9792e+11,0.0000e+0
0.02813,0.11875,7.3250e+0,7.1766e+10,0.0000e+0
0.03021,0.11875,7.2439e+0,0.0000e+0,0.0000e+0
0.03229,0.11875,7.1581e+0,0.0000e+0,0.0000e+0
0.03438,0.11875,7.0717e+0,7.7692e+9,9.0264e+10
0.03646,0.11875,6.9839e+0,2.0938e+10,8.4292e+11
0.03854,0.11875,6.8464e+0,0.0000e+0,7.9131e+10
0.04063,0.11875,6.7143e+0,0.0000e+0,3.6539e+11
0.04271,0.11875,6.5640e+0,7.6369e+10,6.6889e+11
0.04479,0.11875,6.3842e+0,4.6840e+11,4.0837e+11
0.04688,0.11875,6.2247e+0,3.6112e+11,5.6305e+11
0.04896,0.11875,6.0726e+0,1.4838e+11,5.8129e+11
0.05104,0.11875,5.9030e+0,0.0000e+0,3.9128e+11
0.05312,0.11875,5.7224e+0,1.6875e+11,5.5475e+11
0.05521,0.11875,5.5306e+0,3.4513e+11,3.8675e+11
0.05729,0.11875,5.3515e+0,1.2752e+11,4.6974e+11
0.05937,0.11875,5.1588e+0,1.4720e+11,4.2780e+11
0.06146,0.11875,4.9566e+0,1.0001e+11,1.2840e+11
0.06354,0.11875,4.7595e+0,6.3754e+10,3.7539e+11
0.06563,0.11875,4.5515e+0,0.0000e+0,5.5455e+11
0.06771,0.11875,4.3163e+0,0.0000e+0,3.8300e+11
0.06979,0.11875,4.0610e+0,0.0000e+0,2.6517e+11
0.07187,0.11875,3.7871e+0,2.8822e+11,1.9987e+9
0.07396,0.11875,3.5319e+0,1.4109e+10,6.7146e+10
0.07604,0.11875,3.2702e+0,2.8192e+11,4.1937e+11
0.07813,0.11875,2.9970e+0,8.7349e+10,1.6113e+11
0.08021,0.11875,2.7184e+0,1.5217e+11,3.3250e+10
0.08229,0.11875,2.4459e+0,4.5934e+10,1.7393e+11
0.08438,0.11875,2.1616e+0,2.0283e+11,2.0601e+11
0.08646,0.11875,1.8723e+0,3.8130e+10,1.3028e+11
0.08854,0.11875,1.5728e+0,1.1223e+11,1.4957e+10
0.09062,0.11875,1.2745e+0,1.0690e+11,0.0000e+0
0.09271,0.11875,9.8364e-1,0.0000e+0,0.0000e+0
0.09479,0.11875,6.9569e-1,0.0000e+0,0.0000e+0
0.09688,0.11875,4.1288e-1,0.0000e+0,0.0000e+0
0.09896,0.11875,1.3573e-1,0.0000e+0,0.0000e+0
0.00104,0.12292,8.4108e+0,0.0000e+0,0.0000e+0
0.00313,0.12292,8.4106e+0,0.0000e+0,5.4374e+11
0.00521,0.12292,8.3725e+0,0.0000e+0,3.8280e+11
0.00729,0.12292,8.3169e+0,0.0000e+0,1.6141e+11
0.00937,0.12292,8.2598e+0,0.0000e+0,8.6958e+11
0.01146,0.12292,8.1445e+0,0.0000e+0,9.2248e+10
0.01354,0.12292,8.0310e+0,0.0000e+0,0.0000e+0
0.01563,0.12292,7.9268e+0,0.0000e+0,0.0000e+0
0.01771,0.12292,7.8285e+0,0.0000e+0,1.8760e+11
0.01979,0.12292,7.7222e+0,3.1411e+11,1.3189e+11
0.02187,0.12292,7.6351e+0,4.4378e+11,2.7154e+11
0.02396,0.12292,7.5592e+0,2.1197e+11,6.2641e+11
0.02604,0.12292,7.4611e+0,0.0000e+0,0.0000e+0
0.02813,0.12292,7.3738e+0,0.0000e+0,0.0000e+0
0.03021,0.12292,7.2933e+0,0.0000e+0,0.0000e+0
0.03229,0.12292,7.2166e+0,0.0000e+0,8.6689e+10
0.03438,0.12292,7.1435e+0,0.0000e+0,3.3816e+11
0.03646,0.12292,7.0626e+0,0.0000e+0,1.3193e+12
0.03854,0.12292,6.9122e+0,0.0000e+0,4.0935e+11
0.04063,0.12292,6.7630e+0,0.0000e+0,7.3748e+11
0.04271,0.12292,6.5858e+0,2.4298e+11,9.9920e+11
0.04479,0.12292,6.3716e+0,7.4137e+11,2.6050e+11
0.04688,0.12292,6.2011e+0,1.3112e+11,4.0997e+10
0.04896,0.12292,6.0436e+0,1.2197e+11,4.5370e+11
0.05104,0.12292,5.8687e+0,2.1225e+11,3.6058e+11
0.05312,0.12292,5.6889e+0,1.6084e+10,7.5396e+10
0.05521,0.12292,5.4967e+0,6.0669e+11,4.5565e+10
0.05729,0.12292,5.3346e+0,2.3937e+11,1.4141e+11
0.05937,0.12292,5.1652e+0,0.0000e+0,1.4170e+11
0.06146,0.12292,4.9784e+0,8.6579e+9,1.8707e+11
0.06354,0.12292,4.7758e+0,2.7840e+11,3.2527e+11
0.06563,0.12292,4.5672e+0,0.0000e+0,3.3863e+11
0.06771,0.12292,4.3412e+0,0.0000e+0,3.1093e+11
0.06979,0.12292,4.1013e+0,0.0000e+0,5.4113e+11
0.07187,0.12292,3.8308e+0,1.0999e+11,2.8821e+11
0.07396,0.12292,3.5564e+0,4.3476e+10,1.7693e+11
0.07604,0.12292,3.2804e+0,7.9602e+9,1.0072e+11
0.07813,0.12292,3.0019e+0,1.7439e+11,1.0284e+11
0.08021,0.12292,2.7305e+0,2.9900e+11,3.8353e+11
0.08229,0.12292,2.4561e+0,9.0042e+10,2.5195e+11
0.08438,0.12292,2.1759e+0,1.9717e+10,4.0178e+11
0.08646,0.12292,1.8786e+0,4.3105e+10,2.7453e+11
0.08854,0.12292,1.5751e+0,2.9835e+10,1.4943e+11
0.09062,0.12292,1.2724e+0,1.5088e+10,0.0000e+0
0.09271,0.12292,9.7859e-1,0.0000e+0,0.0000e+0
0.09479,0.12292,6.9133e-1,0.0000e+0,0.0000e+0
0.09688,0.12292,4.1012e-1,0.0000e+0,0.0000e+0
0.09896,0.12292,1.3481e-1,0.0000e+0,0.0000e+0
0.00104,0.12708,8.4773e+0,0.0000e+0,0.0000e+0
0.00313,0.12708,8.5141e+0,0.0000e+0,2.7536e+12
0.00521,0.12708,8.4410e+0,0.0000e+0,1.9386e+12
0.00729,0.12708,8.3268e+0,0.0000e+0,2.4048e+11
0.00937,0.12708,8.2586e+0,0.0000e+0,1.2423e+12
0.01146,0.12708,8.1402e+0,0.0000e+0,0.0000e+0
0.01354,0.12708,8.0478e+0,0.0000e+0,2.1538e+11
0.01563,0.12708,7.9521e+0,0.0000e+0,3.5771e+11
0.01771,0.12708,7.8361e+0,6.4564e+11,1.0463e+11
0.01979,0.12708,7.7595e+0,4.1114e+11,4.1844e+11
0.02187,0.12708,7.6876e+0,2.1061e+11,4.4152e+11
0.02396,0.12708,7.6087e+0,0.0000e+0,5.9202e+11
0.02604,0.12708,7.5050e+0,0.0000e+0,0.0000e+0
0.02813,0.12708,7.4199e+0,0.0000e+0,6.5164e+10
0.03021,0.12708,7.3487e+0,0.0000e+0,6.3663e+11
0.03229,0.12708,7.2532e+0,0.0000e+0,2.5317e+11
0.03438,0.12708,7.1593e+0,0.0000e+0,6.6951e+11
0.03646,0.12708,7.0309e+0,0.0000e+0,4.2011e+11
0.03854,0.12708,6.8774e+0,0.0000e+0,1.1072e+10
0.04063,0.12708,6.7253e+0,0.0000e+0,1.2253e+11
0.04271,0.12708,6.5618e+0,0.0000e+0,3.8593e+11
0.04479,0.12708,6.3719e+0,1.1280e+11,1.1619e+11
0.04688,0.12708,6.1852e+0,1.5204e+10,0.0000e+0
0.04896,0.12708,6.0048e+0,2.5879e+11,2.8073e+10
0.05104,0.12708,5.8458e+0,3.5675e+11,7.4858e+10
0.05312,0.12708,5.7106e+0,1.6977e+10,5.3365e+11
0.05521,0.12708,5.5526e+0,8.3698e+10,3.8484e+11
0.05729,0.12708,5.3984e+0,4.7379e+10,7.1318e+11
0.05937,0.12708,5.2214e+0,8.0295e+9,5.2308e+11
0.06146,0.12708,5.0311e+0,5.6744e+10,6.7769e+11
0.06354,0.12708,4.8185e+0,0.0000e+0,6.1184e+11
0.06563,0.12708,4.5838e+0,2.5005e+10,2.3007e+11
0.06771,0.12708,4.3523e+0,3.2747e+10,1.6961e+11
0.06979,0.12708,4.1243e+0,3.7447e+10,7.7189e+11
0.07187,0.12708,3.8571e+0,1.1767e+11,5.6755e+11
0.07396,0.12708,3.5745e+0,1.8863e+11,2.7430e+11
0.07604,0.12708,3.2993e+0,2.9216e+11,3.6940e+11
0.07813,0.12708,3.0302e+0,0.0000e+0,3.1264e+11
0.08021,0.12708,2.7533e+0,0.0000e+0,3.2978e+11
0.08229,0.12708,2.4691e+0,0.0000e+0,4.3117e+11
0.08438,0.12708,2.1667e+0,1.0915e+11,1.9929e+11
0.08646,0.12708,1.8647e+0,2.0875e+11,2.3643e+11
0.08854,0.12708,1.5640e+0,5.3470e+10,8.9114e+10
0.09062,0.12708,1.2659e+0,0.0000e+0,0.0000e+0
0.09271,0.12708,9.7366e-1,0.0000e+0,0.0000e+0
0.09479,0.12708,6.8763e-1,0.0000e+0,0.0000e+0
0.09688,0.12708,4.0782e-1,0.0000e+0,0.0000e+0
0.09896,0.12708,1.3403e-1,0.0000e+0,0.0000e+0
0.00104,0.13125,8.2510e+0,0.0000e+0,0.0000e+0
0.00313,0.13125,8.2424e+0,0.0000e+0,0.0000e+0
0.00521,0.13125,8.2158e+0,0.0000e+0,0.0000e+0
0.00729,0.13125,8.1805e+0,0.0000e+0,0.0000e+0
0.00937,0.13125,8.1506e+0,0.0000e+0,3.2543e+11
0.01146,0.13125,8.1092e+0,0.0000e+0,2.6196e+11
0.01354,0.13125,8.0680e+0,0.0000e+0,7.5319e+11
0.01563,0.13125,8.0040e+0,0.0000e+0,1.2493e+12
0.01771,0.13125,7.8882e+0,2.5902e+11,3.2304e+11
0.01979,0.13125,7.8043e+0,9.2222e+10,6.6210e+11
0.02187,0.13125,7.7039e+0,0.0000e+0,1.9973e+11
0.02396,0.13125,7.6024e+0,1.9528e+11,2.5090e+11
0.02604,0.13125,7.5051e+0,5.4110e+10,0.0000e+0
0.02813,0.13125,7.4131e+0,0.0000e+0,4.1163e+9
0.03021,0.13125,7.3244e+0,0.0000e+0,8.5957e+10
0.03229,0.13125,7.2284e+0,0.0000e+0,2.0483e+10
0.03438,0.13125,7.1295e+0,0.0000e+0,4.3993e+11
0.03646,0.13125,6.9995e+0,0.0000e+0,5.6531e+10
0.03854,0.13125,6.8670e+0,0.0000e+0,2.3211e+11
0.04063,0.13125,6.7264e+0,0.0000e+0,6.6066e+11
0.04271,0.13125,6.5574e+0,0.0000e+0,3.7991e+11
0.04479,0.13125,6.3852e+0,0.0000e+0,7.5099e+11
0.04688,0.13125,6.1805e+0,3.0313e+10,9.2806e+9
0.04896,0.13125,5.9904e+0,2.3263e+11,4.4958e+9
0.05104,0.13125,5.8292e+0,0.0000e+0,0.0000e+0
0.05312,0.13125,5.6786e+0,0.0000e+0,1.6719e+11
0.05521,0.13125,5.5199e+0,1.7370e+11,1.4463e+11
0.05729,0.13125,5.3670e+0,1.3478e+11,4.4614e+11
0.05937,0.13125,5.1940e+0,3.7332e+10,4.0144e+11
0.06146,0.13125,5.0023e+0,2.9155e+11,8.0977e+11
0.06354,0.13125,4.7870e+0,2.0496e+9,3.7670e+11
0.06563,0.13125,4.5563e+0,2.9589e+11,2.7171e+11
0.06771,0.13125,4.3327e+0,3.6381e+11,4.6971e+11
0.06979,0.13125,4.1029e+0,2.5063e+11,7.8321e+11
0.07187,0.13125,3.8398e+0,7.5938e+10,2.4796e+11
0.07396,0.13125,3.5735e+0,6.4950e+10,3.3413e+11
0.07604,0.13125,3.2991e+0,9.1826e+10,2.2741e+11
0.07813,0.13125,3.0209e+0,0.0000e+0,2.4144e+11
0.08021,0.13125,2.7305e+0,1.1514e+11,9.4719e+10
0.08229,0.13125,2.4488e+0,1.8732e+11,4.0235e+11
0.08438,0.13125,2.1566e+0,6.2473e+10,1.7846e+11
0.08646,0.13125,1.8627e+0,3.3322e+10,1.8894e+11
0.08854,0.13125,1.5623e+0,0.0000e+0,8.2580e+10
0.09062,0.13125,1.2631e+0,0.0000e+0,2.4107e+10
0.09271,0.13125,9.6984e-1,0.0000e+0,0.0000e+0
0.09479,0.13125,6.8396e-1,0.0000e+0,0.0000e+0
0.09688,0.13125,4.0530e-1,0.0000e+0,0.0000e+0
0.09896,0.13125,1.3315e-1,0.0000e+0,0.0000e+0
0.00104,0.13542,8.0965e+0,0.0000e+0,0.0000e+0
0.00313,0.13542,8.0891e+0,0.0000e+0,0.0000e+0
0.00521,0.13542,8.0735e+0,0.0000e+0,0.0000e+0
0.00729,0.13542,8.0497e+0,1.3879e+11,0.0000e+0
0.00937,0.13542,8.0182e+0,1.5704e+12,8.7869e+11
0.01146,0.13542,8.0252e+0,0.0000e+0,7.0731e+11
0.01354,0.13542,7.9754e+0,0.0000e+0,0.0000e+0
0.01563,0.13542,7.9180e+0,0.0000e+0,0.0000e+0
0.01771,0.13542,7.8500e+0,0.0000e+0,0.0000e+0
0.01979,0.13542,7.7782e+0,0.0000e+0,0.0000e+0
0.02187,0.13542,7.7008e+0,0.0000e+0,2.3118e+11
0.02396,0.13542,7.6033e+0,5.2310e+11,4.8431e+11
0.02604,0.13542,7.5174e+0,1.4494e+11,2.2835e+11
0.02813,0.13542,7.4188e+0,0.0000e+0,0.0000e+0
0.03021,0.13542,7.3278e+0,2.2159e+11,4.5562e+11
0.03229,0.13542,7.2335e+0,4.0387e+9,4.8193e+11
0.03438,0.13542,7.1139e+0,0.0000e+0,1.9688e+11
0.03646,0.13542,6.9903e+0,0.0000e+0,4.5066e+11
0.03854,0.13542,6.8454e+0,0.0000e+0,6.2089e+11
0.04063,0.13542,6.6658e+0,5.3838e+11,6.5258e+11
0.04271,0.13542,6.4797e+0,8.3187e+11,4.1000e+11
0.04479,0.13542,6.3270e+0,1.7594e+11,4.2552e+11
0.04688,0.13542,6.1562e+0,2.5823e+11,6.1649e+11
0.04896,0.13542,5.9663e+0,3.6481e+11,2.6775e+11
0.05104,0.13542,5.7960e+0,3.2887e+11,7.6650e+10
0.05312,0.13542,5.6509e+0,5.9779e+10,1.3054e+11
0.05521,0.13542,5.4979e+0,0.0000e+0,1.2863e+11
0.05729,0.13542,5.3390e+0,0.0000e+0,4.3407e+11
0.05937,0.13542,5.1528e+0,0.0000e+0,4.8979e+11
0.06146,0.13542,4.9347e+0,3.1641e+11,8.9589e+10
0.06354,0.13542,4.7296e+0,4.3837e+10,0.0000e+0
0.06563,0.13542,4.5335e+0,0.0000e+0,2.4393e+11
0.06771,0.13542,4.3273e+0,9.3408e+10,7.1861e+11
0.06979,0.13542,4.0844e+0,4.9785e+10,5.7179e+11
0.07187,0.13542,3.8117e+0,3.2575e+11,1.9227e+11
0.07396,0.13542,3.5537e+0,1.5346e+11,2.1073e+11
0.07604,0.13542,3.2973e+0,0.0000e+0,4.9968e+11
0.07813,0.13542,3.0154e+0,0.0000e+0,4.0550e+11
0.08021,0.13542,2.7176e+0,1.0364e+11,1.9016e+11
0.08229,0.13542,2.4255e+0,1.4372e+11,4.4350e+10
0.08438,0.13542,2.1478e+0,0.0000e+0,2.0752e+11
0.08646,0.13542,1.8666e+0,5.9004e+9,5.9410e+11
0.08854,0.13542,1.5583e+0,2.0565e+10,1.3673e+11
0.09062,0.13542,1.2566e+0,0.0000e+0,4.0775e+10
0.09271,0.13542,9.6233e-1,0.0000e+0,0.0000e+0
0.09479,0.13542,6.7630e-1,3.5739e+10,0.0000e+0
0.09688,0.13542,4.0041e-1,1.8853e+10,0.0000e+0
0.09896,0.13542,1.3157e-1,0.0000e+0,0.0000e+0
0.00104,0.13958,8.0006e+0,0.0000e+0,0.0000e+0
0.00313,0.13958,7.9998e+0,0.0000e+0,0.0000e+0
0.00521,0.13958,7.9951e+0,0.0000e+0,0.0000e+0
0.00729,0.13958,7.9814e+0,5.8748e+10,0.0000e+0
0.00937,0.13958,7.9535e+0,6.6472e+11,0.0000e+0
0.01146,0.13958,7.9633e+0,0.0000e+0,0.0000e+0
0.01354,0.13958,7.9453e+0,0.0000e+0,0.0000e+0
0.01563,0.13958,7.9083e+0,0.0000e+0,0.0000e+0
0.01771,0.13958,7.8596e+0,0.0000e+0,0.0000e+0
0.01979,0.13958,7.8061e+0,0.0000e+0,2.0067e+11
0.02187,0.13958,7.7388e+0,0.0000e+0,3.7262e+11
0.02396,0.13958,7.6486e+0,0.0000e+0,2.1997e+11
0.02604,0.13958,7.5485e+0,0.0000e+0,2.8370e+11
0.02813,0.13958,7.4248e+0,0.0000e+0,0.0000e+0
0.03021,0.13958,7.3034e+0,5.0559e+11,1.6200e+10
0.03229,0.13958,7.2160e+0,9.2152e+9,7.6356e+11
0.03438,0.13958,7.0822e+0,0.0000e+0,1.0090e+11
0.03646,0.13958,6.9553e+0,0.0000e+0,5.9021e+11
0.03854,0.13958,6.8027e+0,0.0000e+0,5.5165e+11
0.04063,0.13958,6.6273e+0,2.7679e+11,4.8879e+11
0.04271,0.13958,6.4511e+0,4.9147e+11,3.0585e+11
0.04479,0.13958,6.2951e+0,1.0797e+11,6.2734e+11
0.04688,0.13958,6.1073e+0,5.0451e+11,2.7592e+11
0.04896,0.13958,5.9322e+0,4.9970e+11,9.9015e+10
0.05104,0.13958,5.7794e+0,5.0360e+11,1.0130e+11
0.05312,0.13958,5.6498e+0,3.0381e+10,5.0394e+11
0.05521,0.13958,5.4825e+0,1.1317e+11,1.4781e+11
0.05729,0.13958,5.3092e+0,3.3413e+11,4.5000e+11
0.05937,0.13958,5.1131e+0,0.0000e+0,4.1884e+10
0.06146,0.13958,4.9032e+0,7.0808e+10,8.8728e+10
0.06354,0.13958,4.6855e+0,5.5348e+11,1.7724e+10
0.06563,0.13958,4.4995e+0,1.7586e+11,4.0951e+11
0.06771,0.13958,4.2948e+0,1.7919e+11,6.8968e+11
0.06979,0.13958,4.0522e+0,3.7089e+10,2.0413e+11
0.07187,0.13958,3.7998e+0,1.0192e+10,2.4574e+11
0.07396,0.13958,3.5389e+0,1.1920e+10,2.2141e+11
0.07604,0.13958,3.2700e+0,0.0000e+0,4.1670e+11
0.07813,0.13958,2.9770e+0,2.0477e+11,1.8896e+11
0.08021,0.13958,2.6887e+0,3.1743e+10,9.7588e+10
0.08229,0.13958,2.4000e+0,3.9920e+10,4.0978e+10
0.08438,0.13958,2.1153e+0,0.0000e+0,7.6465e+10
0.08646,0.13958,1.8238e+0,5.0788e+10,1.5050e+11
0.08854,0.13958,1.5210e+0,3.3999e+11,4.1595e+10
0.09062,0.13958,1.2347e+0,3.0522e+10,2.1061e+10
0.09271,0.13958,9.4810e-1,0.0000e+0,0.0000e+0
0.09479,0.13958,6.6384e-1,1.1776e+11,0.0000e+0
0.09688,0.13958,3.9349e-1,6.2121e+10,0.0000e+0
0.09896,0.13958,1.2953e-1,0.0000e+0,0.0000e+0
0.00104,0.14375,7.9112e+0,0.0000e+0,0.0000e+0
0.00313,0.14375,7.9324e+0,0.0000e+0,0.0000e+0
0.00521,0.14375,7.9683e+0,0.0000e+0,0.0000e+0
0.00729,0.14375,7.9938e+0,0.0000e+0,0.0000e+0
0.00937,0.14375,8.0080e+0,0.0000e+0,0.0000e+0
0.01146,0.14375,8.0149e+0,0.0000e+0,0.0000e+0
0.01354,0.14375,8.0082e+0,0.0000e+0,1.8453e+11
0.01563,0.14375,7.9684e+0,0.0000e+0,1.5571e+10
0.01771,0.14375,7.9124e+0,0.0000e+0,0.0000e+0
0.01979,0.14375,7.8518e+0,0.0000e+0,1.7004e+11
0.02187,0.14375,7.7813e+0,0.0000e+0,3.1574e+11
0.02396,0.14375,7.6967e+0,0.0000e+0,9.8502e+10
0.02604,0.14375,7.6214e+0,0.0000e+0,1.5133e+12
0.02813,0.14375,7.4619e+0,0.0000e+0,5.8095e+10
0.03021,0.14375,7.3163e+0,0.0000e+0,3.4193e+10
0.03229,0.14375,7.1730e+0,0.0000e+0,3.1847e+10
0.03438,0.14375,7.0225e+0,0.0000e+0,4.6243e+8
0.03646,0.14375,6.8700e+0,0.0000e+0,1.5214e+10
0.03854,0.14375,6.7134e+0,1.8482e+11,4.5314e+10
0.04063,0.14375,6.5612e+0,5.2189e+11,2.2574e+11
0.04271,0.14375,6.4276e+0,1.1675e+11,3.1920e+11
0.04479,0.14375,6.2745e+0,1.4552e+11,3.6205e+11
0.04688,0.14375,6.1143e+0,1.1478e+11,1.5897e+11
0.04896,0.14375,5.9599e+0,7.4882e+10,9.6945e+10
0.05104,0.14375,5.8164e+0,2.9103e+10,2.3022e+11
0.05312,0.14375,5.6704e+0,0.0000e+0,2.8227e+11
0.05521,0.14375,5.5131e+0,1.7657e+11,4.4673e+11
0.05729,0.14375,5.3562e+0,2.7749e+11,1.3370e+12
0.05937,0.14375,5.1443e+0,0.0000e+0,2.9736e+11
0.06146,0.14375,4.9286e+0,2.6764e+8,3.5712e+11
0.06354,0.14375,4.7020e+0,2.1720e+11,1.4781e+11
0.06563,0.14375,4.4994e+0,2.3624e+11,5.8665e+11
0.06771,0.14375,4.2844e+0,0.0000e+0,6.0883e+11
0.06979,0.14375,4.0386e+0,0.0000e+0,3.8324e+11
0.07187,0.14375,3.7761e+0,1.7427e+11,2.0068e+11
0.07396,0.14375,3.5188e+0,1.5340e+10,4.4602e+11
0.07604,0.14375,3.2386e+0,0.0000e+0,1.2328e+11
0.07813,0.14375,2.9559e+0,5.0496e+10,1.7080e+11
0.08021,0.14375,2.6714e+0,4.0647e+10,1.1071e+11
0.08229,0.14375,2.3883e+0,1.9147e+11,1.8988e+11
0.08438,0.14375,2.1143e+0,1.0773e+11,4.6162e+11
0.08646,0.14375,1.8299e+0,5.0919e+9,3.8748e+11
0.08854,0.14375,1.5327e+0,4.9267e+10,1.9288e+11
0.09062,0.14375,1.2410e+0,9.2264e+9,1.6714e+11
0.09271,0.14375,9.4994e-1,0.0000e+0,0.0000e+0
0.09479,0.14375,6.6850e-1,0.0000e+0,0.0000e+0
0.09688,0.14375,3.9572e-1,0.0000e+0,0.0000e+0
0.09896,0.14375,1.2996e-1,0.0000e+0,0.0000e+0
0.00104,0.14792,7.6531e+0,1.8492e+12,0.0000e+0
0.00313,0.14792,7.7301e+0,5.3654e+12,0.0000e+0
0.00521,0.14792,7.9332e+0,0.0000e+0,0.0000e+0
0.00729,0.14792,8.0283e+0,0.0000e+0,0.0000e+0
0.00937,0.14792,8.0821e+0,0.0000e+0,0.0000e+0
0.01146,0.14792,8.1209e+0,0.0000e+0,0.0000e+0
0.01354,0.14792,8.1603e+0,0.0000e+0,1.3877e+12
0.01563,0.14792,8.1137e+0,0.0000e+0,1.1231e+12
0.01771,0.14792,8.0108e+0,0.0000e+0,1.1879e+11
0.01979,0.14792,7.9115e+0,0.0000e+0,1.4196e+10
0.02187,0.14792,7.8103e+0,0.0000e+0,0.0000e+0
0.02396,0.14792,7.7041e+0,0.0000e+0,0.0000e+0
0.02604,0.14792,7.5932e+0,0.0000e+0,1.8868e+10
0.02813,0.14792,7.4705e+0,0.0000e+0,1.4110e+9
0.03021,0.14792,7.3493e+0,0.0000e+0,7.0030e+11
0.03229,0.14792,7.1867e+0,0.0000e+0,2.6698e+11
0.03438,0.14792,7.0085e+0,1.6091e+11,2.8825e+10
0.03646,0.14792,6.8330e+0,4.5712e+11,0.0000e+0
0.03854,0.14792,6.6886e+0,4.6796e+11,1.9375e+11
0.04063,0.14792,6.5618e+0,9.8616e+10,4.6741e+11
0.04271,0.14792,6.4190e+0,0.0000e+0,5.6399e+11
0.04479,0.14792,6.2494e+0,1.4619e+11,2.9779e+10
0.04688,0.14792,6.0998e+0,9.9732e+10,3.4015e+9
0.04896,0.14792,5.9631e+0,0.0000e+0,1.5374e+11
0.05104,0.14792,5.8234e+0,0.0000e+0,3.0793e+11
0.05312,0.14792,5.6713e+0,0.0000e+0,4.8271e+11
0.05521,0.14792,5.4922e+0,1.6658e+11,2.8014e+11
0.05729,0.14792,5.3111e+0,1.2133e+11,1.0493e+11
0.05937,0.14792,5.1274e+0,0.0000e+0,5.2872e+11
0.06146,0.14792,4.9148e+0,0.0000e+0,4.0416e+11
0.06354,0.14792,4.6827e+0,7.2680e+10,2.5032e+10
0.06563,0.14792,4.4624e+0,1.1753e+11,2.7763e+11
0.06771,0.14792,4.2338e+0,2.2072e+11,2.5727e+11
0.06979,0.14792,4.0023e+0,0.0000e+0,3.1276e+11
0.07187,0.14792,3.7521e+0,1.1143e+11,4.9203e+11
0.07396,0.14792,3.4851e+0,9.8086e+9,2.5108e+11
0.07604,0.14792,3.2095e+0,1.2603e+11,2.1685e+11
0.07813,0.14792,2.9347e+0,1.1192e+11,2.7936e+11
0.08021,0.14792,2.6572e+0,3.2762e+10,3.6371e+11
0.08229,0.14792,2.3655e+0,4.6905e+9,2.7783e+10
0.08438,0.14792,2.0748e+0,2.6714e+11,7.6042e+10
0.08646,0.14792,1.7951e+0,1.3493e+10,1.8307e+11
0.08854,0.14792,1.5064e+0,0.0000e+0,3.0692e+10
0.09062,0.14792,1.2215e+0,0.0000e+0,4.6955e+10
0.09271,0.14792,9.3900e-1,0.0000e+0,0.0000e+0
0.09479,0.14792,6.6285e-1,0.0000e+0,0.0000e+0
0.09688,0.14792,3.9302e-1,0.0000e+0,0.0000e+0
0.09896,0.14792,1.2915e-1,0.0000e+0,0.0000e+0
0.00104,0.15208,7.9568e+0,3.6621e+11,0.0000e+0
0.00313,0.15208,7.9986e+0,1.0625e+12,0.0000e+0
0.00521,0.15208,8.0912e+0,0.0000e+0,0.0000e+0
0.00729,0.15208,8.1438e+0,0.0000e+0,0.0000e+0
0.00937,0.15208,8.1746e+0,0.0000e+0,0.0000e+0
0.01146,0.15208,8.1963e+0,0.0000e+0,0.0000e+0
0.01354,0.15208,8.2225e+0,0.0000e+0,1.3186e+12
0.01563,0.15208,8.1713e+0,0.0000e+0,5.0842e+11
0.01771,0.15208,8.1050e+0,0.0000e+0,6.7638e+11
0.01979,0.15208,8.0167e+0,0.0000e+0,7.6321e+11
0.02187,0.15208,7.8988e+0,0.0000e+0,3.9335e+11
0.02396,0.15208,7.7685e+0,2.2192e+11,2.0286e+11
0.02604,0.15208,7.6437e+0,2.9049e+11,3.1024e+11
0.02813,0.15208,7.5093e+0,0.0000e+0,0.0000e+0
0.03021,0.15208,7.3668e+0,8.9267e+10,1.1309e+11
0.03229,0.15208,7.2228e+0,4.1407e+11,7.6920e+11
0.03438,0.15208,7.0575e+0,2.8590e+10,3.6754e+11
0.03646,0.15208,6.8820e+0,8.9572e+10,1.9894e+11
0.03854,0.15208,6.7102e+0,2.3274e+11,3.3221e+11
0.04063,0.15208,6.5345e+0,2.8937e+11,3.8720e+10
0.04271,0.15208,6.3709e+0,5.3412e+11,3.1831e+11
0.04479,0.15208,6.2197e+0,4.2281e+11,1.7926e+11
0.04688,0.15208,6.0828e+0,3.3343e+11,2.1021e+11
0.04896,0.15208,5.9536e+0,3.0641e+10,4.1247e+11
0.05104,0.15208,5.8070e+0,1.2627e+11,3.8462e+11
0.05312,0.15208,5.6548e+0,8.5505e+9,5.5741e+11
0.05521,0.15208,5.4797e+0,0.0000e+0,3.9941e+11
0.05729,0.15208,5.2927e+0,0.0000e+0,4.2730e+11
0.05937,0.15208,5.0872e+0,0.0000e+0,1.0084e+11
0.06146,0.15208,4.8824e+0,0.0000e+0,3.8120e+11
0.06354,0.15208,4.6581e+0,0.0000e+0,1.3246e+11
0.06563,0.15208,4.4338e+0,2.8998e+11,3.4932e+11
0.06771,0.15208,4.2091e+0,3.3061e+11,6.0132e+11
0.06979,0.15208,3.9712e+0,0.0000e+0,3.9786e+11
0.07187,0.15208,3.7060e+0,3.2264e+10,4.2250e+10
0.07396,0.15208,3.4413e+0,1.5486e+10,3.9325e+10
0.07604,0.15208,3.1792e+0,2.7971e+10,3.2023e+11
0.07813,0.15208,2.9023e+0,1.5637e+11,2.0542e+11
0.08021,0.15208,2.6288e+0,2.9465e+11,2.5699e+11
0.08229,0.15208,2.3607e+0,1.0693e+11,4.8672e+11
0.08438,0.15208,2.0728e+0,1.2971e+11,4.3967e+11
0.08646,0.15208,1.7720e+0,1.9518e+11,1.1385e+11
0.08854,0.15208,1.4830e+0,8.8233e+10,0.0000e+0
0.09062,0.15208,1.2037e+0,0.0000e+0,0.0000e+0
0.09271,0.15208,9.2765e-1,0.0000e+0,0.0000e+0
0.09479,0.15208,6.5602e-1,0.0000e+0,0.0000e+0
0.09688,0.15208,3.8939e-1,0.0000e+0,0.0000e+0
0.09896,0.15208,1.2802e-1,0.0000e+0,0.0000e+0
0.00104,0.15625,8.2690e+0,0.0000e+0,0.0000e+0
0.00313,0.15625,8.2792e+0,0.0000e+0,0.0000e+0
0.00521,0.15625,8.2941e+0,0.0000e+0,0.0000e+0
0.00729,0.15625,8.2984e+0,0.0000e+0,0.0000e+0
0.00937,0.15625,8.2806e+0,0.0000e+0,0.0000e+0
0.01146,0.15625,8.2360e+0,2.9346e+11,0.0000e+0
0.01354,0.15625,8.1875e+0,8.1774e+11,0.0000e+0
0.01563,0.15625,8.1617e+0,0.0000e+0,0.0000e+0
0.01771,0.15625,8.1108e+0,0.0000e+0,0.0000e+0
0.01979,0.15625,8.0444e+0,0.0000e+0,1.6255e+11
0.02187,0.15625,7.9605e+0,0.0000e+0,2.6533e+11
0.02396,0.15625,7.8628e+0,1.6389e+11,2.0991e+11
0.02604,0.15625,7.7751e+0,2.1453e+11,1.4264e+12
0.02813,0.15625,7.6212e+0,0.0000e+0,6.9413e+11
0.03021,0.15625,7.4394e+0,3.5153e+10,3.1729e+11
0.03229,0.15625,7.2569e+0,1.6306e+11,2.2041e+11
0.03438,0.15625,7.0745e+0,2.5875e+11,5.8592e+9
0.03646,0.15625,6.9095e+0,3.3620e+11,2.2942e+11
0.03854,0.15625,6.7438e+0,0.0000e+0,1.6686e+11
0.04063,0.15625,6.5609e+0,2.0646e+11,0.0000e+0
0.04271,0.15625,6.3872e+0,3.7237e+11,0.0000e+0
0.04479,0.15625,6.2359e+0,2.2685e+11,2.7904e+11
0.04688,0.15625,6.0822e+0,1.3417e+11,1.8573e+11
0.04896,0.15625,5.9247e+0,1.2224e+10,1.2491e+11
0.05104,0.15625,5.7553e+0,2.8360e+11,1.1850e+11
0.05312,0.15625,5.5849e+0,2.0375e+11,8.3750e+8
0.05521,0.15625,5.4191e+0,2.1786e+11,3.3934e+11
0.05729,0.15625,5.2426e+0,0.0000e+0,3.7448e+11
0.05937,0.15625,5.0418e+0,0.0000e+0,1.2801e+11
0.06146,0.15625,4.8373e+0,0.0000e+0,2.3006e+11
0.06354,0.15625,4.6213e+0,5.2170e+10,7.1728e+10
0.06563,0.15625,4.4107e+0,1.6878e+11,4.4611e+11
0.06771,0.15625,4.1872e+0,1.3704e+10,2.4792e+11
0.06979,0.15625,3.9540e+0,0.0000e+0,5.4454e+11
0.07187,0.15625,3.6857e+0,1.7631e+11,3.8372e+11
0.07396,0.15625,3.4080e+0,1.8853e+11,7.3829e+10
0.07604,0.15625,3.1452e+0,1.0091e+11,2.4985e+11
0.07813,0.15625,2.8721e+0,2.9432e+11,1.1052e+11
0.08021,0.15625,2.6127e+0,2.5036e+11,4.0527e+11
0.08229,0.15625,2.3393e+0,7.5124e+10,1.6037e+11
0.08438,0.15625,2.0562e+0,7.6858e+10,2.6247e+11
0.08646,0.15625,1.7582e+0,5.1701e+11,2.5142e+11
0.08854,0.15625,1.4781e+0,8.7968e+10,8.4772e+10
0.09062,0.15625,1.1986e+0,0.0000e+0,0.0000e+0
0.09271,0.15625,9.2323e-1,0.0000e+0,0.0000e+0
0.09479,0.15625,6.5278e-1,0.0000e+0,0.0000e+0
0.09688,0.15625,3.8746e-1,0.0000e+0,0.0000e+0
0.09896,0.15625,1.2739e-1,0.0000e+0,0.0000e+0
0.00104,0.16042,8.5010e+0,0.0000e+0,0.0000e+0
0.00313,0.16042,8.5083e+0,0.0000e+0,0.0000e+0
0.00521,0.16042,8.5232e+0,0.0000e+0,0.0000e+0
0.00729,0.16042,8.5480e+0,0.0000e+0,9.8553e+11
0.00937,0.16042,8.5228e+0,0.0000e+0,1.4628e+12
0.01146,0.16042,8.4152e+0,1.6179e+11,5.0821e+10
0.01354,0.16042,8.3269e+0,4.5083e+11,0.0000e+0
0.01563,0.16042,8.2723e+0,0.0000e+0,0.0000e+0
0.01771,0.16042,8.2066e+0,0.0000e+0,0.0000e+0
0.01979,0.16042,8.1229e+0,0.0000e+0,0.0000e+0
0.02187,0.16042,8.0285e+0,0.0000e+0,0.0000e+0
0.02396,0.16042,7.9288e+0,0.0000e+0,5.3781e+10
0.02604,0.16042,7.8256e+0,0.0000e+0,6.6300e+11
0.02813,0.16042,7.6769e+0,0.0000e+0,6.6785e+11
0.03021,0.16042,7.4832e+0,4.1456e+11,0.0000e+0
0.03229,0.16042,7.3130e+0,2.7437e+11,0.0000e+0
0.03438,0.16042,7.1576e+0,0.0000e+0,0.0000e+0
0.03646,0.16042,7.0058e+0,0.0000e+0,4.4806e+11
0.03854,0.16042,6.8314e+0,0.0000e+0,2.4509e+11
0.04063,0.16042,6.6475e+0,0.0000e+0,1.6013e+11
0.04271,0.16042,6.4578e+0,0.0000e+0,1.3100e+9
0.04479,0.16042,6.2734e+0,3.4409e+11,7.3179e+10
0.04688,0.16042,6.1136e+0,1.2855e+11,3.2457e+11
0.04896,0.16042,5.9417e+0,3.7419e+11,1.6556e+11
0.05104,0.16042,5.7877e+0,1.1475e+11,9.1132e+11
0.05312,0.16042,5.5839e+0,2.7003e+11,1.7293e+11
0.05521,0.16042,5.3911e+0,5.6220e+9,0.0000e+0
0.05729,0.16042,5.1988e+0,0.0000e+0,7.4619e+10
0.05937,0.16042,5.0000e+0,0.0000e+0,7.4047e+10
0.06146,0.16042,4.7941e+0,0.0000e+0,1.3724e+10
0.06354,0.16042,4.5856e+0,7.3458e+10,1.1795e+11
0.06563,0.16042,4.3762e+0,1.2842e+11,2.6618e+11
0.06771,0.16042,4.1613e+0,0.0000e+0,2.8784e+11
0.06979,0.16042,3.9357e+0,0.0000e+0,7.0272e+11
0.07187,0.16042,3.6730e+0,0.0000e+0,4.7097e+11
0.07396,0.16042,3.3889e+0,2.0759e+11,0.0000e+0
0.07604,0.16042,3.1282e+0,2.4743e+11,1.4152e+11
0.07813,0.16042,2.8784e+0,3.0585e+11,4.3872e+11
0.08021,0.16042,2.6261e+0,1.5420e+11,4.9726e+11
0.08229,0.16042,2.3564e+0,0.0000e+0,3.8588e+11
0.08438,0.16042,2.0686e+0,3.0942e+11,3.8842e+11
0.08646,0.16042,1.7860e+0,2.2419e+11,6.8966e+11
0.08854,0.16042,1.4895e+0,1.2795e+10,8.9065e+10
0.09062,0.16042,1.2020e+0,0.0000e+0,0.0000e+0
0.09271,0.16042,9.2381e-1,0.0000e+0,0.0000e+0
0.09479,0.16042,6.5255e-1,0.0000e+0,0.0000e+0
0.09688,0.16042,3.8717e-1,0.0000e+0,0.0000e+0
0.09896,0.16042,1.2728e-1,0.0000e+0,0.0000e+0
0.00104,0.16458,8.6752e+0,0.0000e+0,0.0000e+0
0.00313,0.16458,8.6772e+0,0.0000e+0,0.0000e+0
0.00521,0.16458,8.6814e+0,0.0000e+0,0.0000e+0
0.00729,0.16458,8.6887e+0,0.0000e+0,9.8931e+10
0.00937,0.16458,8.6937e+0,0.0000e+0,1.2406e+12
0.01146,0.16458,8.6296e+0,0.0000e+0,9.5610e+11
0.01354,0.16458,8.5286e+0,0.0000e+0,0.0000e+0
0.01563,0.16458,8.4595e+0,0.0000e+0,1.2629e+11
0.01771,0.16458,8.4088e+0,0.0000e+0,1.5137e+12
0.01979,0.16458,8.2817e+0,0.0000e+0,3.9072e+11
0.02187,0.16458,8.1545e+0,0.0000e+0,2.2910e+11
0.02396,0.16458,8.0280e+0,0.0000e+0,2.9082e+11
0.02604,0.16458,7.8901e+0,0.0000e+0,0.0000e+0
0.02813,0.16458,7.7529e+0,0.0000e+0,6.9195e+10
0.03021,0.16458,7.6080e+0,1.9613e+10,3.4957e+11
0.03229,0.16458,7.4457e+0,1.2981e+10,5.4278e+11
0.03438,0.16458,7.2632e+0,0.0000e+0,1.0513e+11
0.03646,0.16458,7.0894e+0,0.0000e+0,1.5627e+11
0.03854,0.16458,6.9188e+0,0.0000e+0,2.5830e+11
0.04063,0.16458,6.7451e+0,0.0000e+0,6.3704e+11
0.04271,0.16458,6.5435e+0,0.0000e+0,3.5668e+11
0.04479,0.16458,6.3337e+0,3.7836e+11,1.2145e+11
0.04688,0.16458,6.1582e+0,1.4655e+11,3.8932e+11
0.04896,0.16458,5.9750e+0,7.3735e+10,1.5203e+11
0.05104,0.16458,5.8001e+0,1.4067e+10,5.7033e+11
0.05312,0.16458,5.5955e+0,3.2521e+10,1.9028e+11
0.05521,0.16458,5.3904e+0,2.4717e+11,4.1235e+11
0.05729,0.16458,5.1859e+0,3.2237e+11,2.2729e+11
0.05937,0.16458,4.9922e+0,0.0000e+0,2.8999e+11
0.06146,0.16458,4.7848e+0,2.4648e+11,4.3356e+11
0.06354,0.16458,4.5702e+0,5.1252e+10,2.5338e+11
0.06563,0.16458,4.3457e+0,2.5055e+10,1.9765e+11
0.06771,0.16458,4.1148e+0,6.7838e+10,2.2796e+11
0.06979,0.16458,3.8742e+0,5.8118e+10,7.1141e+10
0.07187,0.16458,3.6294e+0,6.0682e+10,1.2602e+11
0.07396,0.16458,3.3746e+0,6.6728e+10,5.9497e+10
0.07604,0.16458,3.1205e+0,2.1169e+11,6.4127e+9
0.07813,0.16458,2.8865e+0,2.7190e+11,6.4075e+11
0.08021,0.16458,2.6306e+0,2.7534e+10,4.1355e+11
0.08229,0.16458,2.3532e+0,0.0000e+0,2.4499e+11
0.08438,0.16458,2.0625e+0,2.5195e+11,4.6324e+11
0.08646,0.16458,1.7576e+0,3.4538e+11,7.7846e+10
0.08854,0.16458,1.4671e+0,2.3215e+11,0.0000e+0
0.09062,0.16458,1.1938e+0,0.0000e+0,0.0000e+0
0.09271,0.16458,9.2152e-1,0.0000e+0,0.0000e+0
0.09479,0.16458,6.5239e-1,0.0000e+0,0.0000e+0
0.09688,0.16458,3.8751e-1,0.0000e+0,0.0000e+0
0.09896,0.16458,1.2744e-1,0.0000e+0,0.0000e+0
0.00104,0.16875,8.8342e+0,0.0000e+0,0.0000e+0
0.00313,0.16875,8.8290e+0,0.0000e+0,0.0000e+0
0.00521,0.16875,8.8178e+0,0.0000e+0,0.0000e+0
0.00729,0.16875,8.8003e+0,0.0000e+0,0.0000e+0
0.00937,0.16875,8.7780e+0,0.0000e+0,0.0000e+0
0.01146,0.16875,8.7514e+0,0.0000e+0,1.0841e+12
0.01354,0.16875,8.6551e+0,0.0000e+0,1.2222e+11
0.01563,0.16875,8.5662e+0,0.0000e+0,2.4905e+10
0.01771,0.16875,8.4825e+0,0.0000e+0,3.3295e+11
0.01979,0.16875,8.3721e+0,0.0000e+0,1.0071e+11
0.02187,0.16875,8.2546e+0,0.0000e+0,1.9920e+11
0.02396,0.16875,8.1270e+0,0.0000e+0,2.5287e+11
0.02604,0.16875,7.9956e+0,0.0000e+0,1.1051e+11
0.02813,0.16875,7.8795e+0,0.0000e+0,7.5036e+11
0.03021,0.16875,7.7397e+0,0.0000e+0,1.3369e+12
0.03229,0.16875,7.5363e+0,0.0000e+0,3.2607e+11
0.03438,0.16875,7.3441e+0,0.0000e+0,4.5825e+11
0.03646,0.16875,7.1512e+0,0.0000e+0,1.9083e+11
0.03854,0.16875,6.9740e+0,0.0000e+0,5.2252e+11
0.04063,0.16875,6.7931e+0,0.0000e+0,8.3490e+11
0.04271,0.16875,6.5896e+0,1.3229e+11,7.5303e+11
0.04479,0.16875,6.3795e+0,1.9451e+11,5.3745e+11
0.04688,0.16875,6.1828e+0,1.9762e+11,5.9039e+11
0.04896,0.16875,5.9861e+0,0.0000e+0,3.1031e+11
0.05104,0.16875,5.7886e+0,2.8904e+9,1.5451e+11
0.05312,0.16875,5.5924e+0,1.4406e+11,5.1369e+11
0.05521,0.16875,5.3791e+0,1.5541e+11,2.5384e+11
0.05729,0.16875,5.1683e+0,4.6237e+11,1.0939e+11
0.05937,0.16875,4.9764e+0,0.0000e+0,2.7686e+10
0.06146,0.16875,4.7768e+0,8.6174e+10,3.8540e+11
0.06354,0.16875,4.5572e+0,2.2907e+11,4.2769e+11
0.06563,0.16875,4.3186e+0,2.1573e+11,3.7730e+10
0.06771,0.16875,4.0878e+0,2.0420e+11,9.6964e+10
0.06979,0.16875,3.8580e+0,3.4218e+11,1.7744e+11
0.07187,0.16875,3.6314e+0,4.8084e+11,7.0664e+11
0.07396,0.16875,3.3854e+0,2.1522e+11,1.3648e+11
0.07604,0.16875,3.1332e+0,1.1223e+11,1.3272e+10
0.07813,0.16875,2.8888e+0,2.4966e+11,4.1197e+11
0.08021,0.16875,2.6271e+0,6.5280e+10,1.3104e+11
0.08229,0.16875,2.3552e+0,0.0000e+0,5.0976e+10
0.08438,0.16875,2.0759e+0,3.7484e+11,6.2213e+11
0.08646,0.16875,1.7768e+0,4.4265e+11,3.3397e+11
0.08854,0.16875,1.4831e+0,2.1161e+11,1.3991e+10
0.09062,0.16875,1.2068e+0,0.0000e+0,1.5701e+10
0.09271,0.16875,9.3090e-1,0.0000e+0,0.0000e+0
0.09479,0.16875,6.5871e-1,0.0000e+0,0.0000e+0
0.09688,0.16875,3.9114e-1,0.0000e+0,0.0000e+0
0.09896,0.16875,1.2862e-1,0.0000e+0,0.0000e+0
0.00104,0.17292,9.0342e+0,0.0000e+0,0.0000e+0
0.00313,0.17292,9.0253e+0,0.0000e+0,0.0000e+0
0.00521,0.17292,9.0027e+0,0.0000e+0,0.0000e+0
0.00729,0.17292,8.9541e+0,0.0000e+0,0.0000e+0
0.00937,0.17292,8.9013e+0,0.0000e+0,0.0000e+0
0.01146,0.17292,8.8548e+0,0.0000e+0,6.4099e+11
0.01354,0.17292,8.7711e+0,0.0000e+0,9.0042e+10
0.01563,0.17292,8.6900e+0,0.0000e+0,2.8278e+11
0.01771,0.17292,8.6037e+0,0.0000e+0,3.8778e+11
0.01979,0.17292,8.5072e+0,0.0000e+0,6.8999e+11
0.02187,0.17292,8.3794e+0,0.0000e+0,9.7347e+11
0.02396,0.17292,8.2065e+0,0.0000e+0,1.9114e+11
0.02604,0.17292,8.0443e+0,0.0000e+0,3.3401e+10
0.02813,0.17292,7.9037e+0,0.0000e+0,5.0381e+11
0.03021,0.17292,7.7526e+0,0.0000e+0,1.3626e+12
0.03229,0.17292,7.5313e+0,0.0000e+0,6.5828e+10
0.03438,0.17292,7.3308e+0,0.0000e+0,3.4159e+11
0.03646,0.17292,7.1320e+0,0.0000e+0,5.5247e+11
0.03854,0.17292,6.9183e+0,0.0000e+0,1.4787e+11
0.04063,0.17292,6.7087e+0,0.0000e+0,0.0000e+0
0.04271,0.17292,6.5030e+0,9.7935e+10,0.0000e+0
0.04479,0.17292,6.3034e+0,1.7959e+11,5.0953e+10
0.04688,0.17292,6.1122e+0,2.3758e+11,8.3470e+9
0.04896,0.17292,5.9362e+0,0.0000e+0,1.6483e+10
0.05104,0.17292,5.7604e+0,5.4076e+9,3.0872e+11
0.05312,0.17292,5.5713e+0,2.9467e+11,4.3112e+11
0.05521,0.17292,5.3777e+0,3.4032e+11,1.8147e+11
0.05729,0.17292,5.2053e+0,0.0000e+0,4.9794e+11
0.05937,0.17292,5.0100e+0,9.4999e+10,6.4818e+11
0.06146,0.17292,4.7842e+0,4.0067e+11,1.4292e+11
0.06354,0.17292,4.5800e+0,3.3529e+11,6.3875e+11
0.06563,0.17292,4.3474e+0,4.1227e+11,3.3065e+11
0.06771,0.17292,4.1181e+0,2.2831e+11,2.8762e+10
0.06979,0.17292,3.8998e+0,1.1312e+11,8.0830e+10
0.07187,0.17292,3.6817e+0,1.3501e+11,3.0115e+11
0.07396,0.17292,3.4496e+0,1.4749e+10,3.4183e+11
0.07604,0.17292,3.1934e+0,1.7823e+11,2.2848e+11
0.07813,0.17292,2.9376e+0,2.1928e+11,3.9559e+11
0.08021,0.17292,2.6735e+0,1.0474e+11,3.5998e+11
0.08229,0.17292,2.3993e+0,0.0000e+0,2.4730e+11
0.08438,0.17292,2.1171e+0,4.9687e+9,2.5432e+11
0.08646,0.17292,1.8244e+0,8.4688e+9,1.6972e+11
0.08854,0.17292,1.5300e+0,3.8111e+10,1.7112e+11
0.09062,0.17292,1.2388e+0,1.2616e+11,2.5137e+11
0.09271,0.17292,9.5000e-1,0.0000e+0,0.0000e+0
0.09479,0.17292,6.7023e-1,0.0000e+0,0.0000e+0
0.09688,0.17292,3.9740e-1,0.0000e+0,0.0000e+0
0.09896,0.17292,1.3060e-1,0.0000e+0,0.0000e+0
0.00104,0.17708,9.3040e+0,0.0000e+0,0.0000e+0
0.00313,0.17708,9.3187e+0,0.0000e+0,0.0000e+0
0.00521,0.17708,9.3481e+0,0.0000e+0,3.3367e+12
0.00729,0.17708,9.1833e+0,0.0000e+0,6.0562e+11
0.00937,0.17708,9.0435e+0,0.0000e+0,0.0000e+0
0.01146,0.17708,8.9530e+0,0.0000e+0,3.6351e+10
0.01354,0.17708,8.8994e+0,0.0000e+0,1.6049e+12
0.01563,0.17708,8.7908e+0,1.7409e+10,8.6302e+11
0.01771,0.17708,8.6864e+0,4.0625e+10,6.5579e+11
0.01979,0.17708,8.5985e+0,0.0000e+0,1.7982e+12
0.02187,0.17708,8.4351e+0,0.0000e+0,1.0527e+12
0.02396,0.17708,8.2411e+0,0.0000e+0,6.0519e+11
0.02604,0.17708,8.0449e+0,0.0000e+0,2.9941e+11
0.02813,0.17708,7.8551e+0,0.0000e+0,9.6367e+10
0.03021,0.17708,7.6698e+0,1.1265e+11,3.4917e+11
0.03229,0.17708,7.4768e+0,4.0873e+10,8.0519e+11
0.03438,0.17708,7.2512e+0,8.2082e+10,2.1903e+10
0.03646,0.17708,7.0460e+0,5.2043e+9,5.9986e+10
0.03854,0.17708,6.8459e+0,0.0000e+0,2.3794e+10
0.04063,0.17708,6.6512e+0,0.0000e+0,0.0000e+0
0.04271,0.17708,6.4618e+0,0.0000e+0,6.9931e+9
0.04479,0.17708,6.2804e+0,2.2225e+11,3.8479e+11
0.04688,0.17708,6.0959e+0,2.2580e+11,4.4424e+11
0.04896,0.17708,5.9105e+0,1.1452e+10,2.0740e+11
0.05104,0.17708,5.7264e+0,3.3401e+11,3.2591e+11
0.05312,0.17708,5.5488e+0,1.3496e+11,1.9735e+11
0.05521,0.17708,5.3712e+0,1.0670e+11,4.9639e+10
0.05729,0.17708,5.2042e+0,6.1082e+10,3.9486e+11
0.05937,0.17708,5.0240e+0,5.5160e+11,1.0749e+12
0.06146,0.17708,4.8189e+0,5.2957e+11,3.5241e+11
0.06354,0.17708,4.6412e+0,1.6703e+10,8.3276e+11
0.06563,0.17708,4.4219e+0,1.8708e+11,5.5354e+11
0.06771,0.17708,4.1944e+0,8.1680e+10,7.8493e+10
0.06979,0.17708,3.9765e+0,8.3558e+10,1.3016e+11
0.07187,0.17708,3.7598e+0,1.0785e+11,3.1043e+11
0.07396,0.17708,3.5332e+0,0.0000e+0,7.4068e+11
0.07604,0.17708,3.2615e+0,2.8982e+10,2.1890e+11
0.07813,0.17708,2.9871e+0,5.2775e+10,1.6326e+11
0.08021,0.17708,2.7112e+0,5.3166e+10,2.4904e+11
0.08229,0.17708,2.4262e+0,7.6735e+10,9.5729e+10
0.08438,0.17708,2.1500e+0,3.6475e+10,3.7883e+11
0.08646,0.17708,1.8560e+0,0.0000e+0,2.6262e+11
0.08854,0.17708,1.5494e+0,1.9527e+10,1.5541e+10
0.09062,0.17708,1.2474e+0,1.4722e+11,3.1120e+10
0.09271,0.17708,9.5872e-1,6.2144e+10,0.0000e+0
0.09479,0.17708,6.7830e-1,0.0000e+0,0.0000e+0
0.09688,0.17708,4.0270e-1,0.0000e+0,0.0000e+0
0.09896,0.17708,1.3241e-1,0.0000e+0,0.0000e+0
0.00104,0.18125,9.4545e+0,0.0000e+0,0.0000e+0
0.00313,0.18125,9.4944e+0,0.0000e+0,8.7643e+11
0.00521,0.18125,9.5315e+0,0.0000e+0,5.3784e+12
0.00729,0.18125,9.2961e+0,0.0000e+0,1.2452e+12
0.00937,0.18125,9.0899e+0,0.0000e+0,2.3208e+11
0.01146,0.18125,8.9458e+0,0.0000e+0,7.9565e+11
0.01354,0.18125,8.7934e+0,0.0000e+0,0.0000e+0
0.01563,0.18125,8.6668e+0,3.7584e+11,1.3263e+11
0.01771,0.18125,8.5658e+0,8.7704e+11,9.0146e+11
0.01979,0.18125,8.4796e+0,0.0000e+0,8.3918e+11
0.02187,0.18125,8.3506e+0,0.0000e+0,1.2058e+12
0.02396,0.18125,8.1628e+0,2.0820e+11,4.9614e+11
0.02604,0.18125,7.9877e+0,3.3892e+11,7.1632e+11
0.02813,0.18125,7.8138e+0,0.0000e+0,1.0796e+12
0.03021,0.18125,7.5915e+0,4.2152e+11,6.1123e+11
0.03229,0.18125,7.3701e+0,2.0531e+11,2.8757e+11
0.03438,0.18125,7.1472e+0,9.7389e+11,4.0970e+11
0.03646,0.18125,6.9696e+0,3.3500e+10,2.0260e+11
0.03854,0.18125,6.7872e+0,0.0000e+0,0.0000e+0
0.04063,0.18125,6.6118e+0,5.8954e+9,3.5396e+11
0.04271,0.18125,6.4222e+0,5.9922e+10,9.0959e+10
0.04479,0.18125,6.2429e+0,1.4969e+11,4.8435e+11
0.04688,0.18125,6.0463e+0,4.1383e+11,1.9588e+11
0.04896,0.18125,5.8556e+0,3.3980e+11,3.6338e+10
0.05104,0.18125,5.6913e+0,1.0703e+11,9.3064e+10
0.05312,0.18125,5.5298e+0,1.4994e+11,2.7130e+11
0.05521,0.18125,5.3607e+0,1.2315e+11,2.9465e+11
0.05729,0.18125,5.1809e+0,1.8361e+11,8.5050e+10
0.05937,0.18125,5.0056e+0,1.2930e+11,1.8099e+11
0.06146,0.18125,4.8236e+0,9.7819e+10,1.6430e+11
0.06354,0.18125,4.6395e+0,5.7646e+10,2.2744e+11
0.06563,0.18125,4.4448e+0,2.7447e+11,1.7452e+11
0.06771,0.18125,4.2593e+0,0.0000e+0,2.8070e+11
0.06979,0.18125,4.0634e+0,0.0000e+0,6.9212e+11
0.07187,0.18125,3.8344e+0,0.0000e+0,4.1168e+11
0.07396,0.18125,3.5929e+0,0.0000e+0,7.9472e+11
0.07604,0.18125,3.3092e+0,2.1880e+11,2.5430e+11
0.07813,0.18125,3.0383e+0,1.6199e+11,6.1161e+11
0.08021,0.18125,2.7509e+0,1.0680e+11,5.1134e+11
0.08229,0.18125,2.4458e+0,3.8844e+11,1.0210e+11
0.08438,0.18125,2.1702e+0,3.1836e+11,4.6446e+11
0.08646,0.18125,1.8843e+0,4.1655e+10,3.7804e+11
0.08854,0.18125,1.5807e+0,0.0000e+0,1.2911e+11
0.09062,0.18125,1.2742e+0,5.7048e+10,0.0000e+0
0.09271,0.18125,9.7864e-1,4.2932e+10,0.0000e+0
0.09479,0.18125,6.9149e-1,0.0000e+0,0.0000e+0
0.09688,0.18125,4.1027e-1,0.0000e+0,0.0000e+0
0.09896,0.18125,1.3487e-1,0.0000e+0,0.0000e+0
0.00104,0.18542,9.2867e+0,0.0000e+0,0.0000e+0
0.00313,0.18542,9.3043e+0,0.0000e+0,1.1064e+12
0.00521,0.18542,9.2739e+0,0.0000e+0,1.7354e+12
0.00729,0.18542,9.1530e+0,0.0000e+0,1.7564e+12
0.00937,0.18542,8.9714e+0,0.0000e+0,3.3758e+11
0.01146,0.18542,8.8294e+0,0.0000e+0,9.2408e+11
0.01354,0.18542,8.6692e+0,0.0000e+0,0.0000e+0
0.01563,0.18542,8.5451e+0,0.0000e+0,1.0479e+11
0.01771,0.18542,8.4394e+0,0.0000e+0,5.5907e+11
0.01979,0.18542,8.3135e+0,0.0000e+0,1.7705e+11
0.02187,0.18542,8.1828e+0,0.0000e+0,4.5427e+11
0.02396,0.18542,8.0225e+0,1.2932e+11,3.5353e+11
0.02604,0.18542,7.8493e+0,2.1052e+11,1.4868e+10
0.02813,0.18542,7.6855e+0,0.0000e+0,2.6606e+11
0.03021,0.18542,7.4969e+0,0.0000e+0,1.5986e+11
0.03229,0.18542,7.2981e+0,1.6595e+10,0.0000e+0
0.03438,0.18542,7.1045e+0,1.4116e+11,2.8565e+10
0.03646,0.18542,6.9235e+0,0.0000e+0,1.4748e+10
0.03854,0.18542,6.7391e+0,2.3462e+11,0.0000e+0
0.04063,0.18542,6.5573e+0,3.1772e+11,1.6979e+11
0.04271,0.18542,6.3780e+0,4.1957e+11,3.0211e+10
0.04479,0.18542,6.2131e+0,3.7261e+10,1.1771e+11
0.04688,0.18542,6.0357e+0,6.9885e+10,3.2647e+11
0.04896,0.18542,5.8404e+0,5.6028e+11,1.2612e+11
0.05104,0.18542,5.6790e+0,3.6830e+11,1.5598e+11
0.05312,0.18542,5.5316e+0,0.0000e+0,1.3273e+11
0.05521,0.18542,5.3698e+0,0.0000e+0,1.6005e+11
0.05729,0.18542,5.1953e+0,0.0000e+0,0.0000e+0
0.05937,0.18542,5.0226e+0,0.0000e+0,2.1406e+11
0.06146,0.18542,4.8362e+0,6.0110e+10,5.4379e+10
0.06354,0.18542,4.6534e+0,5.9808e+10,0.0000e+0
0.06563,0.18542,4.4813e+0,9.1179e+9,2.5565e+11
0.06771,0.18542,4.3013e+0,0.0000e+0,6.2483e+11
0.06979,0.18542,4.0904e+0,0.0000e+0,4.8412e+11
0.07187,0.18542,3.8571e+0,0.0000e+0,4.8370e+11
0.07396,0.18542,3.6015e+0,0.0000e+0,4.4663e+11
0.07604,0.18542,3.3196e+0,1.7475e+11,1.4714e+11
0.07813,0.18542,3.0449e+0,1.4676e+11,2.3361e+11
0.08021,0.18542,2.7636e+0,3.3979e+11,2.9138e+11
0.08229,0.18542,2.4845e+0,8.2127e+10,2.8828e+11
0.08438,0.18542,2.1934e+0,1.0820e+11,1.0771e+11
0.08646,0.18542,1.9024e+0,5.0182e+10,6.1697e+10
0.08854,0.18542,1.6111e+0,5.9262e+10,4.2326e+11
0.09062,0.18542,1.3020e+0,2.7704e+10,2.6169e+10
0.09271,0.18542,1.0002e+0,0.0000e+0,0.0000e+0
0.09479,0.18542,7.0594e-1,0.0000e+0,0.0000e+0
0.09688,0.18542,4.1859e-1,0.0000e+0,0.0000e+0
0.09896,0.18542,1.3756e-1,0.0000e+0,0.0000e+0
0.00104,0.18958,8.9825e+0,0.0000e+0,0.0000e+0
0.00313,0.18958,8.9746e+0,0.0000e+0,0.0000e+0
0.00521,0.18958,8.9543e+0,0.0000e+0,7.4384e+11
0.00729,0.18958,8.8740e+0,0.0000e+0,9.9086e+11
0.00937,0.18958,8.7314e+0,0.0000e+0,0.0000e+0
0.01146,0.18958,8.6058e+0,0.0000e+0,0.0000e+0
0.01354,0.18958,8.4880e+0,0.0000e+0,0.0000e+0
0.01563,0.18958,8.3786e+0,0.0000e+0,0.0000e+0
0.01771,0.18958,8.2730e+0,0.0000e+0,0.0000e+0
0.01979,0.18958,8.1643e+0,0.0000e+0,0.0000e+0
0.02187,0.18958,8.0476e+0,0.0000e+0,0.0000e+0
0.02396,0.18958,7.9292e+0,0.0000e+0,5.6519e+11
0.02604,0.18958,7.7793e+0,0.0000e+0,2.9929e+11
0.02813,0.18958,7.6253e+0,0.0000e+0,6.5037e+11
0.03021,0.18958,7.4464e+0,0.0000e+0,4.6960e+11
0.03229,0.18958,7.2561e+0,0.0000e+0,0.0000e+0
0.03438,0.18958,7.0843e+0,0.0000e+0,0.0000e+0
0.03646,0.18958,6.9284e+0,0.0000e+0,2.3888e+11
0.03854,0.18958,6.7689e+0,2.4558e+10,3.9991e+11
0.04063,0.18958,6.5983e+0,2.8936e+10,2.9312e+11
0.04271,0.18958,6.4266e+0,0.0000e+0,4.2694e+11
0.04479,0.18958,6.2417e+0,2.6411e+10,3.0944e+11
0.04688,0.18958,6.0448e+0,3.9513e+11,2.7967e+11
0.04896,0.18958,5.8577e+0,5.7138e+11,7.3681e+10
0.05104,0.18958,5.7095e+0,1.5028e+11,9.1129e+10
0.05312,0.18958,5.5734e+0,0.0000e+0,5.9307e+11
0.05521,0.18958,5.4048e+0,0.0000e+0,2.3634e+11
0.05729,0.18958,5.2277e+0,6.8855e+9,1.2440e+11
0.05937,0.18958,5.0525e+0,7.2055e+10,4.8792e+11
0.06146,0.18958,4.8568e+0,1.2247e+11,1.9942e+10
0.06354,0.18958,4.6731e+0,1.1795e+11,7.2726e+10
0.06563,0.18958,4.4969e+0,1.7682e+11,6.4662e+11
0.06771,0.18958,4.2944e+0,1.3104e+11,3.2526e+11
0.06979,0.18958,4.0812e+0,9.0975e+10,4.1902e+11
0.07187,0.18958,3.8460e+0,2.0885e+11,4.5224e+11
0.07396,0.18958,3.6047e+0,1.2091e+10,4.0924e+11
0.07604,0.18958,3.3439e+0,1.7210e+11,4.1479e+11
0.07813,0.18958,3.0763e+0,6.8483e+10,9.8733e+10
0.08021,0.18958,2.8151e+0,1.1543e+11,4.7201e+11
0.08229,0.18958,2.5413e+0,3.5659e+10,4.3953e+11
0.08438,0.18958,2.2510e+0,0.0000e+0,3.7134e+11
0.08646,0.18958,1.9436e+0,1.2622e+11,2.7556e+11
0.08854,0.18958,1.6327e+0,1.3815e+11,1.8096e+11
0.09062,0.18958,1.3237e+0,5.2270e+10,4.1389e+10
0.09271,0.18958,1.0179e+0,0.0000e+0,0.0000e+0
0.09479,0.18958,7.1854e-1,0.0000e+0,0.0000e+0
0.09688,0.18958,4.2601e-1,0.0000e+0,0.0000e+0
0.09896,0.18958,1.3998e-1,0.0000e+0,0.0000e+0
0.00104,0.19375,8.7399e+0,0.0000e+0,0.0000e+0
0.00313,0.19375,8.7332e+0,0.0000e+0,0.0000e+0
0.00521,0.19375,8.7213e+0,0.0000e+0,7.5701e+11
0.00729,0.19375,8.6599e+0,0.0000e+0,1.0084e+12
0.00937,0.19375,8.5421e+0,0.0000e+0,0.0000e+0
0.01146,0.19375,8.4394e+0,0.0000e+0,0.0000e+0
0.01354,0.19375,8.3441e+0,0.0000e+0,0.0000e+0
0.01563,0.19375,8.2539e+0,0.0000e+0,0.0000e+0
0.01771,0.19375,8.1694e+0,0.0000e+0,0.0000e+0
0.01979,0.19375,8.0944e+0,0.0000e+0,1.0042e+12
0.02187,0.19375,7.9637e+0,0.0000e+0,2.1761e+11
0.02396,0.19375,7.8309e+0,0.0000e+0,3.3628e+11
0.02604,0.19375,7.6800e+0,0.0000e+0,3.5372e+11
0.02813,0.19375,7.5098e+0,0.0000e+0,0.0000e+0
0.03021,0.19375,7.3450e+0,0.0000e+0,0.0000e+0
0.03229,0.19375,7.1864e+0,0.0000e+0,0.0000e+0
0.03438,0.19375,7.0400e+0,0.0000e+0,0.0000e+0
0.03646,0.19375,6.9088e+0,0.0000e+0,5.3905e+11
0.03854,0.19375,6.7574e+0,0.0000e+0,4.1331e+11
0.04063,0.19375,6.5961e+0,0.0000e+0,3.3911e+11
0.04271,0.19375,6.4280e+0,0.0000e+0,2.4070e+11
0.04479,0.19375,6.2611e+0,1.7084e+11,4.3724e+11
0.04688,0.19375,6.0930e+0,1.1304e+11,6.2717e+11
0.04896,0.19375,5.9068e+0,0.0000e+0,3.3604e+10
0.05104,0.19375,5.7375e+0,0.0000e+0,0.0000e+0
0.05312,0.19375,5.5828e+0,0.0000e+0,1.9983e+11
0.05521,0.19375,5.4254e+0,6.5656e+10,6.3505e+11
0.05729,0.19375,5.2417e+0,5.2426e+11,7.7991e+11
0.05937,0.19375,5.0597e+0,2.7879e+11,4.6070e+11
0.06146,0.19375,4.8770e+0,0.0000e+0,4.9777e+10
0.06354,0.19375,4.7086e+0,0.0000e+0,8.5953e+11
0.06563,0.19375,4.4991e+0,1.6568e+10,1.1904e+11
0.06771,0.19375,4.2954e+0,1.2278e+10,5.0240e+11
0.06979,0.19375,4.0640e+0,4.4055e+9,3.5527e+10
0.07187,0.19375,3.8308e+0,1.0114e+10,5.1896e+10
0.07396,0.19375,3.5940e+0,2.4811e+11,3.4260e+11
0.07604,0.19375,3.3519e+0,7.7738e+10,3.7495e+11
0.07813,0.19375,3.0964e+0,4.6175e+10,3.7809e+11
0.08021,0.19375,2.8293e+0,2.0113e+11,2.6494e+11
0.08229,0.19375,2.5701e+0,1.5803e+11,6.8657e+11
0.08438,0.19375,2.2900e+0,1.1542e+11,7.9106e+11
0.08646,0.19375,1.9794e+0,1.6044e+11,2.4485e+11
0.08854,0.19375,1.6752e+0,1.8197e+10,4.4166e+11
0.09062,0.19375,1.3535e+0,0.0000e+0,1.1161e+11
0.09271,0.19375,1.0365e+0,0.0000e+0,0.0000e+0
0.09479,0.19375,7.3005e-1,0.0000e+0,0.0000e+0
0.09688,0.19375,4.3231e-1,0.0000e+0,0.0000e+0
0.09896,0.19375,1.4197e-1,0.0000e+0,0.0000e+0
0.00104,0.19792,8.5509e+0,0.0000e+0,0.0000e+0
0.00313,0.19792,8.5367e+0,0.0000e+0,0.0000e+0
0.00521,0.19792,8.5066e+0,0.0000e+0,0.0000e+0
0.00729,0.19792,8.4574e+0,0.0000e+0,0.0000e+0
0.00937,0.19792,8.3909e+0,0.0000e+0,0.0000e+0
0.01146,0.19792,8.3161e+0,0.0000e+0,0.0000e+0
0.01354,0.19792,8.2361e+0,0.0000e+0,0.0000e+0
0.01563,0.19792,8.1525e+0,0.0000e+0,0.0000e+0
0.01771,0.19792,8.0658e+0,0.0000e+0,0.0000e+0
0.01979,0.19792,7.9745e+0,0.0000e+0,4.0631e+10
0.02187,0.19792,7.8706e+0,0.0000e+0,1.7142e+11
0.02396,0.19792,7.7484e+0,0.0000e+0,3.9912e+11
0.02604,0.19792,7.5988e+0,0.0000e+0,4.2872e+11
0.02813,0.19792,7.4219e+0,2.1872e+11,0.0000e+0
0.03021,0.19792,7.2641e+0,2.9293e+10,0.0000e+0
0.03229,0.19792,7.1067e+0,2.8280e+11,0.0000e+0
0.03438,0.19792,6.9691e+0,0.0000e+0,0.0000e+0
0.03646,0.19792,6.8329e+0,0.0000e+0,1.6935e+11
0.03854,0.19792,6.6892e+0,0.0000e+0,3.9670e+10
0.04063,0.19792,6.5486e+0,1.3716e+10,4.9363e+11
0.04271,0.19792,6.3817e+0,1.7101e+11,0.0000e+0
0.04479,0.19792,6.2309e+0,2.2035e+11,2.3098e+11
0.04688,0.19792,6.0773e+0,6.1755e+10,2.8969e+11
0.04896,0.19792,5.9078e+0,0.0000e+0,1.6019e+11
0.05104,0.19792,5.7334e+0,0.0000e+0,0.0000e+0
0.05312,0.19792,5.5648e+0,0.0000e+0,1.0919e+11
0.05521,0.19792,5.3890e+0,1.5732e+11,1.8454e+11
0.05729,0.19792,5.2064e+0,5.4537e+11,3.4578e+11
0.05937,0.19792,5.0361e+0,1.7416e+11,3.9346e+11
0.06146,0.19792,4.8486e+0,6.0749e+10,9.1272e+10
0.06354,0.19792,4.6630e+0,2.0820e+11,2.9855e+11
0.06563,0.19792,4.4694e+0,0.0000e+0,4.5551e+10
0.06771,0.19792,4.2771e+0,0.0000e+0,2.7147e+11
0.06979,0.19792,4.0714e+0,0.0000e+0,4.8316e+11
0.07187,0.19792,3.8438e+0,0.0000e+0,3.6701e+11
0.07396,0.19792,3.6020e+0,0.0000e+0,3.4100e+11
0.07604,0.19792,3.3435e+0,0.0000e+0,1.0682e+11
0.07813,0.19792,3.0855e+0,6.4066e+9,2.6099e+11
0.08021,0.19792,2.8180e+0,4.1835e+10,2.5306e+11
0.08229,0.19792,2.5434e+0,1.0657e+11,1.6108e+11
0.08438,0.19792,2.2692e+0,1.2434e+11,2.8793e+11
0.08646,0.19792,1.9907e+0,1.5274e+11,6.5424e+11
0.08854,0.19792,1.6856e+0,0.0000e+0,4.7752e+11
0.09062,0.19792,1.3590e+0,0.0000e+0,5.2069e+10
0.09271,0.19792,1.0410e+0,0.0000e+0,0.0000e+0
0.09479,0.19792,7.3329e-1,0.0000e+0,0.0000e+0
0.09688,0.19792,4.3425e-1,0.0000e+0,0.0000e+0
0.09896,0.19792,1.4261e-1,0.0000e+0,0.0000e+0
0.00104,0.20208,8.4745e+0,0.0000e+0,0.0000e+0
0.00313,0.20208,8.4605e+0,0.0000e+0,0.0000e+0
0.00521,0.20208,8.4329e+0,0.0000e+0,0.0000e+0
0.00729,0.20208,8.3909e+0,0.0000e+0,0.0000e+0
0.00937,0.20208,8.3354e+0,0.0000e+0,0.0000e+0
0.01146,0.20208,8.2686e+0,0.0000e+0,0.0000e+0
0.01354,0.20208,8.1925e+0,0.0000e+0,0.0000e+0
0.01563,0.20208,8.1096e+0,0.0000e+0,0.0000e+0
0.01771,0.20208,8.0220e+0,0.0000e+0,0.0000e+0
0.01979,0.20208,7.9332e+0,0.0000e+0,5.5181e+10
0.02187,0.20208,7.8398e+0,0.0000e+0,6.3679e+11
0.02396,0.20208,7.6972e+0,0.0000e+0,0.0000e+0
0.02604,0.20208,7.5447e+0,0.0000e+0,0.0000e+0
0.02813,0.20208,7.3760e+0,5.3693e+11,0.0000e+0
0.03021,0.20208,7.2296e+0,5.0942e+10,0.0000e+0
0.03229,0.20208,7.0795e+0,3.7104e+11,4.5432e+11
0.03438,0.20208,6.9274e+0,0.0000e+0,1.0731e+11
0.03646,0.20208,6.7658e+0,3.9988e+11,0.0000e+0
0.03854,0.20208,6.6267e+0,1.4034e+11,0.0000e+0
0.04063,0.20208,6.4895e+0,1.6146e+11,0.0000e+0
0.04271,0.20208,6.3606e+0,3.1618e+11,3.5205e+11
0.04479,0.20208,6.2392e+0,0.0000e+0,7.3143e+11
0.04688,0.20208,6.0819e+0,0.0000e+0,3.9948e+11
0.04896,0.20208,5.9074e+0,0.0000e+0,1.4655e+11
0.05104,0.20208,5.7337e+0,0.0000e+0,4.8992e+10
0.05312,0.20208,5.5688e+0,0.0000e+0,2.6673e+11
0.05521,0.20208,5.3947e+0,1.8882e+11,2.4157e+11
0.05729,0.20208,5.2267e+0,4.7399e+10,5.8360e+11
0.05937,0.20208,5.0306e+0,2.2036e+11,3.7074e+11
0.06146,0.20208,4.8311e+0,1.4116e+11,9.8628e+10
0.06354,0.20208,4.6409e+0,4.1321e+11,5.5517e+11
0.06563,0.20208,4.4450e+0,1.6336e+11,1.1235e+11
0.06771,0.20208,4.2517e+0,1.3637e+11,4.6723e+11
0.06979,0.20208,4.0405e+0,1.0456e+10,1.5750e+11
0.07187,0.20208,3.8256e+0,6.4162e+10,3.6809e+11
0.07396,0.20208,3.5979e+0,0.0000e+0,7.5579e+11
0.07604,0.20208,3.3279e+0,1.5456e+10,1.2478e+11
0.07813,0.20208,3.0606e+0,1.5765e+11,1.5883e+11
0.08021,0.20208,2.7990e+0,0.0000e+0,2.9039e+11
0.08229,0.20208,2.5253e+0,5.4496e+10,2.2542e+11
0.08438,0.20208,2.2487e+0,2.4271e+11,3.3717e+11
0.08646,0.20208,1.9757e+0,3.5551e+10,7.8114e+11
0.08854,0.20208,1.6613e+0,0.0000e+0,1.7300e+11
0.09062,0.20208,1.3436e+0,0.0000e+0,2.6005e+10
0.09271,0.20208,1.0323e+0,0.0000e+0,0.0000e+0
0.09479,0.20208,7.2856e-1,0.0000e+0,0.0000e+0
0.09688,0.20208,4.3196e-1,0.0000e+0,0.0000e+0
0.09896,0.20208,1.4194e-1,0.0000e+0,0.0000e+0
0.00104,0.20625,8.5088e+0,0.0000e+0,0.0000e+0
0.00313,0.20625,8.4968e+0,0.0000e+0,0.0000e+0
0.00521,0.20625,8.4717e+0,0.0000e+0,0.0000e+0
0.00729,0.20625,8.4330e+0,0.0000e+0,0.0000e+0
0.00937,0.20625,8.3796e+0,0.0000e+0,0.0000e+0
0.01146,0.20625,8.3102e+0,0.0000e+0,0.0000e+0
0.01354,0.20625,8.2260e+0,0.0000e+0,0.0000e+0
0.01563,0.20625,8.1304e+0,0.0000e+0,0.0000e+0
0.01771,0.20625,8.0251e+0,4.1921e+11,0.0000e+0
0.01979,0.20625,7.9312e+0,3.1515e+11,2.7084e+10
0.02187,0.20625,7.8514e+0,0.0000e+0,3.1255e+11
0.02396,0.20625,7.7369e+0,0.0000e+0,1.5176e+11
0.02604,0.20625,7.6067e+0,0.0000e+0,4.1323e+11
0.02813,0.20625,7.4512e+0,0.0000e+0,5.8865e+11
0.03021,0.20625,7.2625e+0,3.5426e+11,2.9117e+11
0.03229,0.20625,7.0775e+0,5.1133e+11,9.9851e+10
0.03438,0.20625,6.9299e+0,0.0000e+0,2.3585e+10
0.03646,0.20625,6.7799e+0,1.5918e+11,1.8915e+11
0.03854,0.20625,6.6272e+0,1.5470e+11,9.2274e+10
0.04063,0.20625,6.4736e+0,3.2811e+11,1.9302e+11
0.04271,0.20625,6.3145e+0,7.6466e+11,1.3821e+11
0.04479,0.20625,6.1881e+0,2.3417e+11,9.2122e+10
0.04688,0.20625,6.0597e+0,6.0396e+10,6.3881e+11
0.04896,0.20625,5.8867e+0,9.8240e+10,1.3056e+11
0.05104,0.20625,5.7116e+0,6.1885e+11,4.6611e+11
0.05312,0.20625,5.5521e+0,8.1243e+10,1.8040e+11
0.05521,0.20625,5.3887e+0,0.0000e+0,2.9271e+11
0.05729,0.20625,5.2132e+0,0.0000e+0,4.9063e+11
0.05937,0.20625,5.0101e+0,4.0453e+11,4.9556e+11
0.06146,0.20625,4.8115e+0,8.3374e+10,4.3303e+9
0.06354,0.20625,4.6230e+0,3.0612e+11,3.0567e+11
0.06563,0.20625,4.4384e+0,4.9433e+10,4.2762e+11
0.06771,0.20625,4.2267e+0,1.6438e+11,2.5566e+11
0.06979,0.20625,4.0053e+0,1.9458e+11,1.1880e+11
0.07187,0.20625,3.7874e+0,2.0485e+11,3.6144e+11
0.07396,0.20625,3.5531e+0,0.0000e+0,1.4306e+11
0.07604,0.20625,3.3072e+0,1.0199e+10,4.0828e+11
0.07813,0.20625,3.0345e+0,1.1983e+11,1.1157e+10
0.08021,0.20625,2.7653e+0,1.0958e+10,6.6958e+10
0.08229,0.20625,2.4914e+0,0.0000e+0,9.2096e+10
0.08438,0.20625,2.2122e+0,1.9130e+10,2.7983e+11
0.08646,0.20625,1.9177e+0,1.9002e+11,1.4762e+11
0.08854,0.20625,1.6261e+0,0.0000e+0,1.5740e+11
0.09062,0.20625,1.3237e+0,0.0000e+0,5.3522e+10
0.09271,0.20625,1.0204e+0,0.0000e+0,0.0000e+0
0.09479,0.20625,7.2184e-1,0.0000e+0,0.0000e+0
0.09688,0.20625,4.2856e-1,0.0000e+0,0.0000e+0
0.09896,0.20625,1.4092e-1,0.0000e+0,0.0000e+0
0.00104,0.21042,8.6418e+0,0.0000e+0,0.0000e+0
0.00313,0.21042,8.6335e+0,0.0000e+0,0.0000e+0
0.00521,0.21042,8.6162e+0,0.0000e+0,0.0000e+0
0.00729,0.21042,8.5873e+0,0.0000e+0,0.0000e+0
0.00937,0.21042,8.5417e+0,0.0000e+0,0.0000e+0
0.01146,0.21042,8.4670e+0,0.0000e+0,0.0000e+0
0.01354,0.21042,8.3606e+0,0.0000e+0,0.0000e+0
0.01563,0.21042,8.2432e+0,0.0000e+0,0.0000e+0
0.01771,0.21042,8.1242e+0,2.6802e+11,0.0000e+0
0.01979,0.21042,8.0216e+0,2.0149e+11,0.0000e+0
0.02187,0.21042,7.9413e+0,0.0000e+0,4.5773e+11
0.02396,0.21042,7.8332e+0,0.0000e+0,7.3803e+11
0.02604,0.21042,7.6862e+0,0.0000e+0,4.5221e+11
0.02813,0.21042,7.5252e+0,6.4033e+9,9.5840e+11
0.03021,0.21042,7.3176e+0,4.1072e+11,5.3944e+11
0.03229,0.21042,7.1212e+0,3.1508e+11,0.0000e+0
0.03438,0.21042,6.9703e+0,0.0000e+0,0.0000e+0
0.03646,0.21042,6.8332e+0,0.0000e+0,3.0748e+11
0.03854,0.21042,6.6874e+0,0.0000e+0,1.6515e+11
0.04063,0.21042,6.5434e+0,9.9978e+10,7.3251e+11
0.04271,0.21042,6.3647e+0,6.6626e+11,2.5863e+11
0.04479,0.21042,6.2232e+0,1.4231e+11,3.7774e+11
0.04688,0.21042,6.0595e+0,2.6021e+11,1.9732e+11
0.04896,0.21042,5.8894e+0,1.4128e+11,9.0731e+10
0.05104,0.21042,5.7127e+0,1.0638e+11,4.0660e+10
0.05312,0.21042,5.5355e+0,1.0977e+11,0.0000e+0
0.05521,0.21042,5.3647e+0,1.8974e+10,1.7708e+11
0.05729,0.21042,5.1835e+0,1.1689e+9,2.0737e+11
0.05937,0.21042,4.9879e+0,2.6955e+11,3.0806e+11
0.06146,0.21042,4.7935e+0,3.5381e+11,1.1911e+11
0.06354,0.21042,4.6202e+0,2.3090e+10,2.1545e+11
0.06563,0.21042,4.4406e+0,0.0000e+0,5.3033e+11
0.06771,0.21042,4.2363e+0,9.6385e+9,5.0023e+11
0.06979,0.21042,4.0152e+0,1.0803e+10,3.6266e+11
0.07187,0.21042,3.7855e+0,0.0000e+0,3.9262e+11
0.07396,0.21042,3.5369e+0,1.1734e+11,2.2971e+10
0.07604,0.21042,3.3018e+0,9.2877e+10,4.3748e+11
0.07813,0.21042,3.0486e+0,2.0174e+11,7.4283e+11
0.08021,0.21042,2.7619e+0,1.0515e+11,9.1923e+10
0.08229,0.21042,2.4784e+0,4.7160e+10,9.1368e+10
0.08438,0.21042,2.1858e+0,1.8971e+11,1.1112e+11
0.08646,0.21042,1.8889e+0,4.6021e+11,1.5987e+10
0.08854,0.21042,1.6122e+0,2.9248e+10,1.7063e+11
0.09062,0.21042,1.3181e+0,0.0000e+0,1.0735e+11
0.09271,0.21042,1.0171e+0,0.0000e+0,0.0000e+0
0.09479,0.21042,7.1993e-1,0.0000e+0,0.0000e+0
0.09688,0.21042,4.2757e-1,0.0000e+0,0.0000e+0
0.09896,0.21042,1.4061e-1,0.0000e+0,0.0000e+0
0.00104,0.21458,8.8393e+0,0.0000e+0,0.0000e+0
0.00313,0.21458,8.8408e+0,0.0000e+0,0.0000e+0
0.00521,0.21458,8.8442e+0,0.0000e+0,0.0000e+0
0.00729,0.21458,8.8503e+0,0.0000e+0,0.0000e+0
0.00937,0.21458,8.8742e+0,0.0000e+0,1.8094e+12
0.01146,0.21458,8.8166e+0,0.0000e+0,3.2032e+12
0.01354,0.21458,8.6080e+0,0.0000e+0,5.1955e+11
0.01563,0.21458,8.4256e+0,0.0000e+0,0.0000e+0
0.01771,0.21458,8.2782e+0,0.0000e+0,0.0000e+0
0.01979,0.21458,8.1502e+0,0.0000e+0,0.0000e+0
0.02187,0.21458,8.0339e+0,0.0000e+0,2.7563e+11
0.02396,0.21458,7.8976e+0,0.0000e+0,3.4103e+11
0.02604,0.21458,7.7293e+0,0.0000e+0,2.2533e+11
0.02813,0.21458,7.5426e+0,2.1253e+10,2.2237e+11
0.03021,0.21458,7.3311e+0,5.4991e+11,6.0657e+10
0.03229,0.21458,7.1463e+0,3.8738e+11,0.0000e+0
0.03438,0.21458,6.9902e+0,7.8845e+11,4.3473e+11
0.03646,0.21458,6.8567e+0,1.0652e+11,1.8586e+11
0.03854,0.21458,6.7201e+0,0.0000e+0,2.3700e+9
0.04063,0.21458,6.5841e+0,0.0000e+0,1.9795e+11
0.04271,0.21458,6.4320e+0,2.8795e+11,2.2252e+11
0.04479,0.21458,6.2859e+0,4.5190e+10,2.0560e+11
0.04688,0.21458,6.1302e+0,0.0000e+0,1.6660e+11
0.04896,0.21458,5.9680e+0,0.0000e+0,6.2791e+11
0.05104,0.21458,5.7672e+0,4.6996e+10,2.7530e+11
0.05312,0.21458,5.5537e+0,2.4963e+11,0.0000e+0
0.05521,0.21458,5.3582e+0,3.6455e+11,9.3100e+10
0.05729,0.21458,5.1746e+0,1.1700e+11,2.1845e+11
0.05937,0.21458,4.9772e+0,3.5485e+11,7.8859e+10
0.06146,0.21458,4.7940e+0,4.2110e+11,4.2260e+11
0.06354,0.21458,4.6100e+0,4.7780e+10,4.3381e+11
0.06563,0.21458,4.3997e+0,2.8807e+11,2.3867e+11
0.06771,0.21458,4.1858e+0,2.5932e+11,6.8810e+10
0.06979,0.21458,3.9776e+0,3.4024e+11,3.5674e+11
0.07187,0.21458,3.7632e+0,3.0897e+10,3.0222e+11
0.07396,0.21458,3.5279e+0,9.9426e+10,2.0904e+11
0.07604,0.21458,3.2849e+0,2.4305e+11,2.1493e+11
0.07813,0.21458,3.0472e+0,1.2605e+11,4.8039e+11
0.08021,0.21458,2.7837e+0,4.7005e+10,2.6099e+11
0.08229,0.21458,2.5120e+0,2.7714e+10,2.9330e+11
0.08438,0.21458,2.2282e+0,9.3575e+10,2.3828e+11
0.08646,0.21458,1.9449e+0,2.4568e+11,5.8430e+11
0.08854,0.21458,1.6485e+0,9.9185e+9,3.9276e+11
0.09062,0.21458,1.3335e+0,0.0000e+0,3.1477e+9
0.09271,0.21458,1.0257e+0,0.0000e+0,0.0000e+0
0.09479,0.21458,7.2457e-1,0.0000e+0,0.0000e+0
0.09688,0.21458,4.2984e-1,0.0000e+0,0.0000e+0
0.09896,0.21458,1.4128e-1,0.0000e+0,0.0000e+0
0.00104,0.21875,9.0230e+0,0.0000e+0,0.0000e+0
0.00313,0.21875,9.0325e+0,0.0000e+0,0.0000e+0
0.00521,0.21875,9.0536e+0,0.0000e+0,9.8866e+11
0.00729,0.21875,9.0256e+0,0.0000e+0,6.7169e+11
0.00937,0.21875,8.9800e+0,0.0000e+0,1.3785e+12
0.01146,0.21875,8.8597e+0,0.0000e+0,6.3471e+11
0.01354,0.21875,8.7079e+0,0.0000e+0,2.7509e+11
0.01563,0.21875,8.5559e+0,0.0000e+0,0.0000e+0
0.01771,0.21875,8.4196e+0,0.0000e+0,1.0608e+11
0.01979,0.21875,8.2833e+0,0.0000e+0,1.8179e+8
0.02187,0.21875,8.1685e+0,0.0000e+0,6.5042e+11
0.02396,0.21875,8.0358e+0,0.0000e+0,1.4405e+12
0.02604,0.21875,7.8314e+0,6.8333e+11,6.7582e+11
0.02813,0.21875,7.6599e+0,4.9771e+10,9.4199e+11
0.03021,0.21875,7.4415e+0,0.0000e+0,2.3901e+10
0.03229,0.21875,7.2355e+0,8.5207e+10,9.0352e+9
0.03438,0.21875,7.0375e+0,8.1437e+11,1.3506e+10
0.03646,0.21875,6.9012e+0,1.2547e+11,5.7744e+9
0.03854,0.21875,6.7789e+0,0.0000e+0,1.3385e+11
0.04063,0.21875,6.6562e+0,3.0850e+11,6.2597e+11
0.04271,0.21875,6.5191e+0,3.4161e+11,7.3608e+11
0.04479,0.21875,6.3664e+0,2.9272e+10,4.3066e+11
0.04688,0.21875,6.2018e+0,0.0000e+0,2.7874e+11
0.04896,0.21875,6.0354e+0,0.0000e+0,7.8297e+11
0.05104,0.21875,5.8255e+0,0.0000e+0,3.3854e+10
0.05312,0.21875,5.6239e+0,0.0000e+0,3.1008e+11
0.05521,0.21875,5.4137e+0,1.2619e+11,6.2280e+10
0.05729,0.21875,5.2184e+0,3.5040e+11,6.1280e+11
0.05937,0.21875,5.0165e+0,2.3205e+11,3.2099e+11
0.06146,0.21875,4.8194e+0,1.6239e+11,3.4558e+11
0.06354,0.21875,4.6196e+0,1.7285e+10,3.1913e+11
0.06563,0.21875,4.4041e+0,2.6420e+11,2.8914e+11
0.06771,0.21875,4.1903e+0,1.9557e+11,2.0345e+11
0.06979,0.21875,3.9811e+0,1.8685e+11,3.5706e+11
0.07187,0.21875,3.7635e+0,1.8354e+11,1.5124e+11
0.07396,0.21875,3.5452e+0,0.0000e+0,4.3743e+11
0.07604,0.21875,3.2955e+0,3.7439e+11,2.9547e+11
0.07813,0.21875,3.0541e+0,1.4318e+11,3.2811e+11
0.08021,0.21875,2.7982e+0,1.9535e+11,2.7463e+11
0.08229,0.21875,2.5385e+0,3.1345e+10,3.9942e+11
0.08438,0.21875,2.2595e+0,0.0000e+0,2.0415e+11
0.08646,0.21875,1.9767e+0,0.0000e+0,5.0535e+11
0.08854,0.21875,1.6664e+0,0.0000e+0,1.7320e+11
0.09062,0.21875,1.3484e+0,0.0000e+0,4.6452e+10
0.09271,0.21875,1.0348e+0,0.0000e+0,0.0000e+0
0.09479,0.21875,7.2982e-1,0.0000e+0,0.0000e+0
0.09688,0.21875,4.3252e-1,0.0000e+0,0.0000e+0
0.09896,0.21875,1.4210e-1,0.0000e+0,0.0000e+0
0.00104,0.22292,9.1291e+0,0.0000e+0,0.0000e+0
0.00313,0.22292,9.1379e+0,0.0000e+0,0.0000e+0
0.00521,0.22292,9.1554e+0,0.0000e+0,1.2151e+12
0.00729,0.22292,9.1021e+0,0.0000e+0,8.2551e+11
0.00937,0.22292,9.0250e+0,0.0000e+0,8.0276e+11
0.01146,0.22292,8.9282e+0,0.0000e+0,8.4305e+11
0.01354,0.22292,8.8161e+0,0.0000e+0,7.5068e+11
0.01563,0.22292,8.7005e+0,0.0000e+0,6.2733e+11
0.01771,0.22292,8.5919e+0,0.0000e+0,2.1145e+12
0.01979,0.22292,8.3835e+0,0.0000e+0,1.9813e+9
0.02187,0.22292,8.2172e+0,0.0000e+0,6.6249e+10
0.02396,0.22292,8.0678e+0,0.0000e+0,5.0648e+11
0.02604,0.22292,7.8940e+0,1.1392e+11,3.7860e+11
0.02813,0.22292,7.7270e+0,1.2153e+10,5.4602e+11
0.03021,0.22292,7.5530e+0,1.4615e+11,8.8683e+11
0.03229,0.22292,7.3686e+0,0.0000e+0,1.2812e+12
0.03438,0.22292,7.1375e+0,2.5340e+11,0.0000e+0
0.03646,0.22292,6.9600e+0,3.0585e+11,0.0000e+0
0.03854,0.22292,6.8238e+0,3.4395e+11,2.4141e+11
0.04063,0.22292,6.7131e+0,6.2132e+10,9.0412e+11
0.04271,0.22292,6.5666e+0,2.8802e+10,6.2868e+11
0.04479,0.22292,6.3999e+0,9.0045e+10,4.7069e+11
0.04688,0.22292,6.2230e+0,1.5902e+11,1.6433e+11
0.04896,0.22292,6.0627e+0,0.0000e+0,6.3396e+11
0.05104,0.22292,5.8735e+0,4.1467e+10,7.2732e+11
0.05312,0.22292,5.6632e+0,6.5837e+10,3.7570e+11
0.05521,0.22292,5.4569e+0,4.2264e+10,5.1261e+11
0.05729,0.22292,5.2417e+0,1.9202e+10,1.9670e+11
0.05937,0.22292,5.0345e+0,1.4959e+11,3.9598e+11
0.06146,0.22292,4.8300e+0,6.9285e+10,2.8480e+11
0.06354,0.22292,4.6264e+0,4.7275e+10,1.7768e+11
0.06563,0.22292,4.4162e+0,3.1880e+11,2.2944e+11
0.06771,0.22292,4.2105e+0,3.3824e+11,3.3916e+11
0.06979,0.22292,4.0021e+0,2.5251e+11,2.1258e+11
0.07187,0.22292,3.7962e+0,2.3288e+11,4.8196e+11
0.07396,0.22292,3.5766e+0,3.9730e+10,5.3910e+11
0.07604,0.22292,3.3284e+0,1.7048e+11,2.9488e+11
0.07813,0.22292,3.0804e+0,3.2342e+11,5.3911e+11
0.08021,0.22292,2.8285e+0,1.5241e+11,5.8793e+11
0.08229,0.22292,2.5565e+0,2.0497e+10,4.0598e+11
0.08438,0.22292,2.2690e+0,7.7969e+10,1.4454e+11
0.08646,0.22292,1.9883e+0,0.0000e+0,4.0411e+11
0.08854,0.22292,1.6909e+0,0.0000e+0,6.8697e+11
0.09062,0.22292,1.3595e+0,4.5947e+10,1.0585e+11
0.09271,0.22292,1.0373e+0,5.3295e+10,0.0000e+0
0.09479,0.22292,7.3091e-1,0.0000e+0,0.0000e+0
0.09688,0.22292,4.3297e-1,0.0000e+0,0.0000e+0
0.09896,0.22292,1.4222e-1,0.0000e+0,0.0000e+0
0.00104,0.22708,9.1683e+0,0.0000e+0,0.0000e+0
0.00313,0.22708,9.1745e+0,0.0000e+0,0.0000e+0
0.00521,0.22708,9.1868e+0,0.0000e+0,1.8045e+12
0.00729,0.22708,9.0881e+0,0.0000e+0,5.1807e+11
0.00937,0.22708,8.9745e+0,0.0000e+0,0.0000e+0
0.01146,0.22708,8.8697e+0,0.0000e+0,0.0000e+0
0.01354,0.22708,8.7720e+0,0.0000e+0,7.8454e+10
0.01563,0.22708,8.6804e+0,4.5770e+11,8.7159e+11
0.01771,0.22708,8.5731e+0,2.2036e+11,1.6551e+12
0.01979,0.22708,8.3935e+0,0.0000e+0,0.0000e+0
0.02187,0.22708,8.2376e+0,0.0000e+0,8.2400e+10
0.02396,0.22708,8.0945e+0,0.0000e+0,1.1221e+12
0.02604,0.22708,7.8907e+0,0.0000e+0,0.0000e+0
0.02813,0.22708,7.7015e+0,1.5230e+10,1.0184e+11
0.03021,0.22708,7.5071e+0,5.7743e+11,1.9401e+11
0.03229,0.22708,7.3397e+0,0.0000e+0,1.9831e+11
0.03438,0.22708,7.1586e+0,0.0000e+0,9.4126e+10
0.03646,0.22708,6.9841e+0,4.6299e+8,6.1407e+10
0.03854,0.22708,6.8210e+0,7.6367e+10,0.0000e+0
0.04063,0.22708,6.6806e+0,2.9282e+11,4.3889e+11
0.04271,0.22708,6.5384e+0,1.2130e+11,4.5978e+11
0.04479,0.22708,6.3789e+0,2.5512e+11,6.4301e+11
0.04688,0.22708,6.2021e+0,1.5099e+11,6.7686e+10
0.04896,0.22708,6.0366e+0,0.0000e+0,5.5161e+11
0.05104,0.22708,5.8246e+0,4.2906e+11,1.4980e+11
0.05312,0.22708,5.6203e+0,3.2519e+11,1.6778e+11
0.05521,0.22708,5.4178e+0,2.6624e+11,2.3613e+11
0.05729,0.22708,5.2087e+0,1.2030e+11,1.2011e+10
0.05937,0.22708,4.9977e+0,7.6169e+11,2.2351e+11
0.06146,0.22708,4.8040e+0,6.1001e+11,1.6952e+10
0.06354,0.22708,4.6443e+0,1.7381e+11,3.7461e+11
0.06563,0.22708,4.4657e+0,1.2213e+11,5.1544e+11
0.06771,0.22708,4.2701e+0,1.4053e+11,6.3200e+11
0.06979,0.22708,4.0529e+0,0.0000e+0,3.9214e+11
0.07187,0.22708,3.8247e+0,3.8391e+10,3.0919e+11
0.07396,0.22708,3.5925e+0,1.0473e+11,4.2251e+11
0.07604,0.22708,3.3504e+0,1.8601e+10,4.9732e+11
0.07813,0.22708,3.0855e+0,9.7489e+10,1.4316e+11
0.08021,0.22708,2.8252e+0,4.2964e+10,2.9353e+11
0.08229,0.22708,2.5493e+0,1.2271e+11,4.5050e+11
0.08438,0.22708,2.2542e+0,2.5712e+11,1.0002e+11
0.08646,0.22708,1.9677e+0,0.0000e+0,2.7384e+11
0.08854,0.22708,1.6647e+0,0.0000e+0,3.6041e+11
0.09062,0.22708,1.3412e+0,6.7068e+10,2.3619e+10
0.09271,0.22708,1.0262e+0,7.7793e+10,0.0000e+0
0.09479,0.22708,7.2488e-1,0.0000e+0,0.0000e+0
0.09688,0.22708,4.2995e-1,0.0000e+0,0.0000e+0
0.09896,0.22708,1.4131e-1,0.0000e+0,0.0000e+0
0.00104,0.23125,9.1564e+0,0.0000e+0,0.0000e+0
0.00313,0.23125,9.1596e+0,0.0000e+0,0.0000e+0
0.00521,0.23125,9.1659e+0,0.0000e+0,1.2626e+12
0.00729,0.23125,9.0930e+0,0.0000e+0,7.1932e+11
0.00937,0.23125,8.9854e+0,0.0000e+0,3.9346e+11
0.01146,0.23125,8.8560e+0,0.0000e+0,0.0000e+0
0.01354,0.23125,8.7374e+0,0.0000e+0,1.8060e+11
0.01563,0.23125,8.6166e+0,4.6959e+11,8.7424e+11
0.01771,0.23125,8.4740e+0,7.7226e+11,1.5311e+11
0.01979,0.23125,8.3791e+0,3.9114e+10,8.3446e+11
0.02187,0.23125,8.2385e+0,0.0000e+0,6.7852e+11
0.02396,0.23125,8.0712e+0,0.0000e+0,4.0662e+11
0.02604,0.23125,7.8920e+0,0.0000e+0,1.1883e+11
0.02813,0.23125,7.7265e+0,0.0000e+0,6.8094e+11
0.03021,0.23125,7.5398e+0,0.0000e+0,5.0165e+11
0.03229,0.23125,7.3482e+0,0.0000e+0,2.1636e+11
0.03438,0.23125,7.1662e+0,0.0000e+0,2.9093e+11
0.03646,0.23125,6.9838e+0,0.0000e+0,1.8980e+11
0.03854,0.23125,6.8021e+0,2.3625e+11,8.5862e+10
0.04063,0.23125,6.6357e+0,5.0018e+11,5.1402e+10
0.04271,0.23125,6.4923e+0,9.1289e+10,4.5671e+8
0.04479,0.23125,6.3459e+0,1.2766e+11,0.0000e+0
0.04688,0.23125,6.2043e+0,0.0000e+0,8.3528e+10
0.04896,0.23125,6.0549e+0,0.0000e+0,5.6187e+11
0.05104,0.23125,5.8626e+0,0.0000e+0,2.8272e+11
0.05312,0.23125,5.6555e+0,0.0000e+0,2.8265e+11
0.05521,0.23125,5.4338e+0,5.3962e+11,0.0000e+0
0.05729,0.23125,5.2558e+0,3.6890e+11,3.8404e+11
0.05937,0.23125,5.0726e+0,1.6814e+11,5.7133e+11
0.06146,0.23125,4.8621e+0,4.3526e+11,2.5308e+10
0.06354,0.23125,4.6859e+0,1.0237e+11,3.0811e+11
0.06563,0.23125,4.4933e+0,1.6482e+10,3.0158e+11
0.06771,0.23125,4.2827e+0,1.6024e+11,5.3329e+11
0.06979,0.23125,4.0513e+0,3.6088e+9,1.8661e+11
0.07187,0.23125,3.8124e+0,8.3944e+9,3.3180e+10
0.07396,0.23125,3.5770e+0,1.5539e+11,2.3165e+11
0.07604,0.23125,3.3410e+0,2.9505e+10,4.2020e+11
0.07813,0.23125,3.0839e+0,0.0000e+0,5.5651e+10
0.08021,0.23125,2.8325e+0,0.0000e+0,4.9562e+11
0.08229,0.23125,2.5586e+0,2.3485e+10,4.6509e+11
0.08438,0.23125,2.2673e+0,3.3175e+10,4.8967e+11
0.08646,0.23125,1.9560e+0,1.3324e+11,3.2923e+11
0.08854,0.23125,1.6364e+0,9.7202e+10,0.0000e+0
0.09062,0.23125,1.3252e+0,0.0000e+0,0.0000e+0
0.09271,0.23125,1.0185e+0,0.0000e+0,0.0000e+0
0.09479,0.23125,7.1948e-1,0.0000e+0,0.0000e+0
0.09688,0.23125,4.2688e-1,0.0000e+0,0.0000e+0
0.09896,0.23125,1.4033e-1,0.0000e+0,0.0000e+0
0.00104,0.23542,9.1227e+0,0.0000e+0,0.0000e+0
0.00313,0.23542,9.1207e+0,0.0000e+0,0.0000e+0
0.00521,0.23542,9.1171e+0,0.0000e+0,0.0000e+0
0.00729,0.23542,9.1128e+0,0.0000e+0,9.1353e+11
0.00937,0.23542,9.0662e+0,0.0000e+0,2.4705e+12
0.01146,0.23542,8.8893e+0,0.0000e+0,3.0060e+11
0.01354,0.23542,8.7287e+0,0.0000e+0,0.0000e+0
0.01563,0.23542,8.5796e+0,0.0000e+0,0.0000e+0
0.01771,0.23542,8.4360e+0,6.2476e+11,1.2712e+11
0.01979,0.23542,8.3345e+0,4.4742e+10,6.0085e+11
0.02187,0.23542,8.1912e+0,0.0000e+0,3.0989e+11
0.02396,0.23542,8.0285e+0,0.0000e+0,2.8754e+11
0.02604,0.23542,7.8562e+0,0.0000e+0,3.9752e+11
0.02813,0.23542,7.6744e+0,0.0000e+0,3.8834e+11
0.03021,0.23542,7.4867e+0,0.0000e+0,3.5275e+11
0.03229,0.23542,7.2984e+0,3.7063e+11,2.1787e+11
0.03438,0.23542,7.1279e+0,1.4047e+11,1.7162e+11
0.03646,0.23542,6.9632e+0,0.0000e+0,0.0000e+0
0.03854,0.23542,6.8086e+0,4.9723e+9,2.7428e+11
0.04063,0.23542,6.6535e+0,8.8205e+9,1.5962e+11
0.04271,0.23542,6.5067e+0,0.0000e+0,0.0000e+0
0.04479,0.23542,6.3688e+0,0.0000e+0,0.0000e+0
0.04688,0.23542,6.2374e+0,0.0000e+0,3.0594e+11
0.04896,0.23542,6.0975e+0,0.0000e+0,1.0284e+12
0.05104,0.23542,5.9036e+0,0.0000e+0,6.1484e+11
0.05312,0.23542,5.6939e+0,0.0000e+0,2.2320e+11
0.05521,0.23542,5.4969e+0,8.0223e+10,1.0869e+11
0.05729,0.23542,5.3300e+0,4.8012e+10,5.8259e+11
0.05937,0.23542,5.1584e+0,1.6210e+10,1.1120e+12
0.06146,0.23542,4.9434e+0,0.0000e+0,1.5771e+11
0.06354,0.23542,4.7477e+0,0.0000e+0,5.2835e+11
0.06563,0.23542,4.5317e+0,1.1675e+11,7.0460e+11
0.06771,0.23542,4.2881e+0,8.0424e+10,1.6560e+11
0.06979,0.23542,4.0499e+0,9.0892e+10,3.2683e+11
0.07187,0.23542,3.8053e+0,2.1142e+11,2.7299e+11
0.07396,0.23542,3.5650e+0,0.0000e+0,1.3096e+11
0.07604,0.23542,3.3205e+0,0.0000e+0,1.6458e+11
0.07813,0.23542,3.0685e+0,0.0000e+0,2.8819e+11
0.08021,0.23542,2.8018e+0,3.4985e+10,1.7643e+11
0.08229,0.23542,2.5297e+0,1.4865e+10,2.5598e+11
0.08438,0.23542,2.2462e+0,6.5947e+10,4.0955e+11
0.08646,0.23542,1.9450e+0,5.5172e+10,2.6047e+11
0.08854,0.23542,1.6352e+0,1.0957e+10,1.4327e+11
0.09062,0.23542,1.3194e+0,1.9929e+10,0.0000e+0
0.09271,0.23542,1.0076e+0,2.1316e+11,0.0000e+0
0.09479,0.23542,7.1428e-1,0.0000e+0,0.0000e+0
0.09688,0.23542,4.2449e-1,0.0000e+0,0.0000e+0
0.09896,0.23542,1.3963e-1,0.0000e+0,0.0000e+0
0.00104,0.23958,9.1031e+0,0.0000e+0,0.0000e+0
0.00313,0.23958,9.0948e+0,0.0000e+0,0.0000e+0
0.00521,0.23958,9.0767e+0,0.0000e+0,0.0000e+0
0.00729,0.23958,9.0452e+0,0.0000e+0,0.0000e+0
0.00937,0.23958,8.9916e+0,0.0000e+0,4.4612e+11
0.01146,0.23958,8.8853e+0,0.0000e+0,9.2669e+10
0.01354,0.23958,8.7686e+0,0.0000e+0,5.1990e+11
0.01563,0.23958,8.6153e+0,0.0000e+0,0.0000e+0
0.01771,0.23958,8.4724e+0,0.0000e+0,2.6223e+11
0.01979,0.23958,8.3203e+0,7.3504e+11,5.4825e+11
0.02187,0.23958,8.1825e+0,1.6465e+11,8.0956e+11
0.02396,0.23958,7.9923e+0,0.0000e+0,7.4853e+10
0.02604,0.23958,7.7901e+0,0.0000e+0,2.2131e+10
0.02813,0.23958,7.5786e+0,3.6692e+11,5.0656e+8
0.03021,0.23958,7.3767e+0,1.2764e+12,3.4443e+10
0.03229,0.23958,7.2482e+0,3.4575e+11,3.8189e+11
0.03438,0.23958,7.1118e+0,4.6815e+10,6.3920e+11
0.03646,0.23958,6.9390e+0,0.0000e+0,0.0000e+0
0.03854,0.23958,6.7673e+0,5.4549e+11,0.0000e+0
0.04063,0.23958,6.6237e+0,4.9599e+11,8.8047e+9
0.04271,0.23958,6.5138e+0,0.0000e+0,1.9538e+11
0.04479,0.23958,6.3906e+0,0.0000e+0,6.1248e+11
0.04688,0.23958,6.2320e+0,0.0000e+0,3.1091e+11
0.04896,0.23958,6.0618e+0,0.0000e+0,7.4016e+11
0.05104,0.23958,5.8475e+0,2.3726e+10,1.9087e+10
0.05312,0.23958,5.6430e+0,3.2524e+11,1.5633e+11
0.05521,0.23958,5.4566e+0,1.0093e+11,1.1891e+11
0.05729,0.23958,5.2741e+0,2.6311e+11,1.0936e+11
0.05937,0.23958,5.1001e+0,1.3628e+11,5.6787e+10
0.06146,0.23958,4.9260e+0,0.0000e+0,9.0386e+10
0.06354,0.23958,4.7518e+0,0.0000e+0,9.2051e+11
0.06563,0.23958,4.5250e+0,8.2731e+10,6.2353e+11
0.06771,0.23958,4.2733e+0,9.0278e+10,1.4353e+11
0.06979,0.23958,4.0305e+0,5.6416e+8,1.8491e+11
0.07187,0.23958,3.7894e+0,6.6142e+10,2.3988e+11
0.07396,0.23958,3.5554e+0,1.9300e+10,5.0369e+11
0.07604,0.23958,3.3058e+0,0.0000e+0,2.9082e+11
0.07813,0.23958,3.0491e+0,0.0000e+0,3.6149e+11
0.08021,0.23958,2.7761e+0,1.5946e+11,2.2142e+11
0.08229,0.23958,2.5000e+0,1.6723e+11,2.4160e+11
0.08438,0.23958,2.2183e+0,1.9798e+11,1.8869e+11
0.08646,0.23958,1.9360e+0,7.4605e+10,2.3094e+11
0.08854,0.23958,1.6456e+0,0.0000e+0,3.8517e+11
0.09062,0.23958,1.3309e+0,7.6412e+8,3.4432e+10
0.09271,0.23958,1.0211e+0,8.1733e+9,0.0000e+0
0.09479,0.23958,7.2040e-1,0.0000e+0,0.0000e+0
0.09688,0.23958,4.2708e-1,0.0000e+0,0.0000e+0
0.09896,0.23958,1.4034e-1,0.0000e+0,0.0000e+0
0.00104,0.24375,9.1487e+0,0.0000e+0,0.0000e+0
0.00313,0.24375,9.1431e+0,0.0000e+0,0.0000e+0
0.00521,0.24375,9.1322e+0,0.0000e+0,0.0000e+0
0.00729,0.24375,9.1140e+0,0.0000e+0,3.9779e+11
0.00937,0.24375,9.0582e+0,0.0000e+0,3.0527e+11
0.01146,0.24375,8.9737e+0,0.0000e+0,2.9636e+11
0.01354,0.24375,8.8755e+0,0.0000e+0,1.6033e+12
0.01563,0.24375,8.6880e+0,0.0000e+0,0.0000e+0
0.01771,0.24375,8.5333e+0,3.2258e+10,5.1683e+11
0.01979,0.24375,8.3701e+0,1.7570e+11,5.7295e+10
0.02187,0.24375,8.2397e+0,3.8516e+10,1.2248e+12
0.02396,0.24375,8.0490e+0,0.0000e+0,1.0146e+12
0.02604,0.24375,7.8208e+0,0.0000e+0,1.8702e+11
0.02813,0.24375,7.6089e+0,1.0708e+11,1.0249e+10
0.03021,0.24375,7.4268e+0,4.0786e+11,7.2303e+11
0.03229,0.24375,7.2422e+0,7.8593e+11,1.1423e+11
0.03438,0.24375,7.1022e+0,3.2124e+9,3.3150e+10
0.03646,0.24375,6.9500e+0,0.0000e+0,0.0000e+0
0.03854,0.24375,6.7976e+0,5.9207e+10,0.0000e+0
0.04063,0.24375,6.6527e+0,3.8150e+11,2.7632e+10
0.04271,0.24375,6.5372e+0,9.7596e+10,5.1772e+11
0.04479,0.24375,6.3882e+0,0.0000e+0,4.5566e+11
0.04688,0.24375,6.2042e+0,0.0000e+0,1.5376e+11
0.04896,0.24375,6.0031e+0,1.8132e+11,7.8588e+10
0.05104,0.24375,5.8015e+0,1.6726e+11,1.1489e+11
0.05312,0.24375,5.5929e+0,8.8158e+11,1.7646e+11
0.05521,0.24375,5.4254e+0,4.8391e+11,3.1667e+11
0.05729,0.24375,5.2577e+0,5.8466e+10,3.2601e+10
0.05937,0.24375,5.0867e+0,0.0000e+0,2.0837e+11
0.06146,0.24375,4.9041e+0,6.1276e+10,4.0812e+11
0.06354,0.24375,4.7032e+0,3.0647e+11,6.3965e+11
0.06563,0.24375,4.4804e+0,6.9943e+10,3.4435e+11
0.06771,0.24375,4.2377e+0,2.9179e+11,5.8324e+11
0.06979,0.24375,3.9764e+0,2.6237e+11,2.8284e+11
0.07187,0.24375,3.7171e+0,5.1672e+11,4.5614e+10
0.07396,0.24375,3.4836e+0,4.1511e+11,2.0565e+11
0.07604,0.24375,3.2562e+0,0.0000e+0,2.3790e+11
0.07813,0.24375,3.0096e+0,4.0385e+10,1.8148e+10
0.08021,0.24375,2.7663e+0,3.0061e+10,3.3969e+11
0.08229,0.24375,2.5052e+0,1.2966e+11,6.1336e+11
0.08438,0.24375,2.2162e+0,1.8753e+11,1.2418e+11
0.08646,0.24375,1.9370e+0,7.0090e+10,1.2197e+11
0.08854,0.24375,1.6603e+0,1.8198e+10,7.9979e+11
0.09062,0.24375,1.3406e+0,1.7882e+10,1.3042e+11
0.09271,0.24375,1.0265e+0,0.0000e+0,0.0000e+0
0.09479,0.24375,7.2318e-1,0.0000e+0,0.0000e+0
0.09688,0.24375,4.2836e-1,0.0000e+0,0.0000e+0
0.09896,0.24375,1.4070e-1,0.0000e+0,0.0000e+0
0.00104,0.24792,9.2358e+0,0.0000e+0,0.0000e+0
0.00313,0.24792,9.2360e+0,0.0000e+0,0.0000e+0
0.00521,0.24792,9.2395e+0,0.0000e+0,0.0000e+0
0.00729,0.24792,9.2501e+0,0.0000e+0,1.2834e+12
0.00937,0.24792,9.2058e+0,0.0000e+0,2.0020e+12
0.01146,0.24792,9.0913e+0,0.0000e+0,1.8321e+12
0.01354,0.24792,8.9235e+0,0.0000e+0,1.3068e+12
0.01563,0.24792,8.7215e+0,0.0000e+0,0.0000e+0
0.01771,0.24792,8.5663e+0,1.0865e+12,1.4974e+12
0.01979,0.24792,8.3972e+0,1.2675e+11,7.2914e+11
0.02187,0.24792,8.2267e+0,0.0000e+0,9.9069e+11
0.02396,0.24792,8.0095e+0,0.0000e+0,1.4412e+11
0.02604,0.24792,7.7977e+0,0.0000e+0,0.0000e+0
0.02813,0.24792,7.5987e+0,6.6028e+11,0.0000e+0
0.03021,0.24792,7.4639e+0,8.9863e+10,8.1345e+11
0.03229,0.24792,7.3000e+0,6.8561e+11,5.6730e+11
0.03438,0.24792,7.1664e+0,5.0045e+10,8.5064e+11
0.03646,0.24792,6.9970e+0,2.8758e+10,1.4806e+11
0.03854,0.24792,6.8406e+0,1.7738e+11,0.0000e+0
0.04063,0.24792,6.7163e+0,7.7261e+10,4.1391e+11
0.04271,0.24792,6.5898e+0,2.1626e+10,9.3727e+11
0.04479,0.24792,6.4142e+0,0.0000e+0,2.9083e+11
0.04688,0.24792,6.2299e+0,0.0000e+0,3.9896e+11
0.04896,0.24792,6.0274e+0,7.7790e+10,1.8573e+11
0.05104,0.24792,5.8286e+0,5.7240e+10,5.3952e+10
0.05312,0.24792,5.6388e+0,1.1018e+11,8.2868e+10
0.05521,0.24792,5.4655e+0,4.7314e+10,3.9217e+11
0.05729,0.24792,5.2809e+0,0.0000e+0,3.6354e+11
0.05937,0.24792,5.0800e+0,0.0000e+0,2.1299e+11
0.06146,0.24792,4.8693e+0,1.8377e+11,2.3605e+11
0.06354,0.24792,4.6599e+0,5.1919e+11,5.0665e+11
0.06563,0.24792,4.4561e+0,8.0771e+10,8.0432e+11
0.06771,0.24792,4.2064e+0,4.3229e+10,2.7511e+11
0.06979,0.24792,3.9491e+0,2.9030e+11,2.1586e+11
0.07187,0.24792,3.7065e+0,3.2646e+11,2.5913e+11
0.07396,0.24792,3.4798e+0,8.2977e+10,4.6447e+11
0.07604,0.24792,3.2344e+0,4.0696e+10,6.6734e+10
0.07813,0.24792,2.9915e+0,1.7676e+11,1.6408e+11
0.08021,0.24792,2.7550e+0,9.7985e+10,4.2052e+11
0.08229,0.24792,2.5014e+0,1.7816e+11,6.6519e+11
0.08438,0.24792,2.2246e+0,0.0000e+0,3.4340e+11
0.08646,0.24792,1.9363e+0,7.2339e+10,4.5164e+11
0.08854,0.24792,1.6312e+0,2.1477e+11,3.0352e+11
0.09062,0.24792,1.3210e+0,1.0603e+11,6.1861e+10
0.09271,0.24792,1.0167e+0,0.0000e+0,0.0000e+0
0.09479,0.24792,7.1824e-1,0.0000e+0,0.0000e+0
0.09688,0.24792,4.2601e-1,0.0000e+0,0.0000e+0
0.09896,0.24792,1.4001e-1,0.0000e+0,0.0000e+0
0.00104,0.25208,9.3238e+0,0.0000e+0,0.0000e+0
0.00313,0.25208,9.3110e+0,0.0000e+0,0.0000e+0
0.00521,0.25208,9.3066e+0,0.0000e+0,1.5057e+12
0.00729,0.25208,9.2212e+0,0.0000e+0,1.3138e+12
0.00937,0.25208,9.0762e+0,0.0000e+0,0.0000e+0
0.01146,0.25208,8.9490e+0,0.0000e+0,2.6770e+11
0.01354,0.25208,8.8114e+0,0.0000e+0,3.0795e+11
0.01563,0.25208,8.6632e+0,0.0000e+0,0.0000e+0
0.01771,0.25208,8.5313e+0,0.0000e+0,8.7538e+11
0.01979,0.25208,8.3548e+0,0.0000e+0,5.0101e+11
0.02187,0.25208,8.1627e+0,0.0000e+0,4.2229e+10
0.02396,0.25208,7.9776e+0,0.0000e+0,8.5734e+10
0.02604,0.25208,7.7891e+0,0.0000e+0,6.8917e+10
0.02813,0.25208,7.6018e+0,7.1166e+10,0.0000e+0
0.03021,0.25208,7.4323e+0,4.1071e+11,6.8396e+10
0.03229,0.25208,7.2940e+0,3.5875e+11,4.5626e+11
0.03438,0.25208,7.1602e+0,5.9907e+10,7.1997e+11
0.03646,0.25208,6.9978e+0,5.2920e+10,2.5423e+11
0.03854,0.25208,6.8384e+0,3.4530e+11,7.5420e+10
0.04063,0.25208,6.7053e+0,4.7469e+11,4.4325e+11
0.04271,0.25208,6.5795e+0,0.0000e+0,6.6569e+11
0.04479,0.25208,6.4170e+0,0.0000e+0,5.0807e+11
0.04688,0.25208,6.2376e+0,0.0000e+0,5.4873e+11
0.04896,0.25208,6.0386e+0,0.0000e+0,8.9106e+10
0.05104,0.25208,5.8467e+0,0.0000e+0,7.2217e+10
0.05312,0.25208,5.6560e+0,9.0820e+10,1.3918e+11
0.05521,0.25208,5.4700e+0,2.8735e+11,3.9718e+11
0.05729,0.25208,5.2827e+0,0.0000e+0,3.8581e+11
0.05937,0.25208,5.0745e+0,0.0000e+0,3.0503e+11
0.06146,0.25208,4.8479e+0,2.0419e+11,0.0000e+0
0.06354,0.25208,4.6362e+0,2.0125e+11,3.3031e+11
0.06563,0.25208,4.4160e+0,3.8151e+9,3.8071e+11
0.06771,0.25208,4.1663e+0,2.2284e+11,1.0109e+11
0.06979,0.25208,3.9250e+0,7.7605e+10,1.3237e+11
0.07187,0.25208,3.6824e+0,3.0374e+11,1.0349e+11
0.07396,0.25208,3.4561e+0,9.2683e+10,2.5065e+11
0.07604,0.25208,3.2183e+0,1.3119e+11,7.3424e+10
0.07813,0.25208,2.9885e+0,1.0095e+11,6.5188e+11
0.08021,0.25208,2.7291e+0,2.2068e+11,4.4410e+11
0.08229,0.25208,2.4614e+0,1.9836e+11,1.8107e+11
0.08438,0.25208,2.1988e+0,2.4051e+11,5.3213e+11
0.08646,0.25208,1.9223e+0,3.5916e+10,5.5817e+11
0.08854,0.25208,1.6184e+0,1.9731e+11,2.6397e+11
0.09062,0.25208,1.3149e+0,0.0000e+0,1.0122e+11
0.09271,0.25208,1.0111e+0,0.0000e+0,0.0000e+0
0.09479,0.25208,7.1413e-1,0.0000e+0,0.0000e+0
0.09688,0.25208,4.2362e-1,0.0000e+0,0.0000e+0
0.09896,0.25208,1.3924e-1,0.0000e+0,0.0000e+0
0.00104,0.25625,9.5152e+0,0.0000e+0,2.6317e+12
0.00313,0.25625,9.3743e+0,0.0000e+0,1.9226e+10
0.00521,0.25625,9.2974e+0,0.0000e+0,1.4282e+12
0.00729,0.25625,9.1502e+0,0.0000e+0,5.3135e+11
0.00937,0.25625,8.9976e+0,0.0000e+0,0.0000e+0
0.01146,0.25625,8.8608e+0,0.0000e+0,0.0000e+0
0.01354,0.25625,8.7327e+0,0.0000e+0,0.0000e+0
0.01563,0.25625,8.6146e+0,0.0000e+0,6.1344e+11
0.01771,0.25625,8.4724e+0,0.0000e+0,7.9114e+11
0.01979,0.25625,8.2943e+0,0.0000e+0,1.2090e+11
0.02187,0.25625,8.1291e+0,1.2934e+11,0.0000e+0
0.02396,0.25625,7.9972e+0,2.1452e+11,1.4147e+12
0.02604,0.25625,7.8140e+0,0.0000e+0,7.3746e+11
0.02813,0.25625,7.6091e+0,0.0000e+0,0.0000e+0
0.03021,0.25625,7.4274e+0,3.0265e+11,2.4927e+11
0.03229,0.25625,7.2679e+0,2.5935e+11,5.3167e+11
0.03438,0.25625,7.1024e+0,4.8950e+11,7.4869e+10
0.03646,0.25625,6.9689e+0,1.8063e+11,2.9828e+11
0.03854,0.25625,6.8381e+0,2.6177e+10,3.9174e+11
0.04063,0.25625,6.6982e+0,5.6522e+10,6.2156e+11
0.04271,0.25625,6.5349e+0,0.0000e+0,3.3898e+11
0.04479,0.25625,6.3599e+0,6.0630e+10,2.3486e+11
0.04688,0.25625,6.1851e+0,1.2194e+11,1.5004e+11
0.04896,0.25625,6.0266e+0,6.0357e+10,3.4291e+11
0.05104,0.25625,5.8683e+0,0.0000e+0,8.1145e+11
0.05312,0.25625,5.6731e+0,7.4895e+9,2.8043e+11
0.05521,0.25625,5.4745e+0,2.4397e+11,3.2974e+11
0.05729,0.25625,5.2760e+0,1.4331e+11,3.0038e+11
0.05937,0.25625,5.0772e+0,0.0000e+0,4.7548e+11
0.06146,0.25625,4.8538e+0,2.4112e+11,3.7964e+11
0.06354,0.25625,4.6291e+0,4.6772e+11,5.2537e+11
0.06563,0.25625,4.4045e+0,0.0000e+0,1.6236e+11
0.06771,0.25625,4.1674e+0,0.0000e+0,2.1041e+11
0.06979,0.25625,3.9166e+0,2.3424e+11,2.7492e+10
0.07187,0.25625,3.6814e+0,1.3817e+11,5.4454e+10
0.07396,0.25625,3.4511e+0,4.3008e+10,2.5492e+11
0.07604,0.25625,3.2069e+0,2.3073e+11,2.7742e+11
0.07813,0.25625,2.9643e+0,0.0000e+0,3.8743e+11
0.08021,0.25625,2.6974e+0,1.4149e+10,6.2272e+10
0.08229,0.25625,2.4270e+0,1.4470e+11,2.0987e+10
0.08438,0.25625,2.1651e+0,3.2247e+11,5.2912e+11
0.08646,0.25625,1.8876e+0,9.6517e+10,2.1690e+11
0.08854,0.25625,1.6032e+0,1.2069e+11,3.5974e+11
0.09062,0.25625,1.3057e+0,0.0000e+0,1.2214e+11
0.09271,0.25625,1.0049e+0,0.0000e+0,0.0000e+0
0.09479,0.25625,7.1021e-1,0.0000e+0,0.0000e+0
0.09688,0.25625,4.2144e-1,0.0000e+0,0.0000e+0
0.09896,0.25625,1.3854e-1,0.0000e+0,0.0000e+0
0.00104,0.26042,1.0008e+1,0.0000e+0,1.8406e+13
0.00313,0.26042,9.4671e+0,0.0000e+0,1.3447e+11
0.00521,0.26042,9.2994e+0,0.0000e+0,2.5282e+12
0.00729,0.26042,9.1057e+0,0.0000e+0,3.9591e+11
0.00937,0.26042,8.9841e+0,0.0000e+0,1.4051e+12
0.01146,0.26042,8.8337e+0,0.0000e+0,6.1831e+11
0.01354,0.26042,8.6893e+0,0.0000e+0,5.5582e+11
0.01563,0.26042,8.5395e+0,0.0000e+0,5.3341e+11
0.01771,0.26042,8.3839e+0,0.0000e+0,5.1023e+11
0.01979,0.26042,8.2166e+0,0.0000e+0,7.2373e+10
0.02187,0.26042,8.0600e+0,2.3415e+11,0.0000e+0
0.02396,0.26042,7.9171e+0,3.8834e+11,4.3657e+11
0.02604,0.26042,7.7567e+0,0.0000e+0,1.1549e+10
0.02813,0.26042,7.5810e+0,0.0000e+0,0.0000e+0
0.03021,0.26042,7.3971e+0,1.6934e+11,0.0000e+0
0.03229,0.26042,7.2093e+0,9.1174e+11,0.0000e+0
0.03438,0.26042,7.0772e+0,3.4951e+10,5.5712e+10
0.03646,0.26042,6.9293e+0,3.8834e+11,1.0183e+11
0.03854,0.26042,6.7883e+0,1.3222e+11,1.0603e+11
0.04063,0.26042,6.6397e+0,0.0000e+0,2.7997e+11
0.04271,0.26042,6.4636e+0,0.0000e+0,0.0000e+0
0.04479,0.26042,6.2774e+0,2.9599e+11,0.0000e+0
0.04688,0.26042,6.0991e+0,5.6507e+11,7.1893e+10
0.04896,0.26042,5.9528e+0,2.2133e+11,1.3239e+11
0.05104,0.26042,5.8114e+0,0.0000e+0,3.6861e+11
0.05312,0.26042,5.6481e+0,0.0000e+0,4.3327e+11
0.05521,0.26042,5.4618e+0,2.1883e+10,3.9510e+11
0.05729,0.26042,5.2612e+0,1.4236e+10,2.6600e+11
0.05937,0.26042,5.0583e+0,0.0000e+0,2.2097e+11
0.06146,0.26042,4.8531e+0,2.6942e+10,4.2126e+11
0.06354,0.26042,4.6348e+0,1.1912e+11,2.0088e+11
0.06563,0.26042,4.4209e+0,0.0000e+0,3.4083e+11
0.06771,0.26042,4.1877e+0,0.0000e+0,2.6887e+11
0.06979,0.26042,3.9390e+0,3.2171e+11,1.3372e+11
0.07187,0.26042,3.7091e+0,5.4281e+10,4.0709e+11
0.07396,0.26042,3.4594e+0,0.0000e+0,1.3982e+11
0.07604,0.26042,3.2041e+0,2.0758e+10,1.6403e+11
0.07813,0.26042,2.9426e+0,5.8822e+11,4.6707e+11
0.08021,0.26042,2.6923e+0,1.2257e+11,4.1888e+11
0.08229,0.26042,2.4230e+0,1.9223e+9,3.3428e+9
0.08438,0.26042,2.1549e+0,1.0893e+11,2.4817e+11
0.08646,0.26042,1.8742e+0,1.6621e+11,1.2306e+11
0.08854,0.26042,1.5942e+0,6.2681e+10,2.6669e+11
0.09062,0.26042,1.2992e+0,0.0000e+0,7.7657e+10
0.09271,0.26042,1.0013e+0,0.0000e+0,0.0000e+0
0.09479,0.26042,7.0810e-1,0.0000e+0,0.0000e+0
0.09688,0.26042,4.2033e-1,0.0000e+0,0.0000e+0
0.09896,0.26042,1.3820e-1,0.0000e+0,0.0000e+0
0.00104,0.26458,9.0431e+0,0.0000e+0,0.0000e+0
0.00313,0.26458,8.9697e+0,0.0000e+0,0.0000e+0
0.00521,0.26458,8.9001e+0,0.0000e+0,0.0000e+0
0.00729,0.26458,8.8284e+0,0.0000e+0,0.0000e+0
0.00937,0.26458,8.7655e+0,0.0000e+0,3.3029e+11
0.01146,0.26458,8.6947e+0,0.0000e+0,1.1555e+12
0.01354,0.26458,8.5831e+0,0.0000e+0,1.7031e+12
0.01563,0.26458,8.4014e+0,0.0000e+0,0.0000e+0
0.01771,0.26458,8.2580e+0,0.0000e+0,0.0000e+0
0.01979,0.26458,8.1415e+0,0.0000e+0,9.6710e+10
0.02187,0.26458,8.0497e+0,0.0000e+0,8.3127e+11
0.02396,0.26458,7.9417e+0,0.0000e+0,1.0216e+12
0.02604,0.26458,7.8106e+0,0.0000e+0,1.2907e+12
0.02813,0.26458,7.6394e+0,0.0000e+0,5.9137e+11
0.03021,0.26458,7.4697e+0,1.0993e+10,5.2217e+11
0.03229,0.26458,7.2947e+0,4.5461e+10,1.2398e+11
0.03438,0.26458,7.1414e+0,0.0000e+0,3.4010e+11
0.03646,0.26458,6.9888e+0,0.0000e+0,7.3836e+11
0.03854,0.26458,6.8055e+0,0.0000e+0,3.6590e+10
0.04063,0.26458,6.6360e+0,0.0000e+0,1.3271e+11
0.04271,0.26458,6.4682e+0,0.0000e+0,6.9660e+11
0.04479,0.26458,6.2689e+0,5.5110e+10,2.7956e+11
0.04688,0.26458,6.0748e+0,4.4289e+11,3.8764e+11
0.04896,0.26458,5.9071e+0,8.9511e+10,4.4474e+10
0.05104,0.26458,5.7515e+0,0.0000e+0,3.8424e+10
0.05312,0.26458,5.6063e+0,0.0000e+0,8.3467e+11
0.05521,0.26458,5.4189e+0,0.0000e+0,5.6674e+11
0.05729,0.26458,5.2091e+0,0.0000e+0,5.7868e+10
0.05937,0.26458,5.0075e+0,0.0000e+0,0.0000e+0
0.06146,0.26458,4.8146e+0,2.1215e+11,3.0429e+11
0.06354,0.26458,4.6254e+0,3.9392e+10,1.9760e+11
0.06563,0.26458,4.4360e+0,0.0000e+0,6.3653e+11
0.06771,0.26458,4.2147e+0,0.0000e+0,3.6985e+11
0.06979,0.26458,3.9784e+0,0.0000e+0,2.5688e+11
0.07187,0.26458,3.7331e+0,0.0000e+0,2.0294e+11
0.07396,0.26458,3.4748e+0,0.0000e+0,5.6485e+10
0.07604,0.26458,3.2116e+0,1.2321e+11,7.2203e+10
0.07813,0.26458,2.9474e+0,4.3129e+11,1.3441e+11
0.08021,0.26458,2.6942e+0,1.4395e+11,3.8310e+10
0.08229,0.26458,2.4407e+0,0.0000e+0,7.6998e+10
0.08438,0.26458,2.1777e+0,8.4141e+9,2.9879e+11
0.08646,0.26458,1.8987e+0,1.8236e+9,2.9223e+11
0.08854,0.26458,1.6084e+0,0.0000e+0,2.5890e+11
0.09062,0.26458,1.3073e+0,0.0000e+0,1.2220e+11
0.09271,0.26458,1.0051e+0,0.0000e+0,0.0000e+0
0.09479,0.26458,7.0994e-1,0.0000e+0,0.0000e+0
0.09688,0.26458,4.2118e-1,0.0000e+0,0.0000e+0
0.09896,0.26458,1.3845e-1,0.0000e+0,0.0000e+0
0.00104,0.26875,8.6657e+0,0.0000e+0,0.0000e+0
0.00313,0.26875,8.6482e+0,0.0000e+0,0.0000e+0
0.00521,0.26875,8.6223e+0,0.0000e+0,0.0000e+0
0.00729,0.26875,8.5926e+0,0.0000e+0,4.3560e+11
0.00937,0.26875,8.5335e+0,0.0000e+0,7.8231e+11
0.01146,0.26875,8.4230e+0,0.0000e+0,0.0000e+0
0.01354,0.26875,8.3126e+0,0.0000e+0,0.0000e+0
0.01563,0.26875,8.1968e+0,0.0000e+0,0.0000e+0
0.01771,0.26875,8.0855e+0,0.0000e+0,0.0000e+0
0.01979,0.26875,7.9809e+0,0.0000e+0,1.1052e+10
0.02187,0.26875,7.8819e+0,0.0000e+0,9.5001e+10
0.02396,0.26875,7.7794e+0,0.0000e+0,1.6547e+11
0.02604,0.26875,7.6678e+0,3.2194e+11,2.7516e+11
0.02813,0.26875,7.5568e+0,2.0708e+11,3.4416e+11
0.03021,0.26875,7.4483e+0,0.0000e+0,6.4320e+11
0.03229,0.26875,7.3049e+0,0.0000e+0,6.2682e+11
0.03438,0.26875,7.1331e+0,0.0000e+0,1.7085e+10
0.03646,0.26875,6.9772e+0,0.0000e+0,6.0471e+11
0.03854,0.26875,6.7940e+0,0.0000e+0,1.5041e+11
0.04063,0.26875,6.6187e+0,0.0000e+0,5.8422e+11
0.04271,0.26875,6.4161e+0,0.0000e+0,2.4786e+11
0.04479,0.26875,6.2043e+0,1.9917e+11,1.9594e+10
0.04688,0.26875,6.0155e+0,1.2202e+11,8.3473e+10
0.04896,0.26875,5.8444e+0,1.0799e+11,4.0671e+11
0.05104,0.26875,5.6630e+0,1.4244e+11,5.4284e+9
0.05312,0.26875,5.4965e+0,0.0000e+0,5.4316e+10
0.05521,0.26875,5.3181e+0,5.4120e+10,2.2107e+10
0.05729,0.26875,5.1356e+0,3.4323e+10,1.3438e+10
0.05937,0.26875,4.9501e+0,9.4331e+10,1.8444e+10
0.06146,0.26875,4.7665e+0,1.3686e+11,1.2975e+10
0.06354,0.26875,4.5887e+0,4.5759e+10,1.0009e+11
0.06563,0.26875,4.4045e+0,1.2821e+11,1.9589e+11
0.06771,0.26875,4.2136e+0,0.0000e+0,3.4805e+11
0.06979,0.26875,4.0019e+0,0.0000e+0,3.1485e+11
0.07187,0.26875,3.7741e+0,0.0000e+0,4.8590e+11
0.07396,0.26875,3.5218e+0,0.0000e+0,1.6302e+11
0.07604,0.26875,3.2696e+0,0.0000e+0,1.2084e+11
0.07813,0.26875,3.0194e+0,6.3498e+9,2.5524e+11
0.08021,0.26875,2.7597e+0,1.9830e+10,1.9061e+11
0.08229,0.26875,2.4988e+0,0.0000e+0,6.4837e+11
0.08438,0.26875,2.2042e+0,2.0877e+11,4.1699e+11
0.08646,0.26875,1.9055e+0,4.5247e+10,5.9002e+10
0.08854,0.26875,1.6126e+0,0.0000e+0,2.1703e+11
0.09062,0.26875,1.3087e+0,0.0000e+0,2.8898e+10
0.09271,0.26875,1.0075e+0,0.0000e+0,0.0000e+0
0.09479,0.26875,7.1200e-1,0.0000e+0,0.0000e+0
0.09688,0.26875,4.2246e-1,0.0000e+0,0.0000e+0
0.09896,0.26875,1.3887e-1,0.0000e+0,0.0000e+0
0.00104,0.27292,8.4259e+0,0.0000e+0,0.0000e+0
0.00313,0.27292,8.4184e+0,0.0000e+0,0.0000e+0
0.00521,0.27292,8.4049e+0,0.0000e+0,0.0000e+0
0.00729,0.27292,8.3878e+0,0.0000e+0,4.9254e+11
0.00937,0.27292,8.3371e+0,0.0000e+0,8.8459e+11
0.01146,0.27292,8.2313e+0,0.0000e+0,0.0000e+0
0.01354,0.27292,8.1327e+0,0.0000e+0,0.0000e+0
0.01563,0.27292,8.0351e+0,0.0000e+0,0.0000e+0
0.01771,0.27292,7.9369e+0,0.0000e+0,0.0000e+0
0.01979,0.27292,7.8372e+0,0.0000e+0,0.0000e+0
0.02187,0.27292,7.7365e+0,0.0000e+0,0.0000e+0
0.02396,0.27292,7.6383e+0,0.0000e+0,0.0000e+0
0.02604,0.27292,7.5444e+0,1.8550e+11,0.0000e+0
0.02813,0.27292,7.4656e+0,1.1932e+11,7.6600e+10
0.03021,0.27292,7.3988e+0,0.0000e+0,9.2715e+11
0.03229,0.27292,7.2723e+0,0.0000e+0,9.1726e+11
0.03438,0.27292,7.0960e+0,0.0000e+0,1.0226e+11
0.03646,0.27292,6.9230e+0,0.0000e+0,1.3778e+11
0.03854,0.27292,6.7427e+0,0.0000e+0,2.9192e+10
0.04063,0.27292,6.5659e+0,0.0000e+0,4.3044e+11
0.04271,0.27292,6.3630e+0,0.0000e+0,4.2575e+11
0.04479,0.27292,6.1370e+0,4.2009e+11,0.0000e+0
0.04688,0.27292,5.9389e+0,3.7941e+11,4.4466e+10
0.04896,0.27292,5.7594e+0,4.6416e+11,1.9356e+11
0.05104,0.27292,5.5840e+0,6.8348e+11,3.3954e+10
0.05312,0.27292,5.4439e+0,9.8070e+9,4.0193e+11
0.05521,0.27292,5.2759e+0,1.9052e+11,2.4263e+11
0.05729,0.27292,5.1069e+0,1.3882e+11,1.7276e+11
0.05937,0.27292,4.9349e+0,5.1958e+11,6.4758e+11
0.06146,0.27292,4.7577e+0,1.7783e+11,2.4125e+11
0.06354,0.27292,4.5829e+0,3.3832e+10,2.3875e+11
0.06563,0.27292,4.3988e+0,1.5280e+11,3.1622e+11
0.06771,0.27292,4.2109e+0,1.0529e+11,3.6747e+11
0.06979,0.27292,4.0171e+0,2.1287e+11,1.0020e+12
0.07187,0.27292,3.7886e+0,0.0000e+0,5.1169e+11
0.07396,0.27292,3.5453e+0,0.0000e+0,1.7338e+11
0.07604,0.27292,3.3088e+0,0.0000e+0,1.9130e+11
0.07813,0.27292,3.0789e+0,6.1801e+10,1.0291e+12
0.08021,0.27292,2.8016e+0,1.9300e+11,5.0198e+11
0.08229,0.27292,2.5161e+0,0.0000e+0,3.0879e+11
0.08438,0.27292,2.2111e+0,1.0364e+11,7.2666e+10
0.08646,0.27292,1.9085e+0,2.2519e+11,2.2947e+9
0.08854,0.27292,1.6201e+0,3.8447e+10,2.5586e+11
0.09062,0.27292,1.3183e+0,0.0000e+0,1.0599e+11
0.09271,0.27292,1.0139e+0,0.0000e+0,0.0000e+0
0.09479,0.27292,7.1599e-1,0.0000e+0,0.0000e+0
0.09688,0.27292,4.2457e-1,0.0000e+0,0.0000e+0
0.09896,0.27292,1.3952e-1,0.0000e+0,0.0000e+0
0.00104,0.27708,8.2469e+0,0.0000e+0,0.0000e+0
0.00313,0.27708,8.2404e+0,0.0000e+0,0.0000e+0
0.00521,0.27708,8.2262e+0,0.0000e+0,0.0000e+0
0.00729,0.27708,8.2005e+0,0.0000e+0,0.0000e+0
0.00937,0.27708,8.1532e+0,0.0000e+0,0.0000e+0
0.01146,0.27708,8.0846e+0,0.0000e+0,0.0000e+0
0.01354,0.27708,8.0092e+0,0.0000e+0,0.0000e+0
0.01563,0.27708,7.9281e+0,0.0000e+0,0.0000e+0
0.01771,0.27708,7.8409e+0,0.0000e+0,2.2420e+11
0.01979,0.27708,7.7401e+0,0.0000e+0,3.8719e+11
0.02187,0.27708,7.6185e+0,1.1080e+11,0.0000e+0
0.02396,0.27708,7.5141e+0,3.7102e+11,0.0000e+0
0.02604,0.27708,7.4411e+0,0.0000e+0,0.0000e+0
0.02813,0.27708,7.3802e+0,0.0000e+0,1.8645e+11
0.03021,0.27708,7.3240e+0,0.0000e+0,1.3306e+12
0.03229,0.27708,7.1900e+0,0.0000e+0,2.1494e+11
0.03438,0.27708,7.0560e+0,0.0000e+0,6.7615e+11
0.03646,0.27708,6.8950e+0,0.0000e+0,7.3535e+11
0.03854,0.27708,6.7070e+0,0.0000e+0,2.3621e+11
0.04063,0.27708,6.5214e+0,0.0000e+0,5.5827e+11
0.04271,0.27708,6.3104e+0,0.0000e+0,1.2251e+11
0.04479,0.27708,6.1086e+0,7.7906e+10,0.0000e+0
0.04688,0.27708,5.9353e+0,4.1118e+9,1.7396e+11
0.04896,0.27708,5.7740e+0,3.6420e+10,8.5556e+11
0.05104,0.27708,5.5793e+0,2.4167e+11,2.4917e+11
0.05312,0.27708,5.4063e+0,1.1881e+11,0.0000e+0
0.05521,0.27708,5.2499e+0,0.0000e+0,1.5584e+9
0.05729,0.27708,5.0987e+0,9.4530e+10,4.6248e+11
0.05937,0.27708,4.9244e+0,2.4463e+11,3.1468e+11
0.06146,0.27708,4.7449e+0,3.0209e+11,1.8406e+11
0.06354,0.27708,4.5752e+0,0.0000e+0,3.2780e+11
0.06563,0.27708,4.3815e+0,0.0000e+0,2.3367e+11
0.06771,0.27708,4.1714e+0,3.6829e+10,1.3472e+11
0.06979,0.27708,3.9493e+0,2.8880e+11,1.2831e+11
0.07187,0.27708,3.7288e+0,2.0280e+11,1.1234e+11
0.07396,0.27708,3.5139e+0,0.0000e+0,1.7276e+11
0.07604,0.27708,3.2876e+0,0.0000e+0,1.2166e+11
0.07813,0.27708,3.0563e+0,0.0000e+0,3.4177e+11
0.08021,0.27708,2.8052e+0,1.8748e+9,2.9889e+11
0.08229,0.27708,2.5437e+0,2.3805e+11,8.1163e+11
0.08438,0.27708,2.2496e+0,7.7056e+10,3.4721e+11
0.08646,0.27708,1.9486e+0,6.9545e+10,2.4506e+11
0.08854,0.27708,1.6458e+0,7.4154e+9,2.8319e+11
0.09062,0.27708,1.3324e+0,0.0000e+0,8.0998e+10
0.09271,0.27708,1.0219e+0,0.0000e+0,0.0000e+0
0.09479,0.27708,7.1977e-1,1.2627e+9,0.0000e+0
0.09688,0.27708,4.2601e-1,4.8706e+8,0.0000e+0
0.09896,0.27708,1.3990e-1,0.0000e+0,0.0000e+0
0.00104,0.28125,8.1189e+0,0.0000e+0,0.0000e+0
0.00313,0.28125,8.1206e+0,0.0000e+0,0.0000e+0
0.00521,0.28125,8.1260e+0,0.0000e+0,0.0000e+0
0.00729,0.28125,8.1412e+0,0.0000e+0,1.0645e+12
0.00937,0.28125,8.1062e+0,0.0000e+0,1.2762e+12
0.01146,0.28125,8.0169e+0,0.0000e+0,0.0000e+0
0.01354,0.28125,7.9570e+0,0.0000e+0,3.9346e+11
0.01563,0.28125,7.8908e+0,0.0000e+0,1.0541e+12
0.01771,0.28125,7.7730e+0,0.0000e+0,2.6268e+11
0.01979,0.28125,7.6515e+0,0.0000e+0,3.5818e+11
0.02187,0.28125,7.5132e+0,1.0854e+11,0.0000e+0
0.02396,0.28125,7.3943e+0,3.6346e+11,0.0000e+0
0.02604,0.28125,7.3108e+0,0.0000e+0,0.0000e+0
0.02813,0.28125,7.2351e+0,0.0000e+0,1.2645e+10
0.03021,0.28125,7.1680e+0,0.0000e+0,4.8848e+11
0.03229,0.28125,7.0756e+0,0.0000e+0,7.5275e+11
0.03438,0.28125,6.9469e+0,0.0000e+0,8.0308e+11
0.03646,0.28125,6.7838e+0,0.0000e+0,2.2539e+11
0.03854,0.28125,6.6275e+0,0.0000e+0,6.6253e+11
0.04063,0.28125,6.4440e+0,0.0000e+0,7.4042e+11
0.04271,0.28125,6.2224e+0,2.9865e+11,6.7225e+10
0.04479,0.28125,6.0237e+0,4.7185e+11,0.0000e+0
0.04688,0.28125,5.8606e+0,3.4889e+10,1.5449e+11
0.04896,0.28125,5.6935e+0,5.1943e+11,5.2472e+11
0.05104,0.28125,5.5325e+0,2.0156e+11,3.9979e+11
0.05312,0.28125,5.3656e+0,2.2032e+11,0.0000e+0
0.05521,0.28125,5.2254e+0,0.0000e+0,5.5430e+10
0.05729,0.28125,5.0882e+0,0.0000e+0,3.6014e+11
0.05937,0.28125,4.9306e+0,5.3992e+10,3.1490e+11
0.06146,0.28125,4.7597e+0,2.2124e+11,3.8592e+11
0.06354,0.28125,4.5842e+0,1.9113e+10,4.3672e+11
0.06563,0.28125,4.3824e+0,3.2394e+10,8.6454e+10
0.06771,0.28125,4.1765e+0,5.5101e+10,4.3702e+11
0.06979,0.28125,3.9435e+0,7.2808e+11,6.6042e+11
0.07187,0.28125,3.7092e+0,4.9008e+11,9.7785e+10
0.07396,0.28125,3.4985e+0,4.6056e+10,2.0880e+11
0.07604,0.28125,3.2730e+0,0.0000e+0,1.8674e+11
0.07813,0.28125,3.0316e+0,1.1825e+11,1.5650e+11
0.08021,0.28125,2.7830e+0,8.2453e+10,2.6847e+10
0.08229,0.28125,2.5381e+0,3.2016e+10,4.4671e+11
0.08438,0.28125,2.2685e+0,0.0000e+0,5.4719e+11
0.08646,0.28125,1.9680e+0,0.0000e+0,2.4739e+11
0.08854,0.28125,1.6565e+0,0.0000e+0,1.8915e+11
0.09062,0.28125,1.3381e+0,0.0000e+0,3.4628e+10
0.09271,0.28125,1.0242e+0,0.0000e+0,0.0000e+0
0.09479,0.28125,7.1622e-1,1.6819e+11,0.0000e+0
0.09688,0.28125,4.2175e-1,6.4878e+10,0.0000e+0
0.09896,0.28125,1.3887e-1,0.0000e+0,0.0000e+0
0.00104,0.28542,7.9793e+0,0.0000e+0,0.0000e+0
0.00313,0.28542,7.9764e+0,0.0000e+0,0.0000e+0
0.00521,0.28542,7.9703e+0,0.0000e+0,0.0000e+0
0.00729,0.28542,7.9597e+0,0.0000e+0,1.4400e+11
0.00937,0.28542,7.9310e+0,0.0000e+0,1.7264e+11
0.01146,0.28542,7.8857e+0,0.0000e+0,0.0000e+0
0.01354,0.28542,7.8459e+0,5.6583e+11,9.9246e+11
0.01563,0.28542,7.7774e+0,5.3806e+11,8.7977e+11
0.01771,0.28542,7.6937e+0,0.0000e+0,6.0018e+11
0.01979,0.28542,7.5719e+0,0.0000e+0,5.2102e+11
0.02187,0.28542,7.4245e+0,9.6716e+10,1.3544e+11
0.02396,0.28542,7.2861e+0,1.5567e+11,3.5083e+10
0.02604,0.28542,7.1748e+0,0.0000e+0,0.0000e+0
0.02813,0.28542,7.0724e+0,2.6086e+10,0.0000e+0
0.03021,0.28542,6.9822e+0,8.0834e+10,1.0766e+11
0.03229,0.28542,6.8978e+0,0.0000e+0,8.3015e+11
0.03438,0.28542,6.7590e+0,1.6766e+11,3.4878e+11
0.03646,0.28542,6.6112e+0,3.0677e+11,0.0000e+0
0.03854,0.28542,6.4852e+0,3.5462e+11,7.9101e+11
0.04063,0.28542,6.3283e+0,1.9731e+11,5.4592e+11
0.04271,0.28542,6.1556e+0,1.1531e+11,3.9390e+11
0.04479,0.28542,5.9770e+0,2.9324e+10,1.9401e+11
0.04688,0.28542,5.7986e+0,2.5966e+10,1.6693e+10
0.04896,0.28542,5.6211e+0,5.5035e+11,7.2157e+10
0.05104,0.28542,5.4650e+0,4.4262e+11,1.2555e+11
0.05312,0.28542,5.3179e+0,4.2832e+11,9.6273e+9
0.05521,0.28542,5.1935e+0,2.3866e+11,3.1113e+11
0.05729,0.28542,5.0673e+0,3.5136e+7,3.0215e+11
0.05937,0.28542,4.9291e+0,1.5239e+11,7.7132e+11
0.06146,0.28542,4.7656e+0,2.7153e+11,7.1669e+11
0.06354,0.28542,4.5912e+0,1.0903e+11,6.7773e+11
0.06563,0.28542,4.4043e+0,1.8479e+11,7.4030e+11
0.06771,0.28542,4.2037e+0,0.0000e+0,6.5475e+11
0.06979,0.28542,3.9811e+0,8.5392e+10,4.8500e+11
0.07187,0.28542,3.7485e+0,2.4671e+11,4.6733e+11
0.07396,0.28542,3.5135e+0,1.9302e+11,1.4471e+11
0.07604,0.28542,3.2893e+0,2.8250e+10,2.5146e+11
0.07813,0.28542,3.0510e+0,1.6125e+11,5.3755e+11
0.08021,0.28542,2.7857e+0,3.5750e+11,2.8351e+11
0.08229,0.28542,2.5286e+0,3.1912e+10,7.5119e+10
0.08438,0.28542,2.2692e+0,0.0000e+0,4.4187e+11
0.08646,0.28542,1.9828e+0,0.0000e+0,5.4255e+11
0.08854,0.28542,1.6655e+0,0.0000e+0,1.6702e+11
0.09062,0.28542,1.3440e+0,0.0000e+0,4.3693e+9
0.09271,0.28542,1.0305e+0,0.0000e+0,0.0000e+0
0.09479,0.28542,7.2545e-1,0.0000e+0,0.0000e+0
0.09688,0.28542,4.2919e-1,0.0000e+0,0.0000e+0
0.09896,0.28542,1.4091e-1,0.0000e+0,0.0000e+0
0.00104,0.28958,7.8618e+0,0.0000e+0,0.0000e+0
0.00313,0.28958,7.8566e+0,0.0000e+0,0.0000e+0
0.00521,0.28958,7.8456e+0,0.0000e+0,0.0000e+0
0.00729,0.28958,7.8276e+0,0.0000e+0,0.0000e+0
0.00937,0.28958,7.8003e+0,0.0000e+0,0.0000e+0
0.01146,0.28958,7.7638e+0,0.0000e+0,0.0000e+0
0.01354,0.28958,7.7221e+0,2.2272e+11,0.0000e+0
0.01563,0.28958,7.6905e+0,2.1179e+11,7.9358e+11
0.01771,0.28958,7.6268e+0,0.0000e+0,1.1972e+12
0.01979,0.28958,7.4880e+0,0.0000e+0,3.7917e+11
0.02187,0.28958,7.3337e+0,2.7384e+11,6.6207e+11
0.02396,0.28958,7.1540e+0,1.1492e+12,1.7150e+11
0.02604,0.28958,7.0378e+0,2.5668e+11,8.7235e+10
0.02813,0.28958,6.9010e+0,8.0268e+11,1.5128e+10
0.03021,0.28958,6.7902e+0,8.4763e+11,1.6635e+10
0.03229,0.28958,6.7058e+0,9.7617e+10,1.7999e+10
0.03438,0.28958,6.5983e+0,4.2159e+11,3.7017e+11
0.03646,0.28958,6.4768e+0,2.0348e+11,5.9780e+10
0.03854,0.28958,6.3478e+0,5.8451e+11,4.5722e+11
0.04063,0.28958,6.2088e+0,1.6025e+11,3.5498e+11
0.04271,0.28958,6.0588e+0,0.0000e+0,6.8556e+10
0.04479,0.28958,5.9107e+0,1.9683e+11,2.7266e+11
0.04688,0.28958,5.7703e+0,9.3095e+10,2.7213e+11
0.04896,0.28958,5.6360e+0,0.0000e+0,3.4179e+11
0.05104,0.28958,5.5068e+0,1.2906e+11,1.3221e+12
0.05312,0.28958,5.3273e+0,1.3421e+11,1.9694e+11
0.05521,0.28958,5.1690e+0,3.6736e+11,5.0783e+11
0.05729,0.28958,5.0188e+0,4.1958e+10,4.0464e+11
0.05937,0.28958,4.8601e+0,1.1265e+11,5.4157e+11
0.06146,0.28958,4.6901e+0,3.7490e+11,8.5083e+11
0.06354,0.28958,4.5022e+0,2.9665e+11,3.3422e+11
0.06563,0.28958,4.3272e+0,1.4090e+11,4.8032e+11
0.06771,0.28958,4.1387e+0,2.5786e+10,1.1213e+11
0.06979,0.28958,3.9569e+0,0.0000e+0,4.4052e+11
0.07187,0.28958,3.7611e+0,0.0000e+0,7.6223e+11
0.07396,0.28958,3.5317e+0,1.0269e+11,2.2512e+11
0.07604,0.28958,3.3121e+0,1.9167e+10,3.7907e+11
0.07813,0.28958,3.0829e+0,0.0000e+0,8.2382e+11
0.08021,0.28958,2.8121e+0,7.6609e+10,3.2065e+11
0.08229,0.28958,2.5414e+0,1.5925e+10,2.8841e+11
0.08438,0.28958,2.2656e+0,0.0000e+0,2.8937e+11
0.08646,0.28958,1.9801e+0,0.0000e+0,5.3784e+11
0.08854,0.28958,1.6687e+0,0.0000e+0,3.5623e+11
0.09062,0.28958,1.3458e+0,0.0000e+0,5.9818e+10
0.09271,0.28958,1.0308e+0,0.0000e+0,0.0000e+0
0.09479,0.28958,7.2600e-1,0.0000e+0,0.0000e+0
0.09688,0.28958,4.2983e-1,0.0000e+0,0.0000e+0
0.09896,0.28958,1.4114e-1,0.0000e+0,0.0000e+0
0.00104,0.29375,7.7853e+0,0.0000e+0,0.0000e+0
0.00313,0.29375,7.7815e+0,0.0000e+0,0.0000e+0
0.00521,0.29375,7.7730e+0,0.0000e+0,0.0000e+0
0.00729,0.29375,7.7584e+0,0.0000e+0,0.0000e+0
0.00937,0.29375,7.7350e+0,0.0000e+0,6.8677e+10
0.01146,0.29375,7.6912e+0,0.0000e+0,7.8432e+10
0.01354,0.29375,7.6338e+0,0.0000e+0,0.0000e+0
0.01563,0.29375,7.5796e+0,0.0000e+0,0.0000e+0
0.01771,0.29375,7.5321e+0,2.6099e+10,1.3434e+12
0.01979,0.29375,7.4079e+0,1.9138e+11,7.0666e+11
0.02187,0.29375,7.2694e+0,0.0000e+0,0.0000e+0
0.02396,0.29375,7.1473e+0,1.2030e+11,0.0000e+0
0.02604,0.29375,7.0582e+0,6.2811e+10,1.0352e+12
0.02813,0.29375,6.9177e+0,3.5192e+11,5.2910e+11
0.03021,0.29375,6.7750e+0,8.6213e+11,6.5532e+11
0.03229,0.29375,6.6543e+0,6.8338e+11,6.5039e+11
0.03438,0.29375,6.5408e+0,5.2601e+11,4.5196e+11
0.03646,0.29375,6.4385e+0,0.0000e+0,7.8392e+11
0.03854,0.29375,6.2926e+0,0.0000e+0,4.6782e+11
0.04063,0.29375,6.1245e+0,5.8008e+10,5.5043e+10
0.04271,0.29375,5.9617e+0,3.0592e+11,0.0000e+0
0.04479,0.29375,5.8238e+0,1.7179e+11,2.0609e+11
0.04688,0.29375,5.6859e+0,6.7489e+10,1.3903e+11
0.04896,0.29375,5.5452e+0,1.6449e+11,3.0394e+11
0.05104,0.29375,5.3954e+0,4.0980e+11,3.2888e+11
0.05312,0.29375,5.2515e+0,0.0000e+0,3.8252e+11
0.05521,0.29375,5.0854e+0,0.0000e+0,1.6737e+11
0.05729,0.29375,4.9122e+0,0.0000e+0,1.2612e+11
0.05937,0.29375,4.7305e+0,2.5301e+11,1.4488e+11
0.06146,0.29375,4.5520e+0,6.8918e+11,4.2102e+11
0.06354,0.29375,4.3838e+0,3.4263e+11,2.8252e+11
0.06563,0.29375,4.2168e+0,1.4615e+11,6.6484e+10
0.06771,0.29375,4.0487e+0,2.6748e+10,1.0667e+11
0.06979,0.29375,3.8725e+0,3.7272e+10,4.4394e+10
0.07187,0.29375,3.6935e+0,1.7334e+11,4.9604e+11
0.07396,0.29375,3.4994e+0,6.9320e+10,6.7248e+11
0.07604,0.29375,3.2816e+0,3.5703e+10,5.8664e+11
0.07813,0.29375,3.0492e+0,0.0000e+0,6.5609e+11
0.08021,0.29375,2.7894e+0,2.0002e+11,6.0268e+11
0.08229,0.29375,2.5166e+0,4.4957e+10,2.7466e+11
0.08438,0.29375,2.2376e+0,0.0000e+0,2.9941e+11
0.08646,0.29375,1.9411e+0,0.0000e+0,1.0155e+11
0.08854,0.29375,1.6356e+0,0.0000e+0,7.7848e+10
0.09062,0.29375,1.3262e+0,0.0000e+0,6.2981e+10
0.09271,0.29375,1.0185e+0,0.0000e+0,0.0000e+0
0.09479,0.29375,7.1837e-1,0.0000e+0,0.0000e+0
0.09688,0.29375,4.2566e-1,0.0000e+0,0.0000e+0
0.09896,0.29375,1.3983e-1,0.0000e+0,0.0000e+0
0.00104,0.29792,7.7405e+0,0.0000e+0,0.0000e+0
0.00313,0.29792,7.7409e+0,0.0000e+0,0.0000e+0
0.00521,0.29792,7.7423e+0,0.0000e+0,0.0000e+0
0.00729,0.29792,7.7463e+0,0.0000e+0,0.0000e+0
0.00937,0.29792,7.7599e+0,0.0000e+0,1.5535e+12
0.01146,0.29792,7.6848e+0,0.0000e+0,1.1039e+12
0.01354,0.29792,7.5668e+0,0.0000e+0,0.0000e+0
0.01563,0.29792,7.4689e+0,0.0000e+0,0.0000e+0
0.01771,0.29792,7.3730e+0,1.1143e+11,1.6935e+11
0.01979,0.29792,7.2661e+0,8.1710e+11,2.0129e+11
0.02187,0.29792,7.1889e+0,0.0000e+0,0.0000e+0
0.02396,0.29792,7.0993e+0,0.0000e+0,0.0000e+0
0.02604,0.29792,7.0130e+0,0.0000e+0,2.2408e+11
0.02813,0.29792,6.9187e+0,0.0000e+0,9.6003e+11
0.03021,0.29792,6.7722e+0,1.3336e+11,1.8702e+11
0.03229,0.29792,6.6369e+0,2.3261e+11,5.9014e+11
0.03438,0.29792,6.4896e+0,2.5731e+11,2.8076e+11
0.03646,0.29792,6.3569e+0,0.0000e+0,3.8071e+11
0.03854,0.29792,6.2133e+0,3.7787e+10,7.0256e+11
0.04063,0.29792,6.0395e+0,6.4516e+11,4.3660e+11
0.04271,0.29792,5.8977e+0,2.4072e+11,5.6736e+11
0.04479,0.29792,5.7435e+0,4.3156e+11,3.0054e+11
0.04688,0.29792,5.6104e+0,3.0318e+10,1.9356e+11
0.04896,0.29792,5.4720e+0,2.4505e+11,5.7325e+11
0.05104,0.29792,5.3135e+0,5.2686e+11,4.8966e+11
0.05312,0.29792,5.1691e+0,5.3133e+10,4.5530e+11
0.05521,0.29792,5.0030e+0,0.0000e+0,2.1165e+11
0.05729,0.29792,4.8258e+0,0.0000e+0,4.4952e+10
0.05937,0.29792,4.6472e+0,7.7213e+10,8.8952e+10
0.06146,0.29792,4.4720e+0,2.2715e+11,1.6412e+11
0.06354,0.29792,4.3080e+0,2.6043e+11,2.6774e+11
0.06563,0.29792,4.1498e+0,3.7227e+10,1.4660e+11
0.06771,0.29792,3.9919e+0,0.0000e+0,4.3689e+11
0.06979,0.29792,3.8157e+0,1.8152e+10,6.0413e+11
0.07187,0.29792,3.6092e+0,8.4421e+10,3.0369e+11
0.07396,0.29792,3.3945e+0,2.3353e+11,3.8218e+11
0.07604,0.29792,3.1690e+0,4.3020e+11,4.2065e+11
0.07813,0.29792,2.9450e+0,5.5968e+10,1.1341e+11
0.08021,0.29792,2.7199e+0,2.6869e+10,4.3515e+11
0.08229,0.29792,2.4720e+0,6.0392e+9,3.1357e+11
0.08438,0.29792,2.2140e+0,0.0000e+0,5.0724e+11
0.08646,0.29792,1.9348e+0,0.0000e+0,6.7581e+11
0.08854,0.29792,1.6231e+0,0.0000e+0,2.2406e+11
0.09062,0.29792,1.3083e+0,0.0000e+0,1.0198e+10
0.09271,0.29792,1.0032e+0,0.0000e+0,0.0000e+0
0.09479,0.29792,7.0713e-1,0.0000e+0,0.0000e+0
0.09688,0.29792,4.1890e-1,0.0000e+0,0.0000e+0
0.09896,0.29792,1.3759e-1,0.0000e+0,0.0000e+0
0.00104,0.30208,7.6918e+0,0.0000e+0,0.0000e+0
0.00313,0.30208,7.6948e+0,0.0000e+0,0.0000e+0
0.00521,0.30208,7.6970e+0,0.0000e+0,0.0000e+0
0.00729,0.30208,7.6862e+0,0.0000e+0,0.0000e+0
0.00937,0.30208,7.6785e+0,0.0000e+0,1.5759e+12
0.01146,0.30208,7.5734e+0,0.0000e+0,1.1002e+11
0.01354,0.30208,7.4861e+0,0.0000e+0,2.5219e+11
0.01563,0.30208,7.4017e+0,0.0000e+0,4.1356e+11
0.01771,0.30208,7.3051e+0,0.0000e+0,0.0000e+0
0.01979,0.30208,7.2328e+0,0.0000e+0,2.1374e+10
0.02187,0.30208,7.1896e+0,0.0000e+0,1.5368e+12
0.02396,0.30208,7.0691e+0,0.0000e+0,1.8327e+11
0.02604,0.30208,6.9582e+0,0.0000e+0,9.9286e+10
0.02813,0.30208,6.8629e+0,0.0000e+0,9.1882e+11
0.03021,0.30208,6.7351e+0,0.0000e+0,9.4648e+11
0.03229,0.30208,6.5866e+0,0.0000e+0,1.1104e+12
0.03438,0.30208,6.4082e+0,0.0000e+0,5.8403e+11
0.03646,0.30208,6.2306e+0,0.0000e+0,1.6932e+11
0.03854,0.30208,6.0709e+0,1.3845e+11,1.9277e+11
0.04063,0.30208,5.9236e+0,3.6589e+11,1.5421e+11
0.04271,0.30208,5.8174e+0,0.0000e+0,1.0024e+12
0.04479,0.30208,5.6594e+0,5.1332e+10,1.8310e+11
0.04688,0.30208,5.5196e+0,2.0863e+11,4.8605e+11
0.04896,0.30208,5.3845e+0,5.0667e+10,7.7130e+11
0.05104,0.30208,5.2209e+0,1.9593e+11,2.1656e+11
0.05312,0.30208,5.0751e+0,3.0070e+11,6.3621e+11
0.05521,0.30208,4.9240e+0,0.0000e+0,4.3209e+11
0.05729,0.30208,4.7572e+0,0.0000e+0,4.3127e+11
0.05937,0.30208,4.5727e+0,7.5192e+10,1.1638e+11
0.06146,0.30208,4.3921e+0,1.1207e+11,4.7794e+10
0.06354,0.30208,4.2223e+0,1.9651e+11,1.2245e+11
0.06563,0.30208,4.0661e+0,9.6169e+10,4.7785e+11
0.06771,0.30208,3.8920e+0,0.0000e+0,7.1843e+10
0.06979,0.30208,3.7173e+0,0.0000e+0,4.0854e+11
0.07187,0.30208,3.5149e+0,0.0000e+0,2.7656e+11
0.07396,0.30208,3.2980e+0,0.0000e+0,1.4569e+11
0.07604,0.30208,3.0773e+0,4.9096e+10,2.0567e+11
0.07813,0.30208,2.8535e+0,5.9664e+10,6.4486e+10
0.08021,0.30208,2.6383e+0,3.7893e+10,4.8711e+11
0.08229,0.30208,2.3966e+0,0.0000e+0,2.4465e+11
0.08438,0.30208,2.1430e+0,0.0000e+0,2.8865e+11
0.08646,0.30208,1.8745e+0,0.0000e+0,4.4228e+11
0.08854,0.30208,1.5820e+0,0.0000e+0,3.2677e+11
0.09062,0.30208,1.2767e+0,0.0000e+0,4.2898e+10
0.09271,0.30208,9.7900e-1,0.0000e+0,0.0000e+0
0.09479,0.30208,6.9018e-1,0.0000e+0,0.0000e+0
0.09688,0.30208,4.0892e-1,0.0000e+0,0.0000e+0
0.09896,0.30208,1.3433e-1,0.0000e+0,0.0000e+0
0.00104,0.30625,7.6172e+0,0.0000e+0,0.0000e+0
0.00313,0.30625,7.6451e+0,0.0000e+0,0.0000e+0
0.00521,0.30625,7.7105e+0,0.0000e+0,3.2657e+12
0.00729,0.30625,7.6244e+0,0.0000e+0,1.2546e+12
0.00937,0.30625,7.5416e+0,0.0000e+0,1.3940e+12
0.01146,0.30625,7.4264e+0,0.0000e+0,0.0000e+0
0.01354,0.30625,7.3674e+0,0.0000e+0,8.1092e+11
0.01563,0.30625,7.3020e+0,0.0000e+0,1.5316e+12
0.01771,0.30625,7.1799e+0,0.0000e+0,0.0000e+0
0.01979,0.30625,7.0999e+0,0.0000e+0,2.9314e+9
0.02187,0.30625,7.0487e+0,0.0000e+0,5.1322e+11
0.02396,0.30625,6.9826e+0,0.0000e+0,1.5322e+12
0.02604,0.30625,6.8427e+0,0.0000e+0,7.8163e+11
0.02813,0.30625,6.6814e+0,0.0000e+0,3.9621e+11
0.03021,0.30625,6.5217e+0,5.2551e+10,6.3052e+11
0.03229,0.30625,6.3493e+0,6.3460e+11,7.8488e+11
0.03438,0.30625,6.1831e+0,3.4419e+11,4.0017e+11
0.03646,0.30625,6.0184e+0,1.8195e+11,0.0000e+0
0.03854,0.30625,5.8783e+0,2.8114e+11,0.0000e+0
0.04063,0.30625,5.7611e+0,2.3162e+11,1.3029e+11
0.04271,0.30625,5.6559e+0,1.2680e+10,9.7200e+11
0.04479,0.30625,5.4868e+0,1.7949e+11,4.8255e+10
0.04688,0.30625,5.3390e+0,4.3075e+11,1.8373e+11
0.04896,0.30625,5.2109e+0,1.2348e+11,4.4205e+11
0.05104,0.30625,5.0620e+0,3.3264e+11,1.3078e+11
0.05312,0.30625,4.9313e+0,2.4990e+11,3.1469e+11
0.05521,0.30625,4.7960e+0,1.0644e+11,2.2047e+11
0.05729,0.30625,4.6493e+0,1.5743e+10,3.2185e+11
0.05937,0.30625,4.4897e+0,1.6984e+11,5.0670e+11
0.06146,0.30625,4.3138e+0,2.8587e+11,4.5158e+11
0.06354,0.30625,4.1326e+0,1.9588e+11,8.2069e+10
0.06563,0.30625,3.9576e+0,4.1487e+11,1.2858e+11
0.06771,0.30625,3.7929e+0,6.6559e+10,1.8727e+10
0.06979,0.30625,3.6244e+0,0.0000e+0,4.2989e+11
0.07187,0.30625,3.4154e+0,1.2993e+10,1.0449e+11
0.07396,0.30625,3.1963e+0,1.0043e+9,2.1163e+10
0.07604,0.30625,2.9745e+0,0.0000e+0,0.0000e+0
0.07813,0.30625,2.7532e+0,1.7210e+11,0.0000e+0
0.08021,0.30625,2.5454e+0,1.1853e+11,4.1694e+11
0.08229,0.30625,2.3166e+0,2.6072e+10,3.9164e+11
0.08438,0.30625,2.0668e+0,9.6257e+8,3.0349e+11
0.08646,0.30625,1.7988e+0,0.0000e+0,2.2662e+11
0.08854,0.30625,1.5170e+0,0.0000e+0,1.1742e+11
0.09062,0.30625,1.2291e+0,0.0000e+0,0.0000e+0
0.09271,0.30625,9.4568e-1,0.0000e+0,0.0000e+0
0.09479,0.30625,6.6800e-1,0.0000e+0,0.0000e+0
0.09688,0.30625,3.9622e-1,0.0000e+0,0.0000e+0
0.09896,0.30625,1.3022e-1,0.0000e+0,0.0000e+0
0.00104,0.31042,7.3201e+0,0.0000e+0,0.0000e+0
0.00313,0.31042,7.3211e+0,0.0000e+0,0.0000e+0
0.00521,0.31042,7.3212e+0,0.0000e+0,9.5674e+11
0.00729,0.31042,7.2509e+0,0.0000e+0,3.9638e+10
0.00937,0.31042,7.1847e+0,0.0000e+0,3.1198e+10
0.01146,0.31042,7.1181e+0,0.0000e+0,0.0000e+0
0.01354,0.31042,7.0576e+0,0.0000e+0,0.0000e+0
0.01563,0.31042,6.9974e+0,0.0000e+0,0.0000e+0
0.01771,0.31042,6.9346e+0,0.0000e+0,0.0000e+0
0.01979,0.31042,6.8780e+0,0.0000e+0,0.0000e+0
0.02187,0.31042,6.8286e+0,0.0000e+0,5.9667e+11
0.02396,0.31042,6.7458e+0,0.0000e+0,7.9881e+11
0.02604,0.31042,6.6154e+0,0.0000e+0,1.0820e+12
0.02813,0.31042,6.4169e+0,2.9677e+11,1.5195e+11
0.03021,0.31042,6.2309e+0,5.0607e+11,1.0921e+11
0.03229,0.31042,6.0761e+0,7.3699e+11,1.8131e+11
0.03438,0.31042,5.9524e+0,7.4442e+10,2.7544e+10
0.03646,0.31042,5.8243e+0,2.4875e+11,0.0000e+0
0.03854,0.31042,5.7106e+0,4.2782e+11,2.1109e+11
0.04063,0.31042,5.6130e+0,9.4861e+10,6.8947e+11
0.04271,0.31042,5.4762e+0,1.6005e+11,6.5398e+11
0.04479,0.31042,5.3043e+0,6.4361e+11,0.0000e+0
0.04688,0.31042,5.1792e+0,1.5966e+11,0.0000e+0
0.04896,0.31042,5.0537e+0,3.3896e+10,0.0000e+0
0.05104,0.31042,4.9217e+0,3.3706e+11,1.0102e+11
0.05312,0.31042,4.8077e+0,1.8834e+11,2.9874e+11
0.05521,0.31042,4.6902e+0,8.6892e+10,8.2612e+11
0.05729,0.31042,4.5223e+0,3.2708e+11,5.0837e+9
0.05937,0.31042,4.3771e+0,1.2756e+11,1.7023e+10
0.06146,0.31042,4.2344e+0,1.1010e+11,2.6877e+11
0.06354,0.31042,4.0846e+0,1.3029e+9,4.3184e+11
0.06563,0.31042,3.9096e+0,1.7960e+11,8.2891e+10
0.06771,0.31042,3.7493e+0,1.2221e+11,3.7147e+11
0.06979,0.31042,3.5815e+0,1.9634e+10,9.5152e+11
0.07187,0.31042,3.3568e+0,3.3747e+11,6.0537e+11
0.07396,0.31042,3.1236e+0,6.5929e+10,1.0433e+10
0.07604,0.31042,2.8943e+0,1.8532e+11,0.0000e+0
0.07813,0.31042,2.6786e+0,1.4101e+11,1.3256e+11
0.08021,0.31042,2.4625e+0,1.0186e+11,3.1360e+11
0.08229,0.31042,2.2275e+0,3.9178e+11,3.4005e+11
0.08438,0.31042,1.9943e+0,8.7182e+9,4.2381e+11
0.08646,0.31042,1.7330e+0,0.0000e+0,1.5604e+11
0.08854,0.31042,1.4670e+0,0.0000e+0,2.5863e+11
0.09062,0.31042,1.1893e+0,0.0000e+0,4.8678e+10
0.09271,0.31042,9.1480e-1,0.0000e+0,0.0000e+0
0.09479,0.31042,6.4637e-1,0.0000e+0,0.0000e+0
0.09688,0.31042,3.8352e-1,0.0000e+0,0.0000e+0
0.09896,0.31042,1.2607e-1,0.0000e+0,0.0000e+0
0.00104,0.31458,7.0150e+0,0.0000e+0,0.0000e+0
0.00313,0.31458,6.9988e+0,0.0000e+0,0.0000e+0
0.00521,0.31458,6.9694e+0,0.0000e+0,0.0000e+0
0.00729,0.31458,6.9265e+0,0.0000e+0,0.0000e+0
0.00937,0.31458,6.8794e+0,0.0000e+0,0.0000e+0
0.01146,0.31458,6.8312e+0,0.0000e+0,0.0000e+0
0.01354,0.31458,6.7833e+0,0.0000e+0,0.0000e+0
0.01563,0.31458,6.7367e+0,0.0000e+0,0.0000e+0
0.01771,0.31458,6.6920e+0,0.0000e+0,0.0000e+0
0.01979,0.31458,6.6500e+0,0.0000e+0,3.9171e+11
0.02187,0.31458,6.5796e+0,0.0000e+0,4.1820e+11
0.02396,0.31458,6.4856e+0,0.0000e+0,3.7184e+11
0.02604,0.31458,6.3735e+0,0.0000e+0,1.1840e+12
0.02813,0.31458,6.1888e+0,7.2643e+10,1.4405e+10
0.03021,0.31458,6.0203e+0,3.0425e+11,0.0000e+0
0.03229,0.31458,5.8857e+0,2.7181e+11,0.0000e+0
0.03438,0.31458,5.7765e+0,0.0000e+0,0.0000e+0
0.03646,0.31458,5.6740e+0,2.6819e+11,3.9642e+11
0.03854,0.31458,5.5721e+0,1.0888e+11,5.1137e+11
0.04063,0.31458,5.4556e+0,5.8792e+9,4.9551e+11
0.04271,0.31458,5.3079e+0,7.6128e+11,3.3780e+11
0.04479,0.31458,5.1843e+0,1.7971e+11,3.5678e+10
0.04688,0.31458,5.0698e+0,2.3470e+10,5.3533e+10
0.04896,0.31458,4.9449e+0,1.2109e+11,6.3869e+10
0.05104,0.31458,4.8143e+0,3.0631e+11,5.3314e+10
0.05312,0.31458,4.6891e+0,2.8790e+11,0.0000e+0
0.05521,0.31458,4.5687e+0,7.7602e+10,6.3897e+10
0.05729,0.31458,4.4347e+0,1.1271e+11,2.1886e+10
0.05937,0.31458,4.2965e+0,2.1652e+11,0.0000e+0
0.06146,0.31458,4.1677e+0,0.0000e+0,2.0788e+11
0.06354,0.31458,4.0236e+0,0.0000e+0,4.1223e+11
0.06563,0.31458,3.8514e+0,1.0236e+11,1.2894e+11
0.06771,0.31458,3.6789e+0,1.0827e+11,2.2684e+11
0.06979,0.31458,3.4963e+0,1.4691e+11,5.4137e+11
0.07187,0.31458,3.2802e+0,3.6463e+11,2.6356e+11
0.07396,0.31458,3.0676e+0,1.2834e+10,7.6162e+10
0.07604,0.31458,2.8465e+0,5.3302e+10,0.0000e+0
0.07813,0.31458,2.6310e+0,0.0000e+0,6.5566e+10
0.08021,0.31458,2.4137e+0,3.8622e+10,3.7988e+11
0.08229,0.31458,2.1764e+0,8.4329e+10,3.5423e+11
0.08438,0.31458,1.9251e+0,0.0000e+0,1.4159e+11
0.08646,0.31458,1.6628e+0,2.1624e+11,5.3265e+10
0.08854,0.31458,1.4081e+0,3.6720e+10,1.1354e+11
0.09062,0.31458,1.1464e+0,0.0000e+0,3.2399e+10
0.09271,0.31458,8.8425e-1,0.0000e+0,0.0000e+0
0.09479,0.31458,6.2573e-1,0.0000e+0,0.0000e+0
0.09688,0.31458,3.7159e-1,0.0000e+0,0.0000e+0
0.09896,0.31458,1.2220e-1,0.0000e+0,0.0000e+0
0.00104,0.31875,6.8398e+0,0.0000e+0,0.0000e+0
0.00313,0.31875,6.7903e+0,0.0000e+0,0.0000e+0
0.00521,0.31875,6.7284e+0,0.0000e+0,0.0000e+0
0.00729,0.31875,6.6710e+0,0.0000e+0,0.0000e+0
0.00937,0.31875,6.6206e+0,0.0000e+0,0.0000e+0
0.01146,0.31875,6.5778e+0,0.0000e+0,0.0000e+0
0.01354,0.31875,6.5334e+0,0.0000e+0,0.0000e+0
0.01563,0.31875,6.4925e+0,0.0000e+0,0.0000e+0
0.01771,0.31875,6.4586e+0,0.0000e+0,0.0000e+0
0.01979,0.31875,6.4367e+0,0.0000e+0,1.4992e+12
0.02187,0.31875,6.3250e+0,0.0000e+0,1.0708e+11
0.02396,0.31875,6.2168e+0,0.0000e+0,1.4164e+11
0.02604,0.31875,6.0976e+0,0.0000e+0,1.6578e+11
0.02813,0.31875,5.9581e+0,0.0000e+0,0.0000e+0
0.03021,0.31875,5.8184e+0,1.9340e+11,0.0000e+0
0.03229,0.31875,5.6990e+0,3.3320e+11,0.0000e+0
0.03438,0.31875,5.5991e+0,0.0000e+0,0.0000e+0
0.03646,0.31875,5.4976e+0,0.0000e+0,1.8424e+10
0.03854,0.31875,5.3915e+0,4.6015e+11,2.3143e+11
0.04063,0.31875,5.2957e+0,7.4267e+10,3.1046e+11
0.04271,0.31875,5.1841e+0,4.0390e+11,0.0000e+0
0.04479,0.31875,5.1051e+0,1.0432e+10,4.1649e+11
0.04688,0.31875,5.0106e+0,3.0590e+10,4.4258e+11
0.04896,0.31875,4.8999e+0,3.0130e+10,2.1980e+11
0.05104,0.31875,4.7848e+0,9.8444e+10,4.1101e+11
0.05312,0.31875,4.6511e+0,2.3696e+11,5.9394e+10
0.05521,0.31875,4.5262e+0,4.1478e+11,3.8438e+11
0.05729,0.31875,4.4025e+0,1.6836e+11,3.3127e+11
0.05937,0.31875,4.2647e+0,1.9541e+11,3.8541e+11
0.06146,0.31875,4.1151e+0,0.0000e+0,0.0000e+0
0.06354,0.31875,3.9667e+0,0.0000e+0,1.2614e+11
0.06563,0.31875,3.8116e+0,0.0000e+0,3.9990e+11
0.06771,0.31875,3.6313e+0,0.0000e+0,1.7970e+11
0.06979,0.31875,3.4414e+0,5.5265e+10,9.5181e+10
0.07187,0.31875,3.2474e+0,2.9289e+11,3.5381e+11
0.07396,0.31875,3.0483e+0,0.0000e+0,4.5724e+11
0.07604,0.31875,2.8228e+0,0.0000e+0,1.0289e+11
0.07813,0.31875,2.5930e+0,0.0000e+0,6.3163e+10
0.08021,0.31875,2.3589e+0,9.4469e+10,1.2486e+11
0.08229,0.31875,2.1192e+0,1.8697e+11,1.7317e+11
0.08438,0.31875,1.8807e+0,1.6182e+10,5.9724e+10
0.08646,0.31875,1.6378e+0,4.4116e+9,2.4172e+11
0.08854,0.31875,1.3797e+0,7.4913e+8,8.5329e+10
0.09062,0.31875,1.1192e+0,0.0000e+0,0.0000e+0
0.09271,0.31875,8.6255e-1,0.0000e+0,0.0000e+0
0.09479,0.31875,6.1017e-1,0.0000e+0,0.0000e+0
0.09688,0.31875,3.6229e-1,0.0000e+0,0.0000e+0
0.09896,0.31875,1.1913e-1,0.0000e+0,0.0000e+0
0.00104,0.32292,7.0605e+0,0.0000e+0,9.5153e+12
0.00313,0.32292,6.7798e+0,0.0000e+0,2.4199e+12
0.00521,0.32292,6.5656e+0,0.0000e+0,0.0000e+0
0.00729,0.32292,6.4493e+0,0.0000e+0,0.0000e+0
0.00937,0.32292,6.3725e+0,1.1393e+12,5.1147e+11
0.01146,0.32292,6.3630e+0,1.3325e+11,1.0658e+12
0.01354,0.32292,6.2953e+0,0.0000e+0,0.0000e+0
0.01563,0.32292,6.2406e+0,0.0000e+0,0.0000e+0
0.01771,0.32292,6.1904e+0,0.0000e+0,0.0000e+0
0.01979,0.32292,6.1393e+0,0.0000e+0,2.0730e+11
0.02187,0.32292,6.0649e+0,0.0000e+0,2.6612e+10
0.02396,0.32292,5.9867e+0,0.0000e+0,2.3009e+11
0.02604,0.32292,5.8925e+0,0.0000e+0,5.2903e+11
0.02813,0.32292,5.7692e+0,0.0000e+0,0.0000e+0
0.03021,0.32292,5.6572e+0,6.7481e+10,9.1375e+10
0.03229,0.32292,5.5519e+0,2.6319e+11,2.6807e+11
0.03438,0.32292,5.4523e+0,1.5602e+11,1.1108e+11
0.03646,0.32292,5.3577e+0,5.1704e+9,1.7115e+11
0.03854,0.32292,5.2527e+0,9.6981e+10,0.0000e+0
0.04063,0.32292,5.1616e+0,0.0000e+0,0.0000e+0
0.04271,0.32292,5.0730e+0,1.1828e+11,0.0000e+0
0.04479,0.32292,4.9944e+0,2.6308e+9,1.1480e+11
0.04688,0.32292,4.9108e+0,2.2499e+11,2.7793e+11
0.04896,0.32292,4.8300e+0,1.8726e+11,8.8496e+10
0.05104,0.32292,4.7535e+0,2.2787e+11,6.4231e+11
0.05312,0.32292,4.6556e+0,8.6501e+10,8.7565e+11
0.05521,0.32292,4.5214e+0,0.0000e+0,2.7108e+11
0.05729,0.32292,4.3887e+0,4.4120e+10,4.7314e+11
0.05937,0.32292,4.2462e+0,4.5184e+11,1.0400e+12
0.06146,0.32292,4.0783e+0,1.1795e+11,1.6788e+11
0.06354,0.32292,3.9165e+0,2.3448e+11,8.0975e+10
0.06563,0.32292,3.7686e+0,5.5348e+10,5.7819e+11
0.06771,0.32292,3.5887e+0,1.6512e+11,1.6969e+11
0.06979,0.32292,3.4181e+0,0.0000e+0,4.1474e+11
0.07187,0.32292,3.2291e+0,0.0000e+0,5.1530e+11
0.07396,0.32292,3.0149e+0,2.0820e+11,2.2830e+11
0.07604,0.32292,2.8089e+0,1.7645e+11,7.5757e+11
0.07813,0.32292,2.5770e+0,1.4268e+11,4.3971e+11
0.08021,0.32292,2.3377e+0,0.0000e+0,1.8639e+11
0.08229,0.32292,2.0947e+0,1.5351e+11,9.3433e+10
0.08438,0.32292,1.8636e+0,4.2441e+10,3.0305e+11
0.08646,0.32292,1.6218e+0,0.0000e+0,4.0389e+11
0.08854,0.32292,1.3584e+0,0.0000e+0,0.0000e+0
0.09062,0.32292,1.1001e+0,0.0000e+0,0.0000e+0
0.09271,0.32292,8.4685e-1,0.0000e+0,0.0000e+0
0.09479,0.32292,5.9858e-1,0.0000e+0,0.0000e+0
0.09688,0.32292,3.5524e-1,0.0000e+0,0.0000e+0
0.09896,0.32292,1.1679e-1,0.0000e+0,0.0000e+0
0.00104,0.32708,6.5374e+0,0.0000e+0,2.6797e+12
0.00313,0.32708,6.4033e+0,0.0000e+0,6.8148e+11
0.00521,0.32708,6.2753e+0,0.0000e+0,0.0000e+0
0.00729,0.32708,6.1799e+0,0.0000e+0,0.0000e+0
0.00937,0.32708,6.0986e+0,9.5070e+11,1.6202e+11
0.01146,0.32708,6.0861e+0,1.1119e+11,3.3762e+11
0.01354,0.32708,6.0431e+0,0.0000e+0,0.0000e+0
0.01563,0.32708,5.9984e+0,0.0000e+0,0.0000e+0
0.01771,0.32708,5.9499e+0,0.0000e+0,0.0000e+0
0.01979,0.32708,5.8962e+0,0.0000e+0,0.0000e+0
0.02187,0.32708,5.8407e+0,0.0000e+0,1.7650e+11
0.02396,0.32708,5.7784e+0,0.0000e+0,7.6001e+11
0.02604,0.32708,5.6725e+0,4.6837e+10,1.2226e+11
0.02813,0.32708,5.5696e+0,3.1782e+11,1.0609e+11
0.03021,0.32708,5.4949e+0,3.3983e+10,3.4626e+11
0.03229,0.32708,5.4056e+0,3.0259e+11,2.5777e+11
0.03438,0.32708,5.3232e+0,2.5055e+11,3.8446e+11
0.03646,0.32708,5.2303e+0,2.4321e+10,4.3895e+11
0.03854,0.32708,5.1070e+0,9.7016e+11,2.4171e+11
0.04063,0.32708,5.0359e+0,1.4382e+11,7.7459e+10
0.04271,0.32708,4.9689e+0,1.1803e+9,3.3654e+11
0.04479,0.32708,4.8878e+0,1.5114e+10,8.2325e+10
0.04688,0.32708,4.8203e+0,0.0000e+0,1.4812e+11
0.04896,0.32708,4.7624e+0,0.0000e+0,5.8173e+11
0.05104,0.32708,4.6858e+0,0.0000e+0,7.3697e+11
0.05312,0.32708,4.5766e+0,0.0000e+0,6.0453e+11
0.05521,0.32708,4.4458e+0,0.0000e+0,4.9897e+11
0.05729,0.32708,4.2995e+0,0.0000e+0,2.6347e+10
0.05937,0.32708,4.1686e+0,2.2909e+11,6.7703e+11
0.06146,0.32708,4.0261e+0,8.8332e+10,4.3843e+11
0.06354,0.32708,3.8804e+0,1.1101e+11,6.8954e+11
0.06563,0.32708,3.7122e+0,3.1119e+10,4.1014e+11
0.06771,0.32708,3.5288e+0,1.1508e+11,1.0498e+11
0.06979,0.32708,3.3593e+0,0.0000e+0,3.7285e+11
0.07187,0.32708,3.1735e+0,0.0000e+0,4.6407e+11
0.07396,0.32708,2.9604e+0,2.2347e+9,1.4736e+11
0.07604,0.32708,2.7430e+0,2.3525e+10,8.1890e+10
0.07813,0.32708,2.5220e+0,3.6776e+10,7.4920e+10
0.08021,0.32708,2.2979e+0,1.4573e+10,1.8571e+11
0.08229,0.32708,2.0645e+0,2.2648e+11,2.8486e+11
0.08438,0.32708,1.8295e+0,1.6163e+8,6.4490e+10
0.08646,0.32708,1.5894e+0,0.0000e+0,1.1518e+11
0.08854,0.32708,1.3411e+0,2.4761e+10,2.0994e+11
0.09062,0.32708,1.0845e+0,8.8678e+10,9.0870e+10
0.09271,0.32708,8.3380e-1,0.0000e+0,0.0000e+0
0.09479,0.32708,5.8890e-1,0.0000e+0,0.0000e+0
0.09688,0.32708,3.4933e-1,0.0000e+0,0.0000e+0
0.09896,0.32708,1.1482e-1,0.0000e+0,0.0000e+0
0.00104,0.33125,6.2465e+0,0.0000e+0,1.3431e+12
0.00313,0.33125,6.1381e+0,0.0000e+0,2.7354e+11
0.00521,0.33125,6.0330e+0,0.0000e+0,0.0000e+0
0.00729,0.33125,5.9542e+0,0.0000e+0,0.0000e+0
0.00937,0.33125,5.8963e+0,0.0000e+0,0.0000e+0
0.01146,0.33125,5.8572e+0,0.0000e+0,0.0000e+0
0.01354,0.33125,5.8248e+0,0.0000e+0,0.0000e+0
0.01563,0.33125,5.7958e+0,0.0000e+0,1.4497e+11
0.01771,0.33125,5.7548e+0,0.0000e+0,3.7034e+11
0.01979,0.33125,5.6830e+0,0.0000e+0,0.0000e+0
0.02187,0.33125,5.6111e+0,0.0000e+0,0.0000e+0
0.02396,0.33125,5.5347e+0,0.0000e+0,0.0000e+0
0.02604,0.33125,5.4480e+0,5.9934e+10,0.0000e+0
0.02813,0.33125,5.3557e+0,9.5321e+11,1.1412e+11
0.03021,0.33125,5.3211e+0,6.9361e+11,6.5374e+11
0.03229,0.33125,5.2730e+0,3.3144e+11,5.1936e+11
0.03438,0.33125,5.2082e+0,1.6278e+11,4.7638e+11
0.03646,0.33125,5.1201e+0,0.0000e+0,3.0136e+11
0.03854,0.33125,5.0165e+0,4.1061e+11,4.8522e+11
0.04063,0.33125,4.9193e+0,8.1521e+10,9.6579e+10
0.04271,0.33125,4.8304e+0,3.5159e+10,3.1836e+11
0.04479,0.33125,4.7263e+0,4.9746e+11,9.8164e+10
0.04688,0.33125,4.6558e+0,9.0742e+10,0.0000e+0
0.04896,0.33125,4.5980e+0,0.0000e+0,1.9799e+11
0.05104,0.33125,4.5337e+0,1.4817e+11,9.9658e+11
0.05312,0.33125,4.4169e+0,2.7795e+11,4.2985e+11
0.05521,0.33125,4.2963e+0,0.0000e+0,3.0925e+11
0.05729,0.33125,4.1607e+0,2.9084e+10,2.6079e+11
0.05937,0.33125,4.0174e+0,3.4819e+11,1.5798e+11
0.06146,0.33125,3.8934e+0,0.0000e+0,1.3500e+11
0.06354,0.33125,3.7689e+0,3.1302e+11,8.6379e+11
0.06563,0.33125,3.6195e+0,1.0612e+10,7.2037e+11
0.06771,0.33125,3.4397e+0,5.6501e+9,1.7120e+11
0.06979,0.33125,3.2699e+0,3.0441e+9,1.9710e+11
0.07187,0.33125,3.1040e+0,0.0000e+0,7.6017e+11
0.07396,0.33125,2.9038e+0,0.0000e+0,3.5271e+11
0.07604,0.33125,2.6979e+0,1.1303e+11,3.3215e+11
0.07813,0.33125,2.4914e+0,1.3758e+11,4.8080e+11
0.08021,0.33125,2.2708e+0,2.0891e+11,4.0015e+11
0.08229,0.33125,2.0478e+0,1.2133e+11,4.0416e+11
0.08438,0.33125,1.8193e+0,1.2235e+9,3.8503e+11
0.08646,0.33125,1.5774e+0,0.0000e+0,3.3736e+11
0.08854,0.33125,1.3223e+0,2.9450e+10,1.6280e+11
0.09062,0.33125,1.0655e+0,1.0547e+11,2.5218e+10
0.09271,0.33125,8.1985e-1,0.0000e+0,0.0000e+0
0.09479,0.33125,5.7918e-1,0.0000e+0,0.0000e+0
0.09688,0.33125,3.4356e-1,0.0000e+0,0.0000e+0
0.09896,0.33125,1.1292e-1,0.0000e+0,0.0000e+0
0.00104,0.33542,6.4021e+0,0.0000e+0,1.2002e+13
0.00313,0.33542,6.0577e+0,0.0000e+0,2.4444e+12
0.00521,0.33542,5.8326e+0,0.0000e+0,0.0000e+0
0.00729,0.33542,5.7230e+0,0.0000e+0,0.0000e+0
0.00937,0.33542,5.6620e+0,0.0000e+0,0.0000e+0
0.01146,0.33542,5.6275e+0,0.0000e+0,0.0000e+0
0.01354,0.33542,5.6116e+0,0.0000e+0,0.0000e+0
0.01563,0.33542,5.6146e+0,0.0000e+0,7.0611e+11
0.01771,0.33542,5.5929e+0,0.0000e+0,1.4080e+12
0.01979,0.33542,5.5005e+0,0.0000e+0,0.0000e+0
0.02187,0.33542,5.4277e+0,0.0000e+0,0.0000e+0
0.02396,0.33542,5.3604e+0,0.0000e+0,5.0773e+10
0.02604,0.33542,5.2902e+0,0.0000e+0,1.7424e+10
0.02813,0.33542,5.2238e+0,8.1298e+11,4.5132e+11
0.03021,0.33542,5.1976e+0,1.4846e+11,5.3699e+11
0.03229,0.33542,5.1568e+0,0.0000e+0,5.6371e+11
0.03438,0.33542,5.1048e+0,0.0000e+0,1.1923e+12
0.03646,0.33542,4.9995e+0,0.0000e+0,2.9415e+11
0.03854,0.33542,4.8997e+0,0.0000e+0,5.6638e+11
0.04063,0.33542,4.7806e+0,0.0000e+0,0.0000e+0
0.04271,0.33542,4.6785e+0,0.0000e+0,1.5195e+11
0.04479,0.33542,4.5741e+0,1.1886e+11,5.0143e+10
0.04688,0.33542,4.4825e+0,2.2829e+11,0.0000e+0
0.04896,0.33542,4.4079e+0,0.0000e+0,0.0000e+0
0.05104,0.33542,4.3321e+0,4.3623e+8,1.0145e+11
0.05312,0.33542,4.2460e+0,8.1830e+8,5.4162e+11
0.05521,0.33542,4.1290e+0,0.0000e+0,3.1104e+11
0.05729,0.33542,3.9992e+0,7.1354e+7,1.7558e+11
0.05937,0.33542,3.8664e+0,8.5424e+8,0.0000e+0
0.06146,0.33542,3.7434e+0,0.0000e+0,4.1466e+11
0.06354,0.33542,3.5989e+0,0.0000e+0,2.0684e+11
0.06563,0.33542,3.4434e+0,1.1795e+11,2.1491e+11
0.06771,0.33542,3.2780e+0,2.7965e+11,1.1485e+11
0.06979,0.33542,3.1228e+0,1.2684e+11,3.2517e+11
0.07187,0.33542,2.9544e+0,6.3443e+10,9.4222e+10
0.07396,0.33542,2.7824e+0,0.0000e+0,8.6197e+9
0.07604,0.33542,2.6095e+0,1.7832e+10,1.0649e+11
0.07813,0.33542,2.4325e+0,2.1704e+10,5.5804e+11
0.08021,0.33542,2.2197e+0,0.0000e+0,4.3444e+11
0.08229,0.33542,1.9792e+0,3.8596e+11,3.1083e+10
0.08438,0.33542,1.7648e+0,9.9617e+10,2.3463e+11
0.08646,0.33542,1.5364e+0,0.0000e+0,1.3713e+11
0.08854,0.33542,1.2943e+0,0.0000e+0,2.4204e+10
0.09062,0.33542,1.0509e+0,0.0000e+0,4.8211e+10
0.09271,0.33542,8.0788e-1,0.0000e+0,0.0000e+0
0.09479,0.33542,5.7016e-1,0.0000e+0,0.0000e+0
0.09688,0.33542,3.3797e-1,0.0000e+0,0.0000e+0
0.09896,0.33542,1.1104e-1,0.0000e+0,0.0000e+0
0.00104,0.33958,5.5421e+0,0.0000e+0,0.0000e+0
0.00313,0.33958,5.4917e+0,0.0000e+0,0.0000e+0
0.00521,0.33958,5.4377e+0,0.0000e+0,0.0000e+0
0.00729,0.33958,5.3953e+0,0.0000e+0,0.0000e+0
0.00937,0.33958,5.3637e+0,0.0000e+0,0.0000e+0
0.01146,0.33958,5.3419e+0,0.0000e+0,0.0000e+0
0.01354,0.33958,5.3272e+0,0.0000e+0,0.0000e+0
0.01563,0.33958,5.3150e+0,0.0000e+0,0.0000e+0
0.01771,0.33958,5.2981e+0,0.0000e+0,0.0000e+0
0.01979,0.33958,5.2748e+0,0.0000e+0,1.5335e+11
0.02187,0.33958,5.2485e+0,0.0000e+0,4.6930e+11
0.02396,0.33958,5.2057e+0,0.0000e+0,7.1900e+11
0.02604,0.33958,5.1340e+0,0.0000e+0,3.2508e+11
0.02813,0.33958,5.0629e+0,5.4342e+10,4.8946e+11
0.03021,0.33958,4.9896e+0,6.4061e+9,2.2309e+11
0.03229,0.33958,4.9203e+0,0.0000e+0,7.0112e+10
0.03438,0.33958,4.8595e+0,0.0000e+0,2.9653e+11
0.03646,0.33958,4.7876e+0,0.0000e+0,4.4501e+11
0.03854,0.33958,4.7056e+0,0.0000e+0,7.2154e+11
0.04063,0.33958,4.5965e+0,0.0000e+0,0.0000e+0
0.04271,0.33958,4.5083e+0,0.0000e+0,2.6203e+11
0.04479,0.33958,4.4139e+0,0.0000e+0,1.8898e+11
0.04688,0.33958,4.3177e+0,0.0000e+0,0.0000e+0
0.04896,0.33958,4.2353e+0,0.0000e+0,1.7881e+11
0.05104,0.33958,4.1536e+0,0.0000e+0,6.0467e+11
0.05312,0.33958,4.0441e+0,0.0000e+0,1.9101e+11
0.05521,0.33958,3.9341e+0,0.0000e+0,3.3227e+11
0.05729,0.33958,3.8129e+0,0.0000e+0,1.1864e+11
0.05937,0.33958,3.6950e+0,6.2471e+10,4.0838e+11
0.06146,0.33958,3.5667e+0,9.2523e+9,3.5837e+11
0.06354,0.33958,3.4274e+0,0.0000e+0,1.6693e+11
0.06563,0.33958,3.2922e+0,9.0709e+10,3.5664e+11
0.06771,0.33958,3.1532e+0,5.5870e+10,6.4578e+11
0.06979,0.33958,2.9875e+0,9.4547e+10,1.8273e+11
0.07187,0.33958,2.8236e+0,2.7161e+11,1.6860e+10
0.07396,0.33958,2.6812e+0,0.0000e+0,2.2325e+11
0.07604,0.33958,2.5284e+0,0.0000e+0,2.6899e+11
0.07813,0.33958,2.3690e+0,0.0000e+0,8.6160e+11
0.08021,0.33958,2.1659e+0,0.0000e+0,5.3023e+11
0.08229,0.33958,1.9446e+0,2.0985e+10,6.1138e+10
0.08438,0.33958,1.7404e+0,1.2121e+10,3.0203e+11
0.08646,0.33958,1.5299e+0,0.0000e+0,6.6141e+11
0.08854,0.33958,1.2861e+0,0.0000e+0,1.7426e+11
0.09062,0.33958,1.0426e+0,0.0000e+0,2.0852e+11
0.09271,0.33958,7.9617e-1,0.0000e+0,0.0000e+0
0.09479,0.33958,5.5971e-1,0.0000e+0,0.0000e+0
0.09688,0.33958,3.3105e-1,0.0000e+0,0.0000e+0
0.09896,0.33958,1.0866e-1,0.0000e+0,0.0000e+0
0.00104,0.34375,5.0841e+0,0.0000e+0,0.0000e+0
0.00313,0.34375,5.0790e+0,0.0000e+0,0.0000e+0
0.00521,0.34375,5.0743e+0,0.0000e+0,7.4767e+10
0.00729,0.34375,5.0667e+0,0.0000e+0,1.2082e+11
0.00937,0.34375,5.0498e+0,0.0000e+0,0.0000e+0
0.01146,0.34375,5.0414e+0,0.0000e+0,0.0000e+0
0.01354,0.34375,5.0406e+0,0.0000e+0,0.0000e+0
0.01563,0.34375,5.0424e+0,0.0000e+0,5.5056e+10
0.01771,0.34375,5.0380e+0,0.0000e+0,1.8133e+11
0.01979,0.34375,5.0236e+0,0.0000e+0,2.2570e+11
0.02187,0.34375,5.0008e+0,0.0000e+0,4.1391e+11
0.02396,0.34375,4.9608e+0,0.0000e+0,5.9905e+11
0.02604,0.34375,4.8961e+0,0.0000e+0,4.7348e+11
0.02813,0.34375,4.8178e+0,0.0000e+0,6.7679e+11
0.03021,0.34375,4.7153e+0,1.1357e+11,0.0000e+0
0.03229,0.34375,4.6445e+0,2.3594e+11,4.4385e+11
0.03438,0.34375,4.5813e+0,6.7799e+10,7.6338e+11
0.03646,0.34375,4.4941e+0,1.5094e+11,3.7625e+11
0.03854,0.34375,4.4137e+0,4.4303e+8,0.0000e+0
0.04063,0.34375,4.3495e+0,0.0000e+0,9.5456e+10
0.04271,0.34375,4.2983e+0,0.0000e+0,7.1651e+11
0.04479,0.34375,4.2192e+0,0.0000e+0,6.6164e+11
0.04688,0.34375,4.1137e+0,0.0000e+0,1.1634e+11
0.04896,0.34375,4.0174e+0,0.0000e+0,2.5624e+11
0.05104,0.34375,3.9117e+0,0.0000e+0,1.2564e+11
0.05312,0.34375,3.8018e+0,0.0000e+0,3.1998e+10
0.05521,0.34375,3.6971e+0,0.0000e+0,4.5616e+10
0.05729,0.34375,3.5937e+0,0.0000e+0,1.8614e+11
0.05937,0.34375,3.4750e+0,2.6457e+11,3.3803e+11
0.06146,0.34375,3.3417e+0,1.2931e+11,0.0000e+0
0.06354,0.34375,3.2055e+0,3.4940e+11,2.9649e+10
0.06563,0.34375,3.0842e+0,4.0019e+11,1.0257e+11
0.06771,0.34375,2.9735e+0,0.0000e+0,2.0073e+11
0.06979,0.34375,2.8422e+0,6.9972e+10,2.1743e+11
0.07187,0.34375,2.7029e+0,1.6018e+11,1.7721e+11
0.07396,0.34375,2.5680e+0,0.0000e+0,4.7241e+11
0.07604,0.34375,2.4061e+0,0.0000e+0,3.4743e+11
0.07813,0.34375,2.2289e+0,0.0000e+0,2.2785e+11
0.08021,0.34375,2.0408e+0,0.0000e+0,1.1748e+11
0.08229,0.34375,1.8504e+0,0.0000e+0,1.2879e+10
0.08438,0.34375,1.6700e+0,0.0000e+0,4.3015e+11
0.08646,0.34375,1.4710e+0,0.0000e+0,5.6113e+11
0.08854,0.34375,1.2446e+0,0.0000e+0,3.8377e+11
0.09062,0.34375,1.0032e+0,0.0000e+0,7.9886e+10
0.09271,0.34375,7.6628e-1,0.0000e+0,0.0000e+0
0.09479,0.34375,5.3855e-1,0.0000e+0,0.0000e+0
0.09688,0.34375,3.1842e-1,0.0000e+0,0.0000e+0
0.09896,0.34375,1.0449e-1,0.0000e+0,0.0000e+0
0.00104,0.34792,4.6668e+0,0.0000e+0,0.0000e+0
0.00313,0.34792,4.6780e+0,0.0000e+0,0.0000e+0
0.00521,0.34792,4.7085e+0,1.0838e+12,1.2432e+12
0.00729,0.34792,4.7512e+0,2.2561e+11,2.0091e+12
0.00937,0.34792,4.7129e+0,0.0000e+0,0.0000e+0
0.01146,0.34792,4.7141e+0,0.0000e+0,0.0000e+0
0.01354,0.34792,4.7435e+0,0.0000e+0,3.9334e+11
0.01563,0.34792,4.7779e+0,0.0000e+0,1.2715e+12
0.01771,0.34792,4.7659e+0,0.0000e+0,8.1610e+11
0.01979,0.34792,4.7424e+0,0.0000e+0,7.9484e+11
0.02187,0.34792,4.7042e+0,0.0000e+0,8.0853e+11
0.02396,0.34792,4.6442e+0,0.0000e+0,3.8008e+11
0.02604,0.34792,4.5872e+0,0.0000e+0,1.0341e+12
0.02813,0.34792,4.4832e+0,0.0000e+0,3.5177e+11
0.03021,0.34792,4.3731e+0,1.1661e+11,0.0000e+0
0.03229,0.34792,4.2844e+0,2.4225e+11,1.3585e+11
0.03438,0.34792,4.2040e+0,2.7736e+11,2.4685e+11
0.03646,0.34792,4.1149e+0,9.5613e+11,0.0000e+0
0.03854,0.34792,4.0732e+0,9.0120e+10,0.0000e+0
0.04063,0.34792,4.0321e+0,0.0000e+0,3.0589e+10
0.04271,0.34792,3.9875e+0,0.0000e+0,9.8159e+10
0.04479,0.34792,3.9393e+0,0.0000e+0,5.8695e+11
0.04688,0.34792,3.8546e+0,0.0000e+0,1.0507e+11
0.04896,0.34792,3.7735e+0,0.0000e+0,5.9553e+11
0.05104,0.34792,3.6650e+0,0.0000e+0,4.2522e+11
0.05312,0.34792,3.5459e+0,1.3698e+11,0.0000e+0
0.05521,0.34792,3.4556e+0,1.8142e+11,8.2762e+9
0.05729,0.34792,3.3938e+0,3.4748e+10,5.8415e+11
0.05937,0.34792,3.3121e+0,0.0000e+0,1.0808e+12
0.06146,0.34792,3.1760e+0,4.2633e+10,1.2918e+11
0.06354,0.34792,3.0549e+0,1.0825e+11,3.2181e+11
0.06563,0.34792,2.9384e+0,5.6121e+10,2.1155e+11
0.06771,0.34792,2.8281e+0,0.0000e+0,4.5791e+11
0.06979,0.34792,2.6984e+0,4.1745e+10,2.0309e+11
0.07187,0.34792,2.5727e+0,3.6081e+11,7.6898e+11
0.07396,0.34792,2.4306e+0,0.0000e+0,6.2962e+11
0.07604,0.34792,2.2546e+0,0.0000e+0,5.8249e+10
0.07813,0.34792,2.0808e+0,0.0000e+0,2.5256e+10
0.08021,0.34792,1.9074e+0,0.0000e+0,5.9441e+10
0.08229,0.34792,1.7306e+0,0.0000e+0,0.0000e+0
0.08438,0.34792,1.5577e+0,0.0000e+0,2.8191e+11
0.08646,0.34792,1.3666e+0,0.0000e+0,1.7896e+11
0.08854,0.34792,1.1641e+0,0.0000e+0,3.4367e+11
0.09062,0.34792,9.4259e-1,0.0000e+0,1.2647e+11
0.09271,0.34792,7.2062e-1,0.0000e+0,0.0000e+0
0.09479,0.34792,5.0671e-1,0.0000e+0,0.0000e+0
0.09688,0.34792,2.9965e-1,0.0000e+0,0.0000e+0
0.09896,0.34792,9.8340e-2,0.0000e+0,0.0000e+0
0.00104,0.35208,4.1601e+0,0.0000e+0,0.0000e+0
0.00313,0.35208,4.1444e+0,0.0000e+0,0.0000e+0
0.00521,0.35208,4.1048e+0,2.2457e+12,0.0000e+0
0.00729,0.35208,4.1816e+0,4.6748e+11,0.0000e+0
0.00937,0.35208,4.2346e+0,0.0000e+0,0.0000e+0
0.01146,0.35208,4.2631e+0,0.0000e+0,0.0000e+0
0.01354,0.35208,4.2826e+0,0.0000e+0,1.9808e+10
0.01563,0.35208,4.2938e+0,0.0000e+0,5.1550e+10
0.01771,0.35208,4.2918e+0,0.0000e+0,0.0000e+0
0.01979,0.35208,4.2831e+0,0.0000e+0,1.3681e+11
0.02187,0.35208,4.2593e+0,6.4537e+10,1.9718e+11
0.02396,0.35208,4.2169e+0,1.7834e+11,2.0497e+11
0.02604,0.35208,4.1669e+0,0.0000e+0,2.4724e+11
0.02813,0.35208,4.0945e+0,0.0000e+0,2.2679e+11
0.03021,0.35208,4.0126e+0,3.1910e+11,2.3994e+11
0.03229,0.35208,3.9502e+0,7.9422e+10,2.1255e+11
0.03438,0.35208,3.9023e+0,2.4445e+11,9.3219e+11
0.03646,0.35208,3.8365e+0,1.7333e+11,5.6506e+11
0.03854,0.35208,3.7760e+0,0.0000e+0,2.0523e+11
0.04063,0.35208,3.7282e+0,0.0000e+0,4.7416e+11
0.04271,0.35208,3.6696e+0,0.0000e+0,0.0000e+0
0.04479,0.35208,3.6329e+0,0.0000e+0,7.7469e+11
0.04688,0.35208,3.5634e+0,0.0000e+0,6.6627e+11
0.04896,0.35208,3.4679e+0,3.9970e+10,6.0040e+11
0.05104,0.35208,3.3452e+0,2.8719e+11,2.2464e+11
0.05312,0.35208,3.2361e+0,3.9651e+11,4.9306e+10
0.05521,0.35208,3.1593e+0,4.9072e+11,2.1747e+11
0.05729,0.35208,3.1084e+0,6.5327e+10,3.4440e+11
0.05937,0.35208,3.0425e+0,9.2873e+10,7.8475e+11
0.06146,0.35208,2.9357e+0,2.5150e+11,3.5663e+11
0.06354,0.35208,2.8350e+0,0.0000e+0,2.1274e+11
0.06563,0.35208,2.7344e+0,0.0000e+0,3.2067e+11
0.06771,0.35208,2.6307e+0,0.0000e+0,4.7767e+11
0.06979,0.35208,2.5153e+0,4.0755e+10,5.0173e+11
0.07187,0.35208,2.3909e+0,1.3556e+11,6.6808e+11
0.07396,0.35208,2.2488e+0,0.0000e+0,3.7066e+11
0.07604,0.35208,2.0953e+0,0.0000e+0,1.8081e+11
0.07813,0.35208,1.9417e+0,0.0000e+0,1.8132e+11
0.08021,0.35208,1.7872e+0,0.0000e+0,4.5754e+11
0.08229,0.35208,1.6127e+0,0.0000e+0,2.4681e+9
0.08438,0.35208,1.4474e+0,0.0000e+0,2.5525e+11
0.08646,0.35208,1.2707e+0,0.0000e+0,4.0287e+11
0.08854,0.35208,1.0714e+0,0.0000e+0,1.6531e+11
0.09062,0.35208,8.6465e-1,0.0000e+0,1.3308e+10
0.09271,0.35208,6.6229e-1,0.0000e+0,0.0000e+0
0.09479,0.35208,4.6594e-1,0.0000e+0,0.0000e+0
0.09688,0.35208,2.7549e-1,0.0000e+0,0.0000e+0
0.09896,0.35208,9.0403e-2,0.0000e+0,0.0000e+0
0.00104,0.35625,3.7791e+0,0.0000e+0,0.0000e+0
0.00313,0.35625,3.7798e+0,0.0000e+0,0.0000e+0
0.00521,0.35625,3.7841e+0,0.0000e+0,0.0000e+0
0.00729,0.35625,3.8009e+0,0.0000e+0,0.0000e+0
0.00937,0.35625,3.8178e+0,0.0000e+0,0.0000e+0
0.01146,0.35625,3.8306e+0,0.0000e+0,0.0000e+0
0.01354,0.35625,3.8393e+0,0.0000e+0,0.0000e+0
0.01563,0.35625,3.8444e+0,0.0000e+0,0.0000e+0
0.01771,0.35625,3.8464e+0,0.0000e+0,0.0000e+0
0.01979,0.35625,3.8483e+0,0.0000e+0,0.0000e+0
0.02187,0.35625,3.8540e+0,1.8972e+11,6.6997e+11
0.02396,0.35625,3.8327e+0,5.2426e+11,1.3093e+12
0.02604,0.35625,3.7782e+0,0.0000e+0,6.1987e+11
0.02813,0.35625,3.6954e+0,0.0000e+0,1.6914e+11
0.03021,0.35625,3.6140e+0,2.6646e+11,3.2778e+11
0.03229,0.35625,3.5359e+0,1.6372e+11,1.1979e+11
0.03438,0.35625,3.4708e+0,5.3400e+11,2.2531e+11
0.03646,0.35625,3.4310e+0,3.6705e+10,2.5626e+11
0.03854,0.35625,3.3755e+0,2.8461e+11,1.8971e+11
0.04063,0.35625,3.3294e+0,5.6557e+10,2.9538e+11
0.04271,0.35625,3.2733e+0,0.0000e+0,0.0000e+0
0.04479,0.35625,3.2239e+0,2.7222e+11,2.5359e+11
0.04688,0.35625,3.1816e+0,4.5451e+10,5.3828e+11
0.04896,0.35625,3.1167e+0,5.6269e+10,1.0634e+12
0.05104,0.35625,2.9982e+0,5.5880e+11,2.4999e+11
0.05312,0.35625,2.9163e+0,2.9718e+11,4.0909e+10
0.05521,0.35625,2.8666e+0,0.0000e+0,3.9240e+11
0.05729,0.35625,2.8057e+0,0.0000e+0,3.2026e+11
0.05937,0.35625,2.7362e+0,6.3045e+9,3.7295e+11
0.06146,0.35625,2.6530e+0,1.7073e+10,3.3520e+11
0.06354,0.35625,2.5605e+0,0.0000e+0,3.6501e+11
0.06563,0.35625,2.4556e+0,4.1594e+10,3.1313e+11
0.06771,0.35625,2.3429e+0,1.7909e+11,1.9604e+11
0.06979,0.35625,2.2386e+0,0.0000e+0,2.4162e+11
0.07187,0.35625,2.1253e+0,0.0000e+0,9.7774e+10
0.07396,0.35625,2.0129e+0,0.0000e+0,1.8229e+11
0.07604,0.35625,1.8967e+0,0.0000e+0,3.6872e+11
0.07813,0.35625,1.7652e+0,1.3420e+11,5.1122e+11
0.08021,0.35625,1.6209e+0,1.2026e+11,3.4476e+11
0.08229,0.35625,1.4741e+0,0.0000e+0,3.2247e+11
0.08438,0.35625,1.3196e+0,0.0000e+0,3.1902e+11
0.08646,0.35625,1.1563e+0,0.0000e+0,3.8487e+11
0.08854,0.35625,9.7603e-1,0.0000e+0,2.9960e+11
0.09062,0.35625,7.8371e-1,0.0000e+0,1.6995e+10
0.09271,0.35625,5.9786e-1,0.0000e+0,0.0000e+0
0.09479,0.35625,4.1858e-1,2.2672e+10,0.0000e+0
0.09688,0.35625,2.4604e-1,3.0934e+10,0.0000e+0
0.09896,0.35625,8.0733e-2,0.0000e+0,0.0000e+0
0.00104,0.36042,3.3931e+0,0.0000e+0,0.0000e+0
0.00313,0.36042,3.3941e+0,0.0000e+0,0.0000e+0
0.00521,0.36042,3.3965e+0,0.0000e+0,0.0000e+0
0.00729,0.36042,3.4004e+0,0.0000e+0,0.0000e+0
0.00937,0.36042,3.4042e+0,0.0000e+0,0.0000e+0
0.01146,0.36042,3.4065e+0,0.0000e+0,0.0000e+0
0.01354,0.36042,3.4067e+0,0.0000e+0,0.0000e+0
0.01563,0.36042,3.4048e+0,0.0000e+0,0.0000e+0
0.01771,0.36042,3.4010e+0,0.0000e+0,0.0000e+0
0.01979,0.36042,3.3963e+0,0.0000e+0,0.0000e+0
0.02187,0.36042,3.3920e+0,0.0000e+0,3.5031e+11
0.02396,0.36042,3.3635e+0,0.0000e+0,1.0695e+11
0.02604,0.36042,3.3300e+0,0.0000e+0,5.9023e+11
0.02813,0.36042,3.2617e+0,0.0000e+0,6.4315e+10
0.03021,0.36042,3.1993e+0,0.0000e+0,5.3546e+11
0.03229,0.36042,3.1090e+0,4.9218e+11,0.0000e+0
0.03438,0.36042,3.0598e+0,9.2572e+10,0.0000e+0
0.03646,0.36042,3.0224e+0,3.7271e+9,2.9410e+11
0.03854,0.36042,2.9692e+0,1.9582e+11,2.4411e+11
0.04063,0.36042,2.9140e+0,3.8912e+10,0.0000e+0
0.04271,0.36042,2.8606e+0,0.0000e+0,0.0000e+0
0.04479,0.36042,2.8035e+0,1.5339e+11,0.0000e+0
0.04688,0.36042,2.7489e+0,4.2043e+10,2.9679e+10
0.04896,0.36042,2.6859e+0,2.9633e+11,1.6498e+11
0.05104,0.36042,2.6206e+0,2.4521e+11,2.4579e+11
0.05312,0.36042,2.5557e+0,1.7583e+11,0.0000e+0
0.05521,0.36042,2.5039e+0,0.0000e+0,1.0512e+11
0.05729,0.36042,2.4460e+0,0.0000e+0,1.6970e+11
0.05937,0.36042,2.3794e+0,0.0000e+0,3.8340e+9
0.06146,0.36042,2.3150e+0,0.0000e+0,2.9544e+11
0.06354,0.36042,2.2340e+0,0.0000e+0,3.3459e+11
0.06563,0.36042,2.1343e+0,2.1109e+10,1.1681e+11
0.06771,0.36042,2.0306e+0,9.0888e+10,0.0000e+0
0.06979,0.36042,1.9348e+0,0.0000e+0,0.0000e+0
0.07187,0.36042,1.8379e+0,9.7619e+10,0.0000e+0
0.07396,0.36042,1.7484e+0,7.3914e+10,1.7736e+11
0.07604,0.36042,1.6568e+0,0.0000e+0,5.2905e+11
0.07813,0.36042,1.5351e+0,1.5097e+10,1.7982e+11
0.08021,0.36042,1.4094e+0,1.3530e+10,1.6123e+11
0.08229,0.36042,1.2806e+0,0.0000e+0,2.3231e+11
0.08438,0.36042,1.1422e+0,0.0000e+0,6.4532e+10
0.08646,0.36042,1.0059e+0,0.0000e+0,3.5249e+11
0.08854,0.36042,8.5206e-1,0.0000e+0,2.4571e+11
0.09062,0.36042,6.8898e-1,0.0000e+0,1.4659e+11
0.09271,0.36042,5.2350e-1,0.0000e+0,0.0000e+0
0.09479,0.36042,3.6350e-1,7.5997e+10,0.0000e+0
0.09688,0.36042,2.1073e-1,1.0369e+11,0.0000e+0
0.09896,0.36042,6.9457e-2,0.0000e+0,0.0000e+0
0.00104,0.36458,2.9986e+0,0.0000e+0,0.0000e+0
0.00313,0.36458,2.9983e+0,0.0000e+0,0.0000e+0
0.00521,0.36458,2.9976e+0,0.0000e+0,0.0000e+0
0.00729,0.36458,2.9963e+0,0.0000e+0,0.0000e+0
0.00937,0.36458,2.9938e+0,0.0000e+0,0.0000e+0
0.01146,0.36458,2.9896e+0,0.0000e+0,0.0000e+0
0.01354,0.36458,2.9832e+0,0.0000e+0,0.0000e+0
0.01563,0.36458,2.9740e+0,0.0000e+0,0.0000e+0
0.01771,0.36458,2.9615e+0,0.0000e+0,0.0000e+0
0.01979,0.36458,2.9449e+0,0.0000e+0,0.0000e+0
0.02187,0.36458,2.9226e+0,0.0000e+0,0.0000e+0
0.02396,0.36458,2.8916e+0,0.0000e+0,0.0000e+0
0.02604,0.36458,2.8520e+0,0.0000e+0,0.0000e+0
0.02813,0.36458,2.8030e+0,0.0000e+0,0.0000e+0
0.03021,0.36458,2.7493e+0,0.0000e+0,0.0000e+0
0.03229,0.36458,2.6925e+0,0.0000e+0,0.0000e+0
0.03438,0.36458,2.6334e+0,4.6896e+11,0.0000e+0
0.03646,0.36458,2.5956e+0,1.5793e+11,0.0000e+0
0.03854,0.36458,2.5616e+0,0.0000e+0,0.0000e+0
0.04063,0.36458,2.5200e+0,0.0000e+0,0.0000e+0
0.04271,0.36458,2.4739e+0,0.0000e+0,0.0000e+0
0.04479,0.36458,2.4240e+0,0.0000e+0,0.0000e+0
0.04688,0.36458,2.3704e+0,7.7237e+9,0.0000e+0
0.04896,0.36458,2.3129e+0,1.3886e+11,0.0000e+0
0.05104,0.36458,2.2592e+0,0.0000e+0,0.0000e+0
0.05312,0.36458,2.2015e+0,0.0000e+0,0.0000e+0
0.05521,0.36458,2.1409e+0,3.1883e+10,0.0000e+0
0.05729,0.36458,2.0770e+0,2.0171e+11,0.0000e+0
0.05937,0.36458,2.0216e+0,3.6896e+10,0.0000e+0
0.06146,0.36458,1.9602e+0,0.0000e+0,0.0000e+0
0.06354,0.36458,1.8895e+0,0.0000e+0,0.0000e+0
0.06563,0.36458,1.8104e+0,4.8484e+10,0.0000e+0
0.06771,0.36458,1.7301e+0,7.6125e+9,0.0000e+0
0.06979,0.36458,1.6469e+0,0.0000e+0,0.0000e+0
0.07187,0.36458,1.5594e+0,7.7514e+10,0.0000e+0
0.07396,0.36458,1.4720e+0,5.8691e+10,0.0000e+0
0.07604,0.36458,1.3822e+0,0.0000e+0,0.0000e+0
0.07813,0.36458,1.2832e+0,0.0000e+0,0.0000e+0
0.08021,0.36458,1.1774e+0,0.0000e+0,0.0000e+0
0.08229,0.36458,1.0662e+0,0.0000e+0,0.0000e+0
0.08438,0.36458,9.4966e-1,0.0000e+0,0.0000e+0
0.08646,0.36458,8.2883e-1,0.0000e+0,0.0000e+0
0.08854,0.36458,7.0276e-1,0.0000e+0,0.0000e+0
0.09062,0.36458,5.7295e-1,0.0000e+0,0.0000e+0
0.09271,0.36458,4.4178e-1,0.0000e+0,0.0000e+0
0.09479,0.36458,3.1175e-1,0.0000e+0,0.0000e+0
0.09688,0.36458,1.8440e-1,0.0000e+0,0.0000e+0
0.09896,0.36458,6.0551e-2,0.0000e+0,0.0000e+0
0.00104,0.36875,2.6065e+0,0.0000e+0,0.0000e+0
0.00313,0.36875,2.6053e+0,0.0000e+0,0.0000e+0
0.00521,0.36875,2.6029e+0,0.0000e+0,0.0000e+0
0.00729,0.36875,2.5990e+0,0.0000e+0,0.0000e+0
0.00937,0.36875,2.5934e+0,0.0000e+0,0.0000e+0
0.01146,0.36875,2.5856e+0,0.0000e+0,0.0000e+0
0.01354,0.36875,2.5754e+0,0.0000e+0,0.0000e+0
0.01563,0.36875,2.5622e+0,0.0000e+0,0.0000e+0
0.01771,0.36875,2.5455e+0,0.0000e+0,0.0000e+0
0.01979,0.36875,2.5245e+0,0.0000e+0,0.0000e+0
0.02187,0.36875,2.4983e+0,0.0000e+0,0.0000e+0
0.02396,0.36875,2.4659e+0,0.0000e+0,0.0000e+0
0.02604,0.36875,2.4263e+0,0.0000e+0,0.0000e+0
0.02813,0.36875,2.3782e+0,1.6885e+11,0.0000e+0
0.03021,0.36875,2.3273e+0,4.2712e+11,0.0000e+0
0.03229,0.36875,2.2997e+0,0.0000e+0,0.0000e+0
0.03438,0.36875,2.2650e+0,0.0000e+0,0.0000e+0
0.03646,0.36875,2.2291e+0,0.0000e+0,0.0000e+0
0.03854,0.36875,2.1923e+0,0.0000e+0,0.0000e+0
0.04063,0.36875,2.1533e+0,0.0000e+0,0.0000e+0
0.04271,0.36875,2.1122e+0,0.0000e+0,0.0000e+0
0.04479,0.36875,2.0686e+0,0.0000e+0,0.0000e+0
0.04688,0.36875,2.0222e+0,0.0000e+0,0.0000e+0
0.04896,0.36875,1.9733e+0,0.0000e+0,0.0000e+0
0.05104,0.36875,1.9228e+0,0.0000e+0,0.0000e+0
0.05312,0.36875,1.8680e+0,0.0000e+0,0.0000e+0
0.05521,0.36875,1.8064e+0,2.3413e+11,0.0000e+0
0.05729,0.36875,1.7510e+0,2.5695e+11,0.0000e+0
0.05937,0.36875,1.7052e+0,2.7542e+10,0.0000e+0
0.06146,0.36875,1.6513e+0,0.0000e+0,0.0000e+0
0.06354,0.36875,1.5887e+0,0.0000e+0,0.0000e+0
0.06563,0.36875,1.5175e+0,2.4520e+11,0.0000e+0
0.06771,0.36875,1.4541e+0,3.8499e+10,0.0000e+0
0.06979,0.36875,1.3865e+0,0.0000e+0,0.0000e+0
0.07187,0.36875,1.3134e+0,0.0000e+0,0.0000e+0
0.07396,0.36875,1.2362e+0,0.0000e+0,0.0000e+0
0.07604,0.36875,1.1550e+0,0.0000e+0,0.0000e+0
0.07813,0.36875,1.0691e+0,0.0000e+0,0.0000e+0
0.08021,0.36875,9.7874e-1,0.0000e+0,0.0000e+0
0.08229,0.36875,8.8426e-1,0.0000e+0,0.0000e+0
0.08438,0.36875,7.8607e-1,0.0000e+0,0.0000e+0
0.08646,0.36875,6.8463e-1,0.0000e+0,0.0000e+0
0.08854,0.36875,5.8044e-1,0.0000e+0,0.0000e+0
0.09062,0.36875,4.7431e-1,0.0000e+0,0.0000e+0
0.09271,0.36875,3.6732e-1,0.0000e+0,0.0000e+0
0.09479,0.36875,2.6055e-1,0.0000e+0,0.0000e+0
0.09688,0.36875,1.5490e-1,0.0000e+0,0.0000e+0
0.09896,0.36875,5.0961e-2,0.0000e+0,0.0000e+0
0.00104,0.37292,2.2237e+0,0.0000e+0,0.0000e+0
0.00313,0.37292,2.2222e+0,0.0000e+0,0.0000e+0
0.00521,0.37292,2.2190e+0,0.0000e+0,0.0000e+0
0.00729,0.37292,2.2141e+0,0.0000e+0,0.0000e+0
0.00937,0.37292,2.2072e+0,0.0000e+0,0.0000e+0
0.01146,0.37292,2.1982e+0,0.0000e+0,0.0000e+0
0.01354,0.37292,2.1868e+0,0.0000e+0,0.0000e+0
0.01563,0.37292,2.1726e+0,0.0000e+0,0.0000e+0
0.01771,0.37292,2.1554e+0,0.0000e+0,0.0000e+0
0.01979,0.37292,2.1346e+0,0.0000e+0,0.0000e+0
0.02187,0.37292,2.1101e+0,0.0000e+0,0.0000e+0
0.02396,0.37292,2.0814e+0,0.0000e+0,0.0000e+0
0.02604,0.37292,2.0485e+0,0.0000e+0,0.0000e+0
0.02813,0.37292,2.0114e+0,4.5374e+10,0.0000e+0
0.03021,0.37292,1.9732e+0,1.1478e+11,0.0000e+0
0.03229,0.37292,1.9435e+0,0.0000e+0,0.0000e+0
0.03438,0.37292,1.9107e+0,0.0000e+0,0.0000e+0
0.03646,0.37292,1.8757e+0,0.0000e+0,0.0000e+0
0.03854,0.37292,1.8397e+0,0.0000e+0,0.0000e+0
0.04063,0.37292,1.8032e+0,2.5416e+10,0.0000e+0
0.04271,0.37292,1.7690e+0,1.6704e+9,0.0000e+0
0.04479,0.37292,1.7326e+0,0.0000e+0,0.0000e+0
0.04688,0.37292,1.6924e+0,2.0890e+10,0.0000e+0
0.04896,0.37292,1.6487e+0,1.4110e+11,0.0000e+0
0.05104,0.37292,1.6121e+0,0.0000e+0,0.0000e+0
0.05312,0.37292,1.5712e+0,0.0000e+0,0.0000e+0
0.05521,0.37292,1.5269e+0,0.0000e+0,0.0000e+0
0.05729,0.37292,1.4813e+0,0.0000e+0,0.0000e+0
0.05937,0.37292,1.4345e+0,0.0000e+0,0.0000e+0
0.06146,0.37292,1.3849e+0,0.0000e+0,0.0000e+0
0.06354,0.37292,1.3317e+0,0.0000e+0,0.0000e+0
0.06563,0.37292,1.2752e+0,0.0000e+0,0.0000e+0
0.06771,0.37292,1.2170e+0,0.0000e+0,0.0000e+0
0.06979,0.37292,1.1563e+0,0.0000e+0,0.0000e+0
0.07187,0.37292,1.0925e+0,0.0000e+0,0.0000e+0
0.07396,0.37292,1.0256e+0,0.0000e+0,0.0000e+0
0.07604,0.37292,9.5554e-1,0.0000e+0,0.0000e+0
0.07813,0.37292,8.8235e-1,0.0000e+0,0.0000e+0
0.08021,0.37292,8.0609e-1,0.0000e+0,0.0000e+0
0.08229,0.37292,7.2697e-1,0.0000e+0,0.0000e+0
0.08438,0.37292,6.4528e-1,0.0000e+0,0.0000e+0
0.08646,0.37292,5.6140e-1,0.0000e+0,0.0000e+0
0.08854,0.37292,4.7577e-1,0.0000e+0,0.0000e+0
0.09062,0.37292,3.8895e-1,0.0000e+0,0.0000e+0
0.09271,0.37292,3.0155e-1,0.0000e+0,0.0000e+0
0.09479,0.37292,2.1422e-1,0.0000e+0,0.0000e+0
0.09688,0.37292,1.2754e-1,0.0000e+0,0.0000e+0
0.09896,0.37292,4.1992e-2,0.0000e+0,0.0000e+0
0.00104,0.37708,1.8534e+0,0.0000e+0,0.0000e+0
0.00313,0.37708,1.8518e+0,0.0000e+0,0.0000e+0
0.00521,0.37708,1.8486e+0,0.0000e+0,0.0000e+0
0.00729,0.37708,1.8436e+0,0.0000e+0,0.0000e+0
0.00937,0.37708,1.8367e+0,0.0000e+0,0.0000e+0
0.01146,0.37708,1.8279e+0,0.0000e+0,0.0000e+0
0.01354,0.37708,1.8170e+0,0.0000e+0,0.0000e+0
0.01563,0.37708,1.8037e+0,0.0000e+0,0.0000e+0
0.01771,0.37708,1.7880e+0,0.0000e+0,0.0000e+0
0.01979,0.37708,1.7697e+0,0.0000e+0,0.0000e+0
0.02187,0.37708,1.7486e+0,0.0000e+0,0.0000e+0
0.02396,0.37708,1.7248e+0,0.0000e+0,0.0000e+0
0.02604,0.37708,1.6983e+0,0.0000e+0,0.0000e+0
0.02813,0.37708,1.6695e+0,0.0000e+0,0.0000e+0
0.03021,0.37708,1.6390e+0,0.0000e+0,0.0000e+0
0.03229,0.37708,1.6074e+0,0.0000e+0,0.0000e+0
0.03438,0.37708,1.5731e+0,0.0000e+0,0.0000e+0
0.03646,0.37708,1.5349e+0,7.1143e+10,0.0000e+0
0.03854,0.37708,1.4966e+0,1.3031e+11,0.0000e+0
0.04063,0.37708,1.4581e+0,4.9022e+11,0.0000e+0
0.04271,0.37708,1.4420e+0,3.2218e+10,0.0000e+0
0.04479,0.37708,1.4185e+0,0.0000e+0,0.0000e+0
0.04688,0.37708,1.3871e+0,3.8423e+10,0.0000e+0
0.04896,0.37708,1.3494e+0,2.5953e+11,0.0000e+0
0.05104,0.37708,1.3250e+0,0.0000e+0,0.0000e+0
0.05312,0.37708,1.2945e+0,0.0000e+0,0.0000e+0
0.05521,0.37708,1.2599e+0,0.0000e+0,0.0000e+0
0.05729,0.37708,1.2223e+0,0.0000e+0,0.0000e+0
0.05937,0.37708,1.1823e+0,0.0000e+0,0.0000e+0
0.06146,0.37708,1.1397e+0,0.0000e+0,0.0000e+0
0.06354,0.37708,1.0947e+0,0.0000e+0,0.0000e+0
0.06563,0.37708,1.0472e+0,0.0000e+0,0.0000e+0
0.06771,0.37708,9.9755e-1,0.0000e+0,0.0000e+0
0.06979,0.37708,9.4567e-1,0.0000e+0,0.0000e+0
0.07187,0.37708,8.9153e-1,0.0000e+0,0.0000e+0
0.07396,0.37708,8.3517e-1,0.0000e+0,0.0000e+0
0.07604,0.37708,7.7659e-1,0.0000e+0,0.0000e+0
0.07813,0.37708,7.1583e-1,0.0000e+0,0.0000e+0
0.08021,0.37708,6.5295e-1,0.0000e+0,0.0000e+0
0.08229,0.37708,5.8809e-1,0.0000e+0,0.0000e+0
0.08438,0.37708,5.2145e-1,0.0000e+0,0.0000e+0
0.08646,0.37708,4.5330e-1,0.0000e+0,0.0000e+0
0.08854,0.37708,3.8399e-1,0.0000e+0,0.0000e+0
0.09062,0.37708,3.1388e-1,0.0000e+0,0.0000e+0
0.09271,0.37708,2.4339e-1,0.0000e+0,0.0000e+0
0.09479,0.37708,1.7296e-1,0.0000e+0,0.0000e+0
0.09688,0.37708,1.0301e-1,0.0000e+0,0.0000e+0
0.09896,0.37708,3.3924e-2,0.0000e+0,0.0000e+0
0.00104,0.38125,1.4961e+0,0.0000e+0,0.0000e+0
0.00313,0.38125,1.4946e+0,0.0000e+0,0.0000e+0
0.00521,0.38125,1.4917e+0,0.0000e+0,0.0000e+0
0.00729,0.38125,1.4872e+0,0.0000e+0,0.0000e+0
0.00937,0.38125,1.4811e+0,0.0000e+0,0.0000e+0
0.01146,0.38125,1.4733e+0,0.0000e+0,0.0000e+0
0.01354,0.38125,1.4638e+0,0.0000e+0,0.0000e+0
0.01563,0.38125,1.4524e+0,0.0000e+0,0.0000e+0
0.01771,0.38125,1.4392e+0,0.0000e+0,0.0000e+0
0.01979,0.38125,1.4240e+0,0.0000e+0,0.0000e+0
0.02187,0.38125,1.4067e+0,0.0000e+0,0.0000e+0
0.02396,0.38125,1.3875e+0,0.0000e+0,0.0000e+0
0.02604,0.38125,1.3662e+0,0.0000e+0,0.0000e+0
0.02813,0.38125,1.3431e+0,0.0000e+0,0.0000e+0
0.03021,0.38125,1.3180e+0,0.0000e+0,0.0000e+0
0.03229,0.38125,1.2907e+0,0.0000e+0,0.0000e+0
0.03438,0.38125,1.2604e+0,0.0000e+0,0.0000e+0
0.03646,0.38125,1.2258e+0,1.3805e+11,0.0000e+0
0.03854,0.38125,1.1972e+0,2.5286e+11,0.0000e+0
0.04063,0.38125,1.1806e+0,0.0000e+0,0.0000e+0
0.04271,0.38125,1.1622e+0,0.0000e+0,0.0000e+0
0.04479,0.38125,1.1412e+0,0.0000e+0,0.0000e+0
0.04688,0.38125,1.1175e+0,0.0000e+0,0.0000e+0
0.04896,0.38125,1.0921e+0,0.0000e+0,0.0000e+0
0.05104,0.38125,1.0665e+0,0.0000e+0,0.0000e+0
0.05312,0.38125,1.0394e+0,0.0000e+0,0.0000e+0
0.05521,0.38125,1.0102e+0,0.0000e+0,0.0000e+0
0.05729,0.38125,9.7900e-1,0.0000e+0,0.0000e+0
0.05937,0.38125,9.4579e-1,0.0000e+0,0.0000e+0
0.06146,0.38125,9.1056e-1,0.0000e+0,0.0000e+0
0.06354,0.38125,8.7335e-1,0.0000e+0,0.0000e+0
0.06563,0.38125,8.3420e-1,0.0000e+0,0.0000e+0
0.06771,0.38125,7.9318e-1,0.0000e+0,0.0000e+0
0.06979,0.38125,7.5039e-1,0.0000e+0,0.0000e+0
0.07187,0.38125,7.0595e-1,0.0000e+0,0.0000e+0
0.07396,0.38125,6.6006e-1,0.0000e+0,0.0000e+0
0.07604,0.38125,6.1291e-1,0.0000e+0,0.0000e+0
0.07813,0.38125,5.6437e-1,0.0000e+0,0.0000e+0
0.08021,0.38125,5.1438e-1,0.0000e+0,0.0000e+0
0.08229,0.38125,4.6298e-1,0.0000e+0,0.0000e+0
0.08438,0.38125,4.1030e-1,0.0000e+0,0.0000e+0
0.08646,0.38125,3.5653e-1,0.0000e+0,0.0000e+0
0.08854,0.38125,3.0193e-1,0.0000e+0,0.0000e+0
0.09062,0.38125,2.4676e-1,0.0000e+0,0.0000e+0
0.09271,0.38125,1.9134e-1,0.0000e+0,0.0000e+0
0.09479,0.38125,1.3598e-1,0.0000e+0,0.0000e+0
0.09688,0.38125,8.0990e-2,0.0000e+0,0.0000e+0
0.09896,0.38125,2.6674e-2,0.0000e+0,0.0000e+0
0.00104,0.38542,1.1505e+0,0.0000e+0,0.0000e+0
0.00313,0.38542,1.1493e+0,0.0000e+0,0.0000e+0
0.00521,0.38542,1.1469e+0,0.0000e+0,0.0000e+0
0.00729,0.38542,1.1432e+0,0.0000e+0,0.0000e+0
0.00937,0.38542,1.1383e+0,0.0000e+0,0.0000e+0
0.01146,0.38542,1.1320e+0,0.0000e+0,0.0000e+0
0.01354,0.38542,1.1244e+0,0.0000e+0,0.0000e+0
0.01563,0.38542,1.1154e+0,0.0000e+0,0.0000e+0
0.01771,0.38542,1.1050e+0,0.0000e+0,0.0000e+0
0.01979,0.38542,1.0931e+0,0.0000e+0,0.0000e+0
0.02187,0.38542,1.0798e+0,0.0000e+0,0.0000e+0
0.02396,0.38542,1.0651e+0,0.0000e+0,0.0000e+0
0.02604,0.38542,1.0490e+0,0.0000e+0,0.0000e+0
0.02813,0.38542,1.0316e+0,0.0000e+0,0.0000e+0
0.03021,0.38542,1.0130e+0,0.0000e+0,0.0000e+0
0.03229,0.38542,9.9321e-1,0.0000e+0,0.0000e+0
0.03438,0.38542,9.7254e-1,0.0000e+0,0.0000e+0
0.03646,0.38542,9.5163e-1,0.0000e+0,0.0000e+0
0.03854,0.38542,9.3197e-1,0.0000e+0,0.0000e+0
0.04063,0.38542,9.1415e-1,0.0000e+0,0.0000e+0
0.04271,0.38542,8.9663e-1,0.0000e+0,0.0000e+0
0.04479,0.38542,8.7857e-1,0.0000e+0,0.0000e+0
0.04688,0.38542,8.5959e-1,0.0000e+0,0.0000e+0
0.04896,0.38542,8.3961e-1,0.0000e+0,0.0000e+0
0.05104,0.38542,8.1870e-1,0.0000e+0,0.0000e+0
0.05312,0.38542,7.9664e-1,0.0000e+0,0.0000e+0
0.05521,0.38542,7.7326e-1,0.0000e+0,0.0000e+0
0.05729,0.38542,7.4844e-1,0.0000e+0,0.0000e+0
0.05937,0.38542,7.2212e-1,0.0000e+0,0.0000e+0
0.06146,0.38542,6.9424e-1,0.0000e+0,0.0000e+0
0.06354,0.38542,6.6479e-1,0.0000e+0,0.0000e+0
0.06563,0.38542,6.3373e-1,0.0000e+0,0.0000e+0
0.06771,0.38542,6.0108e-1,0.0000e+0,0.0000e+0
0.06979,0.38542,5.6689e-1,0.0000e+0,0.0000e+0
0.07187,0.38542,5.3140e-1,4.1093e+8,0.0000e+0
0.07396,0.38542,4.9527e-1,4.7814e+9,0.0000e+0
0.07604,0.38542,4.6000e-1,0.0000e+0,0.0000e+0
0.07813,0.38542,4.2396e-1,0.0000e+0,0.0000e+0
0.08021,0.38542,3.8672e-1,0.0000e+0,0.0000e+0
0.08229,0.38542,3.4828e-1,0.0000e+0,0.0000e+0
0.08438,0.38542,3.0875e-1,0.0000e+0,0.0000e+0
0.08646,0.38542,2.6834e-1,0.0000e+0,0.0000e+0
0.08854,0.38542,2.2726e-1,0.0000e+0,0.0000e+0
0.09062,0.38542,1.8575e-1,0.0000e+0,0.0000e+0
0.09271,0.38542,1.4404e-1,0.0000e+0,0.0000e+0
0.09479,0.38542,1.0237e-1,0.0000e+0,0.0000e+0
0.09688,0.38542,6.0974e-2,0.0000e+0,0.0000e+0
0.09896,0.38542,2.0082e-2,0.0000e+0,0.0000e+0
0.00104,0.38958,8.1465e-1,0.0000e+0,0.0000e+0
0.00313,0.38958,8.1375e-1,0.0000e+0,0.0000e+0
0.00521,0.38958,8.1195e-1,0.0000e+0,0.0000e+0
0.00729,0.38958,8.0926e-1,0.0000e+0,0.0000e+0
0.00937,0.38958,8.0566e-1,0.0000e+0,0.0000e+0
0.01146,0.38958,8.0111e-1,0.0000e+0,0.0000e+0
0.01354,0.38958,7.9561e-1,0.0000e+0,0.0000e+0
0.01563,0.38958,7.8915e-1,0.0000e+0,0.0000e+0
0.01771,0.38958,7.8170e-1,0.0000e+0,0.0000e+0
0.01979,0.38958,7.7329e-1,0.0000e+0,0.0000e+0
0.02187,0.38958,7.6393e-1,0.0000e+0,0.0000e+0
0.02396,0.38958,7.5365e-1,0.0000e+0,0.0000e+0
0.02604,0.38958,7.4247e-1,0.0000e+0,0.0000e+0
0.02813,0.38958,7.3048e-1,0.0000e+0,0.0000e+0
0.03021,0.38958,7.1777e-1,0.0000e+0,0.0000e+0
0.03229,0.38958,7.0449e-1,0.0000e+0,0.0000e+0
0.03438,0.38958,6.9081e-1,0.0000e+0,0.0000e+0
0.03646,0.38958,6.7703e-1,0.0000e+0,0.0000e+0
0.03854,0.38958,6.6342e-1,0.0000e+0,0.0000e+0
0.04063,0.38958,6.5006e-1,0.0000e+0,0.0000e+0
0.04271,0.38958,6.3671e-1,0.0000e+0,0.0000e+0
0.04479,0.38958,6.2311e-1,0.0000e+0,0.0000e+0
0.04688,0.38958,6.0903e-1,0.0000e+0,0.0000e+0
0.04896,0.38958,5.9436e-1,0.0000e+0,0.0000e+0
0.05104,0.38958,5.7898e-1,0.0000e+0,0.0000e+0
0.05312,0.38958,5.6279e-1,0.0000e+0,0.0000e+0
0.05521,0.38958,5.4570e-1,0.0000e+0,0.0000e+0
0.05729,0.38958,5.2761e-1,0.0000e+0,0.0000e+0
0.05937,0.38958,5.0845e-1,0.0000e+0,0.0000e+0
0.06146,0.38958,4.8814e-1,0.0000e+0,0.0000e+0
0.06354,0.38958,4.6661e-1,0.0000e+0,0.0000e+0
0.06563,0.38958,4.4371e-1,0.0000e+0,0.0000e+0
0.06771,0.38958,4.1923e-1,0.0000e+0,0.0000e+0
0.06979,0.38958,3.9279e-1,0.0000e+0,0.0000e+0
0.07187,0.38958,3.6357e-1,2.3607e+10,0.0000e+0
0.07396,0.38958,3.3179e-1,2.7468e+11,0.0000e+0
0.07604,0.38958,3.1412e-1,0.0000e+0,0.0000e+0
0.07813,0.38958,2.9223e-1,0.0000e+0,0.0000e+0
0.08021,0.38958,2.6784e-1,0.0000e+0,0.0000e+0
0.08229,0.38958,2.4183e-1,0.0000e+0,0.0000e+0
0.08438,0.38958,2.1469e-1,0.0000e+0,0.0000e+0
0.08646,0.38958,1.8674e-1,0.0000e+0,0.0000e+0
0.08854,0.38958,1.5823e-1,0.0000e+0,0.0000e+0
0.09062,0.38958,1.2936e-1,0.0000e+0,0.0000e+0
0.09271,0.38958,1.0033e-1,0.0000e+0,0.0000e+0
0.09479,0.38958,7.1314e-2,0.0000e+0,0.0000e+0
0.09688,0.38958,4.2479e-2,0.0000e+0,0.0000e+0
0.09896,0.38958,1.3991e-2,0.0000e+0,0.0000e+0
0.00104,0.39375,4.8590e-1,0.0000e+0,0.0000e+0
0.00313,0.39375,4.8536e-1,0.0000e+0,0.0000e+0
0.00521,0.39375,4.8427e-1,0.0000e+0,0.0000e+0
0.00729,0.39375,4.8262e-1,0.0000e+0,0.0000e+0
0.00937,0.39375,4.8044e-1,0.0000e+0,0.0000e+0
0.01146,0.39375,4.7770e-1,0.0000e+0,0.0000e+0
0.01354,0.39375,4.7438e-1,0.0000e+0,0.0000e+0
0.01563,0.39375,4.7051e-1,0.0000e+0,0.0000e+0
0.01771,0.39375,4.6606e-1,0.0000e+0,0.0000e+0
0.01979,0.39375,4.6105e-1,0.0000e+0,0.0000e+0
0.02187,0.39375,4.5550e-1,0.0000e+0,0.0000e+0
0.02396,0.39375,4.4943e-1,0.0000e+0,0.0000e+0
0.02604,0.39375,4.4286e-1,0.0000e+0,0.0000e+0
0.02813,0.39375,4.3586e-1,0.0000e+0,0.0000e+0
0.03021,0.39375,4.2847e-1,0.0000e+0,0.0000e+0
0.03229,0.39375,4.2078e-1,0.0000e+0,0.0000e+0
0.03438,0.39375,4.1288e-1,0.0000e+0,0.0000e+0
0.03646,0.39375,4.0485e-1,0.0000e+0,0.0000e+0
0.03854,0.39375,3.9678e-1,0.0000e+0,0.0000e+0
0.04063,0.39375,3.8867e-1,0.0000e+0,0.0000e+0
0.04271,0.39375,3.8047e-1,0.0000e+0,0.0000e+0
0.04479,0.39375,3.7210e-1,0.0000e+0,0.0000e+0
0.04688,0.39375,3.6346e-1,0.0000e+0,0.0000e+0
0.04896,0.39375,3.5447e-1,0.0000e+0,0.0000e+0
0.05104,0.39375,3.4506e-1,0.0000e+0,0.0000e+0
0.05312,0.39375,3.3519e-1,0.0000e+0,0.0000e+0
0.05521,0.39375,3.2478e-1,0.0000e+0,0.0000e+0
0.05729,0.39375,3.1377e-1,0.0000e+0,0.0000e+0
0.05937,0.39375,3.0214e-1,0.0000e+0,0.0000e+0
0.06146,0.39375,2.8982e-1,0.0000e+0,0.0000e+0
0.06354,0.39375,2.7678e-1,0.0000e+0,0.0000e+0
0.06563,0.39375,2.6298e-1,0.0000e+0,0.0000e+0
0.06771,0.39375,2.4840e-1,0.0000e+0,0.0000e+0
0.06979,0.39375,2.3309e-1,0.0000e+0,0.0000e+0
0.07187,0.39375,2.1725e-1,0.0000e+0,0.0000e+0
0.07396,0.39375,2.0154e-1,0.0000e+0,0.0000e+0
0.07604,0.39375,1.8727e-1,0.0000e+0,0.0000e+0
0.07813,0.39375,1.7294e-1,0.0000e+0,0.0000e+0
0.08021,0.39375,1.5807e-1,0.0000e+0,0.0000e+0
0.08229,0.39375,1.4260e-1,0.0000e+0,0.0000e+0
0.08438,0.39375,1.2657e-1,0.0000e+0,0.0000e+0
0.08646,0.39375,1.1010e-1,0.0000e+0,0.0000e+0
0.08854,0.39375,9.3307e-2,0.0000e+0,0.0000e+0
0.09062,0.39375,7.6296e-2,0.0000e+0,0.0000e+0
0.09271,0.39375,5.9180e-2,0.0000e+0,0.0000e+0
0.09479,0.39375,4.2068e-2,0.0000e+0,0.0000e+0
0.09688,0.39375,2.5059e-2,0.0000e+0,0.0000e+0
0.09896,0.39375,8.2538e-3,0.0000e+0,0.0000e+0
0.00104,0.39792,1.6147e-1,0.0000e+0,0.0000e+0
0.00313,0.39792,1.6128e-1,0.0000e+0,0.0000e+0
0.00521,0.39792,1.6093e-1,0.0000e+0,0.0000e+0
0.00729,0.39792,1.6039e-1,0.0000e+0,0.0000e+0
0.00937,0.39792,1.5964e-1,0.0000e+0,0.0000e+0
0.01146,0.39792,1.5873e-1,0.0000e+0,0.0000e+0
0.01354,0.39792,1.5763e-1,0.0000e+0,0.0000e+0
0.01563,0.39792,1.5633e-1,0.0000e+0,0.0000e+0
0.01771,0.39792,1.5486e-1,0.0000e+0,0.0000e+0
0.01979,0.39792,1.5321e-1,0.0000e+0,0.0000e+0
0.02187,0.39792,1.5137e-1,0.0000e+0,0.0000e+0
0.02396,0.39792,1.4935e-1,0.0000e+0,0.0000e+0
0.02604,0.39792,1.4719e-1,0.0000e+0,0.0000e+0
0.02813,0.39792,1.4489e-1,0.0000e+0,0.0000e+0
0.03021,0.39792,1.4247e-1,0.0000e+0,0.0000e+0
0.03229,0.39792,1.3995e-1,0.0000e+0,0.0000e+0
0.03438,0.39792,1.3735e-1,0.0000e+0,0.0000e+0
0.03646,0.39792,1.3470e-1,0.0000e+0,0.0000e+0
0.03854,0.39792,1.3202e-1,0.0000e+0,0.0000e+0
0.04063,0.39792,1.2931e-1,0.0000e+0,0.0000e+0
0.04271,0.39792,1.2656e-1,0.0000e+0,0.0000e+0
0.04479,0.39792,1.2374e-1,0.0000e+0,0.0000e+0
0.04688,0.39792,1.2083e-1,0.0000e+0,0.0000e+0
0.04896,0.39792,1.1780e-1,0.0000e+0,0.0000e+0
0.05104,0.39792,1.1463e-1,0.0000e+0,0.0000e+0
0.05312,0.39792,1.1131e-1,0.0000e+0,0.0000e+0
0.05521,0.39792,1.0782e-1,0.0000e+0,0.0000e+0
0.05729,0.39792,1.0413e-1,0.0000e+0,0.0000e+0
0.05937,0.39792,1.0023e-1,0.0000e+0,0.0000e+0
0.06146,0.39792,9.6105e-2,0.0000e+0,0.0000e+0
0.06354,0.39792,9.1752e-2,0.0000e+0,0.0000e+0
0.06563,0.39792,8.7162e-2,0.0000e+0,0.0000e+0
0.06771,0.39792,8.2353e-2,0.0000e+0,0.0000e+0
0.06979,0.39792,7.7358e-2,0.0000e+0,0.0000e+0
0.07187,0.39792,7.2257e-2,0.0000e+0,0.0000e+0
0.07396,0.39792,6.7184e-2,0.0000e+0,0.0000e+0
0.07604,0.39792,6.2255e-2,0.0000e+0,0.0000e+0
0.07813,0.39792,5.7337e-2,0.0000e+0,0.0000e+0
0.08021,0.39792,5.2318e-2,0.0000e+0,0.0000e+0
0.08229,0.39792,4.7154e-2,0.0000e+0,0.0000e+0
0.08438,0.39792,4.1837e-2,0.0000e+0,0.0000e+0
0.08646,0.39792,3.6386e-2,0.0000e+0,0.0000e+0
0.08854,0.39792,3.0835e-2,0.0000e+0,0.0000e+0
0.09062,0.39792,2.5214e-2,0.0000e+0,0.0000e+0
0.09271,0.39792,1.9558e-2,0.0000e+0,0.0000e+0
0.09479,0.39792,1.3903e-2,0.0000e+0,0.0000e+0
0.09688,0.39792,8.2820e-3,0.0000e+0,0.0000e+0
0.09896,0.39792,2.7279e-3,0.0000e+0,0.0000e+0