r_m,z_m,phi_V,ne_m3,ni_m3
0.00104,0.00208,1.6765e-1,0.0000e+0,0.0000e+0
0.00313,0.00208,1.6703e-1,0.0000e+0,0.0000e+0
0.00521,0.00208,1.6559e-1,0.0000e+0,0.0000e+0
0.00729,0.00208,1.6317e-1,0.0000e+0,0.0000e+0
0.00937,0.00208,1.5966e-1,0.0000e+0,0.0000e+0
0.01146,0.00208,1.5482e-1,0.0000e+0,0.0000e+0
0.01354,0.00208,1.4832e-1,0.0000e+0,0.0000e+0
0.01563,0.00208,1.4006e-1,1.5331e+11,0.0000e+0
0.01771,0.00208,1.4423e-1,5.0026e+10,0.0000e+0
0.01979,0.00208,1.4978e-1,0.0000e+0,0.0000e+0
0.02187,0.00208,1.5254e-1,0.0000e+0,0.0000e+0
0.02396,0.00208,1.5303e-1,0.0000e+0,0.0000e+0
0.02604,0.00208,1.5160e-1,0.0000e+0,0.0000e+0
0.02813,0.00208,1.4775e-1,0.0000e+0,0.0000e+0
0.03021,0.00208,1.3970e-1,0.0000e+0,0.0000e+0
0.03229,0.00208,1.2331e-1,5.4439e+11,0.0000e+0
0.03438,0.00208,1.3341e-1,1.4009e+11,0.0000e+0
0.03646,0.00208,1.3987e-1,0.0000e+0,0.0000e+0
0.03854,0.00208,1.4114e-1,0.0000e+0,0.0000e+0
0.04063,0.00208,1.4003e-1,0.0000e+0,0.0000e+0
0.04271,0.00208,1.3774e-1,0.0000e+0,0.0000e+0
0.04479,0.00208,1.3482e-1,0.0000e+0,0.0000e+0
0.04688,0.00208,1.3141e-1,0.0000e+0,0.0000e+0
0.04896,0.00208,1.2769e-1,0.0000e+0,0.0000e+0
0.05104,0.00208,1.2369e-1,0.0000e+0,0.0000e+0
0.05312,0.00208,1.1950e-1,0.0000e+0,0.0000e+0
0.05521,0.00208,1.1518e-1,0.0000e+0,0.0000e+0
0.05729,0.00208,1.1074e-1,0.0000e+0,0.0000e+0
0.05937,0.00208,1.0624e-1,0.0000e+0,0.0000e+0
0.06146,0.00208,1.0169e-1,0.0000e+0,0.0000e+0
0.06354,0.00208,9.7065e-2,0.0000e+0,0.0000e+0
0.06563,0.00208,9.2327e-2,0.0000e+0,0.0000e+0
0.06771,0.00208,8.7445e-2,0.0000e+0,0.0000e+0
0.06979,0.00208,8.2410e-2,0.0000e+0,0.0000e+0
0.07187,0.00208,7.7232e-2,0.0000e+0,0.0000e+0
0.07396,0.00208,7.1904e-2,0.0000e+0,0.0000e+0
0.07604,0.00208,6.6459e-2,0.0000e+0,0.0000e+0
0.07813,0.00208,6.0887e-2,0.0000e+0,0.0000e+0
0.08021,0.00208,5.5196e-2,0.0000e+0,0.0000e+0
0.08229,0.00208,4.9433e-2,0.0000e+0,0.0000e+0
0.08438,0.00208,4.3606e-2,0.0000e+0,0.0000e+0
0.08646,0.00208,3.7731e-2,0.0000e+0,0.0000e+0
0.08854,0.00208,3.1838e-2,0.0000e+0,0.0000e+0
0.09062,0.00208,2.5948e-2,0.0000e+0,0.0000e+0
0.09271,0.00208,2.0075e-2,0.0000e+0,0.0000e+0
0.09479,0.00208,1.4243e-2,0.0000e+0,0.0000e+0
0.09688,0.00208,8.4774e-3,0.0000e+0,0.0000e+0
0.09896,0.00208,2.7943e-3,0.0000e+0,0.0000e+0
0.00104,0.00625,5.0821e-1,0.0000e+0,0.0000e+0
0.00313,0.00625,5.0655e-1,0.0000e+0,0.0000e+0
0.00521,0.00625,5.0287e-1,0.0000e+0,0.0000e+0
0.00729,0.00625,4.9697e-1,0.0000e+0,0.0000e+0
0.00937,0.00625,4.8828e-1,0.0000e+0,0.0000e+0
0.01146,0.00625,4.7554e-1,0.0000e+0,0.0000e+0
0.01354,0.00625,4.5636e-1,0.0000e+0,0.0000e+0
0.01563,0.00625,4.2623e-1,8.9302e+11,0.0000e+0
0.01771,0.00625,4.4152e-1,2.9139e+11,0.0000e+0
0.01979,0.00625,4.5902e-1,0.0000e+0,0.0000e+0
0.02187,0.00625,4.6595e-1,0.0000e+0,0.0000e+0
0.02396,0.00625,4.6726e-1,0.0000e+0,0.0000e+0
0.02604,0.00625,4.6551e-1,0.0000e+0,0.0000e+0
0.02813,0.00625,4.6151e-1,0.0000e+0,0.0000e+0
0.03021,0.00625,4.5573e-1,0.0000e+0,0.0000e+0
0.03229,0.00625,4.4908e-1,0.0000e+0,0.0000e+0
0.03438,0.00625,4.4442e-1,0.0000e+0,0.0000e+0
0.03646,0.00625,4.3940e-1,0.0000e+0,0.0000e+0
0.03854,0.00625,4.3298e-1,0.0000e+0,0.0000e+0
0.04063,0.00625,4.2517e-1,0.0000e+0,0.0000e+0
0.04271,0.00625,4.1635e-1,0.0000e+0,0.0000e+0
0.04479,0.00625,4.0669e-1,0.0000e+0,0.0000e+0
0.04688,0.00625,3.9619e-1,0.0000e+0,0.0000e+0
0.04896,0.00625,3.8483e-1,0.0000e+0,0.0000e+0
0.05104,0.00625,3.7268e-1,0.0000e+0,0.0000e+0
0.05312,0.00625,3.5982e-1,0.0000e+0,0.0000e+0
0.05521,0.00625,3.4652e-1,0.0000e+0,0.0000e+0
0.05729,0.00625,3.3302e-1,0.0000e+0,0.0000e+0
0.05937,0.00625,3.1957e-1,0.0000e+0,0.0000e+0
0.06146,0.00625,3.0606e-1,0.0000e+0,0.0000e+0
0.06354,0.00625,2.9230e-1,0.0000e+0,0.0000e+0
0.06563,0.00625,2.7814e-1,0.0000e+0,0.0000e+0
0.06771,0.00625,2.6353e-1,0.0000e+0,0.0000e+0
0.06979,0.00625,2.4843e-1,0.0000e+0,0.0000e+0
0.07187,0.00625,2.3285e-1,0.0000e+0,0.0000e+0
0.07396,0.00625,2.1684e-1,0.0000e+0,0.0000e+0
0.07604,0.00625,2.0043e-1,0.0000e+0,0.0000e+0
0.07813,0.00625,1.8365e-1,0.0000e+0,0.0000e+0
0.08021,0.00625,1.6654e-1,0.0000e+0,0.0000e+0
0.08229,0.00625,1.4917e-1,0.0000e+0,0.0000e+0
0.08438,0.00625,1.3158e-1,0.0000e+0,0.0000e+0
0.08646,0.00625,1.1387e-1,0.0000e+0,0.0000e+0
0.08854,0.00625,9.6095e-2,0.0000e+0,0.0000e+0
0.09062,0.00625,7.8306e-2,0.0000e+0,0.0000e+0
0.09271,0.00625,6.0579e-2,0.0000e+0,0.0000e+0
0.09479,0.00625,4.2982e-2,0.0000e+0,0.0000e+0
0.09688,0.00625,2.5571e-2,0.0000e+0,0.0000e+0
0.09896,0.00625,8.4145e-3,0.0000e+0,0.0000e+0
0.00104,0.01042,8.6166e-1,0.0000e+0,0.0000e+0
0.00313,0.01042,8.5984e-1,0.0000e+0,0.0000e+0
0.00521,0.01042,8.5623e-1,0.0000e+0,0.0000e+0
0.00729,0.01042,8.5071e-1,0.0000e+0,0.0000e+0
0.00937,0.01042,8.4320e-1,0.0000e+0,0.0000e+0
0.01146,0.01042,8.3384e-1,0.0000e+0,0.0000e+0
0.01354,0.01042,8.2329e-1,0.0000e+0,0.0000e+0
0.01563,0.01042,8.1330e-1,0.0000e+0,0.0000e+0
0.01771,0.01042,8.0854e-1,0.0000e+0,0.0000e+0
0.01979,0.01042,8.0509e-1,0.0000e+0,0.0000e+0
0.02187,0.01042,8.0025e-1,0.0000e+0,0.0000e+0
0.02396,0.01042,7.9419e-1,0.0000e+0,0.0000e+0
0.02604,0.01042,7.8906e-1,0.0000e+0,0.0000e+0
0.02813,0.01042,7.8386e-1,0.0000e+0,0.0000e+0
0.03021,0.01042,7.7703e-1,0.0000e+0,0.0000e+0
0.03229,0.01042,7.6833e-1,0.0000e+0,0.0000e+0
0.03438,0.01042,7.5799e-1,0.0000e+0,0.0000e+0
0.03646,0.01042,7.4584e-1,0.0000e+0,0.0000e+0
0.03854,0.01042,7.3179e-1,0.0000e+0,0.0000e+0
0.04063,0.01042,7.1620e-1,0.0000e+0,0.0000e+0
0.04271,0.01042,7.0000e-1,0.0000e+0,0.0000e+0
0.04479,0.01042,6.8386e-1,0.0000e+0,0.0000e+0
0.04688,0.01042,6.6641e-1,0.0000e+0,0.0000e+0
0.04896,0.01042,6.4723e-1,0.0000e+0,0.0000e+0
0.05104,0.01042,6.2631e-1,0.0000e+0,0.0000e+0
0.05312,0.01042,6.0394e-1,0.0000e+0,0.0000e+0
0.05521,0.01042,5.8061e-1,0.0000e+0,0.0000e+0
0.05729,0.01042,5.5715e-1,0.0000e+0,0.0000e+0
0.05937,0.01042,5.3509e-1,0.0000e+0,0.0000e+0
0.06146,0.01042,5.1335e-1,0.0000e+0,0.0000e+0
0.06354,0.01042,4.9099e-1,0.0000e+0,0.0000e+0
0.06563,0.01042,4.6766e-1,0.0000e+0,0.0000e+0
0.06771,0.01042,4.4332e-1,0.0000e+0,0.0000e+0
0.06979,0.01042,4.1806e-1,0.0000e+0,0.0000e+0
0.07187,0.01042,3.9204e-1,0.0000e+0,0.0000e+0
0.07396,0.01042,3.6525e-1,0.0000e+0,0.0000e+0
0.07604,0.01042,3.3772e-1,0.0000e+0,0.0000e+0
0.07813,0.01042,3.0952e-1,0.0000e+0,0.0000e+0
0.08021,0.01042,2.8074e-1,0.0000e+0,0.0000e+0
0.08229,0.01042,2.5148e-1,0.0000e+0,0.0000e+0
0.08438,0.01042,2.2187e-1,0.0000e+0,0.0000e+0
0.08646,0.01042,1.9202e-1,0.0000e+0,0.0000e+0
0.08854,0.01042,1.6205e-1,0.0000e+0,0.0000e+0
0.09062,0.01042,1.3205e-1,0.0000e+0,0.0000e+0
0.09271,0.01042,1.0217e-1,0.0000e+0,0.0000e+0
0.09479,0.01042,7.2484e-2,0.0000e+0,0.0000e+0
0.09688,0.01042,4.3124e-2,0.0000e+0,0.0000e+0
0.09896,0.01042,1.4198e-2,0.0000e+0,0.0000e+0
0.00104,0.01458,1.2300e+0,0.0000e+0,0.0000e+0
0.00313,0.01458,1.2285e+0,0.0000e+0,0.0000e+0
0.00521,0.01458,1.2250e+0,0.0000e+0,0.0000e+0
0.00729,0.01458,1.2196e+0,0.0000e+0,0.0000e+0
0.00937,0.01458,1.2125e+0,0.0000e+0,0.0000e+0
0.01146,0.01458,1.2040e+0,0.0000e+0,0.0000e+0
0.01354,0.01458,1.1942e+0,0.0000e+0,0.0000e+0
0.01563,0.01458,1.1834e+0,0.0000e+0,0.0000e+0
0.01771,0.01458,1.1718e+0,0.0000e+0,0.0000e+0
0.01979,0.01458,1.1584e+0,0.0000e+0,0.0000e+0
0.02187,0.01458,1.1416e+0,0.0000e+0,0.0000e+0
0.02396,0.01458,1.1194e+0,4.0082e+11,0.0000e+0
0.02604,0.01458,1.1149e+0,1.3596e+11,0.0000e+0
0.02813,0.01458,1.1145e+0,0.0000e+0,0.0000e+0
0.03021,0.01458,1.1079e+0,0.0000e+0,0.0000e+0
0.03229,0.01458,1.0966e+0,0.0000e+0,0.0000e+0
0.03438,0.01458,1.0814e+0,0.0000e+0,0.0000e+0
0.03646,0.01458,1.0626e+0,0.0000e+0,0.0000e+0
0.03854,0.01458,1.0400e+0,0.0000e+0,0.0000e+0
0.04063,0.01458,1.0130e+0,8.4142e+10,0.0000e+0
0.04271,0.01458,9.8667e-1,2.4051e+11,0.0000e+0
0.04479,0.01458,9.6943e-1,0.0000e+0,0.0000e+0
0.04688,0.01458,9.4680e-1,0.0000e+0,0.0000e+0
0.04896,0.01458,9.1990e-1,0.0000e+0,0.0000e+0
0.05104,0.01458,8.8940e-1,0.0000e+0,0.0000e+0
0.05312,0.01458,8.5567e-1,0.0000e+0,0.0000e+0
0.05521,0.01458,8.1882e-1,6.1431e+9,0.0000e+0
0.05729,0.01458,7.7907e-1,2.2491e+11,0.0000e+0
0.05937,0.01458,7.5230e-1,6.4024e+10,0.0000e+0
0.06146,0.01458,7.2607e-1,0.0000e+0,0.0000e+0
0.06354,0.01458,6.9651e-1,0.0000e+0,0.0000e+0
0.06563,0.01458,6.6425e-1,0.0000e+0,0.0000e+0
0.06771,0.01458,6.2980e-1,0.0000e+0,0.0000e+0
0.06979,0.01458,5.9381e-1,0.0000e+0,0.0000e+0
0.07187,0.01458,5.5732e-1,0.0000e+0,0.0000e+0
0.07396,0.01458,5.1969e-1,0.0000e+0,0.0000e+0
0.07604,0.01458,4.8081e-1,0.0000e+0,0.0000e+0
0.07813,0.01458,4.4079e-1,0.0000e+0,0.0000e+0
0.08021,0.01458,3.9983e-1,0.0000e+0,0.0000e+0
0.08229,0.01458,3.5818e-1,0.0000e+0,0.0000e+0
0.08438,0.01458,3.1603e-1,0.0000e+0,0.0000e+0
0.08646,0.01458,2.7354e-1,0.0000e+0,0.0000e+0
0.08854,0.01458,2.3086e-1,0.0000e+0,0.0000e+0
0.09062,0.01458,1.8816e-1,0.0000e+0,0.0000e+0
0.09271,0.01458,1.4558e-1,0.0000e+0,0.0000e+0
0.09479,0.01458,1.0329e-1,0.0000e+0,0.0000e+0
0.09688,0.01458,6.1457e-2,0.0000e+0,0.0000e+0
0.09896,0.01458,2.0230e-2,0.0000e+0,0.0000e+0
0.00104,0.01875,1.6130e+0,0.0000e+0,0.0000e+0
0.00313,0.01875,1.6111e+0,0.0000e+0,0.0000e+0
0.00521,0.01875,1.6073e+0,0.0000e+0,0.0000e+0
0.00729,0.01875,1.6019e+0,0.0000e+0,0.0000e+0
0.00937,0.01875,1.5947e+0,0.0000e+0,0.0000e+0
0.01146,0.01875,1.5857e+0,0.0000e+0,0.0000e+0
0.01354,0.01875,1.5750e+0,0.0000e+0,0.0000e+0
0.01563,0.01875,1.5626e+0,0.0000e+0,0.0000e+0
0.01771,0.01875,1.5483e+0,0.0000e+0,0.0000e+0
0.01979,0.01875,1.5317e+0,0.0000e+0,0.0000e+0
0.02187,0.01875,1.5120e+0,0.0000e+0,0.0000e+0
0.02396,0.01875,1.4881e+0,2.8212e+11,0.0000e+0
0.02604,0.01875,1.4781e+0,9.5696e+10,0.0000e+0
0.02813,0.01875,1.4716e+0,0.0000e+0,0.0000e+0
0.03021,0.01875,1.4598e+0,0.0000e+0,0.0000e+0
0.03229,0.01875,1.4436e+0,0.0000e+0,0.0000e+0
0.03438,0.01875,1.4234e+0,0.0000e+0,0.0000e+0
0.03646,0.01875,1.3994e+0,0.0000e+0,0.0000e+0
0.03854,0.01875,1.3714e+0,0.0000e+0,0.0000e+0
0.04063,0.01875,1.3389e+0,5.3501e+10,0.0000e+0
0.04271,0.01875,1.3062e+0,1.5293e+11,0.0000e+0
0.04479,0.01875,1.2803e+0,0.0000e+0,0.0000e+0
0.04688,0.01875,1.2487e+0,0.0000e+0,0.0000e+0
0.04896,0.01875,1.2119e+0,0.0000e+0,0.0000e+0
0.05104,0.01875,1.1705e+0,0.0000e+0,0.0000e+0
0.05312,0.01875,1.1253e+0,0.0000e+0,0.0000e+0
0.05521,0.01875,1.0767e+0,4.0061e+10,0.0000e+0
0.05729,0.01875,1.0241e+0,4.0658e+11,0.0000e+0
0.05937,0.01875,9.9183e-1,3.8036e+10,0.0000e+0
0.06146,0.01875,9.5599e-1,0.0000e+0,0.0000e+0
0.06354,0.01875,9.1690e-1,0.0000e+0,0.0000e+0
0.06563,0.01875,8.7387e-1,0.0000e+0,0.0000e+0
0.06771,0.01875,8.2680e-1,6.0344e+9,0.0000e+0
0.06979,0.01875,7.7580e-1,1.3814e+11,0.0000e+0
0.07187,0.01875,7.3142e-1,0.0000e+0,0.0000e+0
0.07396,0.01875,6.8346e-1,0.0000e+0,0.0000e+0
0.07604,0.01875,6.3279e-1,0.0000e+0,0.0000e+0
0.07813,0.01875,5.8010e-1,0.0000e+0,0.0000e+0
0.08021,0.01875,5.2599e-1,0.0000e+0,0.0000e+0
0.08229,0.01875,4.7107e-1,0.0000e+0,0.0000e+0
0.08438,0.01875,4.1571e-1,0.0000e+0,0.0000e+0
0.08646,0.01875,3.5992e-1,0.0000e+0,0.0000e+0
0.08854,0.01875,3.0385e-1,0.0000e+0,0.0000e+0
0.09062,0.01875,2.4769e-1,0.0000e+0,0.0000e+0
0.09271,0.01875,1.9167e-1,0.0000e+0,0.0000e+0
0.09479,0.01875,1.3600e-1,0.0000e+0,0.0000e+0
0.09688,0.01875,8.0921e-2,0.0000e+0,0.0000e+0
0.09896,0.01875,2.6637e-2,0.0000e+0,0.0000e+0
0.00104,0.02292,2.0100e+0,0.0000e+0,0.0000e+0
0.00313,0.02292,2.0081e+0,0.0000e+0,0.0000e+0
0.00521,0.02292,2.0043e+0,0.0000e+0,0.0000e+0
0.00729,0.02292,1.9985e+0,0.0000e+0,0.0000e+0
0.00937,0.02292,1.9907e+0,0.0000e+0,0.0000e+0
0.01146,0.02292,1.9811e+0,0.0000e+0,0.0000e+0
0.01354,0.02292,1.9697e+0,0.0000e+0,0.0000e+0
0.01563,0.02292,1.9566e+0,0.0000e+0,0.0000e+0
0.01771,0.02292,1.9417e+0,0.0000e+0,0.0000e+0
0.01979,0.02292,1.9251e+0,0.0000e+0,0.0000e+0
0.02187,0.02292,1.9071e+0,0.0000e+0,0.0000e+0
0.02396,0.02292,1.8884e+0,0.0000e+0,0.0000e+0
0.02604,0.02292,1.8707e+0,0.0000e+0,0.0000e+0
0.02813,0.02292,1.8528e+0,0.0000e+0,0.0000e+0
0.03021,0.02292,1.8331e+0,0.0000e+0,0.0000e+0
0.03229,0.02292,1.8110e+0,0.0000e+0,0.0000e+0
0.03438,0.02292,1.7861e+0,0.0000e+0,0.0000e+0
0.03646,0.02292,1.7584e+0,0.0000e+0,0.0000e+0
0.03854,0.02292,1.7276e+0,0.0000e+0,0.0000e+0
0.04063,0.02292,1.6940e+0,0.0000e+0,0.0000e+0
0.04271,0.02292,1.6579e+0,0.0000e+0,0.0000e+0
0.04479,0.02292,1.6195e+0,0.0000e+0,0.0000e+0
0.04688,0.02292,1.5770e+0,0.0000e+0,0.0000e+0
0.04896,0.02292,1.5290e+0,0.0000e+0,0.0000e+0
0.05104,0.02292,1.4741e+0,6.5957e+10,0.0000e+0
0.05312,0.02292,1.4162e+0,3.4495e+11,0.0000e+0
0.05521,0.02292,1.3715e+0,0.0000e+0,0.0000e+0
0.05729,0.02292,1.3194e+0,0.0000e+0,0.0000e+0
0.05937,0.02292,1.2633e+0,3.1686e+10,0.0000e+0
0.06146,0.02292,1.2039e+0,3.2670e+11,0.0000e+0
0.06354,0.02292,1.1584e+0,0.0000e+0,0.0000e+0
0.06563,0.02292,1.1054e+0,0.0000e+0,0.0000e+0
0.06771,0.02292,1.0464e+0,7.4132e+9,0.0000e+0
0.06979,0.02292,9.8221e-1,1.6970e+11,0.0000e+0
0.07187,0.02292,9.2518e-1,0.0000e+0,0.0000e+0
0.07396,0.02292,8.6358e-1,0.0000e+0,0.0000e+0
0.07604,0.02292,7.9853e-1,0.0000e+0,0.0000e+0
0.07813,0.02292,7.3076e-1,0.0000e+0,0.0000e+0
0.08021,0.02292,6.6104e-1,1.3791e+10,0.0000e+0
0.08229,0.02292,5.9142e-1,1.7792e+10,0.0000e+0
0.08438,0.02292,5.2253e-1,0.0000e+0,0.0000e+0
0.08646,0.02292,4.5282e-1,0.0000e+0,0.0000e+0
0.08854,0.02292,3.8249e-1,0.0000e+0,0.0000e+0
0.09062,0.02292,3.1187e-1,0.0000e+0,0.0000e+0
0.09271,0.02292,2.4133e-1,0.0000e+0,0.0000e+0
0.09479,0.02292,1.7123e-1,0.0000e+0,0.0000e+0
0.09688,0.02292,1.0187e-1,0.0000e+0,0.0000e+0
0.09896,0.02292,3.3531e-2,0.0000e+0,0.0000e+0
0.00104,0.02708,2.4234e+0,0.0000e+0,0.0000e+0
0.00313,0.02708,2.4211e+0,0.0000e+0,0.0000e+0
0.00521,0.02708,2.4168e+0,0.0000e+0,0.0000e+0
0.00729,0.02708,2.4104e+0,0.0000e+0,0.0000e+0
0.00937,0.02708,2.4019e+0,0.0000e+0,0.0000e+0
0.01146,0.02708,2.3915e+0,0.0000e+0,0.0000e+0
0.01354,0.02708,2.3792e+0,0.0000e+0,0.0000e+0
0.01563,0.02708,2.3650e+0,0.0000e+0,0.0000e+0
0.01771,0.02708,2.3491e+0,0.0000e+0,0.0000e+0
0.01979,0.02708,2.3314e+0,0.0000e+0,0.0000e+0
0.02187,0.02708,2.3121e+0,0.0000e+0,0.0000e+0
0.02396,0.02708,2.2914e+0,0.0000e+0,0.0000e+0
0.02604,0.02708,2.2696e+0,0.0000e+0,0.0000e+0
0.02813,0.02708,2.2466e+0,0.0000e+0,0.0000e+0
0.03021,0.02708,2.2220e+0,0.0000e+0,0.0000e+0
0.03229,0.02708,2.1956e+0,0.0000e+0,0.0000e+0
0.03438,0.02708,2.1671e+0,0.0000e+0,0.0000e+0
0.03646,0.02708,2.1361e+0,0.0000e+0,0.0000e+0
0.03854,0.02708,2.1025e+0,0.0000e+0,0.0000e+0
0.04063,0.02708,2.0659e+0,0.0000e+0,0.0000e+0
0.04271,0.02708,2.0262e+0,0.0000e+0,0.0000e+0
0.04479,0.02708,1.9828e+0,0.0000e+0,0.0000e+0
0.04688,0.02708,1.9352e+0,0.0000e+0,0.0000e+0
0.04896,0.02708,1.8827e+0,0.0000e+0,0.0000e+0
0.05104,0.02708,1.8256e+0,2.1375e+9,0.0000e+0
0.05312,0.02708,1.7650e+0,1.1179e+10,0.0000e+0
0.05521,0.02708,1.7031e+0,0.0000e+0,0.0000e+0
0.05729,0.02708,1.6382e+0,0.0000e+0,0.0000e+0
0.05937,0.02708,1.5709e+0,6.2741e+8,0.0000e+0
0.06146,0.02708,1.5031e+0,6.4690e+9,0.0000e+0
0.06354,0.02708,1.4366e+0,0.0000e+0,0.0000e+0
0.06563,0.02708,1.3677e+0,0.0000e+0,0.0000e+0
0.06771,0.02708,1.2957e+0,0.0000e+0,0.0000e+0
0.06979,0.02708,1.2208e+0,0.0000e+0,0.0000e+0
0.07187,0.02708,1.1441e+0,0.0000e+0,0.0000e+0
0.07396,0.02708,1.0647e+0,0.0000e+0,0.0000e+0
0.07604,0.02708,9.8231e-1,0.0000e+0,0.0000e+0
0.07813,0.02708,8.9665e-1,0.0000e+0,0.0000e+0
0.08021,0.02708,8.0711e-1,1.0637e+11,0.0000e+0
0.08229,0.02708,7.2086e-1,1.3723e+11,0.0000e+0
0.08438,0.02708,6.3949e-1,0.0000e+0,0.0000e+0
0.08646,0.02708,5.5502e-1,0.0000e+0,0.0000e+0
0.08854,0.02708,4.6891e-1,0.0000e+0,0.0000e+0
0.09062,0.02708,3.8216e-1,0.0000e+0,0.0000e+0
0.09271,0.02708,2.9556e-1,0.0000e+0,0.0000e+0
0.09479,0.02708,2.0961e-1,0.0000e+0,0.0000e+0
0.09688,0.02708,1.2467e-1,0.0000e+0,0.0000e+0
0.09896,0.02708,4.1035e-2,0.0000e+0,0.0000e+0
0.00104,0.03125,2.8540e+0,0.0000e+0,0.0000e+0
0.00313,0.03125,2.8514e+0,0.0000e+0,0.0000e+0
0.00521,0.03125,2.8463e+0,0.0000e+0,0.0000e+0
0.00729,0.03125,2.8389e+0,0.0000e+0,0.0000e+0
0.00937,0.03125,2.8293e+0,0.0000e+0,0.0000e+0
0.01146,0.03125,2.8176e+0,0.0000e+0,0.0000e+0
0.01354,0.03125,2.8040e+0,0.0000e+0,0.0000e+0
0.01563,0.03125,2.7887e+0,0.0000e+0,0.0000e+0
0.01771,0.03125,2.7716e+0,0.0000e+0,0.0000e+0
0.01979,0.03125,2.7522e+0,0.0000e+0,0.0000e+0
0.02187,0.03125,2.7302e+0,0.0000e+0,0.0000e+0
0.02396,0.03125,2.7061e+0,0.0000e+0,0.0000e+0
0.02604,0.03125,2.6805e+0,0.0000e+0,0.0000e+0
0.02813,0.03125,2.6536e+0,0.0000e+0,0.0000e+0
0.03021,0.03125,2.6254e+0,0.0000e+0,0.0000e+0
0.03229,0.03125,2.5959e+0,0.0000e+0,0.0000e+0
0.03438,0.03125,2.5647e+0,0.0000e+0,0.0000e+0
0.03646,0.03125,2.5317e+0,0.0000e+0,0.0000e+0
0.03854,0.03125,2.4965e+0,0.0000e+0,0.0000e+0
0.04063,0.03125,2.4586e+0,0.0000e+0,0.0000e+0
0.04271,0.03125,2.4173e+0,0.0000e+0,0.0000e+0
0.04479,0.03125,2.3718e+0,0.0000e+0,0.0000e+0
0.04688,0.03125,2.3211e+0,0.0000e+0,0.0000e+0
0.04896,0.03125,2.2644e+0,0.0000e+0,0.0000e+0
0.05104,0.03125,2.2014e+0,0.0000e+0,0.0000e+0
0.05312,0.03125,2.1320e+0,0.0000e+0,0.0000e+0
0.05521,0.03125,2.0568e+0,0.0000e+0,0.0000e+0
0.05729,0.03125,1.9758e+0,0.0000e+0,0.0000e+0
0.05937,0.03125,1.8899e+0,1.2313e+11,0.0000e+0
0.06146,0.03125,1.8073e+0,2.1000e+11,0.0000e+0
0.06354,0.03125,1.7327e+0,0.0000e+0,0.0000e+0
0.06563,0.03125,1.6516e+0,0.0000e+0,0.0000e+0
0.06771,0.03125,1.5656e+0,0.0000e+0,0.0000e+0
0.06979,0.03125,1.4758e+0,0.0000e+0,0.0000e+0
0.07187,0.03125,1.3828e+0,0.0000e+0,0.0000e+0
0.07396,0.03125,1.2869e+0,0.0000e+0,0.0000e+0
0.07604,0.03125,1.1884e+0,0.0000e+0,0.0000e+0
0.07813,0.03125,1.0874e+0,0.0000e+0,0.0000e+0
0.08021,0.03125,9.8465e-1,0.0000e+0,0.0000e+0
0.08229,0.03125,8.8108e-1,0.0000e+0,0.0000e+0
0.08438,0.03125,7.7706e-1,0.0000e+0,0.0000e+0
0.08646,0.03125,6.7196e-1,0.0000e+0,0.0000e+0
0.08854,0.03125,5.6594e-1,0.0000e+0,0.0000e+0
0.09062,0.03125,4.5986e-1,0.0000e+0,0.0000e+0
0.09271,0.03125,3.5492e-1,0.0000e+0,0.0000e+0
0.09479,0.03125,2.5149e-1,0.0000e+0,0.0000e+0
0.09688,0.03125,1.4953e-1,0.0000e+0,0.0000e+0
0.09896,0.03125,4.9204e-2,0.0000e+0,0.0000e+0
0.00104,0.03542,3.3049e+0,0.0000e+0,0.0000e+0
0.00313,0.03542,3.3020e+0,0.0000e+0,0.0000e+0
0.00521,0.03542,3.2959e+0,0.0000e+0,0.0000e+0
0.00729,0.03542,3.2864e+0,0.0000e+0,0.0000e+0
0.00937,0.03542,3.2741e+0,0.0000e+0,0.0000e+0
0.01146,0.03542,3.2603e+0,0.0000e+0,0.0000e+0
0.01354,0.03542,3.2448e+0,0.0000e+0,0.0000e+0
0.01563,0.03542,3.2278e+0,0.0000e+0,0.0000e+0
0.01771,0.03542,3.2115e+0,0.0000e+0,0.0000e+0
0.01979,0.03542,3.1923e+0,0.0000e+0,0.0000e+0
0.02187,0.03542,3.1651e+0,0.0000e+0,0.0000e+0
0.02396,0.03542,3.1354e+0,0.0000e+0,0.0000e+0
0.02604,0.03542,3.1049e+0,0.0000e+0,0.0000e+0
0.02813,0.03542,3.0738e+0,0.0000e+0,0.0000e+0
0.03021,0.03542,3.0423e+0,0.0000e+0,0.0000e+0
0.03229,0.03542,3.0102e+0,0.0000e+0,0.0000e+0
0.03438,0.03542,2.9775e+0,0.0000e+0,0.0000e+0
0.03646,0.03542,2.9439e+0,0.0000e+0,0.0000e+0
0.03854,0.03542,2.9092e+0,0.0000e+0,0.0000e+0
0.04063,0.03542,2.8729e+0,0.0000e+0,0.0000e+0
0.04271,0.03542,2.8337e+0,0.0000e+0,0.0000e+0
0.04479,0.03542,2.7902e+0,0.0000e+0,0.0000e+0
0.04688,0.03542,2.7407e+0,0.0000e+0,0.0000e+0
0.04896,0.03542,2.6818e+0,0.0000e+0,0.0000e+0
0.05104,0.03542,2.6132e+0,0.0000e+0,0.0000e+0
0.05312,0.03542,2.5335e+0,0.0000e+0,0.0000e+0
0.05521,0.03542,2.4448e+0,0.0000e+0,0.0000e+0
0.05729,0.03542,2.3459e+0,2.1037e+11,0.0000e+0
0.05937,0.03542,2.2486e+0,3.0237e+11,0.0000e+0
0.06146,0.03542,2.1582e+0,1.2157e+11,0.0000e+0
0.06354,0.03542,2.0652e+0,0.0000e+0,0.0000e+0
0.06563,0.03542,1.9655e+0,0.0000e+0,0.0000e+0
0.06771,0.03542,1.8614e+0,0.0000e+0,0.0000e+0
0.06979,0.03542,1.7545e+0,0.0000e+0,0.0000e+0
0.07187,0.03542,1.6442e+0,0.0000e+0,0.0000e+0
0.07396,0.03542,1.5307e+0,0.0000e+0,0.0000e+0
0.07604,0.03542,1.4147e+0,0.0000e+0,0.0000e+0
0.07813,0.03542,1.2966e+0,0.0000e+0,0.0000e+0
0.08021,0.03542,1.1760e+0,0.0000e+0,0.0000e+0
0.08229,0.03542,1.0536e+0,0.0000e+0,0.0000e+0
0.08438,0.03542,9.2927e-1,0.0000e+0,0.0000e+0
0.08646,0.03542,8.0283e-1,0.0000e+0,0.0000e+0
0.08854,0.03542,6.7324e-1,0.0000e+0,0.0000e+0
0.09062,0.03542,5.4268e-1,8.3706e+10,0.0000e+0
0.09271,0.03542,4.1761e-1,5.3671e+10,0.0000e+0
0.09479,0.03542,2.9657e-1,0.0000e+0,0.0000e+0
0.09688,0.03542,1.7649e-1,0.0000e+0,0.0000e+0
0.09896,0.03542,5.8102e-2,0.0000e+0,0.0000e+0
0.00104,0.03958,3.7797e+0,0.0000e+0,0.0000e+0
0.00313,0.03958,3.7783e+0,0.0000e+0,0.0000e+0
0.00521,0.03958,3.7726e+0,0.0000e+0,0.0000e+0
0.00729,0.03958,3.7562e+0,0.0000e+0,0.0000e+0
0.00937,0.03958,3.7366e+0,0.0000e+0,0.0000e+0
0.01146,0.03958,3.7202e+0,0.0000e+0,8.7300e+10
0.01354,0.03958,3.7016e+0,5.9155e+11,8.1170e+11
0.01563,0.03958,3.6722e+0,4.8766e+11,0.0000e+0
0.01771,0.03958,3.6726e+0,0.0000e+0,7.6928e+10
0.01979,0.03958,3.6733e+0,0.0000e+0,9.2359e+11
0.02187,0.03958,3.6210e+0,0.0000e+0,0.0000e+0
0.02396,0.03958,3.5787e+0,0.0000e+0,0.0000e+0
0.02604,0.03958,3.5410e+0,0.0000e+0,0.0000e+0
0.02813,0.03958,3.5053e+0,0.0000e+0,0.0000e+0
0.03021,0.03958,3.4704e+0,0.0000e+0,0.0000e+0
0.03229,0.03958,3.4359e+0,0.0000e+0,0.0000e+0
0.03438,0.03958,3.4016e+0,0.0000e+0,0.0000e+0
0.03646,0.03958,3.3682e+0,0.0000e+0,0.0000e+0
0.03854,0.03958,3.3363e+0,0.0000e+0,0.0000e+0
0.04063,0.03958,3.3061e+0,0.0000e+0,0.0000e+0
0.04271,0.03958,3.2758e+0,0.0000e+0,6.4957e+10
0.04479,0.03958,3.2412e+0,4.7014e+9,4.8551e+10
0.04688,0.03958,3.2074e+0,6.8001e+10,5.4855e+11
0.04896,0.03958,3.1489e+0,0.0000e+0,2.8424e+11
0.05104,0.03958,3.0812e+0,0.0000e+0,5.2751e+11
0.05312,0.03958,2.9847e+0,0.0000e+0,9.9864e+10
0.05521,0.03958,2.8882e+0,0.0000e+0,1.6984e+11
0.05729,0.03958,2.7837e+0,1.5472e+11,1.5905e+11
0.05937,0.03958,2.6865e+0,1.0552e+10,4.6034e+11
0.06146,0.03958,2.5707e+0,0.0000e+0,4.6847e+11
0.06354,0.03958,2.4366e+0,0.0000e+0,8.1006e+10
0.06563,0.03958,2.3105e+0,0.0000e+0,2.1103e+11
0.06771,0.03958,2.1811e+0,3.1896e+10,6.9888e+10
0.06979,0.03958,2.0603e+0,2.0698e+10,2.4069e+11
0.07187,0.03958,1.9309e+0,5.4468e+9,1.3979e+11
0.07396,0.03958,1.7975e+0,2.9727e+10,8.2986e+10
0.07604,0.03958,1.6624e+0,8.7900e+10,5.9920e+10
0.07813,0.03958,1.5284e+0,0.0000e+0,7.9473e+10
0.08021,0.03958,1.3874e+0,0.0000e+0,1.0424e+10
0.08229,0.03958,1.2460e+0,0.0000e+0,4.5441e+10
0.08438,0.03958,1.1025e+0,0.0000e+0,6.3726e+10
0.08646,0.03958,9.5861e-1,0.0000e+0,3.2619e+11
0.08854,0.03958,7.9665e-1,9.8486e+10,7.8726e+10
0.09062,0.03958,6.4045e-1,6.7681e+10,0.0000e+0
0.09271,0.03958,4.9179e-1,4.2014e+10,0.0000e+0
0.09479,0.03958,3.4835e-1,0.0000e+0,0.0000e+0
0.09688,0.03958,2.0700e-1,0.0000e+0,0.0000e+0
0.09896,0.03958,6.8095e-2,0.0000e+0,0.0000e+0
0.00104,0.04375,4.2667e+0,0.0000e+0,0.0000e+0
0.00313,0.04375,4.2794e+0,0.0000e+0,0.0000e+0
0.00521,0.04375,4.3083e+0,0.0000e+0,1.5634e+12
0.00729,0.04375,4.2595e+0,0.0000e+0,6.7634e+11
0.00937,0.04375,4.2029e+0,0.0000e+0,0.0000e+0
0.01146,0.04375,4.1740e+0,0.0000e+0,7.5730e+10
0.01354,0.04375,4.1563e+0,2.5602e+11,7.0412e+11
0.01563,0.04375,4.1244e+0,2.1105e+11,2.7381e+10
0.01771,0.04375,4.1075e+0,0.0000e+0,1.8495e+10
0.01979,0.04375,4.0878e+0,0.0000e+0,1.2946e+11
0.02187,0.04375,4.0542e+0,0.0000e+0,0.0000e+0
0.02396,0.04375,4.0181e+0,0.0000e+0,0.0000e+0
0.02604,0.04375,3.9808e+0,0.0000e+0,0.0000e+0
0.02813,0.04375,3.9437e+0,0.0000e+0,0.0000e+0
0.03021,0.04375,3.9068e+0,0.0000e+0,0.0000e+0
0.03229,0.04375,3.8692e+0,0.0000e+0,0.0000e+0
0.03438,0.04375,3.8304e+0,0.0000e+0,0.0000e+0
0.03646,0.04375,3.7942e+0,0.0000e+0,0.0000e+0
0.03854,0.04375,3.7633e+0,1.2644e+11,4.8599e+10
0.04063,0.04375,3.7459e+0,1.5609e+11,4.8571e+11
0.04271,0.04375,3.7211e+0,0.0000e+0,4.9436e+11
0.04479,0.04375,3.6800e+0,2.6283e+10,3.7094e+11
0.04688,0.04375,3.6325e+0,3.8015e+11,7.8487e+11
0.04896,0.04375,3.5742e+0,0.0000e+0,3.1334e+11
0.05104,0.04375,3.5127e+0,0.0000e+0,7.5945e+11
0.05312,0.04375,3.4197e+0,0.0000e+0,3.9434e+11
0.05521,0.04375,3.3251e+0,0.0000e+0,7.8154e+11
0.05729,0.04375,3.2041e+0,0.0000e+0,6.1193e+11
0.05937,0.04375,3.0756e+0,0.0000e+0,7.6929e+11
0.06146,0.04375,2.9267e+0,0.0000e+0,5.6419e+11
0.06354,0.04375,2.7670e+0,0.0000e+0,1.8210e+11
0.06563,0.04375,2.6191e+0,0.0000e+0,2.4782e+11
0.06771,0.04375,2.4718e+0,1.9105e+11,9.2996e+10
0.06979,0.04375,2.3444e+0,2.4611e+11,5.3606e+11
0.07187,0.04375,2.2052e+0,1.4861e+11,2.6111e+11
0.07396,0.04375,2.0688e+0,4.5221e+10,2.7527e+11
0.07604,0.04375,1.9271e+0,1.3371e+11,4.2655e+11
0.07813,0.04375,1.7778e+0,0.0000e+0,3.6978e+11
0.08021,0.04375,1.6123e+0,0.0000e+0,1.0001e+11
0.08229,0.04375,1.4465e+0,0.0000e+0,1.7697e+11
0.08438,0.04375,1.2715e+0,9.0264e+10,4.7491e+10
0.08646,0.04375,1.0989e+0,1.0081e+11,1.9150e+11
0.08854,0.04375,9.1929e-1,1.4890e+11,1.0709e+11
0.09062,0.04375,7.4401e-1,3.2589e+9,0.0000e+0
0.09271,0.04375,5.7223e-1,0.0000e+0,0.0000e+0
0.09479,0.04375,4.0422e-1,0.0000e+0,0.0000e+0
0.09688,0.04375,2.3980e-1,0.0000e+0,0.0000e+0
0.09896,0.04375,7.8819e-2,0.0000e+0,0.0000e+0
0.00104,0.04792,4.6503e+0,0.0000e+0,0.0000e+0
0.00313,0.04792,4.6598e+0,0.0000e+0,0.0000e+0
0.00521,0.04792,4.6801e+0,0.0000e+0,1.1145e+12
0.00729,0.04792,4.6413e+0,0.0000e+0,4.8216e+11
0.00937,0.04792,4.5970e+0,0.0000e+0,0.0000e+0
0.01146,0.04792,4.5760e+0,0.0000e+0,0.0000e+0
0.01354,0.04792,4.5727e+0,0.0000e+0,0.0000e+0
0.01563,0.04792,4.5880e+0,0.0000e+0,1.0591e+12
0.01771,0.04792,4.5565e+0,0.0000e+0,2.9830e+11
0.01979,0.04792,4.5284e+0,0.0000e+0,5.6247e+9
0.02187,0.04792,4.5110e+0,0.0000e+0,2.7708e+11
0.02396,0.04792,4.4749e+0,0.0000e+0,9.9079e+10
0.02604,0.04792,4.4320e+0,0.0000e+0,2.1961e+9
0.02813,0.04792,4.3927e+0,0.0000e+0,0.0000e+0
0.03021,0.04792,4.3559e+0,0.0000e+0,7.9089e+10
0.03229,0.04792,4.3169e+0,0.0000e+0,3.0636e+11
0.03438,0.04792,4.2581e+0,0.0000e+0,0.0000e+0
0.03646,0.04792,4.2063e+0,0.0000e+0,0.0000e+0
0.03854,0.04792,4.1604e+0,1.2606e+11,7.1197e+10
0.04063,0.04792,4.1232e+0,1.5562e+11,3.1570e+11
0.04271,0.04792,4.0831e+0,0.0000e+0,2.5561e+11
0.04479,0.04792,4.0357e+0,0.0000e+0,1.8205e+11
0.04688,0.04792,3.9898e+0,5.9913e+10,5.8091e+11
0.04896,0.04792,3.9245e+0,1.0053e+11,6.3207e+11
0.05104,0.04792,3.8440e+0,0.0000e+0,4.7537e+11
0.05312,0.04792,3.7519e+0,0.0000e+0,6.8239e+11
0.05521,0.04792,3.6381e+0,0.0000e+0,9.7487e+11
0.05729,0.04792,3.4803e+0,0.0000e+0,2.2128e+11
0.05937,0.04792,3.3245e+0,0.0000e+0,6.6213e+10
0.06146,0.04792,3.1690e+0,0.0000e+0,1.3227e+10
0.06354,0.04792,3.0138e+0,4.4625e+10,0.0000e+0
0.06563,0.04792,2.8659e+0,2.3653e+11,5.4848e+10
0.06771,0.04792,2.7318e+0,5.7436e+10,1.8694e+11
0.06979,0.04792,2.5942e+0,7.8795e+10,1.7471e+11
0.07187,0.04792,2.4539e+0,0.0000e+0,2.1051e+11
0.07396,0.04792,2.3052e+0,0.0000e+0,2.3483e+11
0.07604,0.04792,2.1483e+0,0.0000e+0,1.0111e+11
0.07813,0.04792,1.9929e+0,0.0000e+0,3.1121e+11
0.08021,0.04792,1.8244e+0,0.0000e+0,2.9855e+11
0.08229,0.04792,1.6449e+0,0.0000e+0,2.6024e+11
0.08438,0.04792,1.4592e+0,3.3512e+10,4.3092e+11
0.08646,0.04792,1.2572e+0,3.7426e+10,1.6706e+11
0.08854,0.04792,1.0533e+0,0.0000e+0,5.5180e+10
0.09062,0.04792,8.5050e-1,0.0000e+0,0.0000e+0
0.09271,0.04792,6.5286e-1,0.0000e+0,0.0000e+0
0.09479,0.04792,4.6042e-1,0.0000e+0,0.0000e+0
0.09688,0.04792,2.7282e-1,0.0000e+0,0.0000e+0
0.09896,0.04792,8.9628e-2,0.0000e+0,0.0000e+0
0.00104,0.05208,4.9588e+0,0.0000e+0,0.0000e+0
0.00313,0.05208,4.9576e+0,0.0000e+0,0.0000e+0
0.00521,0.05208,4.9533e+0,0.0000e+0,0.0000e+0
0.00729,0.05208,4.9413e+0,0.0000e+0,0.0000e+0
0.00937,0.05208,4.9272e+0,0.0000e+0,0.0000e+0
0.01146,0.05208,4.9165e+0,0.0000e+0,0.0000e+0
0.01354,0.05208,4.9106e+0,0.0000e+0,0.0000e+0
0.01563,0.05208,4.9098e+0,0.0000e+0,0.0000e+0
0.01771,0.05208,4.9128e+0,2.5054e+10,0.0000e+0
0.01979,0.05208,4.9339e+0,5.8272e+10,3.3820e+11
0.02187,0.05208,4.9653e+0,0.0000e+0,1.3486e+12
0.02396,0.05208,4.9419e+0,0.0000e+0,1.1637e+12
0.02604,0.05208,4.8810e+0,0.0000e+0,2.5454e+11
0.02813,0.05208,4.8430e+0,0.0000e+0,5.8627e+11
0.03021,0.05208,4.7990e+0,0.0000e+0,3.7704e+11
0.03229,0.05208,4.7602e+0,0.0000e+0,1.1407e+12
0.03438,0.05208,4.6715e+0,0.0000e+0,6.4735e+10
0.03646,0.05208,4.6063e+0,0.0000e+0,3.4816e+11
0.03854,0.05208,4.5411e+0,0.0000e+0,3.5015e+11
0.04063,0.05208,4.4752e+0,0.0000e+0,4.0117e+11
0.04271,0.05208,4.4028e+0,0.0000e+0,1.8217e+11
0.04479,0.05208,4.3365e+0,3.9044e+10,3.6524e+11
0.04688,0.05208,4.2660e+0,2.0202e+11,6.0684e+11
0.04896,0.05208,4.1795e+0,1.9071e+11,4.6074e+11
0.05104,0.05208,4.0870e+0,0.0000e+0,4.7162e+11
0.05312,0.05208,3.9724e+0,0.0000e+0,3.4475e+11
0.05521,0.05208,3.8414e+0,0.0000e+0,2.2067e+11
0.05729,0.05208,3.7019e+0,0.0000e+0,1.1068e+10
0.05937,0.05208,3.5736e+0,2.5680e+11,7.1270e+11
0.06146,0.05208,3.4266e+0,3.0208e+10,4.1687e+11
0.06354,0.05208,3.2691e+0,9.8140e+9,0.0000e+0
0.06563,0.05208,3.1264e+0,5.2018e+10,2.4538e+11
0.06771,0.05208,2.9853e+0,7.9575e+10,4.1165e+11
0.06979,0.05208,2.8376e+0,1.0917e+11,3.1972e+11
0.07187,0.05208,2.6870e+0,0.0000e+0,4.0862e+11
0.07396,0.05208,2.5185e+0,2.0143e+11,3.5494e+11
0.07604,0.05208,2.3482e+0,8.4430e+9,9.9640e+10
0.07813,0.05208,2.1803e+0,0.0000e+0,1.8298e+11
0.08021,0.05208,2.0042e+0,0.0000e+0,3.6509e+11
0.08229,0.05208,1.8053e+0,0.0000e+0,8.8303e+10
0.08438,0.05208,1.6063e+0,0.0000e+0,1.5222e+11
0.08646,0.05208,1.4027e+0,0.0000e+0,3.1709e+11
0.08854,0.05208,1.1853e+0,0.0000e+0,3.5384e+11
0.09062,0.05208,9.5461e-1,0.0000e+0,6.2309e+10
0.09271,0.05208,7.3018e-1,0.0000e+0,0.0000e+0
0.09479,0.05208,5.1394e-1,0.0000e+0,0.0000e+0
0.09688,0.05208,3.0422e-1,0.0000e+0,0.0000e+0
0.09896,0.05208,9.9887e-2,0.0000e+0,0.0000e+0
0.00104,0.05625,5.2770e+0,0.0000e+0,0.0000e+0
0.00313,0.05625,5.2751e+0,0.0000e+0,0.0000e+0
0.00521,0.05625,5.2710e+0,0.0000e+0,0.0000e+0
0.00729,0.05625,5.2641e+0,0.0000e+0,0.0000e+0
0.00937,0.05625,5.2547e+0,0.0000e+0,0.0000e+0
0.01146,0.05625,5.2434e+0,0.0000e+0,0.0000e+0
0.01354,0.05625,5.2309e+0,0.0000e+0,0.0000e+0
0.01563,0.05625,5.2158e+0,0.0000e+0,0.0000e+0
0.01771,0.05625,5.1947e+0,3.2629e+11,0.0000e+0
0.01979,0.05625,5.1877e+0,7.5890e+11,8.8448e+10
0.02187,0.05625,5.2136e+0,0.0000e+0,2.5749e+11
0.02396,0.05625,5.2081e+0,0.0000e+0,3.7771e+11
0.02604,0.05625,5.1736e+0,0.0000e+0,2.8401e+9
0.02813,0.05625,5.1458e+0,0.0000e+0,1.8786e+11
0.03021,0.05625,5.1139e+0,0.0000e+0,5.0633e+11
0.03229,0.05625,5.0618e+0,0.0000e+0,5.9136e+11
0.03438,0.05625,4.9889e+0,1.1600e+10,5.5466e+11
0.03646,0.05625,4.9115e+0,7.0880e+8,4.1569e+11
0.03854,0.05625,4.8291e+0,0.0000e+0,3.3545e+11
0.04063,0.05625,4.7411e+0,0.0000e+0,1.8961e+11
0.04271,0.05625,4.6543e+0,0.0000e+0,1.0866e+11
0.04479,0.05625,4.5648e+0,1.0939e+11,4.8094e+10
0.04688,0.05625,4.4811e+0,2.4756e+11,1.5395e+11
0.04896,0.05625,4.3993e+0,6.4573e+9,4.8894e+11
0.05104,0.05625,4.2875e+0,1.7197e+10,2.2159e+11
0.05312,0.05625,4.1695e+0,0.0000e+0,4.1462e+11
0.05521,0.05625,4.0296e+0,0.0000e+0,0.0000e+0
0.05729,0.05625,3.8948e+0,0.0000e+0,0.0000e+0
0.05937,0.05625,3.7634e+0,7.9434e+10,1.6070e+11
0.06146,0.05625,3.6295e+0,9.3438e+9,1.7842e+11
0.06354,0.05625,3.4897e+0,0.0000e+0,2.8889e+11
0.06563,0.05625,3.3388e+0,3.1466e+10,1.6662e+11
0.06771,0.05625,3.1850e+0,2.4716e+11,8.3485e+10
0.06979,0.05625,3.0392e+0,9.2571e+8,1.8699e+11
0.07187,0.05625,2.8822e+0,2.2491e+11,5.5874e+11
0.07396,0.05625,2.7060e+0,1.4118e+11,2.7358e+11
0.07604,0.05625,2.5302e+0,3.7245e+9,7.1921e+10
0.07813,0.05625,2.3611e+0,0.0000e+0,3.6816e+11
0.08021,0.05625,2.1798e+0,0.0000e+0,7.8347e+11
0.08229,0.05625,1.9585e+0,0.0000e+0,1.1820e+11
0.08438,0.05625,1.7445e+0,0.0000e+0,2.9910e+11
0.08646,0.05625,1.5238e+0,0.0000e+0,4.7833e+11
0.08854,0.05625,1.2802e+0,0.0000e+0,9.6405e+10
0.09062,0.05625,1.0351e+0,0.0000e+0,9.9800e+9
0.09271,0.05625,7.9455e-1,0.0000e+0,0.0000e+0
0.09479,0.05625,5.6015e-1,0.0000e+0,0.0000e+0
0.09688,0.05625,3.3179e-1,0.0000e+0,0.0000e+0
0.09896,0.05625,1.0897e-1,0.0000e+0,0.0000e+0
0.00104,0.06042,5.6104e+0,0.0000e+0,0.0000e+0
0.00313,0.06042,5.6100e+0,0.0000e+0,0.0000e+0
0.00521,0.06042,5.6088e+0,0.0000e+0,0.0000e+0
0.00729,0.06042,5.6058e+0,0.0000e+0,0.0000e+0
0.00937,0.06042,5.5991e+0,0.0000e+0,0.0000e+0
0.01146,0.06042,5.5841e+0,0.0000e+0,0.0000e+0
0.01354,0.06042,5.5699e+0,0.0000e+0,0.0000e+0
0.01563,0.06042,5.5549e+0,0.0000e+0,0.0000e+0
0.01771,0.06042,5.5390e+0,0.0000e+0,0.0000e+0
0.01979,0.06042,5.5222e+0,0.0000e+0,0.0000e+0
0.02187,0.06042,5.5034e+0,0.0000e+0,0.0000e+0
0.02396,0.06042,5.4783e+0,0.0000e+0,0.0000e+0
0.02604,0.06042,5.4483e+0,0.0000e+0,0.0000e+0
0.02813,0.06042,5.4153e+0,0.0000e+0,1.5117e+11
0.03021,0.06042,5.3625e+0,0.0000e+0,3.1784e+11
0.03229,0.06042,5.2763e+0,1.3834e+11,9.5853e+10
0.03438,0.06042,5.1788e+0,1.0330e+12,1.7165e+11
0.03646,0.06042,5.1248e+0,1.7436e+11,3.5720e+11
0.03854,0.06042,5.0527e+0,1.5864e+10,3.8855e+11
0.04063,0.06042,4.9603e+0,3.4096e+11,7.9792e+10
0.04271,0.06042,4.8997e+0,1.7415e+11,7.0082e+11
0.04479,0.06042,4.8169e+0,0.0000e+0,3.4866e+11
0.04688,0.06042,4.7287e+0,0.0000e+0,6.8392e+11
0.04896,0.06042,4.6053e+0,1.1467e+11,4.4038e+11
0.05104,0.06042,4.4674e+0,3.0538e+11,3.6783e+10
0.05312,0.06042,4.3439e+0,0.0000e+0,3.1308e+9
0.05521,0.06042,4.2182e+0,0.0000e+0,0.0000e+0
0.05729,0.06042,4.0934e+0,2.1207e+10,2.6404e+11
0.05937,0.06042,3.9593e+0,4.5020e+9,1.0023e+11
0.06146,0.06042,3.8240e+0,0.0000e+0,1.1298e+11
0.06354,0.06042,3.6829e+0,2.4118e+11,1.9383e+11
0.06563,0.06042,3.5446e+0,3.2980e+11,2.9542e+11
0.06771,0.06042,3.4174e+0,2.5035e+11,1.0277e+12
0.06979,0.06042,3.2458e+0,1.3937e+11,5.1043e+11
0.07187,0.06042,3.0609e+0,2.6493e+10,1.4192e+11
0.07396,0.06042,2.8757e+0,6.1632e+9,2.1698e+11
0.07604,0.06042,2.6839e+0,0.0000e+0,6.3169e+10
0.07813,0.06042,2.4943e+0,2.5614e+10,3.0157e+11
0.08021,0.06042,2.2898e+0,8.1505e+10,4.0602e+11
0.08229,0.06042,2.0678e+0,0.0000e+0,2.1859e+11
0.08438,0.06042,1.8364e+0,1.3779e+11,1.0387e+11
0.08646,0.06042,1.6092e+0,9.8627e+10,1.7278e+11
0.08854,0.06042,1.3734e+0,0.0000e+0,3.3297e+11
0.09062,0.06042,1.1167e+0,0.0000e+0,1.5517e+11
0.09271,0.06042,8.5565e-1,0.0000e+0,0.0000e+0
0.09479,0.06042,6.0252e-1,0.0000e+0,0.0000e+0
0.09688,0.06042,3.5665e-1,0.0000e+0,0.0000e+0
0.09896,0.06042,1.1710e-1,0.0000e+0,0.0000e+0
0.00104,0.06458,5.9475e+0,0.0000e+0,0.0000e+0
0.00313,0.06458,5.9506e+0,0.0000e+0,0.0000e+0
0.00521,0.06458,5.9572e+0,0.0000e+0,0.0000e+0
0.00729,0.06458,5.9682e+0,0.0000e+0,0.0000e+0
0.00937,0.06458,5.9859e+0,7.6138e+11,1.8833e+12
0.01146,0.06458,5.9318e+0,9.5948e+11,4.0123e+11
0.01354,0.06458,5.9210e+0,0.0000e+0,4.6388e+10
0.01563,0.06458,5.9062e+0,0.0000e+0,0.0000e+0
0.01771,0.06458,5.8944e+0,0.0000e+0,3.0153e+11
0.01979,0.06458,5.8727e+0,0.0000e+0,5.6191e+11
0.02187,0.06458,5.8266e+0,0.0000e+0,2.7877e+11
0.02396,0.06458,5.7774e+0,0.0000e+0,0.0000e+0
0.02604,0.06458,5.7456e+0,0.0000e+0,5.3193e+10
0.02813,0.06458,5.7289e+0,0.0000e+0,1.0315e+12
0.03021,0.06458,5.6639e+0,0.0000e+0,8.1465e+11
0.03229,0.06458,5.5723e+0,2.1830e+10,6.3992e+11
0.03438,0.06458,5.4702e+0,6.8288e+10,5.8672e+11
0.03646,0.06458,5.3624e+0,4.0988e+11,6.3983e+11
0.03854,0.06458,5.2582e+0,4.7225e+10,1.7944e+11
0.04063,0.06458,5.1585e+0,1.7706e+10,0.0000e+0
0.04271,0.06458,5.0737e+0,9.0437e+9,2.0794e+10
0.04479,0.06458,4.9970e+0,0.0000e+0,1.6157e+11
0.04688,0.06458,4.9214e+0,2.9987e+11,1.1029e+12
0.04896,0.06458,4.8036e+0,1.4653e+11,4.9766e+11
0.05104,0.06458,4.6803e+0,1.7375e+11,6.0474e+11
0.05312,0.06458,4.5456e+0,2.1223e+11,2.1363e+11
0.05521,0.06458,4.4215e+0,0.0000e+0,4.1007e+11
0.05729,0.06458,4.2705e+0,5.7924e+11,1.4796e+11
0.05937,0.06458,4.1475e+0,7.5279e+10,6.8150e+10
0.06146,0.06458,4.0254e+0,1.2055e+11,4.4527e+11
0.06354,0.06458,3.8867e+0,3.7722e+11,7.0035e+11
0.06563,0.06458,3.7402e+0,4.8899e+11,6.9499e+11
0.06771,0.06458,3.5938e+0,3.4492e+10,6.3066e+11
0.06979,0.06458,3.4162e+0,0.0000e+0,3.2950e+11
0.07187,0.06458,3.2274e+0,0.0000e+0,3.2114e+11
0.07396,0.06458,3.0280e+0,0.0000e+0,1.4213e+11
0.07604,0.06458,2.8301e+0,0.0000e+0,3.2081e+11
0.07813,0.06458,2.6195e+0,4.1567e+10,4.2666e+11
0.08021,0.06458,2.3885e+0,1.3227e+11,5.8413e+10
0.08229,0.06458,2.1687e+0,0.0000e+0,9.0857e+10
0.08438,0.06458,1.9480e+0,1.5328e+10,1.9794e+11
0.08646,0.06458,1.7235e+0,1.0971e+10,6.3650e+11
0.08854,0.06458,1.4690e+0,0.0000e+0,5.8336e+11
0.09062,0.06458,1.1910e+0,0.0000e+0,3.0235e+11
0.09271,0.06458,9.0800e-1,0.0000e+0,0.0000e+0
0.09479,0.06458,6.3784e-1,0.0000e+0,0.0000e+0
0.09688,0.06458,3.7712e-1,0.0000e+0,0.0000e+0
0.09896,0.06458,1.2376e-1,0.0000e+0,0.0000e+0
0.00104,0.06875,6.2606e+0,0.0000e+0,0.0000e+0
0.00313,0.06875,6.2650e+0,0.0000e+0,0.0000e+0
0.00521,0.06875,6.2736e+0,0.0000e+0,0.0000e+0
0.00729,0.06875,6.2871e+0,0.0000e+0,0.0000e+0
0.00937,0.06875,6.3064e+0,1.7900e+11,3.5617e+11
0.01146,0.06875,6.3180e+0,2.2558e+11,1.3721e+12
0.01354,0.06875,6.2816e+0,0.0000e+0,3.7459e+11
0.01563,0.06875,6.2532e+0,0.0000e+0,7.2526e+11
0.01771,0.06875,6.2016e+0,0.0000e+0,1.7529e+11
0.01979,0.06875,6.1588e+0,0.0000e+0,4.5276e+11
0.02187,0.06875,6.0933e+0,4.5556e+11,4.6473e+11
0.02396,0.06875,6.0212e+0,3.8154e+11,0.0000e+0
0.02604,0.06875,5.9731e+0,0.0000e+0,2.9437e+9
0.02813,0.06875,5.9241e+0,0.0000e+0,5.7067e+11
0.03021,0.06875,5.8371e+0,0.0000e+0,1.6421e+11
0.03229,0.06875,5.7439e+0,0.0000e+0,1.3124e+11
0.03438,0.06875,5.6541e+0,0.0000e+0,5.5660e+11
0.03646,0.06875,5.5423e+0,0.0000e+0,3.4176e+11
0.03854,0.06875,5.4251e+0,0.0000e+0,0.0000e+0
0.04063,0.06875,5.3222e+0,0.0000e+0,0.0000e+0
0.04271,0.06875,5.2276e+0,0.0000e+0,0.0000e+0
0.04479,0.06875,5.1358e+0,0.0000e+0,2.6600e+10
0.04688,0.06875,5.0427e+0,3.2766e+11,3.9361e+11
0.04896,0.06875,4.9378e+0,2.8499e+11,3.5629e+11
0.05104,0.06875,4.8209e+0,2.9081e+11,4.4192e+10
0.05312,0.06875,4.7222e+0,2.3722e+10,7.0882e+10
0.05521,0.06875,4.6242e+0,0.0000e+0,6.0289e+11
0.05729,0.06875,4.4916e+0,9.4539e+10,4.4644e+11
0.05937,0.06875,4.3507e+0,3.9710e+9,3.1206e+11
0.06146,0.06875,4.2003e+0,7.3049e+10,2.2128e+11
0.06354,0.06875,4.0508e+0,6.2333e+10,3.4593e+11
0.06563,0.06875,3.8948e+0,0.0000e+0,3.1113e+11
0.06771,0.06875,3.7264e+0,0.0000e+0,1.9499e+11
0.06979,0.06875,3.5499e+0,0.0000e+0,2.7930e+11
0.07187,0.06875,3.3574e+0,0.0000e+0,2.2514e+11
0.07396,0.06875,3.1526e+0,0.0000e+0,1.0437e+11
0.07604,0.06875,2.9485e+0,0.0000e+0,4.2289e+11
0.07813,0.06875,2.7279e+0,0.0000e+0,4.0476e+11
0.08021,0.06875,2.4930e+0,0.0000e+0,7.5657e+10
0.08229,0.06875,2.2672e+0,0.0000e+0,2.4503e+11
0.08438,0.06875,2.0411e+0,0.0000e+0,6.9159e+11
0.08646,0.06875,1.7842e+0,0.0000e+0,5.3673e+11
0.08854,0.06875,1.5003e+0,0.0000e+0,9.5229e+10
0.09062,0.06875,1.2161e+0,0.0000e+0,4.9569e+10
0.09271,0.06875,9.3392e-1,0.0000e+0,0.0000e+0
0.09479,0.06875,6.5867e-1,0.0000e+0,0.0000e+0
0.09688,0.06875,3.9027e-1,0.0000e+0,0.0000e+0
0.09896,0.06875,1.2820e-1,0.0000e+0,0.0000e+0
0.00104,0.07292,6.5396e+0,0.0000e+0,0.0000e+0
0.00313,0.07292,6.5436e+0,0.0000e+0,0.0000e+0
0.00521,0.07292,6.5519e+0,0.0000e+0,0.0000e+0
0.00729,0.07292,6.5645e+0,0.0000e+0,0.0000e+0
0.00937,0.07292,6.5846e+0,0.0000e+0,1.0177e+12
0.01146,0.07292,6.5491e+0,0.0000e+0,2.6347e+11
0.01354,0.07292,6.5124e+0,0.0000e+0,1.0713e+11
0.01563,0.07292,6.4857e+0,0.0000e+0,4.7273e+11
0.01771,0.07292,6.4419e+0,0.0000e+0,0.0000e+0
0.01979,0.07292,6.4159e+0,0.0000e+0,0.0000e+0
0.02187,0.07292,6.4082e+0,7.8406e+10,1.5730e+12
0.02396,0.07292,6.3245e+0,4.5059e+11,1.2192e+12
0.02604,0.07292,6.2191e+0,4.2096e+9,4.1781e+11
0.02813,0.07292,6.1119e+0,0.0000e+0,2.1916e+11
0.03021,0.07292,6.0084e+0,4.8107e+10,5.8565e+11
0.03229,0.07292,5.8845e+0,1.2196e+11,3.9283e+10
0.03438,0.07292,5.7751e+0,0.0000e+0,0.0000e+0
0.03646,0.07292,5.6630e+0,2.1570e+11,0.0000e+0
0.03854,0.07292,5.5582e+0,3.1592e+11,0.0000e+0
0.04063,0.07292,5.4732e+0,0.0000e+0,0.0000e+0
0.04271,0.07292,5.3880e+0,8.5353e+10,3.9725e+11
0.04479,0.07292,5.2891e+0,3.2403e+11,2.0372e+11
0.04688,0.07292,5.2071e+0,1.2111e+11,6.0155e+11
0.04896,0.07292,5.1079e+0,1.6725e+10,3.9786e+11
0.05104,0.07292,4.9977e+0,3.8633e+10,9.7336e+10
0.05312,0.07292,4.8999e+0,0.0000e+0,3.1590e+11
0.05521,0.07292,4.7934e+0,1.9892e+11,7.8199e+11
0.05729,0.07292,4.6563e+0,1.5805e+11,3.5107e+11
0.05937,0.07292,4.5174e+0,0.0000e+0,7.5589e+11
0.06146,0.07292,4.3385e+0,2.0567e+11,1.4494e+11
0.06354,0.07292,4.1772e+0,6.5138e+10,1.0702e+11
0.06563,0.07292,4.0214e+0,0.0000e+0,3.2369e+11
0.06771,0.07292,3.8520e+0,1.3140e+11,2.7973e+11
0.06979,0.07292,3.6815e+0,7.0742e+10,5.1413e+11
0.07187,0.07292,3.4888e+0,0.0000e+0,6.0471e+11
0.07396,0.07292,3.2648e+0,0.0000e+0,4.2419e+11
0.07604,0.07292,3.0236e+0,0.0000e+0,0.0000e+0
0.07813,0.07292,2.7904e+0,1.9746e+11,2.3094e+11
0.08021,0.07292,2.5611e+0,5.1710e+10,3.7358e+11
0.08229,0.07292,2.3132e+0,6.7960e+10,1.6841e+11
0.08438,0.07292,2.0636e+0,2.0291e+10,1.2150e+11
0.08646,0.07292,1.8100e+0,0.0000e+0,4.3070e+11
0.08854,0.07292,1.5297e+0,0.0000e+0,1.4886e+11
0.09062,0.07292,1.2439e+0,0.0000e+0,8.1082e+10
0.09271,0.07292,9.5702e-1,0.0000e+0,0.0000e+0
0.09479,0.07292,6.7597e-1,0.0000e+0,0.0000e+0
0.09688,0.07292,4.0092e-1,0.0000e+0,0.0000e+0
0.09896,0.07292,1.3176e-1,0.0000e+0,0.0000e+0
0.00104,0.07708,6.7847e+0,0.0000e+0,0.0000e+0
0.00313,0.07708,6.7888e+0,0.0000e+0,0.0000e+0
0.00521,0.07708,6.7966e+0,0.0000e+0,2.1010e+11
0.00729,0.07708,6.7926e+0,1.7934e+10,3.7230e+11
0.00937,0.07708,6.7718e+0,1.3101e+11,7.9690e+11
0.01146,0.07708,6.7290e+0,0.0000e+0,2.0631e+11
0.01354,0.07708,6.6893e+0,0.0000e+0,0.0000e+0
0.01563,0.07708,6.6565e+0,0.0000e+0,0.0000e+0
0.01771,0.07708,6.6274e+0,0.0000e+0,0.0000e+0
0.01979,0.07708,6.6069e+0,0.0000e+0,3.3033e+11
0.02187,0.07708,6.5758e+0,0.0000e+0,8.5824e+11
0.02396,0.07708,6.4976e+0,5.3884e+11,1.4142e+12
0.02604,0.07708,6.3749e+0,5.8930e+9,3.5673e+11
0.02813,0.07708,6.2476e+0,0.0000e+0,1.7860e+11
0.03021,0.07708,6.1214e+0,4.6547e+11,1.0610e+11
0.03229,0.07708,6.0258e+0,4.9372e+11,5.9822e+11
0.03438,0.07708,5.9335e+0,1.4504e+11,4.7355e+11
0.03646,0.07708,5.8329e+0,7.0611e+10,8.0235e+10
0.03854,0.07708,5.7410e+0,3.7117e+10,2.8802e+11
0.04063,0.07708,5.6426e+0,0.0000e+0,3.1818e+11
0.04271,0.07708,5.5284e+0,9.4113e+10,1.7769e+11
0.04479,0.07708,5.4106e+0,2.9063e+11,1.2260e+11
0.04688,0.07708,5.3037e+0,3.6737e+11,6.6572e+10
0.04896,0.07708,5.2184e+0,1.3558e+11,2.5987e+11
0.05104,0.07708,5.1232e+0,0.0000e+0,1.1714e+11
0.05312,0.07708,5.0298e+0,0.0000e+0,4.0413e+11
0.05521,0.07708,4.9201e+0,2.3411e+10,4.9252e+11
0.05729,0.07708,4.7881e+0,1.8601e+10,6.0935e+11
0.05937,0.07708,4.6285e+0,0.0000e+0,3.2522e+11
0.06146,0.07708,4.4563e+0,1.8959e+11,3.4944e+11
0.06354,0.07708,4.2828e+0,1.9886e+11,1.9810e+11
0.06563,0.07708,4.1211e+0,1.5008e+9,2.9447e+11
0.06771,0.07708,3.9526e+0,1.0425e+11,3.9518e+11
0.06979,0.07708,3.7840e+0,4.3779e+10,8.9753e+11
0.07187,0.07708,3.5802e+0,0.0000e+0,8.6823e+11
0.07396,0.07708,3.3385e+0,0.0000e+0,2.5915e+11
0.07604,0.07708,3.0925e+0,0.0000e+0,8.3129e+10
0.07813,0.07708,2.8547e+0,2.8451e+10,1.0202e+11
0.08021,0.07708,2.6260e+0,7.4506e+9,7.3056e+11
0.08229,0.07708,2.3588e+0,1.4040e+11,1.8069e+11
0.08438,0.07708,2.0966e+0,1.4045e+11,2.0406e+11
0.08646,0.07708,1.8335e+0,9.0993e+10,1.7250e+11
0.08854,0.07708,1.5610e+0,0.0000e+0,1.4968e+11
0.09062,0.07708,1.2770e+0,0.0000e+0,2.1755e+11
0.09271,0.07708,9.8215e-1,0.0000e+0,0.0000e+0
0.09479,0.07708,6.9369e-1,0.0000e+0,0.0000e+0
0.09688,0.07708,4.1146e-1,0.0000e+0,0.0000e+0
0.09896,0.07708,1.3523e-1,0.0000e+0,0.0000e+0
0.00104,0.08125,6.9951e+0,0.0000e+0,0.0000e+0
0.00313,0.08125,7.0024e+0,0.0000e+0,0.0000e+0
0.00521,0.08125,7.0196e+0,0.0000e+0,1.0252e+12
0.00729,0.08125,6.9859e+0,2.7760e+11,1.8167e+12
0.00937,0.08125,6.8489e+0,2.0279e+12,0.0000e+0
0.01146,0.08125,6.8624e+0,0.0000e+0,3.4820e+10
0.01354,0.08125,6.8611e+0,0.0000e+0,3.5721e+11
0.01563,0.08125,6.8288e+0,0.0000e+0,0.0000e+0
0.01771,0.08125,6.7909e+0,0.0000e+0,0.0000e+0
0.01979,0.08125,6.7471e+0,0.0000e+0,4.3267e+10
0.02187,0.08125,6.6970e+0,0.0000e+0,7.3790e+11
0.02396,0.08125,6.5940e+0,0.0000e+0,2.1000e+11
0.02604,0.08125,6.4768e+0,0.0000e+0,0.0000e+0
0.02813,0.08125,6.3601e+0,0.0000e+0,0.0000e+0
0.03021,0.08125,6.2444e+0,2.2671e+11,0.0000e+0
0.03229,0.08125,6.1483e+0,7.8830e+10,1.3390e+11
0.03438,0.08125,6.0509e+0,3.4442e+11,1.4837e+11
0.03646,0.08125,5.9782e+0,1.7588e+11,4.1227e+11
0.03854,0.08125,5.8958e+0,6.0805e+10,4.8296e+11
0.04063,0.08125,5.7976e+0,0.0000e+0,3.5240e+11
0.04271,0.08125,5.6881e+0,2.8546e+11,6.8372e+11
0.04479,0.08125,5.5651e+0,1.7156e+11,4.0770e+11
0.04688,0.08125,5.4454e+0,6.5661e+10,2.4394e+11
0.04896,0.08125,5.3293e+0,3.8692e+10,5.1320e+10
0.05104,0.08125,5.2200e+0,0.0000e+0,2.3132e+10
0.05312,0.08125,5.1139e+0,0.0000e+0,1.6746e+10
0.05521,0.08125,5.0069e+0,0.0000e+0,4.3308e+11
0.05729,0.08125,4.8659e+0,0.0000e+0,2.0535e+11
0.05937,0.08125,4.7114e+0,0.0000e+0,2.1144e+11
0.06146,0.08125,4.5484e+0,2.4074e+10,5.1304e+11
0.06354,0.08125,4.3605e+0,3.5299e+10,1.2020e+11
0.06563,0.08125,4.1767e+0,1.8851e+10,2.2504e+11
0.06771,0.08125,3.9843e+0,3.1666e+11,4.8851e+11
0.06979,0.08125,3.7835e+0,1.9331e+11,3.0362e+11
0.07187,0.08125,3.5760e+0,5.1726e+11,4.5945e+11
0.07396,0.08125,3.3760e+0,0.0000e+0,7.7545e+11
0.07604,0.08125,3.1287e+0,2.8492e+11,3.9710e+11
0.07813,0.08125,2.8832e+0,1.6336e+11,1.2441e+11
0.08021,0.08125,2.6427e+0,0.0000e+0,9.1546e+10
0.08229,0.08125,2.3939e+0,0.0000e+0,1.4568e+10
0.08438,0.08125,2.1456e+0,3.7842e+10,1.0045e+11
0.08646,0.08125,1.8952e+0,3.4948e+10,4.9567e+11
0.08854,0.08125,1.6177e+0,0.0000e+0,4.7524e+11
0.09062,0.08125,1.3114e+0,0.0000e+0,4.6181e+10
0.09271,0.08125,1.0081e+0,0.0000e+0,0.0000e+0
0.09479,0.08125,7.1164e-1,0.0000e+0,0.0000e+0
0.09688,0.08125,4.2196e-1,0.0000e+0,0.0000e+0
0.09896,0.08125,1.3866e-1,0.0000e+0,0.0000e+0
0.00104,0.08542,7.1486e+0,0.0000e+0,0.0000e+0
0.00313,0.08542,7.1461e+0,0.0000e+0,0.0000e+0
0.00521,0.08542,7.1383e+0,0.0000e+0,0.0000e+0
0.00729,0.08542,7.1190e+0,0.0000e+0,0.0000e+0
0.00937,0.08542,7.0883e+0,0.0000e+0,1.1357e+11
0.01146,0.08542,7.0531e+0,9.6701e+11,1.9124e+11
0.01354,0.08542,7.0552e+0,7.6676e+11,1.1706e+12
0.01563,0.08542,7.0424e+0,0.0000e+0,7.5262e+11
0.01771,0.08542,6.9968e+0,0.0000e+0,8.3813e+11
0.01979,0.08542,6.9190e+0,0.0000e+0,5.1591e+11
0.02187,0.08542,6.8265e+0,0.0000e+0,2.9285e+11
0.02396,0.08542,6.7199e+0,3.7656e+11,3.9450e+11
0.02604,0.08542,6.6136e+0,7.7109e+10,2.3376e+11
0.02813,0.08542,6.5034e+0,0.0000e+0,6.4148e+10
0.03021,0.08542,6.3975e+0,0.0000e+0,2.6717e+11
0.03229,0.08542,6.2837e+0,0.0000e+0,1.1155e+11
0.03438,0.08542,6.1748e+0,0.0000e+0,0.0000e+0
0.03646,0.08542,6.0825e+0,2.4824e+11,3.9025e+11
0.03854,0.08542,5.9945e+0,2.2075e+11,3.6563e+11
0.04063,0.08542,5.9083e+0,3.0233e+11,9.3797e+11
0.04271,0.08542,5.7894e+0,3.0711e+10,2.2274e+11
0.04479,0.08542,5.6596e+0,5.0643e+11,3.2412e+11
0.04688,0.08542,5.5455e+0,3.6247e+10,1.7578e+11
0.04896,0.08542,5.4256e+0,0.0000e+0,0.0000e+0
0.05104,0.08542,5.3143e+0,0.0000e+0,4.1030e+10
0.05312,0.08542,5.2129e+0,0.0000e+0,2.2878e+11
0.05521,0.08542,5.1128e+0,0.0000e+0,1.0771e+12
0.05729,0.08542,4.9546e+0,0.0000e+0,4.3699e+11
0.05937,0.08542,4.7837e+0,0.0000e+0,1.8847e+11
0.06146,0.08542,4.6125e+0,0.0000e+0,3.7494e+11
0.06354,0.08542,4.4232e+0,0.0000e+0,2.3394e+11
0.06563,0.08542,4.2299e+0,0.0000e+0,4.4975e+11
0.06771,0.08542,4.0161e+0,1.0882e+11,3.1405e+11
0.06979,0.08542,3.7938e+0,2.7717e+11,2.7446e+10
0.07187,0.08542,3.5868e+0,3.0888e+11,1.1279e+11
0.07396,0.08542,3.3841e+0,1.4805e+11,4.2463e+11
0.07604,0.08542,3.1530e+0,2.3447e+11,1.7672e+11
0.07813,0.08542,2.9250e+0,5.9378e+10,2.1125e+11
0.08021,0.08542,2.6893e+0,1.6152e+11,3.4657e+11
0.08229,0.08542,2.4471e+0,0.0000e+0,9.3299e+10
0.08438,0.08542,2.2073e+0,0.0000e+0,4.8596e+11
0.08646,0.08542,1.9436e+0,0.0000e+0,3.0849e+11
0.08854,0.08542,1.6680e+0,0.0000e+0,7.6686e+11
0.09062,0.08542,1.3475e+0,0.0000e+0,6.2085e+10
0.09271,0.08542,1.0333e+0,0.0000e+0,0.0000e+0
0.09479,0.08542,7.2839e-1,0.0000e+0,0.0000e+0
0.09688,0.08542,4.3153e-1,0.0000e+0,0.0000e+0
0.09896,0.08542,1.4175e-1,0.0000e+0,0.0000e+0
0.00104,0.08958,7.3245e+0,0.0000e+0,0.0000e+0
0.00313,0.08958,7.3236e+0,0.0000e+0,0.0000e+0
0.00521,0.08958,7.3230e+0,0.0000e+0,0.0000e+0
0.00729,0.08958,7.3258e+0,0.0000e+0,0.0000e+0
0.00937,0.08958,7.3392e+0,0.0000e+0,1.1917e+12
0.01146,0.08958,7.2938e+0,4.1964e+10,8.0940e+11
0.01354,0.08958,7.2230e+0,3.3274e+10,0.0000e+0
0.01563,0.08958,7.1666e+0,0.0000e+0,2.7809e+11
0.01771,0.08958,7.0967e+0,0.0000e+0,1.5058e+11
0.01979,0.08958,7.0231e+0,0.0000e+0,4.8797e+10
0.02187,0.08958,6.9581e+0,0.0000e+0,5.5545e+11
0.02396,0.08958,6.8743e+0,3.8801e+11,1.0086e+12
0.02604,0.08958,6.7687e+0,7.9453e+10,8.3746e+11
0.02813,0.08958,6.6413e+0,0.0000e+0,1.7383e+11
0.03021,0.08958,6.5287e+0,0.0000e+0,6.3166e+11
0.03229,0.08958,6.3931e+0,0.0000e+0,2.3514e+11
0.03438,0.08958,6.2563e+0,3.5162e+11,0.0000e+0
0.03646,0.08958,6.1554e+0,3.7939e+10,0.0000e+0
0.03854,0.08958,6.0606e+0,0.0000e+0,4.2183e+10
0.04063,0.08958,5.9688e+0,1.9574e+11,1.5266e+11
0.04271,0.08958,5.8892e+0,1.9884e+10,7.1484e+11
0.04479,0.08958,5.7694e+0,6.1845e+11,6.8956e+11
0.04688,0.08958,5.6499e+0,2.3212e+11,6.7967e+11
0.04896,0.08958,5.5077e+0,0.0000e+0,0.0000e+0
0.05104,0.08958,5.3728e+0,1.4951e+11,3.6402e+10
0.05312,0.08958,5.2512e+0,1.3727e+11,1.6320e+11
0.05521,0.08958,5.1318e+0,0.0000e+0,5.4072e+11
0.05729,0.08958,4.9809e+0,0.0000e+0,2.6685e+11
0.05937,0.08958,4.8217e+0,0.0000e+0,2.5088e+11
0.06146,0.08958,4.6558e+0,0.0000e+0,6.4389e+11
0.06354,0.08958,4.4536e+0,2.1762e+10,1.5650e+11
0.06563,0.08958,4.2496e+0,2.6645e+11,2.9532e+11
0.06771,0.08958,4.0472e+0,1.6251e+11,2.1914e+11
0.06979,0.08958,3.8465e+0,8.6867e+10,0.0000e+0
0.07187,0.08958,3.6632e+0,0.0000e+0,6.5932e+11
0.07396,0.08958,3.4469e+0,2.0424e+11,5.8508e+11
0.07604,0.08958,3.2121e+0,1.9439e+11,3.1764e+11
0.07813,0.08958,2.9738e+0,1.8438e+11,3.0956e+11
0.08021,0.08958,2.7290e+0,2.5395e+11,1.9278e+11
0.08229,0.08958,2.4861e+0,1.0604e+11,1.4412e+11
0.08438,0.08958,2.2363e+0,1.5050e+10,2.9946e+11
0.08646,0.08958,1.9691e+0,4.0021e+10,3.8402e+11
0.08854,0.08958,1.6851e+0,1.0187e+11,6.8716e+11
0.09062,0.08958,1.3678e+0,0.0000e+0,1.4307e+11
0.09271,0.08958,1.0491e+0,0.0000e+0,0.0000e+0
0.09479,0.08958,7.3948e-1,0.0000e+0,0.0000e+0
0.09688,0.08958,4.3806e-1,0.0000e+0,0.0000e+0
0.09896,0.08958,1.4389e-1,0.0000e+0,0.0000e+0
0.00104,0.09375,7.5038e+0,0.0000e+0,0.0000e+0
0.00313,0.09375,7.5004e+0,0.0000e+0,0.0000e+0
0.00521,0.09375,7.4934e+0,0.0000e+0,0.0000e+0
0.00729,0.09375,7.4820e+0,0.0000e+0,0.0000e+0
0.00937,0.09375,7.4652e+0,0.0000e+0,0.0000e+0
0.01146,0.09375,7.4401e+0,0.0000e+0,3.5805e+11
0.01354,0.09375,7.3908e+0,0.0000e+0,8.4897e+11
0.01563,0.09375,7.2910e+0,0.0000e+0,0.0000e+0
0.01771,0.09375,7.1974e+0,0.0000e+0,0.0000e+0
0.01979,0.09375,7.1073e+0,0.0000e+0,0.0000e+0
0.02187,0.09375,7.0190e+0,0.0000e+0,4.2507e+10
0.02396,0.09375,6.9273e+0,0.0000e+0,2.5201e+11
0.02604,0.09375,6.8190e+0,0.0000e+0,1.9868e+11
0.02813,0.09375,6.7015e+0,0.0000e+0,2.7288e+9
0.03021,0.09375,6.5873e+0,0.0000e+0,0.0000e+0
0.03229,0.09375,6.4683e+0,0.0000e+0,0.0000e+0
0.03438,0.09375,6.3435e+0,2.3297e+11,0.0000e+0
0.03646,0.09375,6.2335e+0,2.5137e+10,0.0000e+0
0.03854,0.09375,6.1218e+0,2.7216e+11,0.0000e+0
0.04063,0.09375,6.0287e+0,1.3728e+11,0.0000e+0
0.04271,0.09375,5.9456e+0,1.4707e+11,2.2163e+11
0.04479,0.09375,5.8630e+0,4.6393e+10,9.6435e+11
0.04688,0.09375,5.7325e+0,4.5682e+10,5.1665e+11
0.04896,0.09375,5.5839e+0,2.1310e+11,3.3186e+11
0.05104,0.09375,5.4354e+0,2.5092e+11,1.5952e+11
0.05312,0.09375,5.2910e+0,1.1398e+11,3.3180e+11
0.05521,0.09375,5.1274e+0,3.5527e+11,0.0000e+0
0.05729,0.09375,4.9789e+0,1.6755e+11,0.0000e+0
0.05937,0.09375,4.8307e+0,1.6328e+11,2.5422e+11
0.06146,0.09375,4.6672e+0,0.0000e+0,3.4155e+11
0.06354,0.09375,4.4762e+0,1.2221e+11,2.4215e+11
0.06563,0.09375,4.2791e+0,1.7458e+11,2.3815e+11
0.06771,0.09375,4.0797e+0,1.3397e+9,7.2745e+10
0.06979,0.09375,3.8789e+0,1.0264e+11,1.7912e+9
0.07187,0.09375,3.6876e+0,2.7389e+11,4.5436e+11
0.07396,0.09375,3.4832e+0,2.1920e+9,1.5964e+11
0.07604,0.09375,3.2728e+0,0.0000e+0,4.6371e+11
0.07813,0.09375,3.0370e+0,0.0000e+0,2.3677e+10
0.08021,0.09375,2.8088e+0,1.0294e+11,5.2491e+11
0.08229,0.09375,2.5595e+0,1.6123e+11,7.6212e+11
0.08438,0.09375,2.2731e+0,2.5806e+10,2.4589e+11
0.08646,0.09375,1.9766e+0,1.4732e+11,7.6142e+10
0.08854,0.09375,1.6842e+0,2.2106e+11,4.5108e+11
0.09062,0.09375,1.3779e+0,0.0000e+0,3.2768e+11
0.09271,0.09375,1.0566e+0,0.0000e+0,0.0000e+0
0.09479,0.09375,7.4478e-1,0.0000e+0,0.0000e+0
0.09688,0.09375,4.4121e-1,0.0000e+0,0.0000e+0
0.09896,0.09375,1.4492e-1,0.0000e+0,0.0000e+0
0.00104,0.09792,7.7127e+0,0.0000e+0,0.0000e+0
0.00313,0.09792,7.7082e+0,0.0000e+0,0.0000e+0
0.00521,0.09792,7.6970e+0,0.0000e+0,0.0000e+0
0.00729,0.09792,7.6752e+0,0.0000e+0,0.0000e+0
0.00937,0.09792,7.6425e+0,0.0000e+0,0.0000e+0
0.01146,0.09792,7.5985e+0,0.0000e+0,1.5598e+11
0.01354,0.09792,7.5395e+0,0.0000e+0,5.8138e+11
0.01563,0.09792,7.4424e+0,0.0000e+0,3.9489e+11
0.01771,0.09792,7.3280e+0,0.0000e+0,0.0000e+0
0.01979,0.09792,7.2217e+0,0.0000e+0,0.0000e+0
0.02187,0.09792,7.1143e+0,0.0000e+0,0.0000e+0
0.02396,0.09792,7.0024e+0,0.0000e+0,0.0000e+0
0.02604,0.09792,6.8798e+0,4.9322e+11,0.0000e+0
0.02813,0.09792,6.7822e+0,2.2003e+11,0.0000e+0
0.03021,0.09792,6.6968e+0,0.0000e+0,1.9618e+11
0.03229,0.09792,6.5987e+0,0.0000e+0,4.4287e+11
0.03438,0.09792,6.4715e+0,0.0000e+0,1.0397e+10
0.03646,0.09792,6.3485e+0,0.0000e+0,8.3831e+10
0.03854,0.09792,6.2190e+0,2.4879e+11,0.0000e+0
0.04063,0.09792,6.1035e+0,1.4581e+11,3.1409e+10
0.04271,0.09792,5.9897e+0,1.6225e+11,1.6311e+10
0.04479,0.09792,5.8817e+0,1.3515e+11,8.4649e+10
0.04688,0.09792,5.7702e+0,2.1115e+11,2.2412e+11
0.04896,0.09792,5.6602e+0,8.9260e+10,6.4841e+11
0.05104,0.09792,5.5154e+0,1.8235e+11,3.5131e+11
0.05312,0.09792,5.3626e+0,2.1030e+11,4.5773e+11
0.05521,0.09792,5.2009e+0,4.1777e+11,1.7156e+11
0.05729,0.09792,5.0626e+0,4.9615e+10,7.4047e+11
0.05937,0.09792,4.8861e+0,2.6244e+10,2.0045e+11
0.06146,0.09792,4.7056e+0,0.0000e+0,2.9133e+11
0.06354,0.09792,4.5124e+0,0.0000e+0,9.5331e+10
0.06563,0.09792,4.3231e+0,1.4202e+11,4.9273e+11
0.06771,0.09792,4.1208e+0,2.7847e+11,3.0839e+11
0.06979,0.09792,3.9261e+0,1.6133e+11,3.5404e+11
0.07187,0.09792,3.7291e+0,2.3942e+11,5.1297e+11
0.07396,0.09792,3.5200e+0,8.6575e+8,1.0578e+11
0.07604,0.09792,3.3138e+0,0.0000e+0,4.9455e+11
0.07813,0.09792,3.0871e+0,3.8946e+9,2.6843e+11
0.08021,0.09792,2.8641e+0,8.2629e+9,6.6958e+11
0.08229,0.09792,2.6172e+0,0.0000e+0,1.0443e+12
0.08438,0.09792,2.3136e+0,0.0000e+0,1.5708e+11
0.08646,0.09792,2.0127e+0,0.0000e+0,3.7016e+11
0.08854,0.09792,1.6995e+0,0.0000e+0,3.4039e+11
0.09062,0.09792,1.3739e+0,0.0000e+0,2.9093e+10
0.09271,0.09792,1.0549e+0,0.0000e+0,0.0000e+0
0.09479,0.09792,7.4411e-1,0.0000e+0,0.0000e+0
0.09688,0.09792,4.4101e-1,0.0000e+0,0.0000e+0
0.09896,0.09792,1.4489e-1,0.0000e+0,0.0000e+0
0.00104,0.10208,7.9592e+0,0.0000e+0,0.0000e+0
0.00313,0.10208,7.9628e+0,0.0000e+0,0.0000e+0
0.00521,0.10208,7.9680e+0,0.0000e+0,3.7393e+11
0.00729,0.10208,7.9430e+0,0.0000e+0,5.3167e+11
0.00937,0.10208,7.8991e+0,0.0000e+0,1.2934e+12
0.01146,0.10208,7.8049e+0,0.0000e+0,6.9092e+11
0.01354,0.10208,7.7056e+0,0.0000e+0,6.8200e+11
0.01563,0.10208,7.5954e+0,0.0000e+0,5.8396e+11
0.01771,0.10208,7.4775e+0,0.0000e+0,0.0000e+0
0.01979,0.10208,7.3856e+0,0.0000e+0,5.9224e+11
0.02187,0.10208,7.2688e+0,0.0000e+0,1.8122e+11
0.02396,0.10208,7.1618e+0,0.0000e+0,6.2007e+11
0.02604,0.10208,7.0323e+0,2.7581e+11,3.6033e+11
0.02813,0.10208,6.9136e+0,2.5783e+11,1.7875e+10
0.03021,0.10208,6.8212e+0,0.0000e+0,6.0689e+10
0.03229,0.10208,6.7356e+0,0.0000e+0,8.2477e+11
0.03438,0.10208,6.6093e+0,0.0000e+0,2.3234e+11
0.03646,0.10208,6.4924e+0,0.0000e+0,5.4278e+11
0.03854,0.10208,6.3635e+0,0.0000e+0,4.3600e+11
0.04063,0.10208,6.2294e+0,0.0000e+0,3.7356e+11
0.04271,0.10208,6.0868e+0,0.0000e+0,1.6886e+11
0.04479,0.10208,5.9466e+0,1.7010e+11,0.0000e+0
0.04688,0.10208,5.8255e+0,3.4536e+11,1.9747e+11
0.04896,0.10208,5.7249e+0,1.1847e+11,7.0787e+11
0.05104,0.10208,5.5962e+0,6.1032e+9,8.7321e+11
0.05312,0.10208,5.4256e+0,1.7124e+11,3.4815e+11
0.05521,0.10208,5.2661e+0,1.4233e+11,2.7483e+11
0.05729,0.10208,5.1147e+0,7.0707e+8,7.6693e+11
0.05937,0.10208,4.9245e+0,0.0000e+0,2.8998e+11
0.06146,0.10208,4.7284e+0,3.4666e+10,2.4424e+11
0.06354,0.10208,4.5283e+0,2.8507e+10,0.0000e+0
0.06563,0.10208,4.3411e+0,2.6178e+9,2.4688e+11
0.06771,0.10208,4.1423e+0,1.1749e+11,1.4380e+11
0.06979,0.10208,3.9479e+0,6.7733e+10,1.3369e+11
0.07187,0.10208,3.7516e+0,2.3712e+11,5.8409e+11
0.07396,0.10208,3.5378e+0,1.6780e+11,5.6604e+11
0.07604,0.10208,3.3047e+0,0.0000e+0,1.6558e+11
0.07813,0.10208,3.0655e+0,8.6300e+10,5.0284e+10
0.08021,0.10208,2.8340e+0,1.8309e+11,2.2969e+11
0.08229,0.10208,2.6018e+0,0.0000e+0,7.6144e+11
0.08438,0.10208,2.3236e+0,0.0000e+0,6.7437e+11
0.08646,0.10208,2.0115e+0,0.0000e+0,3.4098e+11
0.08854,0.10208,1.6876e+0,0.0000e+0,1.1080e+11
0.09062,0.10208,1.3642e+0,0.0000e+0,0.0000e+0
0.09271,0.10208,1.0483e+0,0.0000e+0,0.0000e+0
0.09479,0.10208,7.3985e-1,0.0000e+0,0.0000e+0
0.09688,0.10208,4.3862e-1,0.0000e+0,0.0000e+0
0.09896,0.10208,1.4413e-1,0.0000e+0,0.0000e+0
0.00104,0.10625,8.1741e+0,0.0000e+0,0.0000e+0
0.00313,0.10625,8.1997e+0,0.0000e+0,0.0000e+0
0.00521,0.10625,8.2580e+0,0.0000e+0,3.1885e+12
0.00729,0.10625,8.1592e+0,0.0000e+0,1.7425e+12
0.00937,0.10625,8.0125e+0,0.0000e+0,5.6403e+11
0.01146,0.10625,7.8852e+0,0.0000e+0,5.0702e+11
0.01354,0.10625,7.7651e+0,0.0000e+0,2.7093e+11
0.01563,0.10625,7.6570e+0,0.0000e+0,0.0000e+0
0.01771,0.10625,7.5733e+0,0.0000e+0,1.2337e+11
0.01979,0.10625,7.5068e+0,0.0000e+0,1.4009e+12
0.02187,0.10625,7.3701e+0,0.0000e+0,8.0986e+10
0.02396,0.10625,7.2571e+0,0.0000e+0,5.5306e+10
0.02604,0.10625,7.1587e+0,1.9297e+11,6.5186e+11
0.02813,0.10625,7.0501e+0,2.2393e+11,9.1048e+11
0.03021,0.10625,6.9234e+0,0.0000e+0,3.6268e+11
0.03229,0.10625,6.8037e+0,0.0000e+0,6.4958e+11
0.03438,0.10625,6.6664e+0,0.0000e+0,1.7428e+11
0.03646,0.10625,6.5413e+0,4.0761e+11,5.4974e+11
0.03854,0.10625,6.4208e+0,3.3423e+11,5.8020e+11
0.04063,0.10625,6.3002e+0,1.1638e+11,8.5899e+11
0.04271,0.10625,6.1486e+0,0.0000e+0,7.9892e+10
0.04479,0.10625,6.0122e+0,0.0000e+0,3.5411e+11
0.04688,0.10625,5.8692e+0,0.0000e+0,1.7458e+11
0.04896,0.10625,5.7264e+0,3.5564e+11,2.1815e+11
0.05104,0.10625,5.5966e+0,5.5319e+10,7.2163e+11
0.05312,0.10625,5.4262e+0,4.2092e+11,3.0470e+11
0.05521,0.10625,5.2715e+0,1.3271e+11,3.4579e+11
0.05729,0.10625,5.1061e+0,9.4996e+10,4.3093e+11
0.05937,0.10625,4.9227e+0,0.0000e+0,3.0508e+11
0.06146,0.10625,4.7284e+0,1.6228e+11,3.9525e+11
0.06354,0.10625,4.5296e+0,1.3345e+11,0.0000e+0
0.06563,0.10625,4.3536e+0,0.0000e+0,4.2157e+11
0.06771,0.10625,4.1638e+0,6.6654e+10,2.5945e+11
0.06979,0.10625,3.9762e+0,4.5716e+9,5.7972e+11
0.07187,0.10625,3.7593e+0,1.3552e+10,2.1854e+11
0.07396,0.10625,3.5303e+0,1.6393e+11,2.7913e+11
0.07604,0.10625,3.2944e+0,1.4331e+10,1.8143e+11
0.07813,0.10625,3.0504e+0,0.0000e+0,0.0000e+0
0.08021,0.10625,2.8100e+0,0.0000e+0,1.8753e+11
0.08229,0.10625,2.5576e+0,0.0000e+0,2.5737e+11
0.08438,0.10625,2.2867e+0,0.0000e+0,5.4544e+11
0.08646,0.10625,1.9807e+0,0.0000e+0,1.7820e+11
0.08854,0.10625,1.6693e+0,0.0000e+0,1.6588e+11
0.09062,0.10625,1.3539e+0,0.0000e+0,1.1300e+11
0.09271,0.10625,1.0396e+0,0.0000e+0,0.0000e+0
0.09479,0.10625,7.3364e-1,0.0000e+0,0.0000e+0
0.09688,0.10625,4.3495e-1,0.0000e+0,0.0000e+0
0.09896,0.10625,1.4293e-1,0.0000e+0,0.0000e+0
0.00104,0.11042,8.1855e+0,0.0000e+0,0.0000e+0
0.00313,0.11042,8.1939e+0,0.0000e+0,0.0000e+0
0.00521,0.11042,8.2075e+0,0.0000e+0,8.5742e+11
0.00729,0.11042,8.1604e+0,0.0000e+0,2.2542e+12
0.00937,0.11042,7.9931e+0,0.0000e+0,0.0000e+0
0.01146,0.11042,7.8670e+0,0.0000e+0,0.0000e+0
0.01354,0.11042,7.7625e+0,0.0000e+0,0.0000e+0
0.01563,0.11042,7.6717e+0,0.0000e+0,0.0000e+0
0.01771,0.11042,7.5965e+0,0.0000e+0,3.9259e+11
0.01979,0.11042,7.5120e+0,0.0000e+0,6.4943e+11
0.02187,0.11042,7.3981e+0,8.1583e+10,4.9103e+8
0.02396,0.11042,7.3137e+0,9.2310e+10,6.6979e+11
0.02604,0.11042,7.2104e+0,0.0000e+0,8.0953e+11
0.02813,0.11042,7.0698e+0,0.0000e+0,3.5664e+11
0.03021,0.11042,6.9176e+0,3.8597e+11,3.3346e+11
0.03229,0.11042,6.7716e+0,4.0206e+11,1.2551e+11
0.03438,0.11042,6.6512e+0,3.5221e+11,7.0199e+10
0.03646,0.11042,6.5489e+0,7.0361e+10,4.7291e+11
0.03854,0.11042,6.4276e+0,1.7031e+11,4.9846e+11
0.04063,0.11042,6.2958e+0,7.8521e+10,4.2115e+11
0.04271,0.11042,6.1533e+0,0.0000e+0,7.4000e+10
0.04479,0.11042,6.0186e+0,1.9316e+11,3.5112e+11
0.04688,0.11042,5.8830e+0,7.5647e+10,3.2597e+11
0.04896,0.11042,5.7399e+0,0.0000e+0,3.0983e+11
0.05104,0.11042,5.5855e+0,1.8372e+9,2.6069e+11
0.05312,0.11042,5.4214e+0,3.1355e+11,1.5269e+11
0.05521,0.11042,5.2771e+0,1.3799e+11,8.7521e+11
0.05729,0.11042,5.0913e+0,1.1606e+11,3.8313e+11
0.05937,0.11042,4.8951e+0,1.0545e+11,2.3638e+11
0.06146,0.11042,4.6946e+0,2.5613e+11,9.8977e+10
0.06354,0.11042,4.5105e+0,4.4178e+10,2.8001e+11
0.06563,0.11042,4.3139e+0,3.1671e+11,7.9487e+10
0.06771,0.11042,4.1342e+0,2.4226e+11,6.9592e+10
0.06979,0.11042,3.9663e+0,1.6616e+10,3.4159e+11
0.07187,0.11042,3.7788e+0,0.0000e+0,8.2094e+11
0.07396,0.11042,3.5404e+0,1.8206e+11,4.4222e+11
0.07604,0.11042,3.2919e+0,4.0598e+10,6.6307e+10
0.07813,0.11042,3.0463e+0,0.0000e+0,3.9467e+10
0.08021,0.11042,2.8013e+0,0.0000e+0,3.6382e+11
0.08229,0.11042,2.5328e+0,0.0000e+0,2.5510e+11
0.08438,0.11042,2.2470e+0,7.8095e+10,2.9076e+11
0.08646,0.11042,1.9457e+0,9.9291e+10,1.4347e+11
0.08854,0.11042,1.6442e+0,0.0000e+0,2.0393e+11
0.09062,0.11042,1.3326e+0,0.0000e+0,1.9926e+10
0.09271,0.11042,1.0257e+0,0.0000e+0,0.0000e+0
0.09479,0.11042,7.2481e-1,0.0000e+0,0.0000e+0
0.09688,0.11042,4.3007e-1,0.0000e+0,0.0000e+0
0.09896,0.11042,1.4137e-1,0.0000e+0,0.0000e+0
0.00104,0.11458,8.1301e+0,0.0000e+0,0.0000e+0
0.00313,0.11458,8.1383e+0,0.0000e+0,0.0000e+0
0.00521,0.11458,8.1578e+0,0.0000e+0,2.1680e+12
0.00729,0.11458,8.0562e+0,0.0000e+0,6.6300e+11
0.00937,0.11458,7.9387e+0,0.0000e+0,0.0000e+0
0.01146,0.11458,7.8465e+0,0.0000e+0,1.2835e+11
0.01354,0.11458,7.7654e+0,0.0000e+0,3.7895e+11
0.01563,0.11458,7.6678e+0,0.0000e+0,2.3065e+10
0.01771,0.11458,7.5717e+0,0.0000e+0,1.2245e+10
0.01979,0.11458,7.4725e+0,0.0000e+0,0.0000e+0
0.02187,0.11458,7.3693e+0,3.7561e+11,0.0000e+0
0.02396,0.11458,7.2922e+0,4.2500e+11,7.0361e+11
0.02604,0.11458,7.1957e+0,0.0000e+0,5.7847e+11
0.02813,0.11458,7.0677e+0,0.0000e+0,3.7286e+11
0.03021,0.11458,6.9285e+0,8.1484e+10,3.6123e+11
0.03229,0.11458,6.7853e+0,1.0870e+11,1.7240e+11
0.03438,0.11458,6.6566e+0,2.0369e+11,3.8376e+11
0.03646,0.11458,6.5290e+0,5.1453e+10,3.0023e+11
0.03854,0.11458,6.3969e+0,9.8932e+10,3.0649e+11
0.04063,0.11458,6.2598e+0,1.0774e+11,6.5412e+10
0.04271,0.11458,6.1309e+0,0.0000e+0,0.0000e+0
0.04479,0.11458,6.0037e+0,1.6147e+11,2.1699e+11
0.04688,0.11458,5.8750e+0,6.3238e+10,4.2832e+11
0.04896,0.11458,5.7260e+0,0.0000e+0,3.8532e+11
0.05104,0.11458,5.5587e+0,0.0000e+0,0.0000e+0
0.05312,0.11458,5.3987e+0,1.0643e+11,1.1853e+11
0.05521,0.11458,5.2458e+0,1.4286e+10,6.3362e+11
0.05729,0.11458,5.0564e+0,5.1531e+10,2.8222e+11
0.05937,0.11458,4.8590e+0,2.8479e+11,7.3697e+10
0.06146,0.11458,4.6826e+0,4.5649e+9,3.0601e+11
0.06354,0.11458,4.4932e+0,1.9244e+11,3.3473e+11
0.06563,0.11458,4.3048e+0,1.9727e+11,1.7676e+11
0.06771,0.11458,4.1303e+0,1.1432e+11,2.8834e+11
0.06979,0.11458,3.9599e+0,6.0327e+10,6.0512e+11
0.07187,0.11458,3.7685e+0,0.0000e+0,8.2168e+11
0.07396,0.11458,3.5334e+0,0.0000e+0,1.8668e+11
0.07604,0.11458,3.2988e+0,1.6705e+10,3.8349e+11
0.07813,0.11458,3.0537e+0,9.4945e+10,4.0632e+11
0.08021,0.11458,2.7986e+0,0.0000e+0,3.9113e+11
0.08229,0.11458,2.5254e+0,0.0000e+0,3.9433e+11
0.08438,0.11458,2.2297e+0,9.1682e+10,1.6275e+11
0.08646,0.11458,1.9300e+0,7.5365e+10,1.8356e+11
0.08854,0.11458,1.6236e+0,1.1918e+11,1.2264e+11
0.09062,0.11458,1.3154e+0,9.2850e+10,8.5837e+9
0.09271,0.11458,1.0145e+0,0.0000e+0,0.0000e+0
0.09479,0.11458,7.1771e-1,0.0000e+0,0.0000e+0
0.09688,0.11458,4.2609e-1,0.0000e+0,0.0000e+0
0.09896,0.11458,1.4010e-1,0.0000e+0,0.0000e+0
0.00104,0.11875,8.0104e+0,0.0000e+0,0.0000e+0
0.00313,0.11875,8.0006e+0,0.0000e+0,0.0000e+0
0.00521,0.11875,7.9776e+0,0.0000e+0,0.0000e+0
0.00729,0.11875,7.9323e+0,0.0000e+0,0.0000e+0
0.00937,0.11875,7.8761e+0,0.0000e+0,1.6668e+11
0.01146,0.11875,7.8047e+0,1.0653e+12,5.8438e+11
0.01354,0.11875,7.7705e+0,3.1716e+11,9.0643e+11
0.01563,0.11875,7.7025e+0,0.0000e+0,8.7180e+11
0.01771,0.11875,7.6008e+0,0.0000e+0,4.6282e+11
0.01979,0.11875,7.4916e+0,0.0000e+0,0.0000e+0
0.02187,0.11875,7.3988e+0,0.0000e+0,3.6404e+11
0.02396,0.11875,7.2881e+0,0.0000e+0,2.3788e+11
0.02604,0.11875,7.1612e+0,0.0000e+0,1.0404e+10
0.02813,0.11875,7.0324e+0,0.0000e+0,0.0000e+0
0.03021,0.11875,6.9040e+0,0.0000e+0,1.2972e+11
0.03229,0.11875,6.7681e+0,7.3914e+10,6.2826e+10
0.03438,0.11875,6.6349e+0,4.3852e+11,7.2032e+11
0.03646,0.11875,6.4787e+0,6.1973e+11,4.2466e+10
0.03854,0.11875,6.3473e+0,6.1996e+11,4.2891e+10
0.04063,0.11875,6.2431e+0,2.6167e+11,2.6121e+11
0.04271,0.11875,6.1265e+0,0.0000e+0,1.3696e+10
0.04479,0.11875,5.9986e+0,0.0000e+0,8.7547e+10
0.04688,0.11875,5.8587e+0,3.1152e+10,4.3029e+11
0.04896,0.11875,5.6914e+0,8.8108e+10,4.3881e+10
0.05104,0.11875,5.5296e+0,0.0000e+0,0.0000e+0
0.05312,0.11875,5.3710e+0,0.0000e+0,2.4102e+11
0.05521,0.11875,5.1964e+0,8.1679e+10,1.1693e+11
0.05729,0.11875,5.0117e+0,1.5275e+11,1.1422e+11
0.05937,0.11875,4.8255e+0,3.4411e+11,7.3426e+10
0.06146,0.11875,4.6512e+0,0.0000e+0,1.1862e+11
0.06354,0.11875,4.4604e+0,1.5462e+11,1.8603e+11
0.06563,0.11875,4.2624e+0,4.1507e+11,2.2810e+11
0.06771,0.11875,4.0735e+0,3.6404e+11,2.3293e+11
0.06979,0.11875,3.8908e+0,6.2269e+10,1.8678e+11
0.07187,0.11875,3.6997e+0,0.0000e+0,2.8736e+11
0.07396,0.11875,3.4920e+0,1.7026e+11,6.1050e+11
0.07604,0.11875,3.2609e+0,3.3141e+11,4.6187e+11
0.07813,0.11875,3.0288e+0,1.4980e+11,6.6609e+11
0.08021,0.11875,2.7733e+0,0.0000e+0,2.9591e+11
0.08229,0.11875,2.5123e+0,0.0000e+0,4.4309e+11
0.08438,0.11875,2.2356e+0,2.2609e+11,7.8155e+11
0.08646,0.11875,1.9363e+0,2.6403e+11,4.6878e+11
0.08854,0.11875,1.6381e+0,2.1891e+10,4.8977e+11
0.09062,0.11875,1.3212e+0,1.6779e+10,5.3827e+10
0.09271,0.11875,1.0141e+0,0.0000e+0,0.0000e+0
0.09479,0.11875,7.1572e-1,0.0000e+0,0.0000e+0
0.09688,0.11875,4.2443e-1,0.0000e+0,0.0000e+0
0.09896,0.11875,1.3949e-1,0.0000e+0,0.0000e+0
0.00104,0.12292,7.9700e+0,0.0000e+0,0.0000e+0
0.00313,0.12292,7.9599e+0,0.0000e+0,0.0000e+0
0.00521,0.12292,7.9396e+0,0.0000e+0,0.0000e+0
0.00729,0.12292,7.9104e+0,0.0000e+0,0.0000e+0
0.00937,0.12292,7.8787e+0,0.0000e+0,6.2069e+11
0.01146,0.12292,7.8116e+0,3.8048e+11,1.0329e+12
0.01354,0.12292,7.7225e+0,1.1328e+11,0.0000e+0
0.01563,0.12292,7.6437e+0,0.0000e+0,0.0000e+0
0.01771,0.12292,7.5637e+0,0.0000e+0,0.0000e+0
0.01979,0.12292,7.4876e+0,0.0000e+0,0.0000e+0
0.02187,0.12292,7.4243e+0,0.0000e+0,9.3182e+11
0.02396,0.12292,7.3150e+0,0.0000e+0,7.5477e+11
0.02604,0.12292,7.1720e+0,0.0000e+0,1.3332e+11
0.02813,0.12292,7.0339e+0,0.0000e+0,0.0000e+0
0.03021,0.12292,6.9054e+0,0.0000e+0,0.0000e+0
0.03229,0.12292,6.7788e+0,0.0000e+0,0.0000e+0
0.03438,0.12292,6.6509e+0,0.0000e+0,0.0000e+0
0.03646,0.12292,6.5209e+0,1.2610e+11,0.0000e+0
0.03854,0.12292,6.4038e+0,1.2013e+11,3.5798e+10
0.04063,0.12292,6.3020e+0,0.0000e+0,2.6511e+11
0.04271,0.12292,6.1871e+0,0.0000e+0,5.9733e+11
0.04479,0.12292,6.0389e+0,8.8719e+10,5.7990e+11
0.04688,0.12292,5.8586e+0,2.7586e+11,4.1429e+11
0.04896,0.12292,5.6748e+0,3.4443e+11,0.0000e+0
0.05104,0.12292,5.5133e+0,7.5830e+10,0.0000e+0
0.05312,0.12292,5.3583e+0,2.5048e+11,2.3820e+11
0.05521,0.12292,5.1989e+0,2.0926e+11,4.9369e+11
0.05729,0.12292,5.0143e+0,3.8460e+11,4.1693e+10
0.05937,0.12292,4.8568e+0,4.2941e+10,4.7544e+11
0.06146,0.12292,4.6735e+0,0.0000e+0,3.2786e+11
0.06354,0.12292,4.4739e+0,3.2290e+10,2.5336e+11
0.06563,0.12292,4.2640e+0,9.8591e+10,1.6477e+11
0.06771,0.12292,4.0537e+0,4.7718e+10,1.2193e+11
0.06979,0.12292,3.8427e+0,2.2776e+11,2.4146e+11
0.07187,0.12292,3.6300e+0,3.0973e+11,1.7955e+11
0.07396,0.12292,3.4266e+0,8.0563e+10,3.8133e+11
0.07604,0.12292,3.2072e+0,6.7228e+10,5.4625e+11
0.07813,0.12292,2.9617e+0,2.5623e+10,2.0555e+11
0.08021,0.12292,2.7045e+0,1.5729e+11,4.7836e+10
0.08229,0.12292,2.4496e+0,2.3947e+11,2.9416e+11
0.08438,0.12292,2.1846e+0,2.0969e+10,2.0722e+11
0.08646,0.12292,1.9025e+0,1.8960e+11,3.2065e+11
0.08854,0.12292,1.6105e+0,6.5443e+8,1.9471e+11
0.09062,0.12292,1.3060e+0,0.0000e+0,0.0000e+0
0.09271,0.12292,1.0059e+0,0.0000e+0,0.0000e+0
0.09479,0.12292,7.1122e-1,0.0000e+0,0.0000e+0
0.09688,0.12292,4.2214e-1,0.0000e+0,0.0000e+0
0.09896,0.12292,1.3879e-1,0.0000e+0,0.0000e+0
0.00104,0.12708,8.0103e+0,0.0000e+0,0.0000e+0
0.00313,0.12708,8.0000e+0,0.0000e+0,0.0000e+0
0.00521,0.12708,7.9767e+0,0.0000e+0,0.0000e+0
0.00729,0.12708,7.9335e+0,0.0000e+0,0.0000e+0
0.00937,0.12708,7.8715e+0,0.0000e+0,0.0000e+0
0.01146,0.12708,7.7971e+0,0.0000e+0,0.0000e+0
0.01354,0.12708,7.7154e+0,0.0000e+0,0.0000e+0
0.01563,0.12708,7.6318e+0,0.0000e+0,0.0000e+0
0.01771,0.12708,7.5470e+0,0.0000e+0,0.0000e+0
0.01979,0.12708,7.4616e+0,0.0000e+0,0.0000e+0
0.02187,0.12708,7.3749e+0,0.0000e+0,0.0000e+0
0.02396,0.12708,7.2835e+0,0.0000e+0,3.4009e+11
0.02604,0.12708,7.1663e+0,0.0000e+0,1.7396e+11
0.02813,0.12708,7.0368e+0,4.1966e+11,0.0000e+0
0.03021,0.12708,6.9342e+0,9.4053e+10,5.5572e+10
0.03229,0.12708,6.8276e+0,0.0000e+0,1.0511e+11
0.03438,0.12708,6.7063e+0,0.0000e+0,0.0000e+0
0.03646,0.12708,6.5800e+0,1.7994e+11,0.0000e+0
0.03854,0.12708,6.4607e+0,1.7143e+11,5.4623e+10
0.04063,0.12708,6.3519e+0,1.4332e+11,5.9904e+11
0.04271,0.12708,6.2186e+0,1.2832e+11,3.7992e+11
0.04479,0.12708,6.0768e+0,6.7709e+10,9.0966e+11
0.04688,0.12708,5.8825e+0,1.4210e+11,2.1561e+11
0.04896,0.12708,5.6883e+0,4.6824e+11,0.0000e+0
0.05104,0.12708,5.5253e+0,3.2956e+11,0.0000e+0
0.05312,0.12708,5.3859e+0,1.1835e+11,3.9763e+11
0.05521,0.12708,5.2308e+0,2.4728e+11,6.4267e+11
0.05729,0.12708,5.0583e+0,0.0000e+0,3.1889e+11
0.05937,0.12708,4.8724e+0,0.0000e+0,8.7150e+10
0.06146,0.12708,4.6843e+0,0.0000e+0,1.8678e+11
0.06354,0.12708,4.4839e+0,1.4165e+11,3.7162e+11
0.06563,0.12708,4.2665e+0,2.9130e+11,4.0452e+11
0.06771,0.12708,4.0403e+0,2.9392e+11,2.3959e+11
0.06979,0.12708,3.8159e+0,3.0823e+11,2.8414e+11
0.07187,0.12708,3.5895e+0,2.5990e+11,1.8626e+11
0.07396,0.12708,3.3588e+0,4.5958e+11,1.3529e+11
0.07604,0.12708,3.1362e+0,2.3354e+11,4.9791e+10
0.07813,0.12708,2.9106e+0,1.8279e+11,7.6991e+10
0.08021,0.12708,2.6829e+0,3.6517e+11,5.2245e+11
0.08229,0.12708,2.4419e+0,1.5994e+11,5.7993e+11
0.08438,0.12708,2.1722e+0,0.0000e+0,1.0967e+11
0.08646,0.12708,1.8940e+0,3.3791e+10,2.3716e+11
0.08854,0.12708,1.5997e+0,1.1322e+11,1.5199e+11
0.09062,0.12708,1.3004e+0,0.0000e+0,0.0000e+0
0.09271,0.12708,1.0032e+0,0.0000e+0,0.0000e+0
0.09479,0.12708,7.0987e-1,0.0000e+0,0.0000e+0
0.09688,0.12708,4.2153e-1,0.0000e+0,0.0000e+0
0.09896,0.12708,1.3862e-1,0.0000e+0,0.0000e+0
0.00104,0.13125,8.1326e+0,0.0000e+0,0.0000e+0
0.00313,0.13125,8.1362e+0,0.0000e+0,0.0000e+0
0.00521,0.13125,8.1463e+0,0.0000e+0,1.1811e+12
0.00729,0.13125,8.0926e+0,0.0000e+0,1.2344e+12
0.00937,0.13125,7.9744e+0,0.0000e+0,0.0000e+0
0.01146,0.13125,7.8681e+0,0.0000e+0,0.0000e+0
0.01354,0.13125,7.7665e+0,0.0000e+0,0.0000e+0
0.01563,0.13125,7.6691e+0,0.0000e+0,0.0000e+0
0.01771,0.13125,7.5735e+0,0.0000e+0,0.0000e+0
0.01979,0.13125,7.4773e+0,0.0000e+0,0.0000e+0
0.02187,0.13125,7.3786e+0,1.4679e+11,0.0000e+0
0.02396,0.13125,7.2849e+0,1.4084e+11,0.0000e+0
0.02604,0.13125,7.1944e+0,0.0000e+0,0.0000e+0
0.02813,0.13125,7.0998e+0,2.2212e+11,0.0000e+0
0.03021,0.13125,7.0233e+0,4.9780e+10,3.4124e+11
0.03229,0.13125,6.9314e+0,0.0000e+0,5.0759e+11
0.03438,0.13125,6.8116e+0,0.0000e+0,1.6969e+11
0.03646,0.13125,6.6834e+0,0.0000e+0,3.0171e+11
0.03854,0.13125,6.5369e+0,0.0000e+0,7.5254e+10
0.04063,0.13125,6.3860e+0,1.4065e+11,2.1436e+11
0.04271,0.13125,6.2266e+0,3.6909e+11,6.5195e+10
0.04479,0.13125,6.0850e+0,9.1089e+10,3.5689e+11
0.04688,0.13125,5.9211e+0,0.0000e+0,2.0950e+11
0.04896,0.13125,5.7500e+0,0.0000e+0,1.5323e+11
0.05104,0.13125,5.5797e+0,0.0000e+0,1.1768e+11
0.05312,0.13125,5.4109e+0,8.4542e+10,1.4543e+11
0.05521,0.13125,5.2393e+0,2.8092e+11,8.2234e+10
0.05729,0.13125,5.0823e+0,0.0000e+0,4.9373e+11
0.05937,0.13125,4.8957e+0,1.4776e+11,1.9405e+11
0.06146,0.13125,4.7120e+0,6.7307e+10,3.2905e+11
0.06354,0.13125,4.5228e+0,2.9345e+10,8.2090e+11
0.06563,0.13125,4.2945e+0,6.5647e+10,3.7742e+11
0.06771,0.13125,4.0578e+0,4.0740e+11,1.8181e+11
0.06979,0.13125,3.8454e+0,1.1010e+11,4.4387e+11
0.07187,0.13125,3.6143e+0,2.6897e+11,2.4528e+11
0.07396,0.13125,3.3870e+0,1.5285e+11,3.3695e+11
0.07604,0.13125,3.1506e+0,2.4291e+11,1.3035e+11
0.07813,0.13125,2.9266e+0,2.4059e+10,2.0772e+11
0.08021,0.13125,2.6927e+0,1.0358e+10,2.2875e+11
0.08229,0.13125,2.4463e+0,8.1119e+9,2.2000e+11
0.08438,0.13125,2.1867e+0,0.0000e+0,2.1457e+11
0.08646,0.13125,1.9153e+0,6.8557e+10,4.5336e+11
0.08854,0.13125,1.6229e+0,1.4696e+11,4.7486e+11
0.09062,0.13125,1.3143e+0,0.0000e+0,2.9728e+10
0.09271,0.13125,1.0110e+0,0.0000e+0,0.0000e+0
0.09479,0.13125,7.1429e-1,0.0000e+0,0.0000e+0
0.09688,0.13125,4.2381e-1,0.0000e+0,0.0000e+0
0.09896,0.13125,1.3932e-1,0.0000e+0,0.0000e+0
0.00104,0.13542,8.2259e+0,0.0000e+0,0.0000e+0
0.00313,0.13542,8.2283e+0,0.0000e+0,0.0000e+0
0.00521,0.13542,8.2358e+0,0.0000e+0,5.6456e+11
0.00729,0.13542,8.2201e+0,0.0000e+0,1.6019e+12
0.00937,0.13542,8.1286e+0,0.0000e+0,1.2690e+12
0.01146,0.13542,7.9966e+0,0.0000e+0,5.8944e+11
0.01354,0.13542,7.8621e+0,0.0000e+0,0.0000e+0
0.01563,0.13542,7.7513e+0,0.0000e+0,0.0000e+0
0.01771,0.13542,7.6477e+0,0.0000e+0,0.0000e+0
0.01979,0.13542,7.5443e+0,0.0000e+0,0.0000e+0
0.02187,0.13542,7.4374e+0,3.5240e+11,0.0000e+0
0.02396,0.13542,7.3494e+0,3.3812e+11,2.4561e+11
0.02604,0.13542,7.2684e+0,0.0000e+0,2.1537e+11
0.02813,0.13542,7.1796e+0,0.0000e+0,9.6289e+9
0.03021,0.13542,7.1063e+0,0.0000e+0,5.3870e+11
0.03229,0.13542,7.0146e+0,0.0000e+0,2.4644e+11
0.03438,0.13542,6.9275e+0,0.0000e+0,9.3885e+11
0.03646,0.13542,6.7965e+0,0.0000e+0,6.5852e+11
0.03854,0.13542,6.6393e+0,0.0000e+0,3.9370e+11
0.04063,0.13542,6.4683e+0,0.0000e+0,1.5324e+11
0.04271,0.13542,6.2908e+0,1.3330e+11,2.0509e+10
0.04479,0.13542,6.1228e+0,1.7144e+11,1.0758e+11
0.04688,0.13542,5.9528e+0,3.3595e+11,2.6053e+11
0.04896,0.13542,5.7893e+0,0.0000e+0,1.4918e+11
0.05104,0.13542,5.6190e+0,1.2498e+11,1.9130e+11
0.05312,0.13542,5.4530e+0,4.0557e+11,7.4681e+11
0.05521,0.13542,5.2704e+0,2.3876e+11,2.0754e+11
0.05729,0.13542,5.0943e+0,2.6325e+11,3.3215e+11
0.05937,0.13542,4.9097e+0,1.0856e+11,2.8540e+11
0.06146,0.13542,4.7083e+0,1.2709e+11,2.2705e+11
0.06354,0.13542,4.4929e+0,4.4161e+11,1.2680e+11
0.06563,0.13542,4.2880e+0,7.7616e+10,6.0452e+10
0.06771,0.13542,4.0787e+0,4.8255e+10,1.2590e+10
0.06979,0.13542,3.8708e+0,1.6125e+9,1.7060e+11
0.07187,0.13542,3.6501e+0,1.6113e+10,1.3921e+11
0.07396,0.13542,3.4245e+0,6.3847e+10,4.3276e+11
0.07604,0.13542,3.1777e+0,3.3102e+11,1.1744e+11
0.07813,0.13542,2.9498e+0,0.0000e+0,2.1057e+11
0.08021,0.13542,2.7065e+0,6.4693e+10,6.0071e+10
0.08229,0.13542,2.4607e+0,1.9839e+11,2.8986e+11
0.08438,0.13542,2.2071e+0,0.0000e+0,3.7016e+11
0.08646,0.13542,1.9313e+0,5.9682e+10,4.7914e+11
0.08854,0.13542,1.6336e+0,8.7463e+10,3.1992e+11
0.09062,0.13542,1.3262e+0,0.0000e+0,1.0056e+11
0.09271,0.13542,1.0192e+0,0.0000e+0,0.0000e+0
0.09479,0.13542,7.1967e-1,0.0000e+0,0.0000e+0
0.09688,0.13542,4.2684e-1,0.0000e+0,0.0000e+0
0.09896,0.13542,1.4029e-1,0.0000e+0,0.0000e+0
0.00104,0.13958,8.3001e+0,0.0000e+0,0.0000e+0
0.00313,0.13958,8.2861e+0,0.0000e+0,0.0000e+0
0.00521,0.13958,8.2468e+0,0.0000e+0,0.0000e+0
0.00729,0.13958,8.2090e+0,0.0000e+0,5.0610e+11
0.00937,0.13958,8.1462e+0,0.0000e+0,8.7449e+11
0.01146,0.13958,8.0472e+0,0.0000e+0,5.9974e+11
0.01354,0.13958,7.9385e+0,0.0000e+0,0.0000e+0
0.01563,0.13958,7.8615e+0,0.0000e+0,6.3502e+11
0.01771,0.13958,7.7702e+0,0.0000e+0,6.1175e+11
0.01979,0.13958,7.6688e+0,0.0000e+0,5.7013e+11
0.02187,0.13958,7.5612e+0,0.0000e+0,4.4678e+11
0.02396,0.13958,7.4576e+0,0.0000e+0,7.4198e+11
0.02604,0.13958,7.3333e+0,0.0000e+0,2.0429e+11
0.02813,0.13958,7.2186e+0,1.7815e+10,1.4747e+11
0.03021,0.13958,7.1167e+0,4.7918e+11,5.5861e+11
0.03229,0.13958,7.0245e+0,7.7117e+9,2.3013e+10
0.03438,0.13958,6.9504e+0,0.0000e+0,8.1175e+11
0.03646,0.13958,6.8405e+0,0.0000e+0,7.3198e+11
0.03854,0.13958,6.7086e+0,0.0000e+0,6.3724e+11
0.04063,0.13958,6.5644e+0,0.0000e+0,9.2601e+11
0.04271,0.13958,6.3879e+0,0.0000e+0,5.0111e+11
0.04479,0.13958,6.2041e+0,6.9099e+9,3.1611e+11
0.04688,0.13958,6.0201e+0,1.9105e+10,1.3756e+11
0.04896,0.13958,5.8381e+0,0.0000e+0,9.0280e+10
0.05104,0.13958,5.6526e+0,2.9756e+11,0.0000e+0
0.05312,0.13958,5.4887e+0,1.0974e+10,1.9953e+11
0.05521,0.13958,5.3101e+0,1.0589e+11,3.5895e+10
0.05729,0.13958,5.1385e+0,3.9170e+11,5.2686e+11
0.05937,0.13958,4.9612e+0,1.7732e+11,5.2243e+11
0.06146,0.13958,4.7612e+0,3.6891e+11,6.1122e+11
0.06354,0.13958,4.5477e+0,9.3575e+10,6.6953e+10
0.06563,0.13958,4.3378e+0,5.7033e+10,0.0000e+0
0.06771,0.13958,4.1323e+0,4.2383e+9,1.0331e+11
0.06979,0.13958,3.9187e+0,0.0000e+0,1.9444e+11
0.07187,0.13958,3.6928e+0,0.0000e+0,1.4984e+11
0.07396,0.13958,3.4585e+0,4.8709e+9,5.9904e+10
0.07604,0.13958,3.2222e+0,3.1237e+10,3.7302e+10
0.07813,0.13958,2.9930e+0,0.0000e+0,2.7360e+11
0.08021,0.13958,2.7555e+0,1.6205e+11,5.1680e+11
0.08229,0.13958,2.5068e+0,5.8309e+10,6.8590e+11
0.08438,0.13958,2.2268e+0,0.0000e+0,3.1767e+11
0.08646,0.13958,1.9321e+0,0.0000e+0,4.6853e+10
0.08854,0.13958,1.6355e+0,0.0000e+0,1.3570e+11
0.09062,0.13958,1.3325e+0,0.0000e+0,1.4348e+11
0.09271,0.13958,1.0251e+0,0.0000e+0,0.0000e+0
0.09479,0.13958,7.2422e-1,0.0000e+0,0.0000e+0
0.09688,0.13958,4.2966e-1,0.0000e+0,0.0000e+0
0.09896,0.13958,1.4123e-1,0.0000e+0,0.0000e+0
0.00104,0.14375,8.4848e+0,0.0000e+0,0.0000e+0
0.00313,0.14375,8.5174e+0,0.0000e+0,4.7956e+12
0.00521,0.14375,8.3143e+0,0.0000e+0,4.6638e+10
0.00729,0.14375,8.1963e+0,0.0000e+0,0.0000e+0
0.00937,0.14375,8.1061e+0,0.0000e+0,0.0000e+0
0.01146,0.14375,8.0232e+0,0.0000e+0,0.0000e+0
0.01354,0.14375,7.9450e+0,0.0000e+0,0.0000e+0
0.01563,0.14375,7.8745e+0,0.0000e+0,3.3822e+11
0.01771,0.14375,7.7858e+0,0.0000e+0,2.3996e+11
0.01979,0.14375,7.6833e+0,0.0000e+0,1.6253e+11
0.02187,0.14375,7.5691e+0,6.8131e+10,8.6784e+9
0.02396,0.14375,7.4553e+0,1.6277e+11,9.8870e+9
0.02604,0.14375,7.3342e+0,0.0000e+0,0.0000e+0
0.02813,0.14375,7.1917e+0,5.3327e+11,4.4725e+10
0.03021,0.14375,7.0628e+0,9.8209e+11,1.0133e+11
0.03229,0.14375,6.9785e+0,8.9982e+10,0.0000e+0
0.03438,0.14375,6.8841e+0,6.1624e+10,8.7353e+10
0.03646,0.14375,6.7699e+0,3.0345e+11,8.4891e+10
0.03854,0.14375,6.6570e+0,0.0000e+0,2.1429e+10
0.04063,0.14375,6.5312e+0,0.0000e+0,1.2363e+11
0.04271,0.14375,6.3917e+0,3.2258e+10,4.5611e+11
0.04479,0.14375,6.2237e+0,4.3017e+11,2.6018e+11
0.04688,0.14375,6.0780e+0,1.4206e+11,7.3408e+11
0.04896,0.14375,5.9048e+0,0.0000e+0,3.8853e+11
0.05104,0.14375,5.7205e+0,0.0000e+0,1.6508e+10
0.05312,0.14375,5.5475e+0,0.0000e+0,1.3020e+11
0.05521,0.14375,5.3699e+0,0.0000e+0,4.6699e+10
0.05729,0.14375,5.1927e+0,0.0000e+0,1.0285e+10
0.05937,0.14375,5.0162e+0,4.2156e+10,2.3144e+11
0.06146,0.14375,4.8260e+0,1.0677e+11,3.8902e+11
0.06354,0.14375,4.6201e+0,1.4723e+10,1.4280e+11
0.06563,0.14375,4.4109e+0,2.5992e+11,2.1045e+11
0.06771,0.14375,4.2135e+0,1.9316e+10,6.4159e+11
0.06979,0.14375,3.9805e+0,0.0000e+0,1.1646e+11
0.07187,0.14375,3.7490e+0,0.0000e+0,2.3778e+11
0.07396,0.14375,3.5095e+0,0.0000e+0,2.6468e+11
0.07604,0.14375,3.2597e+0,8.3659e+8,1.4501e+11
0.07813,0.14375,3.0081e+0,3.6619e+10,5.8970e+10
0.08021,0.14375,2.7593e+0,1.2955e+11,1.7065e+11
0.08229,0.14375,2.5084e+0,3.5543e+10,3.7891e+11
0.08438,0.14375,2.2337e+0,1.5548e+11,3.1874e+11
0.08646,0.14375,1.9544e+0,0.0000e+0,4.5753e+11
0.08854,0.14375,1.6485e+0,0.0000e+0,9.0370e+10
0.09062,0.14375,1.3394e+0,0.0000e+0,3.9948e+9
0.09271,0.14375,1.0321e+0,0.0000e+0,0.0000e+0
0.09479,0.14375,7.2974e-1,0.0000e+0,0.0000e+0
0.09688,0.14375,4.3306e-1,0.0000e+0,0.0000e+0
0.09896,0.14375,1.4236e-1,0.0000e+0,0.0000e+0
0.00104,0.14792,8.4103e+0,0.0000e+0,0.0000e+0
0.00313,0.14792,8.4130e+0,0.0000e+0,2.2565e+12
0.00521,0.14792,8.2827e+0,0.0000e+0,2.1945e+10
0.00729,0.14792,8.1912e+0,0.0000e+0,0.0000e+0
0.00937,0.14792,8.1133e+0,0.0000e+0,0.0000e+0
0.01146,0.14792,8.0387e+0,0.0000e+0,0.0000e+0
0.01354,0.14792,7.9666e+0,0.0000e+0,0.0000e+0
0.01563,0.14792,7.8963e+0,0.0000e+0,0.0000e+0
0.01771,0.14792,7.8264e+0,0.0000e+0,2.6534e+11
0.01979,0.14792,7.7390e+0,9.4918e+10,2.1154e+11
0.02187,0.14792,7.6527e+0,2.3239e+11,4.7446e+11
0.02396,0.14792,7.5704e+0,5.1351e+11,1.0004e+12
0.02604,0.14792,7.4625e+0,0.0000e+0,1.0191e+12
0.02813,0.14792,7.3099e+0,1.2707e+11,3.8298e+11
0.03021,0.14792,7.1703e+0,2.6954e+10,4.2410e+11
0.03229,0.14792,7.0352e+0,0.0000e+0,1.3552e+11
0.03438,0.14792,6.9094e+0,4.3073e+10,1.0044e+11
0.03646,0.14792,6.7867e+0,2.1210e+11,1.6520e+11
0.03854,0.14792,6.6761e+0,0.0000e+0,4.9119e+11
0.04063,0.14792,6.5410e+0,0.0000e+0,3.5415e+11
0.04271,0.14792,6.3985e+0,1.1795e+10,4.0813e+11
0.04479,0.14792,6.2467e+0,2.2251e+11,6.2379e+11
0.04688,0.14792,6.0890e+0,1.4965e+11,5.0776e+11
0.04896,0.14792,5.9247e+0,0.0000e+0,1.2608e+11
0.05104,0.14792,5.7668e+0,2.0423e+11,3.8607e+11
0.05312,0.14792,5.6117e+0,6.7885e+10,4.8164e+11
0.05521,0.14792,5.4403e+0,0.0000e+0,2.0983e+11
0.05729,0.14792,5.2661e+0,0.0000e+0,2.0670e+11
0.05937,0.14792,5.0897e+0,0.0000e+0,3.4766e+11
0.06146,0.14792,4.8986e+0,0.0000e+0,4.1410e+11
0.06354,0.14792,4.6913e+0,0.0000e+0,3.2940e+11
0.06563,0.14792,4.4779e+0,0.0000e+0,1.3184e+11
0.06771,0.14792,4.2714e+0,2.5645e+10,6.9216e+11
0.06979,0.14792,4.0275e+0,2.9845e+11,4.2471e+11
0.07187,0.14792,3.7900e+0,2.1680e+11,4.5224e+11
0.07396,0.14792,3.5462e+0,0.0000e+0,3.4621e+11
0.07604,0.14792,3.2865e+0,6.1245e+10,1.1605e+11
0.07813,0.14792,3.0301e+0,3.6169e+11,2.7843e+11
0.08021,0.14792,2.7876e+0,1.1951e+11,5.4302e+11
0.08229,0.14792,2.5240e+0,8.5632e+10,4.7599e+11
0.08438,0.14792,2.2366e+0,2.3463e+11,4.8888e+10
0.08646,0.14792,1.9673e+0,0.0000e+0,4.1003e+11
0.08854,0.14792,1.6750e+0,0.0000e+0,3.6741e+11
0.09062,0.14792,1.3657e+0,0.0000e+0,2.7179e+11
0.09271,0.14792,1.0474e+0,0.0000e+0,0.0000e+0
0.09479,0.14792,7.3867e-1,0.0000e+0,0.0000e+0
0.09688,0.14792,4.3779e-1,0.0000e+0,0.0000e+0
0.09896,0.14792,1.4384e-1,0.0000e+0,0.0000e+0
0.00104,0.15208,8.3138e+0,0.0000e+0,0.0000e+0
0.00313,0.15208,8.3003e+0,0.0000e+0,0.0000e+0
0.00521,0.15208,8.2673e+0,0.0000e+0,0.0000e+0
0.00729,0.15208,8.2293e+0,0.0000e+0,1.5277e+11
0.00937,0.15208,8.1744e+0,0.0000e+0,2.3830e+11
0.01146,0.15208,8.0981e+0,0.0000e+0,0.0000e+0
0.01354,0.15208,8.0245e+0,0.0000e+0,0.0000e+0
0.01563,0.15208,7.9547e+0,0.0000e+0,0.0000e+0
0.01771,0.15208,7.8905e+0,0.0000e+0,6.5426e+11
0.01979,0.15208,7.7867e+0,8.4555e+11,4.9236e+11
0.02187,0.15208,7.7057e+0,1.5542e+11,4.6960e+11
0.02396,0.15208,7.6342e+0,0.0000e+0,1.4436e+12
0.02604,0.15208,7.4913e+0,0.0000e+0,7.2922e+11
0.02813,0.15208,7.3223e+0,0.0000e+0,1.2353e+11
0.03021,0.15208,7.1704e+0,0.0000e+0,0.0000e+0
0.03229,0.15208,7.0459e+0,0.0000e+0,2.9907e+11
0.03438,0.15208,6.9321e+0,0.0000e+0,6.8381e+11
0.03646,0.15208,6.8049e+0,0.0000e+0,6.7054e+11
0.03854,0.15208,6.6653e+0,0.0000e+0,7.8030e+11
0.04063,0.15208,6.4981e+0,1.2353e+11,2.0583e+11
0.04271,0.15208,6.3431e+0,1.4768e+11,2.8803e+11
0.04479,0.15208,6.1937e+0,0.0000e+0,1.3589e+11
0.04688,0.15208,6.0444e+0,1.5684e+11,4.0786e+10
0.04896,0.15208,5.9063e+0,3.7804e+10,0.0000e+0
0.05104,0.15208,5.7708e+0,3.5106e+11,4.0095e+11
0.05312,0.15208,5.6315e+0,2.0396e+11,3.7236e+11
0.05521,0.15208,5.4820e+0,0.0000e+0,3.6353e+11
0.05729,0.15208,5.3093e+0,0.0000e+0,9.3535e+10
0.05937,0.15208,5.1382e+0,0.0000e+0,5.8254e+11
0.06146,0.15208,4.9328e+0,7.7684e+10,3.1120e+11
0.06354,0.15208,4.7111e+0,4.2111e+11,1.7533e+11
0.06563,0.15208,4.5026e+0,1.3587e+11,1.1792e+11
0.06771,0.15208,4.2965e+0,6.2481e+10,5.8939e+11
0.06979,0.15208,4.0417e+0,7.0557e+11,2.4756e+11
0.07187,0.15208,3.8071e+0,2.8317e+11,2.7139e+11
0.07396,0.15208,3.5664e+0,0.0000e+0,2.3613e+11
0.07604,0.15208,3.3069e+0,4.4256e+10,3.0229e+8
0.07813,0.15208,3.0532e+0,1.4544e+11,2.6691e+11
0.08021,0.15208,2.7968e+0,2.3071e+11,3.8408e+11
0.08229,0.15208,2.5376e+0,5.3728e+10,5.3830e+11
0.08438,0.15208,2.2555e+0,4.3809e+10,2.4956e+11
0.08646,0.15208,1.9701e+0,0.0000e+0,1.1162e+11
0.08854,0.15208,1.6824e+0,0.0000e+0,3.9677e+11
0.09062,0.15208,1.3713e+0,0.0000e+0,1.9953e+11
0.09271,0.15208,1.0530e+0,0.0000e+0,0.0000e+0
0.09479,0.15208,7.4288e-1,0.0000e+0,0.0000e+0
0.09688,0.15208,4.4032e-1,0.0000e+0,0.0000e+0
0.09896,0.15208,1.4467e-1,0.0000e+0,0.0000e+0
0.00104,0.15625,8.3280e+0,0.0000e+0,0.0000e+0
0.00313,0.15625,8.3277e+0,0.0000e+0,0.0000e+0
0.00521,0.15625,8.3292e+0,0.0000e+0,0.0000e+0
0.00729,0.15625,8.3387e+0,0.0000e+0,8.6910e+11
0.00937,0.15625,8.3057e+0,0.0000e+0,1.3586e+12
0.01146,0.15625,8.2010e+0,0.0000e+0,6.2271e+9
0.01354,0.15625,8.1105e+0,0.0000e+0,0.0000e+0
0.01563,0.15625,8.0269e+0,0.0000e+0,0.0000e+0
0.01771,0.15625,7.9468e+0,0.0000e+0,5.0940e+11
0.01979,0.15625,7.8337e+0,0.0000e+0,5.3339e+11
0.02187,0.15625,7.7014e+0,0.0000e+0,3.0636e+11
0.02396,0.15625,7.5670e+0,0.0000e+0,0.0000e+0
0.02604,0.15625,7.4453e+0,0.0000e+0,8.1725e+11
0.02813,0.15625,7.2757e+0,0.0000e+0,2.3296e+11
0.03021,0.15625,7.0986e+0,3.6616e+11,0.0000e+0
0.03229,0.15625,6.9504e+0,5.3615e+11,5.0647e+10
0.03438,0.15625,6.8231e+0,5.2315e+10,2.5301e+10
0.03646,0.15625,6.6926e+0,0.0000e+0,2.9029e+9
0.03854,0.15625,6.5532e+0,0.0000e+0,2.4865e+10
0.04063,0.15625,6.4038e+0,1.2073e+11,0.0000e+0
0.04271,0.15625,6.2581e+0,3.1266e+11,1.2374e+11
0.04479,0.15625,6.1257e+0,5.8107e+11,1.6285e+11
0.04688,0.15625,6.0139e+0,2.3638e+11,9.3216e+10
0.04896,0.15625,5.9115e+0,5.4191e+10,1.9680e+11
0.05104,0.15625,5.8010e+0,2.2548e+10,3.7720e+11
0.05312,0.15625,5.6682e+0,1.6076e+10,1.6542e+11
0.05521,0.15625,5.5260e+0,0.0000e+0,6.1254e+11
0.05729,0.15625,5.3425e+0,0.0000e+0,1.4741e+10
0.05937,0.15625,5.1665e+0,3.9414e+10,1.6155e+11
0.06146,0.15625,4.9881e+0,1.7156e+10,5.2896e+11
0.06354,0.15625,4.7812e+0,4.1116e+11,7.9627e+11
0.06563,0.15625,4.5617e+0,7.3508e+11,5.9568e+11
0.06771,0.15625,4.3720e+0,4.9457e+10,8.7836e+11
0.06979,0.15625,4.1492e+0,0.0000e+0,9.9788e+11
0.07187,0.15625,3.8859e+0,0.0000e+0,4.1998e+11
0.07396,0.15625,3.6157e+0,7.6860e+10,3.1373e+11
0.07604,0.15625,3.3449e+0,3.6616e+10,1.6650e+11
0.07813,0.15625,3.0745e+0,0.0000e+0,1.9335e+11
0.08021,0.15625,2.7969e+0,1.5587e+11,2.0605e+11
0.08229,0.15625,2.5167e+0,4.4589e+11,1.6952e+11
0.08438,0.15625,2.2527e+0,9.4792e+10,3.7598e+11
0.08646,0.15625,1.9746e+0,1.3368e+8,2.4837e+11
0.08854,0.15625,1.6869e+0,0.0000e+0,4.8954e+11
0.09062,0.15625,1.3721e+0,0.0000e+0,1.6380e+11
0.09271,0.15625,1.0539e+0,0.0000e+0,0.0000e+0
0.09479,0.15625,7.4381e-1,0.0000e+0,0.0000e+0
0.09688,0.15625,4.4101e-1,0.0000e+0,0.0000e+0
0.09896,0.15625,1.4492e-1,0.0000e+0,0.0000e+0
0.00104,0.16042,8.3435e+0,0.0000e+0,0.0000e+0
0.00313,0.16042,8.3457e+0,0.0000e+0,0.0000e+0
0.00521,0.16042,8.3506e+0,0.0000e+0,0.0000e+0
0.00729,0.16042,8.3584e+0,0.0000e+0,1.2843e+11
0.00937,0.16042,8.3578e+0,0.0000e+0,8.2364e+11
0.01146,0.16042,8.3160e+0,0.0000e+0,1.4096e+12
0.01354,0.16042,8.2229e+0,0.0000e+0,7.0462e+11
0.01563,0.16042,8.1286e+0,0.0000e+0,7.5427e+11
0.01771,0.16042,8.0207e+0,0.0000e+0,1.5462e+12
0.01979,0.16042,7.8413e+0,0.0000e+0,4.4215e+11
0.02187,0.16042,7.6602e+0,3.0954e+10,0.0000e+0
0.02396,0.16042,7.4932e+0,7.9798e+11,0.0000e+0
0.02604,0.16042,7.3806e+0,0.0000e+0,3.4669e+11
0.02813,0.16042,7.2374e+0,3.2486e+9,3.0694e+11
0.03021,0.16042,7.0784e+0,2.3264e+11,1.9156e+11
0.03229,0.16042,6.9326e+0,2.6073e+11,4.0210e+11
0.03438,0.16042,6.7811e+0,3.9147e+11,2.0088e+11
0.03646,0.16042,6.6459e+0,5.6459e+10,1.1524e+11
0.03854,0.16042,6.5042e+0,2.1482e+11,2.1830e+11
0.04063,0.16042,6.3556e+0,3.2075e+11,0.0000e+0
0.04271,0.16042,6.2183e+0,5.3115e+11,8.2847e+10
0.04479,0.16042,6.1117e+0,8.9819e+11,7.2263e+11
0.04688,0.16042,6.0171e+0,2.2288e+11,3.5230e+11
0.04896,0.16042,5.9224e+0,1.0171e+11,3.4603e+11
0.05104,0.16042,5.8256e+0,0.0000e+0,4.5552e+11
0.05312,0.16042,5.7155e+0,0.0000e+0,9.1311e+11
0.05521,0.16042,5.5670e+0,0.0000e+0,1.0646e+12
0.05729,0.16042,5.3676e+0,0.0000e+0,0.0000e+0
0.05937,0.16042,5.1892e+0,2.3672e+11,3.0828e+11
0.06146,0.16042,5.0223e+0,8.3685e+10,1.1060e+12
0.06354,0.16042,4.7957e+0,2.2797e+11,4.2394e+11
0.06563,0.16042,4.5670e+0,3.1606e+11,3.7156e+11
0.06771,0.16042,4.3473e+0,5.7502e+10,1.2723e+11
0.06979,0.16042,4.1339e+0,1.0759e+10,6.1699e+11
0.07187,0.16042,3.8917e+0,1.0206e+11,7.5148e+11
0.07396,0.16042,3.6241e+0,3.5208e+11,3.9199e+11
0.07604,0.16042,3.3686e+0,2.3153e+11,6.4239e+11
0.07813,0.16042,3.0934e+0,1.4550e+11,1.9851e+11
0.08021,0.16042,2.8228e+0,1.4814e+9,2.7768e+11
0.08229,0.16042,2.5399e+0,1.0736e+11,3.2342e+11
0.08438,0.16042,2.2464e+0,2.1295e+11,1.8437e+9
0.08646,0.16042,1.9663e+0,5.0527e+10,1.8179e+11
0.08854,0.16042,1.6749e+0,0.0000e+0,2.2943e+11
0.09062,0.16042,1.3640e+0,0.0000e+0,6.9235e+10
0.09271,0.16042,1.0506e+0,0.0000e+0,0.0000e+0
0.09479,0.16042,7.4256e-1,0.0000e+0,0.0000e+0
0.09688,0.16042,4.4058e-1,0.0000e+0,0.0000e+0
0.09896,0.16042,1.4482e-1,0.0000e+0,0.0000e+0
0.00104,0.16458,8.3400e+0,0.0000e+0,0.0000e+0
0.00313,0.16458,8.3427e+0,0.0000e+0,0.0000e+0
0.00521,0.16458,8.3502e+0,0.0000e+0,0.0000e+0
0.00729,0.16458,8.3669e+0,0.0000e+0,1.0157e+12
0.00937,0.16458,8.3352e+0,0.0000e+0,1.3306e+12
0.01146,0.16458,8.2421e+0,0.0000e+0,0.0000e+0
0.01354,0.16458,8.1769e+0,0.0000e+0,5.8755e+11
0.01563,0.16458,8.1013e+0,0.0000e+0,1.4114e+12
0.01771,0.16458,7.9624e+0,0.0000e+0,8.2133e+11
0.01979,0.16458,7.7924e+0,0.0000e+0,0.0000e+0
0.02187,0.16458,7.6402e+0,4.0646e+9,0.0000e+0
0.02396,0.16458,7.4962e+0,1.0478e+11,0.0000e+0
0.02604,0.16458,7.3710e+0,0.0000e+0,5.9437e+11
0.02813,0.16458,7.2126e+0,2.0886e+11,2.1957e+11
0.03021,0.16458,7.0630e+0,5.3553e+11,5.1488e+11
0.03229,0.16458,6.9215e+0,2.3111e+10,1.2081e+11
0.03438,0.16458,6.7787e+0,2.3355e+11,2.2822e+11
0.03646,0.16458,6.6452e+0,2.1971e+11,4.4540e+11
0.03854,0.16458,6.5038e+0,2.5054e+11,1.6924e+11
0.04063,0.16458,6.3771e+0,1.0990e+10,1.5002e+11
0.04271,0.16458,6.2561e+0,6.9176e+9,3.7975e+11
0.04479,0.16458,6.1252e+0,8.3158e+10,2.1872e+11
0.04688,0.16458,5.9927e+0,6.9207e+11,2.1092e+11
0.04896,0.16458,5.8874e+0,1.5260e+11,1.8584e+11
0.05104,0.16458,5.7769e+0,0.0000e+0,1.3943e+11
0.05312,0.16458,5.6504e+0,0.0000e+0,1.6136e+11
0.05521,0.16458,5.5032e+0,1.1673e+11,2.0921e+11
0.05729,0.16458,5.3362e+0,3.4938e+11,1.8115e+11
0.05937,0.16458,5.1765e+0,0.0000e+0,3.3208e+11
0.06146,0.16458,4.9951e+0,0.0000e+0,4.2468e+11
0.06354,0.16458,4.7830e+0,1.4005e+10,3.3706e+11
0.06563,0.16458,4.5516e+0,3.4831e+10,3.2773e+11
0.06771,0.16458,4.3051e+0,2.1977e+11,8.3864e+10
0.06979,0.16458,4.0685e+0,2.4065e+11,7.7668e+10
0.07187,0.16458,3.8329e+0,7.8875e+10,2.9666e+10
0.07396,0.16458,3.6001e+0,9.4806e+10,2.4382e+11
0.07604,0.16458,3.3603e+0,1.4107e+11,3.5805e+11
0.07813,0.16458,3.1085e+0,5.8210e+10,4.5192e+11
0.08021,0.16458,2.8395e+0,0.0000e+0,2.2772e+11
0.08229,0.16458,2.5656e+0,0.0000e+0,3.1525e+11
0.08438,0.16458,2.2799e+0,0.0000e+0,2.3179e+11
0.08646,0.16458,1.9904e+0,0.0000e+0,2.3743e+11
0.08854,0.16458,1.6969e+0,0.0000e+0,5.9176e+11
0.09062,0.16458,1.3729e+0,0.0000e+0,8.2303e+10
0.09271,0.16458,1.0540e+0,0.0000e+0,0.0000e+0
0.09479,0.16458,7.4374e-1,0.0000e+0,0.0000e+0
0.09688,0.16458,4.4096e-1,0.0000e+0,0.0000e+0
0.09896,0.16458,1.4491e-1,0.0000e+0,0.0000e+0
0.00104,0.16875,8.3140e+0,0.0000e+0,0.0000e+0
0.00313,0.16875,8.3081e+0,0.0000e+0,0.0000e+0
0.00521,0.16875,8.2929e+0,0.0000e+0,0.0000e+0
0.00729,0.16875,8.2594e+0,0.0000e+0,0.0000e+0
0.00937,0.16875,8.1952e+0,0.0000e+0,0.0000e+0
0.01146,0.16875,8.1151e+0,0.0000e+0,0.0000e+0
0.01354,0.16875,8.0310e+0,0.0000e+0,0.0000e+0
0.01563,0.16875,7.9413e+0,0.0000e+0,0.0000e+0
0.01771,0.16875,7.8424e+0,0.0000e+0,0.0000e+0
0.01979,0.16875,7.7406e+0,0.0000e+0,0.0000e+0
0.02187,0.16875,7.6449e+0,0.0000e+0,7.7713e+11
0.02396,0.16875,7.5076e+0,0.0000e+0,5.1922e+11
0.02604,0.16875,7.3529e+0,0.0000e+0,1.2677e+11
0.02813,0.16875,7.2003e+0,0.0000e+0,7.3600e+10
0.03021,0.16875,7.0537e+0,0.0000e+0,0.0000e+0
0.03229,0.16875,6.9189e+0,0.0000e+0,1.7282e+11
0.03438,0.16875,6.7835e+0,3.2798e+10,4.6017e+11
0.03646,0.16875,6.6320e+0,4.1809e+11,2.5999e+11
0.03854,0.16875,6.4933e+0,0.0000e+0,0.0000e+0
0.04063,0.16875,6.3550e+0,3.8222e+11,1.2300e+9
0.04271,0.16875,6.2399e+0,1.1687e+11,3.5346e+10
0.04479,0.16875,6.1277e+0,1.2346e+11,2.8708e+11
0.04688,0.16875,6.0028e+0,2.9003e+11,1.5262e+11
0.04896,0.16875,5.8948e+0,2.4319e+9,4.3362e+11
0.05104,0.16875,5.7675e+0,0.0000e+0,1.5568e+11
0.05312,0.16875,5.6392e+0,0.0000e+0,1.3148e+11
0.05521,0.16875,5.5109e+0,4.4011e+10,6.6529e+11
0.05729,0.16875,5.3478e+0,2.7751e+11,6.3925e+11
0.05937,0.16875,5.1702e+0,0.0000e+0,2.8389e+11
0.06146,0.16875,4.9837e+0,0.0000e+0,5.1154e+11
0.06354,0.16875,4.7743e+0,0.0000e+0,5.1041e+11
0.06563,0.16875,4.5382e+0,0.0000e+0,1.0299e+11
0.06771,0.16875,4.3020e+0,1.0411e+11,2.3679e+11
0.06979,0.16875,4.0622e+0,2.7527e+11,5.1798e+11
0.07187,0.16875,3.8115e+0,2.7300e+11,0.0000e+0
0.07396,0.16875,3.5859e+0,2.7106e+11,3.1951e+11
0.07604,0.16875,3.3567e+0,3.5333e+10,5.0254e+11
0.07813,0.16875,3.0979e+0,0.0000e+0,1.0770e+11
0.08021,0.16875,2.8330e+0,0.0000e+0,6.6607e+10
0.08229,0.16875,2.5678e+0,0.0000e+0,3.1384e+11
0.08438,0.16875,2.2855e+0,7.6483e+10,4.2841e+11
0.08646,0.16875,1.9847e+0,2.3131e+10,9.7779e+10
0.08854,0.16875,1.6836e+0,1.7234e+11,4.5844e+11
0.09062,0.16875,1.3655e+0,7.0393e+10,8.9958e+10
0.09271,0.16875,1.0506e+0,0.0000e+0,0.0000e+0
0.09479,0.16875,7.4212e-1,0.0000e+0,0.0000e+0
0.09688,0.16875,4.4020e-1,0.0000e+0,0.0000e+0
0.09896,0.16875,1.4468e-1,0.0000e+0,0.0000e+0
0.00104,0.17292,8.3350e+0,0.0000e+0,0.0000e+0
0.00313,0.17292,8.3391e+0,0.0000e+0,0.0000e+0
0.00521,0.17292,8.3483e+0,0.0000e+0,5.4342e+11
0.00729,0.17292,8.3306e+0,0.0000e+0,2.0792e+12
0.00937,0.17292,8.1830e+0,0.0000e+0,9.3161e+9
0.01146,0.17292,8.0638e+0,0.0000e+0,0.0000e+0
0.01354,0.17292,7.9607e+0,0.0000e+0,0.0000e+0
0.01563,0.17292,7.8676e+0,0.0000e+0,0.0000e+0
0.01771,0.17292,7.7821e+0,0.0000e+0,0.0000e+0
0.01979,0.17292,7.7060e+0,0.0000e+0,3.7554e+11
0.02187,0.17292,7.6167e+0,0.0000e+0,9.1947e+11
0.02396,0.17292,7.4760e+0,0.0000e+0,2.2005e+11
0.02604,0.17292,7.3359e+0,0.0000e+0,4.0178e+11
0.02813,0.17292,7.1856e+0,0.0000e+0,2.3327e+11
0.03021,0.17292,7.0357e+0,0.0000e+0,0.0000e+0
0.03229,0.17292,6.8989e+0,1.0254e+11,4.9670e+10
0.03438,0.17292,6.7711e+0,3.1593e+11,2.5901e+11
0.03646,0.17292,6.6440e+0,0.0000e+0,1.0926e+11
0.03854,0.17292,6.5116e+0,0.0000e+0,0.0000e+0
0.04063,0.17292,6.3800e+0,2.3450e+11,0.0000e+0
0.04271,0.17292,6.2633e+0,3.4523e+11,2.0755e+11
0.04479,0.17292,6.1517e+0,8.9290e+10,5.5274e+11
0.04688,0.17292,6.0056e+0,1.8775e+11,6.0842e+10
0.04896,0.17292,5.8653e+0,1.9103e+11,0.0000e+0
0.05104,0.17292,5.7337e+0,1.9221e+11,3.9857e+10
0.05312,0.17292,5.6067e+0,2.6247e+11,2.2987e+11
0.05521,0.17292,5.4833e+0,0.0000e+0,3.4670e+11
0.05729,0.17292,5.3364e+0,0.0000e+0,9.0063e+11
0.05937,0.17292,5.1358e+0,5.8656e+10,2.3959e+11
0.06146,0.17292,4.9301e+0,4.4269e+11,1.7223e+11
0.06354,0.17292,4.7411e+0,2.6180e+11,5.7057e+11
0.06563,0.17292,4.5235e+0,6.3400e+10,2.1708e+11
0.06771,0.17292,4.2966e+0,1.3750e+11,2.1055e+11
0.06979,0.17292,4.0564e+0,2.3880e+11,1.8377e+11
0.07187,0.17292,3.8104e+0,3.5908e+11,8.1170e+9
0.07396,0.17292,3.5880e+0,1.5343e+11,3.1184e+11
0.07604,0.17292,3.3542e+0,2.4956e+10,2.8490e+11
0.07813,0.17292,3.1057e+0,0.0000e+0,4.5005e+11
0.08021,0.17292,2.8343e+0,0.0000e+0,5.6744e+10
0.08229,0.17292,2.5676e+0,0.0000e+0,3.0775e+11
0.08438,0.17292,2.2854e+0,1.2614e+11,5.3971e+11
0.08646,0.17292,1.9836e+0,3.8150e+10,1.6145e+11
0.08854,0.17292,1.6810e+0,6.0198e+9,2.8674e+11
0.09062,0.17292,1.3656e+0,2.4588e+9,1.3104e+11
0.09271,0.17292,1.0495e+0,0.0000e+0,0.0000e+0
0.09479,0.17292,7.4107e-1,0.0000e+0,0.0000e+0
0.09688,0.17292,4.3955e-1,0.0000e+0,0.0000e+0
0.09896,0.17292,1.4447e-1,0.0000e+0,0.0000e+0
0.00104,0.17708,8.3240e+0,0.0000e+0,0.0000e+0
0.00313,0.17708,8.3316e+0,0.0000e+0,0.0000e+0
0.00521,0.17708,8.3486e+0,0.0000e+0,2.8925e+11
0.00729,0.17708,8.3615e+0,0.0000e+0,3.3912e+12
0.00937,0.17708,8.1728e+0,0.0000e+0,5.0929e+10
0.01146,0.17708,8.0283e+0,0.0000e+0,0.0000e+0
0.01354,0.17708,7.9112e+0,0.0000e+0,0.0000e+0
0.01563,0.17708,7.8113e+0,0.0000e+0,0.0000e+0
0.01771,0.17708,7.7226e+0,0.0000e+0,0.0000e+0
0.01979,0.17708,7.6410e+0,0.0000e+0,1.4458e+11
0.02187,0.17708,7.5494e+0,0.0000e+0,3.9465e+11
0.02396,0.17708,7.4211e+0,0.0000e+0,1.5391e+11
0.02604,0.17708,7.2802e+0,0.0000e+0,0.0000e+0
0.02813,0.17708,7.1399e+0,1.0154e+11,0.0000e+0
0.03021,0.17708,7.0045e+0,6.0359e+11,0.0000e+0
0.03229,0.17708,6.9035e+0,5.9503e+10,3.3240e+11
0.03438,0.17708,6.7835e+0,3.9810e+11,2.5454e+11
0.03646,0.17708,6.6725e+0,2.5823e+10,2.9256e+10
0.03854,0.17708,6.5554e+0,3.1812e+11,1.9400e+10
0.04063,0.17708,6.4520e+0,2.9304e+11,6.4778e+11
0.04271,0.17708,6.3267e+0,0.0000e+0,1.4348e+11
0.04479,0.17708,6.1960e+0,0.0000e+0,2.4657e+11
0.04688,0.17708,6.0546e+0,5.7141e+10,6.1259e+11
0.04896,0.17708,5.8842e+0,2.7195e+11,1.2180e+11
0.05104,0.17708,5.7368e+0,5.5643e+10,0.0000e+0
0.05312,0.17708,5.5984e+0,1.8009e+10,5.9512e+10
0.05521,0.17708,5.4613e+0,4.5542e+10,5.9861e+11
0.05729,0.17708,5.2819e+0,2.7276e+11,1.4982e+11
0.05937,0.17708,5.0974e+0,2.2536e+11,5.5056e+10
0.06146,0.17708,4.9166e+0,3.8631e+11,2.5647e+11
0.06354,0.17708,4.7377e+0,1.2909e+11,4.1028e+11
0.06563,0.17708,4.5366e+0,3.4601e+11,2.6483e+11
0.06771,0.17708,4.3430e+0,1.2608e+11,6.2940e+11
0.06979,0.17708,4.1200e+0,0.0000e+0,6.9075e+11
0.07187,0.17708,3.8627e+0,0.0000e+0,1.9929e+11
0.07396,0.17708,3.6097e+0,0.0000e+0,1.7096e+11
0.07604,0.17708,3.3567e+0,0.0000e+0,2.3955e+11
0.07813,0.17708,3.0919e+0,6.9553e+10,3.3598e+10
0.08021,0.17708,2.8268e+0,1.2528e+11,1.3821e+11
0.08229,0.17708,2.5606e+0,2.0173e+11,5.8165e+11
0.08438,0.17708,2.2655e+0,2.1581e+11,1.3240e+11
0.08646,0.17708,1.9729e+0,3.6250e+10,1.5485e+11
0.08854,0.17708,1.6708e+0,0.0000e+0,1.8404e+11
0.09062,0.17708,1.3568e+0,0.0000e+0,7.4353e+9
0.09271,0.17708,1.0456e+0,0.0000e+0,0.0000e+0
0.09479,0.17708,7.3932e-1,0.0000e+0,0.0000e+0
0.09688,0.17708,4.3881e-1,0.0000e+0,0.0000e+0
0.09896,0.17708,1.4427e-1,0.0000e+0,0.0000e+0
0.00104,0.18125,8.2533e+0,0.0000e+0,0.0000e+0
0.00313,0.18125,8.2526e+0,0.0000e+0,0.0000e+0
0.00521,0.18125,8.2488e+0,0.0000e+0,0.0000e+0
0.00729,0.18125,8.2342e+0,0.0000e+0,1.1649e+12
0.00937,0.18125,8.1184e+0,0.0000e+0,6.4714e+11
0.01146,0.18125,7.9780e+0,0.0000e+0,0.0000e+0
0.01354,0.18125,7.8604e+0,0.0000e+0,0.0000e+0
0.01563,0.18125,7.7601e+0,0.0000e+0,0.0000e+0
0.01771,0.18125,7.6749e+0,0.0000e+0,0.0000e+0
0.01979,0.18125,7.6071e+0,0.0000e+0,2.5590e+11
0.02187,0.18125,7.5462e+0,6.9622e+10,1.5922e+12
0.02396,0.18125,7.4155e+0,2.0734e+10,7.1106e+11
0.02604,0.18125,7.2666e+0,7.6554e+10,0.0000e+0
0.02813,0.18125,7.1438e+0,9.2235e+10,0.0000e+0
0.03021,0.18125,7.0433e+0,3.7366e+10,2.8444e+11
0.03229,0.18125,6.9389e+0,0.0000e+0,4.9028e+10
0.03438,0.18125,6.8360e+0,4.7911e+11,2.8153e+11
0.03646,0.18125,6.7568e+0,2.5092e+11,1.0238e+12
0.03854,0.18125,6.6430e+0,2.7890e+11,3.2446e+11
0.04063,0.18125,6.5436e+0,2.4308e+11,1.2929e+12
0.04271,0.18125,6.3917e+0,2.4229e+10,4.5278e+11
0.04479,0.18125,6.2311e+0,1.0604e+10,2.5156e+11
0.04688,0.18125,6.0640e+0,1.0071e+11,1.3242e+11
0.04896,0.18125,5.8950e+0,1.9542e+11,6.2952e+10
0.05104,0.18125,5.7413e+0,1.3635e+11,0.0000e+0
0.05312,0.18125,5.5948e+0,2.6353e+11,4.0404e+10
0.05521,0.18125,5.4563e+0,3.5052e+11,4.2272e+11
0.05729,0.18125,5.3071e+0,4.8024e+10,5.5781e+11
0.05937,0.18125,5.1334e+0,9.7927e+9,2.6279e+11
0.06146,0.18125,4.9553e+0,1.1576e+10,4.5838e+11
0.06354,0.18125,4.7597e+0,4.5751e+10,9.7744e+10
0.06563,0.18125,4.5701e+0,8.0673e+10,3.1145e+11
0.06771,0.18125,4.3756e+0,6.4855e+10,9.0319e+11
0.06979,0.18125,4.1325e+0,1.9391e+11,6.5004e+11
0.07187,0.18125,3.8644e+0,6.2656e+10,0.0000e+0
0.07396,0.18125,3.6061e+0,2.6909e+11,1.7443e+11
0.07604,0.18125,3.3596e+0,3.4792e+9,1.1119e+11
0.07813,0.18125,3.1177e+0,3.3006e+11,8.8632e+11
0.08021,0.18125,2.8475e+0,4.1562e+11,4.4842e+11
0.08229,0.18125,2.5815e+0,6.6237e+9,4.0993e+11
0.08438,0.18125,2.2954e+0,1.0639e+10,4.6318e+11
0.08646,0.18125,1.9883e+0,1.7870e+9,1.2259e+11
0.08854,0.18125,1.6795e+0,0.0000e+0,1.3328e+11
0.09062,0.18125,1.3634e+0,0.0000e+0,4.0652e+10
0.09271,0.18125,1.0493e+0,0.0000e+0,0.0000e+0
0.09479,0.18125,7.4137e-1,0.0000e+0,0.0000e+0
0.09688,0.18125,4.3982e-1,0.0000e+0,0.0000e+0
0.09896,0.18125,1.4457e-1,0.0000e+0,0.0000e+0
0.00104,0.18542,8.1854e+0,0.0000e+0,0.0000e+0
0.00313,0.18542,8.1921e+0,0.0000e+0,0.0000e+0
0.00521,0.18542,8.2081e+0,0.0000e+0,2.8605e+11
0.00729,0.18542,8.2206e+0,0.0000e+0,2.7355e+12
0.00937,0.18542,8.0727e+0,0.0000e+0,3.5101e+11
0.01146,0.18542,7.9306e+0,0.0000e+0,1.2291e+9
0.01354,0.18542,7.8075e+0,0.0000e+0,0.0000e+0
0.01563,0.18542,7.6975e+0,0.0000e+0,0.0000e+0
0.01771,0.18542,7.5937e+0,0.0000e+0,0.0000e+0
0.01979,0.18542,7.4922e+0,0.0000e+0,0.0000e+0
0.02187,0.18542,7.3867e+0,7.0234e+11,0.0000e+0
0.02396,0.18542,7.3150e+0,2.1178e+11,4.1825e+11
0.02604,0.18542,7.2181e+0,3.1487e+11,2.6300e+11
0.02813,0.18542,7.1268e+0,3.5043e+11,0.0000e+0
0.03021,0.18542,7.0647e+0,0.0000e+0,4.9514e+11
0.03229,0.18542,6.9795e+0,0.0000e+0,6.1439e+11
0.03438,0.18542,6.8671e+0,1.0905e+11,1.7772e+11
0.03646,0.18542,6.7669e+0,1.9472e+11,3.8924e+11
0.03854,0.18542,6.6631e+0,2.3284e+11,4.7944e+11
0.04063,0.18542,6.5571e+0,8.8192e+10,1.0909e+12
0.04271,0.18542,6.3894e+0,3.3517e+11,4.4073e+10
0.04479,0.18542,6.2473e+0,1.4669e+11,3.8196e+11
0.04688,0.18542,6.0895e+0,8.8148e+10,9.0075e+10
0.04896,0.18542,5.9303e+0,3.9849e+11,1.2240e+10
0.05104,0.18542,5.7918e+0,8.3786e+10,8.7573e+10
0.05312,0.18542,5.6439e+0,4.0607e+10,2.1472e+11
0.05521,0.18542,5.4810e+0,1.5618e+10,5.9727e+10
0.05729,0.18542,5.3108e+0,2.2154e+11,2.6210e+11
0.05937,0.18542,5.1343e+0,8.8677e+10,1.2202e+11
0.06146,0.18542,4.9516e+0,7.4119e+10,1.3060e+11
0.06354,0.18542,4.7664e+0,2.3314e+11,3.4317e+11
0.06563,0.18542,4.5728e+0,0.0000e+0,1.7061e+11
0.06771,0.18542,4.3677e+0,0.0000e+0,3.1936e+11
0.06979,0.18542,4.1366e+0,4.6920e+10,4.7915e+11
0.07187,0.18542,3.8742e+0,1.6457e+10,7.0019e+10
0.07396,0.18542,3.6087e+0,4.5717e+10,1.4392e+10
0.07604,0.18542,3.3448e+0,3.9901e+11,3.3379e+10
0.07813,0.18542,3.1095e+0,3.4339e+11,3.9939e+11
0.08021,0.18542,2.8689e+0,1.6997e+10,7.3710e+11
0.08229,0.18542,2.5821e+0,0.0000e+0,6.0962e+10
0.08438,0.18542,2.2950e+0,0.0000e+0,1.0470e+11
0.08646,0.18542,2.0023e+0,0.0000e+0,1.6012e+11
0.08854,0.18542,1.7047e+0,4.8308e+10,6.1731e+11
0.09062,0.18542,1.3786e+0,6.5566e+10,1.9727e+11
0.09271,0.18542,1.0562e+0,0.0000e+0,0.0000e+0
0.09479,0.18542,7.4462e-1,0.0000e+0,0.0000e+0
0.09688,0.18542,4.4129e-1,0.0000e+0,0.0000e+0
0.09896,0.18542,1.4499e-1,0.0000e+0,0.0000e+0
0.00104,0.18958,8.0639e+0,0.0000e+0,0.0000e+0
0.00313,0.18958,8.0653e+0,0.0000e+0,0.0000e+0
0.00521,0.18958,8.0682e+0,0.0000e+0,9.3762e+10
0.00729,0.18958,8.0667e+0,0.0000e+0,6.9123e+11
0.00937,0.18958,8.0222e+0,0.0000e+0,1.5577e+12
0.01146,0.18958,7.9032e+0,0.0000e+0,6.7644e+11
0.01354,0.18958,7.7743e+0,0.0000e+0,0.0000e+0
0.01563,0.18958,7.6677e+0,0.0000e+0,2.0972e+11
0.01771,0.18958,7.5514e+0,0.0000e+0,1.9944e+10
0.01979,0.18958,7.4363e+0,3.9029e+11,0.0000e+0
0.02187,0.18958,7.3514e+0,2.8446e+11,1.1006e+11
0.02396,0.18958,7.2773e+0,4.3407e+11,6.2867e+11
0.02604,0.18958,7.1931e+0,4.5547e+11,8.6140e+10
0.02813,0.18958,7.1236e+0,0.0000e+0,1.8996e+11
0.03021,0.18958,7.0438e+0,0.0000e+0,1.0479e+11
0.03229,0.18958,6.9617e+0,0.0000e+0,4.0450e+11
0.03438,0.18958,6.8543e+0,0.0000e+0,8.6498e+10
0.03646,0.18958,6.7464e+0,0.0000e+0,1.6502e+10
0.03854,0.18958,6.6371e+0,1.8242e+11,4.1437e+10
0.04063,0.18958,6.5317e+0,6.9095e+10,2.4646e+11
0.04271,0.18958,6.4051e+0,1.0136e+10,5.2756e+9
0.04479,0.18958,6.2786e+0,4.2881e+10,0.0000e+0
0.04688,0.18958,6.1575e+0,6.4058e+10,2.2692e+11
0.04896,0.18958,6.0300e+0,2.5052e+11,3.2542e+11
0.05104,0.18958,5.9001e+0,4.0761e+10,7.6317e+11
0.05312,0.18958,5.7232e+0,2.2262e+11,2.8312e+11
0.05521,0.18958,5.5457e+0,2.4482e+11,3.6872e+11
0.05729,0.18958,5.3601e+0,1.9105e+11,2.7028e+11
0.05937,0.18958,5.1707e+0,2.1913e+10,8.7114e+10
0.06146,0.18958,4.9783e+0,0.0000e+0,6.0059e+10
0.06354,0.18958,4.7822e+0,1.1536e+11,4.4935e+10
0.06563,0.18958,4.5931e+0,5.3879e+10,3.1612e+11
0.06771,0.18958,4.3905e+0,0.0000e+0,4.9994e+11
0.06979,0.18958,4.1592e+0,0.0000e+0,3.1039e+11
0.07187,0.18958,3.9090e+0,9.9112e+10,4.2287e+11
0.07396,0.18958,3.6393e+0,2.9253e+11,2.5998e+11
0.07604,0.18958,3.3696e+0,5.3077e+11,9.3341e+10
0.07813,0.18958,3.1289e+0,4.2184e+10,2.4070e+11
0.08021,0.18958,2.8723e+0,0.0000e+0,2.6337e+11
0.08229,0.18958,2.5939e+0,0.0000e+0,6.4536e+10
0.08438,0.18958,2.3129e+0,0.0000e+0,2.9218e+11
0.08646,0.18958,2.0141e+0,0.0000e+0,2.9198e+11
0.08854,0.18958,1.6960e+0,5.7557e+10,2.2633e+11
0.09062,0.18958,1.3659e+0,1.5849e+11,1.0075e+9
0.09271,0.18958,1.0485e+0,9.1515e+10,0.0000e+0
0.09479,0.18958,7.4188e-1,0.0000e+0,0.0000e+0
0.09688,0.18958,4.4042e-1,0.0000e+0,0.0000e+0
0.09896,0.18958,1.4481e-1,0.0000e+0,0.0000e+0
0.00104,0.19375,7.9313e+0,0.0000e+0,0.0000e+0
0.00313,0.19375,7.9265e+0,0.0000e+0,0.0000e+0
0.00521,0.19375,7.9153e+0,0.0000e+0,0.0000e+0
0.00729,0.19375,7.8936e+0,0.0000e+0,0.0000e+0
0.00937,0.19375,7.8543e+0,0.0000e+0,0.0000e+0
0.01146,0.19375,7.7927e+0,0.0000e+0,0.0000e+0
0.01354,0.19375,7.7248e+0,0.0000e+0,0.0000e+0
0.01563,0.19375,7.6698e+0,0.0000e+0,1.0841e+12
0.01771,0.19375,7.5524e+0,0.0000e+0,1.0310e+11
0.01979,0.19375,7.4327e+0,4.3814e+11,0.0000e+0
0.02187,0.19375,7.3417e+0,7.5343e+11,6.3670e+10
0.02396,0.19375,7.2851e+0,0.0000e+0,2.8445e+11
0.02604,0.19375,7.2031e+0,0.0000e+0,0.0000e+0
0.02813,0.19375,7.1244e+0,1.5632e+11,5.5121e+11
0.03021,0.19375,7.0212e+0,5.5594e+11,2.7800e+11
0.03229,0.19375,6.9424e+0,0.0000e+0,2.9510e+11
0.03438,0.19375,6.8422e+0,7.7655e+10,0.0000e+0
0.03646,0.19375,6.7517e+0,8.7287e+9,0.0000e+0
0.03854,0.19375,6.6602e+0,0.0000e+0,2.8887e+10
0.04063,0.19375,6.5605e+0,0.0000e+0,1.5151e+11
0.04271,0.19375,6.4473e+0,8.6312e+10,2.8812e+11
0.04479,0.19375,6.3259e+0,4.0315e+11,2.4705e+11
0.04688,0.19375,6.2255e+0,6.4502e+10,2.1449e+11
0.04896,0.19375,6.1302e+0,0.0000e+0,8.8367e+11
0.05104,0.19375,5.9926e+0,0.0000e+0,7.8672e+11
0.05312,0.19375,5.8192e+0,0.0000e+0,5.7770e+11
0.05521,0.19375,5.6258e+0,6.7786e+10,4.0614e+11
0.05729,0.19375,5.4249e+0,1.0184e+11,2.1356e+11
0.05937,0.19375,5.2237e+0,0.0000e+0,1.3468e+10
0.06146,0.19375,5.0272e+0,0.0000e+0,2.7519e+11
0.06354,0.19375,4.8168e+0,2.4446e+11,3.0315e+11
0.06563,0.19375,4.6077e+0,4.6553e+11,5.4607e+11
0.06771,0.19375,4.3983e+0,0.0000e+0,1.6264e+11
0.06979,0.19375,4.1880e+0,9.9179e+10,7.3077e+11
0.07187,0.19375,3.9517e+0,1.7326e+11,6.6249e+11
0.07396,0.19375,3.7041e+0,1.1918e+11,6.8121e+11
0.07604,0.19375,3.4431e+0,0.0000e+0,4.4089e+11
0.07813,0.19375,3.1759e+0,0.0000e+0,2.7368e+11
0.08021,0.19375,2.9082e+0,0.0000e+0,4.3561e+11
0.08229,0.19375,2.6241e+0,0.0000e+0,1.9413e+11
0.08438,0.19375,2.3387e+0,0.0000e+0,2.9262e+11
0.08646,0.19375,2.0409e+0,0.0000e+0,5.5165e+11
0.08854,0.19375,1.7142e+0,0.0000e+0,2.9672e+11
0.09062,0.19375,1.3784e+0,3.3780e+10,0.0000e+0
0.09271,0.19375,1.0560e+0,3.8464e+10,0.0000e+0
0.09479,0.19375,7.4525e-1,0.0000e+0,0.0000e+0
0.09688,0.19375,4.4189e-1,0.0000e+0,0.0000e+0
0.09896,0.19375,1.4521e-1,0.0000e+0,0.0000e+0
0.00104,0.19792,7.8374e+0,0.0000e+0,0.0000e+0
0.00313,0.19792,7.8354e+0,0.0000e+0,0.0000e+0
0.00521,0.19792,7.8314e+0,0.0000e+0,0.0000e+0
0.00729,0.19792,7.8257e+0,0.0000e+0,0.0000e+0
0.00937,0.19792,7.8195e+0,0.0000e+0,8.8176e+11
0.01146,0.19792,7.7544e+0,5.7594e+10,4.9570e+11
0.01354,0.19792,7.6616e+0,6.9465e+11,0.0000e+0
0.01563,0.19792,7.6262e+0,0.0000e+0,0.0000e+0
0.01771,0.19792,7.5866e+0,0.0000e+0,8.0211e+11
0.01979,0.19792,7.5069e+0,6.8715e+10,5.8878e+11
0.02187,0.19792,7.4202e+0,1.9794e+11,6.5010e+11
0.02396,0.19792,7.3297e+0,0.0000e+0,3.2135e+11
0.02604,0.19792,7.2257e+0,0.0000e+0,5.5218e+10
0.02813,0.19792,7.1204e+0,3.6421e+11,1.2312e+11
0.03021,0.19792,7.0204e+0,4.4212e+11,1.3025e+11
0.03229,0.19792,6.9398e+0,0.0000e+0,9.8873e+10
0.03438,0.19792,6.8451e+0,5.0444e+11,0.0000e+0
0.03646,0.19792,6.7845e+0,5.6700e+10,1.1591e+11
0.03854,0.19792,6.7282e+0,0.0000e+0,1.0693e+12
0.04063,0.19792,6.6170e+0,0.0000e+0,5.8158e+11
0.04271,0.19792,6.4861e+0,0.0000e+0,1.6950e+11
0.04479,0.19792,6.3566e+0,1.4212e+11,1.3118e+10
0.04688,0.19792,6.2430e+0,2.4112e+11,1.2419e+11
0.04896,0.19792,6.1415e+0,0.0000e+0,5.8838e+11
0.05104,0.19792,6.0068e+0,5.7756e+10,7.1538e+11
0.05312,0.19792,5.8424e+0,1.5674e+11,6.2258e+11
0.05521,0.19792,5.6596e+0,0.0000e+0,4.2974e+10
0.05729,0.19792,5.4846e+0,0.0000e+0,5.8388e+11
0.05937,0.19792,5.2815e+0,2.2361e+10,3.4454e+11
0.06146,0.19792,5.0732e+0,2.7460e+10,4.1605e+11
0.06354,0.19792,4.8574e+0,4.2578e+10,6.8131e+11
0.06563,0.19792,4.6170e+0,1.1473e+11,2.1693e+11
0.06771,0.19792,4.3846e+0,0.0000e+0,1.0417e+11
0.06979,0.19792,4.1515e+0,2.6052e+11,3.3664e+11
0.07187,0.19792,3.9139e+0,2.6167e+11,2.6377e+11
0.07396,0.19792,3.6738e+0,8.7212e+10,1.0703e+11
0.07604,0.19792,3.4319e+0,5.5060e+9,4.2438e+11
0.07813,0.19792,3.1673e+0,2.1617e+10,2.3216e+11
0.08021,0.19792,2.9017e+0,0.0000e+0,3.1082e+11
0.08229,0.19792,2.6274e+0,2.1667e+10,2.9694e+11
0.08438,0.19792,2.3507e+0,2.0771e+11,8.6280e+11
0.08646,0.19792,2.0403e+0,0.0000e+0,4.6032e+11
0.08854,0.19792,1.7070e+0,0.0000e+0,7.6494e+10
0.09062,0.19792,1.3776e+0,0.0000e+0,0.0000e+0
0.09271,0.19792,1.0577e+0,0.0000e+0,0.0000e+0
0.09479,0.19792,7.4624e-1,0.0000e+0,0.0000e+0
0.09688,0.19792,4.4237e-1,0.0000e+0,0.0000e+0
0.09896,0.19792,1.4536e-1,0.0000e+0,0.0000e+0
0.00104,0.20208,7.7603e+0,0.0000e+0,0.0000e+0
0.00313,0.20208,7.7606e+0,0.0000e+0,0.0000e+0
0.00521,0.20208,7.7620e+0,0.0000e+0,0.0000e+0
0.00729,0.20208,7.7659e+0,0.0000e+0,0.0000e+0
0.00937,0.20208,7.7752e+0,0.0000e+0,7.5708e+11
0.01146,0.20208,7.7407e+0,7.0532e+10,1.0879e+12
0.01354,0.20208,7.6495e+0,8.5071e+11,2.2658e+11
0.01563,0.20208,7.6199e+0,0.0000e+0,6.1814e+11
0.01771,0.20208,7.5572e+0,0.0000e+0,2.1053e+11
0.01979,0.20208,7.4866e+0,0.0000e+0,1.2728e+11
0.02187,0.20208,7.4187e+0,0.0000e+0,1.0514e+11
0.02396,0.20208,7.3611e+0,0.0000e+0,7.1662e+11
0.02604,0.20208,7.2702e+0,0.0000e+0,3.5283e+11
0.02813,0.20208,7.1803e+0,0.0000e+0,5.1495e+11
0.03021,0.20208,7.0821e+0,0.0000e+0,2.7115e+11
0.03229,0.20208,6.9855e+0,0.0000e+0,2.0390e+11
0.03438,0.20208,6.8851e+0,0.0000e+0,2.1173e+8
0.03646,0.20208,6.7918e+0,0.0000e+0,1.2170e+10
0.03854,0.20208,6.6981e+0,0.0000e+0,1.0421e+11
0.04063,0.20208,6.5943e+0,0.0000e+0,0.0000e+0
0.04271,0.20208,6.4916e+0,0.0000e+0,3.9641e+10
0.04479,0.20208,6.3929e+0,0.0000e+0,6.2170e+11
0.04688,0.20208,6.2592e+0,0.0000e+0,1.6608e+11
0.04896,0.20208,6.1214e+0,0.0000e+0,2.6338e+11
0.05104,0.20208,5.9649e+0,2.3876e+11,3.6740e+10
0.05312,0.20208,5.8154e+0,4.0147e+11,1.3922e+11
0.05521,0.20208,5.6756e+0,0.0000e+0,4.7371e+11
0.05729,0.20208,5.5011e+0,0.0000e+0,5.6945e+11
0.05937,0.20208,5.2886e+0,1.4372e+11,4.3815e+11
0.06146,0.20208,5.0584e+0,2.1855e+11,2.6997e+11
0.06354,0.20208,4.8285e+0,7.7518e+10,1.4439e+11
0.06563,0.20208,4.5973e+0,2.3104e+10,6.5695e+10
0.06771,0.20208,4.3701e+0,4.9372e+9,1.3816e+11
0.06979,0.20208,4.1392e+0,2.1019e+11,1.9683e+11
0.07187,0.20208,3.9125e+0,4.5658e+10,4.1749e+11
0.07396,0.20208,3.6696e+0,0.0000e+0,3.7021e+11
0.07604,0.20208,3.4077e+0,5.3001e+10,2.9663e+11
0.07813,0.20208,3.1282e+0,2.0809e+11,6.9854e+8
0.08021,0.20208,2.8605e+0,1.8391e+10,5.3887e+10
0.08229,0.20208,2.5838e+0,3.0805e+11,1.0658e+11
0.08438,0.20208,2.3209e+0,4.3004e+10,6.2603e+11
0.08646,0.20208,2.0174e+0,0.0000e+0,3.6475e+11
0.08854,0.20208,1.6912e+0,0.0000e+0,0.0000e+0
0.09062,0.20208,1.3693e+0,0.0000e+0,0.0000e+0
0.09271,0.20208,1.0534e+0,0.0000e+0,0.0000e+0
0.09479,0.20208,7.4406e-1,0.0000e+0,0.0000e+0
0.09688,0.20208,4.4133e-1,0.0000e+0,0.0000e+0
0.09896,0.20208,1.4505e-1,0.0000e+0,0.0000e+0
0.00104,0.20625,7.6791e+0,0.0000e+0,0.0000e+0
0.00313,0.20625,7.6787e+0,0.0000e+0,0.0000e+0
0.00521,0.20625,7.6781e+0,0.0000e+0,0.0000e+0
0.00729,0.20625,7.6780e+0,0.0000e+0,0.0000e+0
0.00937,0.20625,7.6797e+0,0.0000e+0,2.2626e+11
0.01146,0.20625,7.6691e+0,0.0000e+0,7.9936e+11
0.01354,0.20625,7.6159e+0,0.0000e+0,1.7212e+11
0.01563,0.20625,7.5761e+0,0.0000e+0,4.6959e+11
0.01771,0.20625,7.5240e+0,0.0000e+0,7.2131e+11
0.01979,0.20625,7.4449e+0,0.0000e+0,2.9237e+11
0.02187,0.20625,7.3664e+0,2.9729e+11,6.2000e+10
0.02396,0.20625,7.3267e+0,7.8973e+10,1.0083e+12
0.02604,0.20625,7.2293e+0,5.9264e+11,6.0949e+11
0.02813,0.20625,7.1386e+0,1.3206e+12,8.1880e+11
0.03021,0.20625,7.0797e+0,0.0000e+0,3.3002e+11
0.03229,0.20625,7.0071e+0,0.0000e+0,4.4813e+11
0.03438,0.20625,6.9205e+0,0.0000e+0,5.4605e+11
0.03646,0.20625,6.8179e+0,0.0000e+0,5.5071e+11
0.03854,0.20625,6.6970e+0,0.0000e+0,0.0000e+0
0.04063,0.20625,6.5884e+0,0.0000e+0,0.0000e+0
0.04271,0.20625,6.4882e+0,1.4119e+11,2.1776e+11
0.04479,0.20625,6.3956e+0,8.1990e+10,8.5746e+11
0.04688,0.20625,6.2638e+0,0.0000e+0,4.4455e+11
0.04896,0.20625,6.1182e+0,4.1079e+11,3.3310e+11
0.05104,0.20625,5.9893e+0,8.8240e+10,4.9649e+11
0.05312,0.20625,5.8462e+0,6.4134e+9,2.6388e+11
0.05521,0.20625,5.7051e+0,1.1692e+11,1.0520e+12
0.05729,0.20625,5.5193e+0,0.0000e+0,7.5249e+11
0.05937,0.20625,5.2979e+0,0.0000e+0,4.2930e+11
0.06146,0.20625,5.0609e+0,2.3586e+11,4.7801e+11
0.06354,0.20625,4.8151e+0,3.0815e+11,1.8611e+11
0.06563,0.20625,4.5794e+0,2.6884e+11,0.0000e+0
0.06771,0.20625,4.3585e+0,9.0158e+10,1.5294e+11
0.06979,0.20625,4.1357e+0,0.0000e+0,3.6250e+11
0.07187,0.20625,3.8923e+0,0.0000e+0,0.0000e+0
0.07396,0.20625,3.6537e+0,0.0000e+0,1.9601e+11
0.07604,0.20625,3.4039e+0,0.0000e+0,2.8111e+11
0.07813,0.20625,3.1359e+0,0.0000e+0,2.9196e+10
0.08021,0.20625,2.8712e+0,4.1417e+10,5.7603e+11
0.08229,0.20625,2.5761e+0,2.7502e+11,1.4763e+11
0.08438,0.20625,2.2986e+0,3.6082e+9,3.5281e+11
0.08646,0.20625,2.0010e+0,0.0000e+0,2.7162e+11
0.08854,0.20625,1.6885e+0,0.0000e+0,2.1405e+11
0.09062,0.20625,1.3666e+0,0.0000e+0,1.4903e+10
0.09271,0.20625,1.0510e+0,0.0000e+0,0.0000e+0
0.09479,0.20625,7.4227e-1,0.0000e+0,0.0000e+0
0.09688,0.20625,4.4028e-1,0.0000e+0,0.0000e+0
0.09896,0.20625,1.4471e-1,0.0000e+0,0.0000e+0
0.00104,0.21042,7.6030e+0,0.0000e+0,0.0000e+0
0.00313,0.21042,7.5998e+0,0.0000e+0,0.0000e+0
0.00521,0.21042,7.5931e+0,0.0000e+0,0.0000e+0
0.00729,0.21042,7.5823e+0,0.0000e+0,0.0000e+0
0.00937,0.21042,7.5657e+0,0.0000e+0,0.0000e+0
0.01146,0.21042,7.5401e+0,0.0000e+0,0.0000e+0
0.01354,0.21042,7.5028e+0,0.0000e+0,0.0000e+0
0.01563,0.21042,7.4577e+0,0.0000e+0,0.0000e+0
0.01771,0.21042,7.4039e+0,3.7614e+9,0.0000e+0
0.01979,0.21042,7.3420e+0,1.1624e+11,0.0000e+0
0.02187,0.21042,7.2810e+0,4.9575e+11,3.3169e+9
0.02396,0.21042,7.2439e+0,1.3169e+11,4.4440e+10
0.02604,0.21042,7.1897e+0,1.7810e+11,2.9372e+11
0.02813,0.21042,7.1210e+0,3.5455e+11,4.1942e+11
0.03021,0.21042,7.0464e+0,0.0000e+0,0.0000e+0
0.03229,0.21042,6.9640e+0,0.0000e+0,0.0000e+0
0.03438,0.21042,6.8716e+0,1.2217e+11,1.2143e+11
0.03646,0.21042,6.7696e+0,2.9855e+11,4.7848e+10
0.03854,0.21042,6.6716e+0,0.0000e+0,0.0000e+0
0.04063,0.21042,6.5702e+0,0.0000e+0,3.0000e+11
0.04271,0.21042,6.4461e+0,1.8470e+11,4.4323e+10
0.04479,0.21042,6.3299e+0,1.0726e+11,6.8137e+10
0.04688,0.21042,6.2086e+0,4.2484e+11,2.4220e+11
0.04896,0.21042,6.0924e+0,3.4379e+11,4.2689e+11
0.05104,0.21042,5.9720e+0,7.2634e+10,7.1519e+11
0.05312,0.21042,5.8090e+0,1.4722e+10,8.4381e+10
0.05521,0.21042,5.6460e+0,2.6839e+11,4.4555e+11
0.05729,0.21042,5.4724e+0,0.0000e+0,4.9259e+11
0.05937,0.21042,5.2674e+0,6.6847e+10,2.2702e+11
0.06146,0.21042,5.0577e+0,1.2626e+10,2.7693e+11
0.06354,0.21042,4.8357e+0,1.3721e+11,3.4634e+11
0.06563,0.21042,4.6044e+0,2.4619e+11,5.0740e+11
0.06771,0.21042,4.3613e+0,2.2063e+11,7.9997e+10
0.06979,0.21042,4.1281e+0,5.5176e+10,2.6839e+11
0.07187,0.21042,3.8814e+0,1.7319e+11,0.0000e+0
0.07396,0.21042,3.6481e+0,2.6276e+9,7.7944e+10
0.07604,0.21042,3.4133e+0,1.3795e+11,6.7607e+11
0.07813,0.21042,3.1500e+0,0.0000e+0,4.9156e+11
0.08021,0.21042,2.8609e+0,3.4309e+10,1.4042e+11
0.08229,0.21042,2.5656e+0,1.3133e+11,6.6964e+10
0.08438,0.21042,2.2757e+0,1.4945e+11,1.2627e+11
0.08646,0.21042,1.9886e+0,6.4974e+10,3.2815e+11
0.08854,0.21042,1.6859e+0,0.0000e+0,3.6599e+11
0.09062,0.21042,1.3637e+0,0.0000e+0,1.2279e+10
0.09271,0.21042,1.0486e+0,0.0000e+0,0.0000e+0
0.09479,0.21042,7.4057e-1,0.0000e+0,0.0000e+0
0.09688,0.21042,4.3929e-1,0.0000e+0,0.0000e+0
0.09896,0.21042,1.4439e-1,0.0000e+0,0.0000e+0
0.00104,0.21458,7.5522e+0,0.0000e+0,0.0000e+0
0.00313,0.21458,7.5476e+0,0.0000e+0,0.0000e+0
0.00521,0.21458,7.5384e+0,0.0000e+0,0.0000e+0
0.00729,0.21458,7.5249e+0,0.0000e+0,0.0000e+0
0.00937,0.21458,7.5063e+0,0.0000e+0,0.0000e+0
0.01146,0.21458,7.4808e+0,0.0000e+0,0.0000e+0
0.01354,0.21458,7.4459e+0,0.0000e+0,0.0000e+0
0.01563,0.21458,7.4007e+0,2.2091e+10,0.0000e+0
0.01771,0.21458,7.3492e+0,1.2409e+11,0.0000e+0
0.01979,0.21458,7.2997e+0,9.8345e+11,6.2547e+9
0.02187,0.21458,7.2843e+0,0.0000e+0,2.7543e+9
0.02396,0.21458,7.2499e+0,0.0000e+0,0.0000e+0
0.02604,0.21458,7.2024e+0,0.0000e+0,1.8860e+10
0.02813,0.21458,7.1431e+0,0.0000e+0,1.2352e+11
0.03021,0.21458,7.0664e+0,0.0000e+0,0.0000e+0
0.03229,0.21458,6.9837e+0,0.0000e+0,0.0000e+0
0.03438,0.21458,6.8972e+0,5.9211e+10,3.7660e+11
0.03646,0.21458,6.7882e+0,1.4470e+11,1.2566e+11
0.03854,0.21458,6.6809e+0,0.0000e+0,5.7362e+9
0.04063,0.21458,6.5713e+0,0.0000e+0,2.0691e+11
0.04271,0.21458,6.4450e+0,0.0000e+0,1.7729e+10
0.04479,0.21458,6.3197e+0,0.0000e+0,0.0000e+0
0.04688,0.21458,6.1986e+0,4.4339e+10,1.5480e+11
0.04896,0.21458,6.0762e+0,7.7655e+8,1.5088e+11
0.05104,0.21458,5.9502e+0,0.0000e+0,7.8936e+11
0.05312,0.21458,5.7728e+0,0.0000e+0,1.2881e+10
0.05521,0.21458,5.6020e+0,0.0000e+0,1.8448e+11
0.05729,0.21458,5.4241e+0,1.3752e+11,3.9182e+11
0.05937,0.21458,5.2328e+0,3.3349e+11,3.3809e+11
0.06146,0.21458,5.0486e+0,4.6966e+10,3.8798e+11
0.06354,0.21458,4.8516e+0,3.2264e+10,5.7945e+11
0.06563,0.21458,4.6316e+0,3.7111e+10,4.6202e+11
0.06771,0.21458,4.3947e+0,7.2616e+9,3.4561e+11
0.06979,0.21458,4.1409e+0,9.2730e+10,7.5007e+10
0.07187,0.21458,3.8958e+0,2.8895e+11,3.4892e+11
0.07396,0.21458,3.6500e+0,2.8801e+9,2.1440e+11
0.07604,0.21458,3.3975e+0,2.1980e+11,3.2500e+11
0.07813,0.21458,3.1436e+0,9.4174e+10,4.4160e+11
0.08021,0.21458,2.8702e+0,0.0000e+0,2.0332e+11
0.08229,0.21458,2.5877e+0,0.0000e+0,4.7558e+11
0.08438,0.21458,2.2792e+0,2.5677e+11,1.6048e+11
0.08646,0.21458,1.9825e+0,5.6641e+10,1.9819e+11
0.08854,0.21458,1.6761e+0,0.0000e+0,1.9322e+11
0.09062,0.21458,1.3580e+0,0.0000e+0,0.0000e+0
0.09271,0.21458,1.0454e+0,0.0000e+0,0.0000e+0
0.09479,0.21458,7.3888e-1,0.0000e+0,0.0000e+0
0.09688,0.21458,4.3845e-1,0.0000e+0,0.0000e+0
0.09896,0.21458,1.4413e-1,0.0000e+0,0.0000e+0
0.00104,0.21875,7.5381e+0,0.0000e+0,0.0000e+0
0.00313,0.21875,7.5319e+0,0.0000e+0,0.0000e+0
0.00521,0.21875,7.5202e+0,0.0000e+0,0.0000e+0
0.00729,0.21875,7.5055e+0,0.0000e+0,0.0000e+0
0.00937,0.21875,7.4945e+0,0.0000e+0,0.0000e+0
0.01146,0.21875,7.4805e+0,0.0000e+0,0.0000e+0
0.01354,0.21875,7.4551e+0,0.0000e+0,0.0000e+0
0.01563,0.21875,7.4153e+0,2.2788e+11,0.0000e+0
0.01771,0.21875,7.3895e+0,9.5182e+11,0.0000e+0
0.01979,0.21875,7.4052e+0,0.0000e+0,7.5484e+11
0.02187,0.21875,7.3728e+0,0.0000e+0,3.3240e+11
0.02396,0.21875,7.3232e+0,0.0000e+0,0.0000e+0
0.02604,0.21875,7.2728e+0,0.0000e+0,8.7662e+10
0.02813,0.21875,7.2166e+0,1.7716e+11,5.8025e+11
0.03021,0.21875,7.1321e+0,2.2801e+11,4.9837e+11
0.03229,0.21875,7.0406e+0,0.0000e+0,1.8744e+11
0.03438,0.21875,6.9469e+0,0.0000e+0,5.2248e+11
0.03646,0.21875,6.8284e+0,0.0000e+0,7.1938e+10
0.03854,0.21875,6.7209e+0,0.0000e+0,4.4854e+11
0.04063,0.21875,6.5987e+0,0.0000e+0,4.5911e+11
0.04271,0.21875,6.4589e+0,4.5393e+10,2.5343e+11
0.04479,0.21875,6.3161e+0,5.6237e+10,4.2771e+10
0.04688,0.21875,6.1842e+0,0.0000e+0,3.5284e+10
0.04896,0.21875,6.0500e+0,1.9132e+10,9.8889e+10
0.05104,0.21875,5.9105e+0,2.7567e+10,5.6277e+11
0.05312,0.21875,5.7337e+0,0.0000e+0,3.3210e+10
0.05521,0.21875,5.5544e+0,0.0000e+0,1.7868e+9
0.05729,0.21875,5.3713e+0,4.5624e+11,1.8990e+11
0.05937,0.21875,5.2041e+0,1.2079e+11,5.2239e+11
0.06146,0.21875,5.0066e+0,2.6575e+11,2.7127e+11
0.06354,0.21875,4.8140e+0,1.0896e+11,1.2732e+11
0.06563,0.21875,4.6242e+0,1.9778e+11,5.9053e+11
0.06771,0.21875,4.4207e+0,3.7220e+10,1.0576e+12
0.06979,0.21875,4.1624e+0,4.3950e+9,1.4739e+11
0.07187,0.21875,3.9119e+0,7.7586e+10,5.2822e+11
0.07396,0.21875,3.6397e+0,4.7472e+11,3.8342e+11
0.07604,0.21875,3.3799e+0,3.0793e+11,1.2490e+11
0.07813,0.21875,3.1344e+0,1.1890e+11,2.6675e+11
0.08021,0.21875,2.8814e+0,2.6530e+10,5.9033e+11
0.08229,0.21875,2.5949e+0,0.0000e+0,2.7313e+11
0.08438,0.21875,2.2961e+0,0.0000e+0,8.8331e+10
0.08646,0.21875,1.9985e+0,0.0000e+0,3.6702e+11
0.08854,0.21875,1.6816e+0,1.9346e+10,1.7734e+11
0.09062,0.21875,1.3594e+0,2.1117e+10,0.0000e+0
0.09271,0.21875,1.0461e+0,0.0000e+0,0.0000e+0
0.09479,0.21875,7.3931e-1,0.0000e+0,0.0000e+0
0.09688,0.21875,4.3870e-1,0.0000e+0,0.0000e+0
0.09896,0.21875,1.4422e-1,0.0000e+0,0.0000e+0
0.00104,0.22292,7.5742e+0,0.0000e+0,0.0000e+0
0.00313,0.22292,7.5619e+0,0.0000e+0,0.0000e+0
0.00521,0.22292,7.5348e+0,0.0000e+0,0.0000e+0
0.00729,0.22292,7.4860e+0,1.4998e+12,0.0000e+0
0.00937,0.22292,7.5057e+0,9.0762e+11,0.0000e+0
0.01146,0.22292,7.5402e+0,0.0000e+0,0.0000e+0
0.01354,0.22292,7.5422e+0,0.0000e+0,0.0000e+0
0.01563,0.22292,7.5222e+0,0.0000e+0,0.0000e+0
0.01771,0.22292,7.4953e+0,0.0000e+0,0.0000e+0
0.01979,0.22292,7.4695e+0,0.0000e+0,0.0000e+0
0.02187,0.22292,7.4412e+0,0.0000e+0,0.0000e+0
0.02396,0.22292,7.4163e+0,0.0000e+0,6.5752e+11
0.02604,0.22292,7.3559e+0,0.0000e+0,4.7782e+11
0.02813,0.22292,7.2728e+0,1.5707e+11,3.3848e+11
0.03021,0.22292,7.1832e+0,2.0216e+11,8.3276e+11
0.03229,0.22292,7.0715e+0,0.0000e+0,2.9047e+11
0.03438,0.22292,6.9572e+0,0.0000e+0,3.9541e+11
0.03646,0.22292,6.8279e+0,0.0000e+0,2.8036e+10
0.03854,0.22292,6.7038e+0,0.0000e+0,0.0000e+0
0.04063,0.22292,6.5791e+0,0.0000e+0,1.1984e+11
0.04271,0.22292,6.4451e+0,1.8266e+11,2.5714e+11
0.04479,0.22292,6.3056e+0,2.3299e+11,5.2984e+10
0.04688,0.22292,6.1910e+0,3.0349e+8,6.2517e+11
0.04896,0.22292,6.0410e+0,1.9315e+11,4.7467e+11
0.05104,0.22292,5.8751e+0,4.7278e+11,2.7340e+11
0.05312,0.22292,5.7218e+0,0.0000e+0,2.0336e+11
0.05521,0.22292,5.5524e+0,0.0000e+0,2.9159e+11
0.05729,0.22292,5.3665e+0,3.4221e+10,2.2078e+10
0.05937,0.22292,5.1881e+0,1.1010e+11,5.5768e+11
0.06146,0.22292,4.9773e+0,3.3654e+11,1.3040e+11
0.06354,0.22292,4.7798e+0,2.7186e+11,2.3834e+11
0.06563,0.22292,4.5766e+0,4.5970e+11,4.4224e+11
0.06771,0.22292,4.3706e+0,3.3873e+11,5.7914e+11
0.06979,0.22292,4.1393e+0,2.1991e+11,3.7639e+11
0.07187,0.22292,3.9013e+0,6.9405e+10,4.2185e+11
0.07396,0.22292,3.6415e+0,3.0034e+11,2.9550e+11
0.07604,0.22292,3.3908e+0,6.6190e+10,2.1096e+11
0.07813,0.22292,3.1381e+0,1.3374e+11,3.2705e+11
0.08021,0.22292,2.8775e+0,7.8247e+10,4.2890e+11
0.08229,0.22292,2.5948e+0,0.0000e+0,1.3685e+11
0.08438,0.22292,2.3102e+0,0.0000e+0,4.3774e+11
0.08646,0.22292,2.0063e+0,0.0000e+0,3.1918e+11
0.08854,0.22292,1.6884e+0,1.0012e+11,2.8860e+11
0.09062,0.22292,1.3624e+0,1.0928e+11,1.4253e+10
0.09271,0.22292,1.0491e+0,0.0000e+0,0.0000e+0
0.09479,0.22292,7.4154e-1,0.0000e+0,0.0000e+0
0.09688,0.22292,4.4004e-1,0.0000e+0,0.0000e+0
0.09896,0.22292,1.4466e-1,0.0000e+0,0.0000e+0
0.00104,0.22708,7.7083e+0,0.0000e+0,0.0000e+0
0.00313,0.22708,7.7042e+0,0.0000e+0,0.0000e+0
0.00521,0.22708,7.6967e+0,0.0000e+0,0.0000e+0
0.00729,0.22708,7.6874e+0,2.2752e+11,0.0000e+0
0.00937,0.22708,7.6995e+0,1.3768e+11,0.0000e+0
0.01146,0.22708,7.7172e+0,0.0000e+0,0.0000e+0
0.01354,0.22708,7.7226e+0,0.0000e+0,8.7544e+11
0.01563,0.22708,7.6689e+0,0.0000e+0,2.3070e+11
0.01771,0.22708,7.6088e+0,0.0000e+0,0.0000e+0
0.01979,0.22708,7.5555e+0,0.0000e+0,0.0000e+0
0.02187,0.22708,7.5061e+0,0.0000e+0,0.0000e+0
0.02396,0.22708,7.4593e+0,0.0000e+0,2.0339e+11
0.02604,0.22708,7.4031e+0,0.0000e+0,7.9538e+11
0.02813,0.22708,7.3042e+0,0.0000e+0,6.2162e+11
0.03021,0.22708,7.1753e+0,0.0000e+0,0.0000e+0
0.03229,0.22708,7.0502e+0,1.2688e+11,0.0000e+0
0.03438,0.22708,6.9334e+0,4.2648e+11,1.5750e+11
0.03646,0.22708,6.8265e+0,3.5282e+11,3.6214e+11
0.03854,0.22708,6.7160e+0,0.0000e+0,1.8542e+11
0.04063,0.22708,6.5856e+0,0.0000e+0,1.0942e+11
0.04271,0.22708,6.4411e+0,0.0000e+0,0.0000e+0
0.04479,0.22708,6.2898e+0,5.5910e+11,5.9488e+10
0.04688,0.22708,6.1665e+0,1.5297e+11,1.0494e+11
0.04896,0.22708,6.0335e+0,1.9287e+10,2.0374e+10
0.05104,0.22708,5.8949e+0,1.5505e+11,4.1237e+11
0.05312,0.22708,5.7361e+0,0.0000e+0,3.6798e+11
0.05521,0.22708,5.5519e+0,1.5334e+11,2.9120e+11
0.05729,0.22708,5.3565e+0,2.6533e+11,3.7457e+10
0.05937,0.22708,5.1785e+0,2.1577e+11,3.2465e+11
0.06146,0.22708,4.9920e+0,0.0000e+0,1.8165e+11
0.06354,0.22708,4.7989e+0,2.5229e+10,4.8904e+11
0.06563,0.22708,4.5795e+0,3.3740e+10,1.1720e+11
0.06771,0.22708,4.3602e+0,0.0000e+0,1.7904e+11
0.06979,0.22708,4.1322e+0,2.1488e+11,4.3499e+11
0.07187,0.22708,3.8924e+0,1.5331e+11,4.2219e+11
0.07396,0.22708,3.6392e+0,3.0366e+11,2.8343e+11
0.07604,0.22708,3.3921e+0,2.5057e+11,4.2144e+11
0.07813,0.22708,3.1399e+0,1.2204e+11,4.3359e+11
0.08021,0.22708,2.8761e+0,0.0000e+0,5.1275e+11
0.08229,0.22708,2.5880e+0,2.3644e+10,2.8079e+11
0.08438,0.22708,2.2932e+0,3.2494e+10,1.1111e+11
0.08646,0.22708,1.9999e+0,2.1698e+9,2.4125e+11
0.08854,0.22708,1.6954e+0,0.0000e+0,2.9412e+11
0.09062,0.22708,1.3754e+0,0.0000e+0,9.4893e+10
0.09271,0.22708,1.0570e+0,0.0000e+0,0.0000e+0
0.09479,0.22708,7.4631e-1,0.0000e+0,0.0000e+0
0.09688,0.22708,4.4263e-1,0.0000e+0,0.0000e+0
0.09896,0.22708,1.4547e-1,0.0000e+0,0.0000e+0
0.00104,0.23125,7.8742e+0,0.0000e+0,0.0000e+0
0.00313,0.23125,7.8755e+0,0.0000e+0,0.0000e+0
0.00521,0.23125,7.8789e+0,0.0000e+0,0.0000e+0
0.00729,0.23125,7.8869e+0,0.0000e+0,0.0000e+0
0.00937,0.23125,7.9042e+0,0.0000e+0,0.0000e+0
0.01146,0.23125,7.9352e+0,0.0000e+0,1.5507e+12
0.01354,0.23125,7.8787e+0,0.0000e+0,5.6026e+11
0.01563,0.23125,7.7996e+0,0.0000e+0,1.0349e+11
0.01771,0.23125,7.7219e+0,0.0000e+0,0.0000e+0
0.01979,0.23125,7.6472e+0,0.0000e+0,0.0000e+0
0.02187,0.23125,7.5791e+0,0.0000e+0,2.5682e+11
0.02396,0.23125,7.4939e+0,0.0000e+0,1.4714e+11
0.02604,0.23125,7.3963e+0,1.4993e+11,2.0664e+10
0.02813,0.23125,7.2932e+0,4.9738e+11,4.4066e+11
0.03021,0.23125,7.1881e+0,0.0000e+0,0.0000e+0
0.03229,0.23125,7.0797e+0,6.7679e+10,0.0000e+0
0.03438,0.23125,6.9749e+0,3.2167e+11,8.6344e+10
0.03646,0.23125,6.8782e+0,2.9326e+11,2.6250e+11
0.03854,0.23125,6.7753e+0,0.0000e+0,2.7289e+11
0.04063,0.23125,6.6419e+0,0.0000e+0,1.1114e+11
0.04271,0.23125,6.4966e+0,0.0000e+0,0.0000e+0
0.04479,0.23125,6.3521e+0,1.0706e+11,1.7403e+11
0.04688,0.23125,6.2116e+0,1.5930e+11,1.8975e+11
0.04896,0.23125,6.0716e+0,0.0000e+0,9.3762e+10
0.05104,0.23125,5.9273e+0,0.0000e+0,3.1657e+11
0.05312,0.23125,5.7631e+0,0.0000e+0,3.4245e+11
0.05521,0.23125,5.5743e+0,2.2100e+11,2.8202e+11
0.05729,0.23125,5.3807e+0,1.9513e+11,8.6724e+10
0.05937,0.23125,5.2017e+0,2.9662e+11,6.1770e+11
0.06146,0.23125,5.0017e+0,1.0406e+11,7.2366e+10
0.06354,0.23125,4.8063e+0,0.0000e+0,3.1292e+11
0.06563,0.23125,4.5873e+0,1.3213e+11,3.3598e+11
0.06771,0.23125,4.3555e+0,1.2836e+11,1.1262e+11
0.06979,0.23125,4.1262e+0,1.1776e+11,2.2624e+11
0.07187,0.23125,3.8874e+0,6.7443e+9,7.8450e+10
0.07396,0.23125,3.6398e+0,1.0767e+11,4.9426e+10
0.07604,0.23125,3.3899e+0,1.7104e+11,4.1355e+11
0.07813,0.23125,3.1178e+0,7.8203e+10,6.9832e+10
0.08021,0.23125,2.8399e+0,0.0000e+0,9.3182e+9
0.08229,0.23125,2.5549e+0,1.0394e+11,4.2592e+10
0.08438,0.23125,2.2709e+0,2.7370e+11,1.8867e+11
0.08646,0.23125,1.9918e+0,1.0650e+11,2.7015e+11
0.08854,0.23125,1.7012e+0,0.0000e+0,4.7279e+11
0.09062,0.23125,1.3814e+0,0.0000e+0,8.4110e+10
0.09271,0.23125,1.0622e+0,0.0000e+0,0.0000e+0
0.09479,0.23125,7.5017e-1,0.0000e+0,0.0000e+0
0.09688,0.23125,4.4494e-1,0.0000e+0,0.0000e+0
0.09896,0.23125,1.4623e-1,0.0000e+0,0.0000e+0
0.00104,0.23542,8.0321e+0,0.0000e+0,0.0000e+0
0.00313,0.23542,8.0324e+0,0.0000e+0,0.0000e+0
0.00521,0.23542,8.0331e+0,0.0000e+0,0.0000e+0
0.00729,0.23542,8.0337e+0,0.0000e+0,0.0000e+0
0.00937,0.23542,8.0328e+0,0.0000e+0,0.0000e+0
0.01146,0.23542,8.0256e+0,0.0000e+0,1.8244e+11
0.01354,0.23542,7.9906e+0,0.0000e+0,1.8854e+11
0.01563,0.23542,7.9341e+0,0.0000e+0,2.9371e+11
0.01771,0.23542,7.8588e+0,0.0000e+0,7.8675e+11
0.01979,0.23542,7.7424e+0,3.5190e+11,3.5132e+10
0.02187,0.23542,7.6690e+0,1.2335e+11,7.2730e+11
0.02396,0.23542,7.5634e+0,0.0000e+0,2.8454e+11
0.02604,0.23542,7.4552e+0,3.7720e+10,1.0199e+11
0.02813,0.23542,7.3585e+0,1.2513e+11,6.7682e+11
0.03021,0.23542,7.2438e+0,0.0000e+0,0.0000e+0
0.03229,0.23542,7.1445e+0,0.0000e+0,0.0000e+0
0.03438,0.23542,7.0589e+0,2.4152e+11,1.4974e+11
0.03646,0.23542,6.9925e+0,2.6258e+11,8.8055e+11
0.03854,0.23542,6.8964e+0,0.0000e+0,1.0886e+12
0.04063,0.23542,6.7399e+0,0.0000e+0,4.0083e+11
0.04271,0.23542,6.5765e+0,0.0000e+0,3.8153e+11
0.04479,0.23542,6.4061e+0,2.8373e+11,1.2085e+11
0.04688,0.23542,6.2611e+0,1.0683e+10,5.5560e+10
0.04896,0.23542,6.1217e+0,0.0000e+0,3.4628e+11
0.05104,0.23542,5.9653e+0,0.0000e+0,1.0974e+11
0.05312,0.23542,5.8085e+0,0.0000e+0,6.5351e+11
0.05521,0.23542,5.6154e+0,1.5692e+11,3.0603e+11
0.05729,0.23542,5.4240e+0,1.9034e+11,3.7241e+11
0.05937,0.23542,5.2276e+0,1.0267e+11,1.5682e+11
0.06146,0.23542,5.0313e+0,5.3904e+10,9.5944e+10
0.06354,0.23542,4.8366e+0,0.0000e+0,6.1419e+11
0.06563,0.23542,4.6088e+0,1.7505e+11,4.0374e+11
0.06771,0.23542,4.3762e+0,2.0103e+11,2.5642e+11
0.06979,0.23542,4.1494e+0,1.3361e+11,2.0709e+11
0.07187,0.23542,3.9252e+0,6.8658e+10,2.2540e+11
0.07396,0.23542,3.6973e+0,0.0000e+0,5.9816e+11
0.07604,0.23542,3.4340e+0,0.0000e+0,3.7252e+11
0.07813,0.23542,3.1492e+0,2.8273e+10,1.8300e+11
0.08021,0.23542,2.8586e+0,6.7478e+10,1.6245e+11
0.08229,0.23542,2.5650e+0,1.8266e+11,4.8891e+10
0.08438,0.23542,2.2863e+0,7.6147e+10,2.0399e+11
0.08646,0.23542,2.0049e+0,0.0000e+0,3.4448e+11
0.08854,0.23542,1.7042e+0,0.0000e+0,2.5720e+11
0.09062,0.23542,1.3881e+0,0.0000e+0,1.5175e+11
0.09271,0.23542,1.0674e+0,0.0000e+0,0.0000e+0
0.09479,0.23542,7.5380e-1,0.0000e+0,0.0000e+0
0.09688,0.23542,4.4710e-1,0.0000e+0,0.0000e+0
0.09896,0.23542,1.4694e-1,0.0000e+0,0.0000e+0
0.00104,0.23958,8.1863e+0,0.0000e+0,0.0000e+0
0.00313,0.23958,8.1860e+0,0.0000e+0,0.0000e+0
0.00521,0.23958,8.1861e+0,0.0000e+0,0.0000e+0
0.00729,0.23958,8.1874e+0,0.0000e+0,0.0000e+0
0.00937,0.23958,8.1898e+0,0.0000e+0,1.0388e+11
0.01146,0.23958,8.1850e+0,0.0000e+0,3.2975e+11
0.01354,0.23958,8.1573e+0,0.0000e+0,9.6340e+11
0.01563,0.23958,8.0868e+0,0.0000e+0,1.3716e+12
0.01771,0.23958,7.9576e+0,0.0000e+0,6.0917e+11
0.01979,0.23958,7.8158e+0,4.6366e+11,2.8634e+11
0.02187,0.23958,7.7119e+0,1.6253e+11,4.8943e+11
0.02396,0.23958,7.5911e+0,0.0000e+0,9.7197e+10
0.02604,0.23958,7.4747e+0,0.0000e+0,0.0000e+0
0.02813,0.23958,7.3674e+0,0.0000e+0,0.0000e+0
0.03021,0.23958,7.2671e+0,0.0000e+0,0.0000e+0
0.03229,0.23958,7.1783e+0,0.0000e+0,0.0000e+0
0.03438,0.23958,7.1065e+0,2.8810e+11,4.3155e+11
0.03646,0.23958,7.0485e+0,1.7131e+11,1.1441e+12
0.03854,0.23958,6.9445e+0,0.0000e+0,1.4188e+12
0.04063,0.23958,6.7725e+0,0.0000e+0,4.0140e+11
0.04271,0.23958,6.6030e+0,1.0995e+11,4.5869e+11
0.04479,0.23958,6.4308e+0,2.9772e+11,1.7315e+10
0.04688,0.23958,6.2959e+0,7.4286e+9,3.3036e+11
0.04896,0.23958,6.1561e+0,0.0000e+0,5.4811e+11
0.05104,0.23958,5.9957e+0,0.0000e+0,4.4804e+11
0.05312,0.23958,5.8216e+0,6.0922e+10,3.5215e+11
0.05521,0.23958,5.6397e+0,1.5024e+11,4.2643e+11
0.05729,0.23958,5.4530e+0,1.7185e+11,4.2165e+11
0.05937,0.23958,5.2628e+0,3.6552e+11,6.1566e+11
0.06146,0.23958,5.0674e+0,0.0000e+0,6.7391e+11
0.06354,0.23958,4.8345e+0,0.0000e+0,2.3648e+9
0.06563,0.23958,4.6037e+0,1.7030e+11,0.0000e+0
0.06771,0.23958,4.3836e+0,4.0010e+10,0.0000e+0
0.06979,0.23958,4.1660e+0,4.2313e+10,0.0000e+0
0.07187,0.23958,3.9522e+0,1.8673e+11,2.3306e+11
0.07396,0.23958,3.7364e+0,0.0000e+0,6.4755e+11
0.07604,0.23958,3.4769e+0,2.3812e+11,6.7553e+11
0.07813,0.23958,3.1884e+0,1.8870e+11,3.9675e+11
0.08021,0.23958,2.8885e+0,2.2911e+11,1.6956e+11
0.08229,0.23958,2.5905e+0,9.6679e+10,3.1194e+10
0.08438,0.23958,2.2998e+0,2.8750e+11,1.7755e+11
0.08646,0.23958,2.0160e+0,1.3454e+10,2.4260e+11
0.08854,0.23958,1.7168e+0,0.0000e+0,3.7883e+11
0.09062,0.23958,1.3948e+0,0.0000e+0,1.0756e+11
0.09271,0.23958,1.0724e+0,0.0000e+0,0.0000e+0
0.09479,0.23958,7.5729e-1,0.0000e+0,0.0000e+0
0.09688,0.23958,4.4916e-1,0.0000e+0,0.0000e+0
0.09896,0.23958,1.4762e-1,0.0000e+0,0.0000e+0
0.00104,0.24375,8.3405e+0,0.0000e+0,0.0000e+0
0.00313,0.24375,8.3374e+0,0.0000e+0,0.0000e+0
0.00521,0.24375,8.3344e+0,0.0000e+0,0.0000e+0
0.00729,0.24375,8.3348e+0,0.0000e+0,0.0000e+0
0.00937,0.24375,8.3438e+0,0.0000e+0,3.8566e+11
0.01146,0.24375,8.3455e+0,0.0000e+0,2.2372e+12
0.01354,0.24375,8.2227e+0,0.0000e+0,4.3167e+11
0.01563,0.24375,8.0971e+0,0.0000e+0,0.0000e+0
0.01771,0.24375,7.9789e+0,3.1068e+11,6.2145e+10
0.01979,0.24375,7.8810e+0,2.7178e+11,1.1431e+12
0.02187,0.24375,7.7406e+0,0.0000e+0,1.6698e+10
0.02396,0.24375,7.6125e+0,0.0000e+0,0.0000e+0
0.02604,0.24375,7.4930e+0,0.0000e+0,0.0000e+0
0.02813,0.24375,7.3792e+0,0.0000e+0,0.0000e+0
0.03021,0.24375,7.2704e+0,0.0000e+0,0.0000e+0
0.03229,0.24375,7.1655e+0,3.7341e+11,0.0000e+0
0.03438,0.24375,7.0876e+0,2.4661e+10,3.4641e+11
0.03646,0.24375,6.9865e+0,0.0000e+0,4.3003e+11
0.03854,0.24375,6.8490e+0,2.3848e+11,2.7610e+11
0.04063,0.24375,6.7034e+0,1.7028e+11,1.0517e+11
0.04271,0.24375,6.5643e+0,1.5787e+11,2.0120e+11
0.04479,0.24375,6.4270e+0,1.7119e+11,6.2420e+11
0.04688,0.24375,6.2708e+0,3.8821e+11,3.1921e+11
0.04896,0.24375,6.1260e+0,0.0000e+0,1.7199e+11
0.05104,0.24375,5.9676e+0,2.0325e+11,3.5269e+11
0.05312,0.24375,5.8029e+0,3.9994e+11,6.5832e+11
0.05521,0.24375,5.6210e+0,2.8616e+11,1.5959e+11
0.05729,0.24375,5.4478e+0,2.5994e+10,1.0938e+11
0.05937,0.24375,5.2635e+0,1.4692e+11,2.5415e+11
0.06146,0.24375,5.0704e+0,0.0000e+0,3.2382e+11
0.06354,0.24375,4.8538e+0,0.0000e+0,9.2815e+8
0.06563,0.24375,4.6417e+0,0.0000e+0,2.2473e+11
0.06771,0.24375,4.4195e+0,8.3165e+10,5.1988e+10
0.06979,0.24375,4.2050e+0,1.0226e+11,3.9802e+10
0.07187,0.24375,4.0024e+0,0.0000e+0,5.2648e+11
0.07396,0.24375,3.7733e+0,0.0000e+0,4.5793e+11
0.07604,0.24375,3.5231e+0,8.2930e+10,6.4373e+11
0.07813,0.24375,3.2469e+0,1.2692e+11,5.8070e+11
0.08021,0.24375,2.9524e+0,4.6457e+10,4.7021e+11
0.08229,0.24375,2.6420e+0,4.7206e+10,1.1162e+11
0.08438,0.24375,2.3413e+0,2.0640e+11,3.2348e+11
0.08646,0.24375,2.0438e+0,7.2555e+10,3.7310e+11
0.08854,0.24375,1.7308e+0,1.9034e+11,5.2579e+11
0.09062,0.24375,1.3991e+0,2.3446e+11,1.7451e+11
0.09271,0.24375,1.0765e+0,9.4485e+9,0.0000e+0
0.09479,0.24375,7.6043e-1,0.0000e+0,0.0000e+0
0.09688,0.24375,4.5104e-1,0.0000e+0,0.0000e+0
0.09896,0.24375,1.4824e-1,0.0000e+0,0.0000e+0
0.00104,0.24792,8.5221e+0,0.0000e+0,0.0000e+0
0.00313,0.24792,8.4980e+0,0.0000e+0,0.0000e+0
0.00521,0.24792,8.4709e+0,0.0000e+0,0.0000e+0
0.00729,0.24792,8.4422e+0,0.0000e+0,0.0000e+0
0.00937,0.24792,8.4016e+0,0.0000e+0,1.6183e+11
0.01146,0.24792,8.3441e+0,0.0000e+0,5.6763e+11
0.01354,0.24792,8.2404e+0,0.0000e+0,1.2221e+11
0.01563,0.24792,8.1421e+0,0.0000e+0,3.5567e+11
0.01771,0.24792,8.0389e+0,3.2877e+11,9.4538e+11
0.01979,0.24792,7.9069e+0,2.8966e+11,6.5409e+11
0.02187,0.24792,7.7658e+0,1.3330e+11,0.0000e+0
0.02396,0.24792,7.6427e+0,0.0000e+0,0.0000e+0
0.02604,0.24792,7.5260e+0,0.0000e+0,4.3067e+10
0.02813,0.24792,7.4039e+0,2.7152e+11,3.9220e+10
0.03021,0.24792,7.2880e+0,4.4035e+11,1.8216e+11
0.03229,0.24792,7.1877e+0,2.7455e+11,2.8517e+11
0.03438,0.24792,7.0801e+0,1.8132e+10,0.0000e+0
0.03646,0.24792,6.9624e+0,0.0000e+0,4.3474e+11
0.03854,0.24792,6.8016e+0,6.6279e+11,3.4466e+11
0.04063,0.24792,6.6521e+0,6.2845e+11,0.0000e+0
0.04271,0.24792,6.5311e+0,0.0000e+0,0.0000e+0
0.04479,0.24792,6.3973e+0,6.9781e+10,1.1077e+11
0.04688,0.24792,6.2512e+0,6.6807e+11,3.6884e+11
0.04896,0.24792,6.1223e+0,1.1259e+11,7.5356e+11
0.05104,0.24792,5.9483e+0,5.7125e+11,5.2660e+11
0.05312,0.24792,5.7836e+0,3.9724e+11,8.9795e+10
0.05521,0.24792,5.6402e+0,3.0925e+11,4.6958e+11
0.05729,0.24792,5.4880e+0,0.0000e+0,8.0474e+11
0.05937,0.24792,5.2929e+0,2.1591e+9,2.6989e+11
0.06146,0.24792,5.0928e+0,2.4354e+10,3.2059e+11
0.06354,0.24792,4.8829e+0,0.0000e+0,5.6552e+10
0.06563,0.24792,4.6776e+0,0.0000e+0,2.4538e+11
0.06771,0.24792,4.4634e+0,2.1980e+11,5.9818e+11
0.06979,0.24792,4.2368e+0,1.8650e+11,1.7993e+11
0.07187,0.24792,4.0183e+0,1.2433e+10,3.4434e+11
0.07396,0.24792,3.7777e+0,3.3527e+11,4.4158e+11
0.07604,0.24792,3.5260e+0,6.9872e+10,1.3484e+11
0.07813,0.24792,3.2680e+0,0.0000e+0,5.1751e+11
0.08021,0.24792,2.9764e+0,0.0000e+0,3.9576e+11
0.08229,0.24792,2.6686e+0,0.0000e+0,1.1283e+11
0.08438,0.24792,2.3679e+0,0.0000e+0,1.9365e+11
0.08646,0.24792,2.0673e+0,7.9697e+10,5.2496e+11
0.08854,0.24792,1.7483e+0,1.3700e+11,5.6924e+11
0.09062,0.24792,1.4137e+0,4.0790e+10,1.4725e+11
0.09271,0.24792,1.0839e+0,1.2423e+9,0.0000e+0
0.09479,0.24792,7.6427e-1,0.0000e+0,0.0000e+0
0.09688,0.24792,4.5289e-1,0.0000e+0,0.0000e+0
0.09896,0.24792,1.4879e-1,0.0000e+0,0.0000e+0
0.00104,0.25208,8.8956e+0,0.0000e+0,3.8720e+12
0.00313,0.25208,8.7381e+0,0.0000e+0,2.5313e+11
0.00521,0.25208,8.6591e+0,0.0000e+0,0.0000e+0
0.00729,0.25208,8.6359e+0,0.0000e+0,2.3297e+12
0.00937,0.25208,8.5200e+0,0.0000e+0,9.1394e+11
0.01146,0.25208,8.4070e+0,0.0000e+0,1.0474e+12
0.01354,0.25208,8.2609e+0,0.0000e+0,0.0000e+0
0.01563,0.25208,8.1493e+0,0.0000e+0,4.4448e+10
0.01771,0.25208,8.0587e+0,0.0000e+0,9.6946e+11
0.01979,0.25208,7.9205e+0,1.3515e+10,1.7066e+11
0.02187,0.25208,7.7843e+0,1.1969e+12,5.3983e+11
0.02396,0.25208,7.6903e+0,1.8491e+11,6.5284e+10
0.02604,0.25208,7.6047e+0,0.0000e+0,3.9049e+11
0.02813,0.25208,7.4956e+0,1.8883e+10,3.5560e+11
0.03021,0.25208,7.3740e+0,3.0625e+10,9.5137e+10
0.03229,0.25208,7.2628e+0,0.0000e+0,2.9096e+11
0.03438,0.25208,7.1450e+0,0.0000e+0,4.9385e+11
0.03646,0.25208,7.0061e+0,2.8234e+10,3.3776e+11
0.03854,0.25208,6.8541e+0,1.7511e+11,1.8100e+11
0.04063,0.25208,6.7093e+0,0.0000e+0,0.0000e+0
0.04271,0.25208,6.5743e+0,0.0000e+0,2.1383e+11
0.04479,0.25208,6.4332e+0,0.0000e+0,4.3276e+11
0.04688,0.25208,6.2696e+0,1.0377e+11,1.8004e+10
0.04896,0.25208,6.1195e+0,6.0461e+10,3.6058e+11
0.05104,0.25208,5.9539e+0,5.6302e+10,8.1217e+10
0.05312,0.25208,5.7967e+0,8.0399e+10,1.7289e+11
0.05521,0.25208,5.6499e+0,2.5566e+10,6.5865e+11
0.05729,0.25208,5.4748e+0,3.5952e+10,3.9598e+11
0.05937,0.25208,5.2856e+0,5.8574e+10,2.8635e+11
0.06146,0.25208,5.0890e+0,3.1129e+11,2.3736e+11
0.06354,0.25208,4.9033e+0,0.0000e+0,3.9366e+11
0.06563,0.25208,4.6985e+0,0.0000e+0,3.8867e+11
0.06771,0.25208,4.4744e+0,1.6787e+11,1.9826e+11
0.06979,0.25208,4.2565e+0,2.1710e+11,2.4342e+11
0.07187,0.25208,4.0493e+0,1.1254e+9,4.9248e+11
0.07396,0.25208,3.8221e+0,1.4558e+11,8.8646e+11
0.07604,0.25208,3.5627e+0,8.8830e+10,5.9287e+11
0.07813,0.25208,3.2901e+0,0.0000e+0,9.1708e+11
0.08021,0.25208,2.9721e+0,5.0421e+9,9.9504e+10
0.08229,0.25208,2.6623e+0,7.9244e+10,9.0688e+10
0.08438,0.25208,2.3635e+0,2.0090e+11,5.6777e+11
0.08646,0.25208,2.0511e+0,0.0000e+0,2.3218e+11
0.08854,0.25208,1.7292e+0,0.0000e+0,9.6901e+10
0.09062,0.25208,1.4056e+0,0.0000e+0,1.0759e+11
0.09271,0.25208,1.0803e+0,0.0000e+0,0.0000e+0
0.09479,0.25208,7.6259e-1,0.0000e+0,0.0000e+0
0.09688,0.25208,4.5214e-1,0.0000e+0,0.0000e+0
0.09896,0.25208,1.4857e-1,0.0000e+0,0.0000e+0
0.00104,0.25625,9.3116e+0,0.0000e+0,1.4102e+13
0.00313,0.25625,8.9002e+0,0.0000e+0,1.4456e+12
0.00521,0.25625,8.7052e+0,0.0000e+0,1.2589e+12
0.00729,0.25625,8.5486e+0,0.0000e+0,2.9247e+11
0.00937,0.25625,8.4412e+0,0.0000e+0,2.7590e+11
0.01146,0.25625,8.3681e+0,0.0000e+0,1.7226e+12
0.01354,0.25625,8.2219e+0,0.0000e+0,3.1502e+10
0.01563,0.25625,8.1124e+0,0.0000e+0,9.2992e+10
0.01771,0.25625,8.0187e+0,0.0000e+0,2.7149e+11
0.01979,0.25625,7.9306e+0,9.5056e+10,9.9826e+10
0.02187,0.25625,7.8820e+0,3.2186e+11,1.3673e+12
0.02396,0.25625,7.8054e+0,1.7700e+11,1.3944e+12
0.02604,0.25625,7.6859e+0,0.0000e+0,5.0718e+11
0.02813,0.25625,7.5630e+0,1.1946e+11,6.5577e+11
0.03021,0.25625,7.4286e+0,1.6705e+11,2.7575e+11
0.03229,0.25625,7.3025e+0,3.1292e+11,3.3154e+11
0.03438,0.25625,7.1704e+0,2.6255e+11,1.0114e+11
0.03646,0.25625,7.0459e+0,5.3054e+10,1.5030e+11
0.03854,0.25625,6.9071e+0,3.2905e+11,4.4001e+11
0.04063,0.25625,6.7560e+0,3.8539e+10,1.4690e+11
0.04271,0.25625,6.6013e+0,1.2242e+11,1.9395e+11
0.04479,0.25625,6.4518e+0,0.0000e+0,2.8816e+11
0.04688,0.25625,6.2915e+0,0.0000e+0,5.2263e+11
0.04896,0.25625,6.1104e+0,3.7413e+11,4.1424e+11
0.05104,0.25625,5.9424e+0,3.5879e+10,1.8513e+11
0.05312,0.25625,5.7724e+0,1.3706e+10,1.6145e+11
0.05521,0.25625,5.6005e+0,5.5631e+11,5.1062e+11
0.05729,0.25625,5.4300e+0,1.7896e+11,1.1857e+11
0.05937,0.25625,5.2634e+0,1.4695e+11,3.5469e+11
0.06146,0.25625,5.0913e+0,5.8340e+10,5.5577e+11
0.06354,0.25625,4.9025e+0,2.8534e+10,4.3376e+11
0.06563,0.25625,4.7014e+0,4.2946e+10,5.6335e+11
0.06771,0.25625,4.4813e+0,5.0710e+10,4.2329e+11
0.06979,0.25625,4.2485e+0,1.1937e+11,4.6318e+10
0.07187,0.25625,4.0312e+0,9.9755e+10,6.1583e+11
0.07396,0.25625,3.7850e+0,5.1515e+11,8.3359e+11
0.07604,0.25625,3.5212e+0,2.3973e+11,6.2077e+11
0.07813,0.25625,3.2375e+0,1.0432e+11,3.0524e+11
0.08021,0.25625,2.9384e+0,5.7720e+10,2.1534e+11
0.08229,0.25625,2.6314e+0,2.0552e+11,6.9225e+10
0.08438,0.25625,2.3342e+0,9.9957e+9,9.9638e+10
0.08646,0.25625,2.0304e+0,0.0000e+0,1.2697e+11
0.08854,0.25625,1.7174e+0,0.0000e+0,1.2162e+11
0.09062,0.25625,1.3998e+0,0.0000e+0,1.9195e+11
0.09271,0.25625,1.0757e+0,0.0000e+0,0.0000e+0
0.09479,0.25625,7.5934e-1,0.0000e+0,0.0000e+0
0.09688,0.25625,4.5026e-1,0.0000e+0,0.0000e+0
0.09896,0.25625,1.4797e-1,0.0000e+0,0.0000e+0
0.00104,0.26042,8.5914e+0,0.0000e+0,0.0000e+0
0.00313,0.26042,8.5508e+0,0.0000e+0,9.0769e+11
0.00521,0.26042,8.4830e+0,0.0000e+0,2.1821e+12
0.00729,0.26042,8.3244e+0,8.0655e+10,0.0000e+0
0.00937,0.26042,8.2179e+0,2.8501e+11,4.6950e+9
0.01146,0.26042,8.1601e+0,0.0000e+0,3.4135e+10
0.01354,0.26042,8.1050e+0,0.0000e+0,3.5411e+11
0.01563,0.26042,8.0376e+0,0.0000e+0,1.0456e+12
0.01771,0.26042,7.9141e+0,1.4560e+11,0.0000e+0
0.01979,0.26042,7.8188e+0,8.7522e+11,0.0000e+0
0.02187,0.26042,7.7802e+0,1.3721e+11,1.9276e+11
0.02396,0.26042,7.7542e+0,0.0000e+0,1.1889e+12
0.02604,0.26042,7.6603e+0,0.0000e+0,5.0477e+11
0.02813,0.26042,7.5498e+0,1.9879e+11,2.5967e+11
0.03021,0.26042,7.4485e+0,2.7799e+11,1.4381e+11
0.03229,0.26042,7.3721e+0,5.3410e+10,7.9686e+11
0.03438,0.26042,7.2708e+0,4.8601e+10,9.0961e+11
0.03646,0.26042,7.1524e+0,8.6363e+10,1.3823e+12
0.03854,0.26042,6.9903e+0,0.0000e+0,9.2108e+11
0.04063,0.26042,6.8098e+0,8.8496e+10,8.4614e+11
0.04271,0.26042,6.6152e+0,2.8111e+11,3.3942e+11
0.04479,0.26042,6.4521e+0,0.0000e+0,7.3654e+11
0.04688,0.26042,6.2624e+0,7.1285e+10,2.5303e+11
0.04896,0.26042,6.0774e+0,3.6910e+11,2.6386e+11
0.05104,0.26042,5.9145e+0,5.4805e+10,2.6516e+11
0.05312,0.26042,5.7429e+0,2.1718e+11,2.8176e+11
0.05521,0.26042,5.5754e+0,2.1370e+11,3.2260e+11
0.05729,0.26042,5.4081e+0,1.0425e+10,4.0735e+11
0.05937,0.26042,5.2283e+0,0.0000e+0,4.4517e+11
0.06146,0.26042,5.0323e+0,3.1117e+11,3.8460e+11
0.06354,0.26042,4.8450e+0,1.3435e+11,3.3307e+11
0.06563,0.26042,4.6479e+0,1.7117e+11,2.6747e+11
0.06771,0.26042,4.4513e+0,1.3807e+11,6.2171e+11
0.06979,0.26042,4.2294e+0,2.7241e+11,6.9142e+11
0.07187,0.26042,3.9895e+0,2.2224e+11,3.8743e+11
0.07396,0.26042,3.7424e+0,3.4836e+11,6.3064e+11
0.07604,0.26042,3.4798e+0,1.2825e+11,3.2575e+11
0.07813,0.26042,3.2123e+0,5.0198e+10,4.4576e+11
0.08021,0.26042,2.9233e+0,2.1491e+11,3.9546e+11
0.08229,0.26042,2.6316e+0,0.0000e+0,2.5640e+11
0.08438,0.26042,2.3338e+0,0.0000e+0,1.2787e+11
0.08646,0.26042,2.0364e+0,0.0000e+0,4.4492e+11
0.08854,0.26042,1.7154e+0,0.0000e+0,1.8262e+11
0.09062,0.26042,1.3893e+0,0.0000e+0,1.8631e+10
0.09271,0.26042,1.0685e+0,0.0000e+0,0.0000e+0
0.09479,0.26042,7.5461e-1,0.0000e+0,0.0000e+0
0.09688,0.26042,4.4756e-1,0.0000e+0,0.0000e+0
0.09896,0.26042,1.4709e-1,0.0000e+0,0.0000e+0
0.00104,0.26458,8.1949e+0,0.0000e+0,0.0000e+0
0.00313,0.26458,8.1699e+0,0.0000e+0,0.0000e+0
0.00521,0.26458,8.1201e+0,0.0000e+0,0.0000e+0
0.00729,0.26458,8.0434e+0,4.7340e+11,0.0000e+0
0.00937,0.26458,7.9495e+0,1.6728e+12,0.0000e+0
0.01146,0.26458,7.9718e+0,0.0000e+0,0.0000e+0
0.01354,0.26458,7.9641e+0,0.0000e+0,3.6207e+11
0.01563,0.26458,7.9175e+0,0.0000e+0,1.0800e+12
0.01771,0.26458,7.7949e+0,1.0545e+12,0.0000e+0
0.01979,0.26458,7.7316e+0,4.2147e+11,5.4053e+11
0.02187,0.26458,7.6515e+0,1.0839e+12,1.9635e+11
0.02396,0.26458,7.6215e+0,3.3298e+10,0.0000e+0
0.02604,0.26458,7.5754e+0,0.0000e+0,1.6693e+11
0.02813,0.26458,7.5182e+0,0.0000e+0,6.4289e+11
0.03021,0.26458,7.4294e+0,0.0000e+0,4.7897e+11
0.03229,0.26458,7.3255e+0,0.0000e+0,6.0677e+11
0.03438,0.26458,7.1988e+0,2.2089e+10,6.4972e+11
0.03646,0.26458,7.0528e+0,5.0350e+11,9.0178e+11
0.03854,0.26458,6.8953e+0,0.0000e+0,7.1298e+11
0.04063,0.26458,6.7117e+0,0.0000e+0,3.2311e+11
0.04271,0.26458,6.5319e+0,1.7691e+11,5.2121e+11
0.04479,0.26458,6.3598e+0,1.5995e+11,5.8851e+11
0.04688,0.26458,6.1878e+0,1.2657e+11,4.2749e+11
0.04896,0.26458,6.0224e+0,4.0655e+11,5.8742e+11
0.05104,0.26458,5.8731e+0,2.9713e+10,5.7830e+11
0.05312,0.26458,5.7138e+0,2.5719e+11,9.7776e+11
0.05521,0.26458,5.5383e+0,8.6258e+10,9.0518e+11
0.05729,0.26458,5.3367e+0,0.0000e+0,1.4176e+11
0.05937,0.26458,5.1442e+0,0.0000e+0,8.1676e+10
0.06146,0.26458,4.9531e+0,4.4889e+11,2.6184e+11
0.06354,0.26458,4.7773e+0,7.9260e+10,2.7636e+11
0.06563,0.26458,4.5907e+0,1.5021e+10,2.7661e+11
0.06771,0.26458,4.3913e+0,1.8916e+11,4.4315e+11
0.06979,0.26458,4.1801e+0,0.0000e+0,4.2037e+11
0.07187,0.26458,3.9475e+0,0.0000e+0,4.2809e+11
0.07396,0.26458,3.6942e+0,1.2620e+11,3.1269e+11
0.07604,0.26458,3.4350e+0,2.5693e+11,3.7441e+11
0.07813,0.26458,3.1768e+0,3.4954e+10,5.5568e+11
0.08021,0.26458,2.8915e+0,2.3685e+11,4.0918e+11
0.08229,0.26458,2.6059e+0,0.0000e+0,1.2714e+11
0.08438,0.26458,2.3209e+0,5.4833e+10,3.5796e+11
0.08646,0.26458,2.0267e+0,5.8485e+8,5.4541e+11
0.08854,0.26458,1.7065e+0,0.0000e+0,2.0719e+11
0.09062,0.26458,1.3820e+0,0.0000e+0,4.8916e+10
0.09271,0.26458,1.0621e+0,0.0000e+0,0.0000e+0
0.09479,0.26458,7.4983e-1,0.0000e+0,0.0000e+0
0.09688,0.26458,4.4465e-1,0.0000e+0,0.0000e+0
0.09896,0.26458,1.4613e-1,0.0000e+0,0.0000e+0
0.00104,0.26875,7.9990e+0,0.0000e+0,0.0000e+0
0.00313,0.26875,7.9875e+0,0.0000e+0,0.0000e+0
0.00521,0.26875,7.9662e+0,0.0000e+0,0.0000e+0
0.00729,0.26875,7.9388e+0,0.0000e+0,0.0000e+0
0.00937,0.26875,7.9123e+0,0.0000e+0,0.0000e+0
0.01146,0.26875,7.8976e+0,0.0000e+0,0.0000e+0
0.01354,0.26875,7.8822e+0,0.0000e+0,0.0000e+0
0.01563,0.26875,7.8610e+0,0.0000e+0,7.5867e+11
0.01771,0.26875,7.7785e+0,1.5430e+10,1.2464e+11
0.01979,0.26875,7.6948e+0,2.9461e+11,2.6685e+11
0.02187,0.26875,7.6223e+0,3.3718e+11,3.4350e+11
0.02396,0.26875,7.5665e+0,6.0118e+9,3.3804e+11
0.02604,0.26875,7.4992e+0,0.0000e+0,2.8018e+11
0.02813,0.26875,7.4321e+0,0.0000e+0,7.1053e+11
0.03021,0.26875,7.3471e+0,0.0000e+0,1.3135e+12
0.03229,0.26875,7.2091e+0,0.0000e+0,8.1150e+11
0.03438,0.26875,7.0549e+0,0.0000e+0,4.7338e+11
0.03646,0.26875,6.8984e+0,0.0000e+0,6.8693e+11
0.03854,0.26875,6.7176e+0,0.0000e+0,2.4092e+11
0.04063,0.26875,6.5346e+0,0.0000e+0,2.7184e+10
0.04271,0.26875,6.3543e+0,2.2283e+11,2.4480e+11
0.04479,0.26875,6.1661e+0,7.5116e+11,7.2420e+10
0.04688,0.26875,6.0159e+0,2.5260e+11,1.2774e+11
0.04896,0.26875,5.8707e+0,1.8967e+11,3.9162e+11
0.05104,0.26875,5.7191e+0,1.2022e+11,4.0258e+11
0.05312,0.26875,5.5467e+0,3.5571e+11,1.2005e+11
0.05521,0.26875,5.3821e+0,2.6244e+11,2.0161e+11
0.05729,0.26875,5.2130e+0,5.2504e+11,3.5060e+11
0.05937,0.26875,5.0555e+0,5.0777e+11,6.1347e+11
0.06146,0.26875,4.8895e+0,1.7217e+11,4.3546e+11
0.06354,0.26875,4.7168e+0,4.3283e+10,4.7518e+11
0.06563,0.26875,4.5242e+0,9.3671e+9,2.0229e+11
0.06771,0.26875,4.3243e+0,1.1796e+11,3.6475e+11
0.06979,0.26875,4.1110e+0,0.0000e+0,2.0794e+11
0.07187,0.26875,3.8822e+0,0.0000e+0,1.4520e+11
0.07396,0.26875,3.6408e+0,1.9875e+11,4.6867e+11
0.07604,0.26875,3.3776e+0,3.3334e+11,2.8927e+11
0.07813,0.26875,3.1137e+0,2.6519e+11,2.8672e+11
0.08021,0.26875,2.8418e+0,1.7996e+11,2.0066e+11
0.08229,0.26875,2.5667e+0,0.0000e+0,2.0577e+11
0.08438,0.26875,2.2775e+0,2.0772e+11,2.8890e+11
0.08646,0.26875,1.9807e+0,2.2155e+9,6.1813e+10
0.08854,0.26875,1.6795e+0,0.0000e+0,1.6526e+11
0.09062,0.26875,1.3710e+0,0.0000e+0,2.3641e+11
0.09271,0.26875,1.0535e+0,0.0000e+0,0.0000e+0
0.09479,0.26875,7.4377e-1,0.0000e+0,0.0000e+0
0.09688,0.26875,4.4110e-1,0.0000e+0,0.0000e+0
0.09896,0.26875,1.4497e-1,0.0000e+0,0.0000e+0
0.00104,0.27292,7.8945e+0,0.0000e+0,0.0000e+0
0.00313,0.27292,7.8878e+0,0.0000e+0,0.0000e+0
0.00521,0.27292,7.8757e+0,0.0000e+0,0.0000e+0
0.00729,0.27292,7.8609e+0,0.0000e+0,0.0000e+0
0.00937,0.27292,7.8469e+0,0.0000e+0,0.0000e+0
0.01146,0.27292,7.8375e+0,0.0000e+0,0.0000e+0
0.01354,0.27292,7.8347e+0,0.0000e+0,4.1922e+10
0.01563,0.27292,7.8389e+0,0.0000e+0,1.3586e+12
0.01771,0.27292,7.7674e+0,4.9326e+11,1.8493e+12
0.01979,0.27292,7.6417e+0,6.5587e+11,3.5320e+11
0.02187,0.27292,7.5618e+0,0.0000e+0,5.2659e+11
0.02396,0.27292,7.4731e+0,0.0000e+0,8.2872e+11
0.02604,0.27292,7.3557e+0,2.9555e+11,1.0429e+12
0.02813,0.27292,7.2170e+0,3.2024e+11,3.3491e+11
0.03021,0.27292,7.0950e+0,0.0000e+0,3.5452e+11
0.03229,0.27292,6.9405e+0,4.7048e+11,6.0244e+9
0.03438,0.27292,6.8090e+0,1.0874e+11,8.1967e+10
0.03646,0.27292,6.6642e+0,1.0529e+11,3.5699e+10
0.03854,0.27292,6.5126e+0,3.1666e+11,0.0000e+0
0.04063,0.27292,6.3755e+0,1.2449e+11,1.0282e+11
0.04271,0.27292,6.2334e+0,1.0465e+11,5.1329e+11
0.04479,0.27292,6.0645e+0,3.3006e+11,4.7641e+11
0.04688,0.27292,5.8844e+0,4.9110e+11,1.5095e+11
0.04896,0.27292,5.7146e+0,1.4014e+12,5.3218e+11
0.05104,0.27292,5.5771e+0,5.3598e+11,3.9730e+9
0.05312,0.27292,5.4464e+0,1.1284e+11,1.9266e+11
0.05521,0.27292,5.2913e+0,4.1718e+11,3.3017e+11
0.05729,0.27292,5.1306e+0,5.9165e+11,3.7610e+11
0.05937,0.27292,4.9764e+0,3.2268e+11,5.0685e+11
0.06146,0.27292,4.7999e+0,5.3564e+11,2.9095e+11
0.06354,0.27292,4.6296e+0,1.0662e+11,1.6163e+11
0.06563,0.27292,4.4496e+0,0.0000e+0,6.2132e+10
0.06771,0.27292,4.2632e+0,0.0000e+0,1.8471e+11
0.06979,0.27292,4.0649e+0,0.0000e+0,2.9800e+11
0.07187,0.27292,3.8486e+0,2.5785e+11,4.5128e+11
0.07396,0.27292,3.6224e+0,2.1166e+10,6.3192e+11
0.07604,0.27292,3.3594e+0,1.4964e+11,2.8965e+11
0.07813,0.27292,3.0989e+0,4.0783e+10,2.8012e+11
0.08021,0.27292,2.8279e+0,0.0000e+0,2.0176e+11
0.08229,0.27292,2.5474e+0,0.0000e+0,1.0396e+11
0.08438,0.27292,2.2643e+0,0.0000e+0,2.6250e+11
0.08646,0.27292,1.9655e+0,0.0000e+0,1.3523e+11
0.08854,0.27292,1.6587e+0,0.0000e+0,2.6008e+10
0.09062,0.27292,1.3509e+0,0.0000e+0,3.9559e+10
0.09271,0.27292,1.0415e+0,0.0000e+0,0.0000e+0
0.09479,0.27292,7.3652e-1,0.0000e+0,0.0000e+0
0.09688,0.27292,4.3717e-1,0.0000e+0,0.0000e+0
0.09896,0.27292,1.4373e-1,0.0000e+0,0.0000e+0
0.00104,0.27708,7.8437e+0,0.0000e+0,0.0000e+0
0.00313,0.27708,7.8348e+0,0.0000e+0,0.0000e+0
0.00521,0.27708,7.8179e+0,0.0000e+0,0.0000e+0
0.00729,0.27708,7.7962e+0,0.0000e+0,0.0000e+0
0.00937,0.27708,7.7736e+0,0.0000e+0,0.0000e+0
0.01146,0.27708,7.7550e+0,0.0000e+0,0.0000e+0
0.01354,0.27708,7.7462e+0,0.0000e+0,6.0934e+11
0.01563,0.27708,7.7112e+0,0.0000e+0,1.1961e+12
0.01771,0.27708,7.6170e+0,0.0000e+0,5.4904e+11
0.01979,0.27708,7.5158e+0,0.0000e+0,6.2511e+11
0.02187,0.27708,7.4025e+0,0.0000e+0,5.4534e+11
0.02396,0.27708,7.2697e+0,0.0000e+0,5.7474e+11
0.02604,0.27708,7.1015e+0,8.7433e+11,8.6138e+10
0.02813,0.27708,6.9755e+0,9.8533e+11,5.6358e+10
0.03021,0.27708,6.8997e+0,0.0000e+0,6.7657e+11
0.03229,0.27708,6.7650e+0,2.0434e+11,0.0000e+0
0.03438,0.27708,6.6428e+0,2.1082e+11,3.3664e+10
0.03646,0.27708,6.5231e+0,2.2423e+11,4.9266e+11
0.03854,0.27708,6.3879e+0,1.0976e+11,7.3464e+10
0.04063,0.27708,6.2615e+0,1.1411e+11,3.0364e+11
0.04271,0.27708,6.1251e+0,8.6341e+11,7.4817e+11
0.04479,0.27708,5.9932e+0,3.3619e+11,4.4714e+11
0.04688,0.27708,5.8631e+0,3.0382e+11,3.9270e+11
0.04896,0.27708,5.7324e+0,8.3364e+10,6.1076e+11
0.05104,0.27708,5.5808e+0,2.8636e+10,1.2153e+11
0.05312,0.27708,5.4355e+0,0.0000e+0,3.4243e+11
0.05521,0.27708,5.2754e+0,5.3600e+10,2.4998e+11
0.05729,0.27708,5.1115e+0,6.5605e+10,1.1064e+11
0.05937,0.27708,4.9519e+0,2.2601e+8,3.1381e+11
0.06146,0.27708,4.7741e+0,1.1604e+10,6.2367e+10
0.06354,0.27708,4.5947e+0,0.0000e+0,7.5051e+10
0.06563,0.27708,4.4044e+0,8.0590e+10,0.0000e+0
0.06771,0.27708,4.2149e+0,2.0993e+10,5.1972e+9
0.06979,0.27708,4.0232e+0,2.3613e+11,4.3281e+11
0.07187,0.27708,3.8203e+0,7.9329e+10,6.9990e+11
0.07396,0.27708,3.5815e+0,2.1645e+10,3.7889e+11
0.07604,0.27708,3.3223e+0,1.5269e+11,4.3694e+10
0.07813,0.27708,3.0781e+0,1.1976e+11,4.7065e+11
0.08021,0.27708,2.8174e+0,1.4824e+11,5.7029e+11
0.08229,0.27708,2.5348e+0,1.2187e+11,1.6624e+11
0.08438,0.27708,2.2597e+0,2.2806e+10,4.2030e+11
0.08646,0.27708,1.9693e+0,0.0000e+0,4.2254e+11
0.08854,0.27708,1.6624e+0,0.0000e+0,2.1331e+11
0.09062,0.27708,1.3534e+0,0.0000e+0,2.2900e+11
0.09271,0.27708,1.0391e+0,0.0000e+0,0.0000e+0
0.09479,0.27708,7.3351e-1,0.0000e+0,0.0000e+0
0.09688,0.27708,4.3505e-1,0.0000e+0,0.0000e+0
0.09896,0.27708,1.4299e-1,0.0000e+0,0.0000e+0
0.00104,0.28125,7.8642e+0,0.0000e+0,0.0000e+0
0.00313,0.28125,7.8492e+0,0.0000e+0,0.0000e+0
0.00521,0.28125,7.8098e+0,0.0000e+0,0.0000e+0
0.00729,0.28125,7.7603e+0,0.0000e+0,0.0000e+0
0.00937,0.28125,7.7029e+0,0.0000e+0,0.0000e+0
0.01146,0.28125,7.6430e+0,0.0000e+0,0.0000e+0
0.01354,0.28125,7.5842e+0,0.0000e+0,6.1813e+11
0.01563,0.28125,7.4786e+0,8.5333e+11,5.2882e+11
0.01771,0.28125,7.3778e+0,4.5049e+11,0.0000e+0
0.01979,0.28125,7.2965e+0,0.0000e+0,6.6093e+10
0.02187,0.28125,7.1963e+0,0.0000e+0,1.0347e+11
0.02396,0.28125,7.0801e+0,2.9511e+11,3.2346e+11
0.02604,0.28125,6.9637e+0,2.0519e+11,1.2197e+10
0.02813,0.28125,6.8593e+0,0.0000e+0,6.3781e+10
0.03021,0.28125,6.7566e+0,3.6324e+11,4.6545e+11
0.03229,0.28125,6.6399e+0,1.3475e+10,5.5590e+10
0.03438,0.28125,6.5258e+0,0.0000e+0,6.6323e+10
0.03646,0.28125,6.4126e+0,9.5287e+10,5.2089e+11
0.03854,0.28125,6.2752e+0,2.5980e+11,4.0706e+10
0.04063,0.28125,6.1546e+0,1.4736e+11,1.1978e+11
0.04271,0.28125,6.0340e+0,2.8904e+11,1.5715e+11
0.04479,0.28125,5.9231e+0,4.3114e+10,0.0000e+0
0.04688,0.28125,5.8212e+0,0.0000e+0,3.7258e+11
0.04896,0.28125,5.7025e+0,4.6182e+10,5.9407e+11
0.05104,0.28125,5.5566e+0,6.9651e+10,3.9274e+11
0.05312,0.28125,5.4015e+0,3.4752e+10,3.0523e+11
0.05521,0.28125,5.2387e+0,2.0055e+11,3.0140e+11
0.05729,0.28125,5.0838e+0,0.0000e+0,1.4586e+11
0.05937,0.28125,4.9265e+0,1.0501e+11,2.7066e+11
0.06146,0.28125,4.7661e+0,1.5859e+11,3.7471e+11
0.06354,0.28125,4.6045e+0,0.0000e+0,7.0425e+11
0.06563,0.28125,4.4085e+0,1.8838e+11,4.6306e+11
0.06771,0.28125,4.2044e+0,4.9071e+10,2.5739e+11
0.06979,0.28125,3.9911e+0,2.7958e+11,4.0907e+11
0.07187,0.28125,3.7696e+0,8.8672e+10,1.8313e+11
0.07396,0.28125,3.5330e+0,0.0000e+0,4.5886e+10
0.07604,0.28125,3.2886e+0,0.0000e+0,0.0000e+0
0.07813,0.28125,3.0429e+0,1.1917e+11,2.3786e+11
0.08021,0.28125,2.7853e+0,1.7745e+11,4.2199e+11
0.08229,0.28125,2.5048e+0,1.0646e+11,8.5022e+10
0.08438,0.28125,2.2223e+0,1.9921e+10,2.5190e+10
0.08646,0.28125,1.9346e+0,0.0000e+0,4.6420e+10
0.08854,0.28125,1.6369e+0,0.0000e+0,2.0761e+10
0.09062,0.28125,1.3336e+0,0.0000e+0,1.0989e+10
0.09271,0.28125,1.0295e+0,0.0000e+0,0.0000e+0
0.09479,0.28125,7.2869e-1,0.0000e+0,0.0000e+0
0.09688,0.28125,4.3276e-1,0.0000e+0,0.0000e+0
0.09896,0.28125,1.4232e-1,0.0000e+0,0.0000e+0
0.00104,0.28542,8.0044e+0,0.0000e+0,0.0000e+0
0.00313,0.28542,8.0331e+0,0.0000e+0,3.2161e+12
0.00521,0.28542,7.9127e+0,0.0000e+0,8.0278e+11
0.00729,0.28542,7.8170e+0,0.0000e+0,1.1180e+12
0.00937,0.28542,7.6944e+0,0.0000e+0,5.3396e+11
0.01146,0.28542,7.5704e+0,0.0000e+0,0.0000e+0
0.01354,0.28542,7.4651e+0,0.0000e+0,0.0000e+0
0.01563,0.28542,7.3638e+0,4.3411e+10,0.0000e+0
0.01771,0.28542,7.2668e+0,2.2918e+10,0.0000e+0
0.01979,0.28542,7.1701e+0,0.0000e+0,0.0000e+0
0.02187,0.28542,7.0633e+0,0.0000e+0,0.0000e+0
0.02396,0.28542,6.9452e+0,2.3728e+11,0.0000e+0
0.02604,0.28542,6.8446e+0,1.6498e+11,5.6963e+9
0.02813,0.28542,6.7464e+0,0.0000e+0,1.8843e+9
0.03021,0.28542,6.6471e+0,3.4984e+11,4.1347e+11
0.03229,0.28542,6.5358e+0,1.2978e+10,1.9179e+11
0.03438,0.28542,6.4115e+0,3.6201e+11,1.9027e+11
0.03646,0.28542,6.2920e+0,4.9100e+11,2.7660e+11
0.03854,0.28542,6.1749e+0,5.2808e+11,1.7795e+11
0.04063,0.28542,6.0728e+0,2.3565e+11,1.4510e+11
0.04271,0.28542,5.9680e+0,9.0603e+10,6.1831e+10
0.04479,0.28542,5.8590e+0,8.4241e+10,2.6608e+10
0.04688,0.28542,5.7486e+0,5.1152e+9,3.4355e+10
0.04896,0.28542,5.6291e+0,1.3164e+11,4.0629e+11
0.05104,0.28542,5.4883e+0,1.9854e+11,4.7912e+11
0.05312,0.28542,5.3318e+0,3.6749e+11,2.7780e+11
0.05521,0.28542,5.1760e+0,5.0732e+11,2.2994e+11
0.05729,0.28542,5.0427e+0,0.0000e+0,3.6245e+11
0.05937,0.28542,4.8832e+0,4.2140e+10,7.7786e+10
0.06146,0.28542,4.7190e+0,2.2296e+11,1.7622e+11
0.06354,0.28542,4.5542e+0,2.1957e+11,2.6334e+11
0.06563,0.28542,4.3799e+0,0.0000e+0,1.9148e+11
0.06771,0.28542,4.1909e+0,0.0000e+0,2.6812e+11
0.06979,0.28542,3.9846e+0,0.0000e+0,2.3915e+11
0.07187,0.28542,3.7639e+0,0.0000e+0,2.0749e+11
0.07396,0.28542,3.5289e+0,1.3601e+10,7.6204e+10
0.07604,0.28542,3.2864e+0,1.9350e+11,3.4692e+10
0.07813,0.28542,3.0527e+0,2.3286e+10,4.7004e+11
0.08021,0.28542,2.7905e+0,0.0000e+0,2.0713e+11
0.08229,0.28542,2.5152e+0,8.7998e+10,1.4693e+11
0.08438,0.28542,2.2341e+0,1.8424e+11,1.4002e+11
0.08646,0.28542,1.9536e+0,3.2775e+10,2.8762e+11
0.08854,0.28542,1.6553e+0,0.0000e+0,2.7008e+11
0.09062,0.28542,1.3418e+0,0.0000e+0,0.0000e+0
0.09271,0.28542,1.0335e+0,0.0000e+0,0.0000e+0
0.09479,0.28542,7.3077e-1,0.0000e+0,0.0000e+0
0.09688,0.28542,4.3375e-1,0.0000e+0,0.0000e+0
0.09896,0.28542,1.4261e-1,0.0000e+0,0.0000e+0
0.00104,0.28958,7.9136e+0,0.0000e+0,0.0000e+0
0.00313,0.28958,7.9254e+0,0.0000e+0,1.8448e+12
0.00521,0.28958,7.8385e+0,0.0000e+0,4.6050e+11
0.00729,0.28958,7.7548e+0,0.0000e+0,7.8485e+11
0.00937,0.28958,7.6335e+0,0.0000e+0,3.7485e+11
0.01146,0.28958,7.5055e+0,0.0000e+0,0.0000e+0
0.01354,0.28958,7.3943e+0,0.0000e+0,0.0000e+0
0.01563,0.28958,7.2949e+0,0.0000e+0,0.0000e+0
0.01771,0.28958,7.2064e+0,0.0000e+0,1.1036e+11
0.01979,0.28958,7.1271e+0,0.0000e+0,7.5003e+11
0.02187,0.28958,7.0179e+0,0.0000e+0,7.3789e+11
0.02396,0.28958,6.8843e+0,0.0000e+0,2.5105e+10
0.02604,0.28958,6.7778e+0,1.3317e+11,6.2791e+11
0.02813,0.28958,6.6667e+0,3.9665e+11,2.0771e+11
0.03021,0.28958,6.5831e+0,0.0000e+0,5.5757e+11
0.03229,0.28958,6.4739e+0,0.0000e+0,2.8076e+11
0.03438,0.28958,6.3517e+0,6.4086e+11,3.5258e+11
0.03646,0.28958,6.2552e+0,2.7030e+11,3.2594e+11
0.03854,0.28958,6.1622e+0,6.4364e+10,3.0173e+11
0.04063,0.28958,6.0613e+0,1.7637e+11,3.5740e+11
0.04271,0.28958,5.9551e+0,1.8290e+11,4.0046e+11
0.04479,0.28958,5.8412e+0,3.8586e+11,5.6790e+11
0.04688,0.28958,5.7226e+0,2.3430e+10,4.3598e+11
0.04896,0.28958,5.5768e+0,2.9922e+10,1.0645e+11
0.05104,0.28958,5.4255e+0,2.9706e+11,1.4599e+11
0.05312,0.28958,5.2860e+0,1.8100e+11,2.3484e+11
0.05521,0.28958,5.1457e+0,2.7089e+10,3.3858e+10
0.05729,0.28958,5.0141e+0,0.0000e+0,2.3777e+11
0.05937,0.28958,4.8693e+0,0.0000e+0,2.4220e+11
0.06146,0.28958,4.7119e+0,1.5168e+11,2.2378e+11
0.06354,0.28958,4.5502e+0,1.8452e+11,3.7928e+11
0.06563,0.28958,4.3729e+0,2.2064e+11,3.4942e+11
0.06771,0.28958,4.1866e+0,2.1083e+10,2.8582e+11
0.06979,0.28958,3.9861e+0,0.0000e+0,2.5075e+11
0.07187,0.28958,3.7769e+0,0.0000e+0,2.8130e+11
0.07396,0.28958,3.5608e+0,2.6852e+10,5.4343e+11
0.07604,0.28958,3.3234e+0,3.0265e+11,7.6997e+11
0.07813,0.28958,3.0671e+0,2.8815e+10,1.8198e+11
0.08021,0.28958,2.8105e+0,0.0000e+0,5.3983e+10
0.08229,0.28958,2.5584e+0,1.8124e+10,4.2768e+11
0.08438,0.28958,2.2843e+0,1.3642e+11,5.1956e+11
0.08646,0.28958,1.9915e+0,7.1338e+10,5.0576e+11
0.08854,0.28958,1.6787e+0,0.0000e+0,2.3906e+11
0.09062,0.28958,1.3574e+0,0.0000e+0,9.4419e+9
0.09271,0.28958,1.0431e+0,0.0000e+0,0.0000e+0
0.09479,0.28958,7.3627e-1,0.0000e+0,0.0000e+0
0.09688,0.28958,4.3656e-1,0.0000e+0,0.0000e+0
0.09896,0.28958,1.4346e-1,0.0000e+0,0.0000e+0
0.00104,0.29375,7.7294e+0,0.0000e+0,0.0000e+0
0.00313,0.29375,7.7338e+0,0.0000e+0,0.0000e+0
0.00521,0.29375,7.7434e+0,0.0000e+0,1.0733e+12
0.00729,0.29375,7.7130e+0,0.0000e+0,2.1020e+12
0.00937,0.29375,7.5932e+0,0.0000e+0,1.0037e+12
0.01146,0.29375,7.4603e+0,0.0000e+0,4.4390e+11
0.01354,0.29375,7.3409e+0,0.0000e+0,2.8808e+11
0.01563,0.29375,7.2316e+0,0.0000e+0,3.9903e+11
0.01771,0.29375,7.1148e+0,0.0000e+0,3.6763e+10
0.01979,0.29375,7.0073e+0,0.0000e+0,2.4986e+11
0.02187,0.29375,6.8847e+0,0.0000e+0,2.4910e+11
0.02396,0.29375,6.7483e+0,5.1587e+10,8.4751e+9
0.02604,0.29375,6.6207e+0,7.7441e+11,0.0000e+0
0.02813,0.29375,6.5416e+0,2.1078e+11,0.0000e+0
0.03021,0.29375,6.4733e+0,0.0000e+0,0.0000e+0
0.03229,0.29375,6.4054e+0,0.0000e+0,5.1850e+11
0.03438,0.29375,6.3103e+0,3.0909e+10,2.0935e+11
0.03646,0.29375,6.2173e+0,9.6201e+9,1.4044e+11
0.03854,0.29375,6.1334e+0,0.0000e+0,5.8875e+11
0.04063,0.29375,6.0283e+0,0.0000e+0,1.9315e+11
0.04271,0.29375,5.9273e+0,0.0000e+0,3.7899e+11
0.04479,0.29375,5.8117e+0,0.0000e+0,2.5003e+11
0.04688,0.29375,5.6919e+0,0.0000e+0,5.9128e+11
0.04896,0.29375,5.5443e+0,8.8626e+10,3.1330e+11
0.05104,0.29375,5.3938e+0,5.1004e+11,5.8774e+11
0.05312,0.29375,5.2443e+0,3.3182e+11,2.1475e+11
0.05521,0.29375,5.1025e+0,6.0158e+11,3.7069e+11
0.05729,0.29375,4.9834e+0,1.4526e+11,3.9898e+11
0.05937,0.29375,4.8508e+0,8.7450e+10,1.0860e+11
0.06146,0.29375,4.7202e+0,0.0000e+0,4.1598e+11
0.06354,0.29375,4.5692e+0,0.0000e+0,6.4482e+11
0.06563,0.29375,4.3844e+0,8.9994e+10,4.7295e+11
0.06771,0.29375,4.1824e+0,8.5994e+9,2.9116e+11
0.06979,0.29375,3.9681e+0,0.0000e+0,9.9002e+10
0.07187,0.29375,3.7539e+0,2.1357e+11,3.3833e+11
0.07396,0.29375,3.5387e+0,5.8553e+10,2.4924e+11
0.07604,0.29375,3.3110e+0,2.3742e+11,5.1615e+11
0.07813,0.29375,3.0676e+0,1.3381e+11,3.1922e+11
0.08021,0.29375,2.8219e+0,0.0000e+0,6.2299e+10
0.08229,0.29375,2.5869e+0,0.0000e+0,7.6964e+11
0.08438,0.29375,2.3156e+0,0.0000e+0,8.0413e+11
0.08646,0.29375,2.0048e+0,0.0000e+0,2.2157e+11
0.08854,0.29375,1.6911e+0,0.0000e+0,2.3205e+11
0.09062,0.29375,1.3710e+0,0.0000e+0,1.6484e+11
0.09271,0.29375,1.0505e+0,0.0000e+0,0.0000e+0
0.09479,0.29375,7.4015e-1,0.0000e+0,0.0000e+0
0.09688,0.29375,4.3838e-1,0.0000e+0,0.0000e+0
0.09896,0.29375,1.4398e-1,0.0000e+0,0.0000e+0
0.00104,0.29792,7.5092e+0,0.0000e+0,0.0000e+0
0.00313,0.29792,7.5026e+0,0.0000e+0,0.0000e+0
0.00521,0.29792,7.4875e+0,0.0000e+0,7.5828e+10
0.00729,0.29792,7.4549e+0,0.0000e+0,1.4850e+11
0.00937,0.29792,7.4014e+0,0.0000e+0,5.4691e+11
0.01146,0.29792,7.3145e+0,0.0000e+0,2.4188e+11
0.01354,0.29792,7.2264e+0,0.0000e+0,3.4842e+11
0.01563,0.29792,7.1335e+0,0.0000e+0,4.8261e+11
0.01771,0.29792,7.0272e+0,0.0000e+0,3.0075e+11
0.01979,0.29792,6.9180e+0,0.0000e+0,6.2559e+11
0.02187,0.29792,6.7780e+0,0.0000e+0,0.0000e+0
0.02396,0.29792,6.6534e+0,7.4762e+9,0.0000e+0
0.02604,0.29792,6.5476e+0,1.0198e+11,0.0000e+0
0.02813,0.29792,6.4619e+0,0.0000e+0,0.0000e+0
0.03021,0.29792,6.3809e+0,4.0902e+9,0.0000e+0
0.03229,0.29792,6.3039e+0,5.8714e+11,6.6040e+11
0.03438,0.29792,6.2237e+0,0.0000e+0,3.9864e+11
0.03646,0.29792,6.1218e+0,0.0000e+0,0.0000e+0
0.03854,0.29792,6.0246e+0,1.4289e+11,0.0000e+0
0.04063,0.29792,5.9392e+0,2.4870e+11,1.5279e+11
0.04271,0.29792,5.8600e+0,0.0000e+0,6.1337e+11
0.04479,0.29792,5.7426e+0,0.0000e+0,3.0432e+11
0.04688,0.29792,5.6105e+0,0.0000e+0,5.3577e+10
0.04896,0.29792,5.4784e+0,2.6435e+11,1.8620e+11
0.05104,0.29792,5.3591e+0,1.0877e+11,4.9657e+11
0.05312,0.29792,5.2245e+0,7.2436e+10,5.4064e+11
0.05521,0.29792,5.0686e+0,5.3139e+11,1.8838e+11
0.05729,0.29792,4.9516e+0,1.1627e+11,3.2256e+11
0.05937,0.29792,4.8319e+0,8.5697e+10,4.7466e+11
0.06146,0.29792,4.6990e+0,0.0000e+0,5.5128e+11
0.06354,0.29792,4.5423e+0,0.0000e+0,4.7213e+11
0.06563,0.29792,4.3665e+0,0.0000e+0,5.9556e+11
0.06771,0.29792,4.1643e+0,0.0000e+0,4.6320e+11
0.06979,0.29792,3.9447e+0,0.0000e+0,9.7339e+10
0.07187,0.29792,3.7300e+0,2.9451e+10,5.5870e+10
0.07396,0.29792,3.5242e+0,8.0744e+9,4.6833e+11
0.07604,0.29792,3.2957e+0,2.8105e+11,6.9933e+11
0.07813,0.29792,3.0482e+0,1.7062e+11,3.7520e+11
0.08021,0.29792,2.7958e+0,1.3694e+10,1.3079e+11
0.08229,0.29792,2.5441e+0,7.6042e+10,3.0473e+11
0.08438,0.29792,2.2812e+0,0.0000e+0,4.5763e+11
0.08646,0.29792,1.9908e+0,0.0000e+0,3.6218e+11
0.08854,0.29792,1.6853e+0,0.0000e+0,3.8823e+11
0.09062,0.29792,1.3645e+0,0.0000e+0,1.3654e+11
0.09271,0.29792,1.0455e+0,0.0000e+0,0.0000e+0
0.09479,0.29792,7.3666e-1,0.0000e+0,0.0000e+0
0.09688,0.29792,4.3631e-1,0.0000e+0,0.0000e+0
0.09896,0.29792,1.4330e-1,0.0000e+0,0.0000e+0
0.00104,0.30208,7.3434e+0,0.0000e+0,0.0000e+0
0.00313,0.30208,7.3345e+0,0.0000e+0,0.0000e+0
0.00521,0.30208,7.3155e+0,0.0000e+0,0.0000e+0
0.00729,0.30208,7.2831e+0,0.0000e+0,0.0000e+0
0.00937,0.30208,7.2335e+0,0.0000e+0,0.0000e+0
0.01146,0.30208,7.1613e+0,0.0000e+0,0.0000e+0
0.01354,0.30208,7.0774e+0,0.0000e+0,0.0000e+0
0.01563,0.30208,6.9904e+0,0.0000e+0,0.0000e+0
0.01771,0.30208,6.9078e+0,0.0000e+0,4.8010e+11
0.01979,0.30208,6.8073e+0,0.0000e+0,9.3881e+11
0.02187,0.30208,6.6601e+0,0.0000e+0,0.0000e+0
0.02396,0.30208,6.5272e+0,7.3155e+11,0.0000e+0
0.02604,0.30208,6.4514e+0,1.8965e+10,0.0000e+0
0.02813,0.30208,6.3875e+0,0.0000e+0,4.5427e+11
0.03021,0.30208,6.2988e+0,7.0976e+8,1.4042e+11
0.03229,0.30208,6.2061e+0,1.0189e+11,7.3099e+8
0.03438,0.30208,6.1211e+0,1.6143e+10,7.2156e+8
0.03646,0.30208,6.0303e+0,3.8637e+10,0.0000e+0
0.03854,0.30208,5.9424e+0,6.2097e+10,0.0000e+0
0.04063,0.30208,5.8588e+0,1.0808e+11,1.0643e+11
0.04271,0.30208,5.7719e+0,0.0000e+0,3.0108e+11
0.04479,0.30208,5.6598e+0,0.0000e+0,1.1140e+11
0.04688,0.30208,5.5358e+0,0.0000e+0,9.8142e+9
0.04896,0.30208,5.4070e+0,0.0000e+0,0.0000e+0
0.05104,0.30208,5.2793e+0,7.4235e+10,2.9610e+10
0.05312,0.30208,5.1580e+0,4.5277e+10,3.5945e+11
0.05521,0.30208,5.0194e+0,0.0000e+0,4.2527e+10
0.05729,0.30208,4.8878e+0,3.2319e+11,3.6808e+11
0.05937,0.30208,4.7544e+0,2.9824e+11,2.8178e+11
0.06146,0.30208,4.6194e+0,0.0000e+0,2.6971e+11
0.06354,0.30208,4.4653e+0,0.0000e+0,3.3174e+11
0.06563,0.30208,4.2912e+0,0.0000e+0,3.7591e+11
0.06771,0.30208,4.0962e+0,2.7645e+11,4.5054e+11
0.06979,0.30208,3.8974e+0,1.2552e+10,3.7469e+11
0.07187,0.30208,3.6853e+0,8.3510e+10,2.5407e+11
0.07396,0.30208,3.4792e+0,1.7593e+11,7.8460e+11
0.07604,0.30208,3.2514e+0,4.7218e+10,5.1957e+11
0.07813,0.30208,3.0130e+0,4.9327e+9,5.7234e+11
0.08021,0.30208,2.7548e+0,2.7997e+10,2.0347e+11
0.08229,0.30208,2.4983e+0,1.7319e+11,3.7291e+11
0.08438,0.30208,2.2403e+0,1.3606e+9,5.4539e+11
0.08646,0.30208,1.9522e+0,1.1661e+11,4.4618e+11
0.08854,0.30208,1.6478e+0,1.0177e+11,2.5335e+11
0.09062,0.30208,1.3374e+0,0.0000e+0,6.0069e+10
0.09271,0.30208,1.0283e+0,0.0000e+0,0.0000e+0
0.09479,0.30208,7.2590e-1,0.0000e+0,0.0000e+0
0.09688,0.30208,4.3039e-1,0.0000e+0,0.0000e+0
0.09896,0.30208,1.4142e-1,0.0000e+0,0.0000e+0
0.00104,0.30625,7.2479e+0,0.0000e+0,0.0000e+0
0.00313,0.30625,7.2447e+0,0.0000e+0,0.0000e+0
0.00521,0.30625,7.2380e+0,0.0000e+0,0.0000e+0
0.00729,0.30625,7.2272e+0,0.0000e+0,0.0000e+0
0.00937,0.30625,7.2103e+0,0.0000e+0,1.0020e+12
0.01146,0.30625,7.1109e+0,0.0000e+0,5.5001e+10
0.01354,0.30625,6.9937e+0,0.0000e+0,0.0000e+0
0.01563,0.30625,6.8745e+0,0.0000e+0,0.0000e+0
0.01771,0.30625,6.7526e+0,2.5524e+11,0.0000e+0
0.01979,0.30625,6.6407e+0,4.6963e+11,0.0000e+0
0.02187,0.30625,6.5382e+0,0.0000e+0,0.0000e+0
0.02396,0.30625,6.4247e+0,7.5408e+11,0.0000e+0
0.02604,0.30625,6.3524e+0,2.3449e+11,0.0000e+0
0.02813,0.30625,6.2918e+0,0.0000e+0,1.4352e+11
0.03021,0.30625,6.2140e+0,5.5171e+10,4.4364e+10
0.03229,0.30625,6.1359e+0,2.0781e+11,5.4454e+10
0.03438,0.30625,6.0724e+0,1.6797e+11,8.6204e+11
0.03646,0.30625,5.9660e+0,4.0203e+11,2.4562e+10
0.03854,0.30625,5.8879e+0,0.0000e+0,8.1039e+10
0.04063,0.30625,5.8078e+0,0.0000e+0,3.1819e+11
0.04271,0.30625,5.7091e+0,0.0000e+0,0.0000e+0
0.04479,0.30625,5.6116e+0,0.0000e+0,2.6900e+11
0.04688,0.30625,5.5003e+0,0.0000e+0,6.4390e+11
0.04896,0.30625,5.3524e+0,0.0000e+0,0.0000e+0
0.05104,0.30625,5.2102e+0,1.9415e+11,0.0000e+0
0.05312,0.30625,5.0810e+0,1.5478e+11,1.4785e+11
0.05521,0.30625,4.9505e+0,3.6221e+11,7.0817e+10
0.05729,0.30625,4.8374e+0,8.4399e+10,4.2193e+11
0.05937,0.30625,4.7067e+0,6.2835e+10,5.2528e+11
0.06146,0.30625,4.5510e+0,0.0000e+0,2.2007e+11
0.06354,0.30625,4.3860e+0,0.0000e+0,1.6424e+11
0.06563,0.30625,4.2104e+0,0.0000e+0,3.1315e+11
0.06771,0.30625,4.0132e+0,1.2025e+11,2.5173e+11
0.06979,0.30625,3.8102e+0,4.5766e+10,2.7333e+11
0.07187,0.30625,3.5899e+0,3.4724e+10,1.7682e+11
0.07396,0.30625,3.3545e+0,3.5174e+11,5.4219e+10
0.07604,0.30625,3.1257e+0,2.3089e+11,0.0000e+0
0.07813,0.30625,2.9047e+0,6.0864e+10,8.8613e+10
0.08021,0.30625,2.6762e+0,0.0000e+0,2.0974e+11
0.08229,0.30625,2.4307e+0,3.9654e+11,5.0514e+11
0.08438,0.30625,2.1755e+0,8.3905e+10,3.1355e+11
0.08646,0.30625,1.9035e+0,2.3374e+10,2.2751e+11
0.08854,0.30625,1.6162e+0,1.7599e+10,2.2494e+11
0.09062,0.30625,1.3149e+0,0.0000e+0,1.0269e+11
0.09271,0.30625,1.0112e+0,0.0000e+0,0.0000e+0
0.09479,0.30625,7.1404e-1,0.0000e+0,0.0000e+0
0.09688,0.30625,4.2342e-1,0.0000e+0,0.0000e+0
0.09896,0.30625,1.3914e-1,0.0000e+0,0.0000e+0
0.00104,0.31042,7.1784e+0,0.0000e+0,0.0000e+0
0.00313,0.31042,7.1817e+0,0.0000e+0,0.0000e+0
0.00521,0.31042,7.1908e+0,0.0000e+0,0.0000e+0
0.00729,0.31042,7.2114e+0,0.0000e+0,0.0000e+0
0.00937,0.31042,7.2537e+0,0.0000e+0,2.0244e+12
0.01146,0.31042,7.1940e+0,0.0000e+0,2.9480e+12
0.01354,0.31042,6.9901e+0,0.0000e+0,7.3622e+10
0.01563,0.31042,6.8342e+0,0.0000e+0,0.0000e+0
0.01771,0.31042,6.7050e+0,1.5853e+11,3.4899e+9
0.01979,0.31042,6.6040e+0,2.9169e+11,3.7714e+11
0.02187,0.31042,6.5012e+0,0.0000e+0,0.0000e+0
0.02396,0.31042,6.4043e+0,7.5596e+10,0.0000e+0
0.02604,0.31042,6.3200e+0,3.0145e+10,0.0000e+0
0.02813,0.31042,6.2406e+0,0.0000e+0,0.0000e+0
0.03021,0.31042,6.1574e+0,9.2321e+10,0.0000e+0
0.03229,0.31042,6.0747e+0,3.4774e+11,3.0710e+10
0.03438,0.31042,6.0047e+0,1.6379e+11,3.2846e+11
0.03646,0.31042,5.9110e+0,3.4970e+11,6.0529e+9
0.03854,0.31042,5.8326e+0,0.0000e+0,3.2038e+10
0.04063,0.31042,5.7500e+0,0.0000e+0,1.2579e+11
0.04271,0.31042,5.6605e+0,0.0000e+0,3.3594e+11
0.04479,0.31042,5.5537e+0,0.0000e+0,2.7053e+11
0.04688,0.31042,5.4317e+0,0.0000e+0,1.5027e+11
0.04896,0.31042,5.3001e+0,0.0000e+0,0.0000e+0
0.05104,0.31042,5.1753e+0,0.0000e+0,2.4834e+11
0.05312,0.31042,5.0440e+0,7.7282e+8,1.9793e+11
0.05521,0.31042,4.9081e+0,7.6984e+9,1.4926e+11
0.05729,0.31042,4.7731e+0,0.0000e+0,2.5838e+11
0.05937,0.31042,4.6292e+0,0.0000e+0,2.7602e+11
0.06146,0.31042,4.4726e+0,0.0000e+0,6.2025e+10
0.06354,0.31042,4.3201e+0,0.0000e+0,4.7171e+11
0.06563,0.31042,4.1415e+0,0.0000e+0,4.9559e+11
0.06771,0.31042,3.9358e+0,1.9907e+11,8.5188e+10
0.06979,0.31042,3.7441e+0,1.2543e+11,4.2074e+11
0.07187,0.31042,3.5375e+0,2.3771e+10,3.6265e+11
0.07396,0.31042,3.3159e+0,1.4443e+11,4.9106e+11
0.07604,0.31042,3.0775e+0,6.6703e+10,7.4276e+10
0.07813,0.31042,2.8420e+0,2.4290e+11,0.0000e+0
0.08021,0.31042,2.6246e+0,3.0436e+10,3.0012e+11
0.08229,0.31042,2.3879e+0,1.7558e+11,4.5390e+11
0.08438,0.31042,2.1357e+0,2.3602e+11,3.5342e+11
0.08646,0.31042,1.8788e+0,3.9931e+10,3.8177e+11
0.08854,0.31042,1.6027e+0,0.0000e+0,5.3561e+11
0.09062,0.31042,1.2980e+0,0.0000e+0,1.2156e+11
0.09271,0.31042,9.9528e-1,0.0000e+0,0.0000e+0
0.09479,0.31042,7.0172e-1,0.0000e+0,0.0000e+0
0.09688,0.31042,4.1580e-1,0.0000e+0,0.0000e+0
0.09896,0.31042,1.3660e-1,0.0000e+0,0.0000e+0
0.00104,0.31458,7.0829e+0,0.0000e+0,0.0000e+0
0.00313,0.31458,7.0786e+0,0.0000e+0,0.0000e+0
0.00521,0.31458,7.0742e+0,0.0000e+0,0.0000e+0
0.00729,0.31458,7.0729e+0,0.0000e+0,0.0000e+0
0.00937,0.31458,7.0766e+0,0.0000e+0,8.7235e+11
0.01146,0.31458,7.0239e+0,0.0000e+0,1.4702e+12
0.01354,0.31458,6.8822e+0,0.0000e+0,5.7315e+10
0.01563,0.31458,6.7633e+0,0.0000e+0,0.0000e+0
0.01771,0.31458,6.6656e+0,0.0000e+0,6.8947e+9
0.01979,0.31458,6.5880e+0,0.0000e+0,7.4510e+11
0.02187,0.31458,6.4787e+0,0.0000e+0,0.0000e+0
0.02396,0.31458,6.3864e+0,0.0000e+0,0.0000e+0
0.02604,0.31458,6.3048e+0,0.0000e+0,0.0000e+0
0.02813,0.31458,6.2286e+0,0.0000e+0,0.0000e+0
0.03021,0.31458,6.1527e+0,0.0000e+0,0.0000e+0
0.03229,0.31458,6.0770e+0,0.0000e+0,3.3163e+10
0.03438,0.31458,6.0036e+0,3.5779e+10,3.9857e+11
0.03646,0.31458,5.9128e+0,7.6393e+10,5.5352e+11
0.03854,0.31458,5.8014e+0,0.0000e+0,0.0000e+0
0.04063,0.31458,5.6982e+0,0.0000e+0,5.5931e+10
0.04271,0.31458,5.5948e+0,0.0000e+0,5.7746e+10
0.04479,0.31458,5.4925e+0,0.0000e+0,3.0180e+11
0.04688,0.31458,5.3773e+0,0.0000e+0,4.2469e+11
0.04896,0.31458,5.2418e+0,0.0000e+0,8.4808e+10
0.05104,0.31458,5.1099e+0,3.2427e+11,3.5980e+11
0.05312,0.31458,4.9836e+0,2.8532e+10,4.1352e+11
0.05521,0.31458,4.8360e+0,0.0000e+0,1.1680e+11
0.05729,0.31458,4.6837e+0,2.7607e+10,2.9992e+9
0.05937,0.31458,4.5365e+0,3.1905e+10,2.0698e+11
0.06146,0.31458,4.3795e+0,1.4984e+11,1.0882e+11
0.06354,0.31458,4.2322e+0,1.1008e+10,6.1564e+11
0.06563,0.31458,4.0492e+0,2.5159e+11,3.8537e+11
0.06771,0.31458,3.8643e+0,1.8200e+11,5.0516e+11
0.06979,0.31458,3.6671e+0,1.6070e+11,3.9467e+11
0.07187,0.31458,3.4629e+0,0.0000e+0,1.4674e+11
0.07396,0.31458,3.2557e+0,0.0000e+0,2.3994e+11
0.07604,0.31458,3.0395e+0,4.5739e+9,3.7207e+11
0.07813,0.31458,2.8071e+0,6.6537e+10,6.5746e+10
0.08021,0.31458,2.5874e+0,1.7857e+10,4.5529e+11
0.08229,0.31458,2.3443e+0,3.6496e+11,3.6970e+11
0.08438,0.31458,2.1065e+0,1.4580e+10,4.6948e+11
0.08646,0.31458,1.8446e+0,0.0000e+0,3.8660e+11
0.08854,0.31458,1.5631e+0,0.0000e+0,3.8123e+11
0.09062,0.31458,1.2624e+0,0.0000e+0,1.4378e+9
0.09271,0.31458,9.6963e-1,0.0000e+0,0.0000e+0
0.09479,0.31458,6.8426e-1,0.0000e+0,0.0000e+0
0.09688,0.31458,4.0566e-1,0.0000e+0,0.0000e+0
0.09896,0.31458,1.3330e-1,0.0000e+0,0.0000e+0
0.00104,0.31875,7.0212e+0,0.0000e+0,0.0000e+0
0.00313,0.31875,6.9877e+0,0.0000e+0,0.0000e+0
0.00521,0.31875,6.9494e+0,0.0000e+0,0.0000e+0
0.00729,0.31875,6.9128e+0,0.0000e+0,0.0000e+0
0.00937,0.31875,6.8729e+0,0.0000e+0,0.0000e+0
0.01146,0.31875,6.8188e+0,0.0000e+0,0.0000e+0
0.01354,0.31875,6.7447e+0,0.0000e+0,0.0000e+0
0.01563,0.31875,6.6655e+0,0.0000e+0,0.0000e+0
0.01771,0.31875,6.5848e+0,0.0000e+0,0.0000e+0
0.01979,0.31875,6.5045e+0,0.0000e+0,0.0000e+0
0.02187,0.31875,6.4261e+0,0.0000e+0,0.0000e+0
0.02396,0.31875,6.3558e+0,0.0000e+0,8.4115e+9
0.02604,0.31875,6.2936e+0,4.9486e+9,2.0825e+10
0.02813,0.31875,6.2376e+0,4.7716e+10,3.4385e+11
0.03021,0.31875,6.1684e+0,0.0000e+0,3.5077e+11
0.03229,0.31875,6.0791e+0,0.0000e+0,1.8553e+11
0.03438,0.31875,5.9810e+0,2.7321e+11,4.6343e+11
0.03646,0.31875,5.8739e+0,1.3977e+11,3.6601e+11
0.03854,0.31875,5.7601e+0,0.0000e+0,1.0438e+11
0.04063,0.31875,5.6508e+0,0.0000e+0,3.9801e+11
0.04271,0.31875,5.5270e+0,0.0000e+0,8.1167e+10
0.04479,0.31875,5.4078e+0,5.5492e+10,6.4247e+10
0.04688,0.31875,5.2935e+0,1.0061e+11,3.5062e+11
0.04896,0.31875,5.1650e+0,0.0000e+0,1.2440e+11
0.05104,0.31875,5.0304e+0,4.4100e+11,1.7267e+11
0.05312,0.31875,4.9115e+0,7.9307e+10,3.8169e+11
0.05521,0.31875,4.7684e+0,0.0000e+0,3.1567e+11
0.05729,0.31875,4.6035e+0,1.5026e+11,7.1462e+9
0.05937,0.31875,4.4478e+0,1.7365e+11,1.5414e+11
0.06146,0.31875,4.2854e+0,2.0304e+11,2.4345e+11
0.06354,0.31875,4.1170e+0,3.5257e+11,2.7432e+11
0.06563,0.31875,3.9480e+0,9.7309e+10,3.5012e+11
0.06771,0.31875,3.7608e+0,1.0170e+11,1.2458e+11
0.06979,0.31875,3.5691e+0,1.4565e+11,1.3277e+11
0.07187,0.31875,3.3782e+0,2.5693e+11,3.1429e+11
0.07396,0.31875,3.1803e+0,0.0000e+0,7.1974e+10
0.07604,0.31875,2.9745e+0,3.3319e+10,2.6397e+11
0.07813,0.31875,2.7483e+0,2.1962e+11,1.1673e+11
0.08021,0.31875,2.5296e+0,1.8189e+8,1.6220e+11
0.08229,0.31875,2.3013e+0,3.6731e+9,3.4876e+11
0.08438,0.31875,2.0550e+0,0.0000e+0,2.7630e+11
0.08646,0.31875,1.7931e+0,0.0000e+0,3.7663e+11
0.08854,0.31875,1.5082e+0,0.0000e+0,7.0893e+10
0.09062,0.31875,1.2218e+0,0.0000e+0,0.0000e+0
0.09271,0.31875,9.4042e-1,0.0000e+0,0.0000e+0
0.09479,0.31875,6.6453e-1,0.0000e+0,0.0000e+0
0.09688,0.31875,3.9427e-1,0.0000e+0,0.0000e+0
0.09896,0.31875,1.2960e-1,0.0000e+0,0.0000e+0
0.00104,0.32292,7.2275e+0,0.0000e+0,6.5628e+12
0.00313,0.32292,7.0122e+0,0.0000e+0,1.0433e+12
0.00521,0.32292,6.8781e+0,0.0000e+0,0.0000e+0
0.00729,0.32292,6.8091e+0,0.0000e+0,0.0000e+0
0.00937,0.32292,6.7681e+0,0.0000e+0,0.0000e+0
0.01146,0.32292,6.7403e+0,0.0000e+0,9.7129e+11
0.01354,0.32292,6.6752e+0,0.0000e+0,5.0839e+11
0.01563,0.32292,6.6158e+0,0.0000e+0,8.5393e+11
0.01771,0.32292,6.5405e+0,0.0000e+0,9.3912e+11
0.01979,0.32292,6.4468e+0,0.0000e+0,2.5872e+11
0.02187,0.32292,6.3692e+0,0.0000e+0,1.0167e+11
0.02396,0.32292,6.3131e+0,0.0000e+0,2.4483e+11
0.02604,0.32292,6.2704e+0,7.0396e+10,6.0615e+11
0.02813,0.32292,6.2214e+0,6.7878e+11,1.2826e+12
0.03021,0.32292,6.1765e+0,0.0000e+0,1.3536e+12
0.03229,0.32292,6.0821e+0,0.0000e+0,1.1346e+12
0.03438,0.32292,5.9519e+0,1.4912e+11,5.7749e+11
0.03646,0.32292,5.8227e+0,7.6289e+10,4.0022e+11
0.03854,0.32292,5.6924e+0,0.0000e+0,2.3810e+11
0.04063,0.32292,5.5605e+0,0.0000e+0,0.0000e+0
0.04271,0.32292,5.4385e+0,0.0000e+0,0.0000e+0
0.04479,0.32292,5.3228e+0,1.1707e+11,1.0058e+11
0.04688,0.32292,5.2101e+0,2.1225e+11,2.4873e+11
0.04896,0.32292,5.0958e+0,0.0000e+0,0.0000e+0
0.05104,0.32292,4.9863e+0,9.0149e+10,3.7415e+11
0.05312,0.32292,4.8673e+0,2.7491e+10,7.1353e+11
0.05521,0.32292,4.7122e+0,1.8787e+10,1.3593e+11
0.05729,0.32292,4.5596e+0,3.9585e+10,1.5509e+11
0.05937,0.32292,4.4109e+0,0.0000e+0,6.0716e+11
0.06146,0.32292,4.2301e+0,0.0000e+0,1.7894e+11
0.06354,0.32292,4.0438e+0,0.0000e+0,0.0000e+0
0.06563,0.32292,3.8599e+0,1.9901e+11,0.0000e+0
0.06771,0.32292,3.6891e+0,1.1325e+11,3.2438e+11
0.06979,0.32292,3.5030e+0,7.1741e+10,1.1650e+11
0.07187,0.32292,3.3174e+0,2.5473e+11,1.8840e+11
0.07396,0.32292,3.1366e+0,0.0000e+0,3.1003e+11
0.07604,0.32292,2.9389e+0,0.0000e+0,3.7464e+11
0.07813,0.32292,2.7186e+0,8.0535e+10,3.6087e+11
0.08021,0.32292,2.4830e+0,6.9839e+10,9.7751e+10
0.08229,0.32292,2.2475e+0,2.2565e+10,1.5851e+11
0.08438,0.32292,2.0041e+0,1.8231e+11,4.1203e+11
0.08646,0.32292,1.7416e+0,0.0000e+0,2.0295e+11
0.08854,0.32292,1.4639e+0,0.0000e+0,1.3136e+10
0.09062,0.32292,1.1872e+0,0.0000e+0,0.0000e+0
0.09271,0.32292,9.1431e-1,0.0000e+0,0.0000e+0
0.09479,0.32292,6.4628e-1,0.0000e+0,0.0000e+0
0.09688,0.32292,3.8350e-1,0.0000e+0,0.0000e+0
0.09896,0.32292,1.2607e-1,0.0000e+0,0.0000e+0
0.00104,0.32708,7.0947e+0,0.0000e+0,7.9938e+12
0.00313,0.32708,6.8492e+0,0.0000e+0,1.2708e+12
0.00521,0.32708,6.7090e+0,0.0000e+0,0.0000e+0
0.00729,0.32708,6.6566e+0,0.0000e+0,2.6408e+11
0.00937,0.32708,6.6413e+0,0.0000e+0,2.0025e+12
0.01146,0.32708,6.5395e+0,0.0000e+0,2.3622e+11
0.01354,0.32708,6.4611e+0,0.0000e+0,1.2364e+11
0.01563,0.32708,6.3978e+0,2.0880e+11,6.2305e+11
0.01771,0.32708,6.3146e+0,8.7234e+11,2.8696e+11
0.01979,0.32708,6.2798e+0,0.0000e+0,5.3017e+11
0.02187,0.32708,6.2196e+0,0.0000e+0,2.0834e+11
0.02396,0.32708,6.1568e+0,0.0000e+0,0.0000e+0
0.02604,0.32708,6.0969e+0,0.0000e+0,0.0000e+0
0.02813,0.32708,6.0381e+0,0.0000e+0,3.9111e+10
0.03021,0.32708,5.9762e+0,0.0000e+0,1.1827e+11
0.03229,0.32708,5.9010e+0,0.0000e+0,2.0066e+11
0.03438,0.32708,5.8115e+0,0.0000e+0,4.0920e+11
0.03646,0.32708,5.7083e+0,0.0000e+0,6.2185e+11
0.03854,0.32708,5.5842e+0,0.0000e+0,3.9278e+11
0.04063,0.32708,5.4564e+0,0.0000e+0,1.0941e+10
0.04271,0.32708,5.3482e+0,0.0000e+0,2.9211e+10
0.04479,0.32708,5.2522e+0,0.0000e+0,4.0937e+11
0.04688,0.32708,5.1415e+0,0.0000e+0,2.6141e+11
0.04896,0.32708,5.0260e+0,0.0000e+0,2.8315e+11
0.05104,0.32708,4.9031e+0,2.4290e+11,5.1174e+11
0.05312,0.32708,4.7715e+0,7.4072e+10,2.5010e+11
0.05521,0.32708,4.6331e+0,1.0851e+11,3.6480e+11
0.05729,0.32708,4.4852e+0,3.1728e+11,4.4546e+11
0.05937,0.32708,4.3345e+0,1.3409e+11,3.9701e+11
0.06146,0.32708,4.1656e+0,0.0000e+0,1.5144e+11
0.06354,0.32708,3.9856e+0,0.0000e+0,0.0000e+0
0.06563,0.32708,3.8073e+0,4.8630e+10,0.0000e+0
0.06771,0.32708,3.6361e+0,8.0631e+10,2.9593e+11
0.06979,0.32708,3.4530e+0,1.2383e+11,2.0304e+11
0.07187,0.32708,3.2718e+0,2.4594e+10,2.3539e+11
0.07396,0.32708,3.0843e+0,0.0000e+0,5.8358e+10
0.07604,0.32708,2.8988e+0,0.0000e+0,5.1257e+11
0.07813,0.32708,2.6868e+0,7.1109e+10,6.1668e+11
0.08021,0.32708,2.4500e+0,6.1665e+10,3.0399e+11
0.08229,0.32708,2.2096e+0,6.7489e+9,6.6834e+10
0.08438,0.32708,1.9792e+0,5.4525e+10,7.6711e+11
0.08646,0.32708,1.7130e+0,0.0000e+0,2.8317e+11
0.08854,0.32708,1.4381e+0,3.3921e+10,1.5587e+11
0.09062,0.32708,1.1625e+0,4.6510e+10,5.7533e+10
0.09271,0.32708,8.9308e-1,0.0000e+0,0.0000e+0
0.09479,0.32708,6.3035e-1,0.0000e+0,0.0000e+0
0.09688,0.32708,3.7374e-1,0.0000e+0,0.0000e+0
0.09896,0.32708,1.2281e-1,0.0000e+0,0.0000e+0
0.00104,0.33125,6.4153e+0,0.0000e+0,0.0000e+0
0.00313,0.33125,6.3796e+0,0.0000e+0,0.0000e+0
0.00521,0.33125,6.3424e+0,0.0000e+0,0.0000e+0
0.00729,0.33125,6.3121e+0,0.0000e+0,2.1636e+10
0.00937,0.33125,6.2831e+0,0.0000e+0,1.6406e+11
0.01146,0.33125,6.2366e+0,0.0000e+0,0.0000e+0
0.01354,0.33125,6.1912e+0,0.0000e+0,0.0000e+0
0.01563,0.33125,6.1453e+0,4.1120e+10,0.0000e+0
0.01771,0.33125,6.0969e+0,1.7180e+11,0.0000e+0
0.01979,0.33125,6.0680e+0,0.0000e+0,0.0000e+0
0.02187,0.33125,6.0378e+0,0.0000e+0,0.0000e+0
0.02396,0.33125,6.0107e+0,0.0000e+0,7.9322e+11
0.02604,0.33125,5.9380e+0,0.0000e+0,7.4416e+10
0.02813,0.33125,5.8723e+0,0.0000e+0,0.0000e+0
0.03021,0.33125,5.8112e+0,0.0000e+0,3.2680e+11
0.03229,0.33125,5.7356e+0,0.0000e+0,6.8963e+11
0.03438,0.33125,5.6209e+0,0.0000e+0,6.3011e+10
0.03646,0.33125,5.5075e+0,0.0000e+0,8.6928e+9
0.03854,0.33125,5.3952e+0,1.3240e+11,1.9904e+9
0.04063,0.33125,5.2947e+0,3.5369e+11,1.6766e+11
0.04271,0.33125,5.2196e+0,0.0000e+0,4.5534e+11
0.04479,0.33125,5.1314e+0,0.0000e+0,5.2240e+11
0.04688,0.33125,5.0297e+0,0.0000e+0,5.0698e+11
0.04896,0.33125,4.9176e+0,0.0000e+0,4.7353e+11
0.05104,0.33125,4.7957e+0,0.0000e+0,3.6640e+11
0.05312,0.33125,4.6721e+0,0.0000e+0,5.0120e+11
0.05521,0.33125,4.5366e+0,0.0000e+0,1.8377e+11
0.05729,0.33125,4.4045e+0,6.3592e+10,3.2306e+11
0.05937,0.33125,4.2659e+0,9.6197e+10,3.5411e+11
0.06146,0.33125,4.1215e+0,0.0000e+0,6.9946e+11
0.06354,0.33125,3.9442e+0,0.0000e+0,2.2169e+11
0.06563,0.33125,3.7658e+0,2.0016e+11,4.1543e+11
0.06771,0.33125,3.5817e+0,2.3975e+11,3.7009e+11
0.06979,0.33125,3.3926e+0,3.5821e+11,2.4486e+11
0.07187,0.33125,3.2121e+0,1.3050e+11,2.9604e+11
0.07396,0.33125,3.0264e+0,0.0000e+0,3.4371e+11
0.07604,0.33125,2.8258e+0,0.0000e+0,3.5690e+11
0.07813,0.33125,2.6080e+0,0.0000e+0,2.3510e+11
0.08021,0.33125,2.3803e+0,0.0000e+0,3.2882e+11
0.08229,0.33125,2.1371e+0,2.0598e+10,1.1832e+10
0.08438,0.33125,1.8980e+0,2.2255e+11,2.7111e+11
0.08646,0.33125,1.6562e+0,0.0000e+0,2.1312e+11
0.08854,0.33125,1.4027e+0,7.1318e+10,4.2040e+11
0.09062,0.33125,1.1332e+0,9.7787e+10,1.5129e+11
0.09271,0.33125,8.6908e-1,0.0000e+0,0.0000e+0
0.09479,0.33125,6.1275e-1,0.0000e+0,0.0000e+0
0.09688,0.33125,3.6307e-1,0.0000e+0,0.0000e+0
0.09896,0.33125,1.1927e-1,0.0000e+0,0.0000e+0
0.00104,0.33542,6.0212e+0,0.0000e+0,0.0000e+0
0.00313,0.33542,6.0135e+0,0.0000e+0,0.0000e+0
0.00521,0.33542,6.0022e+0,0.0000e+0,0.0000e+0
0.00729,0.33542,5.9898e+0,0.0000e+0,0.0000e+0
0.00937,0.33542,5.9767e+0,0.0000e+0,0.0000e+0
0.01146,0.33542,5.9629e+0,0.0000e+0,0.0000e+0
0.01354,0.33542,5.9508e+0,0.0000e+0,0.0000e+0
0.01563,0.33542,5.9418e+0,0.0000e+0,4.3659e+11
0.01771,0.33542,5.9029e+0,0.0000e+0,1.7744e+10
0.01979,0.33542,5.8733e+0,0.0000e+0,0.0000e+0
0.02187,0.33542,5.8551e+0,0.0000e+0,4.8939e+11
0.02396,0.33542,5.8154e+0,0.0000e+0,6.0245e+11
0.02604,0.33542,5.7495e+0,0.0000e+0,5.1624e+9
0.02813,0.33542,5.7068e+0,0.0000e+0,9.5729e+11
0.03021,0.33542,5.6209e+0,0.0000e+0,3.2409e+11
0.03229,0.33542,5.5341e+0,0.0000e+0,4.1884e+11
0.03438,0.33542,5.4332e+0,2.6803e+11,5.0444e+11
0.03646,0.33542,5.3251e+0,1.8911e+10,1.4837e+11
0.03854,0.33542,5.2169e+0,1.9877e+10,1.5663e+11
0.04063,0.33542,5.1091e+0,1.1395e+11,6.1524e+10
0.04271,0.33542,5.0164e+0,2.7499e+10,1.7145e+11
0.04479,0.33542,4.9178e+0,0.0000e+0,0.0000e+0
0.04688,0.33542,4.8192e+0,0.0000e+0,0.0000e+0
0.04896,0.33542,4.7196e+0,0.0000e+0,3.1276e+11
0.05104,0.33542,4.6000e+0,1.0797e+11,1.1433e+11
0.05312,0.33542,4.4834e+0,2.8383e+11,6.5703e+10
0.05521,0.33542,4.3884e+0,0.0000e+0,1.6066e+11
0.05729,0.33542,4.2921e+0,0.0000e+0,7.7271e+11
0.05937,0.33542,4.1567e+0,0.0000e+0,3.5447e+11
0.06146,0.33542,4.0113e+0,0.0000e+0,2.6771e+11
0.06354,0.33542,3.8611e+0,0.0000e+0,3.6937e+11
0.06563,0.33542,3.7031e+0,5.3255e+10,6.0969e+11
0.06771,0.33542,3.5266e+0,1.3034e+11,5.3313e+11
0.06979,0.33542,3.3435e+0,2.0343e+11,6.3180e+11
0.07187,0.33542,3.1479e+0,7.3696e+9,3.4588e+11
0.07396,0.33542,2.9423e+0,1.0323e+11,2.3704e+11
0.07604,0.33542,2.7321e+0,3.5813e+10,6.5673e+10
0.07813,0.33542,2.5187e+0,1.7267e+11,2.3629e+11
0.08021,0.33542,2.2937e+0,1.4365e+11,6.5601e+10
0.08229,0.33542,2.0691e+0,1.5429e+11,1.1631e+11
0.08438,0.33542,1.8430e+0,7.4861e+10,1.6530e+11
0.08646,0.33542,1.6038e+0,0.0000e+0,2.2774e+11
0.08854,0.33542,1.3475e+0,0.0000e+0,4.5317e+10
0.09062,0.33542,1.0900e+0,0.0000e+0,6.3253e+9
0.09271,0.33542,8.3734e-1,0.0000e+0,0.0000e+0
0.09479,0.33542,5.9076e-1,0.0000e+0,0.0000e+0
0.09688,0.33542,3.5013e-1,0.0000e+0,0.0000e+0
0.09896,0.33542,1.1503e-1,0.0000e+0,0.0000e+0
0.00104,0.33958,5.6887e+0,0.0000e+0,0.0000e+0
0.00313,0.33958,5.6873e+0,0.0000e+0,0.0000e+0
0.00521,0.33958,5.6855e+0,0.0000e+0,0.0000e+0
0.00729,0.33958,5.6845e+0,0.0000e+0,0.0000e+0
0.00937,0.33958,5.6856e+0,0.0000e+0,0.0000e+0
0.01146,0.33958,5.6911e+0,0.0000e+0,0.0000e+0
0.01354,0.33958,5.7049e+0,0.0000e+0,0.0000e+0
0.01563,0.33958,5.7334e+0,0.0000e+0,1.4408e+12
0.01771,0.33958,5.6820e+0,0.0000e+0,1.3598e+11
0.01979,0.33958,5.6430e+0,0.0000e+0,6.1067e+9
0.02187,0.33958,5.6162e+0,0.0000e+0,6.6208e+11
0.02396,0.33958,5.5533e+0,0.0000e+0,2.7905e+11
0.02604,0.33958,5.4847e+0,0.0000e+0,0.0000e+0
0.02813,0.33958,5.4317e+0,0.0000e+0,4.8426e+11
0.03021,0.33958,5.3568e+0,0.0000e+0,2.2102e+11
0.03229,0.33958,5.2815e+0,0.0000e+0,1.6117e+11
0.03438,0.33958,5.2141e+0,3.3810e+11,9.0101e+11
0.03646,0.33958,5.1302e+0,2.3855e+10,8.1032e+11
0.03854,0.33958,5.0177e+0,0.0000e+0,3.2995e+11
0.04063,0.33958,4.9060e+0,3.1286e+11,3.3843e+11
0.04271,0.33958,4.8102e+0,1.4139e+11,2.1948e+11
0.04479,0.33958,4.7228e+0,0.0000e+0,2.5589e+11
0.04688,0.33958,4.6298e+0,0.0000e+0,3.0176e+11
0.04896,0.33958,4.5228e+0,0.0000e+0,2.2872e+11
0.05104,0.33958,4.4039e+0,1.7192e+11,2.7766e+10
0.05312,0.33958,4.2964e+0,2.9035e+11,0.0000e+0
0.05521,0.33958,4.2089e+0,0.0000e+0,2.1662e+11
0.05729,0.33958,4.1099e+0,0.0000e+0,3.0886e+11
0.05937,0.33958,3.9964e+0,0.0000e+0,5.5493e+11
0.06146,0.33958,3.8560e+0,0.0000e+0,2.3412e+11
0.06354,0.33958,3.7132e+0,0.0000e+0,2.8645e+11
0.06563,0.33958,3.5615e+0,2.8018e+11,4.1805e+11
0.06771,0.33958,3.4031e+0,2.9453e+10,3.9717e+11
0.06979,0.33958,3.2263e+0,2.7277e+10,2.0150e+11
0.07187,0.33958,3.0419e+0,1.2845e+10,1.4720e+11
0.07396,0.33958,2.8529e+0,1.7993e+11,2.3705e+11
0.07604,0.33958,2.6659e+0,1.6620e+10,2.1136e+11
0.07813,0.33958,2.4754e+0,8.4079e+10,7.0303e+11
0.08021,0.33958,2.2548e+0,1.1498e+11,2.4092e+11
0.08229,0.33958,2.0464e+0,4.7279e+10,5.3474e+11
0.08438,0.33958,1.8286e+0,1.6746e+10,9.1648e+11
0.08646,0.33958,1.5726e+0,0.0000e+0,4.2752e+11
0.08854,0.33958,1.3066e+0,4.0682e+10,1.3385e+11
0.09062,0.33958,1.0489e+0,3.1303e+10,0.0000e+0
0.09271,0.33958,8.0378e-1,0.0000e+0,0.0000e+0
0.09479,0.33958,5.6642e-1,0.0000e+0,0.0000e+0
0.09688,0.33958,3.3552e-1,0.0000e+0,0.0000e+0
0.09896,0.33958,1.1020e-1,0.0000e+0,0.0000e+0
0.00104,0.34375,5.3665e+0,0.0000e+0,0.0000e+0
0.00313,0.34375,5.3670e+0,0.0000e+0,0.0000e+0
0.00521,0.34375,5.3683e+0,0.0000e+0,0.0000e+0
0.00729,0.34375,5.3703e+0,0.0000e+0,0.0000e+0
0.00937,0.34375,5.3738e+0,0.0000e+0,0.0000e+0
0.01146,0.34375,5.3792e+0,0.0000e+0,0.0000e+0
0.01354,0.34375,5.3873e+0,0.0000e+0,0.0000e+0
0.01563,0.34375,5.3986e+0,3.1664e+11,6.6848e+11
0.01771,0.34375,5.3895e+0,7.4732e+11,9.5969e+11
0.01979,0.34375,5.3763e+0,0.0000e+0,6.8291e+11
0.02187,0.34375,5.3307e+0,0.0000e+0,6.2856e+11
0.02396,0.34375,5.2497e+0,0.0000e+0,0.0000e+0
0.02604,0.34375,5.1763e+0,0.0000e+0,8.5608e+9
0.02813,0.34375,5.1114e+0,0.0000e+0,1.2483e+11
0.03021,0.34375,5.0455e+0,2.7078e+10,5.3195e+11
0.03229,0.34375,4.9651e+0,9.4292e+9,4.5731e+10
0.03438,0.34375,4.9041e+0,1.4326e+11,6.2737e+11
0.03646,0.34375,4.8310e+0,6.7184e+10,6.3347e+11
0.03854,0.34375,4.7363e+0,0.0000e+0,1.5672e+11
0.04063,0.34375,4.6529e+0,0.0000e+0,4.5233e+11
0.04271,0.34375,4.5615e+0,0.0000e+0,8.6836e+10
0.04479,0.34375,4.4870e+0,0.0000e+0,2.3888e+11
0.04688,0.34375,4.4188e+0,0.0000e+0,7.6119e+11
0.04896,0.34375,4.3215e+0,0.0000e+0,2.8410e+11
0.05104,0.34375,4.2293e+0,0.0000e+0,4.3294e+11
0.05312,0.34375,4.1346e+0,0.0000e+0,6.6873e+11
0.05521,0.34375,4.0222e+0,0.0000e+0,4.2755e+11
0.05729,0.34375,3.9037e+0,0.0000e+0,2.4360e+11
0.05937,0.34375,3.7871e+0,0.0000e+0,4.5053e+11
0.06146,0.34375,3.6556e+0,0.0000e+0,1.3283e+11
0.06354,0.34375,3.5305e+0,0.0000e+0,1.0140e+11
0.06563,0.34375,3.4105e+0,3.9352e+10,6.2176e+11
0.06771,0.34375,3.2677e+0,2.0851e+10,6.0170e+11
0.06979,0.34375,3.1055e+0,2.7177e+11,6.2003e+11
0.07187,0.34375,2.9368e+0,0.0000e+0,3.3714e+11
0.07396,0.34375,2.7592e+0,0.0000e+0,3.0678e+11
0.07604,0.34375,2.5742e+0,0.0000e+0,3.4224e+11
0.07813,0.34375,2.3785e+0,0.0000e+0,6.1120e+11
0.08021,0.34375,2.1523e+0,0.0000e+0,9.4983e+10
0.08229,0.34375,1.9317e+0,0.0000e+0,1.7378e+11
0.08438,0.34375,1.7065e+0,1.6224e+11,3.5201e+11
0.08646,0.34375,1.4716e+0,4.7784e+9,1.6782e+11
0.08854,0.34375,1.2298e+0,1.0081e+11,1.1566e+11
0.09062,0.34375,9.9037e-1,7.7572e+10,0.0000e+0
0.09271,0.34375,7.6094e-1,0.0000e+0,0.0000e+0
0.09479,0.34375,5.3685e-1,0.0000e+0,0.0000e+0
0.09688,0.34375,3.1815e-1,0.0000e+0,0.0000e+0
0.09896,0.34375,1.0452e-1,0.0000e+0,0.0000e+0
0.00104,0.34792,5.0403e+0,0.0000e+0,0.0000e+0
0.00313,0.34792,5.0419e+0,0.0000e+0,0.0000e+0
0.00521,0.34792,5.0445e+0,0.0000e+0,0.0000e+0
0.00729,0.34792,5.0477e+0,0.0000e+0,0.0000e+0
0.00937,0.34792,5.0503e+0,0.0000e+0,0.0000e+0
0.01146,0.34792,5.0514e+0,0.0000e+0,0.0000e+0
0.01354,0.34792,5.0507e+0,0.0000e+0,0.0000e+0
0.01563,0.34792,5.0485e+0,7.3384e+10,0.0000e+0
0.01771,0.34792,5.0472e+0,1.7319e+11,1.8307e+11
0.01979,0.34792,5.0369e+0,0.0000e+0,9.6704e+10
0.02187,0.34792,5.0135e+0,0.0000e+0,6.3919e+11
0.02396,0.34792,4.9424e+0,0.0000e+0,4.3191e+11
0.02604,0.34792,4.8532e+0,0.0000e+0,5.1999e+10
0.02813,0.34792,4.7756e+0,0.0000e+0,6.3555e+11
0.03021,0.34792,4.6638e+0,5.1317e+11,0.0000e+0
0.03229,0.34792,4.5829e+0,1.7870e+11,0.0000e+0
0.03438,0.34792,4.5104e+0,2.9182e+11,0.0000e+0
0.03646,0.34792,4.4526e+0,1.3686e+11,2.2099e+11
0.03854,0.34792,4.3791e+0,0.0000e+0,5.8160e+10
0.04063,0.34792,4.3083e+0,0.0000e+0,1.7775e+11
0.04271,0.34792,4.2339e+0,0.0000e+0,7.6486e+10
0.04479,0.34792,4.1641e+0,0.0000e+0,2.6362e+10
0.04688,0.34792,4.0995e+0,0.0000e+0,1.5349e+11
0.04896,0.34792,4.0271e+0,0.0000e+0,2.6602e+11
0.05104,0.34792,3.9439e+0,0.0000e+0,2.9552e+11
0.05312,0.34792,3.8497e+0,0.0000e+0,2.9619e+11
0.05521,0.34792,3.7428e+0,0.0000e+0,1.9352e+11
0.05729,0.34792,3.6304e+0,0.0000e+0,1.1978e+11
0.05937,0.34792,3.5138e+0,8.6056e+10,0.0000e+0
0.06146,0.34792,3.4049e+0,2.3190e+11,5.6515e+10
0.06354,0.34792,3.3120e+0,0.0000e+0,6.1294e+11
0.06563,0.34792,3.1861e+0,3.8611e+10,3.6356e+11
0.06771,0.34792,3.0504e+0,2.1943e+10,1.4203e+11
0.06979,0.34792,2.9179e+0,2.9475e+10,2.4595e+11
0.07187,0.34792,2.7818e+0,1.2105e+11,7.3160e+11
0.07396,0.34792,2.6196e+0,3.6645e+10,5.5066e+11
0.07604,0.34792,2.4382e+0,0.0000e+0,5.3884e+11
0.07813,0.34792,2.2338e+0,0.0000e+0,2.4190e+11
0.08021,0.34792,2.0212e+0,0.0000e+0,1.6679e+11
0.08229,0.34792,1.8040e+0,0.0000e+0,6.7961e+10
0.08438,0.34792,1.5859e+0,9.5407e+10,9.8610e+10
0.08646,0.34792,1.3688e+0,3.0511e+11,2.0780e+11
0.08854,0.34792,1.1614e+0,4.1630e+10,3.8964e+11
0.09062,0.34792,9.3610e-1,0.0000e+0,3.2994e+10
0.09271,0.34792,7.1710e-1,0.0000e+0,0.0000e+0
0.09479,0.34792,5.0515e-1,0.0000e+0,0.0000e+0
0.09688,0.34792,2.9914e-1,0.0000e+0,0.0000e+0
0.09896,0.34792,9.8238e-2,0.0000e+0,0.0000e+0
0.00104,0.35208,4.7029e+0,0.0000e+0,0.0000e+0
0.00313,0.35208,4.7067e+0,0.0000e+0,0.0000e+0
0.00521,0.35208,4.7139e+0,0.0000e+0,0.0000e+0
0.00729,0.35208,4.7235e+0,0.0000e+0,0.0000e+0
0.00937,0.35208,4.7319e+0,0.0000e+0,0.0000e+0
0.01146,0.35208,4.7305e+0,0.0000e+0,0.0000e+0
0.01354,0.35208,4.7210e+0,0.0000e+0,0.0000e+0
0.01563,0.35208,4.7188e+0,0.0000e+0,0.0000e+0
0.01771,0.35208,4.7324e+0,0.0000e+0,5.8533e+11
0.01979,0.35208,4.7273e+0,0.0000e+0,6.0321e+11
0.02187,0.35208,4.7037e+0,0.0000e+0,1.5015e+12
0.02396,0.35208,4.5998e+0,0.0000e+0,3.5591e+11
0.02604,0.35208,4.4945e+0,0.0000e+0,0.0000e+0
0.02813,0.35208,4.4047e+0,0.0000e+0,0.0000e+0
0.03021,0.35208,4.3261e+0,0.0000e+0,2.1269e+11
0.03229,0.35208,4.2472e+0,0.0000e+0,3.7186e+10
0.03438,0.35208,4.1815e+0,0.0000e+0,2.3679e+11
0.03646,0.35208,4.1146e+0,4.2803e+10,7.4597e+11
0.03854,0.35208,4.0080e+0,3.5275e+11,0.0000e+0
0.04063,0.35208,3.9372e+0,9.4679e+10,0.0000e+0
0.04271,0.35208,3.8776e+0,0.0000e+0,0.0000e+0
0.04479,0.35208,3.8251e+0,0.0000e+0,1.0329e+11
0.04688,0.35208,3.7749e+0,0.0000e+0,4.6842e+11
0.04896,0.35208,3.7060e+0,0.0000e+0,4.3020e+11
0.05104,0.35208,3.6241e+0,0.0000e+0,2.8071e+11
0.05312,0.35208,3.5385e+0,0.0000e+0,3.7221e+11
0.05521,0.35208,3.4409e+0,0.0000e+0,7.7395e+10
0.05729,0.35208,3.3533e+0,0.0000e+0,3.5616e+11
0.05937,0.35208,3.2584e+0,1.3482e+10,4.2298e+11
0.06146,0.35208,3.1542e+0,3.6331e+10,4.0879e+11
0.06354,0.35208,3.0469e+0,1.6564e+11,7.3692e+11
0.06563,0.35208,2.9164e+0,1.9019e+11,1.7168e+11
0.06771,0.35208,2.7997e+0,9.5097e+10,1.4730e+11
0.06979,0.35208,2.6929e+0,4.0920e+10,5.9912e+11
0.07187,0.35208,2.5619e+0,1.1898e+11,4.9935e+11
0.07396,0.35208,2.4141e+0,3.5277e+10,4.4086e+11
0.07604,0.35208,2.2454e+0,8.8276e+10,2.8974e+11
0.07813,0.35208,2.0689e+0,1.7956e+11,5.0281e+11
0.08021,0.35208,1.8780e+0,0.0000e+0,2.0066e+11
0.08229,0.35208,1.6810e+0,0.0000e+0,1.4422e+11
0.08438,0.35208,1.4833e+0,0.0000e+0,2.1701e+11
0.08646,0.35208,1.2783e+0,1.5113e+11,2.4311e+11
0.08854,0.35208,1.0736e+0,2.1471e+10,9.0884e+10
0.09062,0.35208,8.6661e-1,0.0000e+0,7.9219e+9
0.09271,0.35208,6.6444e-1,0.0000e+0,0.0000e+0
0.09479,0.35208,4.6809e-1,0.0000e+0,0.0000e+0
0.09688,0.35208,2.7715e-1,0.0000e+0,0.0000e+0
0.09896,0.35208,9.1009e-2,0.0000e+0,0.0000e+0
0.00104,0.35625,4.3342e+0,0.0000e+0,0.0000e+0
0.00313,0.35625,4.3425e+0,0.0000e+0,0.0000e+0
0.00521,0.35625,4.3609e+0,0.0000e+0,0.0000e+0
0.00729,0.35625,4.3936e+0,0.0000e+0,0.0000e+0
0.00937,0.35625,4.4496e+0,0.0000e+0,1.4314e+12
0.01146,0.35625,4.4462e+0,0.0000e+0,1.7980e+12
0.01354,0.35625,4.3654e+0,0.0000e+0,2.3822e+10
0.01563,0.35625,4.3233e+0,0.0000e+0,0.0000e+0
0.01771,0.35625,4.3064e+0,0.0000e+0,0.0000e+0
0.01979,0.35625,4.3084e+0,0.0000e+0,9.3616e+11
0.02187,0.35625,4.2675e+0,0.0000e+0,8.7720e+11
0.02396,0.35625,4.1878e+0,0.0000e+0,4.2369e+11
0.02604,0.35625,4.1048e+0,0.0000e+0,4.7075e+11
0.02813,0.35625,4.0138e+0,0.0000e+0,0.0000e+0
0.03021,0.35625,3.9447e+0,0.0000e+0,4.1192e+11
0.03229,0.35625,3.8657e+0,0.0000e+0,7.2019e+10
0.03438,0.35625,3.7988e+0,0.0000e+0,2.0502e+11
0.03646,0.35625,3.7314e+0,3.9919e+11,1.0090e+12
0.03854,0.35625,3.6308e+0,2.5849e+11,2.3240e+10
0.04063,0.35625,3.5594e+0,1.1059e+11,0.0000e+0
0.04271,0.35625,3.5040e+0,1.1584e+11,1.9673e+11
0.04479,0.35625,3.4542e+0,0.0000e+0,3.5753e+11
0.04688,0.35625,3.3884e+0,1.0274e+11,3.2951e+11
0.04896,0.35625,3.3142e+0,1.1370e+11,1.3310e+11
0.05104,0.35625,3.2453e+0,0.0000e+0,1.7232e+11
0.05312,0.35625,3.1722e+0,0.0000e+0,2.7807e+11
0.05521,0.35625,3.0887e+0,0.0000e+0,1.1580e+11
0.05729,0.35625,3.0067e+0,0.0000e+0,1.0821e+11
0.05937,0.35625,2.9259e+0,0.0000e+0,6.0205e+11
0.06146,0.35625,2.8130e+0,9.2889e+9,1.1619e+10
0.06354,0.35625,2.7080e+0,1.7883e+11,1.3531e+11
0.06563,0.35625,2.6085e+0,6.5626e+9,6.3390e+10
0.06771,0.35625,2.5082e+0,0.0000e+0,1.1079e+11
0.06979,0.35625,2.4066e+0,2.6131e+11,3.7660e+11
0.07187,0.35625,2.3033e+0,1.5659e+10,4.2665e+11
0.07396,0.35625,2.1797e+0,0.0000e+0,4.0935e+11
0.07604,0.35625,2.0400e+0,7.0410e+9,4.9044e+11
0.07813,0.35625,1.8806e+0,1.4322e+10,2.8849e+11
0.08021,0.35625,1.7162e+0,0.0000e+0,4.2150e+11
0.08229,0.35625,1.5356e+0,0.0000e+0,8.4584e+10
0.08438,0.35625,1.3619e+0,0.0000e+0,2.8762e+11
0.08646,0.35625,1.1798e+0,0.0000e+0,2.9609e+11
0.08854,0.35625,9.9109e-1,0.0000e+0,3.0428e+11
0.09062,0.35625,7.9424e-1,0.0000e+0,2.2157e+10
0.09271,0.35625,6.0645e-1,0.0000e+0,0.0000e+0
0.09479,0.35625,4.2636e-1,0.0000e+0,0.0000e+0
0.09688,0.35625,2.5220e-1,0.0000e+0,0.0000e+0
0.09896,0.35625,8.2784e-2,0.0000e+0,0.0000e+0
0.00104,0.36042,3.8988e+0,0.0000e+0,0.0000e+0
0.00313,0.36042,3.9024e+0,0.0000e+0,0.0000e+0
0.00521,0.36042,3.9098e+0,0.0000e+0,0.0000e+0
0.00729,0.36042,3.9201e+0,0.0000e+0,0.0000e+0
0.00937,0.36042,3.9317e+0,0.0000e+0,2.5907e+10
0.01146,0.36042,3.9375e+0,0.0000e+0,8.6745e+11
0.01354,0.36042,3.8847e+0,0.0000e+0,1.9383e+10
0.01563,0.36042,3.8430e+0,0.0000e+0,0.0000e+0
0.01771,0.36042,3.8085e+0,0.0000e+0,0.0000e+0
0.01979,0.36042,3.7750e+0,0.0000e+0,0.0000e+0
0.02187,0.36042,3.7337e+0,0.0000e+0,0.0000e+0
0.02396,0.36042,3.6840e+0,0.0000e+0,6.3199e+10
0.02604,0.36042,3.6271e+0,0.0000e+0,1.7120e+11
0.02813,0.36042,3.5590e+0,0.0000e+0,0.0000e+0
0.03021,0.36042,3.4945e+0,0.0000e+0,0.0000e+0
0.03229,0.36042,3.4312e+0,0.0000e+0,0.0000e+0
0.03438,0.36042,3.3706e+0,0.0000e+0,5.3528e+10
0.03646,0.36042,3.3083e+0,0.0000e+0,2.0544e+11
0.03854,0.36042,3.2326e+0,0.0000e+0,4.7779e+9
0.04063,0.36042,3.1615e+0,1.3810e+11,0.0000e+0
0.04271,0.36042,3.1008e+0,2.0171e+11,1.2388e+11
0.04479,0.36042,3.0458e+0,0.0000e+0,2.0491e+11
0.04688,0.36042,2.9738e+0,1.1886e+11,4.4425e+10
0.04896,0.36042,2.9041e+0,1.3155e+11,0.0000e+0
0.05104,0.36042,2.8407e+0,2.9160e+10,6.7404e+10
0.05312,0.36042,2.7723e+0,8.8743e+10,5.3770e+10
0.05521,0.36042,2.7070e+0,0.0000e+0,1.4521e+11
0.05729,0.36042,2.6330e+0,0.0000e+0,1.8184e+11
0.05937,0.36042,2.5465e+0,0.0000e+0,0.0000e+0
0.06146,0.36042,2.4559e+0,2.2028e+11,1.9167e+10
0.06354,0.36042,2.3792e+0,1.2513e+11,2.2739e+11
0.06563,0.36042,2.2963e+0,0.0000e+0,2.5375e+11
0.06771,0.36042,2.2003e+0,0.0000e+0,5.3793e+10
0.06979,0.36042,2.1052e+0,0.0000e+0,1.2930e+11
0.07187,0.36042,2.0051e+0,0.0000e+0,1.6732e+11
0.07396,0.36042,1.8962e+0,0.0000e+0,2.0953e+11
0.07604,0.36042,1.7771e+0,0.0000e+0,3.0590e+11
0.07813,0.36042,1.6426e+0,0.0000e+0,1.5992e+11
0.08021,0.36042,1.5052e+0,0.0000e+0,3.3888e+11
0.08229,0.36042,1.3536e+0,0.0000e+0,1.8065e+11
0.08438,0.36042,1.2011e+0,0.0000e+0,3.6370e+11
0.08646,0.36042,1.0331e+0,0.0000e+0,1.2918e+11
0.08854,0.36042,8.6354e-1,0.0000e+0,3.5643e+10
0.09062,0.36042,6.9636e-1,0.0000e+0,0.0000e+0
0.09271,0.36042,5.3414e-1,0.0000e+0,0.0000e+0
0.09479,0.36042,3.7653e-1,0.0000e+0,0.0000e+0
0.09688,0.36042,2.2306e-1,0.0000e+0,0.0000e+0
0.09896,0.36042,7.3267e-2,0.0000e+0,0.0000e+0
0.00104,0.36458,3.4340e+0,0.0000e+0,0.0000e+0
0.00313,0.36458,3.4336e+0,0.0000e+0,0.0000e+0
0.00521,0.36458,3.4322e+0,0.0000e+0,0.0000e+0
0.00729,0.36458,3.4288e+0,0.0000e+0,0.0000e+0
0.00937,0.36458,3.4215e+0,0.0000e+0,0.0000e+0
0.01146,0.36458,3.4074e+0,0.0000e+0,0.0000e+0
0.01354,0.36458,3.3828e+0,0.0000e+0,0.0000e+0
0.01563,0.36458,3.3540e+0,0.0000e+0,0.0000e+0
0.01771,0.36458,3.3229e+0,0.0000e+0,0.0000e+0
0.01979,0.36458,3.2888e+0,0.0000e+0,0.0000e+0
0.02187,0.36458,3.2506e+0,0.0000e+0,0.0000e+0
0.02396,0.36458,3.2078e+0,0.0000e+0,0.0000e+0
0.02604,0.36458,3.1607e+0,0.0000e+0,0.0000e+0
0.02813,0.36458,3.1096e+0,0.0000e+0,0.0000e+0
0.03021,0.36458,3.0566e+0,0.0000e+0,0.0000e+0
0.03229,0.36458,3.0024e+0,0.0000e+0,0.0000e+0
0.03438,0.36458,2.9470e+0,0.0000e+0,0.0000e+0
0.03646,0.36458,2.8900e+0,0.0000e+0,0.0000e+0
0.03854,0.36458,2.8306e+0,0.0000e+0,0.0000e+0
0.04063,0.36458,2.7710e+0,0.0000e+0,0.0000e+0
0.04271,0.36458,2.7119e+0,0.0000e+0,0.0000e+0
0.04479,0.36458,2.6523e+0,0.0000e+0,0.0000e+0
0.04688,0.36458,2.5895e+0,0.0000e+0,0.0000e+0
0.04896,0.36458,2.5241e+0,0.0000e+0,0.0000e+0
0.05104,0.36458,2.4551e+0,7.6120e+10,0.0000e+0
0.05312,0.36458,2.3846e+0,2.8493e+11,0.0000e+0
0.05521,0.36458,2.3253e+0,8.0869e+10,0.0000e+0
0.05729,0.36458,2.2639e+0,0.0000e+0,0.0000e+0
0.05937,0.36458,2.1957e+0,0.0000e+0,0.0000e+0
0.06146,0.36458,2.1229e+0,0.0000e+0,0.0000e+0
0.06354,0.36458,2.0476e+0,0.0000e+0,0.0000e+0
0.06563,0.36458,1.9683e+0,0.0000e+0,0.0000e+0
0.06771,0.36458,1.8839e+0,0.0000e+0,0.0000e+0
0.06979,0.36458,1.7950e+0,0.0000e+0,0.0000e+0
0.07187,0.36458,1.7010e+0,0.0000e+0,0.0000e+0
0.07396,0.36458,1.6009e+0,0.0000e+0,0.0000e+0
0.07604,0.36458,1.4939e+0,0.0000e+0,0.0000e+0
0.07813,0.36458,1.3799e+0,0.0000e+0,0.0000e+0
0.08021,0.36458,1.2600e+0,0.0000e+0,0.0000e+0
0.08229,0.36458,1.1340e+0,0.0000e+0,0.0000e+0
0.08438,0.36458,1.0034e+0,0.0000e+0,0.0000e+0
0.08646,0.36458,8.6834e-1,0.0000e+0,0.0000e+0
0.08854,0.36458,7.3114e-1,0.0000e+0,0.0000e+0
0.09062,0.36458,5.9382e-1,0.0000e+0,0.0000e+0
0.09271,0.36458,4.5779e-1,0.0000e+0,0.0000e+0
0.09479,0.36458,3.2381e-1,0.0000e+0,0.0000e+0
0.09688,0.36458,1.9223e-1,0.0000e+0,0.0000e+0
0.09896,0.36458,6.3202e-2,0.0000e+0,0.0000e+0
0.00104,0.36875,2.9731e+0,0.0000e+0,0.0000e+0
0.00313,0.36875,2.9709e+0,0.0000e+0,0.0000e+0
0.00521,0.36875,2.9665e+0,0.0000e+0,0.0000e+0
0.00729,0.36875,2.9592e+0,0.0000e+0,0.0000e+0
0.00937,0.36875,2.9484e+0,0.0000e+0,0.0000e+0
0.01146,0.36875,2.9334e+0,0.0000e+0,0.0000e+0
0.01354,0.36875,2.9139e+0,0.0000e+0,0.0000e+0
0.01563,0.36875,2.8906e+0,0.0000e+0,0.0000e+0
0.01771,0.36875,2.8641e+0,0.0000e+0,0.0000e+0
0.01979,0.36875,2.8343e+0,0.0000e+0,0.0000e+0
0.02187,0.36875,2.8012e+0,0.0000e+0,0.0000e+0
0.02396,0.36875,2.7649e+0,0.0000e+0,0.0000e+0
0.02604,0.36875,2.7254e+0,0.0000e+0,0.0000e+0
0.02813,0.36875,2.6832e+0,0.0000e+0,0.0000e+0
0.03021,0.36875,2.6387e+0,0.0000e+0,0.0000e+0
0.03229,0.36875,2.5922e+0,0.0000e+0,0.0000e+0
0.03438,0.36875,2.5440e+0,0.0000e+0,0.0000e+0
0.03646,0.36875,2.4941e+0,0.0000e+0,0.0000e+0
0.03854,0.36875,2.4426e+0,0.0000e+0,0.0000e+0
0.04063,0.36875,2.3901e+0,0.0000e+0,0.0000e+0
0.04271,0.36875,2.3369e+0,0.0000e+0,0.0000e+0
0.04479,0.36875,2.2829e+0,0.0000e+0,0.0000e+0
0.04688,0.36875,2.2273e+0,0.0000e+0,0.0000e+0
0.04896,0.36875,2.1696e+0,0.0000e+0,0.0000e+0
0.05104,0.36875,2.1091e+0,0.0000e+0,0.0000e+0
0.05312,0.36875,2.0454e+0,1.1027e+11,0.0000e+0
0.05521,0.36875,1.9847e+0,1.6741e+11,0.0000e+0
0.05729,0.36875,1.9318e+0,0.0000e+0,0.0000e+0
0.05937,0.36875,1.8731e+0,0.0000e+0,0.0000e+0
0.06146,0.36875,1.8097e+0,0.0000e+0,0.0000e+0
0.06354,0.36875,1.7424e+0,0.0000e+0,0.0000e+0
0.06563,0.36875,1.6711e+0,0.0000e+0,0.0000e+0
0.06771,0.36875,1.5958e+0,0.0000e+0,0.0000e+0
0.06979,0.36875,1.5164e+0,0.0000e+0,0.0000e+0
0.07187,0.36875,1.4326e+0,0.0000e+0,0.0000e+0
0.07396,0.36875,1.3443e+0,0.0000e+0,0.0000e+0
0.07604,0.36875,1.2512e+0,0.0000e+0,0.0000e+0
0.07813,0.36875,1.1536e+0,0.0000e+0,0.0000e+0
0.08021,0.36875,1.0516e+0,0.0000e+0,0.0000e+0
0.08229,0.36875,9.4579e-1,0.0000e+0,0.0000e+0
0.08438,0.36875,8.3677e-1,0.0000e+0,0.0000e+0
0.08646,0.36875,7.2524e-1,0.0000e+0,0.0000e+0
0.08854,0.36875,6.1220e-1,0.0000e+0,0.0000e+0
0.09062,0.36875,4.9862e-1,0.0000e+0,0.0000e+0
0.09271,0.36875,3.8539e-1,0.0000e+0,0.0000e+0
0.09479,0.36875,2.7314e-1,0.0000e+0,0.0000e+0
0.09688,0.36875,1.6237e-1,0.0000e+0,0.0000e+0
0.09896,0.36875,5.3422e-2,0.0000e+0,0.0000e+0
0.00104,0.37292,2.5287e+0,0.0000e+0,0.0000e+0
0.00313,0.37292,2.5263e+0,0.0000e+0,0.0000e+0
0.00521,0.37292,2.5214e+0,0.0000e+0,0.0000e+0
0.00729,0.37292,2.5139e+0,0.0000e+0,0.0000e+0
0.00937,0.37292,2.5034e+0,0.0000e+0,0.0000e+0
0.01146,0.37292,2.4899e+0,0.0000e+0,0.0000e+0
0.01354,0.37292,2.4733e+0,0.0000e+0,0.0000e+0
0.01563,0.37292,2.4537e+0,0.0000e+0,0.0000e+0
0.01771,0.37292,2.4313e+0,0.0000e+0,0.0000e+0
0.01979,0.37292,2.4061e+0,0.0000e+0,0.0000e+0
0.02187,0.37292,2.3781e+0,0.0000e+0,0.0000e+0
0.02396,0.37292,2.3475e+0,0.0000e+0,0.0000e+0
0.02604,0.37292,2.3144e+0,0.0000e+0,0.0000e+0
0.02813,0.37292,2.2789e+0,0.0000e+0,0.0000e+0
0.03021,0.37292,2.2412e+0,0.0000e+0,0.0000e+0
0.03229,0.37292,2.2013e+0,0.0000e+0,0.0000e+0
0.03438,0.37292,2.1595e+0,0.0000e+0,0.0000e+0
0.03646,0.37292,2.1158e+0,0.0000e+0,0.0000e+0
0.03854,0.37292,2.0702e+0,0.0000e+0,0.0000e+0
0.04063,0.37292,2.0231e+0,0.0000e+0,0.0000e+0
0.04271,0.37292,1.9754e+0,5.1033e+9,0.0000e+0
0.04479,0.37292,1.9299e+0,2.0231e+8,0.0000e+0
0.04688,0.37292,1.8838e+0,0.0000e+0,0.0000e+0
0.04896,0.37292,1.8359e+0,0.0000e+0,0.0000e+0
0.05104,0.37292,1.7863e+0,0.0000e+0,0.0000e+0
0.05312,0.37292,1.7351e+0,0.0000e+0,0.0000e+0
0.05521,0.37292,1.6834e+0,0.0000e+0,0.0000e+0
0.05729,0.37292,1.6314e+0,0.0000e+0,0.0000e+0
0.05937,0.37292,1.5776e+0,0.0000e+0,0.0000e+0
0.06146,0.37292,1.5212e+0,0.0000e+0,0.0000e+0
0.06354,0.37292,1.4619e+0,0.0000e+0,0.0000e+0
0.06563,0.37292,1.3995e+0,0.0000e+0,0.0000e+0
0.06771,0.37292,1.3338e+0,0.0000e+0,0.0000e+0
0.06979,0.37292,1.2649e+0,0.0000e+0,0.0000e+0
0.07187,0.37292,1.1925e+0,0.0000e+0,0.0000e+0
0.07396,0.37292,1.1167e+0,0.0000e+0,0.0000e+0
0.07604,0.37292,1.0374e+0,0.0000e+0,0.0000e+0
0.07813,0.37292,9.5495e-1,0.0000e+0,0.0000e+0
0.08021,0.37292,8.6947e-1,0.0000e+0,0.0000e+0
0.08229,0.37292,7.8134e-1,0.0000e+0,0.0000e+0
0.08438,0.37292,6.9103e-1,0.0000e+0,0.0000e+0
0.08646,0.37292,5.9905e-1,0.0000e+0,0.0000e+0
0.08854,0.37292,5.0602e-1,0.0000e+0,0.0000e+0
0.09062,0.37292,4.1253e-1,0.0000e+0,0.0000e+0
0.09271,0.37292,3.1915e-1,0.0000e+0,0.0000e+0
0.09479,0.37292,2.2639e-1,0.0000e+0,0.0000e+0
0.09688,0.37292,1.3466e-1,0.0000e+0,0.0000e+0
0.09896,0.37292,4.4321e-2,0.0000e+0,0.0000e+0
0.00104,0.37708,2.1038e+0,0.0000e+0,0.0000e+0
0.00313,0.37708,2.1016e+0,0.0000e+0,0.0000e+0
0.00521,0.37708,2.0971e+0,0.0000e+0,0.0000e+0
0.00729,0.37708,2.0904e+0,0.0000e+0,0.0000e+0
0.00937,0.37708,2.0813e+0,0.0000e+0,0.0000e+0
0.01146,0.37708,2.0697e+0,0.0000e+0,0.0000e+0
0.01354,0.37708,2.0558e+0,0.0000e+0,0.0000e+0
0.01563,0.37708,2.0395e+0,0.0000e+0,0.0000e+0
0.01771,0.37708,2.0209e+0,0.0000e+0,0.0000e+0
0.01979,0.37708,1.9999e+0,0.0000e+0,0.0000e+0
0.02187,0.37708,1.9768e+0,0.0000e+0,0.0000e+0
0.02396,0.37708,1.9514e+0,0.0000e+0,0.0000e+0
0.02604,0.37708,1.9239e+0,0.0000e+0,0.0000e+0
0.02813,0.37708,1.8943e+0,0.0000e+0,0.0000e+0
0.03021,0.37708,1.8627e+0,0.0000e+0,0.0000e+0
0.03229,0.37708,1.8290e+0,0.0000e+0,0.0000e+0
0.03438,0.37708,1.7931e+0,0.0000e+0,0.0000e+0
0.03646,0.37708,1.7549e+0,0.0000e+0,0.0000e+0
0.03854,0.37708,1.7137e+0,0.0000e+0,0.0000e+0
0.04063,0.37708,1.6684e+0,0.0000e+0,0.0000e+0
0.04271,0.37708,1.6165e+0,4.9833e+11,0.0000e+0
0.04479,0.37708,1.5877e+0,1.9755e+10,0.0000e+0
0.04688,0.37708,1.5553e+0,0.0000e+0,0.0000e+0
0.04896,0.37708,1.5181e+0,0.0000e+0,0.0000e+0
0.05104,0.37708,1.4776e+0,0.0000e+0,0.0000e+0
0.05312,0.37708,1.4350e+0,0.0000e+0,0.0000e+0
0.05521,0.37708,1.3910e+0,0.0000e+0,0.0000e+0
0.05729,0.37708,1.3462e+0,0.0000e+0,0.0000e+0
0.05937,0.37708,1.3000e+0,0.0000e+0,0.0000e+0
0.06146,0.37708,1.2520e+0,0.0000e+0,0.0000e+0
0.06354,0.37708,1.2017e+0,0.0000e+0,0.0000e+0
0.06563,0.37708,1.1489e+0,0.0000e+0,0.0000e+0
0.06771,0.37708,1.0935e+0,0.0000e+0,0.0000e+0
0.06979,0.37708,1.0355e+0,0.0000e+0,0.0000e+0
0.07187,0.37708,9.7474e-1,0.0000e+0,0.0000e+0
0.07396,0.37708,9.1140e-1,0.0000e+0,0.0000e+0
0.07604,0.37708,8.4554e-1,0.0000e+0,0.0000e+0
0.07813,0.37708,7.7731e-1,0.0000e+0,0.0000e+0
0.08021,0.37708,7.0693e-1,0.0000e+0,0.0000e+0
0.08229,0.37708,6.3469e-1,0.0000e+0,0.0000e+0
0.08438,0.37708,5.6092e-1,0.0000e+0,0.0000e+0
0.08646,0.37708,4.8602e-1,0.0000e+0,0.0000e+0
0.08854,0.37708,4.1042e-1,0.0000e+0,0.0000e+0
0.09062,0.37708,3.3456e-1,0.0000e+0,0.0000e+0
0.09271,0.37708,2.5884e-1,0.0000e+0,0.0000e+0
0.09479,0.37708,1.8362e-1,0.0000e+0,0.0000e+0
0.09688,0.37708,1.0924e-1,0.0000e+0,0.0000e+0
0.09896,0.37708,3.5955e-2,0.0000e+0,0.0000e+0
0.00104,0.38125,1.6965e+0,0.0000e+0,0.0000e+0
0.00313,0.38125,1.6947e+0,0.0000e+0,0.0000e+0
0.00521,0.38125,1.6909e+0,0.0000e+0,0.0000e+0
0.00729,0.38125,1.6853e+0,0.0000e+0,0.0000e+0
0.00937,0.38125,1.6779e+0,0.0000e+0,0.0000e+0
0.01146,0.38125,1.6685e+0,0.0000e+0,0.0000e+0
0.01354,0.38125,1.6572e+0,0.0000e+0,0.0000e+0
0.01563,0.38125,1.6440e+0,0.0000e+0,0.0000e+0
0.01771,0.38125,1.6290e+0,0.0000e+0,0.0000e+0
0.01979,0.38125,1.6121e+0,0.0000e+0,0.0000e+0
0.02187,0.38125,1.5934e+0,0.0000e+0,0.0000e+0
0.02396,0.38125,1.5730e+0,0.0000e+0,0.0000e+0
0.02604,0.38125,1.5508e+0,0.0000e+0,0.0000e+0
0.02813,0.38125,1.5269e+0,0.0000e+0,0.0000e+0
0.03021,0.38125,1.5014e+0,0.0000e+0,0.0000e+0
0.03229,0.38125,1.4742e+0,0.0000e+0,0.0000e+0
0.03438,0.38125,1.4454e+0,0.0000e+0,0.0000e+0
0.03646,0.38125,1.4149e+0,0.0000e+0,0.0000e+0
0.03854,0.38125,1.3829e+0,0.0000e+0,0.0000e+0
0.04063,0.38125,1.3497e+0,0.0000e+0,0.0000e+0
0.04271,0.38125,1.3161e+0,0.0000e+0,0.0000e+0
0.04479,0.38125,1.2846e+0,0.0000e+0,0.0000e+0
0.04688,0.38125,1.2527e+0,0.0000e+0,0.0000e+0
0.04896,0.38125,1.2194e+0,0.0000e+0,0.0000e+0
0.05104,0.38125,1.1843e+0,0.0000e+0,0.0000e+0
0.05312,0.38125,1.1473e+0,0.0000e+0,0.0000e+0
0.05521,0.38125,1.1088e+0,4.8062e+10,0.0000e+0
0.05729,0.38125,1.0728e+0,1.7176e+10,0.0000e+0
0.05937,0.38125,1.0367e+0,0.0000e+0,0.0000e+0
0.06146,0.38125,9.9860e-1,0.0000e+0,0.0000e+0
0.06354,0.38125,9.5824e-1,0.0000e+0,0.0000e+0
0.06563,0.38125,9.1562e-1,0.0000e+0,0.0000e+0
0.06771,0.38125,8.7078e-1,0.0000e+0,0.0000e+0
0.06979,0.38125,8.2377e-1,0.0000e+0,0.0000e+0
0.07187,0.38125,7.7465e-1,0.0000e+0,0.0000e+0
0.07396,0.38125,7.2351e-1,0.0000e+0,0.0000e+0
0.07604,0.38125,6.7046e-1,0.0000e+0,0.0000e+0
0.07813,0.38125,6.1565e-1,0.0000e+0,0.0000e+0
0.08021,0.38125,5.5926e-1,0.0000e+0,0.0000e+0
0.08229,0.38125,5.0152e-1,0.0000e+0,0.0000e+0
0.08438,0.38125,4.4268e-1,0.0000e+0,0.0000e+0
0.08646,0.38125,3.8306e-1,0.0000e+0,0.0000e+0
0.08854,0.38125,3.2302e-1,0.0000e+0,0.0000e+0
0.09062,0.38125,2.6296e-1,0.0000e+0,0.0000e+0
0.09271,0.38125,2.0327e-1,0.0000e+0,0.0000e+0
0.09479,0.38125,1.4414e-1,0.0000e+0,0.0000e+0
0.09688,0.38125,8.5735e-2,0.0000e+0,0.0000e+0
0.09896,0.38125,2.8218e-2,0.0000e+0,0.0000e+0
0.00104,0.38542,1.3041e+0,0.0000e+0,0.0000e+0
0.00313,0.38542,1.3026e+0,0.0000e+0,0.0000e+0
0.00521,0.38542,1.2997e+0,0.0000e+0,0.0000e+0
0.00729,0.38542,1.2954e+0,0.0000e+0,0.0000e+0
0.00937,0.38542,1.2895e+0,0.0000e+0,0.0000e+0
0.01146,0.38542,1.2823e+0,0.0000e+0,0.0000e+0
0.01354,0.38542,1.2736e+0,0.0000e+0,0.0000e+0
0.01563,0.38542,1.2635e+0,0.0000e+0,0.0000e+0
0.01771,0.38542,1.2519e+0,0.0000e+0,0.0000e+0
0.01979,0.38542,1.2389e+0,0.0000e+0,0.0000e+0
0.02187,0.38542,1.2246e+0,0.0000e+0,0.0000e+0
0.02396,0.38542,1.2089e+0,0.0000e+0,0.0000e+0
0.02604,0.38542,1.1919e+0,0.0000e+0,0.0000e+0
0.02813,0.38542,1.1736e+0,0.0000e+0,0.0000e+0
0.03021,0.38542,1.1540e+0,0.0000e+0,0.0000e+0
0.03229,0.38542,1.1332e+0,0.0000e+0,0.0000e+0
0.03438,0.38542,1.1113e+0,0.0000e+0,0.0000e+0
0.03646,0.38542,1.0882e+0,0.0000e+0,0.0000e+0
0.03854,0.38542,1.0642e+0,0.0000e+0,0.0000e+0
0.04063,0.38542,1.0394e+0,0.0000e+0,0.0000e+0
0.04271,0.38542,1.0140e+0,0.0000e+0,0.0000e+0
0.04479,0.38542,9.8828e-1,0.0000e+0,0.0000e+0
0.04688,0.38542,9.6175e-1,0.0000e+0,0.0000e+0
0.04896,0.38542,9.3395e-1,0.0000e+0,0.0000e+0
0.05104,0.38542,9.0430e-1,0.0000e+0,0.0000e+0
0.05312,0.38542,8.7198e-1,0.0000e+0,0.0000e+0
0.05521,0.38542,8.3551e-1,2.4784e+11,0.0000e+0
0.05729,0.38542,8.1043e-1,8.8573e+10,0.0000e+0
0.05937,0.38542,7.8690e-1,0.0000e+0,0.0000e+0
0.06146,0.38542,7.5946e-1,0.0000e+0,0.0000e+0
0.06354,0.38542,7.2924e-1,0.0000e+0,0.0000e+0
0.06563,0.38542,6.9679e-1,0.0000e+0,0.0000e+0
0.06771,0.38542,6.6241e-1,0.0000e+0,0.0000e+0
0.06979,0.38542,6.2625e-1,0.0000e+0,0.0000e+0
0.07187,0.38542,5.8845e-1,0.0000e+0,0.0000e+0
0.07396,0.38542,5.4911e-1,0.0000e+0,0.0000e+0
0.07604,0.38542,5.0834e-1,0.0000e+0,0.0000e+0
0.07813,0.38542,4.6624e-1,0.0000e+0,0.0000e+0
0.08021,0.38542,4.2295e-1,0.0000e+0,0.0000e+0
0.08229,0.38542,3.7861e-1,0.0000e+0,0.0000e+0
0.08438,0.38542,3.3340e-1,0.0000e+0,0.0000e+0
0.08646,0.38542,2.8754e-1,0.0000e+0,0.0000e+0
0.08854,0.38542,2.4136e-1,0.0000e+0,0.0000e+0
0.09062,0.38542,1.9541e-1,0.0000e+0,0.0000e+0
0.09271,0.38542,1.5080e-1,0.0000e+0,0.0000e+0
0.09479,0.38542,1.0695e-1,0.0000e+0,0.0000e+0
0.09688,0.38542,6.3649e-2,0.0000e+0,0.0000e+0
0.09896,0.38542,2.0957e-2,0.0000e+0,0.0000e+0
0.00104,0.38958,9.2327e-1,0.0000e+0,0.0000e+0
0.00313,0.38958,9.2216e-1,0.0000e+0,0.0000e+0
0.00521,0.38958,9.2009e-1,0.0000e+0,0.0000e+0
0.00729,0.38958,9.1701e-1,0.0000e+0,0.0000e+0
0.00937,0.38958,9.1288e-1,0.0000e+0,0.0000e+0
0.01146,0.38958,9.0774e-1,0.0000e+0,0.0000e+0
0.01354,0.38958,9.0157e-1,0.0000e+0,0.0000e+0
0.01563,0.38958,8.9437e-1,0.0000e+0,0.0000e+0
0.01771,0.38958,8.8619e-1,0.0000e+0,0.0000e+0
0.01979,0.38958,8.7702e-1,0.0000e+0,0.0000e+0
0.02187,0.38958,8.6688e-1,0.0000e+0,0.0000e+0
0.02396,0.38958,8.5579e-1,0.0000e+0,0.0000e+0
0.02604,0.38958,8.4376e-1,0.0000e+0,0.0000e+0
0.02813,0.38958,8.3084e-1,0.0000e+0,0.0000e+0
0.03021,0.38958,8.1704e-1,0.0000e+0,0.0000e+0
0.03229,0.38958,8.0241e-1,0.0000e+0,0.0000e+0
0.03438,0.38958,7.8698e-1,0.0000e+0,0.0000e+0
0.03646,0.38958,7.7081e-1,0.0000e+0,0.0000e+0
0.03854,0.38958,7.5396e-1,0.0000e+0,0.0000e+0
0.04063,0.38958,7.3650e-1,0.0000e+0,0.0000e+0
0.04271,0.38958,7.1848e-1,0.0000e+0,0.0000e+0
0.04479,0.38958,6.9991e-1,0.0000e+0,0.0000e+0
0.04688,0.38958,6.8070e-1,0.0000e+0,0.0000e+0
0.04896,0.38958,6.6076e-1,0.0000e+0,0.0000e+0
0.05104,0.38958,6.4004e-1,0.0000e+0,0.0000e+0
0.05312,0.38958,6.1862e-1,0.0000e+0,0.0000e+0
0.05521,0.38958,5.9697e-1,0.0000e+0,0.0000e+0
0.05729,0.38958,5.7650e-1,0.0000e+0,0.0000e+0
0.05937,0.38958,5.5631e-1,0.0000e+0,0.0000e+0
0.06146,0.38958,5.3535e-1,0.0000e+0,0.0000e+0
0.06354,0.38958,5.1327e-1,0.0000e+0,0.0000e+0
0.06563,0.38958,4.8996e-1,0.0000e+0,0.0000e+0
0.06771,0.38958,4.6544e-1,0.0000e+0,0.0000e+0
0.06979,0.38958,4.3973e-1,0.0000e+0,0.0000e+0
0.07187,0.38958,4.1289e-1,0.0000e+0,0.0000e+0
0.07396,0.38958,3.8498e-1,0.0000e+0,0.0000e+0
0.07604,0.38958,3.5605e-1,0.0000e+0,0.0000e+0
0.07813,0.38958,3.2617e-1,0.0000e+0,0.0000e+0
0.08021,0.38958,2.9538e-1,0.0000e+0,0.0000e+0
0.08229,0.38958,2.6373e-1,0.0000e+0,0.0000e+0
0.08438,0.38958,2.3122e-1,0.0000e+0,0.0000e+0
0.08646,0.38958,1.9776e-1,0.0000e+0,0.0000e+0
0.08854,0.38958,1.6311e-1,0.0000e+0,0.0000e+0
0.09062,0.38958,1.2665e-1,1.5546e+11,0.0000e+0
0.09271,0.38958,9.9239e-2,2.0301e+10,0.0000e+0
0.09479,0.38958,7.1415e-2,0.0000e+0,0.0000e+0
0.09688,0.38958,4.2824e-2,0.0000e+0,0.0000e+0
0.09896,0.38958,1.4146e-2,0.0000e+0,0.0000e+0
0.00104,0.39375,5.5065e-1,0.0000e+0,0.0000e+0
0.00313,0.39375,5.5001e-1,0.0000e+0,0.0000e+0
0.00521,0.39375,5.4876e-1,0.0000e+0,0.0000e+0
0.00729,0.39375,5.4693e-1,0.0000e+0,0.0000e+0
0.00937,0.39375,5.4446e-1,0.0000e+0,0.0000e+0
0.01146,0.39375,5.4138e-1,0.0000e+0,0.0000e+0
0.01354,0.39375,5.3771e-1,0.0000e+0,0.0000e+0
0.01563,0.39375,5.3342e-1,0.0000e+0,0.0000e+0
0.01771,0.39375,5.2854e-1,0.0000e+0,0.0000e+0
0.01979,0.39375,5.2307e-1,0.0000e+0,0.0000e+0
0.02187,0.39375,5.1702e-1,0.0000e+0,0.0000e+0
0.02396,0.39375,5.1041e-1,0.0000e+0,0.0000e+0
0.02604,0.39375,5.0325e-1,0.0000e+0,0.0000e+0
0.02813,0.39375,4.9556e-1,0.0000e+0,0.0000e+0
0.03021,0.39375,4.8736e-1,0.0000e+0,0.0000e+0
0.03229,0.39375,4.7867e-1,0.0000e+0,0.0000e+0
0.03438,0.39375,4.6950e-1,0.0000e+0,0.0000e+0
0.03646,0.39375,4.5990e-1,0.0000e+0,0.0000e+0
0.03854,0.39375,4.4987e-1,0.0000e+0,0.0000e+0
0.04063,0.39375,4.3947e-1,0.0000e+0,0.0000e+0
0.04271,0.39375,4.2870e-1,0.0000e+0,0.0000e+0
0.04479,0.39375,4.1756e-1,0.0000e+0,0.0000e+0
0.04688,0.39375,4.0606e-1,0.0000e+0,0.0000e+0
0.04896,0.39375,3.9420e-1,0.0000e+0,0.0000e+0
0.05104,0.39375,3.8199e-1,0.0000e+0,0.0000e+0
0.05312,0.39375,3.6952e-1,0.0000e+0,0.0000e+0
0.05521,0.39375,3.5693e-1,0.0000e+0,0.0000e+0
0.05729,0.39375,3.4437e-1,0.0000e+0,0.0000e+0
0.05937,0.39375,3.3169e-1,0.0000e+0,0.0000e+0
0.06146,0.39375,3.1868e-1,0.0000e+0,0.0000e+0
0.06354,0.39375,3.0516e-1,0.0000e+0,0.0000e+0
0.06563,0.39375,2.9105e-1,0.0000e+0,0.0000e+0
0.06771,0.39375,2.7628e-1,0.0000e+0,0.0000e+0
0.06979,0.39375,2.6086e-1,0.0000e+0,0.0000e+0
0.07187,0.39375,2.4480e-1,0.0000e+0,0.0000e+0
0.07396,0.39375,2.2811e-1,0.0000e+0,0.0000e+0
0.07604,0.39375,2.1081e-1,0.0000e+0,0.0000e+0
0.07813,0.39375,1.9294e-1,0.0000e+0,0.0000e+0
0.08021,0.39375,1.7451e-1,0.0000e+0,0.0000e+0
0.08229,0.39375,1.5555e-1,0.0000e+0,0.0000e+0
0.08438,0.39375,1.3606e-1,0.0000e+0,0.0000e+0
0.08646,0.39375,1.1604e-1,0.0000e+0,0.0000e+0
0.08854,0.39375,9.5480e-2,0.0000e+0,0.0000e+0
0.09062,0.39375,7.4420e-2,6.2532e+10,0.0000e+0
0.09271,0.39375,5.7825e-2,8.1655e+9,0.0000e+0
0.09479,0.39375,4.1427e-2,0.0000e+0,0.0000e+0
0.09688,0.39375,2.4807e-2,0.0000e+0,0.0000e+0
0.09896,0.39375,8.1921e-3,0.0000e+0,0.0000e+0
0.00104,0.39792,1.8302e-1,0.0000e+0,0.0000e+0
0.00313,0.39792,1.8282e-1,0.0000e+0,0.0000e+0
0.00521,0.39792,1.8237e-1,0.0000e+0,0.0000e+0
0.00729,0.39792,1.8174e-1,0.0000e+0,0.0000e+0
0.00937,0.39792,1.8094e-1,0.0000e+0,0.0000e+0
0.01146,0.39792,1.7992e-1,0.0000e+0,0.0000e+0
0.01354,0.39792,1.7870e-1,0.0000e+0,0.0000e+0
0.01563,0.39792,1.7727e-1,0.0000e+0,0.0000e+0
0.01771,0.39792,1.7565e-1,0.0000e+0,0.0000e+0
0.01979,0.39792,1.7382e-1,0.0000e+0,0.0000e+0
0.02187,0.39792,1.7182e-1,0.0000e+0,0.0000e+0
0.02396,0.39792,1.6964e-1,0.0000e+0,0.0000e+0
0.02604,0.39792,1.6725e-1,0.0000e+0,0.0000e+0
0.02813,0.39792,1.6470e-1,0.0000e+0,0.0000e+0
0.03021,0.39792,1.6198e-1,0.0000e+0,0.0000e+0
0.03229,0.39792,1.5910e-1,0.0000e+0,0.0000e+0
0.03438,0.39792,1.5605e-1,0.0000e+0,0.0000e+0
0.03646,0.39792,1.5287e-1,0.0000e+0,0.0000e+0
0.03854,0.39792,1.4954e-1,0.0000e+0,0.0000e+0
0.04063,0.39792,1.4608e-1,0.0000e+0,0.0000e+0
0.04271,0.39792,1.4250e-1,0.0000e+0,0.0000e+0
0.04479,0.39792,1.3880e-1,0.0000e+0,0.0000e+0
0.04688,0.39792,1.3497e-1,0.0000e+0,0.0000e+0
0.04896,0.39792,1.3104e-1,0.0000e+0,0.0000e+0
0.05104,0.39792,1.2700e-1,0.0000e+0,0.0000e+0
0.05312,0.39792,1.2288e-1,0.0000e+0,0.0000e+0
0.05521,0.39792,1.1871e-1,0.0000e+0,0.0000e+0
0.05729,0.39792,1.1449e-1,0.0000e+0,0.0000e+0
0.05937,0.39792,1.1021e-1,0.0000e+0,0.0000e+0
0.06146,0.39792,1.0582e-1,0.0000e+0,0.0000e+0
0.06354,0.39792,1.0127e-1,0.0000e+0,0.0000e+0
0.06563,0.39792,9.6542e-2,0.0000e+0,0.0000e+0
0.06771,0.39792,9.1608e-2,0.0000e+0,0.0000e+0
0.06979,0.39792,8.6466e-2,0.0000e+0,0.0000e+0
0.07187,0.39792,8.1116e-2,0.0000e+0,0.0000e+0
0.07396,0.39792,7.5559e-2,0.0000e+0,0.0000e+0
0.07604,0.39792,6.9803e-2,0.0000e+0,0.0000e+0
0.07813,0.39792,6.3856e-2,0.0000e+0,0.0000e+0
0.08021,0.39792,5.7729e-2,0.0000e+0,0.0000e+0
0.08229,0.39792,5.1432e-2,0.0000e+0,0.0000e+0
0.08438,0.39792,4.4983e-2,0.0000e+0,0.0000e+0
0.08646,0.39792,3.8417e-2,0.0000e+0,0.0000e+0
0.08854,0.39792,3.1811e-2,0.0000e+0,0.0000e+0
0.09062,0.39792,2.5348e-2,0.0000e+0,0.0000e+0
0.09271,0.39792,1.9434e-2,0.0000e+0,0.0000e+0
0.09479,0.39792,1.3771e-2,0.0000e+0,0.0000e+0
0.09688,0.39792,8.2021e-3,0.0000e+0,0.0000e+0
0.09896,0.39792,2.7029e-3,0.0000e+0,0.0000e+0