r_m,z_m,phi_V,ne_m3,ni_m3
0.00104,0.00208,1.7553e-1,0.0000e+0,0.0000e+0
0.00313,0.00208,1.7526e-1,0.0000e+0,0.0000e+0
0.00521,0.00208,1.7473e-1,0.0000e+0,0.0000e+0
0.00729,0.00208,1.7415e-1,0.0000e+0,0.0000e+0
0.00937,0.00208,1.7351e-1,0.0000e+0,0.0000e+0
0.01146,0.00208,1.7266e-1,0.0000e+0,0.0000e+0
0.01354,0.00208,1.7159e-1,0.0000e+0,0.0000e+0
0.01563,0.00208,1.7040e-1,0.0000e+0,0.0000e+0
0.01771,0.00208,1.6910e-1,0.0000e+0,0.0000e+0
0.01979,0.00208,1.6762e-1,0.0000e+0,0.0000e+0
0.02187,0.00208,1.6591e-1,0.0000e+0,0.0000e+0
0.02396,0.00208,1.6401e-1,0.0000e+0,0.0000e+0
0.02604,0.00208,1.6193e-1,0.0000e+0,0.0000e+0
0.02813,0.00208,1.5979e-1,0.0000e+0,0.0000e+0
0.03021,0.00208,1.5747e-1,0.0000e+0,0.0000e+0
0.03229,0.00208,1.5500e-1,0.0000e+0,0.0000e+0
0.03438,0.00208,1.5229e-1,0.0000e+0,0.0000e+0
0.03646,0.00208,1.4936e-1,0.0000e+0,0.0000e+0
0.03854,0.00208,1.4628e-1,0.0000e+0,0.0000e+0
0.04063,0.00208,1.4302e-1,0.0000e+0,0.0000e+0
0.04271,0.00208,1.3958e-1,0.0000e+0,0.0000e+0
0.04479,0.00208,1.3598e-1,0.0000e+0,0.0000e+0
0.04688,0.00208,1.3222e-1,0.0000e+0,0.0000e+0
0.04896,0.00208,1.2830e-1,0.0000e+0,0.0000e+0
0.05104,0.00208,1.2421e-1,0.0000e+0,0.0000e+0
0.05312,0.00208,1.1996e-1,0.0000e+0,0.0000e+0
0.05521,0.00208,1.1560e-1,0.0000e+0,0.0000e+0
0.05729,0.00208,1.1112e-1,0.0000e+0,0.0000e+0
0.05937,0.00208,1.0654e-1,0.0000e+0,0.0000e+0
0.06146,0.00208,1.0185e-1,0.0000e+0,0.0000e+0
0.06354,0.00208,9.7036e-2,0.0000e+0,0.0000e+0
0.06563,0.00208,9.2103e-2,0.0000e+0,0.0000e+0
0.06771,0.00208,8.7054e-2,0.0000e+0,0.0000e+0
0.06979,0.00208,8.1877e-2,0.0000e+0,0.0000e+0
0.07187,0.00208,7.6577e-2,0.0000e+0,0.0000e+0
0.07396,0.00208,7.1125e-2,0.0000e+0,0.0000e+0
0.07604,0.00208,6.5544e-2,0.0000e+0,0.0000e+0
0.07813,0.00208,5.9843e-2,0.0000e+0,0.0000e+0
0.08021,0.00208,5.4055e-2,0.0000e+0,0.0000e+0
0.08229,0.00208,4.8205e-2,0.0000e+0,0.0000e+0
0.08438,0.00208,4.2334e-2,0.0000e+0,0.0000e+0
0.08646,0.00208,3.6501e-2,0.0000e+0,0.0000e+0
0.08854,0.00208,3.0720e-2,0.0000e+0,0.0000e+0
0.09062,0.00208,2.5000e-2,0.0000e+0,0.0000e+0
0.09271,0.00208,1.9332e-2,0.0000e+0,0.0000e+0
0.09479,0.00208,1.3713e-2,0.0000e+0,0.0000e+0
0.09688,0.00208,8.1622e-3,0.0000e+0,0.0000e+0
0.09896,0.00208,2.6874e-3,0.0000e+0,0.0000e+0
0.00104,0.00625,5.2716e-1,0.0000e+0,0.0000e+0
0.00313,0.00625,5.2652e-1,0.0000e+0,0.0000e+0
0.00521,0.00625,5.2547e-1,0.0000e+0,0.0000e+0
0.00729,0.00625,5.2393e-1,0.0000e+0,0.0000e+0
0.00937,0.00625,5.2185e-1,0.0000e+0,0.0000e+0
0.01146,0.00625,5.1929e-1,0.0000e+0,0.0000e+0
0.01354,0.00625,5.1625e-1,0.0000e+0,0.0000e+0
0.01563,0.00625,5.1271e-1,0.0000e+0,0.0000e+0
0.01771,0.00625,5.0860e-1,0.0000e+0,0.0000e+0
0.01979,0.00625,5.0401e-1,0.0000e+0,0.0000e+0
0.02187,0.00625,4.9891e-1,0.0000e+0,0.0000e+0
0.02396,0.00625,4.9334e-1,0.0000e+0,0.0000e+0
0.02604,0.00625,4.8731e-1,0.0000e+0,0.0000e+0
0.02813,0.00625,4.8081e-1,0.0000e+0,0.0000e+0
0.03021,0.00625,4.7382e-1,0.0000e+0,0.0000e+0
0.03229,0.00625,4.6624e-1,0.0000e+0,0.0000e+0
0.03438,0.00625,4.5811e-1,0.0000e+0,0.0000e+0
0.03646,0.00625,4.4943e-1,0.0000e+0,0.0000e+0
0.03854,0.00625,4.4020e-1,0.0000e+0,0.0000e+0
0.04063,0.00625,4.3043e-1,0.0000e+0,0.0000e+0
0.04271,0.00625,4.2017e-1,0.0000e+0,0.0000e+0
0.04479,0.00625,4.0937e-1,0.0000e+0,0.0000e+0
0.04688,0.00625,3.9804e-1,0.0000e+0,0.0000e+0
0.04896,0.00625,3.8619e-1,0.0000e+0,0.0000e+0
0.05104,0.00625,3.7385e-1,0.0000e+0,0.0000e+0
0.05312,0.00625,3.6109e-1,0.0000e+0,0.0000e+0
0.05521,0.00625,3.4795e-1,0.0000e+0,0.0000e+0
0.05729,0.00625,3.3449e-1,0.0000e+0,0.0000e+0
0.05937,0.00625,3.2074e-1,0.0000e+0,0.0000e+0
0.06146,0.00625,3.0668e-1,0.0000e+0,0.0000e+0
0.06354,0.00625,2.9226e-1,0.0000e+0,0.0000e+0
0.06563,0.00625,2.7749e-1,0.0000e+0,0.0000e+0
0.06771,0.00625,2.6234e-1,0.0000e+0,0.0000e+0
0.06979,0.00625,2.4682e-1,0.0000e+0,0.0000e+0
0.07187,0.00625,2.3089e-1,0.0000e+0,0.0000e+0
0.07396,0.00625,2.1453e-1,0.0000e+0,0.0000e+0
0.07604,0.00625,1.9774e-1,0.0000e+0,0.0000e+0
0.07813,0.00625,1.8055e-1,0.0000e+0,0.0000e+0
0.08021,0.00625,1.6302e-1,0.0000e+0,0.0000e+0
0.08229,0.00625,1.4527e-1,0.0000e+0,0.0000e+0
0.08438,0.00625,1.2746e-1,0.0000e+0,0.0000e+0
0.08646,0.00625,1.0981e-1,0.0000e+0,0.0000e+0
0.08854,0.00625,9.2472e-2,0.0000e+0,0.0000e+0
0.09062,0.00625,7.5325e-2,0.0000e+0,0.0000e+0
0.09271,0.00625,5.8296e-2,0.0000e+0,0.0000e+0
0.09479,0.00625,4.1391e-2,0.0000e+0,0.0000e+0
0.09688,0.00625,2.4642e-2,0.0000e+0,0.0000e+0
0.09896,0.00625,8.1184e-3,0.0000e+0,0.0000e+0
0.00104,0.01042,8.8319e-1,0.0000e+0,0.0000e+0
0.00313,0.01042,8.8248e-1,0.0000e+0,0.0000e+0
0.00521,0.01042,8.8071e-1,0.0000e+0,0.0000e+0
0.00729,0.01042,8.7803e-1,0.0000e+0,0.0000e+0
0.00937,0.01042,8.7454e-1,0.0000e+0,0.0000e+0
0.01146,0.01042,8.7022e-1,0.0000e+0,0.0000e+0
0.01354,0.01042,8.6500e-1,0.0000e+0,0.0000e+0
0.01563,0.01042,8.5892e-1,0.0000e+0,0.0000e+0
0.01771,0.01042,8.5201e-1,0.0000e+0,0.0000e+0
0.01979,0.01042,8.4444e-1,0.0000e+0,0.0000e+0
0.02187,0.01042,8.3604e-1,0.0000e+0,0.0000e+0
0.02396,0.01042,8.2685e-1,0.0000e+0,0.0000e+0
0.02604,0.01042,8.1682e-1,0.0000e+0,0.0000e+0
0.02813,0.01042,8.0592e-1,0.0000e+0,0.0000e+0
0.03021,0.01042,7.9415e-1,0.0000e+0,0.0000e+0
0.03229,0.01042,7.8155e-1,0.0000e+0,0.0000e+0
0.03438,0.01042,7.6808e-1,0.0000e+0,0.0000e+0
0.03646,0.01042,7.5368e-1,0.0000e+0,0.0000e+0
0.03854,0.01042,7.3840e-1,0.0000e+0,0.0000e+0
0.04063,0.01042,7.2221e-1,0.0000e+0,0.0000e+0
0.04271,0.01042,7.0506e-1,0.0000e+0,0.0000e+0
0.04479,0.01042,6.8697e-1,0.0000e+0,0.0000e+0
0.04688,0.01042,6.6798e-1,0.0000e+0,0.0000e+0
0.04896,0.01042,6.4809e-1,0.0000e+0,0.0000e+0
0.05104,0.01042,6.2735e-1,0.0000e+0,0.0000e+0
0.05312,0.01042,6.0584e-1,0.0000e+0,0.0000e+0
0.05521,0.01042,5.8368e-1,0.0000e+0,0.0000e+0
0.05729,0.01042,5.6105e-1,0.0000e+0,0.0000e+0
0.05937,0.01042,5.3813e-1,0.0000e+0,0.0000e+0
0.06146,0.01042,5.1478e-1,0.0000e+0,0.0000e+0
0.06354,0.01042,4.9085e-1,0.0000e+0,0.0000e+0
0.06563,0.01042,4.6627e-1,0.0000e+0,0.0000e+0
0.06771,0.01042,4.4107e-1,0.0000e+0,0.0000e+0
0.06979,0.01042,4.1527e-1,0.0000e+0,0.0000e+0
0.07187,0.01042,3.8876e-1,0.0000e+0,0.0000e+0
0.07396,0.01042,3.6149e-1,0.0000e+0,0.0000e+0
0.07604,0.01042,3.3338e-1,0.0000e+0,0.0000e+0
0.07813,0.01042,3.0445e-1,0.0000e+0,0.0000e+0
0.08021,0.01042,2.7475e-1,0.0000e+0,0.0000e+0
0.08229,0.01042,2.4440e-1,0.0000e+0,0.0000e+0
0.08438,0.01042,2.1371e-1,2.5126e+9,0.0000e+0
0.08646,0.01042,1.8357e-1,6.0755e+9,0.0000e+0
0.08854,0.01042,1.5509e-1,0.0000e+0,0.0000e+0
0.09062,0.01042,1.2674e-1,0.0000e+0,0.0000e+0
0.09271,0.01042,9.8327e-2,0.0000e+0,0.0000e+0
0.09479,0.01042,6.9925e-2,0.0000e+0,0.0000e+0
0.09688,0.01042,4.1670e-2,0.0000e+0,0.0000e+0
0.09896,0.01042,1.3728e-2,0.0000e+0,0.0000e+0
0.00104,0.01458,1.2469e+0,0.0000e+0,0.0000e+0
0.00313,0.01458,1.2456e+0,0.0000e+0,0.0000e+0
0.00521,0.01458,1.2430e+0,0.0000e+0,0.0000e+0
0.00729,0.01458,1.2391e+0,0.0000e+0,0.0000e+0
0.00937,0.01458,1.2340e+0,0.0000e+0,0.0000e+0
0.01146,0.01458,1.2276e+0,0.0000e+0,0.0000e+0
0.01354,0.01458,1.2202e+0,0.0000e+0,0.0000e+0
0.01563,0.01458,1.2117e+0,0.0000e+0,0.0000e+0
0.01771,0.01458,1.2022e+0,0.0000e+0,0.0000e+0
0.01979,0.01458,1.1915e+0,0.0000e+0,0.0000e+0
0.02187,0.01458,1.1797e+0,0.0000e+0,0.0000e+0
0.02396,0.01458,1.1668e+0,0.0000e+0,0.0000e+0
0.02604,0.01458,1.1528e+0,0.0000e+0,0.0000e+0
0.02813,0.01458,1.1376e+0,0.0000e+0,0.0000e+0
0.03021,0.01458,1.1213e+0,0.0000e+0,0.0000e+0
0.03229,0.01458,1.1038e+0,0.0000e+0,0.0000e+0
0.03438,0.01458,1.0850e+0,0.0000e+0,0.0000e+0
0.03646,0.01458,1.0650e+0,0.0000e+0,0.0000e+0
0.03854,0.01458,1.0437e+0,0.0000e+0,0.0000e+0
0.04063,0.01458,1.0210e+0,0.0000e+0,0.0000e+0
0.04271,0.01458,9.9699e-1,0.0000e+0,0.0000e+0
0.04479,0.01458,9.7166e-1,0.0000e+0,0.0000e+0
0.04688,0.01458,9.4496e-1,0.0000e+0,0.0000e+0
0.04896,0.01458,9.1687e-1,0.0000e+0,0.0000e+0
0.05104,0.01458,8.8740e-1,0.0000e+0,0.0000e+0
0.05312,0.01458,8.5659e-1,0.0000e+0,0.0000e+0
0.05521,0.01458,8.2463e-1,0.0000e+0,0.0000e+0
0.05729,0.01458,7.9208e-1,0.0000e+0,0.0000e+0
0.05937,0.01458,7.6049e-1,0.0000e+0,0.0000e+0
0.06146,0.01458,7.2841e-1,0.0000e+0,0.0000e+0
0.06354,0.01458,6.9519e-1,0.0000e+0,0.0000e+0
0.06563,0.01458,6.6074e-1,0.0000e+0,0.0000e+0
0.06771,0.01458,6.2537e-1,0.0000e+0,0.0000e+0
0.06979,0.01458,5.8962e-1,0.0000e+0,0.0000e+0
0.07187,0.01458,5.5285e-1,0.0000e+0,0.0000e+0
0.07396,0.01458,5.1482e-1,0.0000e+0,0.0000e+0
0.07604,0.01458,4.7541e-1,0.0000e+0,0.0000e+0
0.07813,0.01458,4.3457e-1,0.0000e+0,0.0000e+0
0.08021,0.01458,3.9220e-1,0.0000e+0,0.0000e+0
0.08229,0.01458,3.4806e-1,0.0000e+0,0.0000e+0
0.08438,0.01458,3.0152e-1,7.3808e+10,0.0000e+0
0.08646,0.01458,2.5599e-1,1.7847e+11,0.0000e+0
0.08854,0.01458,2.1981e-1,0.0000e+0,0.0000e+0
0.09062,0.01458,1.8097e-1,0.0000e+0,0.0000e+0
0.09271,0.01458,1.4089e-1,0.0000e+0,0.0000e+0
0.09479,0.01458,1.0035e-1,0.0000e+0,0.0000e+0
0.09688,0.01458,5.9838e-2,0.0000e+0,0.0000e+0
0.09896,0.01458,1.9720e-2,0.0000e+0,0.0000e+0
0.00104,0.01875,1.6207e+0,0.0000e+0,0.0000e+0
0.00313,0.01875,1.6189e+0,0.0000e+0,0.0000e+0
0.00521,0.01875,1.6153e+0,0.0000e+0,0.0000e+0
0.00729,0.01875,1.6100e+0,0.0000e+0,0.0000e+0
0.00937,0.01875,1.6031e+0,0.0000e+0,0.0000e+0
0.01146,0.01875,1.5948e+0,0.0000e+0,0.0000e+0
0.01354,0.01875,1.5851e+0,0.0000e+0,0.0000e+0
0.01563,0.01875,1.5740e+0,0.0000e+0,0.0000e+0
0.01771,0.01875,1.5614e+0,0.0000e+0,0.0000e+0
0.01979,0.01875,1.5475e+0,0.0000e+0,0.0000e+0
0.02187,0.01875,1.5324e+0,0.0000e+0,0.0000e+0
0.02396,0.01875,1.5159e+0,0.0000e+0,0.0000e+0
0.02604,0.01875,1.4980e+0,0.0000e+0,0.0000e+0
0.02813,0.01875,1.4788e+0,0.0000e+0,0.0000e+0
0.03021,0.01875,1.4580e+0,0.0000e+0,0.0000e+0
0.03229,0.01875,1.4358e+0,0.0000e+0,0.0000e+0
0.03438,0.01875,1.4119e+0,0.0000e+0,0.0000e+0
0.03646,0.01875,1.3863e+0,0.0000e+0,0.0000e+0
0.03854,0.01875,1.3590e+0,0.0000e+0,0.0000e+0
0.04063,0.01875,1.3300e+0,0.0000e+0,0.0000e+0
0.04271,0.01875,1.2992e+0,0.0000e+0,0.0000e+0
0.04479,0.01875,1.2667e+0,0.0000e+0,0.0000e+0
0.04688,0.01875,1.2324e+0,0.0000e+0,0.0000e+0
0.04896,0.01875,1.1961e+0,0.0000e+0,0.0000e+0
0.05104,0.01875,1.1578e+0,0.0000e+0,0.0000e+0
0.05312,0.01875,1.1169e+0,0.0000e+0,0.0000e+0
0.05521,0.01875,1.0728e+0,0.0000e+0,0.0000e+0
0.05729,0.01875,1.0239e+0,2.7808e+11,0.0000e+0
0.05937,0.01875,9.8928e-1,3.4840e+10,0.0000e+0
0.06146,0.01875,9.5110e-1,0.0000e+0,0.0000e+0
0.06354,0.01875,9.0885e-1,0.0000e+0,0.0000e+0
0.06563,0.01875,8.6327e-1,1.5462e+10,0.0000e+0
0.06771,0.01875,8.1551e-1,9.3346e+10,0.0000e+0
0.06979,0.01875,7.7235e-1,0.0000e+0,0.0000e+0
0.07187,0.01875,7.2643e-1,0.0000e+0,0.0000e+0
0.07396,0.01875,6.7808e-1,0.0000e+0,0.0000e+0
0.07604,0.01875,6.2758e-1,0.0000e+0,0.0000e+0
0.07813,0.01875,5.7519e-1,0.0000e+0,0.0000e+0
0.08021,0.01875,5.2117e-1,0.0000e+0,0.0000e+0
0.08229,0.01875,4.6584e-1,0.0000e+0,0.0000e+0
0.08438,0.01875,4.0971e-1,0.0000e+0,0.0000e+0
0.08646,0.01875,3.5370e-1,0.0000e+0,0.0000e+0
0.08854,0.01875,2.9870e-1,0.0000e+0,0.0000e+0
0.09062,0.01875,2.4381e-1,0.0000e+0,0.0000e+0
0.09271,0.01875,1.8893e-1,0.0000e+0,0.0000e+0
0.09479,0.01875,1.3422e-1,0.0000e+0,0.0000e+0
0.09688,0.01875,7.9925e-2,0.0000e+0,0.0000e+0
0.09896,0.01875,2.6318e-2,0.0000e+0,0.0000e+0
0.00104,0.02292,2.0090e+0,0.0000e+0,0.0000e+0
0.00313,0.02292,2.0065e+0,0.0000e+0,0.0000e+0
0.00521,0.02292,2.0017e+0,0.0000e+0,0.0000e+0
0.00729,0.02292,1.9947e+0,0.0000e+0,0.0000e+0
0.00937,0.02292,1.9857e+0,0.0000e+0,0.0000e+0
0.01146,0.02292,1.9747e+0,0.0000e+0,0.0000e+0
0.01354,0.02292,1.9620e+0,0.0000e+0,0.0000e+0
0.01563,0.02292,1.9478e+0,0.0000e+0,0.0000e+0
0.01771,0.02292,1.9320e+0,0.0000e+0,0.0000e+0
0.01979,0.02292,1.9148e+0,0.0000e+0,0.0000e+0
0.02187,0.02292,1.8962e+0,0.0000e+0,0.0000e+0
0.02396,0.02292,1.8762e+0,0.0000e+0,0.0000e+0
0.02604,0.02292,1.8547e+0,0.0000e+0,0.0000e+0
0.02813,0.02292,1.8316e+0,0.0000e+0,0.0000e+0
0.03021,0.02292,1.8069e+0,0.0000e+0,0.0000e+0
0.03229,0.02292,1.7801e+0,0.0000e+0,0.0000e+0
0.03438,0.02292,1.7513e+0,0.0000e+0,0.0000e+0
0.03646,0.02292,1.7204e+0,0.0000e+0,0.0000e+0
0.03854,0.02292,1.6873e+0,0.0000e+0,0.0000e+0
0.04063,0.02292,1.6521e+0,0.0000e+0,0.0000e+0
0.04271,0.02292,1.6147e+0,0.0000e+0,0.0000e+0
0.04479,0.02292,1.5752e+0,0.0000e+0,0.0000e+0
0.04688,0.02292,1.5337e+0,0.0000e+0,0.0000e+0
0.04896,0.02292,1.4902e+0,0.0000e+0,0.0000e+0
0.05104,0.02292,1.4446e+0,0.0000e+0,0.0000e+0
0.05312,0.02292,1.3969e+0,0.0000e+0,0.0000e+0
0.05521,0.02292,1.3469e+0,0.0000e+0,0.0000e+0
0.05729,0.02292,1.2948e+0,6.7888e+10,0.0000e+0
0.05937,0.02292,1.2462e+0,8.5056e+9,0.0000e+0
0.06146,0.02292,1.1955e+0,0.0000e+0,0.0000e+0
0.06354,0.02292,1.1415e+0,0.0000e+0,0.0000e+0
0.06563,0.02292,1.0838e+0,3.1745e+10,0.0000e+0
0.06771,0.02292,1.0229e+0,1.9165e+11,0.0000e+0
0.06979,0.02292,9.7140e-1,0.0000e+0,0.0000e+0
0.07187,0.02292,9.1521e-1,0.0000e+0,0.0000e+0
0.07396,0.02292,8.5549e-1,0.0000e+0,0.0000e+0
0.07604,0.02292,7.9289e-1,0.0000e+0,0.0000e+0
0.07813,0.02292,7.2793e-1,0.0000e+0,0.0000e+0
0.08021,0.02292,6.6103e-1,0.0000e+0,0.0000e+0
0.08229,0.02292,5.9257e-1,0.0000e+0,0.0000e+0
0.08438,0.02292,5.2298e-1,0.0000e+0,0.0000e+0
0.08646,0.02292,4.5273e-1,0.0000e+0,0.0000e+0
0.08854,0.02292,3.8221e-1,0.0000e+0,0.0000e+0
0.09062,0.02292,3.1164e-1,0.0000e+0,0.0000e+0
0.09271,0.02292,2.4122e-1,0.0000e+0,0.0000e+0
0.09479,0.02292,1.7121e-1,0.0000e+0,0.0000e+0
0.09688,0.02292,1.0189e-1,0.0000e+0,0.0000e+0
0.09896,0.02292,3.3545e-2,0.0000e+0,0.0000e+0
0.00104,0.02708,2.4173e+0,0.0000e+0,0.0000e+0
0.00313,0.02708,2.4139e+0,0.0000e+0,0.0000e+0
0.00521,0.02708,2.4072e+0,0.0000e+0,0.0000e+0
0.00729,0.02708,2.3972e+0,0.0000e+0,0.0000e+0
0.00937,0.02708,2.3845e+0,0.0000e+0,0.0000e+0
0.01146,0.02708,2.3698e+0,0.0000e+0,0.0000e+0
0.01354,0.02708,2.3532e+0,0.0000e+0,0.0000e+0
0.01563,0.02708,2.3351e+0,0.0000e+0,0.0000e+0
0.01771,0.02708,2.3157e+0,0.0000e+0,0.0000e+0
0.01979,0.02708,2.2950e+0,0.0000e+0,0.0000e+0
0.02187,0.02708,2.2731e+0,0.0000e+0,0.0000e+0
0.02396,0.02708,2.2496e+0,0.0000e+0,0.0000e+0
0.02604,0.02708,2.2248e+0,0.0000e+0,0.0000e+0
0.02813,0.02708,2.1985e+0,0.0000e+0,0.0000e+0
0.03021,0.02708,2.1704e+0,0.0000e+0,0.0000e+0
0.03229,0.02708,2.1398e+0,0.0000e+0,0.0000e+0
0.03438,0.02708,2.1067e+0,0.0000e+0,0.0000e+0
0.03646,0.02708,2.0707e+0,0.0000e+0,0.0000e+0
0.03854,0.02708,2.0318e+0,0.0000e+0,0.0000e+0
0.04063,0.02708,1.9902e+0,0.0000e+0,0.0000e+0
0.04271,0.02708,1.9459e+0,0.0000e+0,0.0000e+0
0.04479,0.02708,1.8993e+0,0.0000e+0,0.0000e+0
0.04688,0.02708,1.8506e+0,0.0000e+0,0.0000e+0
0.04896,0.02708,1.7999e+0,0.0000e+0,0.0000e+0
0.05104,0.02708,1.7475e+0,0.0000e+0,0.0000e+0
0.05312,0.02708,1.6934e+0,0.0000e+0,0.0000e+0
0.05521,0.02708,1.6376e+0,0.0000e+0,0.0000e+0
0.05729,0.02708,1.5800e+0,0.0000e+0,0.0000e+0
0.05937,0.02708,1.5211e+0,0.0000e+0,0.0000e+0
0.06146,0.02708,1.4601e+0,0.0000e+0,0.0000e+0
0.06354,0.02708,1.3968e+0,0.0000e+0,0.0000e+0
0.06563,0.02708,1.3312e+0,0.0000e+0,0.0000e+0
0.06771,0.02708,1.2638e+0,0.0000e+0,0.0000e+0
0.06979,0.02708,1.1955e+0,0.0000e+0,0.0000e+0
0.07187,0.02708,1.1248e+0,0.0000e+0,0.0000e+0
0.07396,0.02708,1.0513e+0,0.0000e+0,0.0000e+0
0.07604,0.02708,9.7477e-1,0.0000e+0,0.0000e+0
0.07813,0.02708,8.9548e-1,0.0000e+0,0.0000e+0
0.08021,0.02708,8.1414e-1,0.0000e+0,0.0000e+0
0.08229,0.02708,7.3076e-1,0.0000e+0,0.0000e+0
0.08438,0.02708,6.4575e-1,0.0000e+0,0.0000e+0
0.08646,0.02708,5.5956e-1,0.0000e+0,0.0000e+0
0.08854,0.02708,4.7261e-1,0.0000e+0,0.0000e+0
0.09062,0.02708,3.8535e-1,0.0000e+0,0.0000e+0
0.09271,0.02708,2.9820e-1,0.0000e+0,0.0000e+0
0.09479,0.02708,2.1159e-1,0.0000e+0,0.0000e+0
0.09688,0.02708,1.2589e-1,0.0000e+0,0.0000e+0
0.09896,0.02708,4.1436e-2,0.0000e+0,0.0000e+0
0.00104,0.03125,2.8536e+0,0.0000e+0,0.0000e+0
0.00313,0.03125,2.8487e+0,0.0000e+0,0.0000e+0
0.00521,0.03125,2.8386e+0,0.0000e+0,0.0000e+0
0.00729,0.03125,2.8228e+0,0.0000e+0,0.0000e+0
0.00937,0.03125,2.8037e+0,0.0000e+0,0.0000e+0
0.01146,0.03125,2.7827e+0,0.0000e+0,0.0000e+0
0.01354,0.03125,2.7607e+0,0.0000e+0,0.0000e+0
0.01563,0.03125,2.7379e+0,0.0000e+0,0.0000e+0
0.01771,0.03125,2.7142e+0,0.0000e+0,0.0000e+0
0.01979,0.03125,2.6896e+0,0.0000e+0,0.0000e+0
0.02187,0.03125,2.6639e+0,0.0000e+0,0.0000e+0
0.02396,0.03125,2.6370e+0,0.0000e+0,0.0000e+0
0.02604,0.03125,2.6089e+0,0.0000e+0,0.0000e+0
0.02813,0.03125,2.5810e+0,0.0000e+0,0.0000e+0
0.03021,0.03125,2.5514e+0,0.0000e+0,0.0000e+0
0.03229,0.03125,2.5186e+0,0.0000e+0,0.0000e+0
0.03438,0.03125,2.4819e+0,0.0000e+0,0.0000e+0
0.03646,0.03125,2.4410e+0,0.0000e+0,0.0000e+0
0.03854,0.03125,2.3960e+0,0.0000e+0,0.0000e+0
0.04063,0.03125,2.3473e+0,0.0000e+0,0.0000e+0
0.04271,0.03125,2.2954e+0,0.0000e+0,0.0000e+0
0.04479,0.03125,2.2409e+0,0.0000e+0,0.0000e+0
0.04688,0.03125,2.1841e+0,0.0000e+0,0.0000e+0
0.04896,0.03125,2.1255e+0,0.0000e+0,0.0000e+0
0.05104,0.03125,2.0657e+0,0.0000e+0,0.0000e+0
0.05312,0.03125,2.0056e+0,0.0000e+0,0.0000e+0
0.05521,0.03125,1.9438e+0,0.0000e+0,0.0000e+0
0.05729,0.03125,1.8795e+0,0.0000e+0,0.0000e+0
0.05937,0.03125,1.8123e+0,0.0000e+0,0.0000e+0
0.06146,0.03125,1.7423e+0,0.0000e+0,0.0000e+0
0.06354,0.03125,1.6697e+0,0.0000e+0,0.0000e+0
0.06563,0.03125,1.5944e+0,0.0000e+0,0.0000e+0
0.06771,0.03125,1.5166e+0,0.0000e+0,0.0000e+0
0.06979,0.03125,1.4370e+0,0.0000e+0,0.0000e+0
0.07187,0.03125,1.3544e+0,0.0000e+0,0.0000e+0
0.07396,0.03125,1.2676e+0,0.0000e+0,0.0000e+0
0.07604,0.03125,1.1762e+0,0.0000e+0,0.0000e+0
0.07813,0.03125,1.0798e+0,6.3778e+10,0.0000e+0
0.08021,0.03125,9.8394e-1,2.3607e+9,0.0000e+0
0.08229,0.03125,8.8401e-1,0.0000e+0,0.0000e+0
0.08438,0.03125,7.8170e-1,0.0000e+0,0.0000e+0
0.08646,0.03125,6.7774e-1,0.0000e+0,0.0000e+0
0.08854,0.03125,5.7249e-1,0.0000e+0,0.0000e+0
0.09062,0.03125,4.6662e-1,0.0000e+0,0.0000e+0
0.09271,0.03125,3.6089e-1,0.0000e+0,0.0000e+0
0.09479,0.03125,2.5592e-1,0.0000e+0,0.0000e+0
0.09688,0.03125,1.5220e-1,0.0000e+0,0.0000e+0
0.09896,0.03125,5.0090e-2,0.0000e+0,0.0000e+0
0.00104,0.03542,3.3280e+0,0.0000e+0,0.0000e+0
0.00313,0.03542,3.3246e+0,0.0000e+0,0.0000e+0
0.00521,0.03542,3.3134e+0,0.0000e+0,0.0000e+0
0.00729,0.03542,3.2821e+0,0.0000e+0,0.0000e+0
0.00937,0.03542,3.2477e+0,0.0000e+0,0.0000e+0
0.01146,0.03542,3.2157e+0,0.0000e+0,0.0000e+0
0.01354,0.03542,3.1858e+0,0.0000e+0,0.0000e+0
0.01563,0.03542,3.1568e+0,0.0000e+0,0.0000e+0
0.01771,0.03542,3.1276e+0,0.0000e+0,0.0000e+0
0.01979,0.03542,3.0985e+0,0.0000e+0,0.0000e+0
0.02187,0.03542,3.0702e+0,0.0000e+0,0.0000e+0
0.02396,0.03542,3.0386e+0,0.0000e+0,0.0000e+0
0.02604,0.03542,3.0016e+0,2.6447e+11,0.0000e+0
0.02813,0.03542,2.9789e+0,1.0799e+11,0.0000e+0
0.03021,0.03542,2.9539e+0,0.0000e+0,0.0000e+0
0.03229,0.03542,2.9218e+0,0.0000e+0,0.0000e+0
0.03438,0.03542,2.8831e+0,0.0000e+0,0.0000e+0
0.03646,0.03542,2.8376e+0,0.0000e+0,0.0000e+0
0.03854,0.03542,2.7851e+0,0.0000e+0,0.0000e+0
0.04063,0.03542,2.7273e+0,0.0000e+0,0.0000e+0
0.04271,0.03542,2.6660e+0,0.0000e+0,0.0000e+0
0.04479,0.03542,2.6019e+0,0.0000e+0,0.0000e+0
0.04688,0.03542,2.5353e+0,0.0000e+0,0.0000e+0
0.04896,0.03542,2.4657e+0,2.1852e+10,0.0000e+0
0.05104,0.03542,2.3952e+0,1.3036e+11,0.0000e+0
0.05312,0.03542,2.3341e+0,2.1775e+10,0.0000e+0
0.05521,0.03542,2.2700e+0,7.6168e+9,0.0000e+0
0.05729,0.03542,2.1998e+0,0.0000e+0,0.0000e+0
0.05937,0.03542,2.1241e+0,0.0000e+0,0.0000e+0
0.06146,0.03542,2.0451e+0,0.0000e+0,0.0000e+0
0.06354,0.03542,1.9628e+0,0.0000e+0,0.0000e+0
0.06563,0.03542,1.8770e+0,0.0000e+0,0.0000e+0
0.06771,0.03542,1.7865e+0,1.5757e+11,0.0000e+0
0.06979,0.03542,1.7004e+0,4.9790e+10,0.0000e+0
0.07187,0.03542,1.6102e+0,0.0000e+0,0.0000e+0
0.07396,0.03542,1.5129e+0,0.0000e+0,0.0000e+0
0.07604,0.03542,1.4075e+0,0.0000e+0,0.0000e+0
0.07813,0.03542,1.2921e+0,2.1238e+11,0.0000e+0
0.08021,0.03542,1.1808e+0,7.8613e+9,0.0000e+0
0.08229,0.03542,1.0571e+0,1.4669e+11,0.0000e+0
0.08438,0.03542,9.3438e-1,1.0193e+11,0.0000e+0
0.08646,0.03542,8.1132e-1,0.0000e+0,0.0000e+0
0.08854,0.03542,6.8476e-1,0.0000e+0,0.0000e+0
0.09062,0.03542,5.5708e-1,0.0000e+0,0.0000e+0
0.09271,0.03542,4.3002e-1,0.0000e+0,0.0000e+0
0.09479,0.03542,3.0447e-1,0.0000e+0,0.0000e+0
0.09688,0.03542,1.8086e-1,0.0000e+0,0.0000e+0
0.09896,0.03542,5.9485e-2,0.0000e+0,0.0000e+0
0.00104,0.03958,3.8298e+0,0.0000e+0,0.0000e+0
0.00313,0.03958,3.8510e+0,0.0000e+0,0.0000e+0
0.00521,0.03958,3.9012e+0,0.0000e+0,3.2102e+12
0.00729,0.03958,3.7912e+0,0.0000e+0,4.6079e+11
0.00937,0.03958,3.7120e+0,0.0000e+0,0.0000e+0
0.01146,0.03958,3.6627e+0,0.0000e+0,0.0000e+0
0.01354,0.03958,3.6253e+0,0.0000e+0,0.0000e+0
0.01563,0.03958,3.5911e+0,0.0000e+0,0.0000e+0
0.01771,0.03958,3.5539e+0,5.8633e+10,0.0000e+0
0.01979,0.03958,3.5173e+0,5.3844e+11,0.0000e+0
0.02187,0.03958,3.5012e+0,0.0000e+0,0.0000e+0
0.02396,0.03958,3.4733e+0,0.0000e+0,0.0000e+0
0.02604,0.03958,3.4361e+0,3.3231e+11,0.0000e+0
0.02813,0.03958,3.4164e+0,1.3569e+11,0.0000e+0
0.03021,0.03958,3.3923e+0,0.0000e+0,0.0000e+0
0.03229,0.03958,3.3606e+0,0.0000e+0,0.0000e+0
0.03438,0.03958,3.3218e+0,0.0000e+0,0.0000e+0
0.03646,0.03958,3.2733e+0,0.0000e+0,2.0217e+11
0.03854,0.03958,3.2074e+0,0.0000e+0,1.0553e+11
0.04063,0.03958,3.1338e+0,0.0000e+0,0.0000e+0
0.04271,0.03958,3.0599e+0,0.0000e+0,0.0000e+0
0.04479,0.03958,2.9853e+0,0.0000e+0,0.0000e+0
0.04688,0.03958,2.9104e+0,3.9026e+10,1.1996e+11
0.04896,0.03958,2.8277e+0,1.2673e+11,1.0589e+11
0.05104,0.03958,2.7423e+0,5.6212e+11,0.0000e+0
0.05312,0.03958,2.6924e+0,2.6665e+11,3.5793e+11
0.05521,0.03958,2.6333e+0,1.8696e+11,4.6764e+11
0.05729,0.03958,2.5524e+0,0.0000e+0,1.9307e+11
0.05937,0.03958,2.4604e+0,0.0000e+0,0.0000e+0
0.06146,0.03958,2.3718e+0,0.0000e+0,6.2663e+10
0.06354,0.03958,2.2809e+0,0.0000e+0,3.8688e+10
0.06563,0.03958,2.1897e+0,0.0000e+0,3.3515e+9
0.06771,0.03958,2.0998e+0,9.1920e+10,6.9665e+10
0.06979,0.03958,2.0094e+0,2.9045e+10,2.0165e+11
0.07187,0.03958,1.9058e+0,0.0000e+0,6.9494e+10
0.07396,0.03958,1.8017e+0,0.0000e+0,2.1277e+11
0.07604,0.03958,1.6904e+0,0.0000e+0,3.1750e+11
0.07813,0.03958,1.5675e+0,0.0000e+0,2.2487e+11
0.08021,0.03958,1.4424e+0,0.0000e+0,6.0302e+11
0.08229,0.03958,1.2873e+0,1.2230e+10,2.4896e+11
0.08438,0.03958,1.1290e+0,8.4980e+9,1.6055e+11
0.08646,0.03958,9.7095e-1,0.0000e+0,1.0229e+11
0.08854,0.03958,8.1341e-1,0.0000e+0,5.8712e+10
0.09062,0.03958,6.5673e-1,0.0000e+0,8.0622e+7
0.09271,0.03958,5.0450e-1,0.0000e+0,0.0000e+0
0.09479,0.03958,3.5610e-1,0.0000e+0,0.0000e+0
0.09688,0.03958,2.1115e-1,0.0000e+0,0.0000e+0
0.09896,0.03958,6.9387e-2,0.0000e+0,0.0000e+0
0.00104,0.04375,4.1613e+0,0.0000e+0,0.0000e+0
0.00313,0.04375,4.1655e+0,0.0000e+0,0.0000e+0
0.00521,0.04375,4.1704e+0,0.0000e+0,3.7014e+11
0.00729,0.04375,4.1410e+0,0.0000e+0,5.3131e+10
0.00937,0.04375,4.1137e+0,0.0000e+0,0.0000e+0
0.01146,0.04375,4.0926e+0,0.0000e+0,0.0000e+0
0.01354,0.04375,4.0745e+0,0.0000e+0,0.0000e+0
0.01563,0.04375,4.0565e+0,0.0000e+0,0.0000e+0
0.01771,0.04375,4.0377e+0,5.3645e+10,1.0104e+11
0.01979,0.04375,4.0182e+0,4.9263e+11,5.0789e+11
0.02187,0.04375,3.9875e+0,0.0000e+0,1.8918e+10
0.02396,0.04375,3.9563e+0,0.0000e+0,0.0000e+0
0.02604,0.04375,3.9296e+0,0.0000e+0,1.6462e+10
0.02813,0.04375,3.9105e+0,0.0000e+0,4.5603e+11
0.03021,0.04375,3.8695e+0,0.0000e+0,1.0737e+11
0.03229,0.04375,3.8363e+0,0.0000e+0,1.3044e+11
0.03438,0.04375,3.8104e+0,0.0000e+0,1.0342e+12
0.03646,0.04375,3.7279e+0,0.0000e+0,1.9366e+11
0.03854,0.04375,3.6429e+0,0.0000e+0,1.0109e+11
0.04063,0.04375,3.5564e+0,0.0000e+0,8.7515e+9
0.04271,0.04375,3.4710e+0,0.0000e+0,7.1214e+10
0.04479,0.04375,3.3838e+0,1.7572e+11,1.7337e+11
0.04688,0.04375,3.3052e+0,3.4246e+11,5.4302e+11
0.04896,0.04375,3.2173e+0,1.7544e+11,2.2950e+11
0.05104,0.04375,3.1370e+0,0.0000e+0,0.0000e+0
0.05312,0.04375,3.0729e+0,7.5203e+9,3.6364e+11
0.05521,0.04375,2.9999e+0,1.7627e+11,8.0125e+11
0.05729,0.04375,2.9009e+0,0.0000e+0,2.9139e+11
0.05937,0.04375,2.7961e+0,1.2957e+11,2.3454e+11
0.06146,0.04375,2.6997e+0,2.7152e+9,2.6488e+11
0.06354,0.04375,2.6005e+0,0.0000e+0,1.2833e+11
0.06563,0.04375,2.5074e+0,0.0000e+0,4.6945e+10
0.06771,0.04375,2.4289e+0,0.0000e+0,6.5003e+11
0.06979,0.04375,2.3285e+0,0.0000e+0,8.4701e+11
0.07187,0.04375,2.1943e+0,0.0000e+0,2.9699e+11
0.07396,0.04375,2.0639e+0,0.0000e+0,3.1791e+11
0.07604,0.04375,1.9336e+0,1.2055e+11,5.4204e+11
0.07813,0.04375,1.7939e+0,9.3421e+10,4.4448e+11
0.08021,0.04375,1.6491e+0,0.0000e+0,6.4605e+11
0.08229,0.04375,1.4729e+0,0.0000e+0,2.7128e+11
0.08438,0.04375,1.2906e+0,0.0000e+0,9.0608e+10
0.08646,0.04375,1.1115e+0,0.0000e+0,8.7847e+10
0.08854,0.04375,9.3498e-1,0.0000e+0,1.9386e+11
0.09062,0.04375,7.5272e-1,0.0000e+0,2.6621e+8
0.09271,0.04375,5.7714e-1,0.0000e+0,0.0000e+0
0.09479,0.04375,4.0684e-1,0.0000e+0,0.0000e+0
0.09688,0.04375,2.4104e-1,0.0000e+0,0.0000e+0
0.09896,0.04375,7.9179e-2,0.0000e+0,0.0000e+0
0.00104,0.04792,4.4599e+0,0.0000e+0,0.0000e+0
0.00313,0.04792,4.4648e+0,0.0000e+0,0.0000e+0
0.00521,0.04792,4.4794e+0,0.0000e+0,0.0000e+0
0.00729,0.04792,4.4974e+0,0.0000e+0,0.0000e+0
0.00937,0.04792,4.5125e+0,0.0000e+0,0.0000e+0
0.01146,0.04792,4.5251e+0,0.0000e+0,0.0000e+0
0.01354,0.04792,4.5353e+0,0.0000e+0,8.2080e+10
0.01563,0.04792,4.5346e+0,0.0000e+0,1.8169e+10
0.01771,0.04792,4.5382e+0,0.0000e+0,1.7126e+11
0.01979,0.04792,4.5466e+0,0.0000e+0,1.3928e+12
0.02187,0.04792,4.4820e+0,0.0000e+0,8.8467e+10
0.02396,0.04792,4.4313e+0,0.0000e+0,0.0000e+0
0.02604,0.04792,4.3944e+0,0.0000e+0,1.5577e+11
0.02813,0.04792,4.3588e+0,6.7019e+10,7.9715e+11
0.03021,0.04792,4.2921e+0,1.5032e+11,6.0107e+10
0.03229,0.04792,4.2491e+0,0.0000e+0,2.8814e+10
0.03438,0.04792,4.2140e+0,0.0000e+0,4.4153e+11
0.03646,0.04792,4.1506e+0,5.6487e+10,4.4574e+11
0.03854,0.04792,4.0714e+0,1.8913e+11,5.0595e+11
0.04063,0.04792,3.9893e+0,0.0000e+0,6.0241e+11
0.04271,0.04792,3.8838e+0,0.0000e+0,3.6011e+11
0.04479,0.04792,3.7733e+0,1.1692e+11,2.0260e+11
0.04688,0.04792,3.6753e+0,7.9157e+10,2.2377e+11
0.04896,0.04792,3.5787e+0,0.0000e+0,1.8788e+11
0.05104,0.04792,3.4791e+0,0.0000e+0,0.0000e+0
0.05312,0.04792,3.3870e+0,9.1030e+9,6.0080e+10
0.05521,0.04792,3.2920e+0,2.1374e+11,1.3793e+11
0.05729,0.04792,3.1961e+0,2.4916e+10,2.4519e+11
0.05937,0.04792,3.0827e+0,2.3960e+11,2.7508e+11
0.06146,0.04792,2.9706e+0,5.0206e+9,2.0355e+10
0.06354,0.04792,2.8679e+0,4.7000e+10,3.0742e+11
0.06563,0.04792,2.7632e+0,5.0265e+9,3.3320e+11
0.06771,0.04792,2.6522e+0,0.0000e+0,3.2661e+11
0.06979,0.04792,2.5304e+0,0.0000e+0,4.4215e+11
0.07187,0.04792,2.3901e+0,0.0000e+0,3.2659e+11
0.07396,0.04792,2.2406e+0,0.0000e+0,1.1214e+11
0.07604,0.04792,2.0944e+0,6.8319e+10,1.8776e+11
0.07813,0.04792,1.9489e+0,6.9653e+10,3.1794e+11
0.08021,0.04792,1.7951e+0,0.0000e+0,4.8590e+11
0.08229,0.04792,1.6160e+0,0.0000e+0,2.4395e+11
0.08438,0.04792,1.4288e+0,0.0000e+0,2.3975e+11
0.08646,0.04792,1.2311e+0,0.0000e+0,1.4311e+10
0.08854,0.04792,1.0355e+0,0.0000e+0,0.0000e+0
0.09062,0.04792,8.3842e-1,0.0000e+0,0.0000e+0
0.09271,0.04792,6.4421e-1,0.0000e+0,0.0000e+0
0.09479,0.04792,4.5440e-1,0.0000e+0,0.0000e+0
0.09688,0.04792,2.6924e-1,0.0000e+0,0.0000e+0
0.09896,0.04792,8.8437e-2,0.0000e+0,0.0000e+0
0.00104,0.05208,4.7173e+0,0.0000e+0,0.0000e+0
0.00313,0.05208,4.6989e+0,2.2729e+12,0.0000e+0
0.00521,0.05208,4.7490e+0,1.1414e+12,0.0000e+0
0.00729,0.05208,4.8471e+0,0.0000e+0,0.0000e+0
0.00937,0.05208,4.9093e+0,0.0000e+0,0.0000e+0
0.01146,0.05208,4.9588e+0,0.0000e+0,0.0000e+0
0.01354,0.05208,5.0101e+0,0.0000e+0,1.2352e+12
0.01563,0.05208,4.9889e+0,0.0000e+0,2.7342e+11
0.01771,0.05208,4.9623e+0,0.0000e+0,0.0000e+0
0.01979,0.05208,4.9416e+0,0.0000e+0,4.1401e+10
0.02187,0.05208,4.9153e+0,0.0000e+0,3.5820e+11
0.02396,0.05208,4.8669e+0,0.0000e+0,1.3396e+11
0.02604,0.05208,4.8168e+0,0.0000e+0,7.2504e+11
0.02813,0.05208,4.7204e+0,3.4209e+11,0.0000e+0
0.03021,0.05208,4.6543e+0,8.4904e+11,0.0000e+0
0.03229,0.05208,4.6310e+0,0.0000e+0,3.0551e+10
0.03438,0.05208,4.6040e+0,0.0000e+0,7.2308e+11
0.03646,0.05208,4.5266e+0,7.8826e+10,3.6526e+11
0.03854,0.05208,4.4370e+0,2.6393e+11,4.9924e+11
0.04063,0.05208,4.3455e+0,0.0000e+0,6.1589e+11
0.04271,0.05208,4.2243e+0,0.0000e+0,1.1480e+11
0.04479,0.05208,4.1092e+0,0.0000e+0,0.0000e+0
0.04688,0.05208,4.0069e+0,0.0000e+0,4.6090e+10
0.04896,0.05208,3.9093e+0,0.0000e+0,1.2881e+11
0.05104,0.05208,3.8070e+0,0.0000e+0,2.7989e+10
0.05312,0.05208,3.7100e+0,0.0000e+0,6.9020e+10
0.05521,0.05208,3.6225e+0,5.2976e+9,7.5054e+11
0.05729,0.05208,3.5026e+0,3.6052e+11,9.4876e+11
0.05937,0.05208,3.3633e+0,0.0000e+0,4.2229e+11
0.06146,0.05208,3.2151e+0,0.0000e+0,6.9196e+9
0.06354,0.05208,3.0776e+0,2.7039e+11,1.2526e+11
0.06563,0.05208,2.9553e+0,2.8917e+10,1.6049e+11
0.06771,0.05208,2.8305e+0,0.0000e+0,3.9501e+11
0.06979,0.05208,2.6831e+0,2.3082e+10,4.9261e+10
0.07187,0.05208,2.5369e+0,1.2970e+11,2.1315e+11
0.07396,0.05208,2.3854e+0,1.3511e+11,1.4572e+11
0.07604,0.05208,2.2275e+0,2.3635e+11,4.2107e+10
0.07813,0.05208,2.0771e+0,1.3531e+11,4.0317e+11
0.08021,0.05208,1.9067e+0,0.0000e+0,3.9884e+10
0.08229,0.05208,1.7335e+0,0.0000e+0,1.2173e+11
0.08438,0.05208,1.5521e+0,0.0000e+0,2.4304e+11
0.08646,0.05208,1.3572e+0,0.0000e+0,1.6580e+11
0.08854,0.05208,1.1606e+0,0.0000e+0,6.2565e+11
0.09062,0.05208,9.3054e-1,0.0000e+0,1.0553e+10
0.09271,0.05208,7.1091e-1,0.0000e+0,0.0000e+0
0.09479,0.05208,4.9988e-1,0.0000e+0,0.0000e+0
0.09688,0.05208,2.9569e-1,0.0000e+0,0.0000e+0
0.09896,0.05208,9.7055e-2,0.0000e+0,0.0000e+0
0.00104,0.05625,5.1248e+0,0.0000e+0,0.0000e+0
0.00313,0.05625,5.1126e+0,1.6284e+12,0.0000e+0
0.00521,0.05625,5.1602e+0,8.1771e+11,0.0000e+0
0.00729,0.05625,5.2489e+0,0.0000e+0,0.0000e+0
0.00937,0.05625,5.3064e+0,0.0000e+0,0.0000e+0
0.01146,0.05625,5.3481e+0,0.0000e+0,0.0000e+0
0.01354,0.05625,5.3782e+0,0.0000e+0,0.0000e+0
0.01563,0.05625,5.3923e+0,0.0000e+0,4.0320e+11
0.01771,0.05625,5.3742e+0,0.0000e+0,8.2110e+10
0.01979,0.05625,5.3559e+0,0.0000e+0,6.5723e+10
0.02187,0.05625,5.3392e+0,0.0000e+0,5.6864e+11
0.02396,0.05625,5.2843e+0,0.0000e+0,1.1178e+11
0.02604,0.05625,5.2197e+0,0.0000e+0,2.1575e+11
0.02813,0.05625,5.1400e+0,2.8147e+10,0.0000e+0
0.03021,0.05625,5.0792e+0,7.6242e+10,2.5834e+11
0.03229,0.05625,5.0251e+0,0.0000e+0,1.1684e+11
0.03438,0.05625,4.9807e+0,0.0000e+0,1.0836e+12
0.03646,0.05625,4.8734e+0,0.0000e+0,3.5900e+11
0.03854,0.05625,4.7593e+0,0.0000e+0,1.5737e+11
0.04063,0.05625,4.6483e+0,0.0000e+0,3.5221e+11
0.04271,0.05625,4.5272e+0,1.8283e+10,1.4930e+11
0.04479,0.05625,4.4147e+0,8.4882e+10,0.0000e+0
0.04688,0.05625,4.3227e+0,0.0000e+0,1.3030e+11
0.04896,0.05625,4.2354e+0,0.0000e+0,5.9976e+11
0.05104,0.05625,4.1210e+0,0.0000e+0,5.5628e+11
0.05312,0.05625,3.9878e+0,0.0000e+0,9.1080e+10
0.05521,0.05625,3.8631e+0,1.9452e+10,4.6022e+11
0.05729,0.05625,3.7172e+0,1.4635e+11,2.5076e+11
0.05937,0.05625,3.5756e+0,0.0000e+0,1.3555e+11
0.06146,0.05625,3.4343e+0,0.0000e+0,2.4187e+11
0.06354,0.05625,3.2880e+0,5.1937e+10,3.8170e+11
0.06563,0.05625,3.1300e+0,1.7705e+11,3.6059e+10
0.06771,0.05625,2.9920e+0,0.0000e+0,2.4760e+11
0.06979,0.05625,2.8423e+0,1.3227e+11,2.0954e+11
0.07187,0.05625,2.6969e+0,1.7183e+11,9.2506e+10
0.07396,0.05625,2.5638e+0,1.0023e+10,4.6221e+11
0.07604,0.05625,2.4101e+0,1.0590e+10,6.9865e+11
0.07813,0.05625,2.2234e+0,0.0000e+0,2.1311e+11
0.08021,0.05625,2.0347e+0,2.3667e+11,1.3011e+11
0.08229,0.05625,1.8638e+0,1.2010e+10,4.7719e+11
0.08438,0.05625,1.6717e+0,0.0000e+0,5.1287e+11
0.08646,0.05625,1.4572e+0,0.0000e+0,2.1748e+11
0.08854,0.05625,1.2427e+0,0.0000e+0,5.9327e+11
0.09062,0.05625,9.9835e-1,0.0000e+0,5.3311e+10
0.09271,0.05625,7.6260e-1,0.0000e+0,0.0000e+0
0.09479,0.05625,5.3623e-1,0.0000e+0,0.0000e+0
0.09688,0.05625,3.1720e-1,0.0000e+0,0.0000e+0
0.09896,0.05625,1.0412e-1,0.0000e+0,0.0000e+0
0.00104,0.06042,5.6290e+0,0.0000e+0,0.0000e+0
0.00313,0.06042,5.6380e+0,0.0000e+0,0.0000e+0
0.00521,0.06042,5.6600e+0,0.0000e+0,0.0000e+0
0.00729,0.06042,5.6912e+0,0.0000e+0,0.0000e+0
0.00937,0.06042,5.7233e+0,0.0000e+0,0.0000e+0
0.01146,0.06042,5.7582e+0,0.0000e+0,8.3273e+10
0.01354,0.06042,5.7965e+0,0.0000e+0,7.0980e+11
0.01563,0.06042,5.7993e+0,0.0000e+0,7.6131e+11
0.01771,0.06042,5.7696e+0,0.0000e+0,1.5504e+11
0.01979,0.06042,5.7505e+0,0.0000e+0,0.0000e+0
0.02187,0.06042,5.7506e+0,0.0000e+0,5.9130e+11
0.02396,0.06042,5.7264e+0,0.0000e+0,1.2903e+12
0.02604,0.06042,5.6383e+0,0.0000e+0,8.3958e+11
0.02813,0.06042,5.5216e+0,0.0000e+0,0.0000e+0
0.03021,0.06042,5.4351e+0,0.0000e+0,2.7674e+11
0.03229,0.06042,5.3559e+0,0.0000e+0,1.2672e+11
0.03438,0.06042,5.2879e+0,0.0000e+0,1.0603e+12
0.03646,0.06042,5.1595e+0,0.0000e+0,3.9157e+10
0.03854,0.06042,5.0438e+0,0.0000e+0,4.9450e+11
0.04063,0.06042,4.9046e+0,9.1549e+10,5.4771e+10
0.04271,0.06042,4.7777e+0,2.9826e+11,6.2797e+10
0.04479,0.06042,4.6775e+0,3.2991e+11,2.2405e+11
0.04688,0.06042,4.5950e+0,0.0000e+0,3.9130e+11
0.04896,0.06042,4.4988e+0,0.0000e+0,8.4436e+11
0.05104,0.06042,4.3553e+0,1.4056e+11,1.6736e+11
0.05312,0.06042,4.2235e+0,9.7346e+9,5.3924e+11
0.05521,0.06042,4.0673e+0,2.1985e+11,4.3951e+11
0.05729,0.06042,3.9016e+0,4.0745e+11,1.6749e+11
0.05937,0.06042,3.7642e+0,2.3544e+10,2.4260e+11
0.06146,0.06042,3.6173e+0,0.0000e+0,2.1556e+11
0.06354,0.06042,3.4603e+0,2.6024e+10,2.3598e+11
0.06563,0.06042,3.2907e+0,3.3289e+11,9.5282e+10
0.06771,0.06042,3.1402e+0,9.2791e+9,1.3979e+11
0.06979,0.06042,2.9808e+0,3.3251e+11,0.0000e+0
0.07187,0.06042,2.8486e+0,6.9194e+10,4.8597e+11
0.07396,0.06042,2.6982e+0,0.0000e+0,4.7240e+11
0.07604,0.06042,2.5265e+0,0.0000e+0,5.2186e+11
0.07813,0.06042,2.3309e+0,0.0000e+0,4.2932e+10
0.08021,0.06042,2.1443e+0,2.8725e+10,2.7898e+11
0.08229,0.06042,1.9488e+0,1.4577e+9,2.2599e+11
0.08438,0.06042,1.7399e+0,0.0000e+0,3.2183e+11
0.08646,0.06042,1.5096e+0,0.0000e+0,1.8134e+10
0.08854,0.06042,1.2790e+0,0.0000e+0,1.2051e+11
0.09062,0.06042,1.0373e+0,0.0000e+0,1.1542e+10
0.09271,0.06042,7.9754e-1,0.0000e+0,0.0000e+0
0.09479,0.06042,5.6280e-1,0.0000e+0,0.0000e+0
0.09688,0.06042,3.3355e-1,0.0000e+0,0.0000e+0
0.09896,0.06042,1.0958e-1,0.0000e+0,0.0000e+0
0.00104,0.06458,6.0622e+0,0.0000e+0,0.0000e+0
0.00313,0.06458,6.0689e+0,0.0000e+0,0.0000e+0
0.00521,0.06458,6.0812e+0,0.0000e+0,0.0000e+0
0.00729,0.06458,6.0944e+0,0.0000e+0,0.0000e+0
0.00937,0.06458,6.0999e+0,0.0000e+0,0.0000e+0
0.01146,0.06458,6.1014e+0,2.4542e+11,9.3226e+10
0.01354,0.06458,6.1208e+0,3.8649e+11,7.9463e+11
0.01563,0.06458,6.1040e+0,0.0000e+0,0.0000e+0
0.01771,0.06458,6.0853e+0,0.0000e+0,0.0000e+0
0.01979,0.06458,6.0730e+0,0.0000e+0,0.0000e+0
0.02187,0.06458,6.0770e+0,0.0000e+0,9.9014e+11
0.02396,0.06458,6.0388e+0,0.0000e+0,1.3342e+12
0.02604,0.06458,5.9400e+0,0.0000e+0,8.7820e+11
0.02813,0.06458,5.8122e+0,0.0000e+0,1.6561e+11
0.03021,0.06458,5.6981e+0,3.5047e+11,0.0000e+0
0.03229,0.06458,5.6215e+0,2.7574e+11,6.4746e+11
0.03438,0.06458,5.5265e+0,0.0000e+0,3.1416e+11
0.03646,0.06458,5.4109e+0,0.0000e+0,1.3686e+11
0.03854,0.06458,5.2946e+0,0.0000e+0,5.6601e+11
0.04063,0.06458,5.1490e+0,4.8832e+11,3.0370e+11
0.04271,0.06458,5.0277e+0,2.8806e+11,3.2910e+11
0.04479,0.06458,4.9192e+0,1.8144e+11,4.7735e+11
0.04688,0.06458,4.8149e+0,0.0000e+0,3.1947e+11
0.04896,0.06458,4.7066e+0,0.0000e+0,8.0924e+11
0.05104,0.06458,4.5564e+0,2.6870e+11,3.3414e+11
0.05312,0.06458,4.4149e+0,1.8609e+10,4.3822e+11
0.05521,0.06458,4.2535e+0,4.8798e+10,1.6927e+11
0.05729,0.06458,4.0920e+0,2.5112e+11,2.5031e+11
0.05937,0.06458,3.9413e+0,6.3423e+10,1.3623e+11
0.06146,0.06458,3.7934e+0,0.0000e+0,2.2711e+11
0.06354,0.06458,3.6377e+0,3.0069e+11,5.3233e+11
0.06563,0.06458,3.4711e+0,1.1119e+11,3.3177e+11
0.06771,0.06458,3.3006e+0,3.2002e+9,1.0466e+11
0.06979,0.06458,3.1259e+0,1.4073e+11,7.8180e+10
0.07187,0.06458,2.9578e+0,2.6523e+11,3.3482e+11
0.07396,0.06458,2.7871e+0,0.0000e+0,3.0305e+11
0.07604,0.06458,2.5953e+0,1.7222e+11,1.0622e+11
0.07813,0.06458,2.4089e+0,1.2722e+11,7.2548e+10
0.08021,0.06458,2.2330e+0,1.3583e+11,5.2947e+11
0.08229,0.06458,2.0371e+0,0.0000e+0,4.7411e+11
0.08438,0.06458,1.8138e+0,1.2671e+11,3.5400e+11
0.08646,0.06458,1.5803e+0,4.7897e+10,1.9995e+11
0.08854,0.06458,1.3439e+0,0.0000e+0,3.9335e+11
0.09062,0.06458,1.0870e+0,0.0000e+0,5.4820e+10
0.09271,0.06458,8.3380e-1,0.0000e+0,0.0000e+0
0.09479,0.06458,5.8782e-1,0.0000e+0,0.0000e+0
0.09688,0.06458,3.4825e-1,0.0000e+0,0.0000e+0
0.09896,0.06458,1.1439e-1,0.0000e+0,0.0000e+0
0.00104,0.06875,6.4421e+0,0.0000e+0,0.0000e+0
0.00313,0.06875,6.4535e+0,0.0000e+0,0.0000e+0
0.00521,0.06875,6.4775e+0,0.0000e+0,0.0000e+0
0.00729,0.06875,6.5174e+0,0.0000e+0,1.3147e+12
0.00937,0.06875,6.4895e+0,0.0000e+0,6.2249e+11
0.01146,0.06875,6.4405e+0,4.3769e+11,1.9410e+10
0.01354,0.06875,6.4362e+0,6.8927e+11,6.5960e+11
0.01563,0.06875,6.4257e+0,0.0000e+0,5.7416e+11
0.01771,0.06875,6.3831e+0,0.0000e+0,2.2698e+11
0.01979,0.06875,6.3312e+0,0.0000e+0,6.3834e+10
0.02187,0.06875,6.2688e+0,0.0000e+0,0.0000e+0
0.02396,0.06875,6.1980e+0,0.0000e+0,0.0000e+0
0.02604,0.06875,6.1179e+0,0.0000e+0,5.6607e+10
0.02813,0.06875,6.0321e+0,0.0000e+0,1.7337e+11
0.03021,0.06875,5.9441e+0,5.2213e+10,2.1407e+11
0.03229,0.06875,5.8632e+0,4.1080e+10,4.1714e+11
0.03438,0.06875,5.7740e+0,0.0000e+0,7.9423e+11
0.03646,0.06875,5.6491e+0,0.0000e+0,4.2087e+11
0.03854,0.06875,5.5128e+0,0.0000e+0,3.0425e+11
0.04063,0.06875,5.3703e+0,6.6477e+10,3.3903e+11
0.04271,0.06875,5.2297e+0,8.5410e+10,3.3654e+11
0.04479,0.06875,5.0844e+0,3.9578e+11,7.0409e+10
0.04688,0.06875,4.9691e+0,4.8821e+10,2.1196e+11
0.04896,0.06875,4.8500e+0,0.0000e+0,2.4893e+11
0.05104,0.06875,4.7221e+0,0.0000e+0,3.9361e+11
0.05312,0.06875,4.5802e+0,0.0000e+0,3.6364e+11
0.05521,0.06875,4.4241e+0,0.0000e+0,2.8310e+11
0.05729,0.06875,4.2628e+0,0.0000e+0,2.3367e+11
0.05937,0.06875,4.1010e+0,0.0000e+0,4.8348e+10
0.06146,0.06875,3.9497e+0,0.0000e+0,1.4018e+11
0.06354,0.06875,3.7996e+0,2.1865e+10,4.0162e+11
0.06563,0.06875,3.6303e+0,1.9620e+9,6.1556e+10
0.06771,0.06875,3.4662e+0,2.0341e+11,6.2569e+11
0.06979,0.06875,3.2773e+0,4.7150e+10,1.5303e+11
0.07187,0.06875,3.0838e+0,0.0000e+0,1.5769e+11
0.07396,0.06875,2.8854e+0,0.0000e+0,6.4515e+10
0.07604,0.06875,2.6889e+0,1.3347e+10,3.0837e+11
0.07813,0.06875,2.4770e+0,4.1909e+11,5.7534e+10
0.08021,0.06875,2.2937e+0,2.9348e+11,4.2127e+11
0.08229,0.06875,2.1068e+0,1.0098e+10,6.4292e+11
0.08438,0.06875,1.8800e+0,6.4607e+10,3.5137e+11
0.08646,0.06875,1.6388e+0,2.4422e+10,2.0782e+11
0.08854,0.06875,1.3904e+0,0.0000e+0,3.2920e+11
0.09062,0.06875,1.1278e+0,0.0000e+0,1.6766e+11
0.09271,0.06875,8.6379e-1,0.0000e+0,0.0000e+0
0.09479,0.06875,6.0855e-1,0.0000e+0,0.0000e+0
0.09688,0.06875,3.6044e-1,0.0000e+0,0.0000e+0
0.09896,0.06875,1.1839e-1,0.0000e+0,0.0000e+0
0.00104,0.07292,6.7303e+0,0.0000e+0,0.0000e+0
0.00313,0.07292,6.7396e+0,0.0000e+0,0.0000e+0
0.00521,0.07292,6.7593e+0,0.0000e+0,0.0000e+0
0.00729,0.07292,6.7921e+0,0.0000e+0,5.9983e+11
0.00937,0.07292,6.8020e+0,0.0000e+0,6.7032e+11
0.01146,0.07292,6.8034e+0,0.0000e+0,1.6134e+12
0.01354,0.07292,6.7484e+0,0.0000e+0,5.1976e+11
0.01563,0.07292,6.7098e+0,0.0000e+0,6.7609e+11
0.01771,0.07292,6.6684e+0,0.0000e+0,5.2485e+11
0.01979,0.07292,6.6356e+0,0.0000e+0,1.8595e+12
0.02187,0.07292,6.5189e+0,2.0868e+11,5.8997e+11
0.02396,0.07292,6.4210e+0,4.0238e+10,4.1883e+11
0.02604,0.07292,6.3278e+0,0.0000e+0,3.7244e+11
0.02813,0.07292,6.2319e+0,0.0000e+0,2.5506e+11
0.03021,0.07292,6.1376e+0,0.0000e+0,2.6570e+11
0.03229,0.07292,6.0446e+0,0.0000e+0,3.5451e+11
0.03438,0.07292,5.9410e+0,0.0000e+0,2.2881e+11
0.03646,0.07292,5.8304e+0,0.0000e+0,5.3233e+11
0.03854,0.07292,5.6906e+0,0.0000e+0,3.0050e+11
0.04063,0.07292,5.5366e+0,0.0000e+0,0.0000e+0
0.04271,0.07292,5.3919e+0,0.0000e+0,0.0000e+0
0.04479,0.07292,5.2576e+0,1.7483e+11,5.0842e+11
0.04688,0.07292,5.1111e+0,1.5205e+11,1.3814e+11
0.04896,0.07292,4.9714e+0,1.0631e+11,2.9121e+9
0.05104,0.07292,4.8420e+0,0.0000e+0,1.4812e+10
0.05312,0.07292,4.7111e+0,0.0000e+0,4.8742e+11
0.05521,0.07292,4.5510e+0,0.0000e+0,1.7278e+11
0.05729,0.07292,4.3854e+0,0.0000e+0,9.7297e+9
0.05937,0.07292,4.2257e+0,2.9093e+10,0.0000e+0
0.06146,0.07292,4.0774e+0,1.1823e+11,1.7021e+11
0.06354,0.07292,3.9362e+0,0.0000e+0,5.2064e+11
0.06563,0.07292,3.7715e+0,0.0000e+0,9.4022e+10
0.06771,0.07292,3.6185e+0,6.3555e+10,7.6144e+11
0.06979,0.07292,3.4334e+0,1.4732e+10,8.8251e+11
0.07187,0.07292,3.2025e+0,2.1143e+11,3.0335e+11
0.07396,0.07292,2.9779e+0,2.2948e+11,5.1147e+10
0.07604,0.07292,2.7729e+0,1.1381e+11,3.2809e+11
0.07813,0.07292,2.5590e+0,3.3859e+11,1.9766e+11
0.08021,0.07292,2.3591e+0,2.2881e+11,2.8830e+11
0.08229,0.07292,2.1571e+0,9.8438e+10,3.8240e+11
0.08438,0.07292,1.9356e+0,0.0000e+0,3.8951e+11
0.08646,0.07292,1.6918e+0,1.6229e+10,5.8473e+11
0.08854,0.07292,1.4145e+0,9.3225e+10,2.3253e+10
0.09062,0.07292,1.1459e+0,2.6430e+10,7.4541e+9
0.09271,0.07292,8.8191e-1,0.0000e+0,0.0000e+0
0.09479,0.07292,6.2294e-1,0.0000e+0,0.0000e+0
0.09688,0.07292,3.6946e-1,0.0000e+0,0.0000e+0
0.09896,0.07292,1.2142e-1,0.0000e+0,0.0000e+0
0.00104,0.07708,6.9446e+0,0.0000e+0,0.0000e+0
0.00313,0.07708,6.9459e+0,0.0000e+0,0.0000e+0
0.00521,0.07708,6.9470e+0,0.0000e+0,0.0000e+0
0.00729,0.07708,6.9450e+0,0.0000e+0,0.0000e+0
0.00937,0.07708,6.9329e+0,0.0000e+0,0.0000e+0
0.01146,0.07708,6.9054e+0,0.0000e+0,0.0000e+0
0.01354,0.07708,6.8602e+0,0.0000e+0,0.0000e+0
0.01563,0.07708,6.8136e+0,0.0000e+0,7.1438e+9
0.01771,0.07708,6.7721e+0,0.0000e+0,3.3094e+11
0.01979,0.07708,6.7234e+0,0.0000e+0,1.2759e+12
0.02187,0.07708,6.6141e+0,6.3658e+11,4.0685e+11
0.02396,0.07708,6.5429e+0,1.2275e+11,5.3335e+11
0.02604,0.07708,6.4618e+0,0.0000e+0,3.2444e+11
0.02813,0.07708,6.3735e+0,0.0000e+0,5.9246e+11
0.03021,0.07708,6.2679e+0,0.0000e+0,1.1501e+11
0.03229,0.07708,6.1827e+0,4.1615e+10,5.0665e+11
0.03438,0.07708,6.0897e+0,1.4558e+11,5.7464e+11
0.03646,0.07708,5.9896e+0,0.0000e+0,5.6341e+11
0.03854,0.07708,5.8629e+0,0.0000e+0,7.7752e+11
0.04063,0.07708,5.6962e+0,0.0000e+0,7.5116e+10
0.04271,0.07708,5.5400e+0,0.0000e+0,0.0000e+0
0.04479,0.07708,5.3955e+0,0.0000e+0,1.3899e+11
0.04688,0.07708,5.2490e+0,1.5932e+11,1.2577e+11
0.04896,0.07708,5.1114e+0,1.4368e+11,1.4991e+11
0.05104,0.07708,4.9845e+0,1.0705e+10,5.3403e+11
0.05312,0.07708,4.8284e+0,2.6533e+11,3.4553e+11
0.05521,0.07708,4.6704e+0,0.0000e+0,1.6077e+11
0.05729,0.07708,4.5046e+0,0.0000e+0,5.2950e+10
0.05937,0.07708,4.3384e+0,4.3349e+10,3.1725e+10
0.06146,0.07708,4.1748e+0,2.9274e+11,1.2365e+11
0.06354,0.07708,4.0230e+0,2.6925e+11,5.6953e+11
0.06563,0.07708,3.8567e+0,2.3651e+11,8.9559e+10
0.06771,0.07708,3.7054e+0,5.0610e+10,5.9764e+11
0.06979,0.07708,3.5259e+0,0.0000e+0,8.6549e+11
0.07187,0.07708,3.2975e+0,2.0000e+11,3.6815e+11
0.07396,0.07708,3.0699e+0,2.3313e+11,2.0243e+11
0.07604,0.07708,2.8542e+0,3.7303e+11,3.4706e+11
0.07813,0.07708,2.6489e+0,3.2366e+11,5.8531e+11
0.08021,0.07708,2.4357e+0,2.0998e+10,2.7282e+11
0.08229,0.07708,2.2149e+0,1.7342e+11,4.4088e+11
0.08438,0.07708,1.9821e+0,0.0000e+0,4.1100e+11
0.08646,0.07708,1.7264e+0,1.7156e+11,4.6905e+11
0.08854,0.07708,1.4526e+0,1.6939e+11,3.1380e+11
0.09062,0.07708,1.1750e+0,3.2075e+10,3.1113e+10
0.09271,0.07708,9.0340e-1,0.0000e+0,0.0000e+0
0.09479,0.07708,6.3789e-1,0.0000e+0,0.0000e+0
0.09688,0.07708,3.7828e-1,0.0000e+0,0.0000e+0
0.09896,0.07708,1.2431e-1,0.0000e+0,0.0000e+0
0.00104,0.08125,7.1489e+0,0.0000e+0,0.0000e+0
0.00313,0.08125,7.1485e+0,0.0000e+0,0.0000e+0
0.00521,0.08125,7.1480e+0,0.0000e+0,0.0000e+0
0.00729,0.08125,7.1465e+0,0.0000e+0,0.0000e+0
0.00937,0.08125,7.1433e+0,0.0000e+0,6.3502e+11
0.01146,0.08125,7.1043e+0,0.0000e+0,1.0845e+12
0.01354,0.08125,7.0060e+0,0.0000e+0,0.0000e+0
0.01563,0.08125,6.9185e+0,0.0000e+0,1.3457e+11
0.01771,0.08125,6.8219e+0,5.2773e+11,1.0822e+12
0.01979,0.08125,6.6853e+0,1.5009e+12,0.0000e+0
0.02187,0.08125,6.6503e+0,7.1475e+10,0.0000e+0
0.02396,0.08125,6.6113e+0,2.1638e+10,3.6590e+11
0.02604,0.08125,6.5491e+0,7.0889e+10,1.1220e+12
0.02813,0.08125,6.4275e+0,9.3674e+10,1.5334e+11
0.03021,0.08125,6.3071e+0,5.2783e+11,0.0000e+0
0.03229,0.08125,6.2258e+0,4.4499e+11,1.2834e+11
0.03438,0.08125,6.1607e+0,3.6799e+11,4.0173e+11
0.03646,0.08125,6.1045e+0,0.0000e+0,1.2298e+12
0.03854,0.08125,5.9827e+0,0.0000e+0,8.2020e+11
0.04063,0.08125,5.8232e+0,0.0000e+0,1.1605e+11
0.04271,0.08125,5.6703e+0,0.0000e+0,0.0000e+0
0.04479,0.08125,5.5254e+0,0.0000e+0,0.0000e+0
0.04688,0.08125,5.3792e+0,2.2339e+11,6.6830e+10
0.04896,0.08125,5.2376e+0,1.8746e+11,6.5949e+10
0.05104,0.08125,5.0999e+0,2.3585e+11,1.9562e+11
0.05312,0.08125,4.9618e+0,2.6258e+11,7.0708e+11
0.05521,0.08125,4.7946e+0,0.0000e+0,7.1078e+8
0.05729,0.08125,4.6334e+0,1.6117e+11,3.1208e+11
0.05937,0.08125,4.4724e+0,1.8698e+11,7.1322e+11
0.06146,0.08125,4.2899e+0,7.1392e+10,2.6195e+11
0.06354,0.08125,4.1025e+0,5.2984e+11,2.2731e+11
0.06563,0.08125,3.9390e+0,4.6836e+10,2.6468e+11
0.06771,0.08125,3.7606e+0,9.5362e+9,1.5104e+11
0.06979,0.08125,3.5670e+0,0.0000e+0,1.3928e+11
0.07187,0.08125,3.3592e+0,0.0000e+0,1.0362e+11
0.07396,0.08125,3.1448e+0,4.2944e+9,1.0741e+11
0.07604,0.08125,2.9286e+0,2.6483e+10,2.5740e+11
0.07813,0.08125,2.7046e+0,2.1794e+10,9.3780e+10
0.08021,0.08125,2.4829e+0,1.1388e+9,1.1180e+11
0.08229,0.08125,2.2602e+0,0.0000e+0,3.5903e+11
0.08438,0.08125,2.0183e+0,0.0000e+0,2.6914e+11
0.08646,0.08125,1.7601e+0,0.0000e+0,2.0007e+11
0.08854,0.08125,1.4917e+0,0.0000e+0,3.8698e+11
0.09062,0.08125,1.2049e+0,0.0000e+0,4.1381e+10
0.09271,0.08125,9.2464e-1,0.0000e+0,0.0000e+0
0.09479,0.08125,6.5228e-1,0.0000e+0,0.0000e+0
0.09688,0.08125,3.8664e-1,0.0000e+0,0.0000e+0
0.09896,0.08125,1.2704e-1,0.0000e+0,0.0000e+0
0.00104,0.08542,7.3532e+0,0.0000e+0,0.0000e+0
0.00313,0.08542,7.3541e+0,0.0000e+0,0.0000e+0
0.00521,0.08542,7.3555e+0,0.0000e+0,0.0000e+0
0.00729,0.08542,7.3570e+0,0.0000e+0,5.8178e+11
0.00937,0.08542,7.3171e+0,0.0000e+0,4.3982e+11
0.01146,0.08542,7.2488e+0,0.0000e+0,2.3691e+11
0.01354,0.08542,7.1662e+0,0.0000e+0,3.0073e+11
0.01563,0.08542,7.0657e+0,0.0000e+0,8.9331e+11
0.01771,0.08542,6.9072e+0,2.6315e+11,0.0000e+0
0.01979,0.08542,6.7560e+0,1.8426e+12,0.0000e+0
0.02187,0.08542,6.7294e+0,2.5998e+11,9.7972e+10
0.02396,0.08542,6.6798e+0,1.8330e+11,7.6714e+11
0.02604,0.08542,6.5708e+0,6.0053e+11,5.7752e+10
0.02813,0.08542,6.4866e+0,3.2287e+10,1.4256e+10
0.03021,0.08542,6.3962e+0,2.0689e+11,2.4167e+11
0.03229,0.08542,6.3029e+0,2.5022e+11,3.2961e+11
0.03438,0.08542,6.2068e+0,6.4311e+10,0.0000e+0
0.03646,0.08542,6.1163e+0,7.5805e+10,7.3984e+10
0.03854,0.08542,6.0257e+0,0.0000e+0,2.6767e+11
0.04063,0.08542,5.9197e+0,0.0000e+0,3.9648e+11
0.04271,0.08542,5.7975e+0,0.0000e+0,4.3746e+10
0.04479,0.08542,5.6873e+0,0.0000e+0,4.6852e+11
0.04688,0.08542,5.5662e+0,0.0000e+0,8.4782e+11
0.04896,0.08542,5.4112e+0,0.0000e+0,4.4363e+11
0.05104,0.08542,5.2476e+0,5.2511e+10,2.9089e+10
0.05312,0.08542,5.0981e+0,2.7854e+10,5.2514e+11
0.05521,0.08542,4.9189e+0,0.0000e+0,1.7186e+11
0.05729,0.08542,4.7344e+0,1.7892e+10,2.8995e+10
0.05937,0.08542,4.5555e+0,5.2845e+11,5.0011e+11
0.06146,0.08542,4.3806e+0,2.3634e+11,3.2273e+11
0.06354,0.08542,4.2105e+0,7.0970e+10,2.5892e+11
0.06563,0.08542,4.0364e+0,0.0000e+0,2.1175e+11
0.06771,0.08542,3.8571e+0,2.1052e+10,6.1045e+11
0.06979,0.08542,3.6450e+0,2.4342e+11,3.3498e+11
0.07187,0.08542,3.4389e+0,0.0000e+0,3.2100e+11
0.07396,0.08542,3.2197e+0,3.7645e+10,3.6804e+11
0.07604,0.08542,2.9882e+0,8.3233e+10,2.5275e+11
0.07813,0.08542,2.7539e+0,0.0000e+0,5.3017e+10
0.08021,0.08542,2.5227e+0,0.0000e+0,0.0000e+0
0.08229,0.08542,2.2932e+0,0.0000e+0,6.5083e+10
0.08438,0.08542,2.0598e+0,0.0000e+0,4.7202e+11
0.08646,0.08542,1.7973e+0,0.0000e+0,4.5987e+11
0.08854,0.08542,1.5091e+0,6.0636e+10,1.3722e+11
0.09062,0.08542,1.2212e+0,1.3320e+10,0.0000e+0
0.09271,0.08542,9.3934e-1,0.0000e+0,0.0000e+0
0.09479,0.08542,6.6341e-1,0.0000e+0,0.0000e+0
0.09688,0.08542,3.9346e-1,0.0000e+0,0.0000e+0
0.09896,0.08542,1.2931e-1,0.0000e+0,0.0000e+0
0.00104,0.08958,7.5526e+0,0.0000e+0,0.0000e+0
0.00313,0.08958,7.5540e+0,0.0000e+0,0.0000e+0
0.00521,0.08958,7.5591e+0,0.0000e+0,0.0000e+0
0.00729,0.08958,7.5719e+0,0.0000e+0,1.2624e+12
0.00937,0.08958,7.5141e+0,0.0000e+0,6.5334e+11
0.01146,0.08958,7.4308e+0,0.0000e+0,3.0045e+10
0.01354,0.08958,7.3600e+0,0.0000e+0,9.9729e+11
0.01563,0.08958,7.2333e+0,0.0000e+0,2.1623e+11
0.01771,0.08958,7.1063e+0,0.0000e+0,0.0000e+0
0.01979,0.08958,6.9970e+0,8.8013e+10,0.0000e+0
0.02187,0.08958,6.9227e+0,1.8674e+10,5.2546e+11
0.02396,0.08958,6.8262e+0,0.0000e+0,4.9762e+11
0.02604,0.08958,6.7031e+0,1.2953e+11,0.0000e+0
0.02813,0.08958,6.5986e+0,1.1718e+11,0.0000e+0
0.03021,0.08958,6.5084e+0,0.0000e+0,2.3420e+11
0.03229,0.08958,6.4008e+0,0.0000e+0,1.5386e+11
0.03438,0.08958,6.2777e+0,2.2522e+11,0.0000e+0
0.03646,0.08958,6.1546e+0,7.8353e+11,0.0000e+0
0.03854,0.08958,6.0667e+0,1.9445e+11,0.0000e+0
0.04063,0.08958,5.9798e+0,2.2355e+11,3.4627e+11
0.04271,0.08958,5.8862e+0,0.0000e+0,5.4553e+11
0.04479,0.08958,5.7667e+0,0.0000e+0,1.5227e+11
0.04688,0.08958,5.6473e+0,0.0000e+0,3.8218e+11
0.04896,0.08958,5.5066e+0,0.0000e+0,1.0786e+11
0.05104,0.08958,5.3678e+0,0.0000e+0,3.2621e+11
0.05312,0.08958,5.2225e+0,7.1137e+9,7.9008e+11
0.05521,0.08958,5.0379e+0,3.2876e+10,5.5395e+11
0.05729,0.08958,4.8345e+0,2.6788e+11,3.5985e+11
0.05937,0.08958,4.6404e+0,1.9553e+11,1.9689e+11
0.06146,0.08958,4.4607e+0,1.7546e+11,8.4248e+9
0.06354,0.08958,4.2970e+0,0.0000e+0,4.4333e+11
0.06563,0.08958,4.1112e+0,0.0000e+0,2.3399e+11
0.06771,0.08958,3.9171e+0,4.5509e+9,4.0936e+11
0.06979,0.08958,3.6983e+0,2.3959e+11,1.4805e+11
0.07187,0.08958,3.4948e+0,1.5931e+10,4.4615e+11
0.07396,0.08958,3.2648e+0,5.4863e+10,1.6899e+11
0.07604,0.08958,3.0303e+0,1.2130e+11,1.0302e+11
0.07813,0.08958,2.7992e+0,1.8289e+11,8.9762e+10
0.08021,0.08958,2.5791e+0,1.2625e+10,2.9584e+11
0.08229,0.08958,2.3453e+0,0.0000e+0,3.7394e+11
0.08438,0.08958,2.0936e+0,0.0000e+0,3.8013e+11
0.08646,0.08958,1.8195e+0,1.3173e+10,2.7377e+11
0.08854,0.08958,1.5287e+0,2.8801e+11,2.7522e+11
0.09062,0.08958,1.2427e+0,3.2042e+10,1.3293e+11
0.09271,0.08958,9.5531e-1,0.0000e+0,0.0000e+0
0.09479,0.08958,6.7457e-1,0.0000e+0,0.0000e+0
0.09688,0.08958,4.0008e-1,0.0000e+0,0.0000e+0
0.09896,0.08958,1.3149e-1,0.0000e+0,0.0000e+0
0.00104,0.09375,7.7381e+0,0.0000e+0,0.0000e+0
0.00313,0.09375,7.7310e+0,0.0000e+0,0.0000e+0
0.00521,0.09375,7.7176e+0,0.0000e+0,0.0000e+0
0.00729,0.09375,7.6991e+0,0.0000e+0,0.0000e+0
0.00937,0.09375,7.6708e+0,0.0000e+0,3.9973e+11
0.01146,0.09375,7.6102e+0,0.0000e+0,4.8655e+11
0.01354,0.09375,7.5246e+0,0.0000e+0,6.8502e+11
0.01563,0.09375,7.4023e+0,0.0000e+0,0.0000e+0
0.01771,0.09375,7.2898e+0,0.0000e+0,0.0000e+0
0.01979,0.09375,7.1824e+0,0.0000e+0,0.0000e+0
0.02187,0.09375,7.0754e+0,0.0000e+0,5.6360e+10
0.02396,0.09375,6.9608e+0,0.0000e+0,2.8111e+10
0.02604,0.09375,6.8419e+0,3.0546e+11,2.2568e+11
0.02813,0.09375,6.7261e+0,8.2080e+11,3.8592e+11
0.03021,0.09375,6.6435e+0,6.2447e+10,3.4300e+11
0.03229,0.09375,6.5427e+0,0.0000e+0,1.4058e+11
0.03438,0.09375,6.4460e+0,0.0000e+0,6.5364e+11
0.03646,0.09375,6.3236e+0,4.1508e+10,5.9952e+11
0.03854,0.09375,6.1861e+0,8.0097e+10,2.6129e+11
0.04063,0.09375,6.0520e+0,1.1632e+11,8.5346e+10
0.04271,0.09375,5.9278e+0,2.4606e+11,6.1569e+10
0.04479,0.09375,5.8204e+0,4.3312e+10,1.7865e+11
0.04688,0.09375,5.7164e+0,3.1863e+10,6.5406e+11
0.04896,0.09375,5.5843e+0,9.3111e+9,5.0999e+11
0.05104,0.09375,5.4351e+0,0.0000e+0,1.7184e+11
0.05312,0.09375,5.2847e+0,1.1729e+11,7.3182e+11
0.05521,0.09375,5.0953e+0,3.2529e+11,4.2581e+11
0.05729,0.09375,4.9010e+0,1.4798e+11,1.4715e+11
0.05937,0.09375,4.7094e+0,2.8958e+11,7.5501e+10
0.06146,0.09375,4.5395e+0,3.6438e+10,3.1694e+11
0.06354,0.09375,4.3559e+0,2.3305e+11,3.8845e+11
0.06563,0.09375,4.1696e+0,0.0000e+0,2.3265e+11
0.06771,0.09375,3.9728e+0,0.0000e+0,4.1666e+11
0.06979,0.09375,3.7542e+0,3.1323e+11,3.4122e+11
0.07187,0.09375,3.5445e+0,1.2866e+11,5.0127e+11
0.07396,0.09375,3.3184e+0,1.3692e+11,2.3573e+11
0.07604,0.09375,3.0915e+0,0.0000e+0,1.5696e+11
0.07813,0.09375,2.8564e+0,8.4791e+10,1.4747e+11
0.08021,0.09375,2.6219e+0,5.8530e+9,1.9857e+11
0.08229,0.09375,2.3755e+0,0.0000e+0,1.0637e+11
0.08438,0.09375,2.1237e+0,0.0000e+0,3.0790e+11
0.08646,0.09375,1.8558e+0,3.6366e+10,5.6098e+11
0.08854,0.09375,1.5607e+0,1.8965e+11,4.0197e+11
0.09062,0.09375,1.2619e+0,0.0000e+0,1.6918e+10
0.09271,0.09375,9.7014e-1,0.0000e+0,0.0000e+0
0.09479,0.09375,6.8518e-1,0.0000e+0,0.0000e+0
0.09688,0.09375,4.0645e-1,0.0000e+0,0.0000e+0
0.09896,0.09375,1.3360e-1,0.0000e+0,0.0000e+0
0.00104,0.09792,7.9805e+0,0.0000e+0,0.0000e+0
0.00313,0.09792,7.9611e+0,0.0000e+0,0.0000e+0
0.00521,0.09792,7.9232e+0,0.0000e+0,0.0000e+0
0.00729,0.09792,7.8919e+0,0.0000e+0,2.9579e+9
0.00937,0.09792,7.8704e+0,0.0000e+0,9.8096e+11
0.01146,0.09792,7.7900e+0,0.0000e+0,6.8241e+11
0.01354,0.09792,7.6849e+0,0.0000e+0,0.0000e+0
0.01563,0.09792,7.5942e+0,0.0000e+0,1.4931e+11
0.01771,0.09792,7.5047e+0,0.0000e+0,3.6806e+11
0.01979,0.09792,7.4111e+0,0.0000e+0,1.0287e+12
0.02187,0.09792,7.2835e+0,0.0000e+0,7.5230e+11
0.02396,0.09792,7.1437e+0,0.0000e+0,2.2690e+11
0.02604,0.09792,7.0215e+0,0.0000e+0,3.2236e+11
0.02813,0.09792,6.9063e+0,1.6445e+11,7.8947e+11
0.03021,0.09792,6.7791e+0,1.8861e+10,4.1581e+11
0.03229,0.09792,6.6497e+0,0.0000e+0,3.2398e+10
0.03438,0.09792,6.5382e+0,0.0000e+0,6.0598e+11
0.03646,0.09792,6.3991e+0,0.0000e+0,2.2665e+11
0.03854,0.09792,6.2600e+0,0.0000e+0,2.4756e+11
0.04063,0.09792,6.1177e+0,0.0000e+0,1.2026e+11
0.04271,0.09792,5.9792e+0,1.9659e+11,1.0880e+11
0.04479,0.09792,5.8505e+0,3.4605e+10,2.7840e+10
0.04688,0.09792,5.7206e+0,4.6567e+11,2.5061e+11
0.04896,0.09792,5.5977e+0,4.2918e+11,3.1988e+11
0.05104,0.09792,5.4774e+0,0.0000e+0,2.9398e+11
0.05312,0.09792,5.3425e+0,0.0000e+0,7.2608e+11
0.05521,0.09792,5.1649e+0,2.1930e+11,4.9599e+11
0.05729,0.09792,4.9787e+0,1.1240e+11,2.0162e+11
0.05937,0.09792,4.7913e+0,6.1156e+10,1.8826e+11
0.06146,0.09792,4.6025e+0,1.1429e+10,9.5245e+10
0.06354,0.09792,4.4129e+0,7.3097e+10,2.2316e+11
0.06563,0.09792,4.2208e+0,0.0000e+0,3.2265e+11
0.06771,0.09792,4.0107e+0,3.4101e+9,1.7446e+11
0.06979,0.09792,3.7939e+0,1.6537e+11,2.8926e+11
0.07187,0.09792,3.5740e+0,1.9724e+11,3.9494e+10
0.07396,0.09792,3.3676e+0,1.2547e+11,1.8454e+11
0.07604,0.09792,3.1614e+0,0.0000e+0,6.1531e+11
0.07813,0.09792,2.9184e+0,3.5441e+11,5.2387e+11
0.08021,0.09792,2.6756e+0,2.4733e+11,4.8376e+11
0.08229,0.09792,2.4188e+0,0.0000e+0,2.1520e+11
0.08438,0.09792,2.1477e+0,0.0000e+0,1.8286e+11
0.08646,0.09792,1.8611e+0,1.9652e+11,1.6281e+11
0.08854,0.09792,1.5716e+0,1.8126e+11,2.5061e+11
0.09062,0.09792,1.2751e+0,9.5067e+10,3.6359e+10
0.09271,0.09792,9.8354e-1,0.0000e+0,0.0000e+0
0.09479,0.09792,6.9574e-1,0.0000e+0,0.0000e+0
0.09688,0.09792,4.1300e-1,0.0000e+0,0.0000e+0
0.09896,0.09792,1.3579e-1,0.0000e+0,0.0000e+0
0.00104,0.10208,8.3807e+0,0.0000e+0,2.3349e+12
0.00313,0.10208,8.3425e+0,0.0000e+0,4.1332e+12
0.00521,0.10208,8.1564e+0,0.0000e+0,0.0000e+0
0.00729,0.10208,8.0738e+0,0.0000e+0,1.4897e+10
0.00937,0.10208,8.0432e+0,0.0000e+0,1.9815e+12
0.01146,0.10208,7.9212e+0,0.0000e+0,0.0000e+0
0.01354,0.10208,7.8472e+0,0.0000e+0,5.8765e+11
0.01563,0.10208,7.7821e+0,0.0000e+0,1.5790e+12
0.01771,0.10208,7.6643e+0,0.0000e+0,1.4228e+12
0.01979,0.10208,7.4986e+0,0.0000e+0,7.2891e+10
0.02187,0.10208,7.3552e+0,0.0000e+0,1.7931e+9
0.02396,0.10208,7.2302e+0,0.0000e+0,1.8494e+11
0.02604,0.10208,7.1099e+0,0.0000e+0,6.1398e+11
0.02813,0.10208,6.9670e+0,0.0000e+0,1.7153e+11
0.03021,0.10208,6.8301e+0,2.6517e+11,3.3135e+11
0.03229,0.10208,6.7057e+0,1.8075e+10,1.9254e+11
0.03438,0.10208,6.5809e+0,0.0000e+0,3.8139e+11
0.03646,0.10208,6.4357e+0,0.0000e+0,0.0000e+0
0.03854,0.10208,6.2991e+0,0.0000e+0,2.2565e+11
0.04063,0.10208,6.1591e+0,2.4766e+11,3.1088e+11
0.04271,0.10208,6.0300e+0,1.2363e+11,1.8913e+11
0.04479,0.10208,5.9169e+0,5.1614e+11,8.2373e+11
0.04688,0.10208,5.7930e+0,3.4536e+10,5.3740e+11
0.04896,0.10208,5.6516e+0,0.0000e+0,2.4190e+11
0.05104,0.10208,5.5067e+0,0.0000e+0,1.5869e+10
0.05312,0.10208,5.3674e+0,0.0000e+0,2.3505e+11
0.05521,0.10208,5.2143e+0,2.2178e+11,4.1510e+11
0.05729,0.10208,5.0531e+0,2.2337e+11,7.3255e+11
0.05937,0.10208,4.8648e+0,1.1274e+11,3.9322e+11
0.06146,0.10208,4.6657e+0,8.8272e+10,2.6688e+11
0.06354,0.10208,4.4543e+0,4.7944e+11,6.2779e+10
0.06563,0.10208,4.2679e+0,1.2087e+11,5.3272e+11
0.06771,0.10208,4.0473e+0,3.5904e+11,3.0610e+11
0.06979,0.10208,3.8244e+0,2.4264e+11,0.0000e+0
0.07187,0.10208,3.6162e+0,1.3797e+11,0.0000e+0
0.07396,0.10208,3.4174e+0,4.1763e+10,2.1214e+11
0.07604,0.10208,3.2094e+0,0.0000e+0,5.0966e+11
0.07813,0.10208,2.9675e+0,2.9950e+11,3.1639e+11
0.08021,0.10208,2.7280e+0,2.3258e+11,4.3985e+11
0.08229,0.10208,2.4783e+0,0.0000e+0,4.6960e+11
0.08438,0.10208,2.2040e+0,0.0000e+0,3.8247e+11
0.08646,0.10208,1.9121e+0,8.1676e+10,2.0865e+11
0.08854,0.10208,1.6193e+0,3.7450e+10,3.4267e+11
0.09062,0.10208,1.3129e+0,4.2878e+10,1.6126e+11
0.09271,0.10208,1.0078e+0,0.0000e+0,0.0000e+0
0.09479,0.10208,7.1110e-1,0.0000e+0,0.0000e+0
0.09688,0.10208,4.2156e-1,0.0000e+0,0.0000e+0
0.09896,0.10208,1.3852e-1,0.0000e+0,0.0000e+0
0.00104,0.10625,8.3501e+0,0.0000e+0,1.0719e+12
0.00313,0.10625,8.3148e+0,0.0000e+0,1.8975e+12
0.00521,0.10625,8.1914e+0,0.0000e+0,0.0000e+0
0.00729,0.10625,8.1073e+0,0.0000e+0,0.0000e+0
0.00937,0.10625,8.0270e+0,0.0000e+0,0.0000e+0
0.01146,0.10625,7.9317e+0,0.0000e+0,0.0000e+0
0.01354,0.10625,7.8325e+0,0.0000e+0,1.3662e+10
0.01563,0.10625,7.7346e+0,0.0000e+0,2.0724e+10
0.01771,0.10625,7.6345e+0,0.0000e+0,0.0000e+0
0.01979,0.10625,7.5391e+0,0.0000e+0,8.0984e+11
0.02187,0.10625,7.4042e+0,0.0000e+0,9.1575e+10
0.02396,0.10625,7.2828e+0,0.0000e+0,5.4632e+11
0.02604,0.10625,7.1381e+0,0.0000e+0,1.3986e+11
0.02813,0.10625,6.9911e+0,0.0000e+0,0.0000e+0
0.03021,0.10625,6.8469e+0,4.9173e+11,0.0000e+0
0.03229,0.10625,6.7393e+0,3.9201e+11,5.4051e+11
0.03438,0.10625,6.6182e+0,0.0000e+0,3.6234e+11
0.03646,0.10625,6.4701e+0,0.0000e+0,1.8396e+11
0.03854,0.10625,6.3106e+0,2.7187e+11,1.0709e+11
0.04063,0.10625,6.1611e+0,4.7161e+11,7.5819e+10
0.04271,0.10625,6.0446e+0,4.0026e+10,0.0000e+0
0.04479,0.10625,5.9356e+0,2.8511e+11,6.2820e+11
0.04688,0.10625,5.8050e+0,7.3727e+10,1.9296e+11
0.04896,0.10625,5.6684e+0,0.0000e+0,0.0000e+0
0.05104,0.10625,5.5319e+0,0.0000e+0,0.0000e+0
0.05312,0.10625,5.3963e+0,0.0000e+0,7.4904e+10
0.05521,0.10625,5.2603e+0,2.2141e+10,4.0700e+11
0.05729,0.10625,5.0972e+0,1.1698e+11,1.9067e+11
0.05937,0.10625,4.9279e+0,1.3475e+11,3.2924e+11
0.06146,0.10625,4.7455e+0,5.2433e+10,2.3703e+11
0.06354,0.10625,4.5523e+0,1.1009e+11,3.3748e+11
0.06563,0.10625,4.3492e+0,3.2507e+11,4.9696e+11
0.06771,0.10625,4.1312e+0,1.9845e+11,2.2917e+11
0.06979,0.10625,3.9083e+0,2.0428e+11,9.7315e+10
0.07187,0.10625,3.6932e+0,0.0000e+0,6.6530e+10
0.07396,0.10625,3.4766e+0,6.8780e+10,1.7227e+11
0.07604,0.10625,3.2582e+0,6.3171e+9,2.5629e+11
0.07813,0.10625,3.0269e+0,0.0000e+0,4.0556e+11
0.08021,0.10625,2.7761e+0,1.0024e+11,3.9344e+11
0.08229,0.10625,2.5149e+0,4.6179e+10,3.9961e+11
0.08438,0.10625,2.2386e+0,0.0000e+0,2.4876e+11
0.08646,0.10625,1.9549e+0,0.0000e+0,3.8507e+11
0.08854,0.10625,1.6550e+0,0.0000e+0,3.8013e+11
0.09062,0.10625,1.3371e+0,0.0000e+0,3.7552e+10
0.09271,0.10625,1.0260e+0,0.0000e+0,0.0000e+0
0.09479,0.10625,7.2348e-1,0.0000e+0,0.0000e+0
0.09688,0.10625,4.2870e-1,0.0000e+0,0.0000e+0
0.09896,0.10625,1.4084e-1,0.0000e+0,0.0000e+0
0.00104,0.11042,8.2662e+0,0.0000e+0,0.0000e+0
0.00313,0.11042,8.2552e+0,0.0000e+0,0.0000e+0
0.00521,0.11042,8.2349e+0,0.0000e+0,0.0000e+0
0.00729,0.11042,8.2203e+0,0.0000e+0,9.4439e+11
0.00937,0.11042,8.1490e+0,0.0000e+0,1.0627e+12
0.01146,0.11042,8.0286e+0,0.0000e+0,1.0504e+12
0.01354,0.11042,7.8694e+0,0.0000e+0,0.0000e+0
0.01563,0.11042,7.7415e+0,0.0000e+0,0.0000e+0
0.01771,0.11042,7.6318e+0,0.0000e+0,0.0000e+0
0.01979,0.11042,7.5319e+0,0.0000e+0,1.9598e+11
0.02187,0.11042,7.4197e+0,0.0000e+0,2.2161e+10
0.02396,0.11042,7.3030e+0,0.0000e+0,0.0000e+0
0.02604,0.11042,7.1783e+0,0.0000e+0,0.0000e+0
0.02813,0.11042,7.0473e+0,1.2560e+11,0.0000e+0
0.03021,0.11042,6.9183e+0,5.4990e+11,2.4121e+11
0.03229,0.11042,6.8093e+0,2.2984e+11,4.0800e+11
0.03438,0.11042,6.6818e+0,0.0000e+0,3.1386e+11
0.03646,0.11042,6.5275e+0,0.0000e+0,1.9654e+11
0.03854,0.11042,6.3548e+0,3.4084e+11,1.2812e+11
0.04063,0.11042,6.1880e+0,8.8397e+11,8.8693e+10
0.04271,0.11042,6.0697e+0,1.2354e+10,0.0000e+0
0.04479,0.11042,5.9430e+0,3.6725e+11,0.0000e+0
0.04688,0.11042,5.8353e+0,5.3575e+10,2.6834e+11
0.04896,0.11042,5.7082e+0,0.0000e+0,8.4786e+10
0.05104,0.11042,5.5761e+0,8.4172e+10,3.7191e+11
0.05312,0.11042,5.4296e+0,3.9170e+11,3.4206e+10
0.05521,0.11042,5.3158e+0,5.6574e+10,7.7981e+11
0.05729,0.11042,5.1615e+0,1.6108e+11,3.8593e+11
0.05937,0.11042,5.0077e+0,1.7340e+11,6.2491e+11
0.06146,0.11042,4.8364e+0,2.0503e+11,6.1823e+11
0.06354,0.11042,4.6532e+0,3.8970e+11,5.2202e+11
0.06563,0.11042,4.4699e+0,8.6224e+10,9.1492e+11
0.06771,0.11042,4.2456e+0,1.0859e+10,3.3086e+11
0.06979,0.11042,4.0162e+0,0.0000e+0,3.2716e+11
0.07187,0.11042,3.7809e+0,0.0000e+0,3.3256e+11
0.07396,0.11042,3.5358e+0,2.0790e+11,1.1832e+11
0.07604,0.11042,3.3036e+0,1.9094e+10,1.4520e+11
0.07813,0.11042,3.0628e+0,0.0000e+0,3.0387e+11
0.08021,0.11042,2.8008e+0,8.9357e+10,2.4562e+11
0.08229,0.11042,2.5273e+0,4.1167e+10,4.0300e+10
0.08438,0.11042,2.2517e+0,1.1815e+11,2.3927e+11
0.08646,0.11042,1.9702e+0,1.4441e+11,4.6029e+11
0.08854,0.11042,1.6724e+0,0.0000e+0,4.2682e+11
0.09062,0.11042,1.3514e+0,0.0000e+0,3.7699e+10
0.09271,0.11042,1.0370e+0,0.0000e+0,0.0000e+0
0.09479,0.11042,7.3124e-1,0.0000e+0,0.0000e+0
0.09688,0.11042,4.3329e-1,0.0000e+0,0.0000e+0
0.09896,0.11042,1.4234e-1,0.0000e+0,0.0000e+0
0.00104,0.11458,8.2710e+0,0.0000e+0,0.0000e+0
0.00313,0.11458,8.2742e+0,0.0000e+0,0.0000e+0
0.00521,0.11458,8.2848e+0,0.0000e+0,0.0000e+0
0.00729,0.11458,8.3129e+0,0.0000e+0,2.3241e+12
0.00937,0.11458,8.2191e+0,0.0000e+0,1.9632e+12
0.01146,0.11458,8.0522e+0,3.5468e+10,1.1175e+12
0.01354,0.11458,7.8691e+0,1.1438e+11,0.0000e+0
0.01563,0.11458,7.7389e+0,6.8866e+10,0.0000e+0
0.01771,0.11458,7.6397e+0,0.0000e+0,0.0000e+0
0.01979,0.11458,7.5573e+0,0.0000e+0,0.0000e+0
0.02187,0.11458,7.4887e+0,0.0000e+0,5.9017e+11
0.02396,0.11458,7.3976e+0,0.0000e+0,6.0503e+11
0.02604,0.11458,7.2840e+0,0.0000e+0,3.4313e+11
0.02813,0.11458,7.1615e+0,2.3355e+10,3.1437e+10
0.03021,0.11458,7.0567e+0,9.4492e+10,8.6635e+11
0.03229,0.11458,6.9169e+0,0.0000e+0,7.1607e+10
0.03438,0.11458,6.7882e+0,0.0000e+0,4.9842e+11
0.03646,0.11458,6.6341e+0,0.0000e+0,4.5678e+11
0.03854,0.11458,6.4601e+0,3.9233e+11,3.0456e+11
0.04063,0.11458,6.3026e+0,3.0480e+11,1.9186e+11
0.04271,0.11458,6.1574e+0,1.4909e+10,0.0000e+0
0.04479,0.11458,6.0117e+0,4.4611e+11,0.0000e+0
0.04688,0.11458,5.8982e+0,9.7020e+9,2.9808e+11
0.04896,0.11458,5.7636e+0,0.0000e+0,3.0163e+11
0.05104,0.11458,5.6086e+0,2.2779e+11,3.3725e+10
0.05312,0.11458,5.4640e+0,2.1081e+11,0.0000e+0
0.05521,0.11458,5.3291e+0,2.9216e+11,3.2367e+11
0.05729,0.11458,5.1836e+0,0.0000e+0,4.0424e+10
0.05937,0.11458,5.0318e+0,0.0000e+0,2.3663e+10
0.06146,0.11458,4.8792e+0,2.1616e+10,2.1841e+11
0.06354,0.11458,4.7223e+0,1.7339e+11,9.8488e+11
0.06563,0.11458,4.5232e+0,3.9997e+11,8.2885e+11
0.06771,0.11458,4.3055e+0,2.7177e+10,3.7675e+11
0.06979,0.11458,4.0729e+0,0.0000e+0,2.8812e+11
0.07187,0.11458,3.8307e+0,0.0000e+0,9.5604e+9
0.07396,0.11458,3.6011e+0,0.0000e+0,2.7907e+11
0.07604,0.11458,3.3668e+0,1.4084e+9,4.5430e+11
0.07813,0.11458,3.1155e+0,2.7626e+10,3.6707e+11
0.08021,0.11458,2.8510e+0,1.5916e+11,4.7521e+11
0.08229,0.11458,2.5755e+0,0.0000e+0,4.3658e+11
0.08438,0.11458,2.2781e+0,1.2280e+11,2.8112e+11
0.08646,0.11458,1.9762e+0,1.3850e+11,1.7024e+11
0.08854,0.11458,1.6779e+0,0.0000e+0,4.3718e+11
0.09062,0.11458,1.3566e+0,0.0000e+0,6.3622e+10
0.09271,0.11458,1.0411e+0,0.0000e+0,0.0000e+0
0.09479,0.11458,7.3436e-1,0.0000e+0,0.0000e+0
0.09688,0.11458,4.3526e-1,0.0000e+0,0.0000e+0
0.09896,0.11458,1.4301e-1,0.0000e+0,0.0000e+0
0.00104,0.11875,8.2517e+0,0.0000e+0,0.0000e+0
0.00313,0.11875,8.2457e+0,0.0000e+0,0.0000e+0
0.00521,0.11875,8.2334e+0,0.0000e+0,2.0091e+11
0.00729,0.11875,8.2000e+0,0.0000e+0,1.0090e+12
0.00937,0.11875,8.0799e+0,0.0000e+0,4.7407e+11
0.01146,0.11875,7.9169e+0,1.0938e+12,9.5451e+11
0.01354,0.11875,7.7578e+0,1.4732e+12,0.0000e+0
0.01563,0.11875,7.6769e+0,5.9365e+11,0.0000e+0
0.01771,0.11875,7.6228e+0,0.0000e+0,0.0000e+0
0.01979,0.11875,7.5592e+0,0.0000e+0,0.0000e+0
0.02187,0.11875,7.4931e+0,0.0000e+0,2.7352e+9
0.02396,0.11875,7.4271e+0,0.0000e+0,1.9775e+11
0.02604,0.11875,7.3563e+0,0.0000e+0,1.0002e+12
0.02813,0.11875,7.2329e+0,0.0000e+0,4.2679e+10
0.03021,0.11875,7.1251e+0,0.0000e+0,5.2600e+11
0.03229,0.11875,6.9925e+0,0.0000e+0,8.2202e+9
0.03438,0.11875,6.8734e+0,1.0132e+11,7.9652e+11
0.03646,0.11875,6.7144e+0,5.2556e+11,4.0430e+11
0.03854,0.11875,6.5768e+0,4.7289e+11,7.4104e+11
0.04063,0.11875,6.4309e+0,3.8261e+10,3.1255e+11
0.04271,0.11875,6.2777e+0,3.5569e+9,1.6409e+11
0.04479,0.11875,6.1249e+0,1.0469e+11,1.5562e+11
0.04688,0.11875,5.9769e+0,0.0000e+0,8.0641e+9
0.04896,0.11875,5.8300e+0,0.0000e+0,1.2934e+10
0.05104,0.11875,5.6817e+0,0.0000e+0,0.0000e+0
0.05312,0.11875,5.5399e+0,0.0000e+0,0.0000e+0
0.05521,0.11875,5.4013e+0,0.0000e+0,2.8854e+11
0.05729,0.11875,5.2393e+0,0.0000e+0,1.9323e+10
0.05937,0.11875,5.0735e+0,0.0000e+0,0.0000e+0
0.06146,0.11875,4.9019e+0,2.6521e+11,6.0859e+10
0.06354,0.11875,4.7338e+0,1.5657e+11,3.9658e+11
0.06563,0.11875,4.5456e+0,3.8753e+10,3.9148e+11
0.06771,0.11875,4.3373e+0,0.0000e+0,4.6255e+11
0.06979,0.11875,4.1059e+0,6.6775e+10,4.2131e+11
0.07187,0.11875,3.8550e+0,2.2525e+11,2.3797e+9
0.07396,0.11875,3.6234e+0,0.0000e+0,1.8452e+11
0.07604,0.11875,3.3821e+0,5.5553e+10,1.3053e+11
0.07813,0.11875,3.1371e+0,2.3748e+11,5.0094e+11
0.08021,0.11875,2.8804e+0,8.7043e+10,4.7074e+11
0.08229,0.11875,2.6032e+0,0.0000e+0,3.9113e+11
0.08438,0.11875,2.3046e+0,0.0000e+0,3.7813e+11
0.08646,0.11875,1.9870e+0,0.0000e+0,1.3626e+11
0.08854,0.11875,1.6674e+0,4.2774e+10,1.0484e+11
0.09062,0.11875,1.3481e+0,5.9456e+10,0.0000e+0
0.09271,0.11875,1.0379e+0,0.0000e+0,0.0000e+0
0.09479,0.11875,7.3360e-1,0.0000e+0,0.0000e+0
0.09688,0.11875,4.3531e-1,0.0000e+0,0.0000e+0
0.09896,0.11875,1.4310e-1,0.0000e+0,0.0000e+0
0.00104,0.12292,8.2795e+0,0.0000e+0,0.0000e+0
0.00313,0.12292,8.2660e+0,0.0000e+0,0.0000e+0
0.00521,0.12292,8.2396e+0,0.0000e+0,3.6532e+11
0.00729,0.12292,8.2048e+0,0.0000e+0,1.7206e+12
0.00937,0.12292,8.0897e+0,0.0000e+0,5.4551e+11
0.01146,0.12292,7.9903e+0,0.0000e+0,1.2201e+12
0.01354,0.12292,7.8516e+0,0.0000e+0,0.0000e+0
0.01563,0.12292,7.7520e+0,0.0000e+0,0.0000e+0
0.01771,0.12292,7.6723e+0,0.0000e+0,0.0000e+0
0.01979,0.12292,7.5982e+0,0.0000e+0,0.0000e+0
0.02187,0.12292,7.5207e+0,0.0000e+0,0.0000e+0
0.02396,0.12292,7.4382e+0,4.8750e+10,0.0000e+0
0.02604,0.12292,7.3550e+0,1.2854e+10,0.0000e+0
0.02813,0.12292,7.2632e+0,0.0000e+0,0.0000e+0
0.03021,0.12292,7.1607e+0,0.0000e+0,1.3119e+9
0.03229,0.12292,7.0434e+0,2.9272e+11,1.0805e+11
0.03438,0.12292,6.9302e+0,3.4609e+11,7.8461e+11
0.03646,0.12292,6.7890e+0,5.5049e+11,6.7537e+11
0.03854,0.12292,6.6649e+0,4.6362e+11,9.0465e+11
0.04063,0.12292,6.5297e+0,0.0000e+0,7.0073e+11
0.04271,0.12292,6.3752e+0,0.0000e+0,4.0529e+11
0.04479,0.12292,6.2235e+0,0.0000e+0,3.3188e+11
0.04688,0.12292,6.0749e+0,0.0000e+0,3.5254e+11
0.04896,0.12292,5.9233e+0,2.2731e+10,5.2879e+11
0.05104,0.12292,5.7527e+0,4.3317e+11,1.9345e+10
0.05312,0.12292,5.6244e+0,4.7354e+9,1.0772e+11
0.05521,0.12292,5.4993e+0,0.0000e+0,7.8112e+11
0.05729,0.12292,5.3279e+0,0.0000e+0,1.0223e+11
0.05937,0.12292,5.1620e+0,0.0000e+0,3.2236e+11
0.06146,0.12292,4.9870e+0,2.2653e+10,7.8422e+11
0.06354,0.12292,4.7721e+0,3.4531e+11,3.6055e+11
0.06563,0.12292,4.5590e+0,4.3760e+10,9.3380e+10
0.06771,0.12292,4.3437e+0,1.6120e+11,1.5016e+11
0.06979,0.12292,4.1374e+0,1.4760e+10,6.3684e+11
0.07187,0.12292,3.8983e+0,1.6686e+10,2.8140e+11
0.07396,0.12292,3.6535e+0,0.0000e+0,1.3652e+11
0.07604,0.12292,3.4088e+0,0.0000e+0,2.2787e+11
0.07813,0.12292,3.1549e+0,0.0000e+0,1.7723e+11
0.08021,0.12292,2.8986e+0,0.0000e+0,4.6987e+11
0.08229,0.12292,2.6228e+0,0.0000e+0,5.9317e+11
0.08438,0.12292,2.3188e+0,8.1547e+9,4.2565e+11
0.08646,0.12292,1.9936e+0,6.5564e+10,1.8537e+11
0.08854,0.12292,1.6667e+0,6.1626e+10,1.0076e+10
0.09062,0.12292,1.3480e+0,8.5661e+10,0.0000e+0
0.09271,0.12292,1.0392e+0,0.0000e+0,0.0000e+0
0.09479,0.12292,7.3512e-1,0.0000e+0,0.0000e+0
0.09688,0.12292,4.3644e-1,0.0000e+0,0.0000e+0
0.09896,0.12292,1.4350e-1,0.0000e+0,0.0000e+0
0.00104,0.12708,8.4174e+0,0.0000e+0,8.1164e+11
0.00313,0.12708,8.3917e+0,0.0000e+0,2.9363e+12
0.00521,0.12708,8.2129e+0,0.0000e+0,0.0000e+0
0.00729,0.12708,8.0756e+0,5.9772e+11,0.0000e+0
0.00937,0.12708,7.9608e+0,1.5759e+12,0.0000e+0
0.01146,0.12708,7.9263e+0,0.0000e+0,0.0000e+0
0.01354,0.12708,7.8624e+0,0.0000e+0,0.0000e+0
0.01563,0.12708,7.7957e+0,0.0000e+0,0.0000e+0
0.01771,0.12708,7.7348e+0,0.0000e+0,0.0000e+0
0.01979,0.12708,7.6826e+0,0.0000e+0,6.2768e+11
0.02187,0.12708,7.5989e+0,0.0000e+0,3.9077e+11
0.02396,0.12708,7.5008e+0,6.7777e+11,3.5626e+11
0.02604,0.12708,7.4255e+0,1.7871e+11,1.6059e+11
0.02813,0.12708,7.3650e+0,2.0179e+11,7.7852e+11
0.03021,0.12708,7.2849e+0,3.9710e+11,1.3713e+12
0.03229,0.12708,7.1714e+0,3.2047e+10,1.6409e+12
0.03438,0.12708,6.9804e+0,4.3838e+11,2.2473e+11
0.03646,0.12708,6.8153e+0,1.3841e+11,4.6191e+10
0.03854,0.12708,6.6665e+0,0.0000e+0,2.4978e+10
0.04063,0.12708,6.5154e+0,0.0000e+0,0.0000e+0
0.04271,0.12708,6.3635e+0,3.2009e+11,5.2138e+10
0.04479,0.12708,6.2328e+0,6.8003e+10,1.6179e+11
0.04688,0.12708,6.1015e+0,2.5283e+11,4.5178e+11
0.04896,0.12708,5.9620e+0,1.8381e+11,4.1021e+11
0.05104,0.12708,5.8092e+0,5.6287e+11,2.6693e+11
0.05312,0.12708,5.6894e+0,1.1231e+11,4.3412e+11
0.05521,0.12708,5.5595e+0,0.0000e+0,7.7515e+11
0.05729,0.12708,5.3868e+0,0.0000e+0,2.5329e+11
0.05937,0.12708,5.2098e+0,0.0000e+0,3.6414e+11
0.06146,0.12708,5.0215e+0,0.0000e+0,2.7837e+11
0.06354,0.12708,4.8287e+0,2.0532e+11,1.0835e+12
0.06563,0.12708,4.5965e+0,3.7908e+11,7.9288e+11
0.06771,0.12708,4.3483e+0,6.2878e+11,2.7688e+11
0.06979,0.12708,4.1318e+0,1.2682e+11,2.8689e+11
0.07187,0.12708,3.9080e+0,0.0000e+0,3.0720e+11
0.07396,0.12708,3.6679e+0,0.0000e+0,1.0485e+11
0.07604,0.12708,3.4277e+0,0.0000e+0,5.2761e+11
0.07813,0.12708,3.1539e+0,1.0247e+11,1.2579e+11
0.08021,0.12708,2.8751e+0,1.9219e+11,2.2603e+10
0.08229,0.12708,2.5985e+0,2.0743e+11,1.3263e+11
0.08438,0.12708,2.3170e+0,3.6348e+10,5.0549e+11
0.08646,0.12708,1.9973e+0,1.6542e+11,1.4249e+11
0.08854,0.12708,1.6830e+0,0.0000e+0,1.6327e+11
0.09062,0.12708,1.3635e+0,0.0000e+0,3.1555e+10
0.09271,0.12708,1.0492e+0,0.0000e+0,0.0000e+0
0.09479,0.12708,7.4148e-1,0.0000e+0,0.0000e+0
0.09688,0.12708,4.4002e-1,0.0000e+0,0.0000e+0
0.09896,0.12708,1.4466e-1,0.0000e+0,0.0000e+0
0.00104,0.13125,8.5022e+0,0.0000e+0,1.0021e+12
0.00313,0.13125,8.4790e+0,0.0000e+0,3.6254e+12
0.00521,0.13125,8.2733e+0,0.0000e+0,0.0000e+0
0.00729,0.13125,8.1417e+0,1.0192e+11,0.0000e+0
0.00937,0.13125,8.0567e+0,2.6872e+11,1.9351e+11
0.01146,0.13125,8.0151e+0,0.0000e+0,9.5533e+11
0.01354,0.13125,7.9240e+0,0.0000e+0,0.0000e+0
0.01563,0.13125,7.8509e+0,0.0000e+0,0.0000e+0
0.01771,0.13125,7.7883e+0,0.0000e+0,6.3273e+10
0.01979,0.13125,7.7249e+0,0.0000e+0,2.7648e+11
0.02187,0.13125,7.6470e+0,0.0000e+0,2.1329e+11
0.02396,0.13125,7.5664e+0,0.0000e+0,2.1836e+11
0.02604,0.13125,7.4886e+0,0.0000e+0,4.1156e+11
0.02813,0.13125,7.3979e+0,5.3943e+10,6.8110e+11
0.03021,0.13125,7.2737e+0,1.0615e+11,2.0963e+11
0.03229,0.13125,7.1476e+0,0.0000e+0,2.5113e+11
0.03438,0.13125,7.0099e+0,7.3719e+10,2.0364e+11
0.03646,0.13125,6.8778e+0,6.7112e+10,1.0784e+12
0.03854,0.13125,6.7021e+0,1.4324e+10,2.0547e+11
0.04063,0.13125,6.5347e+0,0.0000e+0,0.0000e+0
0.04271,0.13125,6.3773e+0,3.2005e+11,0.0000e+0
0.04479,0.13125,6.2493e+0,1.8034e+11,1.0810e+11
0.04688,0.13125,6.1288e+0,9.8260e+10,3.4593e+11
0.04896,0.13125,6.0013e+0,3.3941e+10,6.1258e+11
0.05104,0.13125,5.8488e+0,5.6555e+10,2.6875e+11
0.05312,0.13125,5.7024e+0,2.6433e+10,5.2314e+10
0.05521,0.13125,5.5706e+0,0.0000e+0,6.7350e+11
0.05729,0.13125,5.4087e+0,1.7527e+8,8.2216e+11
0.05937,0.13125,5.2140e+0,3.1330e+7,3.9518e+11
0.06146,0.13125,5.0121e+0,0.0000e+0,3.3714e+11
0.06354,0.13125,4.8018e+0,6.5644e+10,3.1847e+11
0.06563,0.13125,4.5846e+0,5.8943e+10,3.9738e+11
0.06771,0.13125,4.3545e+0,1.1314e+10,1.3239e+10
0.06979,0.13125,4.1366e+0,6.1004e+8,1.6799e+11
0.07187,0.13125,3.9132e+0,1.4183e+11,3.5735e+11
0.07396,0.13125,3.6770e+0,7.4070e+10,1.2022e+11
0.07604,0.13125,3.4431e+0,0.0000e+0,2.7090e+11
0.07813,0.13125,3.1978e+0,1.0375e+11,6.3212e+11
0.08021,0.13125,2.9266e+0,1.6536e+11,4.6411e+11
0.08229,0.13125,2.6453e+0,4.5024e+10,4.1268e+11
0.08438,0.13125,2.3499e+0,7.6805e+10,6.7462e+11
0.08646,0.13125,2.0194e+0,1.0937e+11,6.4380e+10
0.08854,0.13125,1.6985e+0,0.0000e+0,5.1193e+10
0.09062,0.13125,1.3774e+0,0.0000e+0,1.0157e+10
0.09271,0.13125,1.0606e+0,0.0000e+0,0.0000e+0
0.09479,0.13125,7.4968e-1,0.0000e+0,0.0000e+0
0.09688,0.13125,4.4490e-1,0.0000e+0,0.0000e+0
0.09896,0.13125,1.4626e-1,0.0000e+0,0.0000e+0
0.00104,0.13542,8.4577e+0,0.0000e+0,0.0000e+0
0.00313,0.13542,8.4637e+0,0.0000e+0,2.9360e+12
0.00521,0.13542,8.3074e+0,0.0000e+0,5.7716e+11
0.00729,0.13542,8.1836e+0,0.0000e+0,0.0000e+0
0.00937,0.13542,8.1061e+0,0.0000e+0,1.4610e+11
0.01146,0.13542,8.0497e+0,0.0000e+0,7.2127e+11
0.01354,0.13542,7.9644e+0,0.0000e+0,0.0000e+0
0.01563,0.13542,7.9000e+0,0.0000e+0,0.0000e+0
0.01771,0.13542,7.8548e+0,1.4478e+11,1.1383e+12
0.01979,0.13542,7.7688e+0,1.0943e+11,5.5708e+11
0.02187,0.13542,7.6688e+0,0.0000e+0,0.0000e+0
0.02396,0.13542,7.5803e+0,0.0000e+0,0.0000e+0
0.02604,0.13542,7.5007e+0,0.0000e+0,5.4163e+11
0.02813,0.13542,7.3928e+0,0.0000e+0,5.2896e+11
0.03021,0.13542,7.2561e+0,0.0000e+0,0.0000e+0
0.03229,0.13542,7.1257e+0,0.0000e+0,0.0000e+0
0.03438,0.13542,6.9974e+0,0.0000e+0,5.0170e+11
0.03646,0.13542,6.8342e+0,4.7513e+11,4.0171e+11
0.03854,0.13542,6.6791e+0,5.1935e+11,8.9526e+10
0.04063,0.13542,6.5472e+0,1.0298e+11,2.5600e+11
0.04271,0.13542,6.4038e+0,8.3210e+10,2.7038e+10
0.04479,0.13542,6.2718e+0,6.1914e+10,2.7477e+11
0.04688,0.13542,6.1320e+0,0.0000e+0,2.4038e+11
0.04896,0.13542,5.9809e+0,0.0000e+0,8.4620e+10
0.05104,0.13542,5.8268e+0,0.0000e+0,1.5772e+11
0.05312,0.13542,5.6681e+0,0.0000e+0,5.2076e+9
0.05521,0.13542,5.5132e+0,0.0000e+0,3.7174e+11
0.05729,0.13542,5.3304e+0,3.2962e+11,1.9844e+11
0.05937,0.13542,5.1510e+0,5.8921e+10,2.7775e+11
0.06146,0.13542,4.9580e+0,0.0000e+0,2.4806e+11
0.06354,0.13542,4.7463e+0,3.3998e+11,4.1502e+10
0.06563,0.13542,4.5516e+0,1.8994e+11,3.9656e+11
0.06771,0.13542,4.3413e+0,2.4895e+11,1.7626e+11
0.06979,0.13542,4.1385e+0,1.6473e+10,1.5403e+11
0.07187,0.13542,3.9296e+0,6.0841e+10,5.5829e+11
0.07396,0.13542,3.6905e+0,3.1774e+10,2.2305e+11
0.07604,0.13542,3.4452e+0,4.0163e+9,0.0000e+0
0.07813,0.13542,3.2068e+0,1.1071e+10,3.6856e+11
0.08021,0.13542,2.9488e+0,0.0000e+0,4.4070e+11
0.08229,0.13542,2.6647e+0,0.0000e+0,2.7179e+11
0.08438,0.13542,2.3658e+0,3.1645e+10,3.3786e+11
0.08646,0.13542,2.0485e+0,4.7163e+10,1.9093e+11
0.08854,0.13542,1.7291e+0,0.0000e+0,2.2990e+11
0.09062,0.13542,1.3999e+0,0.0000e+0,1.4917e+10
0.09271,0.13542,1.0767e+0,0.0000e+0,0.0000e+0
0.09479,0.13542,7.6053e-1,0.0000e+0,0.0000e+0
0.09688,0.13542,4.5113e-1,0.0000e+0,0.0000e+0
0.09896,0.13542,1.4828e-1,0.0000e+0,0.0000e+0
0.00104,0.13958,8.3656e+0,0.0000e+0,0.0000e+0
0.00313,0.13958,8.3754e+0,0.0000e+0,2.4619e+12
0.00521,0.13958,8.2552e+0,0.0000e+0,4.8395e+11
0.00729,0.13958,8.1552e+0,0.0000e+0,0.0000e+0
0.00937,0.13958,8.0843e+0,0.0000e+0,0.0000e+0
0.01146,0.13958,8.0256e+0,0.0000e+0,0.0000e+0
0.01354,0.13958,7.9671e+0,0.0000e+0,2.2255e+10
0.01563,0.13958,7.9019e+0,0.0000e+0,2.5326e+10
0.01771,0.13958,7.8230e+0,5.4077e+11,3.3101e+10
0.01979,0.13958,7.7660e+0,4.0872e+11,5.9697e+11
0.02187,0.13958,7.6802e+0,0.0000e+0,0.0000e+0
0.02396,0.13958,7.5880e+0,0.0000e+0,0.0000e+0
0.02604,0.13958,7.4855e+0,0.0000e+0,1.0719e+10
0.02813,0.13958,7.3725e+0,0.0000e+0,1.4983e+10
0.03021,0.13958,7.2507e+0,0.0000e+0,0.0000e+0
0.03229,0.13958,7.1283e+0,0.0000e+0,4.3674e+10
0.03438,0.13958,7.0027e+0,0.0000e+0,5.4131e+11
0.03646,0.13958,6.8376e+0,3.4233e+11,0.0000e+0
0.03854,0.13958,6.7054e+0,2.5844e+11,1.0750e+11
0.04063,0.13958,6.5870e+0,2.8119e+10,6.1774e+11
0.04271,0.13958,6.4332e+0,0.0000e+0,8.2920e+10
0.04479,0.13958,6.2798e+0,0.0000e+0,0.0000e+0
0.04688,0.13958,6.1313e+0,0.0000e+0,2.1578e+11
0.04896,0.13958,5.9716e+0,1.3920e+10,2.4772e+11
0.05104,0.13958,5.7994e+0,5.1165e+11,2.9072e+11
0.05312,0.13958,5.6415e+0,5.0655e+10,1.0524e+11
0.05521,0.13958,5.4762e+0,1.4412e+10,1.9486e+11
0.05729,0.13958,5.2917e+0,1.7245e+11,2.9209e+10
0.05937,0.13958,5.1119e+0,3.2128e+10,0.0000e+0
0.06146,0.13958,4.9287e+0,5.4884e+9,0.0000e+0
0.06354,0.13958,4.7418e+0,2.4733e+10,1.2220e+11
0.06563,0.13958,4.5481e+0,7.4426e+10,1.1543e+11
0.06771,0.13958,4.3514e+0,6.0682e+10,3.3278e+11
0.06979,0.13958,4.1414e+0,3.4226e+10,6.5477e+10
0.07187,0.13958,3.9348e+0,3.7764e+10,5.8392e+11
0.07396,0.13958,3.6947e+0,0.0000e+0,1.2625e+11
0.07604,0.13958,3.4488e+0,7.2837e+10,0.0000e+0
0.07813,0.13958,3.2094e+0,2.0078e+11,2.2773e+11
0.08021,0.13958,2.9650e+0,0.0000e+0,4.4944e+11
0.08229,0.13958,2.6875e+0,0.0000e+0,3.2298e+11
0.08438,0.13958,2.3897e+0,0.0000e+0,3.2293e+11
0.08646,0.13958,2.0722e+0,0.0000e+0,4.0343e+10
0.08854,0.13958,1.7573e+0,0.0000e+0,3.2698e+11
0.09062,0.13958,1.4237e+0,0.0000e+0,6.2709e+10
0.09271,0.13958,1.0936e+0,0.0000e+0,0.0000e+0
0.09479,0.13958,7.7172e-1,0.0000e+0,0.0000e+0
0.09688,0.13958,4.5749e-1,0.0000e+0,0.0000e+0
0.09896,0.13958,1.5032e-1,0.0000e+0,0.0000e+0
0.00104,0.14375,8.1955e+0,0.0000e+0,0.0000e+0
0.00313,0.14375,8.1809e+0,0.0000e+0,0.0000e+0
0.00521,0.14375,8.1462e+0,0.0000e+0,0.0000e+0
0.00729,0.14375,8.1073e+0,0.0000e+0,0.0000e+0
0.00937,0.14375,8.0716e+0,0.0000e+0,0.0000e+0
0.01146,0.14375,8.0431e+0,0.0000e+0,0.0000e+0
0.01354,0.14375,8.0278e+0,0.0000e+0,6.9272e+11
0.01563,0.14375,7.9893e+0,0.0000e+0,1.0703e+12
0.01771,0.14375,7.9126e+0,0.0000e+0,8.8005e+11
0.01979,0.14375,7.8168e+0,0.0000e+0,0.0000e+0
0.02187,0.14375,7.7510e+0,0.0000e+0,5.7210e+11
0.02396,0.14375,7.6707e+0,0.0000e+0,1.0867e+12
0.02604,0.14375,7.5435e+0,0.0000e+0,3.3195e+11
0.02813,0.14375,7.4177e+0,0.0000e+0,4.6399e+11
0.03021,0.14375,7.2812e+0,0.0000e+0,0.0000e+0
0.03229,0.14375,7.1619e+0,0.0000e+0,3.1103e+11
0.03438,0.14375,7.0315e+0,0.0000e+0,5.3997e+11
0.03646,0.14375,6.8723e+0,6.7677e+10,4.6943e+10
0.03854,0.14375,6.7375e+0,2.0075e+11,4.2179e+11
0.04063,0.14375,6.6108e+0,0.0000e+0,5.3673e+11
0.04271,0.14375,6.4654e+0,0.0000e+0,5.8970e+11
0.04479,0.14375,6.2958e+0,0.0000e+0,3.8819e+10
0.04688,0.14375,6.1349e+0,2.5054e+11,4.0871e+11
0.04896,0.14375,5.9629e+0,3.9190e+11,9.9297e+10
0.05104,0.14375,5.8066e+0,4.7409e+11,5.4596e+11
0.05312,0.14375,5.6513e+0,3.2668e+11,4.6321e+11
0.05521,0.14375,5.4850e+0,1.4181e+11,2.9808e+11
0.05729,0.14375,5.3079e+0,1.8931e+11,3.4302e+11
0.05937,0.14375,5.1174e+0,2.8838e+11,8.1480e+10
0.06146,0.14375,4.9401e+0,1.1331e+11,7.1516e+10
0.06354,0.14375,4.7588e+0,4.8661e+10,1.3341e+11
0.06563,0.14375,4.5669e+0,7.9006e+10,3.5475e+11
0.06771,0.14375,4.3557e+0,1.2412e+11,1.3991e+11
0.06979,0.14375,4.1421e+0,1.1008e+11,7.3600e+10
0.07187,0.14375,3.9288e+0,1.3760e+11,1.9841e+11
0.07396,0.14375,3.7095e+0,0.0000e+0,2.0073e+11
0.07604,0.14375,3.4788e+0,0.0000e+0,2.0074e+11
0.07813,0.14375,3.2443e+0,0.0000e+0,3.7401e+11
0.08021,0.14375,2.9997e+0,3.5785e+9,7.4434e+11
0.08229,0.14375,2.7192e+0,8.5098e+10,5.5059e+11
0.08438,0.14375,2.4212e+0,0.0000e+0,4.7784e+11
0.08646,0.14375,2.1033e+0,0.0000e+0,1.6664e+11
0.08854,0.14375,1.7885e+0,0.0000e+0,6.1271e+11
0.09062,0.14375,1.4438e+0,0.0000e+0,7.5417e+10
0.09271,0.14375,1.1069e+0,0.0000e+0,0.0000e+0
0.09479,0.14375,7.8030e-1,0.0000e+0,0.0000e+0
0.09688,0.14375,4.6234e-1,0.0000e+0,0.0000e+0
0.09896,0.14375,1.5188e-1,0.0000e+0,0.0000e+0
0.00104,0.14792,8.1412e+0,0.0000e+0,0.0000e+0
0.00313,0.14792,8.1318e+0,0.0000e+0,0.0000e+0
0.00521,0.14792,8.1137e+0,0.0000e+0,0.0000e+0
0.00729,0.14792,8.0888e+0,0.0000e+0,0.0000e+0
0.00937,0.14792,8.0588e+0,0.0000e+0,0.0000e+0
0.01146,0.14792,8.0236e+0,0.0000e+0,0.0000e+0
0.01354,0.14792,7.9809e+0,0.0000e+0,0.0000e+0
0.01563,0.14792,7.9236e+0,0.0000e+0,3.3921e+10
0.01771,0.14792,7.8426e+0,7.6563e+11,1.0587e+11
0.01979,0.14792,7.7816e+0,3.3521e+11,0.0000e+0
0.02187,0.14792,7.7280e+0,0.0000e+0,5.5017e+11
0.02396,0.14792,7.6352e+0,0.0000e+0,3.4378e+11
0.02604,0.14792,7.5326e+0,0.0000e+0,7.1420e+11
0.02813,0.14792,7.3985e+0,0.0000e+0,0.0000e+0
0.03021,0.14792,7.2788e+0,0.0000e+0,0.0000e+0
0.03229,0.14792,7.1738e+0,0.0000e+0,6.4408e+11
0.03438,0.14792,7.0408e+0,0.0000e+0,1.0477e+12
0.03646,0.14792,6.8503e+0,4.8730e+11,1.3155e+11
0.03854,0.14792,6.7008e+0,3.8245e+11,1.6548e+11
0.04063,0.14792,6.5683e+0,8.0438e+10,8.9669e+10
0.04271,0.14792,6.4402e+0,1.8448e+10,3.2553e+11
0.04479,0.14792,6.2951e+0,8.8642e+8,2.9418e+10
0.04688,0.14792,6.1524e+0,1.9079e+11,3.5287e+11
0.04896,0.14792,6.0015e+0,7.3942e+10,3.9069e+11
0.05104,0.14792,5.8377e+0,1.0919e+11,2.6208e+11
0.05312,0.14792,5.6745e+0,3.8391e+11,2.3124e+11
0.05521,0.14792,5.5224e+0,3.0676e+11,5.9907e+11
0.05729,0.14792,5.3556e+0,0.0000e+0,2.3431e+11
0.05937,0.14792,5.1743e+0,0.0000e+0,2.0919e+10
0.06146,0.14792,4.9944e+0,1.4003e+11,1.9938e+11
0.06354,0.14792,4.8148e+0,1.0640e+11,6.3544e+11
0.06563,0.14792,4.6025e+0,4.7958e+11,4.8901e+11
0.06771,0.14792,4.3894e+0,2.7549e+11,3.1859e+11
0.06979,0.14792,4.1751e+0,0.0000e+0,9.3173e+10
0.07187,0.14792,3.9589e+0,2.3911e+9,2.9073e+11
0.07396,0.14792,3.7320e+0,1.7426e+10,4.8024e+11
0.07604,0.14792,3.4859e+0,0.0000e+0,3.1354e+11
0.07813,0.14792,3.2284e+0,0.0000e+0,5.4715e+10
0.08021,0.14792,2.9733e+0,7.4147e+9,2.5064e+11
0.08229,0.14792,2.7044e+0,1.7633e+11,5.4552e+11
0.08438,0.14792,2.4125e+0,0.0000e+0,3.9421e+11
0.08646,0.14792,2.1006e+0,2.3622e+9,3.2598e+11
0.08854,0.14792,1.7773e+0,1.7865e+11,4.4371e+11
0.09062,0.14792,1.4408e+0,0.0000e+0,2.1002e+10
0.09271,0.14792,1.1084e+0,0.0000e+0,0.0000e+0
0.09479,0.14792,7.8279e-1,0.0000e+0,0.0000e+0
0.09688,0.14792,4.6425e-1,0.0000e+0,0.0000e+0
0.09896,0.14792,1.5257e-1,0.0000e+0,0.0000e+0
0.00104,0.15208,8.1626e+0,0.0000e+0,0.0000e+0
0.00313,0.15208,8.1559e+0,0.0000e+0,0.0000e+0
0.00521,0.15208,8.1424e+0,0.0000e+0,0.0000e+0
0.00729,0.15208,8.1222e+0,0.0000e+0,0.0000e+0
0.00937,0.15208,8.0956e+0,0.0000e+0,0.0000e+0
0.01146,0.15208,8.0625e+0,0.0000e+0,0.0000e+0
0.01354,0.15208,8.0232e+0,0.0000e+0,0.0000e+0
0.01563,0.15208,7.9779e+0,0.0000e+0,0.0000e+0
0.01771,0.15208,7.9268e+0,8.3513e+10,4.8115e+11
0.01979,0.15208,7.8528e+0,3.6564e+10,1.0596e+12
0.02187,0.15208,7.7176e+0,1.7526e+10,3.6613e+11
0.02396,0.15208,7.5646e+0,8.9173e+11,9.5065e+10
0.02604,0.15208,7.4616e+0,3.4958e+11,8.2344e+10
0.02813,0.15208,7.3589e+0,0.0000e+0,0.0000e+0
0.03021,0.15208,7.2485e+0,0.0000e+0,9.6821e+10
0.03229,0.15208,7.1267e+0,0.0000e+0,1.7247e+11
0.03438,0.15208,6.9901e+0,0.0000e+0,3.5691e+11
0.03646,0.15208,6.8288e+0,3.8261e+11,3.1565e+11
0.03854,0.15208,6.6829e+0,7.2676e+10,1.9778e+11
0.04063,0.15208,6.5349e+0,4.5802e+11,0.0000e+0
0.04271,0.15208,6.4158e+0,2.5678e+11,1.3035e+11
0.04479,0.15208,6.3022e+0,1.3265e+11,2.9196e+11
0.04688,0.15208,6.1736e+0,4.3295e+11,7.2888e+11
0.04896,0.15208,6.0252e+0,3.9391e+10,3.6306e+11
0.05104,0.15208,5.8534e+0,2.8429e+11,1.9640e+10
0.05312,0.15208,5.7093e+0,1.4503e+11,2.8912e+11
0.05521,0.15208,5.5581e+0,1.7828e+11,1.1262e+11
0.05729,0.15208,5.4129e+0,0.0000e+0,4.3154e+11
0.05937,0.15208,5.2439e+0,0.0000e+0,4.1276e+11
0.06146,0.15208,5.0549e+0,2.9391e+10,1.6777e+11
0.06354,0.15208,4.8635e+0,2.6198e+11,5.2728e+11
0.06563,0.15208,4.6583e+0,3.9920e+10,3.0472e+11
0.06771,0.15208,4.4472e+0,1.2565e+10,5.4089e+11
0.06979,0.15208,4.2123e+0,0.0000e+0,2.1964e+11
0.07187,0.15208,3.9680e+0,3.4268e+10,1.6529e+11
0.07396,0.15208,3.7152e+0,2.4975e+11,8.4498e+10
0.07604,0.15208,3.4674e+0,0.0000e+0,1.0067e+10
0.07813,0.15208,3.2128e+0,0.0000e+0,0.0000e+0
0.08021,0.15208,2.9550e+0,0.0000e+0,6.4705e+10
0.08229,0.15208,2.6911e+0,0.0000e+0,5.7181e+11
0.08438,0.15208,2.3890e+0,0.0000e+0,2.2008e+11
0.08646,0.15208,2.0728e+0,3.3027e+11,1.8424e+11
0.08854,0.15208,1.7682e+0,4.3316e+11,6.3205e+11
0.09062,0.15208,1.4464e+0,0.0000e+0,2.4498e+11
0.09271,0.15208,1.1123e+0,0.0000e+0,0.0000e+0
0.09479,0.15208,7.8542e-1,0.0000e+0,0.0000e+0
0.09688,0.15208,4.6578e-1,0.0000e+0,0.0000e+0
0.09896,0.15208,1.5307e-1,0.0000e+0,0.0000e+0
0.00104,0.15625,8.2380e+0,0.0000e+0,0.0000e+0
0.00313,0.15625,8.2336e+0,0.0000e+0,0.0000e+0
0.00521,0.15625,8.2242e+0,0.0000e+0,0.0000e+0
0.00729,0.15625,8.2085e+0,0.0000e+0,0.0000e+0
0.00937,0.15625,8.1848e+0,0.0000e+0,0.0000e+0
0.01146,0.15625,8.1528e+0,0.0000e+0,0.0000e+0
0.01354,0.15625,8.1146e+0,0.0000e+0,0.0000e+0
0.01563,0.15625,8.0822e+0,0.0000e+0,7.9468e+11
0.01771,0.15625,8.0059e+0,0.0000e+0,6.9828e+11
0.01979,0.15625,7.8915e+0,0.0000e+0,7.6927e+11
0.02187,0.15625,7.7339e+0,1.6303e+10,1.7248e+10
0.02396,0.15625,7.5846e+0,5.0479e+11,0.0000e+0
0.02604,0.15625,7.4796e+0,5.7131e+10,1.0695e+11
0.02813,0.15625,7.3812e+0,2.3208e+11,6.7412e+11
0.03021,0.15625,7.2656e+0,2.1091e+11,1.0146e+12
0.03229,0.15625,7.1175e+0,0.0000e+0,2.5312e+11
0.03438,0.15625,6.9624e+0,1.4485e+10,1.6621e+11
0.03646,0.15625,6.8005e+0,7.4340e+11,1.0320e+11
0.03854,0.15625,6.6722e+0,1.5221e+11,1.0979e+11
0.04063,0.15625,6.5459e+0,2.9764e+11,0.0000e+0
0.04271,0.15625,6.4416e+0,2.0939e+11,3.0869e+11
0.04479,0.15625,6.3367e+0,8.8156e+10,5.1620e+11
0.04688,0.15625,6.2076e+0,0.0000e+0,3.9203e+11
0.04896,0.15625,6.0602e+0,6.0452e+10,6.1104e+11
0.05104,0.15625,5.8830e+0,3.9696e+11,7.3402e+10
0.05312,0.15625,5.7459e+0,2.4791e+11,2.9819e+11
0.05521,0.15625,5.6139e+0,8.7017e+10,7.8206e+11
0.05729,0.15625,5.4521e+0,3.2099e+10,2.8452e+11
0.05937,0.15625,5.2896e+0,0.0000e+0,4.0114e+11
0.06146,0.15625,5.1143e+0,6.2787e+9,7.3162e+11
0.06354,0.15625,4.9036e+0,5.5965e+10,3.5138e+11
0.06563,0.15625,4.6812e+0,0.0000e+0,4.0528e+10
0.06771,0.15625,4.4617e+0,0.0000e+0,0.0000e+0
0.06979,0.15625,4.2468e+0,1.4519e+10,4.9312e+11
0.07187,0.15625,4.0031e+0,2.1783e+11,3.7486e+11
0.07396,0.15625,3.7510e+0,1.4982e+11,1.2985e+11
0.07604,0.15625,3.5006e+0,0.0000e+0,1.7385e+11
0.07813,0.15625,3.2375e+0,0.0000e+0,1.1370e+11
0.08021,0.15625,2.9674e+0,0.0000e+0,2.6647e+11
0.08229,0.15625,2.6800e+0,0.0000e+0,1.2816e+11
0.08438,0.15625,2.3829e+0,0.0000e+0,7.2911e+10
0.08646,0.15625,2.0813e+0,5.1481e+10,7.0701e+10
0.08854,0.15625,1.7841e+0,2.4841e+10,5.4723e+11
0.09062,0.15625,1.4548e+0,0.0000e+0,2.3007e+11
0.09271,0.15625,1.1168e+0,0.0000e+0,0.0000e+0
0.09479,0.15625,7.8769e-1,0.0000e+0,0.0000e+0
0.09688,0.15625,4.6681e-1,0.0000e+0,0.0000e+0
0.09896,0.15625,1.5336e-1,0.0000e+0,0.0000e+0
0.00104,0.16042,8.3475e+0,0.0000e+0,0.0000e+0
0.00313,0.16042,8.3494e+0,0.0000e+0,0.0000e+0
0.00521,0.16042,8.3516e+0,0.0000e+0,0.0000e+0
0.00729,0.16042,8.3494e+0,0.0000e+0,0.0000e+0
0.00937,0.16042,8.3315e+0,0.0000e+0,1.5575e+11
0.01146,0.16042,8.2928e+0,0.0000e+0,8.1524e+11
0.01354,0.16042,8.2053e+0,0.0000e+0,0.0000e+0
0.01563,0.16042,8.1418e+0,0.0000e+0,6.2639e+11
0.01771,0.16042,8.0619e+0,0.0000e+0,1.4140e+12
0.01979,0.16042,7.9189e+0,0.0000e+0,3.5356e+11
0.02187,0.16042,7.7852e+0,0.0000e+0,6.2248e+11
0.02396,0.16042,7.6398e+0,0.0000e+0,3.9608e+11
0.02604,0.16042,7.4930e+0,1.8129e+11,5.7829e+11
0.02813,0.16042,7.3379e+0,5.4506e+11,3.3817e+10
0.03021,0.16042,7.2178e+0,1.5528e+11,3.2349e+11
0.03229,0.16042,7.0964e+0,0.0000e+0,1.6309e+11
0.03438,0.16042,6.9666e+0,3.4786e+9,1.2015e+11
0.03646,0.16042,6.8315e+0,1.1567e+11,0.0000e+0
0.03854,0.16042,6.7068e+0,0.0000e+0,0.0000e+0
0.04063,0.16042,6.5801e+0,1.6021e+11,0.0000e+0
0.04271,0.16042,6.4618e+0,2.8958e+11,0.0000e+0
0.04479,0.16042,6.3504e+0,0.0000e+0,1.4826e+11
0.04688,0.16042,6.2187e+0,4.5689e+10,3.4305e+11
0.04896,0.16042,6.0581e+0,3.0681e+11,2.1476e+11
0.05104,0.16042,5.8999e+0,1.2565e+11,2.5161e+9
0.05312,0.16042,5.7545e+0,1.5432e+11,4.0498e+11
0.05521,0.16042,5.5921e+0,6.5597e+11,3.9463e+11
0.05729,0.16042,5.4382e+0,2.7487e+11,1.9930e+11
0.05937,0.16042,5.2842e+0,0.0000e+0,2.1769e+11
0.06146,0.16042,5.1147e+0,3.4581e+10,4.5623e+11
0.06354,0.16042,4.9247e+0,1.2597e+10,6.0839e+11
0.06563,0.16042,4.7079e+0,0.0000e+0,3.0986e+11
0.06771,0.16042,4.4844e+0,0.0000e+0,3.5388e+10
0.06979,0.16042,4.2742e+0,1.6853e+11,5.5901e+11
0.07187,0.16042,4.0536e+0,4.6274e+11,1.0211e+12
0.07396,0.16042,3.8139e+0,2.2120e+10,5.5860e+11
0.07604,0.16042,3.5577e+0,8.5567e+9,5.9175e+11
0.07813,0.16042,3.2829e+0,2.2029e+10,5.2963e+11
0.08021,0.16042,2.9939e+0,0.0000e+0,3.3361e+11
0.08229,0.16042,2.6976e+0,0.0000e+0,2.1283e+11
0.08438,0.16042,2.4013e+0,0.0000e+0,3.4494e+11
0.08646,0.16042,2.0971e+0,3.9675e+10,2.7168e+11
0.08854,0.16042,1.7931e+0,2.4358e+10,6.8303e+11
0.09062,0.16042,1.4565e+0,0.0000e+0,2.5323e+11
0.09271,0.16042,1.1154e+0,0.0000e+0,0.0000e+0
0.09479,0.16042,7.8577e-1,0.0000e+0,0.0000e+0
0.09688,0.16042,4.6540e-1,0.0000e+0,0.0000e+0
0.09896,0.16042,1.5286e-1,0.0000e+0,0.0000e+0
0.00104,0.16458,8.4441e+0,0.0000e+0,0.0000e+0
0.00313,0.16458,8.4600e+0,0.0000e+0,0.0000e+0
0.00521,0.16458,8.4962e+0,0.0000e+0,0.0000e+0
0.00729,0.16458,8.5641e+0,0.0000e+0,2.1776e+12
0.00937,0.16458,8.5384e+0,0.0000e+0,2.4161e+12
0.01146,0.16458,8.4178e+0,0.0000e+0,1.5359e+12
0.01354,0.16458,8.2464e+0,0.0000e+0,0.0000e+0
0.01563,0.16458,8.1074e+0,0.0000e+0,0.0000e+0
0.01771,0.16458,7.9793e+0,3.4573e+10,0.0000e+0
0.01979,0.16458,7.8563e+0,3.8573e+10,0.0000e+0
0.02187,0.16458,7.7407e+0,0.0000e+0,5.4637e+10
0.02396,0.16458,7.6272e+0,0.0000e+0,7.3899e+11
0.02604,0.16458,7.4736e+0,1.5870e+11,3.8056e+11
0.02813,0.16458,7.3183e+0,9.5268e+11,5.3861e+11
0.03021,0.16458,7.1762e+0,8.7798e+11,0.0000e+0
0.03229,0.16458,7.0894e+0,8.8884e+10,0.0000e+0
0.03438,0.16458,6.9935e+0,0.0000e+0,6.2623e+10
0.03646,0.16458,6.8965e+0,1.7097e+10,5.1004e+11
0.03854,0.16458,6.7768e+0,2.2708e+10,0.0000e+0
0.04063,0.16458,6.6674e+0,0.0000e+0,2.8588e+10
0.04271,0.16458,6.5538e+0,0.0000e+0,1.9142e+11
0.04479,0.16458,6.4217e+0,0.0000e+0,1.4023e+11
0.04688,0.16458,6.2759e+0,2.3395e+10,3.3443e+11
0.04896,0.16458,6.1026e+0,3.6320e+11,2.4754e+11
0.05104,0.16458,5.9316e+0,3.8914e+11,4.0808e+10
0.05312,0.16458,5.7842e+0,1.4025e+11,1.8820e+11
0.05521,0.16458,5.6294e+0,8.1779e+10,1.5737e+11
0.05729,0.16458,5.4732e+0,1.3891e+11,4.9666e+11
0.05937,0.16458,5.2957e+0,2.0304e+10,4.1977e+11
0.06146,0.16458,5.0932e+0,4.2454e+11,4.0059e+11
0.06354,0.16458,4.8945e+0,3.4909e+11,4.5085e+11
0.06563,0.16458,4.6917e+0,4.8898e+10,4.2978e+11
0.06771,0.16458,4.4696e+0,0.0000e+0,1.8517e+11
0.06979,0.16458,4.2503e+0,5.8668e+10,3.1700e+11
0.07187,0.16458,4.0276e+0,2.4115e+11,5.7607e+11
0.07396,0.16458,3.8002e+0,0.0000e+0,8.0419e+11
0.07604,0.16458,3.5376e+0,7.2240e+10,6.0867e+11
0.07813,0.16458,3.2573e+0,1.8598e+11,4.0536e+11
0.08021,0.16458,2.9756e+0,0.0000e+0,4.2935e+11
0.08229,0.16458,2.6777e+0,0.0000e+0,2.9925e+11
0.08438,0.16458,2.3732e+0,6.2728e+10,2.4183e+11
0.08646,0.16458,2.0684e+0,2.2542e+11,4.7643e+11
0.08854,0.16458,1.7564e+0,7.3642e+10,3.7830e+11
0.09062,0.16458,1.4281e+0,0.0000e+0,1.0853e+11
0.09271,0.16458,1.0981e+0,0.0000e+0,0.0000e+0
0.09479,0.16458,7.7542e-1,0.0000e+0,0.0000e+0
0.09688,0.16458,4.5988e-1,0.0000e+0,0.0000e+0
0.09896,0.16458,1.5113e-1,0.0000e+0,0.0000e+0
0.00104,0.16875,8.4119e+0,0.0000e+0,0.0000e+0
0.00313,0.16875,8.4182e+0,0.0000e+0,0.0000e+0
0.00521,0.16875,8.4302e+0,0.0000e+0,0.0000e+0
0.00729,0.16875,8.4455e+0,0.0000e+0,3.9433e+11
0.00937,0.16875,8.4306e+0,0.0000e+0,7.7322e+11
0.01146,0.16875,8.3692e+0,0.0000e+0,1.0931e+12
0.01354,0.16875,8.2532e+0,0.0000e+0,8.4772e+11
0.01563,0.16875,8.1013e+0,0.0000e+0,7.7316e+10
0.01771,0.16875,7.9489e+0,5.2825e+11,0.0000e+0
0.01979,0.16875,7.8250e+0,5.8938e+11,1.8684e+10
0.02187,0.16875,7.7148e+0,0.0000e+0,5.5288e+10
0.02396,0.16875,7.5893e+0,3.0366e+11,2.9298e+10
0.02604,0.16875,7.4841e+0,4.3587e+10,1.8074e+10
0.02813,0.16875,7.3853e+0,7.4378e+10,4.8166e+11
0.03021,0.16875,7.2650e+0,3.9237e+11,6.0554e+11
0.03229,0.16875,7.1430e+0,2.1598e+9,0.0000e+0
0.03438,0.16875,7.0281e+0,1.3132e+11,4.9715e+9
0.03646,0.16875,6.9208e+0,5.0090e+11,4.0490e+10
0.03854,0.16875,6.8386e+0,3.1665e+11,3.7983e+10
0.04063,0.16875,6.7851e+0,1.7558e+11,1.2566e+12
0.04271,0.16875,6.6835e+0,8.1731e+10,1.5073e+12
0.04479,0.16875,6.5299e+0,0.0000e+0,7.7393e+11
0.04688,0.16875,6.3719e+0,1.3697e+11,1.0585e+12
0.04896,0.16875,6.1965e+0,2.1522e+11,8.5065e+11
0.05104,0.16875,6.0168e+0,1.5347e+11,4.0144e+11
0.05312,0.16875,5.8522e+0,1.1864e+11,5.6801e+11
0.05521,0.16875,5.6791e+0,0.0000e+0,2.9215e+11
0.05729,0.16875,5.5034e+0,0.0000e+0,5.6280e+11
0.05937,0.16875,5.3023e+0,1.4263e+10,2.9508e+11
0.06146,0.16875,5.0984e+0,1.3657e+11,5.8478e+11
0.06354,0.16875,4.8833e+0,3.9025e+10,5.9797e+11
0.06563,0.16875,4.6484e+0,3.1990e+11,4.8130e+11
0.06771,0.16875,4.4123e+0,0.0000e+0,3.8420e+10
0.06979,0.16875,4.1810e+0,1.8165e+10,9.3534e+10
0.07187,0.16875,3.9461e+0,2.7221e+11,4.2508e+11
0.07396,0.16875,3.7022e+0,7.6551e+10,1.0785e+11
0.07604,0.16875,3.4558e+0,2.0002e+11,5.2630e+11
0.07813,0.16875,3.1886e+0,6.2830e+10,2.2416e+11
0.08021,0.16875,2.9168e+0,4.3850e+10,4.6333e+11
0.08229,0.16875,2.6208e+0,1.2539e+11,2.5300e+11
0.08438,0.16875,2.3197e+0,4.7782e+10,4.8576e+10
0.08646,0.16875,2.0164e+0,3.7052e+11,2.0504e+11
0.08854,0.16875,1.7199e+0,8.1412e+9,2.6859e+11
0.09062,0.16875,1.4022e+0,0.0000e+0,9.0800e+10
0.09271,0.16875,1.0809e+0,0.0000e+0,0.0000e+0
0.09479,0.16875,7.6464e-1,0.0000e+0,0.0000e+0
0.09688,0.16875,4.5397e-1,0.0000e+0,0.0000e+0
0.09896,0.16875,1.4927e-1,0.0000e+0,0.0000e+0
0.00104,0.17292,8.3290e+0,0.0000e+0,0.0000e+0
0.00313,0.17292,8.3297e+0,0.0000e+0,0.0000e+0
0.00521,0.17292,8.3292e+0,0.0000e+0,0.0000e+0
0.00729,0.17292,8.3227e+0,0.0000e+0,0.0000e+0
0.00937,0.17292,8.2999e+0,0.0000e+0,0.0000e+0
0.01146,0.17292,8.2601e+0,0.0000e+0,0.0000e+0
0.01354,0.17292,8.2199e+0,0.0000e+0,6.4859e+11
0.01563,0.17292,8.1543e+0,0.0000e+0,9.2867e+11
0.01771,0.17292,8.0630e+0,0.0000e+0,1.1350e+12
0.01979,0.17292,7.9412e+0,0.0000e+0,1.2606e+12
0.02187,0.17292,7.7777e+0,0.0000e+0,8.4843e+11
0.02396,0.17292,7.5896e+0,1.3884e+12,0.0000e+0
0.02604,0.17292,7.5073e+0,1.1963e+11,0.0000e+0
0.02813,0.17292,7.4319e+0,0.0000e+0,5.5827e+11
0.03021,0.17292,7.3283e+0,0.0000e+0,6.0359e+11
0.03229,0.17292,7.1981e+0,2.9895e+11,2.1754e+10
0.03438,0.17292,7.1034e+0,4.3863e+11,7.4709e+11
0.03646,0.17292,6.9995e+0,1.5489e+11,2.2881e+11
0.03854,0.17292,6.9055e+0,0.0000e+0,9.1176e+11
0.04063,0.17292,6.7615e+0,1.9455e+11,4.0731e+11
0.04271,0.17292,6.6064e+0,1.4647e+11,3.4584e+11
0.04479,0.17292,6.4418e+0,7.8494e+10,1.8242e+11
0.04688,0.17292,6.2772e+0,3.0255e+11,1.7621e+11
0.04896,0.17292,6.1336e+0,2.0449e+11,4.5908e+11
0.05104,0.17292,5.9911e+0,0.0000e+0,4.1963e+11
0.05312,0.17292,5.8419e+0,0.0000e+0,6.2356e+11
0.05521,0.17292,5.6732e+0,0.0000e+0,6.5333e+11
0.05729,0.17292,5.4862e+0,0.0000e+0,9.2961e+11
0.05937,0.17292,5.2561e+0,0.0000e+0,9.2491e+10
0.06146,0.17292,5.0355e+0,0.0000e+0,1.6883e+11
0.06354,0.17292,4.8139e+0,8.8840e+10,2.9191e+11
0.06563,0.17292,4.5874e+0,1.6599e+11,3.7145e+11
0.06771,0.17292,4.3529e+0,1.8345e+11,1.6802e+11
0.06979,0.17292,4.1247e+0,0.0000e+0,2.5790e+11
0.07187,0.17292,3.8825e+0,7.5927e+10,1.6721e+11
0.07396,0.17292,3.6341e+0,1.0789e+11,2.2799e+11
0.07604,0.17292,3.3761e+0,3.6054e+11,1.7055e+11
0.07813,0.17292,3.1233e+0,1.1291e+11,2.7596e+11
0.08021,0.17292,2.8521e+0,2.7128e+10,2.9967e+10
0.08229,0.17292,2.5754e+0,7.7571e+10,3.4660e+9
0.08438,0.17292,2.3048e+0,2.9162e+9,2.7999e+11
0.08646,0.17292,2.0190e+0,1.9608e+11,6.0166e+11
0.08854,0.17292,1.7130e+0,7.0935e+10,3.4269e+11
0.09062,0.17292,1.3911e+0,0.0000e+0,3.5947e+8
0.09271,0.17292,1.0727e+0,0.0000e+0,0.0000e+0
0.09479,0.17292,7.5897e-1,0.0000e+0,0.0000e+0
0.09688,0.17292,4.5066e-1,0.0000e+0,0.0000e+0
0.09896,0.17292,1.4819e-1,0.0000e+0,0.0000e+0
0.00104,0.17708,8.2408e+0,0.0000e+0,0.0000e+0
0.00313,0.17708,8.2460e+0,0.0000e+0,0.0000e+0
0.00521,0.17708,8.2581e+0,0.0000e+0,0.0000e+0
0.00729,0.17708,8.2816e+0,0.0000e+0,9.0285e+11
0.00937,0.17708,8.2651e+0,0.0000e+0,1.3930e+12
0.01146,0.17708,8.1821e+0,0.0000e+0,0.0000e+0
0.01354,0.17708,8.1171e+0,0.0000e+0,0.0000e+0
0.01563,0.17708,8.0599e+0,0.0000e+0,2.6228e+11
0.01771,0.17708,7.9929e+0,0.0000e+0,6.5777e+11
0.01979,0.17708,7.8875e+0,0.0000e+0,5.0438e+11
0.02187,0.17708,7.7596e+0,0.0000e+0,2.0338e+10
0.02396,0.17708,7.6528e+0,0.0000e+0,4.1368e+11
0.02604,0.17708,7.5548e+0,0.0000e+0,6.8491e+11
0.02813,0.17708,7.4426e+0,0.0000e+0,2.3426e+11
0.03021,0.17708,7.3408e+0,0.0000e+0,4.4745e+11
0.03229,0.17708,7.2321e+0,4.4323e+9,3.4265e+11
0.03438,0.17708,7.1269e+0,5.3545e+9,3.1692e+11
0.03646,0.17708,7.0308e+0,0.0000e+0,8.4236e+11
0.03854,0.17708,6.9112e+0,0.0000e+0,1.1514e+12
0.04063,0.17708,6.7366e+0,0.0000e+0,4.3431e+11
0.04271,0.17708,6.5536e+0,1.5617e+11,7.0067e+11
0.04479,0.17708,6.3507e+0,3.1545e+11,2.7259e+11
0.04688,0.17708,6.1552e+0,9.2923e+11,1.8263e+11
0.04896,0.17708,6.0070e+0,7.8318e+11,4.3519e+11
0.05104,0.17708,5.8842e+0,0.0000e+0,3.3268e+11
0.05312,0.17708,5.7385e+0,0.0000e+0,5.0882e+11
0.05521,0.17708,5.5620e+0,1.3015e+11,2.4394e+11
0.05729,0.17708,5.3799e+0,7.9098e+10,4.7470e+11
0.05937,0.17708,5.1745e+0,0.0000e+0,3.2769e+11
0.06146,0.17708,4.9534e+0,0.0000e+0,6.9449e+10
0.06354,0.17708,4.7312e+0,1.8775e+11,7.8479e+10
0.06563,0.17708,4.5185e+0,2.6831e+11,4.2538e+11
0.06771,0.17708,4.2975e+0,5.2508e+10,1.8728e+11
0.06979,0.17708,4.0721e+0,0.0000e+0,1.0130e+11
0.07187,0.17708,3.8400e+0,0.0000e+0,9.0072e+10
0.07396,0.17708,3.6011e+0,1.3749e+10,1.3092e+11
0.07604,0.17708,3.3541e+0,1.1066e+11,6.7083e+10
0.07813,0.17708,3.1127e+0,0.0000e+0,5.3275e+11
0.08021,0.17708,2.8367e+0,5.0415e+10,1.3659e+11
0.08229,0.17708,2.5571e+0,2.1403e+11,0.0000e+0
0.08438,0.17708,2.2913e+0,3.1007e+10,2.4213e+11
0.08646,0.17708,2.0072e+0,2.1421e+11,2.8865e+11
0.08854,0.17708,1.7161e+0,1.8159e+11,5.8760e+11
0.09062,0.17708,1.3956e+0,0.0000e+0,7.0373e+10
0.09271,0.17708,1.0742e+0,0.0000e+0,0.0000e+0
0.09479,0.17708,7.5895e-1,0.0000e+0,0.0000e+0
0.09688,0.17708,4.5022e-1,0.0000e+0,0.0000e+0
0.09896,0.17708,1.4798e-1,0.0000e+0,0.0000e+0
0.00104,0.18125,8.1112e+0,0.0000e+0,0.0000e+0
0.00313,0.18125,8.1115e+0,0.0000e+0,0.0000e+0
0.00521,0.18125,8.1120e+0,0.0000e+0,0.0000e+0
0.00729,0.18125,8.1129e+0,0.0000e+0,1.2648e+11
0.00937,0.18125,8.1037e+0,0.0000e+0,1.9516e+11
0.01146,0.18125,8.0851e+0,0.0000e+0,9.3012e+11
0.01354,0.18125,8.0205e+0,0.0000e+0,3.3920e+11
0.01563,0.18125,7.9555e+0,0.0000e+0,0.0000e+0
0.01771,0.18125,7.9107e+0,0.0000e+0,1.0507e+12
0.01979,0.18125,7.8141e+0,0.0000e+0,6.0963e+11
0.02187,0.18125,7.6958e+0,1.0044e+11,2.0474e+11
0.02396,0.18125,7.5860e+0,2.4962e+11,4.8583e+11
0.02604,0.18125,7.4777e+0,3.6096e+9,2.0746e+11
0.02813,0.18125,7.3698e+0,9.0612e+10,1.8219e+11
0.03021,0.18125,7.2691e+0,0.0000e+0,4.5110e+10
0.03229,0.18125,7.1781e+0,0.0000e+0,8.5043e+11
0.03438,0.18125,7.0449e+0,5.4665e+10,2.5613e+11
0.03646,0.18125,6.9161e+0,2.4053e+11,1.9006e+11
0.03854,0.18125,6.8067e+0,2.7127e+11,1.1532e+12
0.04063,0.18125,6.6461e+0,2.0524e+11,8.6254e+11
0.04271,0.18125,6.4539e+0,2.0024e+10,1.6159e+11
0.04479,0.18125,6.2653e+0,4.7771e+10,1.8992e+9
0.04688,0.18125,6.0882e+0,2.9270e+11,0.0000e+0
0.04896,0.18125,5.9390e+0,3.1025e+11,3.2960e+11
0.05104,0.18125,5.7862e+0,0.0000e+0,8.5419e+10
0.05312,0.18125,5.6236e+0,0.0000e+0,3.5883e+10
0.05521,0.18125,5.4562e+0,1.1861e+11,2.8944e+11
0.05729,0.18125,5.2758e+0,7.2083e+10,3.2424e+11
0.05937,0.18125,5.0826e+0,0.0000e+0,2.2489e+11
0.06146,0.18125,4.8838e+0,0.0000e+0,2.8933e+11
0.06354,0.18125,4.6769e+0,6.2452e+10,3.8192e+11
0.06563,0.18125,4.4601e+0,3.3652e+11,4.0260e+11
0.06771,0.18125,4.2454e+0,7.9402e+10,1.5659e+10
0.06979,0.18125,4.0413e+0,3.9533e+9,2.7042e+11
0.07187,0.18125,3.8244e+0,0.0000e+0,3.6630e+11
0.07396,0.18125,3.5927e+0,0.0000e+0,3.5441e+11
0.07604,0.18125,3.3502e+0,5.8056e+10,3.9226e+11
0.07813,0.18125,3.1004e+0,2.5659e+10,3.8466e+11
0.08021,0.18125,2.8410e+0,1.7189e+9,3.6384e+11
0.08229,0.18125,2.5751e+0,8.6235e+10,3.2429e+11
0.08438,0.18125,2.3147e+0,2.9225e+10,7.5401e+11
0.08646,0.18125,2.0228e+0,8.8260e+10,3.0756e+11
0.08854,0.18125,1.7367e+0,0.0000e+0,7.8154e+11
0.09062,0.18125,1.4116e+0,0.0000e+0,3.1388e+11
0.09271,0.18125,1.0797e+0,0.0000e+0,0.0000e+0
0.09479,0.18125,7.6019e-1,0.0000e+0,0.0000e+0
0.09688,0.18125,4.5013e-1,0.0000e+0,0.0000e+0
0.09896,0.18125,1.4783e-1,0.0000e+0,0.0000e+0
0.00104,0.18542,7.9793e+0,0.0000e+0,0.0000e+0
0.00313,0.18542,7.9741e+0,0.0000e+0,0.0000e+0
0.00521,0.18542,7.9640e+0,0.0000e+0,0.0000e+0
0.00729,0.18542,7.9491e+0,0.0000e+0,0.0000e+0
0.00937,0.18542,7.9300e+0,0.0000e+0,0.0000e+0
0.01146,0.18542,7.9102e+0,0.0000e+0,4.3569e+11
0.01354,0.18542,7.8594e+0,0.0000e+0,1.5889e+11
0.01563,0.18542,7.7995e+0,0.0000e+0,0.0000e+0
0.01771,0.18542,7.7384e+0,2.4211e+11,0.0000e+0
0.01979,0.18542,7.6818e+0,1.9508e+11,2.0015e+11
0.02187,0.18542,7.6092e+0,1.7462e+11,8.9291e+11
0.02396,0.18542,7.4793e+0,4.3399e+11,3.4046e+10
0.02604,0.18542,7.3756e+0,2.6982e+10,7.2616e+10
0.02813,0.18542,7.2734e+0,6.7732e+11,4.8236e+11
0.03021,0.18542,7.1712e+0,0.0000e+0,1.1062e+11
0.03229,0.18542,7.0545e+0,0.0000e+0,1.6343e+11
0.03438,0.18542,6.9162e+0,5.0256e+11,4.6777e+11
0.03646,0.18542,6.7758e+0,2.8685e+11,0.0000e+0
0.03854,0.18542,6.6459e+0,2.8619e+11,6.3900e+10
0.04063,0.18542,6.5189e+0,2.9997e+11,9.9980e+11
0.04271,0.18542,6.3349e+0,6.6776e+11,0.0000e+0
0.04479,0.18542,6.1857e+0,2.0384e+11,0.0000e+0
0.04688,0.18542,6.0441e+0,1.0339e+11,1.2744e+11
0.04896,0.18542,5.9041e+0,6.0408e+10,5.4406e+11
0.05104,0.18542,5.7260e+0,9.3961e+10,9.0945e+10
0.05312,0.18542,5.5427e+0,2.9080e+11,0.0000e+0
0.05521,0.18542,5.3706e+0,5.4140e+9,2.1212e+11
0.05729,0.18542,5.1783e+0,1.0048e+11,1.8762e+11
0.05937,0.18542,4.9703e+0,7.3919e+11,3.0373e+11
0.06146,0.18542,4.7834e+0,1.9564e+11,1.9031e+11
0.06354,0.18542,4.5896e+0,3.6981e+11,2.8856e+11
0.06563,0.18542,4.3975e+0,0.0000e+0,1.3191e+11
0.06771,0.18542,4.1969e+0,2.6043e+11,2.0212e+11
0.06979,0.18542,4.0047e+0,2.6315e+10,6.3776e+11
0.07187,0.18542,3.7790e+0,0.0000e+0,2.2714e+11
0.07396,0.18542,3.5434e+0,0.0000e+0,2.3775e+11
0.07604,0.18542,3.2951e+0,1.4448e+11,1.5857e+11
0.07813,0.18542,3.0434e+0,6.3857e+10,1.6008e+11
0.08021,0.18542,2.7851e+0,1.4294e+11,2.0958e+11
0.08229,0.18542,2.5244e+0,2.1555e+11,1.9586e+11
0.08438,0.18542,2.2637e+0,4.4111e+10,3.6136e+11
0.08646,0.18542,1.9779e+0,1.1770e+11,4.8431e+10
0.08854,0.18542,1.6968e+0,0.0000e+0,4.2006e+11
0.09062,0.18542,1.3862e+0,0.0000e+0,2.1886e+11
0.09271,0.18542,1.0649e+0,0.0000e+0,0.0000e+0
0.09479,0.18542,7.5134e-1,0.0000e+0,0.0000e+0
0.09688,0.18542,4.4532e-1,0.0000e+0,0.0000e+0
0.09896,0.18542,1.4630e-1,0.0000e+0,0.0000e+0
0.00104,0.18958,7.8858e+0,0.0000e+0,0.0000e+0
0.00313,0.18958,7.8760e+0,0.0000e+0,0.0000e+0
0.00521,0.18958,7.8551e+0,0.0000e+0,0.0000e+0
0.00729,0.18958,7.8221e+0,0.0000e+0,0.0000e+0
0.00937,0.18958,7.7766e+0,4.3551e+11,0.0000e+0
0.01146,0.18958,7.7489e+0,3.5469e+10,0.0000e+0
0.01354,0.18958,7.7181e+0,2.3074e+9,0.0000e+0
0.01563,0.18958,7.6807e+0,4.4267e+10,0.0000e+0
0.01771,0.18958,7.6515e+0,4.2330e+11,0.0000e+0
0.01979,0.18958,7.6514e+0,3.4108e+11,1.8375e+12
0.02187,0.18958,7.5630e+0,0.0000e+0,8.1825e+11
0.02396,0.18958,7.4338e+0,2.7598e+11,7.0278e+10
0.02604,0.18958,7.3231e+0,5.9550e+11,4.8985e+11
0.02813,0.18958,7.2305e+0,0.0000e+0,2.3990e+11
0.03021,0.18958,7.1271e+0,0.0000e+0,4.2737e+11
0.03229,0.18958,6.9990e+0,0.0000e+0,2.3038e+11
0.03438,0.18958,6.8540e+0,1.7726e+11,2.0361e+11
0.03646,0.18958,6.7030e+0,2.3199e+11,0.0000e+0
0.03854,0.18958,6.5584e+0,6.8373e+11,4.2119e+9
0.04063,0.18958,6.4453e+0,1.1811e+10,4.0031e+10
0.04271,0.18958,6.3121e+0,1.5597e+10,1.4090e+11
0.04479,0.18958,6.1633e+0,2.6899e+11,1.9248e+11
0.04688,0.18958,6.0131e+0,7.5811e+11,3.2718e+11
0.04896,0.18958,5.8912e+0,3.4215e+11,8.2120e+11
0.05104,0.18958,5.7264e+0,2.0124e+11,7.1551e+11
0.05312,0.18958,5.5260e+0,2.8264e+11,4.6306e+10
0.05521,0.18958,5.3376e+0,4.3488e+10,1.1899e+10
0.05729,0.18958,5.1488e+0,1.4202e+11,3.1981e+11
0.05937,0.18958,4.9451e+0,3.4122e+11,3.5289e+11
0.06146,0.18958,4.7380e+0,2.3737e+11,8.0724e+10
0.06354,0.18958,4.5389e+0,3.8933e+11,2.0856e+11
0.06563,0.18958,4.3521e+0,0.0000e+0,2.6745e+11
0.06771,0.18958,4.1460e+0,1.9946e+11,1.4180e+11
0.06979,0.18958,3.9446e+0,4.9028e+10,1.6957e+11
0.07187,0.18958,3.7283e+0,1.2701e+11,2.8496e+11
0.07396,0.18958,3.4972e+0,1.0049e+11,0.0000e+0
0.07604,0.18958,3.2701e+0,2.3962e+10,4.5554e+11
0.07813,0.18958,3.0155e+0,5.8827e+10,2.8266e+11
0.08021,0.18958,2.7487e+0,3.2741e+11,1.0078e+11
0.08229,0.18958,2.5000e+0,2.1005e+10,2.1367e+11
0.08438,0.18958,2.2399e+0,0.0000e+0,2.7345e+11
0.08646,0.18958,1.9639e+0,0.0000e+0,2.9339e+11
0.08854,0.18958,1.6712e+0,0.0000e+0,2.4326e+11
0.09062,0.18958,1.3635e+0,0.0000e+0,1.8683e+11
0.09271,0.18958,1.0478e+0,0.0000e+0,0.0000e+0
0.09479,0.18958,7.3956e-1,0.0000e+0,0.0000e+0
0.09688,0.18958,4.3845e-1,0.0000e+0,0.0000e+0
0.09896,0.18958,1.4407e-1,0.0000e+0,0.0000e+0
0.00104,0.19375,7.8733e+0,0.0000e+0,0.0000e+0
0.00313,0.19375,7.8627e+0,0.0000e+0,0.0000e+0
0.00521,0.19375,7.8383e+0,0.0000e+0,0.0000e+0
0.00729,0.19375,7.7904e+0,0.0000e+0,0.0000e+0
0.00937,0.19375,7.6979e+0,1.7370e+12,0.0000e+0
0.01146,0.19375,7.6617e+0,1.4147e+11,0.0000e+0
0.01354,0.19375,7.6250e+0,6.9173e+10,0.0000e+0
0.01563,0.19375,7.5682e+0,1.3271e+12,9.9445e+10
0.01771,0.19375,7.5690e+0,0.0000e+0,3.1974e+11
0.01979,0.19375,7.5282e+0,0.0000e+0,1.4261e+11
0.02187,0.19375,7.4643e+0,0.0000e+0,3.5150e+10
0.02396,0.19375,7.3901e+0,3.4300e+9,3.2064e+11
0.02604,0.19375,7.2882e+0,7.4012e+9,4.8556e+10
0.02813,0.19375,7.1841e+0,0.0000e+0,0.0000e+0
0.03021,0.19375,7.0797e+0,7.6295e+10,1.0652e+11
0.03229,0.19375,6.9743e+0,1.2766e+11,8.3920e+11
0.03438,0.19375,6.8306e+0,9.5163e+10,6.6049e+10
0.03646,0.19375,6.7046e+0,1.5412e+10,0.0000e+0
0.03854,0.19375,6.5957e+0,1.6592e+10,5.3397e+11
0.04063,0.19375,6.4729e+0,1.0028e+11,6.0730e+11
0.04271,0.19375,6.3351e+0,1.3459e+11,4.7092e+11
0.04479,0.19375,6.1897e+0,4.3106e+10,2.0457e+11
0.04688,0.19375,6.0453e+0,1.1936e+11,2.3403e+11
0.04896,0.19375,5.9014e+0,5.3499e+11,6.2091e+11
0.05104,0.19375,5.7466e+0,8.6863e+10,6.0354e+11
0.05312,0.19375,5.5506e+0,1.7845e+11,1.3283e+11
0.05521,0.19375,5.3548e+0,6.2254e+11,6.4503e+11
0.05729,0.19375,5.1577e+0,1.6482e+11,2.4934e+11
0.05937,0.19375,4.9465e+0,6.5889e+10,1.2459e+11
0.06146,0.19375,4.7289e+0,2.3193e+11,2.0922e+10
0.06354,0.19375,4.5288e+0,1.3890e+11,2.4283e+11
0.06563,0.19375,4.3246e+0,1.8619e+11,1.4603e+11
0.06771,0.19375,4.1242e+0,2.5593e+11,2.8239e+11
0.06979,0.19375,3.9272e+0,2.4748e+11,5.2217e+11
0.07187,0.19375,3.7171e+0,6.8244e+10,4.7575e+11
0.07396,0.19375,3.4868e+0,1.0516e+11,3.7603e+11
0.07604,0.19375,3.2454e+0,8.6194e+10,4.2950e+11
0.07813,0.19375,2.9881e+0,1.4072e+11,1.3596e+11
0.08021,0.19375,2.7371e+0,4.0643e+9,1.5038e+11
0.08229,0.19375,2.4851e+0,0.0000e+0,3.3973e+11
0.08438,0.19375,2.2205e+0,0.0000e+0,2.6151e+11
0.08646,0.19375,1.9518e+0,0.0000e+0,5.7754e+11
0.08854,0.19375,1.6576e+0,0.0000e+0,5.1299e+11
0.09062,0.19375,1.3424e+0,0.0000e+0,1.4092e+11
0.09271,0.19375,1.0293e+0,0.0000e+0,0.0000e+0
0.09479,0.19375,7.2594e-1,0.0000e+0,0.0000e+0
0.09688,0.19375,4.3028e-1,0.0000e+0,0.0000e+0
0.09896,0.19375,1.4138e-1,0.0000e+0,0.0000e+0
0.00104,0.19792,7.9438e+0,0.0000e+0,0.0000e+0
0.00313,0.19792,7.9526e+0,0.0000e+0,0.0000e+0
0.00521,0.19792,7.9741e+0,0.0000e+0,3.4669e+10
0.00729,0.19792,8.0180e+0,0.0000e+0,3.6540e+12
0.00937,0.19792,7.8621e+0,0.0000e+0,3.7440e+11
0.01146,0.19792,7.7477e+0,0.0000e+0,0.0000e+0
0.01354,0.19792,7.6697e+0,0.0000e+0,0.0000e+0
0.01563,0.19792,7.6127e+0,0.0000e+0,2.0919e+11
0.01771,0.19792,7.5617e+0,0.0000e+0,6.7259e+11
0.01979,0.19792,7.4748e+0,4.4593e+11,0.0000e+0
0.02187,0.19792,7.4216e+0,1.2535e+11,0.0000e+0
0.02396,0.19792,7.3873e+0,0.0000e+0,1.2538e+12
0.02604,0.19792,7.2802e+0,0.0000e+0,2.2292e+11
0.02813,0.19792,7.1702e+0,0.0000e+0,1.1963e+11
0.03021,0.19792,7.0555e+0,1.8955e+11,3.4661e+11
0.03229,0.19792,6.9238e+0,3.1716e+11,3.5221e+11
0.03438,0.19792,6.7810e+0,5.2451e+11,3.1186e+9
0.03646,0.19792,6.6701e+0,2.5387e+10,0.0000e+0
0.03854,0.19792,6.5544e+0,0.0000e+0,2.2266e+10
0.04063,0.19792,6.4266e+0,2.7990e+11,4.7246e+10
0.04271,0.19792,6.3048e+0,4.1771e+11,2.2568e+11
0.04479,0.19792,6.1856e+0,6.7171e+10,0.0000e+0
0.04688,0.19792,6.0624e+0,6.0775e+10,0.0000e+0
0.04896,0.19792,5.9443e+0,0.0000e+0,1.8899e+11
0.05104,0.19792,5.8173e+0,1.6774e+11,1.1832e+12
0.05312,0.19792,5.6218e+0,3.8200e+11,6.9195e+11
0.05521,0.19792,5.4135e+0,5.9508e+10,6.8264e+10
0.05729,0.19792,5.2105e+0,1.2231e+9,3.9033e+11
0.05937,0.19792,4.9839e+0,2.8534e+11,5.5165e+11
0.06146,0.19792,4.7423e+0,3.4572e+11,3.8960e+10
0.06354,0.19792,4.5278e+0,2.3927e+11,3.5855e+10
0.06563,0.19792,4.3220e+0,3.2968e+11,5.2459e+11
0.06771,0.19792,4.1031e+0,3.7281e+11,1.2740e+11
0.06979,0.19792,3.8992e+0,1.5003e+11,2.4447e+11
0.07187,0.19792,3.6863e+0,1.9170e+11,4.0926e+11
0.07396,0.19792,3.4579e+0,1.8285e+11,4.6111e+11
0.07604,0.19792,3.2095e+0,2.1556e+11,2.1790e+11
0.07813,0.19792,2.9633e+0,0.0000e+0,1.9600e+11
0.08021,0.19792,2.7100e+0,0.0000e+0,3.3201e+11
0.08229,0.19792,2.4399e+0,2.2429e+10,1.8629e+11
0.08438,0.19792,2.1620e+0,1.8888e+11,1.7768e+11
0.08646,0.19792,1.8874e+0,0.0000e+0,2.5666e+11
0.08854,0.19792,1.5955e+0,0.0000e+0,1.2125e+11
0.09062,0.19792,1.2970e+0,0.0000e+0,2.1643e+10
0.09271,0.19792,1.0001e+0,0.0000e+0,0.0000e+0
0.09479,0.19792,7.0764e-1,0.0000e+0,0.0000e+0
0.09688,0.19792,4.2022e-1,0.0000e+0,0.0000e+0
0.09896,0.19792,1.3819e-1,0.0000e+0,0.0000e+0
0.00104,0.20208,7.9483e+0,0.0000e+0,0.0000e+0
0.00313,0.20208,7.9508e+0,0.0000e+0,0.0000e+0
0.00521,0.20208,7.9556e+0,0.0000e+0,5.4422e+9
0.00729,0.20208,7.9612e+0,0.0000e+0,1.4780e+12
0.00937,0.20208,7.8619e+0,0.0000e+0,3.8938e+11
0.01146,0.20208,7.7579e+0,0.0000e+0,0.0000e+0
0.01354,0.20208,7.6722e+0,0.0000e+0,0.0000e+0
0.01563,0.20208,7.5955e+0,0.0000e+0,0.0000e+0
0.01771,0.20208,7.5191e+0,0.0000e+0,0.0000e+0
0.01979,0.20208,7.4334e+0,4.1739e+11,0.0000e+0
0.02187,0.20208,7.3654e+0,3.1907e+11,0.0000e+0
0.02396,0.20208,7.3062e+0,3.9889e+11,0.0000e+0
0.02604,0.20208,7.2491e+0,0.0000e+0,0.0000e+0
0.02813,0.20208,7.1700e+0,0.0000e+0,1.2256e+11
0.03021,0.20208,7.0706e+0,0.0000e+0,2.6105e+11
0.03229,0.20208,6.9423e+0,0.0000e+0,1.5267e+11
0.03438,0.20208,6.7991e+0,6.3734e+11,1.4599e+11
0.03646,0.20208,6.6863e+0,2.1403e+10,3.1170e+10
0.03854,0.20208,6.5806e+0,0.0000e+0,2.3538e+11
0.04063,0.20208,6.4620e+0,1.2145e+11,6.7642e+10
0.04271,0.20208,6.3581e+0,2.0465e+11,6.2155e+11
0.04479,0.20208,6.2350e+0,1.8964e+11,4.7550e+11
0.04688,0.20208,6.0977e+0,2.3924e+11,2.5334e+10
0.04896,0.20208,5.9839e+0,4.0808e+10,2.7917e+11
0.05104,0.20208,5.8608e+0,0.0000e+0,8.9542e+11
0.05312,0.20208,5.6856e+0,0.0000e+0,7.3276e+11
0.05521,0.20208,5.4760e+0,0.0000e+0,2.7269e+11
0.05729,0.20208,5.2669e+0,0.0000e+0,6.6889e+11
0.05937,0.20208,5.0248e+0,1.6396e+11,1.9261e+11
0.06146,0.20208,4.7878e+0,2.7486e+11,0.0000e+0
0.06354,0.20208,4.5770e+0,4.5579e+10,2.9058e+11
0.06563,0.20208,4.3503e+0,1.5740e+11,7.7574e+10
0.06771,0.20208,4.1265e+0,1.3862e+11,6.4338e+10
0.06979,0.20208,3.9063e+0,0.0000e+0,7.3549e+10
0.07187,0.20208,3.6793e+0,3.0547e+11,3.5561e+11
0.07396,0.20208,3.4480e+0,5.6950e+10,4.6713e+11
0.07604,0.20208,3.1887e+0,5.4321e+10,5.2365e+10
0.07813,0.20208,2.9315e+0,3.6000e+10,7.2251e+10
0.08021,0.20208,2.6736e+0,1.1437e+10,2.0647e+11
0.08229,0.20208,2.4031e+0,5.8175e+9,2.0363e+11
0.08438,0.20208,2.1185e+0,2.8743e+11,1.7246e+11
0.08646,0.20208,1.8393e+0,1.5928e+11,2.1989e+11
0.08854,0.20208,1.5495e+0,2.3047e+11,5.2556e+10
0.09062,0.20208,1.2655e+0,2.5393e+10,9.5828e+9
0.09271,0.20208,9.7967e-1,0.0000e+0,0.0000e+0
0.09479,0.20208,6.9473e-1,0.0000e+0,0.0000e+0
0.09688,0.20208,4.1306e-1,0.0000e+0,0.0000e+0
0.09896,0.20208,1.3591e-1,0.0000e+0,0.0000e+0
0.00104,0.20625,7.9304e+0,0.0000e+0,0.0000e+0
0.00313,0.20625,7.9288e+0,0.0000e+0,0.0000e+0
0.00521,0.20625,7.9245e+0,0.0000e+0,0.0000e+0
0.00729,0.20625,7.9132e+0,0.0000e+0,5.6517e+11
0.00937,0.20625,7.8476e+0,0.0000e+0,2.7701e+11
0.01146,0.20625,7.7642e+0,0.0000e+0,0.0000e+0
0.01354,0.20625,7.6887e+0,0.0000e+0,0.0000e+0
0.01563,0.20625,7.6188e+0,0.0000e+0,0.0000e+0
0.01771,0.20625,7.5514e+0,0.0000e+0,0.0000e+0
0.01979,0.20625,7.4850e+0,0.0000e+0,0.0000e+0
0.02187,0.20625,7.4222e+0,1.2167e+11,0.0000e+0
0.02396,0.20625,7.3693e+0,2.4056e+11,5.8320e+10
0.02604,0.20625,7.3280e+0,0.0000e+0,6.9015e+11
0.02813,0.20625,7.2388e+0,0.0000e+0,3.9203e+9
0.03021,0.20625,7.1510e+0,0.0000e+0,8.4396e+11
0.03229,0.20625,7.0070e+0,0.0000e+0,2.0028e+11
0.03438,0.20625,6.8526e+0,4.7916e+11,1.8265e+11
0.03646,0.20625,6.7233e+0,1.5442e+11,3.7212e+10
0.03854,0.20625,6.6091e+0,0.0000e+0,2.8100e+11
0.04063,0.20625,6.4822e+0,1.2621e+11,0.0000e+0
0.04271,0.20625,6.3750e+0,2.1894e+11,2.2720e+11
0.04479,0.20625,6.2743e+0,0.0000e+0,7.1537e+11
0.04688,0.20625,6.1414e+0,2.2545e+11,4.7537e+11
0.04896,0.20625,6.0092e+0,1.3599e+11,6.0297e+11
0.05104,0.20625,5.8563e+0,0.0000e+0,3.8909e+11
0.05312,0.20625,5.6867e+0,2.9589e+10,7.4240e+11
0.05521,0.20625,5.4825e+0,1.5096e+11,3.8044e+11
0.05729,0.20625,5.2778e+0,8.6291e+10,4.2145e+11
0.05937,0.20625,5.0621e+0,6.0022e+10,1.4904e+11
0.06146,0.20625,4.8520e+0,5.7197e+9,2.3805e+11
0.06354,0.20625,4.6402e+0,0.0000e+0,3.4277e+11
0.06563,0.20625,4.4169e+0,0.0000e+0,3.4238e+11
0.06771,0.20625,4.1839e+0,0.0000e+0,2.8312e+11
0.06979,0.20625,3.9450e+0,0.0000e+0,2.1483e+11
0.07187,0.20625,3.7019e+0,9.0766e+10,3.6400e+11
0.07396,0.20625,3.4479e+0,2.9964e+10,1.5901e+11
0.07604,0.20625,3.1895e+0,1.0030e+11,3.7650e+11
0.07813,0.20625,2.9179e+0,2.2152e+11,1.8241e+11
0.08021,0.20625,2.6527e+0,5.7234e+10,1.8297e+10
0.08229,0.20625,2.3893e+0,0.0000e+0,1.1191e+11
0.08438,0.20625,2.1178e+0,2.0977e+10,1.0855e+11
0.08646,0.20625,1.8416e+0,1.6463e+11,2.4516e+11
0.08854,0.20625,1.5625e+0,1.1252e+11,3.0239e+11
0.09062,0.20625,1.2743e+0,1.3972e+10,1.7161e+11
0.09271,0.20625,9.8105e-1,0.0000e+0,0.0000e+0
0.09479,0.20625,6.9370e-1,0.0000e+0,0.0000e+0
0.09688,0.20625,4.1183e-1,0.0000e+0,0.0000e+0
0.09896,0.20625,1.3542e-1,0.0000e+0,0.0000e+0
0.00104,0.21042,7.9236e+0,0.0000e+0,0.0000e+0
0.00313,0.21042,7.9267e+0,0.0000e+0,0.0000e+0
0.00521,0.21042,7.9339e+0,0.0000e+0,0.0000e+0
0.00729,0.21042,7.9478e+0,0.0000e+0,1.3189e+12
0.00937,0.21042,7.8846e+0,0.0000e+0,6.4642e+11
0.01146,0.21042,7.7967e+0,0.0000e+0,0.0000e+0
0.01354,0.21042,7.7271e+0,0.0000e+0,0.0000e+0
0.01563,0.21042,7.6690e+0,0.0000e+0,7.5427e+10
0.01771,0.21042,7.6111e+0,0.0000e+0,1.0848e+11
0.01979,0.21042,7.5496e+0,0.0000e+0,0.0000e+0
0.02187,0.21042,7.4956e+0,0.0000e+0,0.0000e+0
0.02396,0.21042,7.4475e+0,0.0000e+0,9.1080e+9
0.02604,0.21042,7.4030e+0,0.0000e+0,3.9529e+11
0.02813,0.21042,7.3267e+0,0.0000e+0,4.3291e+11
0.03021,0.21042,7.2230e+0,0.0000e+0,6.1024e+11
0.03229,0.21042,7.0894e+0,4.3143e+10,9.5412e+11
0.03438,0.21042,6.9176e+0,1.6120e+11,8.7415e+10
0.03646,0.21042,6.7789e+0,0.0000e+0,5.4145e+11
0.03854,0.21042,6.6260e+0,0.0000e+0,0.0000e+0
0.04063,0.21042,6.4909e+0,0.0000e+0,0.0000e+0
0.04271,0.21042,6.3711e+0,5.9327e+10,4.1506e+11
0.04479,0.21042,6.2391e+0,1.4776e+11,1.8168e+11
0.04688,0.21042,6.1214e+0,3.4268e+10,4.5619e+11
0.04896,0.21042,5.9937e+0,0.0000e+0,8.5524e+11
0.05104,0.21042,5.8229e+0,0.0000e+0,4.1450e+11
0.05312,0.21042,5.6370e+0,4.6378e+10,2.9980e+11
0.05521,0.21042,5.4438e+0,2.8756e+11,1.6759e+11
0.05729,0.21042,5.2656e+0,3.3055e+11,7.7700e+11
0.05937,0.21042,5.0750e+0,1.9836e+11,5.5126e+11
0.06146,0.21042,4.8791e+0,0.0000e+0,4.7296e+11
0.06354,0.21042,4.6701e+0,0.0000e+0,4.9917e+11
0.06563,0.21042,4.4438e+0,0.0000e+0,3.9972e+11
0.06771,0.21042,4.2050e+0,0.0000e+0,2.4148e+11
0.06979,0.21042,3.9620e+0,3.6562e+9,2.8676e+11
0.07187,0.21042,3.7096e+0,2.6513e+10,1.9920e+11
0.07396,0.21042,3.4531e+0,0.0000e+0,2.6420e+11
0.07604,0.21042,3.1867e+0,1.1200e+11,2.8054e+11
0.07813,0.21042,2.9194e+0,2.2853e+11,1.8708e+11
0.08021,0.21042,2.6628e+0,1.2327e+10,2.1668e+11
0.08229,0.21042,2.3994e+0,0.0000e+0,1.1795e+11
0.08438,0.21042,2.1362e+0,0.0000e+0,3.8866e+11
0.08646,0.21042,1.8567e+0,1.3540e+11,3.5244e+11
0.08854,0.21042,1.5754e+0,1.3788e+11,4.7248e+11
0.09062,0.21042,1.2815e+0,0.0000e+0,1.7003e+11
0.09271,0.21042,9.8483e-1,0.0000e+0,0.0000e+0
0.09479,0.21042,6.9571e-1,0.0000e+0,0.0000e+0
0.09688,0.21042,4.1283e-1,0.0000e+0,0.0000e+0
0.09896,0.21042,1.3572e-1,0.0000e+0,0.0000e+0
0.00104,0.21458,7.8926e+0,0.0000e+0,0.0000e+0
0.00313,0.21458,7.8949e+0,0.0000e+0,0.0000e+0
0.00521,0.21458,7.8992e+0,0.0000e+0,0.0000e+0
0.00729,0.21458,7.9047e+0,0.0000e+0,3.4191e+11
0.00937,0.21458,7.8856e+0,0.0000e+0,9.1294e+11
0.01146,0.21458,7.8129e+0,0.0000e+0,0.0000e+0
0.01354,0.21458,7.7600e+0,0.0000e+0,0.0000e+0
0.01563,0.21458,7.7255e+0,0.0000e+0,4.6954e+11
0.01771,0.21458,7.6785e+0,0.0000e+0,6.7532e+11
0.01979,0.21458,7.6093e+0,0.0000e+0,0.0000e+0
0.02187,0.21458,7.5645e+0,0.0000e+0,2.5235e+11
0.02396,0.21458,7.5247e+0,0.0000e+0,1.7602e+11
0.02604,0.21458,7.5002e+0,0.0000e+0,1.3569e+12
0.02813,0.21458,7.4148e+0,0.0000e+0,1.6067e+12
0.03021,0.21458,7.2557e+0,0.0000e+0,4.6661e+11
0.03229,0.21458,7.0902e+0,9.6189e+10,5.2893e+11
0.03438,0.21458,6.9141e+0,3.5940e+11,2.3113e+11
0.03646,0.21458,6.7544e+0,0.0000e+0,5.3966e+10
0.03854,0.21458,6.6027e+0,0.0000e+0,0.0000e+0
0.04063,0.21458,6.4644e+0,0.0000e+0,5.8706e+10
0.04271,0.21458,6.3331e+0,1.4839e+11,6.5461e+11
0.04479,0.21458,6.1705e+0,5.8309e+11,1.8414e+11
0.04688,0.21458,6.0343e+0,6.8753e+11,5.0779e+11
0.04896,0.21458,5.9076e+0,0.0000e+0,4.0937e+11
0.05104,0.21458,5.7486e+0,0.0000e+0,1.8332e+11
0.05312,0.21458,5.5772e+0,0.0000e+0,1.2007e+11
0.05521,0.21458,5.3975e+0,0.0000e+0,3.0743e+11
0.05729,0.21458,5.1970e+0,4.3105e+11,1.0876e+11
0.05937,0.21458,5.0182e+0,3.1691e+11,1.9889e+11
0.06146,0.21458,4.8376e+0,2.2852e+11,4.0656e+11
0.06354,0.21458,4.6406e+0,1.9318e+11,4.4707e+11
0.06563,0.21458,4.4252e+0,0.0000e+0,2.3833e+11
0.06771,0.21458,4.1962e+0,0.0000e+0,1.4595e+11
0.06979,0.21458,3.9573e+0,3.4237e+10,1.1356e+11
0.07187,0.21458,3.7089e+0,2.4827e+11,3.7174e+11
0.07396,0.21458,3.4446e+0,1.6103e+11,2.2634e+11
0.07604,0.21458,3.1688e+0,4.1454e+11,9.7795e+10
0.07813,0.21458,2.9116e+0,4.3430e+11,1.6990e+11
0.08021,0.21458,2.6669e+0,7.7377e+10,3.4526e+11
0.08229,0.21458,2.3987e+0,5.9794e+10,9.6622e+10
0.08438,0.21458,2.1241e+0,0.0000e+0,4.3991e+10
0.08646,0.21458,1.8413e+0,1.1468e+11,3.4993e+10
0.08854,0.21458,1.5581e+0,1.8873e+11,9.5827e+10
0.09062,0.21458,1.2734e+0,0.0000e+0,1.3225e+10
0.09271,0.21458,9.8484e-1,0.0000e+0,0.0000e+0
0.09479,0.21458,6.9793e-1,0.0000e+0,0.0000e+0
0.09688,0.21458,4.1478e-1,0.0000e+0,0.0000e+0
0.09896,0.21458,1.3645e-1,0.0000e+0,0.0000e+0
0.00104,0.21875,7.8432e+0,0.0000e+0,0.0000e+0
0.00313,0.21875,7.8456e+0,0.0000e+0,0.0000e+0
0.00521,0.21875,7.8511e+0,0.0000e+0,0.0000e+0
0.00729,0.21875,7.8612e+0,0.0000e+0,3.5092e+11
0.00937,0.21875,7.8548e+0,0.0000e+0,9.3698e+11
0.01146,0.21875,7.7953e+0,0.0000e+0,0.0000e+0
0.01354,0.21875,7.7460e+0,0.0000e+0,0.0000e+0
0.01563,0.21875,7.7055e+0,0.0000e+0,2.0722e+11
0.01771,0.21875,7.6508e+0,0.0000e+0,6.3465e+10
0.01979,0.21875,7.5944e+0,0.0000e+0,0.0000e+0
0.02187,0.21875,7.5510e+0,0.0000e+0,3.6194e+11
0.02396,0.21875,7.4961e+0,0.0000e+0,3.3000e+11
0.02604,0.21875,7.4323e+0,0.0000e+0,6.8803e+11
0.02813,0.21875,7.3297e+0,0.0000e+0,3.7379e+11
0.03021,0.21875,7.2118e+0,5.1347e+10,8.7877e+11
0.03229,0.21875,7.0536e+0,6.7554e+10,3.0309e+11
0.03438,0.21875,6.8998e+0,0.0000e+0,7.5187e+11
0.03646,0.21875,6.7168e+0,1.0342e+11,6.2738e+10
0.03854,0.21875,6.5570e+0,1.0496e+11,0.0000e+0
0.04063,0.21875,6.4193e+0,0.0000e+0,5.8371e+10
0.04271,0.21875,6.2851e+0,1.5418e+11,4.2113e+11
0.04479,0.21875,6.1349e+0,2.0786e+11,7.2560e+10
0.04688,0.21875,5.9961e+0,2.3984e+11,3.3783e+11
0.04896,0.21875,5.8465e+0,0.0000e+0,0.0000e+0
0.05104,0.21875,5.6937e+0,0.0000e+0,0.0000e+0
0.05312,0.21875,5.5400e+0,0.0000e+0,3.0357e+11
0.05521,0.21875,5.3667e+0,0.0000e+0,2.1562e+11
0.05729,0.21875,5.1845e+0,3.9516e+11,2.9525e+11
0.05937,0.21875,5.0170e+0,1.5031e+11,4.4351e+11
0.06146,0.21875,4.8383e+0,1.9762e+10,5.5374e+11
0.06354,0.21875,4.6322e+0,1.4738e+11,3.1374e+11
0.06563,0.21875,4.4191e+0,0.0000e+0,2.4601e+10
0.06771,0.21875,4.2098e+0,0.0000e+0,1.7313e+11
0.06979,0.21875,3.9934e+0,0.0000e+0,2.7918e+11
0.07187,0.21875,3.7644e+0,0.0000e+0,7.1686e+11
0.07396,0.21875,3.4898e+0,2.4245e+10,1.2594e+11
0.07604,0.21875,3.2097e+0,6.7678e+11,2.0200e+11
0.07813,0.21875,2.9589e+0,3.4191e+11,1.8772e+11
0.08021,0.21875,2.7071e+0,1.1737e+11,2.7538e+11
0.08229,0.21875,2.4382e+0,6.6356e+10,2.0640e+11
0.08438,0.21875,2.1591e+0,0.0000e+0,4.2414e+10
0.08646,0.21875,1.8813e+0,0.0000e+0,8.7173e+10
0.08854,0.21875,1.6025e+0,0.0000e+0,3.4999e+11
0.09062,0.21875,1.3031e+0,0.0000e+0,7.2790e+10
0.09271,0.21875,1.0040e+0,0.0000e+0,0.0000e+0
0.09479,0.21875,7.1014e-1,0.0000e+0,0.0000e+0
0.09688,0.21875,4.2164e-1,0.0000e+0,0.0000e+0
0.09896,0.21875,1.3865e-1,0.0000e+0,0.0000e+0
0.00104,0.22292,7.7750e+0,0.0000e+0,0.0000e+0
0.00313,0.22292,7.7744e+0,0.0000e+0,0.0000e+0
0.00521,0.22292,7.7730e+0,0.0000e+0,0.0000e+0
0.00729,0.22292,7.7715e+0,0.0000e+0,0.0000e+0
0.00937,0.22292,7.7705e+0,0.0000e+0,0.0000e+0
0.01146,0.22292,7.7775e+0,0.0000e+0,1.2679e+12
0.01354,0.22292,7.7241e+0,0.0000e+0,1.2363e+11
0.01563,0.22292,7.7027e+0,0.0000e+0,1.2584e+12
0.01771,0.22292,7.6360e+0,0.0000e+0,8.9980e+11
0.01979,0.22292,7.5488e+0,0.0000e+0,3.0774e+10
0.02187,0.22292,7.4884e+0,0.0000e+0,3.9897e+11
0.02396,0.22292,7.4207e+0,0.0000e+0,6.0127e+11
0.02604,0.22292,7.3298e+0,0.0000e+0,4.3291e+11
0.02813,0.22292,7.2214e+0,0.0000e+0,2.7707e+11
0.03021,0.22292,7.1016e+0,2.5673e+11,7.8511e+11
0.03229,0.22292,6.9552e+0,3.3776e+11,3.5354e+11
0.03438,0.22292,6.8069e+0,0.0000e+0,2.8689e+11
0.03646,0.22292,6.6380e+0,3.0330e+11,0.0000e+0
0.03854,0.22292,6.4929e+0,2.5898e+11,0.0000e+0
0.04063,0.22292,6.3696e+0,0.0000e+0,0.0000e+0
0.04271,0.22292,6.2498e+0,1.1145e+11,3.0245e+11
0.04479,0.22292,6.1207e+0,1.0647e+11,2.6343e+11
0.04688,0.22292,5.9923e+0,6.9337e+9,8.8535e+11
0.04896,0.22292,5.8236e+0,0.0000e+0,1.6459e+11
0.05104,0.22292,5.6677e+0,1.0520e+11,4.4774e+11
0.05312,0.22292,5.5110e+0,6.0875e+10,6.5694e+11
0.05521,0.22292,5.3309e+0,0.0000e+0,1.3881e+11
0.05729,0.22292,5.1631e+0,0.0000e+0,4.2183e+11
0.05937,0.22292,4.9889e+0,0.0000e+0,4.0596e+11
0.06146,0.22292,4.8067e+0,0.0000e+0,2.1348e+11
0.06354,0.22292,4.6225e+0,0.0000e+0,4.5303e+11
0.06563,0.22292,4.4192e+0,6.1665e+10,1.3089e+11
0.06771,0.22292,4.2242e+0,1.3608e+10,3.5091e+11
0.06979,0.22292,4.0185e+0,4.2759e+9,3.4573e+11
0.07187,0.22292,3.8065e+0,0.0000e+0,8.4244e+11
0.07396,0.22292,3.5537e+0,0.0000e+0,1.3096e+11
0.07604,0.22292,3.3180e+0,9.4122e+10,6.5917e+11
0.07813,0.22292,3.0768e+0,8.6465e+10,1.1546e+12
0.08021,0.22292,2.7925e+0,2.1158e+11,5.8569e+11
0.08229,0.22292,2.5049e+0,1.0581e+11,5.1118e+11
0.08438,0.22292,2.2027e+0,3.5172e+11,1.1303e+11
0.08646,0.22292,1.9249e+0,2.1521e+11,3.2228e+11
0.08854,0.22292,1.6461e+0,1.5429e+11,6.7055e+11
0.09062,0.22292,1.3368e+0,0.0000e+0,6.3468e+10
0.09271,0.22292,1.0285e+0,0.0000e+0,0.0000e+0
0.09479,0.22292,7.2658e-1,0.0000e+0,0.0000e+0
0.09688,0.22292,4.3102e-1,0.0000e+0,0.0000e+0
0.09896,0.22292,1.4167e-1,0.0000e+0,0.0000e+0
0.00104,0.22708,7.7126e+0,0.0000e+0,0.0000e+0
0.00313,0.22708,7.7079e+0,0.0000e+0,0.0000e+0
0.00521,0.22708,7.6981e+0,0.0000e+0,0.0000e+0
0.00729,0.22708,7.6809e+0,0.0000e+0,0.0000e+0
0.00937,0.22708,7.6517e+0,0.0000e+0,0.0000e+0
0.01146,0.22708,7.6195e+0,0.0000e+0,4.8457e+11
0.01354,0.22708,7.5581e+0,0.0000e+0,4.7248e+10
0.01563,0.22708,7.5101e+0,7.0399e+9,1.1050e+11
0.01771,0.22708,7.4561e+0,5.0946e+11,3.9685e+11
0.01979,0.22708,7.4177e+0,0.0000e+0,6.0992e+11
0.02187,0.22708,7.3538e+0,3.3187e+11,8.3161e+11
0.02396,0.22708,7.2764e+0,1.0122e+11,2.0185e+11
0.02604,0.22708,7.1932e+0,0.0000e+0,0.0000e+0
0.02813,0.22708,7.1056e+0,1.4617e+10,4.1300e+11
0.03021,0.22708,6.9898e+0,2.1243e+11,6.2528e+8
0.03229,0.22708,6.8924e+0,0.0000e+0,7.7922e+11
0.03438,0.22708,6.7449e+0,1.3937e+11,3.5012e+11
0.03646,0.22708,6.5864e+0,3.6966e+11,1.3451e+10
0.03854,0.22708,6.4538e+0,4.2173e+11,3.2212e+11
0.04063,0.22708,6.3313e+0,2.5749e+11,2.2414e+11
0.04271,0.22708,6.2133e+0,9.3372e+10,5.5053e+11
0.04479,0.22708,6.0744e+0,4.6320e+11,1.2301e+12
0.04688,0.22708,5.8976e+0,3.4781e+11,3.2290e+11
0.04896,0.22708,5.7255e+0,2.5509e+11,1.7263e+10
0.05104,0.22708,5.5690e+0,2.2671e+11,3.7209e+11
0.05312,0.22708,5.4059e+0,1.4129e+11,2.0189e+11
0.05521,0.22708,5.2287e+0,1.9425e+11,0.0000e+0
0.05729,0.22708,5.0598e+0,9.8821e+10,0.0000e+0
0.05937,0.22708,4.8896e+0,4.7414e+11,0.0000e+0
0.06146,0.22708,4.7413e+0,5.2239e+9,2.3836e+11
0.06354,0.22708,4.5721e+0,0.0000e+0,1.8610e+11
0.06563,0.22708,4.3872e+0,2.5747e+11,3.3863e+11
0.06771,0.22708,4.2007e+0,2.3351e+11,5.5259e+11
0.06979,0.22708,3.9890e+0,9.7666e+10,2.4137e+11
0.07187,0.22708,3.7738e+0,0.0000e+0,3.7174e+11
0.07396,0.22708,3.5359e+0,0.0000e+0,5.5086e+10
0.07604,0.22708,3.3027e+0,0.0000e+0,1.8621e+11
0.07813,0.22708,3.0636e+0,4.4991e+10,4.5419e+11
0.08021,0.22708,2.7999e+0,1.3176e+11,2.6258e+11
0.08229,0.22708,2.5318e+0,5.4339e+10,3.1229e+11
0.08438,0.22708,2.2510e+0,1.1134e+11,2.0969e+11
0.08646,0.22708,1.9695e+0,4.6338e+11,6.1645e+11
0.08854,0.22708,1.6806e+0,2.4109e+11,5.3139e+11
0.09062,0.22708,1.3753e+0,0.0000e+0,3.2818e+11
0.09271,0.22708,1.0549e+0,0.0000e+0,0.0000e+0
0.09479,0.22708,7.4377e-1,0.0000e+0,0.0000e+0
0.09688,0.22708,4.4071e-1,0.0000e+0,0.0000e+0
0.09896,0.22708,1.4478e-1,0.0000e+0,0.0000e+0
0.00104,0.23125,7.6856e+0,0.0000e+0,0.0000e+0
0.00313,0.23125,7.6821e+0,0.0000e+0,0.0000e+0
0.00521,0.23125,7.6751e+0,0.0000e+0,0.0000e+0
0.00729,0.23125,7.6640e+0,0.0000e+0,1.1068e+12
0.00937,0.23125,7.5727e+0,0.0000e+0,1.4040e+11
0.01146,0.23125,7.4698e+0,4.6313e+11,0.0000e+0
0.01354,0.23125,7.3821e+0,1.2057e+12,0.0000e+0
0.01563,0.23125,7.3418e+0,1.0225e+10,0.0000e+0
0.01771,0.23125,7.2726e+0,8.4145e+11,1.5228e+11
0.01979,0.23125,7.2181e+0,6.2714e+11,3.2476e+11
0.02187,0.23125,7.1580e+0,7.9612e+11,0.0000e+0
0.02396,0.23125,7.1351e+0,1.3284e+11,0.0000e+0
0.02604,0.23125,7.1012e+0,0.0000e+0,7.6039e+11
0.02813,0.23125,7.0120e+0,3.3322e+10,3.9178e+11
0.03021,0.23125,6.8999e+0,4.8428e+11,5.7830e+8
0.03229,0.23125,6.8170e+0,0.0000e+0,3.0615e+11
0.03438,0.23125,6.7037e+0,2.3480e+11,4.9481e+11
0.03646,0.23125,6.5747e+0,1.6408e+11,3.8650e+11
0.03854,0.23125,6.4332e+0,3.1866e+11,3.2048e+11
0.04063,0.23125,6.2985e+0,3.0304e+11,6.5684e+11
0.04271,0.23125,6.1478e+0,1.1154e+11,5.8366e+11
0.04479,0.23125,5.9695e+0,4.8722e+11,1.6780e+11
0.04688,0.23125,5.8095e+0,5.2331e+11,2.9542e+11
0.04896,0.23125,5.6581e+0,1.1810e+11,1.8082e+11
0.05104,0.23125,5.5032e+0,2.6088e+10,3.3783e+10
0.05312,0.23125,5.3486e+0,3.1321e+10,1.1625e+11
0.05521,0.23125,5.1857e+0,1.6683e+11,1.1209e+11
0.05729,0.23125,5.0216e+0,2.9503e+11,1.2742e+11
0.05937,0.23125,4.8684e+0,2.1185e+11,3.0250e+11
0.06146,0.23125,4.7068e+0,2.4923e+11,1.5717e+11
0.06354,0.23125,4.5489e+0,3.2276e+10,3.9814e+11
0.06563,0.23125,4.3668e+0,3.7907e+11,5.1331e+11
0.06771,0.23125,4.1831e+0,1.0062e+11,7.3378e+11
0.06979,0.23125,3.9656e+0,0.0000e+0,2.8073e+11
0.07187,0.23125,3.7408e+0,0.0000e+0,2.2687e+11
0.07396,0.23125,3.5090e+0,0.0000e+0,9.7913e+10
0.07604,0.23125,3.2779e+0,1.5562e+11,2.1750e+11
0.07813,0.23125,3.0501e+0,1.0826e+11,4.4675e+11
0.08021,0.23125,2.8076e+0,1.0241e+11,3.8170e+11
0.08229,0.23125,2.5573e+0,3.2869e+9,3.6936e+11
0.08438,0.23125,2.2958e+0,8.0567e+10,5.4460e+11
0.08646,0.23125,2.0190e+0,1.6916e+11,7.1357e+11
0.08854,0.23125,1.7206e+0,3.1663e+10,5.5724e+11
0.09062,0.23125,1.3999e+0,0.0000e+0,2.6773e+11
0.09271,0.23125,1.0725e+0,0.0000e+0,0.0000e+0
0.09479,0.23125,7.5571e-1,0.0000e+0,0.0000e+0
0.09688,0.23125,4.4765e-1,0.0000e+0,0.0000e+0
0.09896,0.23125,1.4704e-1,0.0000e+0,0.0000e+0
0.00104,0.23542,7.6880e+0,0.0000e+0,0.0000e+0
0.00313,0.23542,7.6852e+0,0.0000e+0,0.0000e+0
0.00521,0.23542,7.6810e+0,0.0000e+0,0.0000e+0
0.00729,0.23542,7.6791e+0,0.0000e+0,1.5338e+12
0.00937,0.23542,7.5821e+0,0.0000e+0,1.9456e+11
0.01146,0.23542,7.4895e+0,1.6295e+10,0.0000e+0
0.01354,0.23542,7.4071e+0,4.2422e+10,0.0000e+0
0.01563,0.23542,7.3296e+0,0.0000e+0,0.0000e+0
0.01771,0.23542,7.2456e+0,2.3282e+11,0.0000e+0
0.01979,0.23542,7.1595e+0,7.5338e+11,0.0000e+0
0.02187,0.23542,7.1148e+0,1.6727e+11,0.0000e+0
0.02396,0.23542,7.0685e+0,0.0000e+0,0.0000e+0
0.02604,0.23542,7.0108e+0,0.0000e+0,8.7757e+10
0.02813,0.23542,6.9359e+0,0.0000e+0,1.1321e+9
0.03021,0.23542,6.8598e+0,0.0000e+0,0.0000e+0
0.03229,0.23542,6.7930e+0,0.0000e+0,9.1855e+11
0.03438,0.23542,6.6755e+0,0.0000e+0,1.8693e+11
0.03646,0.23542,6.5670e+0,0.0000e+0,8.0926e+11
0.03854,0.23542,6.4282e+0,0.0000e+0,8.6902e+11
0.04063,0.23542,6.2505e+0,2.5581e+11,4.7926e+11
0.04271,0.23542,6.0789e+0,1.1989e+12,6.5528e+11
0.04479,0.23542,5.9288e+0,1.0051e+11,2.1964e+11
0.04688,0.23542,5.7756e+0,3.4966e+11,5.5250e+11
0.04896,0.23542,5.6156e+0,8.0921e+10,1.4895e+11
0.05104,0.23542,5.4627e+0,1.4244e+11,7.0526e+10
0.05312,0.23542,5.3209e+0,2.9562e+11,3.4669e+11
0.05521,0.23542,5.1805e+0,5.5741e+10,2.9650e+11
0.05729,0.23542,5.0249e+0,4.3830e+11,3.8493e+11
0.05937,0.23542,4.8768e+0,6.6879e+9,2.8926e+11
0.06146,0.23542,4.7102e+0,1.7541e+10,2.3828e+11
0.06354,0.23542,4.5323e+0,1.9611e+10,4.3251e+11
0.06563,0.23542,4.3289e+0,1.6590e+11,1.5553e+11
0.06771,0.23542,4.1292e+0,1.4717e+11,4.5538e+11
0.06979,0.23542,3.9095e+0,0.0000e+0,0.0000e+0
0.07187,0.23542,3.6913e+0,0.0000e+0,0.0000e+0
0.07396,0.23542,3.4748e+0,2.0568e+10,2.0904e+11
0.07604,0.23542,3.2461e+0,1.8161e+11,1.8438e+11
0.07813,0.23542,3.0169e+0,3.6159e+10,6.6088e+10
0.08021,0.23542,2.7828e+0,1.6815e+11,2.2920e+11
0.08229,0.23542,2.5387e+0,9.9553e+10,1.8570e+11
0.08438,0.23542,2.2818e+0,8.6519e+9,1.6477e+11
0.08646,0.23542,2.0085e+0,6.0165e+10,2.6648e+11
0.08854,0.23542,1.7118e+0,1.8356e+11,3.5001e+11
0.09062,0.23542,1.3972e+0,0.0000e+0,1.0097e+11
0.09271,0.23542,1.0761e+0,0.0000e+0,0.0000e+0
0.09479,0.23542,7.6034e-1,0.0000e+0,0.0000e+0
0.09688,0.23542,4.5098e-1,0.0000e+0,0.0000e+0
0.09896,0.23542,1.4821e-1,0.0000e+0,0.0000e+0
0.00104,0.23958,7.7122e+0,0.0000e+0,0.0000e+0
0.00313,0.23958,7.7031e+0,0.0000e+0,0.0000e+0
0.00521,0.23958,7.6832e+0,0.0000e+0,0.0000e+0
0.00729,0.23958,7.6497e+0,0.0000e+0,0.0000e+0
0.00937,0.23958,7.5960e+0,0.0000e+0,0.0000e+0
0.01146,0.23958,7.5317e+0,0.0000e+0,0.0000e+0
0.01354,0.23958,7.4616e+0,0.0000e+0,0.0000e+0
0.01563,0.23958,7.3870e+0,0.0000e+0,0.0000e+0
0.01771,0.23958,7.3089e+0,0.0000e+0,0.0000e+0
0.01979,0.23958,7.2299e+0,0.0000e+0,0.0000e+0
0.02187,0.23958,7.1499e+0,0.0000e+0,0.0000e+0
0.02396,0.23958,7.0659e+0,0.0000e+0,0.0000e+0
0.02604,0.23958,6.9823e+0,1.1990e+10,1.3849e+11
0.02813,0.23958,6.8874e+0,7.7502e+10,1.9333e+10
0.03021,0.23958,6.8019e+0,0.0000e+0,1.3495e+11
0.03229,0.23958,6.7071e+0,7.3649e+10,4.3344e+11
0.03438,0.23958,6.5802e+0,1.7293e+11,7.3432e+9
0.03646,0.23958,6.4543e+0,5.4213e+11,5.6134e+10
0.03854,0.23958,6.3404e+0,0.0000e+0,1.0032e+11
0.04063,0.23958,6.2089e+0,7.7080e+9,1.1589e+11
0.04271,0.23958,6.0696e+0,7.1170e+10,4.7809e+11
0.04479,0.23958,5.9013e+0,1.3870e+11,2.1021e+11
0.04688,0.23958,5.7219e+0,5.4889e+11,1.1196e+11
0.04896,0.23958,5.5566e+0,6.9133e+11,0.0000e+0
0.05104,0.23958,5.4227e+0,5.4114e+11,2.1271e+11
0.05312,0.23958,5.2981e+0,3.5917e+11,1.4545e+11
0.05521,0.23958,5.1730e+0,1.2710e+11,1.1833e+11
0.05729,0.23958,5.0462e+0,2.8731e+10,4.3172e+11
0.05937,0.23958,4.8932e+0,0.0000e+0,4.5667e+11
0.06146,0.23958,4.7122e+0,0.0000e+0,2.4558e+11
0.06354,0.23958,4.5151e+0,0.0000e+0,1.8648e+11
0.06563,0.23958,4.3030e+0,6.0976e+10,4.3534e+10
0.06771,0.23958,4.0891e+0,2.5135e+11,1.5298e+11
0.06979,0.23958,3.8738e+0,2.0794e+11,0.0000e+0
0.07187,0.23958,3.6604e+0,4.0097e+11,4.8466e+10
0.07396,0.23958,3.4551e+0,2.9222e+11,2.8132e+11
0.07604,0.23958,3.2371e+0,2.8075e+11,1.5394e+11
0.07813,0.23958,3.0187e+0,9.1455e+10,0.0000e+0
0.08021,0.23958,2.8019e+0,7.2805e+9,2.2423e+11
0.08229,0.23958,2.5707e+0,1.2773e+10,4.5242e+11
0.08438,0.23958,2.3114e+0,0.0000e+0,8.9131e+10
0.08646,0.23958,2.0505e+0,0.0000e+0,5.9333e+11
0.08854,0.23958,1.7577e+0,0.0000e+0,8.5498e+11
0.09062,0.23958,1.4180e+0,0.0000e+0,5.1251e+10
0.09271,0.23958,1.0873e+0,0.0000e+0,0.0000e+0
0.09479,0.23958,7.6665e-1,0.0000e+0,0.0000e+0
0.09688,0.23958,4.5429e-1,0.0000e+0,0.0000e+0
0.09896,0.23958,1.4924e-1,0.0000e+0,0.0000e+0
0.00104,0.24375,7.8104e+0,0.0000e+0,0.0000e+0
0.00313,0.24375,7.8013e+0,0.0000e+0,0.0000e+0
0.00521,0.24375,7.7822e+0,0.0000e+0,0.0000e+0
0.00729,0.24375,7.7511e+0,0.0000e+0,0.0000e+0
0.00937,0.24375,7.7045e+0,0.0000e+0,0.0000e+0
0.01146,0.24375,7.6466e+0,0.0000e+0,0.0000e+0
0.01354,0.24375,7.5791e+0,0.0000e+0,0.0000e+0
0.01563,0.24375,7.4983e+0,0.0000e+0,0.0000e+0
0.01771,0.24375,7.4122e+0,6.2628e+11,3.6728e+11
0.01979,0.24375,7.3382e+0,4.5644e+9,4.9703e+11
0.02187,0.24375,7.2328e+0,0.0000e+0,5.0692e+11
0.02396,0.24375,7.0905e+0,5.7290e+11,0.0000e+0
0.02604,0.24375,6.9857e+0,3.7629e+11,6.0881e+11
0.02813,0.24375,6.8558e+0,6.3106e+11,8.4988e+10
0.03021,0.24375,6.7633e+0,0.0000e+0,3.2270e+10
0.03229,0.24375,6.6631e+0,1.3420e+11,1.0365e+11
0.03438,0.24375,6.5621e+0,2.9583e+11,3.1128e+11
0.03646,0.24375,6.4646e+0,6.0326e+10,8.3398e+11
0.03854,0.24375,6.3211e+0,3.6770e+11,1.5759e+11
0.04063,0.24375,6.1950e+0,6.3489e+10,0.0000e+0
0.04271,0.24375,6.0733e+0,0.0000e+0,3.4299e+11
0.04479,0.24375,5.9312e+0,2.7926e+11,6.3374e+11
0.04688,0.24375,5.7700e+0,1.4044e+11,1.3227e+11
0.04896,0.24375,5.6221e+0,3.0103e+10,1.7923e+11
0.05104,0.24375,5.4804e+0,0.0000e+0,1.4072e+11
0.05312,0.24375,5.3431e+0,2.2024e+11,4.9157e+11
0.05521,0.24375,5.2008e+0,4.3636e+11,5.5287e+11
0.05729,0.24375,5.0640e+0,7.1566e+9,5.0066e+11
0.05937,0.24375,4.9021e+0,0.0000e+0,2.7903e+11
0.06146,0.24375,4.7274e+0,0.0000e+0,4.6628e+11
0.06354,0.24375,4.5260e+0,2.1620e+10,1.2169e+11
0.06563,0.24375,4.3197e+0,2.5866e+11,1.9605e+11
0.06771,0.24375,4.1166e+0,2.5041e+11,1.6910e+11
0.06979,0.24375,3.9162e+0,3.8056e+11,1.9217e+11
0.07187,0.24375,3.7297e+0,8.8363e+10,4.3521e+11
0.07396,0.24375,3.5219e+0,2.5307e+10,4.9065e+11
0.07604,0.24375,3.2916e+0,5.4456e+10,1.8819e+11
0.07813,0.24375,3.0633e+0,1.3212e+11,2.8564e+11
0.08021,0.24375,2.8331e+0,9.2436e+10,2.2681e+11
0.08229,0.24375,2.6016e+0,1.7418e+11,6.7243e+11
0.08438,0.24375,2.3451e+0,2.8912e+10,5.9184e+11
0.08646,0.24375,2.0609e+0,0.0000e+0,4.8359e+11
0.08854,0.24375,1.7519e+0,0.0000e+0,4.4163e+11
0.09062,0.24375,1.4171e+0,0.0000e+0,4.1848e+10
0.09271,0.24375,1.0880e+0,0.0000e+0,0.0000e+0
0.09479,0.24375,7.6750e-1,0.0000e+0,0.0000e+0
0.09688,0.24375,4.5488e-1,0.0000e+0,0.0000e+0
0.09896,0.24375,1.4945e-1,0.0000e+0,0.0000e+0
0.00104,0.24792,7.9808e+0,0.0000e+0,0.0000e+0
0.00313,0.24792,7.9774e+0,0.0000e+0,0.0000e+0
0.00521,0.24792,7.9703e+0,0.0000e+0,0.0000e+0
0.00729,0.24792,7.9582e+0,0.0000e+0,4.6978e+11
0.00937,0.24792,7.9051e+0,0.0000e+0,1.4539e+11
0.01146,0.24792,7.8449e+0,0.0000e+0,0.0000e+0
0.01354,0.24792,7.7951e+0,0.0000e+0,1.2072e+12
0.01563,0.24792,7.6757e+0,0.0000e+0,5.1372e+10
0.01771,0.24792,7.5737e+0,6.2816e+11,1.0258e+12
0.01979,0.24792,7.4630e+0,4.5781e+9,3.2888e+11
0.02187,0.24792,7.3506e+0,0.0000e+0,1.0357e+12
0.02396,0.24792,7.1811e+0,7.8963e+10,9.5699e+10
0.02604,0.24792,7.0209e+0,6.6681e+11,6.1924e+10
0.02813,0.24792,6.8928e+0,1.4800e+11,8.3742e+10
0.03021,0.24792,6.7724e+0,0.0000e+0,0.0000e+0
0.03229,0.24792,6.6543e+0,2.7355e+11,0.0000e+0
0.03438,0.24792,6.5517e+0,2.6260e+11,2.5562e+11
0.03646,0.24792,6.4523e+0,0.0000e+0,2.8668e+11
0.03854,0.24792,6.3335e+0,1.2389e+11,3.8793e+11
0.04063,0.24792,6.2048e+0,2.1391e+10,1.4256e+11
0.04271,0.24792,6.0761e+0,0.0000e+0,1.0613e+11
0.04479,0.24792,5.9468e+0,1.5609e+10,4.5420e+11
0.04688,0.24792,5.7984e+0,3.8040e+10,3.6111e+11
0.04896,0.24792,5.6453e+0,0.0000e+0,1.2939e+11
0.05104,0.24792,5.4990e+0,2.7312e+10,4.6850e+11
0.05312,0.24792,5.3360e+0,2.7403e+11,1.4478e+11
0.05521,0.24792,5.1928e+0,2.7077e+11,3.6283e+11
0.05729,0.24792,5.0491e+0,1.4930e+11,2.9132e+11
0.05937,0.24792,4.8976e+0,4.6506e+10,3.6148e+11
0.06146,0.24792,4.7283e+0,2.9550e+10,2.1292e+11
0.06354,0.24792,4.5507e+0,4.6702e+10,2.0997e+11
0.06563,0.24792,4.3690e+0,1.8603e+11,4.5439e+11
0.06771,0.24792,4.1815e+0,4.0496e+10,3.7276e+11
0.06979,0.24792,3.9867e+0,8.3263e+10,2.8178e+11
0.07187,0.24792,3.7948e+0,5.0711e+9,7.9261e+11
0.07396,0.24792,3.5582e+0,0.0000e+0,7.9686e+10
0.07604,0.24792,3.3244e+0,0.0000e+0,1.0110e+11
0.07813,0.24792,3.0912e+0,0.0000e+0,1.7786e+11
0.08021,0.24792,2.8499e+0,0.0000e+0,1.4519e+11
0.08229,0.24792,2.6034e+0,6.6446e+10,3.0898e+11
0.08438,0.24792,2.3427e+0,1.5999e+11,7.3048e+11
0.08646,0.24792,2.0477e+0,0.0000e+0,2.9690e+11
0.08854,0.24792,1.7404e+0,0.0000e+0,4.4189e+11
0.09062,0.24792,1.4112e+0,0.0000e+0,1.1669e+11
0.09271,0.24792,1.0835e+0,0.0000e+0,0.0000e+0
0.09479,0.24792,7.6458e-1,0.0000e+0,0.0000e+0
0.09688,0.24792,4.5328e-1,0.0000e+0,0.0000e+0
0.09896,0.24792,1.4895e-1,0.0000e+0,0.0000e+0
0.00104,0.25208,8.1769e+0,0.0000e+0,0.0000e+0
0.00313,0.25208,8.1814e+0,0.0000e+0,0.0000e+0
0.00521,0.25208,8.1938e+0,0.0000e+0,0.0000e+0
0.00729,0.25208,8.2192e+0,0.0000e+0,1.8613e+12
0.00937,0.25208,8.1384e+0,0.0000e+0,6.6951e+11
0.01146,0.25208,8.0418e+0,0.0000e+0,5.5192e+10
0.01354,0.25208,7.9622e+0,0.0000e+0,1.0296e+12
0.01563,0.25208,7.8271e+0,0.0000e+0,3.5735e+11
0.01771,0.25208,7.6900e+0,0.0000e+0,3.4715e+11
0.01979,0.25208,7.5479e+0,0.0000e+0,2.1467e+10
0.02187,0.25208,7.4251e+0,0.0000e+0,3.2433e+11
0.02396,0.25208,7.3025e+0,0.0000e+0,9.7888e+11
0.02604,0.25208,7.1470e+0,0.0000e+0,7.7150e+11
0.02813,0.25208,6.9744e+0,1.9404e+11,4.1677e+11
0.03021,0.25208,6.8060e+0,5.3923e+11,0.0000e+0
0.03229,0.25208,6.6853e+0,6.9452e+10,0.0000e+0
0.03438,0.25208,6.5685e+0,6.6673e+10,0.0000e+0
0.03646,0.25208,6.4520e+0,0.0000e+0,0.0000e+0
0.03854,0.25208,6.3303e+0,0.0000e+0,3.3752e+10
0.04063,0.25208,6.2010e+0,3.7784e+10,1.2536e+10
0.04271,0.25208,6.0733e+0,6.2196e+9,2.7498e+11
0.04479,0.25208,5.9270e+0,1.2521e+11,2.2033e+11
0.04688,0.25208,5.7695e+0,3.0516e+11,0.0000e+0
0.04896,0.25208,5.6258e+0,0.0000e+0,0.0000e+0
0.05104,0.25208,5.4746e+0,4.2023e+10,3.5194e+10
0.05312,0.25208,5.3147e+0,5.0246e+11,1.6818e+9
0.05521,0.25208,5.1847e+0,1.8088e+10,3.2505e+11
0.05729,0.25208,5.0351e+0,4.2767e+11,3.9757e+11
0.05937,0.25208,4.8897e+0,3.1346e+11,6.3028e+11
0.06146,0.25208,4.7261e+0,3.0072e+11,3.8552e+11
0.06354,0.25208,4.5612e+0,3.0051e+10,3.4209e+11
0.06563,0.25208,4.3839e+0,0.0000e+0,2.8228e+11
0.06771,0.25208,4.1958e+0,0.0000e+0,1.7811e+11
0.06979,0.25208,4.0018e+0,0.0000e+0,6.7483e+9
0.07187,0.25208,3.8157e+0,0.0000e+0,7.2948e+11
0.07396,0.25208,3.5843e+0,0.0000e+0,1.6668e+11
0.07604,0.25208,3.3492e+0,0.0000e+0,3.4852e+10
0.07813,0.25208,3.1205e+0,0.0000e+0,4.6315e+11
0.08021,0.25208,2.8676e+0,7.7250e+10,3.1539e+11
0.08229,0.25208,2.6077e+0,4.6297e+9,4.0560e+11
0.08438,0.25208,2.3252e+0,7.2061e+10,3.9427e+11
0.08646,0.25208,2.0191e+0,1.5499e+11,2.1476e+11
0.08854,0.25208,1.7077e+0,1.8303e+11,2.0216e+11
0.09062,0.25208,1.3927e+0,0.0000e+0,9.5521e+10
0.09271,0.25208,1.0732e+0,0.0000e+0,0.0000e+0
0.09479,0.25208,7.5877e-1,0.0000e+0,0.0000e+0
0.09688,0.25208,4.5031e-1,0.0000e+0,0.0000e+0
0.09896,0.25208,1.4804e-1,0.0000e+0,0.0000e+0
0.00104,0.25625,8.3349e+0,0.0000e+0,0.0000e+0
0.00313,0.25625,8.3327e+0,0.0000e+0,0.0000e+0
0.00521,0.25625,8.3362e+0,0.0000e+0,0.0000e+0
0.00729,0.25625,8.3516e+0,0.0000e+0,1.2042e+12
0.00937,0.25625,8.3040e+0,0.0000e+0,1.2131e+12
0.01146,0.25625,8.2174e+0,0.0000e+0,1.2386e+12
0.01354,0.25625,8.0943e+0,0.0000e+0,9.1996e+11
0.01563,0.25625,7.9461e+0,0.0000e+0,6.2600e+11
0.01771,0.25625,7.7834e+0,0.0000e+0,6.1489e+11
0.01979,0.25625,7.6045e+0,0.0000e+0,0.0000e+0
0.02187,0.25625,7.4442e+0,0.0000e+0,0.0000e+0
0.02396,0.25625,7.2962e+0,0.0000e+0,9.1754e+10
0.02604,0.25625,7.1512e+0,0.0000e+0,1.7710e+11
0.02813,0.25625,7.0058e+0,5.7827e+9,0.0000e+0
0.03021,0.25625,6.8769e+0,2.3724e+11,5.1346e+11
0.03229,0.25625,6.7495e+0,1.0937e+11,1.6774e+11
0.03438,0.25625,6.6355e+0,0.0000e+0,5.3991e+11
0.03646,0.25625,6.5002e+0,0.0000e+0,2.4543e+10
0.03854,0.25625,6.3737e+0,0.0000e+0,3.5039e+11
0.04063,0.25625,6.2239e+0,4.3215e+11,3.0125e+11
0.04271,0.25625,6.0863e+0,1.6443e+11,8.7975e+10
0.04479,0.25625,5.9517e+0,1.6992e+11,4.4284e+11
0.04688,0.25625,5.8082e+0,0.0000e+0,1.2342e+11
0.04896,0.25625,5.6611e+0,0.0000e+0,0.0000e+0
0.05104,0.25625,5.5155e+0,0.0000e+0,3.1002e+11
0.05312,0.25625,5.3483e+0,0.0000e+0,4.5083e+10
0.05521,0.25625,5.1815e+0,2.6369e+11,2.7048e+10
0.05729,0.25625,5.0303e+0,6.0472e+11,4.3694e+11
0.05937,0.25625,4.8881e+0,1.4893e+11,4.7920e+11
0.06146,0.25625,4.7214e+0,0.0000e+0,7.1034e+10
0.06354,0.25625,4.5514e+0,1.0385e+11,1.7400e+11
0.06563,0.25625,4.3762e+0,1.6756e+11,2.5360e+11
0.06771,0.25625,4.2016e+0,0.0000e+0,4.2592e+11
0.06979,0.25625,4.0054e+0,0.0000e+0,1.0509e+11
0.07187,0.25625,3.8135e+0,0.0000e+0,4.6997e+11
0.07396,0.25625,3.5987e+0,0.0000e+0,4.7566e+11
0.07604,0.25625,3.3635e+0,0.0000e+0,2.3260e+11
0.07813,0.25625,3.1262e+0,0.0000e+0,4.8936e+11
0.08021,0.25625,2.8646e+0,2.3277e+11,3.0935e+11
0.08229,0.25625,2.6050e+0,2.0474e+11,5.2031e+11
0.08438,0.25625,2.3284e+0,2.9231e+10,5.2403e+11
0.08646,0.25625,2.0214e+0,9.1864e+10,2.0738e+11
0.08854,0.25625,1.7109e+0,2.3819e+11,4.5166e+11
0.09062,0.25625,1.3918e+0,0.0000e+0,1.0087e+11
0.09271,0.25625,1.0709e+0,0.0000e+0,0.0000e+0
0.09479,0.25625,7.5656e-1,0.0000e+0,0.0000e+0
0.09688,0.25625,4.4881e-1,0.0000e+0,0.0000e+0
0.09896,0.25625,1.4752e-1,0.0000e+0,0.0000e+0
0.00104,0.26042,8.5146e+0,0.0000e+0,0.0000e+0
0.00313,0.26042,8.4603e+0,0.0000e+0,0.0000e+0
0.00521,0.26042,8.4143e+0,0.0000e+0,0.0000e+0
0.00729,0.26042,8.3766e+0,0.0000e+0,2.6746e+11
0.00937,0.26042,8.3040e+0,0.0000e+0,1.2131e+11
0.01146,0.26042,8.2262e+0,0.0000e+0,5.9482e+11
0.01354,0.26042,8.1212e+0,0.0000e+0,5.8935e+11
0.01563,0.26042,8.0093e+0,0.0000e+0,1.6242e+12
0.01771,0.26042,7.8285e+0,0.0000e+0,5.5210e+11
0.01979,0.26042,7.6582e+0,0.0000e+0,8.4502e+11
0.02187,0.26042,7.4726e+0,0.0000e+0,2.9531e+11
0.02396,0.26042,7.2998e+0,0.0000e+0,0.0000e+0
0.02604,0.26042,7.1485e+0,0.0000e+0,0.0000e+0
0.02813,0.26042,7.0110e+0,0.0000e+0,0.0000e+0
0.03021,0.26042,6.8803e+0,4.2956e+11,3.5665e+11
0.03229,0.26042,6.7635e+0,2.5610e+11,3.7432e+11
0.03438,0.26042,6.6483e+0,3.8067e+11,4.6320e+11
0.03646,0.26042,6.5352e+0,2.2298e+10,3.7098e+9
0.03854,0.26042,6.4308e+0,0.0000e+0,7.3075e+11
0.04063,0.26042,6.2809e+0,0.0000e+0,2.9133e+11
0.04271,0.26042,6.1154e+0,4.4462e+11,7.5279e+10
0.04479,0.26042,5.9684e+0,8.3209e+11,3.2587e+11
0.04688,0.26042,5.8480e+0,3.5982e+10,6.6313e+10
0.04896,0.26042,5.7152e+0,0.0000e+0,1.3668e+11
0.05104,0.26042,5.5711e+0,0.0000e+0,5.8302e+11
0.05312,0.26042,5.3925e+0,0.0000e+0,1.0056e+11
0.05521,0.26042,5.2170e+0,5.0366e+10,0.0000e+0
0.05729,0.26042,5.0534e+0,3.0331e+10,0.0000e+0
0.05937,0.26042,4.8991e+0,0.0000e+0,2.8257e+11
0.06146,0.26042,4.7304e+0,0.0000e+0,1.3946e+11
0.06354,0.26042,4.5597e+0,1.6206e+11,5.1708e+11
0.06563,0.26042,4.3700e+0,2.5748e+11,3.2733e+11
0.06771,0.26042,4.1834e+0,0.0000e+0,2.2860e+11
0.06979,0.26042,3.9815e+0,1.5837e+9,3.7240e+10
0.07187,0.26042,3.7788e+0,4.7654e+10,1.2129e+11
0.07396,0.26042,3.5706e+0,0.0000e+0,3.3658e+11
0.07604,0.26042,3.3389e+0,0.0000e+0,8.9470e+10
0.07813,0.26042,3.1020e+0,0.0000e+0,1.1661e+11
0.08021,0.26042,2.8570e+0,6.4241e+9,3.1732e+11
0.08229,0.26042,2.5954e+0,2.6470e+10,2.2805e+11
0.08438,0.26042,2.3255e+0,2.4117e+10,5.0732e+11
0.08646,0.26042,2.0292e+0,1.2048e+10,3.3675e+11
0.08854,0.26042,1.7187e+0,0.0000e+0,2.9988e+11
0.09062,0.26042,1.3955e+0,0.0000e+0,1.5373e+11
0.09271,0.26042,1.0709e+0,0.0000e+0,0.0000e+0
0.09479,0.26042,7.5537e-1,0.0000e+0,0.0000e+0
0.09688,0.26042,4.4770e-1,0.0000e+0,0.0000e+0
0.09896,0.26042,1.4710e-1,0.0000e+0,0.0000e+0
0.00104,0.26458,9.1286e+0,0.0000e+0,1.5640e+13
0.00313,0.26458,8.6863e+0,0.0000e+0,1.0957e+12
0.00521,0.26458,8.5263e+0,0.0000e+0,0.0000e+0
0.00729,0.26458,8.5206e+0,0.0000e+0,4.2391e+12
0.00937,0.26458,8.3528e+0,0.0000e+0,1.2451e+12
0.01146,0.26458,8.2238e+0,0.0000e+0,1.8864e+12
0.01354,0.26458,8.0568e+0,0.0000e+0,6.5646e+11
0.01563,0.26458,7.9156e+0,0.0000e+0,1.1948e+12
0.01771,0.26458,7.7411e+0,0.0000e+0,3.8303e+11
0.01979,0.26458,7.5826e+0,0.0000e+0,4.0688e+11
0.02187,0.26458,7.4251e+0,0.0000e+0,2.1057e+11
0.02396,0.26458,7.2739e+0,0.0000e+0,4.9217e+10
0.02604,0.26458,7.1372e+0,2.1253e+11,0.0000e+0
0.02813,0.26458,7.0284e+0,1.6564e+11,5.9771e+11
0.03021,0.26458,6.9058e+0,2.4377e+11,5.1234e+11
0.03229,0.26458,6.7735e+0,1.8479e+11,1.1627e+11
0.03438,0.26458,6.6484e+0,7.8605e+11,2.0576e+11
0.03646,0.26458,6.5584e+0,7.6846e+10,8.7576e+10
0.03854,0.26458,6.4682e+0,0.0000e+0,5.3616e+11
0.04063,0.26458,6.3408e+0,0.0000e+0,1.4688e+11
0.04271,0.26458,6.2053e+0,2.3006e+11,4.6351e+11
0.04479,0.26458,6.0594e+0,2.3380e+11,1.7931e+10
0.04688,0.26458,5.9422e+0,5.7080e+10,6.2264e+11
0.04896,0.26458,5.7957e+0,0.0000e+0,7.4652e+11
0.05104,0.26458,5.6072e+0,2.0550e+11,1.9310e+11
0.05312,0.26458,5.4211e+0,1.9210e+11,4.9916e+10
0.05521,0.26458,5.2463e+0,0.0000e+0,0.0000e+0
0.05729,0.26458,5.0738e+0,0.0000e+0,0.0000e+0
0.05937,0.26458,4.9019e+0,0.0000e+0,0.0000e+0
0.06146,0.26458,4.7263e+0,0.0000e+0,2.1149e+10
0.06354,0.26458,4.5457e+0,1.6821e+11,1.8015e+11
0.06563,0.26458,4.3576e+0,3.8500e+11,2.4371e+11
0.06771,0.26458,4.1787e+0,0.0000e+0,2.9737e+11
0.06979,0.26458,3.9740e+0,8.4476e+9,3.8869e+10
0.07187,0.26458,3.7630e+0,3.7250e+11,2.2019e+11
0.07396,0.26458,3.5554e+0,1.2783e+10,1.4884e+11
0.07604,0.26458,3.3330e+0,0.0000e+0,2.1998e+11
0.07813,0.26458,3.0987e+0,0.0000e+0,3.6075e+11
0.08021,0.26458,2.8463e+0,0.0000e+0,2.5849e+11
0.08229,0.26458,2.5831e+0,0.0000e+0,3.0713e+11
0.08438,0.26458,2.3042e+0,1.5144e+11,2.8235e+11
0.08646,0.26458,2.0204e+0,7.5654e+10,5.1364e+11
0.08854,0.26458,1.7129e+0,1.6620e+11,5.8825e+11
0.09062,0.26458,1.3864e+0,6.1063e+9,1.1528e+11
0.09271,0.26458,1.0635e+0,0.0000e+0,0.0000e+0
0.09479,0.26458,7.5004e-1,0.0000e+0,0.0000e+0
0.09688,0.26458,4.4452e-1,0.0000e+0,0.0000e+0
0.09896,0.26458,1.4605e-1,0.0000e+0,0.0000e+0
0.00104,0.26875,8.3656e+0,0.0000e+0,2.1255e+12
0.00313,0.26875,8.2423e+0,0.0000e+0,1.4892e+11
0.00521,0.26875,8.1539e+0,0.0000e+0,0.0000e+0
0.00729,0.26875,8.0799e+0,0.0000e+0,0.0000e+0
0.00937,0.26875,7.9882e+0,0.0000e+0,0.0000e+0
0.01146,0.26875,7.8881e+0,0.0000e+0,0.0000e+0
0.01354,0.26875,7.7780e+0,0.0000e+0,0.0000e+0
0.01563,0.26875,7.6641e+0,0.0000e+0,0.0000e+0
0.01771,0.26875,7.5478e+0,0.0000e+0,0.0000e+0
0.01979,0.26875,7.4413e+0,0.0000e+0,0.0000e+0
0.02187,0.26875,7.3454e+0,0.0000e+0,6.0357e+11
0.02396,0.26875,7.2248e+0,0.0000e+0,1.9621e+11
0.02604,0.26875,7.1135e+0,2.7271e+11,6.4263e+11
0.02813,0.26875,7.0014e+0,3.4253e+11,3.2648e+11
0.03021,0.26875,6.9102e+0,0.0000e+0,2.5006e+11
0.03229,0.26875,6.8095e+0,0.0000e+0,4.3849e+10
0.03438,0.26875,6.7117e+0,6.6220e+11,9.9391e+11
0.03646,0.26875,6.5988e+0,5.0843e+11,3.9375e+11
0.03854,0.26875,6.5096e+0,0.0000e+0,3.1191e+11
0.04063,0.26875,6.4142e+0,0.0000e+0,5.8844e+11
0.04271,0.26875,6.2997e+0,0.0000e+0,9.4017e+11
0.04479,0.26875,6.1441e+0,2.4605e+11,5.2283e+11
0.04688,0.26875,5.9952e+0,6.5778e+11,9.5544e+11
0.04896,0.26875,5.8385e+0,0.0000e+0,4.2307e+11
0.05104,0.26875,5.6652e+0,1.1955e+11,3.8372e+11
0.05312,0.26875,5.4806e+0,1.2975e+11,2.2663e+11
0.05521,0.26875,5.2931e+0,1.7999e+11,0.0000e+0
0.05729,0.26875,5.1165e+0,6.9438e+10,1.3976e+10
0.05937,0.26875,4.9442e+0,9.8253e+9,2.2056e+11
0.06146,0.26875,4.7596e+0,0.0000e+0,4.2203e+10
0.06354,0.26875,4.5784e+0,1.2873e+11,3.5765e+11
0.06563,0.26875,4.3884e+0,4.1399e+11,4.5200e+11
0.06771,0.26875,4.2075e+0,0.0000e+0,4.3229e+11
0.06979,0.26875,4.0087e+0,0.0000e+0,2.7714e+11
0.07187,0.26875,3.8063e+0,1.6209e+11,7.7582e+11
0.07396,0.26875,3.5801e+0,6.1252e+10,6.3272e+11
0.07604,0.26875,3.3302e+0,7.2367e+10,2.3280e+11
0.07813,0.26875,3.0803e+0,2.3107e+10,1.9765e+11
0.08021,0.26875,2.8240e+0,0.0000e+0,1.1556e+11
0.08229,0.26875,2.5652e+0,0.0000e+0,3.6775e+11
0.08438,0.26875,2.2890e+0,0.0000e+0,3.4265e+11
0.08646,0.26875,1.9980e+0,0.0000e+0,4.8191e+11
0.08854,0.26875,1.6789e+0,7.7567e+10,1.3403e+11
0.09062,0.26875,1.3603e+0,2.8499e+9,0.0000e+0
0.09271,0.26875,1.0472e+0,0.0000e+0,0.0000e+0
0.09479,0.26875,7.4008e-1,0.0000e+0,0.0000e+0
0.09688,0.26875,4.3913e-1,0.0000e+0,0.0000e+0
0.09896,0.26875,1.4435e-1,0.0000e+0,0.0000e+0
0.00104,0.27292,7.9223e+0,0.0000e+0,0.0000e+0
0.00313,0.27292,7.8948e+0,0.0000e+0,0.0000e+0
0.00521,0.27292,7.8546e+0,0.0000e+0,0.0000e+0
0.00729,0.27292,7.8043e+0,0.0000e+0,0.0000e+0
0.00937,0.27292,7.7424e+0,0.0000e+0,0.0000e+0
0.01146,0.27292,7.6689e+0,0.0000e+0,0.0000e+0
0.01354,0.27292,7.5833e+0,0.0000e+0,0.0000e+0
0.01563,0.27292,7.4837e+0,2.4869e+11,0.0000e+0
0.01771,0.27292,7.3678e+0,8.3342e+11,0.0000e+0
0.01979,0.27292,7.3004e+0,0.0000e+0,0.0000e+0
0.02187,0.27292,7.2155e+0,0.0000e+0,0.0000e+0
0.02396,0.27292,7.1176e+0,0.0000e+0,0.0000e+0
0.02604,0.27292,7.0097e+0,7.7285e+11,1.5430e+11
0.02813,0.27292,6.9359e+0,6.7505e+11,1.1300e+10
0.03021,0.27292,6.9008e+0,0.0000e+0,3.7047e+11
0.03229,0.27292,6.8450e+0,0.0000e+0,8.3476e+11
0.03438,0.27292,6.7463e+0,1.2771e+10,5.4168e+11
0.03646,0.27292,6.6219e+0,1.8132e+11,2.5642e+11
0.03854,0.27292,6.4989e+0,4.9659e+11,2.5693e+11
0.04063,0.27292,6.4007e+0,0.0000e+0,2.5493e+11
0.04271,0.27292,6.2897e+0,0.0000e+0,4.1010e+11
0.04479,0.27292,6.1564e+0,0.0000e+0,4.9857e+11
0.04688,0.27292,5.9980e+0,0.0000e+0,1.4400e+11
0.04896,0.27292,5.8431e+0,0.0000e+0,0.0000e+0
0.05104,0.27292,5.7051e+0,2.6392e+11,7.4848e+11
0.05312,0.27292,5.5557e+0,1.7638e+11,1.0410e+12
0.05521,0.27292,5.3742e+0,1.5566e+11,6.8288e+11
0.05729,0.27292,5.1805e+0,2.7146e+11,3.3583e+11
0.05937,0.27292,4.9964e+0,2.0730e+11,6.7104e+11
0.06146,0.27292,4.7910e+0,1.8133e+11,2.4670e+11
0.06354,0.27292,4.5923e+0,1.2809e+11,2.5967e+11
0.06563,0.27292,4.3874e+0,1.8409e+11,8.5577e+9
0.06771,0.27292,4.1954e+0,0.0000e+0,1.6098e+10
0.06979,0.27292,3.9947e+0,6.1175e+10,2.0250e+11
0.07187,0.27292,3.7805e+0,2.2509e+11,4.0614e+11
0.07396,0.27292,3.5492e+0,1.8079e+11,3.3625e+11
0.07604,0.27292,3.3049e+0,3.1300e+11,2.2897e+11
0.07813,0.27292,3.0619e+0,3.0957e+11,5.3670e+11
0.08021,0.27292,2.8026e+0,5.3017e+10,3.0518e+11
0.08229,0.27292,2.5279e+0,3.3128e+11,2.6564e+11
0.08438,0.27292,2.2535e+0,4.8921e+10,1.6964e+11
0.08646,0.27292,1.9662e+0,0.0000e+0,2.9478e+11
0.08854,0.27292,1.6540e+0,0.0000e+0,1.2762e+10
0.09062,0.27292,1.3426e+0,0.0000e+0,0.0000e+0
0.09271,0.27292,1.0350e+0,0.0000e+0,0.0000e+0
0.09479,0.27292,7.3214e-1,0.0000e+0,0.0000e+0
0.09688,0.27292,4.3469e-1,0.0000e+0,0.0000e+0
0.09896,0.27292,1.4294e-1,0.0000e+0,0.0000e+0
0.00104,0.27708,7.6987e+0,0.0000e+0,0.0000e+0
0.00313,0.27708,7.6877e+0,0.0000e+0,0.0000e+0
0.00521,0.27708,7.6678e+0,0.0000e+0,0.0000e+0
0.00729,0.27708,7.6395e+0,0.0000e+0,0.0000e+0
0.00937,0.27708,7.6026e+0,0.0000e+0,0.0000e+0
0.01146,0.27708,7.5562e+0,0.0000e+0,0.0000e+0
0.01354,0.27708,7.5010e+0,0.0000e+0,0.0000e+0
0.01563,0.27708,7.4427e+0,5.0030e+10,5.0972e+11
0.01771,0.27708,7.3481e+0,1.6766e+11,1.4236e+11
0.01979,0.27708,7.2610e+0,0.0000e+0,1.5040e+10
0.02187,0.27708,7.1726e+0,0.0000e+0,0.0000e+0
0.02396,0.27708,7.0865e+0,0.0000e+0,0.0000e+0
0.02604,0.27708,7.0048e+0,3.7720e+10,0.0000e+0
0.02813,0.27708,6.9332e+0,5.7483e+9,0.0000e+0
0.03021,0.27708,6.8703e+0,0.0000e+0,7.3887e+9
0.03229,0.27708,6.8098e+0,0.0000e+0,1.4442e+11
0.03438,0.27708,6.7408e+0,0.0000e+0,7.0169e+11
0.03646,0.27708,6.6313e+0,2.4165e+9,5.3692e+11
0.03854,0.27708,6.5046e+0,1.7568e+10,3.5361e+11
0.04063,0.27708,6.3800e+0,0.0000e+0,1.7349e+11
0.04271,0.27708,6.2635e+0,0.0000e+0,4.0538e+11
0.04479,0.27708,6.1402e+0,0.0000e+0,1.0184e+12
0.04688,0.27708,5.9694e+0,1.7928e+10,2.6846e+11
0.04896,0.27708,5.8050e+0,1.5060e+10,0.0000e+0
0.05104,0.27708,5.6616e+0,2.1618e+11,3.7621e+11
0.05312,0.27708,5.5234e+0,1.1006e+11,4.8018e+11
0.05521,0.27708,5.3658e+0,1.8361e+10,2.0437e+11
0.05729,0.27708,5.2059e+0,0.0000e+0,5.3670e+11
0.05937,0.27708,5.0212e+0,2.0249e+11,7.7198e+11
0.06146,0.27708,4.8077e+0,3.5851e+11,3.2418e+11
0.06354,0.27708,4.6072e+0,4.3858e+11,2.6329e+11
0.06563,0.27708,4.4226e+0,5.0269e+10,2.2993e+11
0.06771,0.27708,4.2369e+0,1.3669e+11,7.2645e+11
0.06979,0.27708,4.0210e+0,5.8256e+9,4.4653e+11
0.07187,0.27708,3.7842e+0,9.6740e+10,1.7771e+11
0.07396,0.27708,3.5525e+0,2.4677e+11,5.2917e+11
0.07604,0.27708,3.3127e+0,2.3142e+11,5.0191e+11
0.07813,0.27708,3.0664e+0,1.5172e+11,6.6220e+11
0.08021,0.27708,2.7976e+0,2.0139e+10,4.7559e+10
0.08229,0.27708,2.5346e+0,8.1556e+10,2.9577e+11
0.08438,0.27708,2.2600e+0,2.8449e+10,2.9883e+11
0.08646,0.27708,1.9698e+0,0.0000e+0,4.8125e+11
0.08854,0.27708,1.6513e+0,0.0000e+0,1.3770e+10
0.09062,0.27708,1.3384e+0,0.0000e+0,0.0000e+0
0.09271,0.27708,1.0310e+0,0.0000e+0,0.0000e+0
0.09479,0.27708,7.2909e-1,0.0000e+0,0.0000e+0
0.09688,0.27708,4.3281e-1,0.0000e+0,0.0000e+0
0.09896,0.27708,1.4231e-1,0.0000e+0,0.0000e+0
0.00104,0.28125,7.5622e+0,0.0000e+0,0.0000e+0
0.00313,0.28125,7.5588e+0,0.0000e+0,0.0000e+0
0.00521,0.28125,7.5527e+0,0.0000e+0,0.0000e+0
0.00729,0.28125,7.5454e+0,0.0000e+0,0.0000e+0
0.00937,0.28125,7.5385e+0,0.0000e+0,2.6494e+11
0.01146,0.28125,7.5154e+0,0.0000e+0,4.6589e+11
0.01354,0.28125,7.4663e+0,0.0000e+0,0.0000e+0
0.01563,0.28125,7.4310e+0,0.0000e+0,6.5315e+11
0.01771,0.28125,7.3655e+0,0.0000e+0,9.7144e+11
0.01979,0.28125,7.2588e+0,0.0000e+0,3.3341e+11
0.02187,0.28125,7.1543e+0,0.0000e+0,0.0000e+0
0.02396,0.28125,7.0666e+0,0.0000e+0,0.0000e+0
0.02604,0.28125,6.9890e+0,0.0000e+0,0.0000e+0
0.02813,0.28125,6.9161e+0,0.0000e+0,0.0000e+0
0.03021,0.28125,6.8450e+0,0.0000e+0,0.0000e+0
0.03229,0.28125,6.7797e+0,0.0000e+0,3.8151e+11
0.03438,0.28125,6.6986e+0,0.0000e+0,8.9312e+11
0.03646,0.28125,6.5674e+0,0.0000e+0,3.5908e+11
0.03854,0.28125,6.4284e+0,0.0000e+0,1.4524e+11
0.04063,0.28125,6.2972e+0,0.0000e+0,3.4532e+11
0.04271,0.28125,6.1604e+0,1.0572e+11,3.3734e+11
0.04479,0.28125,6.0218e+0,1.3534e+10,3.8022e+11
0.04688,0.28125,5.8660e+0,2.3656e+11,3.7866e+11
0.04896,0.28125,5.7124e+0,1.9871e+11,0.0000e+0
0.05104,0.28125,5.5814e+0,0.0000e+0,5.9011e+9
0.05312,0.28125,5.4617e+0,2.5052e+11,4.7973e+11
0.05521,0.28125,5.3323e+0,1.9584e+11,6.1478e+11
0.05729,0.28125,5.1865e+0,2.3846e+11,9.5674e+11
0.05937,0.28125,4.9993e+0,2.2000e+11,2.0754e+11
0.06146,0.28125,4.8206e+0,4.5821e+10,2.1657e+11
0.06354,0.28125,4.6375e+0,2.1052e+11,5.7025e+11
0.06563,0.28125,4.4395e+0,1.9469e+10,2.1595e+11
0.06771,0.28125,4.2364e+0,1.5897e+11,3.6763e+11
0.06979,0.28125,4.0200e+0,0.0000e+0,4.3319e+11
0.07187,0.28125,3.7737e+0,1.7118e+11,2.2142e+11
0.07396,0.28125,3.5245e+0,2.4956e+11,1.1038e+11
0.07604,0.28125,3.2858e+0,3.4986e+10,3.1110e+11
0.07813,0.28125,3.0300e+0,2.4556e+11,8.0166e+10
0.08021,0.28125,2.7884e+0,7.6972e+10,2.2080e+11
0.08229,0.28125,2.5458e+0,0.0000e+0,6.1011e+11
0.08438,0.28125,2.2713e+0,0.0000e+0,5.6035e+11
0.08646,0.28125,1.9652e+0,0.0000e+0,1.4878e+11
0.08854,0.28125,1.6515e+0,0.0000e+0,0.0000e+0
0.09062,0.28125,1.3404e+0,0.0000e+0,0.0000e+0
0.09271,0.28125,1.0325e+0,0.0000e+0,0.0000e+0
0.09479,0.28125,7.2985e-1,0.0000e+0,0.0000e+0
0.09688,0.28125,4.3309e-1,0.0000e+0,0.0000e+0
0.09896,0.28125,1.4237e-1,0.0000e+0,0.0000e+0
0.00104,0.28542,7.4520e+0,0.0000e+0,0.0000e+0
0.00313,0.28542,7.4523e+0,0.0000e+0,0.0000e+0
0.00521,0.28542,7.4539e+0,0.0000e+0,0.0000e+0
0.00729,0.28542,7.4584e+0,0.0000e+0,0.0000e+0
0.00937,0.28542,7.4692e+0,0.0000e+0,4.9360e+11
0.01146,0.28542,7.4581e+0,0.0000e+0,8.6795e+11
0.01354,0.28542,7.4033e+0,0.0000e+0,0.0000e+0
0.01563,0.28542,7.3615e+0,0.0000e+0,7.1403e+11
0.01771,0.28542,7.2826e+0,0.0000e+0,4.1435e+11
0.01979,0.28542,7.1875e+0,0.0000e+0,0.0000e+0
0.02187,0.28542,7.1051e+0,0.0000e+0,0.0000e+0
0.02396,0.28542,7.0353e+0,0.0000e+0,0.0000e+0
0.02604,0.28542,6.9783e+0,0.0000e+0,2.8485e+11
0.02813,0.28542,6.9132e+0,0.0000e+0,6.0611e+11
0.03021,0.28542,6.8151e+0,0.0000e+0,1.9508e+11
0.03229,0.28542,6.7121e+0,0.0000e+0,1.9338e+11
0.03438,0.28542,6.6019e+0,0.0000e+0,5.8719e+11
0.03646,0.28542,6.4528e+0,0.0000e+0,1.9132e+10
0.03854,0.28542,6.3050e+0,5.1222e+10,2.0291e+10
0.04063,0.28542,6.1555e+0,4.1237e+11,1.3879e+11
0.04271,0.28542,6.0159e+0,3.5658e+11,1.8978e+11
0.04479,0.28542,5.8806e+0,2.7332e+11,4.6678e+10
0.04688,0.28542,5.7460e+0,1.2022e+11,7.2811e+10
0.04896,0.28542,5.6084e+0,1.6248e+11,0.0000e+0
0.05104,0.28542,5.4768e+0,5.6861e+11,6.6341e+8
0.05312,0.28542,5.3828e+0,7.7776e+10,3.9739e+11
0.05521,0.28542,5.2550e+0,5.8318e+11,6.0959e+11
0.05729,0.28542,5.1220e+0,1.1019e+11,2.3353e+11
0.05937,0.28542,4.9782e+0,6.6252e+10,2.5453e+11
0.06146,0.28542,4.8239e+0,1.6033e+10,5.0982e+11
0.06354,0.28542,4.6378e+0,1.1894e+11,3.0820e+11
0.06563,0.28542,4.4442e+0,1.5189e+10,2.2913e+11
0.06771,0.28542,4.2446e+0,1.0387e+11,4.2931e+11
0.06979,0.28542,4.0303e+0,0.0000e+0,4.7279e+11
0.07187,0.28542,3.7876e+0,9.1303e+10,4.4934e+11
0.07396,0.28542,3.5240e+0,4.8769e+11,3.9123e+11
0.07604,0.28542,3.2677e+0,1.5414e+11,1.0505e+11
0.07813,0.28542,3.0110e+0,5.1046e+11,2.3421e+11
0.08021,0.28542,2.7701e+0,8.0533e+10,2.0074e+11
0.08229,0.28542,2.5195e+0,0.0000e+0,1.2859e+11
0.08438,0.28542,2.2611e+0,0.0000e+0,4.6471e+11
0.08646,0.28542,1.9744e+0,0.0000e+0,3.5843e+11
0.08854,0.28542,1.6711e+0,0.0000e+0,2.8817e+11
0.09062,0.28542,1.3576e+0,0.0000e+0,2.1391e+11
0.09271,0.28542,1.0405e+0,0.0000e+0,0.0000e+0
0.09479,0.28542,7.3341e-1,0.0000e+0,0.0000e+0
0.09688,0.28542,4.3452e-1,0.0000e+0,0.0000e+0
0.09896,0.28542,1.4274e-1,0.0000e+0,0.0000e+0
0.00104,0.28958,7.3396e+0,0.0000e+0,0.0000e+0
0.00313,0.28958,7.3391e+0,0.0000e+0,0.0000e+0
0.00521,0.28958,7.3380e+0,0.0000e+0,0.0000e+0
0.00729,0.28958,7.3363e+0,0.0000e+0,0.0000e+0
0.00937,0.28958,7.3333e+0,0.0000e+0,0.0000e+0
0.01146,0.28958,7.3266e+0,0.0000e+0,4.9432e+9
0.01354,0.28958,7.3177e+0,0.0000e+0,9.5456e+11
0.01563,0.28958,7.2483e+0,0.0000e+0,1.5060e+11
0.01771,0.28958,7.1758e+0,0.0000e+0,8.7392e+10
0.01979,0.28958,7.1023e+0,0.0000e+0,0.0000e+0
0.02187,0.28958,7.0349e+0,0.0000e+0,0.0000e+0
0.02396,0.28958,6.9749e+0,0.0000e+0,0.0000e+0
0.02604,0.28958,6.9302e+0,0.0000e+0,4.9681e+11
0.02813,0.28958,6.8756e+0,0.0000e+0,1.1751e+12
0.03021,0.28958,6.7720e+0,0.0000e+0,9.1282e+11
0.03229,0.28958,6.6393e+0,0.0000e+0,3.3327e+11
0.03438,0.28958,6.5084e+0,0.0000e+0,4.0215e+11
0.03646,0.28958,6.3607e+0,2.7916e+11,2.2381e+11
0.03854,0.28958,6.2267e+0,5.0204e+10,1.6907e+11
0.04063,0.28958,6.0901e+0,8.0778e+10,1.4361e+11
0.04271,0.28958,5.9548e+0,0.0000e+0,0.0000e+0
0.04479,0.28958,5.8191e+0,9.4353e+10,0.0000e+0
0.04688,0.28958,5.6814e+0,1.5402e+11,0.0000e+0
0.04896,0.28958,5.5451e+0,4.5283e+11,0.0000e+0
0.05104,0.28958,5.4280e+0,6.2001e+11,0.0000e+0
0.05312,0.28958,5.3465e+0,3.6882e+10,6.3007e+11
0.05521,0.28958,5.2147e+0,1.7041e+11,7.9276e+10
0.05729,0.28958,5.0892e+0,0.0000e+0,0.0000e+0
0.05937,0.28958,4.9640e+0,0.0000e+0,2.7743e+11
0.06146,0.28958,4.8229e+0,5.1541e+10,7.9505e+11
0.06354,0.28958,4.6335e+0,1.2932e+11,3.7535e+11
0.06563,0.28958,4.4330e+0,6.6345e+10,1.2421e+11
0.06771,0.28958,4.2354e+0,1.8582e+11,3.0036e+11
0.06979,0.28958,4.0329e+0,4.1122e+10,5.0719e+11
0.07187,0.28958,3.8019e+0,1.5736e+10,3.4639e+11
0.07396,0.28958,3.5572e+0,0.0000e+0,4.2984e+11
0.07604,0.28958,3.2965e+0,1.6611e+10,1.7307e+11
0.07813,0.28958,3.0382e+0,4.8726e+10,2.2446e+11
0.08021,0.28958,2.7771e+0,0.0000e+0,1.4768e+11
0.08229,0.28958,2.5101e+0,0.0000e+0,1.1850e+10
0.08438,0.28958,2.2452e+0,0.0000e+0,2.3384e+11
0.08646,0.28958,1.9656e+0,7.1946e+10,3.9015e+11
0.08854,0.28958,1.6696e+0,3.1965e+9,4.1284e+11
0.09062,0.28958,1.3514e+0,0.0000e+0,7.1879e+10
0.09271,0.28958,1.0367e+0,0.0000e+0,0.0000e+0
0.09479,0.28958,7.3074e-1,0.0000e+0,0.0000e+0
0.09688,0.28958,4.3288e-1,0.0000e+0,0.0000e+0
0.09896,0.28958,1.4218e-1,0.0000e+0,0.0000e+0
0.00104,0.29375,7.2311e+0,0.0000e+0,0.0000e+0
0.00313,0.29375,7.2299e+0,0.0000e+0,0.0000e+0
0.00521,0.29375,7.2272e+0,0.0000e+0,0.0000e+0
0.00729,0.29375,7.2228e+0,0.0000e+0,0.0000e+0
0.00937,0.29375,7.2165e+0,0.0000e+0,0.0000e+0
0.01146,0.29375,7.2082e+0,0.0000e+0,3.5836e+9
0.01354,0.29375,7.1981e+0,0.0000e+0,6.9200e+11
0.01563,0.29375,7.1381e+0,0.0000e+0,0.0000e+0
0.01771,0.29375,7.0802e+0,0.0000e+0,0.0000e+0
0.01979,0.29375,7.0219e+0,0.0000e+0,1.8937e+10
0.02187,0.29375,6.9592e+0,0.0000e+0,2.5748e+11
0.02396,0.29375,6.8716e+0,0.0000e+0,0.0000e+0
0.02604,0.29375,6.7815e+0,0.0000e+0,0.0000e+0
0.02813,0.29375,6.6885e+0,0.0000e+0,1.2454e+10
0.03021,0.29375,6.5906e+0,0.0000e+0,2.1092e+10
0.03229,0.29375,6.4890e+0,0.0000e+0,0.0000e+0
0.03438,0.29375,6.3895e+0,0.0000e+0,3.8944e+11
0.03646,0.29375,6.2642e+0,2.5400e+11,2.1678e+11
0.03854,0.29375,6.1461e+0,2.2098e+11,1.7509e+11
0.04063,0.29375,6.0312e+0,2.2936e+11,1.1680e+11
0.04271,0.29375,5.9219e+0,0.0000e+0,0.0000e+0
0.04479,0.29375,5.8162e+0,0.0000e+0,4.4828e+11
0.04688,0.29375,5.6852e+0,1.8366e+11,4.1609e+10
0.04896,0.29375,5.5678e+0,2.4391e+11,3.4352e+11
0.05104,0.29375,5.4492e+0,3.4804e+11,3.4813e+11
0.05312,0.29375,5.3404e+0,3.5191e+9,4.6761e+11
0.05521,0.29375,5.2070e+0,0.0000e+0,1.6654e+11
0.05729,0.29375,5.0735e+0,0.0000e+0,9.6350e+10
0.05937,0.29375,4.9448e+0,0.0000e+0,2.9534e+11
0.06146,0.29375,4.8075e+0,2.6873e+11,1.0118e+12
0.06354,0.29375,4.6267e+0,4.7335e+11,9.9862e+11
0.06563,0.29375,4.4222e+0,1.0112e+11,1.3722e+11
0.06771,0.29375,4.2285e+0,0.0000e+0,3.5121e+11
0.06979,0.29375,4.0253e+0,1.8905e+11,7.8117e+11
0.07187,0.29375,3.7944e+0,7.2344e+10,5.2309e+11
0.07396,0.29375,3.5483e+0,1.8207e+10,3.1427e+11
0.07604,0.29375,3.2954e+0,2.0786e+11,3.5209e+11
0.07813,0.29375,3.0476e+0,3.9125e+10,4.1072e+11
0.08021,0.29375,2.7883e+0,0.0000e+0,4.1111e+11
0.08229,0.29375,2.5152e+0,0.0000e+0,2.2343e+11
0.08438,0.29375,2.2419e+0,0.0000e+0,4.6596e+11
0.08646,0.29375,1.9466e+0,1.7581e+11,1.8276e+11
0.08854,0.29375,1.6578e+0,7.8109e+9,5.8195e+11
0.09062,0.29375,1.3379e+0,0.0000e+0,5.4112e+10
0.09271,0.29375,1.0253e+0,0.0000e+0,0.0000e+0
0.09479,0.29375,7.2245e-1,0.0000e+0,0.0000e+0
0.09688,0.29375,4.2787e-1,0.0000e+0,0.0000e+0
0.09896,0.29375,1.4053e-1,0.0000e+0,0.0000e+0
0.00104,0.29792,7.1336e+0,0.0000e+0,0.0000e+0
0.00313,0.29792,7.1318e+0,0.0000e+0,0.0000e+0
0.00521,0.29792,7.1284e+0,0.0000e+0,0.0000e+0
0.00729,0.29792,7.1230e+0,0.0000e+0,0.0000e+0
0.00937,0.29792,7.1146e+0,0.0000e+0,0.0000e+0
0.01146,0.29792,7.1019e+0,0.0000e+0,0.0000e+0
0.01354,0.29792,7.0824e+0,0.0000e+0,0.0000e+0
0.01563,0.29792,7.0512e+0,0.0000e+0,0.0000e+0
0.01771,0.29792,7.0139e+0,0.0000e+0,0.0000e+0
0.01979,0.29792,6.9781e+0,0.0000e+0,2.6756e+11
0.02187,0.29792,6.9317e+0,0.0000e+0,1.3528e+12
0.02396,0.29792,6.8087e+0,0.0000e+0,3.9614e+11
0.02604,0.29792,6.6737e+0,0.0000e+0,0.0000e+0
0.02813,0.29792,6.5456e+0,3.1790e+11,0.0000e+0
0.03021,0.29792,6.4450e+0,2.6357e+11,0.0000e+0
0.03229,0.29792,6.3560e+0,1.4650e+11,0.0000e+0
0.03438,0.29792,6.2788e+0,0.0000e+0,2.5654e+11
0.03646,0.29792,6.1862e+0,3.0647e+9,1.4634e+11
0.03854,0.29792,6.0932e+0,3.5553e+11,4.4245e+11
0.04063,0.29792,6.0003e+0,8.3341e+10,3.1801e+11
0.04271,0.29792,5.8954e+0,0.0000e+0,3.0792e+10
0.04479,0.29792,5.7957e+0,4.9403e+10,2.6617e+11
0.04688,0.29792,5.6932e+0,1.0827e+11,6.4696e+11
0.04896,0.29792,5.5749e+0,4.3321e+9,4.0638e+11
0.05104,0.29792,5.4548e+0,9.0798e+9,8.2610e+11
0.05312,0.29792,5.3073e+0,0.0000e+0,2.5695e+11
0.05521,0.29792,5.1674e+0,0.0000e+0,2.6050e+11
0.05729,0.29792,5.0269e+0,0.0000e+0,1.7865e+11
0.05937,0.29792,4.8862e+0,0.0000e+0,8.1509e+10
0.06146,0.29792,4.7450e+0,0.0000e+0,5.4600e+11
0.06354,0.29792,4.5711e+0,0.0000e+0,2.8000e+11
0.06563,0.29792,4.3850e+0,0.0000e+0,4.7937e+11
0.06771,0.29792,4.1737e+0,0.0000e+0,9.4737e+10
0.06979,0.29792,3.9669e+0,0.0000e+0,4.8044e+11
0.07187,0.29792,3.7391e+0,0.0000e+0,4.6061e+11
0.07396,0.29792,3.4954e+0,2.2769e+11,3.0506e+11
0.07604,0.29792,3.2622e+0,2.4800e+11,5.9675e+11
0.07813,0.29792,3.0161e+0,1.3872e+11,5.6653e+11
0.08021,0.29792,2.7536e+0,0.0000e+0,3.7484e+11
0.08229,0.29792,2.4789e+0,0.0000e+0,1.1591e+11
0.08438,0.29792,2.2080e+0,0.0000e+0,2.5242e+11
0.08646,0.29792,1.9271e+0,0.0000e+0,4.7090e+11
0.08854,0.29792,1.6217e+0,0.0000e+0,2.2244e+11
0.09062,0.29792,1.3074e+0,0.0000e+0,0.0000e+0
0.09271,0.29792,1.0029e+0,0.0000e+0,0.0000e+0
0.09479,0.29792,7.0712e-1,0.0000e+0,0.0000e+0
0.09688,0.29792,4.1897e-1,0.0000e+0,0.0000e+0
0.09896,0.29792,1.3763e-1,0.0000e+0,0.0000e+0
0.00104,0.30208,7.0489e+0,0.0000e+0,0.0000e+0
0.00313,0.30208,7.0477e+0,0.0000e+0,0.0000e+0
0.00521,0.30208,7.0454e+0,0.0000e+0,0.0000e+0
0.00729,0.30208,7.0424e+0,0.0000e+0,0.0000e+0
0.00937,0.30208,7.0390e+0,0.0000e+0,0.0000e+0
0.01146,0.30208,7.0350e+0,0.0000e+0,0.0000e+0
0.01354,0.30208,7.0293e+0,0.0000e+0,1.5526e+11
0.01563,0.30208,7.0066e+0,0.0000e+0,2.7247e+11
0.01771,0.30208,6.9585e+0,0.0000e+0,0.0000e+0
0.01979,0.30208,6.9095e+0,0.0000e+0,6.4176e+11
0.02187,0.30208,6.8183e+0,0.0000e+0,2.8376e+11
0.02396,0.30208,6.7142e+0,0.0000e+0,6.1023e+11
0.02604,0.30208,6.5801e+0,0.0000e+0,9.2261e+10
0.02813,0.30208,6.4529e+0,1.0625e+11,0.0000e+0
0.03021,0.30208,6.3432e+0,1.0089e+11,0.0000e+0
0.03229,0.30208,6.2394e+0,5.3018e+11,0.0000e+0
0.03438,0.30208,6.1699e+0,0.0000e+0,0.0000e+0
0.03646,0.30208,6.0937e+0,3.0461e+9,0.0000e+0
0.03854,0.30208,6.0187e+0,2.8676e+11,8.6030e+10
0.04063,0.30208,5.9634e+0,0.0000e+0,8.8391e+11
0.04271,0.30208,5.8583e+0,0.0000e+0,5.0040e+11
0.04479,0.30208,5.7345e+0,1.0240e+11,1.9818e+11
0.04688,0.30208,5.6124e+0,2.2443e+11,2.9507e+11
0.04896,0.30208,5.4845e+0,1.3928e+11,3.0666e+11
0.05104,0.30208,5.3364e+0,4.1001e+11,1.2675e+11
0.05312,0.30208,5.1856e+0,8.0907e+11,5.8934e+10
0.05521,0.30208,5.0693e+0,3.4072e+11,1.9805e+11
0.05729,0.30208,4.9458e+0,2.7500e+11,1.4334e+11
0.05937,0.30208,4.8235e+0,7.8138e+10,6.5892e+11
0.06146,0.30208,4.6636e+0,1.8708e+11,2.8457e+11
0.06354,0.30208,4.4996e+0,7.3904e+9,2.5942e+11
0.06563,0.30208,4.3230e+0,0.0000e+0,7.6077e+11
0.06771,0.30208,4.0970e+0,0.0000e+0,1.4984e+11
0.06979,0.30208,3.8677e+0,1.2063e+10,1.4652e+11
0.07187,0.30208,3.6303e+0,2.5448e+11,6.2270e+10
0.07396,0.30208,3.4108e+0,4.1635e+10,1.0476e+11
0.07604,0.30208,3.1918e+0,1.5108e+9,5.7172e+11
0.07813,0.30208,2.9389e+0,1.2498e+10,2.1441e+11
0.08021,0.30208,2.6775e+0,2.5190e+11,2.5837e+11
0.08229,0.30208,2.4188e+0,0.0000e+0,1.1024e+11
0.08438,0.30208,2.1617e+0,0.0000e+0,4.3746e+11
0.08646,0.30208,1.8865e+0,0.0000e+0,6.4144e+11
0.08854,0.30208,1.5801e+0,3.4012e+10,3.3404e+11
0.09062,0.30208,1.2661e+0,1.4654e+11,0.0000e+0
0.09271,0.30208,9.7279e-1,4.4046e+9,0.0000e+0
0.09479,0.30208,6.8683e-1,0.0000e+0,0.0000e+0
0.09688,0.30208,4.0735e-1,0.0000e+0,0.0000e+0
0.09896,0.30208,1.3388e-1,0.0000e+0,0.0000e+0
0.00104,0.30625,6.9740e+0,0.0000e+0,0.0000e+0
0.00313,0.30625,6.9720e+0,0.0000e+0,0.0000e+0
0.00521,0.30625,6.9692e+0,0.0000e+0,0.0000e+0
0.00729,0.30625,6.9673e+0,0.0000e+0,0.0000e+0
0.00937,0.30625,6.9690e+0,0.0000e+0,0.0000e+0
0.01146,0.30625,6.9786e+0,0.0000e+0,0.0000e+0
0.01354,0.30625,7.0037e+0,0.0000e+0,8.4445e+11
0.01563,0.30625,6.9972e+0,0.0000e+0,1.4108e+12
0.01771,0.30625,6.9296e+0,0.0000e+0,8.3963e+11
0.01979,0.30625,6.8379e+0,0.0000e+0,9.9323e+11
0.02187,0.30625,6.7044e+0,0.0000e+0,9.0867e+9
0.02396,0.30625,6.5900e+0,0.0000e+0,2.0811e+11
0.02604,0.30625,6.4716e+0,0.0000e+0,3.2486e+10
0.02813,0.30625,6.3610e+0,0.0000e+0,0.0000e+0
0.03021,0.30625,6.2658e+0,0.0000e+0,0.0000e+0
0.03229,0.30625,6.1832e+0,0.0000e+0,1.2231e+10
0.03438,0.30625,6.1054e+0,0.0000e+0,1.4607e+10
0.03646,0.30625,6.0253e+0,4.0086e+10,0.0000e+0
0.03854,0.30625,5.9437e+0,3.9519e+10,1.3752e+10
0.04063,0.30625,5.8643e+0,0.0000e+0,3.0626e+11
0.04271,0.30625,5.7611e+0,0.0000e+0,3.2619e+8
0.04479,0.30625,5.6591e+0,0.0000e+0,2.6586e+7
0.04688,0.30625,5.5601e+0,0.0000e+0,1.8037e+11
0.04896,0.30625,5.4517e+0,3.5026e+11,6.6746e+11
0.05104,0.30625,5.3223e+0,3.7524e+11,6.2477e+11
0.05312,0.30625,5.1880e+0,3.6430e+11,5.8574e+11
0.05521,0.30625,5.0599e+0,1.4306e+11,5.6899e+11
0.05729,0.30625,4.9182e+0,3.9175e+10,5.4297e+11
0.05937,0.30625,4.7576e+0,9.2835e+10,3.2927e+11
0.06146,0.30625,4.5904e+0,4.3036e+11,6.0197e+11
0.06354,0.30625,4.4237e+0,9.7122e+9,3.4494e+11
0.06563,0.30625,4.2452e+0,0.0000e+0,8.4897e+11
0.06771,0.30625,4.0141e+0,0.0000e+0,1.0515e+11
0.06979,0.30625,3.7831e+0,1.0815e+10,1.6684e+11
0.07187,0.30625,3.5449e+0,2.6130e+11,5.6050e+10
0.07396,0.30625,3.3257e+0,4.5512e+10,1.2762e+11
0.07604,0.30625,3.1030e+0,0.0000e+0,3.0929e+11
0.07813,0.30625,2.8623e+0,7.1643e+8,2.8917e+11
0.08021,0.30625,2.6101e+0,2.4024e+10,3.6519e+11
0.08229,0.30625,2.3444e+0,1.2687e+11,1.9256e+11
0.08438,0.30625,2.0763e+0,8.0390e+10,2.0230e+11
0.08646,0.30625,1.7969e+0,0.0000e+0,5.6825e+10
0.08854,0.30625,1.5071e+0,5.9867e+10,4.4461e+10
0.09062,0.30625,1.2151e+0,2.4422e+11,0.0000e+0
0.09271,0.30625,9.3938e-1,7.0837e+9,0.0000e+0
0.09479,0.30625,6.6553e-1,0.0000e+0,0.0000e+0
0.09688,0.30625,3.9545e-1,0.0000e+0,0.0000e+0
0.09896,0.30625,1.3008e-1,0.0000e+0,0.0000e+0
0.00104,0.31042,6.9131e+0,0.0000e+0,0.0000e+0
0.00313,0.31042,6.9065e+0,0.0000e+0,0.0000e+0
0.00521,0.31042,6.8935e+0,0.0000e+0,0.0000e+0
0.00729,0.31042,6.8779e+0,0.0000e+0,0.0000e+0
0.00937,0.31042,6.8623e+0,0.0000e+0,0.0000e+0
0.01146,0.31042,6.8475e+0,0.0000e+0,0.0000e+0
0.01354,0.31042,6.8334e+0,0.0000e+0,1.2859e+11
0.01563,0.31042,6.8089e+0,0.0000e+0,2.0546e+11
0.01771,0.31042,6.7710e+0,0.0000e+0,1.0490e+12
0.01979,0.31042,6.6688e+0,0.0000e+0,2.4726e+11
0.02187,0.31042,6.5585e+0,0.0000e+0,0.0000e+0
0.02396,0.31042,6.4566e+0,0.0000e+0,0.0000e+0
0.02604,0.31042,6.3580e+0,0.0000e+0,3.0286e+11
0.02813,0.31042,6.2383e+0,6.0924e+11,7.4481e+10
0.03021,0.31042,6.1622e+0,6.7637e+11,0.0000e+0
0.03229,0.31042,6.1247e+0,0.0000e+0,2.9312e+11
0.03438,0.31042,6.0649e+0,0.0000e+0,3.5004e+11
0.03646,0.31042,5.9892e+0,2.6070e+11,8.1211e+11
0.03854,0.31042,5.8816e+0,2.5701e+11,2.2907e+11
0.04063,0.31042,5.7827e+0,7.7337e+10,1.2455e+11
0.04271,0.31042,5.6798e+0,2.1071e+11,4.4619e+10
0.04479,0.31042,5.5898e+0,0.0000e+0,0.0000e+0
0.04688,0.31042,5.5071e+0,7.7635e+9,3.4203e+11
0.04896,0.31042,5.4096e+0,6.9733e+10,6.8792e+11
0.05104,0.31042,5.2805e+0,2.0903e+11,6.1520e+11
0.05312,0.31042,5.1356e+0,2.5630e+11,3.9305e+11
0.05521,0.31042,4.9878e+0,1.6860e+11,3.8390e+11
0.05729,0.31042,4.8231e+0,9.6312e+10,4.0814e+10
0.05937,0.31042,4.6580e+0,2.0107e+11,3.1914e+11
0.06146,0.31042,4.4852e+0,1.4265e+11,1.1024e+11
0.06354,0.31042,4.3156e+0,1.1532e+10,1.2035e+11
0.06563,0.31042,4.1369e+0,0.0000e+0,4.3008e+11
0.06771,0.31042,3.9265e+0,0.0000e+0,2.4822e+11
0.06979,0.31042,3.7028e+0,0.0000e+0,3.1745e+10
0.07187,0.31042,3.4805e+0,0.0000e+0,2.0158e+11
0.07396,0.31042,3.2489e+0,0.0000e+0,4.7105e+10
0.07604,0.31042,3.0147e+0,0.0000e+0,1.3683e+11
0.07813,0.31042,2.7676e+0,7.0587e+10,1.0327e+10
0.08021,0.31042,2.5197e+0,2.0929e+11,4.1711e+9
0.08229,0.31042,2.2815e+0,1.8243e+11,3.5783e+11
0.08438,0.31042,2.0278e+0,3.0261e+10,2.7370e+11
0.08646,0.31042,1.7585e+0,0.0000e+0,1.8060e+11
0.08854,0.31042,1.4799e+0,0.0000e+0,9.2792e+10
0.09062,0.31042,1.1986e+0,0.0000e+0,0.0000e+0
0.09271,0.31042,9.2326e-1,0.0000e+0,0.0000e+0
0.09479,0.31042,6.5304e-1,0.0000e+0,0.0000e+0
0.09688,0.31042,3.8775e-1,0.0000e+0,0.0000e+0
0.09896,0.31042,1.2751e-1,0.0000e+0,0.0000e+0
0.00104,0.31458,6.9068e+0,0.0000e+0,0.0000e+0
0.00313,0.31458,6.8924e+0,0.0000e+0,0.0000e+0
0.00521,0.31458,6.8508e+0,0.0000e+0,0.0000e+0
0.00729,0.31458,6.8070e+0,0.0000e+0,0.0000e+0
0.00937,0.31458,6.7657e+0,0.0000e+0,0.0000e+0
0.01146,0.31458,6.7236e+0,0.0000e+0,0.0000e+0
0.01354,0.31458,6.6764e+0,0.0000e+0,0.0000e+0
0.01563,0.31458,6.6263e+0,0.0000e+0,0.0000e+0
0.01771,0.31458,6.5733e+0,0.0000e+0,2.5186e+11
0.01979,0.31458,6.4987e+0,0.0000e+0,9.9050e+10
0.02187,0.31458,6.4194e+0,0.0000e+0,0.0000e+0
0.02396,0.31458,6.3450e+0,0.0000e+0,0.0000e+0
0.02604,0.31458,6.2686e+0,0.0000e+0,3.7663e+11
0.02813,0.31458,6.1690e+0,6.8626e+11,9.2624e+10
0.03021,0.31458,6.1145e+0,3.4151e+11,1.9834e+11
0.03229,0.31458,6.0761e+0,0.0000e+0,7.0014e+11
0.03438,0.31458,5.9943e+0,1.2299e+11,1.0103e+11
0.03646,0.31458,5.9247e+0,4.2136e+10,5.9609e+11
0.03854,0.31458,5.8272e+0,0.0000e+0,2.3337e+11
0.04063,0.31458,5.7247e+0,6.5317e+10,3.0006e+11
0.04271,0.31458,5.6110e+0,1.7796e+11,9.9773e+10
0.04479,0.31458,5.5073e+0,2.2659e+11,0.0000e+0
0.04688,0.31458,5.4250e+0,1.2874e+11,4.8329e+11
0.04896,0.31458,5.3189e+0,3.3666e+11,5.8535e+11
0.05104,0.31458,5.2014e+0,0.0000e+0,3.0638e+11
0.05312,0.31458,5.0726e+0,2.1818e+11,5.1226e+11
0.05521,0.31458,4.9364e+0,1.1962e+10,6.9869e+11
0.05729,0.31458,4.7708e+0,2.7245e+10,6.1893e+11
0.05937,0.31458,4.5830e+0,5.6880e+10,1.3802e+11
0.06146,0.31458,4.4018e+0,3.9664e+11,3.9185e+11
0.06354,0.31458,4.2293e+0,9.0340e+10,2.7315e+11
0.06563,0.31458,4.0445e+0,8.0526e+10,2.9173e+11
0.06771,0.31458,3.8420e+0,4.2098e+11,5.5627e+11
0.06979,0.31458,3.6337e+0,0.0000e+0,1.9699e+11
0.07187,0.31458,3.4165e+0,9.8684e+10,2.2241e+11
0.07396,0.31458,3.1939e+0,7.1664e+10,2.1695e+11
0.07604,0.31458,2.9617e+0,0.0000e+0,1.3649e+11
0.07813,0.31458,2.7216e+0,1.4214e+11,2.1001e+11
0.08021,0.31458,2.4809e+0,8.3914e+10,8.3227e+10
0.08229,0.31458,2.2464e+0,0.0000e+0,3.3050e+11
0.08438,0.31458,1.9935e+0,0.0000e+0,2.4215e+11
0.08646,0.31458,1.7265e+0,0.0000e+0,2.6463e+10
0.08854,0.31458,1.4609e+0,0.0000e+0,2.2495e+11
0.09062,0.31458,1.1835e+0,0.0000e+0,0.0000e+0
0.09271,0.31458,9.1134e-1,0.0000e+0,0.0000e+0
0.09479,0.31458,6.4437e-1,0.0000e+0,0.0000e+0
0.09688,0.31458,3.8249e-1,0.0000e+0,0.0000e+0
0.09896,0.31458,1.2576e-1,0.0000e+0,0.0000e+0
0.00104,0.31875,7.0158e+0,0.0000e+0,0.0000e+0
0.00313,0.31875,7.0616e+0,0.0000e+0,4.8657e+12
0.00521,0.31875,6.8855e+0,0.0000e+0,6.1072e+11
0.00729,0.31875,6.7743e+0,0.0000e+0,0.0000e+0
0.00937,0.31875,6.7092e+0,0.0000e+0,6.8018e+10
0.01146,0.31875,6.6532e+0,0.0000e+0,7.0454e+11
0.01354,0.31875,6.5607e+0,0.0000e+0,0.0000e+0
0.01563,0.31875,6.4829e+0,0.0000e+0,0.0000e+0
0.01771,0.31875,6.4133e+0,0.0000e+0,0.0000e+0
0.01979,0.31875,6.3481e+0,0.0000e+0,0.0000e+0
0.02187,0.31875,6.2907e+0,2.3646e+11,0.0000e+0
0.02396,0.31875,6.2672e+0,1.1766e+10,1.1647e+12
0.02604,0.31875,6.1818e+0,3.4008e+11,4.0899e+11
0.02813,0.31875,6.1103e+0,1.6738e+11,1.3488e+11
0.03021,0.31875,6.0670e+0,4.2503e+9,7.6411e+11
0.03229,0.31875,5.9959e+0,4.7664e+10,6.8228e+11
0.03438,0.31875,5.9052e+0,3.5486e+11,4.7472e+11
0.03646,0.31875,5.8229e+0,1.2157e+11,3.7356e+11
0.03854,0.31875,5.7412e+0,0.0000e+0,2.2900e+11
0.04063,0.31875,5.6642e+0,0.0000e+0,8.7032e+11
0.04271,0.31875,5.5492e+0,0.0000e+0,3.4415e+11
0.04479,0.31875,5.4305e+0,1.9256e+11,1.0608e+11
0.04688,0.31875,5.3310e+0,3.5483e+10,2.8241e+11
0.04896,0.31875,5.2167e+0,0.0000e+0,2.0403e+11
0.05104,0.31875,5.0917e+0,0.0000e+0,1.2413e+11
0.05312,0.31875,4.9625e+0,0.0000e+0,3.1046e+11
0.05521,0.31875,4.8163e+0,3.9487e+10,4.5459e+11
0.05729,0.31875,4.6439e+0,1.9200e+11,1.8533e+11
0.05937,0.31875,4.4790e+0,0.0000e+0,3.1837e+10
0.06146,0.31875,4.3178e+0,1.1160e+11,2.4770e+11
0.06354,0.31875,4.1537e+0,8.9395e+10,3.4642e+11
0.06563,0.31875,3.9758e+0,2.4993e+10,5.5353e+11
0.06771,0.31875,3.7672e+0,1.3826e+11,1.1494e+11
0.06979,0.31875,3.5637e+0,4.1201e+10,1.2341e+11
0.07187,0.31875,3.3609e+0,1.0060e+11,2.3587e+11
0.07396,0.31875,3.1572e+0,5.7837e+10,5.9118e+11
0.07604,0.31875,2.9232e+0,0.0000e+0,2.0607e+11
0.07813,0.31875,2.6817e+0,1.4975e+11,1.9072e+11
0.08021,0.31875,2.4440e+0,2.7258e+10,1.3299e+11
0.08229,0.31875,2.2053e+0,0.0000e+0,4.7305e+10
0.08438,0.31875,1.9654e+0,0.0000e+0,2.9802e+11
0.08646,0.31875,1.7064e+0,0.0000e+0,9.9312e+10
0.08854,0.31875,1.4443e+0,0.0000e+0,1.6387e+11
0.09062,0.31875,1.1722e+0,0.0000e+0,4.7898e+7
0.09271,0.31875,9.0313e-1,0.0000e+0,0.0000e+0
0.09479,0.31875,6.3854e-1,0.0000e+0,0.0000e+0
0.09688,0.31875,3.7896e-1,0.0000e+0,0.0000e+0
0.09896,0.31875,1.2459e-1,0.0000e+0,0.0000e+0
0.00104,0.32292,6.7599e+0,0.0000e+0,0.0000e+0
0.00313,0.32292,6.7624e+0,0.0000e+0,1.0609e+12
0.00521,0.32292,6.6987e+0,0.0000e+0,1.3316e+11
0.00729,0.32292,6.6580e+0,0.0000e+0,0.0000e+0
0.00937,0.32292,6.6486e+0,0.0000e+0,1.6333e+12
0.01146,0.32292,6.5617e+0,0.0000e+0,1.1117e+12
0.01354,0.32292,6.4385e+0,0.0000e+0,0.0000e+0
0.01563,0.32292,6.3455e+0,0.0000e+0,0.0000e+0
0.01771,0.32292,6.2675e+0,0.0000e+0,0.0000e+0
0.01979,0.32292,6.1924e+0,0.0000e+0,0.0000e+0
0.02187,0.32292,6.1218e+0,7.3440e+11,1.4554e+11
0.02396,0.32292,6.0946e+0,3.6543e+10,5.6665e+11
0.02604,0.32292,6.0306e+0,5.3271e+11,5.3667e+11
0.02813,0.32292,5.9694e+0,4.1808e+11,6.6266e+11
0.03021,0.32292,5.9074e+0,5.2830e+10,5.1646e+11
0.03229,0.32292,5.8207e+0,5.9246e+11,4.3558e+11
0.03438,0.32292,5.7488e+0,2.4826e+11,5.0164e+11
0.03646,0.32292,5.6635e+0,3.3541e+11,2.0750e+11
0.03854,0.32292,5.5818e+0,0.0000e+0,0.0000e+0
0.04063,0.32292,5.5017e+0,1.6389e+10,1.4936e+11
0.04271,0.32292,5.4171e+0,4.7467e+10,3.0677e+11
0.04479,0.32292,5.3299e+0,0.0000e+0,3.4383e+11
0.04688,0.32292,5.2343e+0,0.0000e+0,5.6309e+11
0.04896,0.32292,5.1136e+0,5.1872e+10,4.0103e+11
0.05104,0.32292,4.9806e+0,4.3761e+10,2.1820e+11
0.05312,0.32292,4.8441e+0,2.2056e+10,3.4390e+11
0.05521,0.32292,4.6896e+0,2.7609e+10,1.6738e+11
0.05729,0.32292,4.5221e+0,2.7679e+11,1.5748e+10
0.05937,0.32292,4.3731e+0,4.7703e+10,0.0000e+0
0.06146,0.32292,4.2258e+0,1.0329e+11,2.3265e+11
0.06354,0.32292,4.0722e+0,1.3661e+11,4.9687e+11
0.06563,0.32292,3.8913e+0,0.0000e+0,1.7309e+11
0.06771,0.32292,3.7028e+0,0.0000e+0,5.0929e+11
0.06979,0.32292,3.4914e+0,3.8136e+11,4.2200e+11
0.07187,0.32292,3.2900e+0,1.9190e+11,2.4885e+11
0.07396,0.32292,3.0991e+0,0.0000e+0,6.9675e+11
0.07604,0.32292,2.8759e+0,0.0000e+0,4.4571e+11
0.07813,0.32292,2.6377e+0,0.0000e+0,1.1098e+11
0.08021,0.32292,2.4044e+0,0.0000e+0,0.0000e+0
0.08229,0.32292,2.1789e+0,0.0000e+0,2.1647e+11
0.08438,0.32292,1.9448e+0,0.0000e+0,3.0901e+11
0.08646,0.32292,1.6923e+0,0.0000e+0,2.8814e+10
0.08854,0.32292,1.4417e+0,0.0000e+0,3.1044e+11
0.09062,0.32292,1.1734e+0,0.0000e+0,1.4331e+11
0.09271,0.32292,9.0106e-1,0.0000e+0,0.0000e+0
0.09479,0.32292,6.3568e-1,0.0000e+0,0.0000e+0
0.09688,0.32292,3.7676e-1,0.0000e+0,0.0000e+0
0.09896,0.32292,1.2378e-1,0.0000e+0,0.0000e+0
0.00104,0.32708,6.4828e+0,0.0000e+0,0.0000e+0
0.00313,0.32708,6.4768e+0,0.0000e+0,0.0000e+0
0.00521,0.32708,6.4619e+0,0.0000e+0,0.0000e+0
0.00729,0.32708,6.4454e+0,0.0000e+0,0.0000e+0
0.00937,0.32708,6.4272e+0,0.0000e+0,8.5303e+11
0.01146,0.32708,6.3427e+0,0.0000e+0,2.7227e+9
0.01354,0.32708,6.2620e+0,0.0000e+0,0.0000e+0
0.01563,0.32708,6.1940e+0,0.0000e+0,0.0000e+0
0.01771,0.32708,6.1460e+0,0.0000e+0,1.0972e+12
0.01979,0.32708,6.0494e+0,0.0000e+0,1.1172e+11
0.02187,0.32708,5.9747e+0,1.1823e+10,1.5272e+11
0.02396,0.32708,5.9197e+0,3.9467e+10,3.3918e+11
0.02604,0.32708,5.8733e+0,1.0367e+11,9.2121e+11
0.02813,0.32708,5.7924e+0,1.0294e+11,3.3484e+11
0.03021,0.32708,5.7166e+0,0.0000e+0,2.0273e+10
0.03229,0.32708,5.6560e+0,0.0000e+0,2.0131e+11
0.03438,0.32708,5.5992e+0,1.9522e+10,4.1904e+11
0.03646,0.32708,5.5300e+0,2.6374e+10,5.8808e+11
0.03854,0.32708,5.4334e+0,9.2208e+10,2.0200e+11
0.04063,0.32708,5.3326e+0,2.8332e+11,1.6934e+11
0.04271,0.32708,5.2362e+0,5.3426e+11,0.0000e+0
0.04479,0.32708,5.1720e+0,1.8053e+10,3.9004e+11
0.04688,0.32708,5.0803e+0,0.0000e+0,1.8728e+11
0.04896,0.32708,4.9740e+0,2.1184e+11,4.9128e+11
0.05104,0.32708,4.8493e+0,2.4694e+11,4.0403e+11
0.05312,0.32708,4.7170e+0,2.9871e+11,2.8753e+11
0.05521,0.32708,4.5905e+0,0.0000e+0,3.6638e+11
0.05729,0.32708,4.4428e+0,1.4769e+11,3.6507e+11
0.05937,0.32708,4.2893e+0,4.9421e+10,4.0942e+10
0.06146,0.32708,4.1439e+0,0.0000e+0,1.1467e+11
0.06354,0.32708,4.0029e+0,0.0000e+0,1.0391e+12
0.06563,0.32708,3.8068e+0,0.0000e+0,4.6524e+11
0.06771,0.32708,3.5949e+0,8.5725e+10,9.1606e+10
0.06979,0.32708,3.3913e+0,5.4442e+10,2.8506e+11
0.07187,0.32708,3.1785e+0,3.2500e+11,2.5481e+11
0.07396,0.32708,2.9749e+0,2.6833e+11,1.3783e+11
0.07604,0.32708,2.7736e+0,1.7195e+10,1.6092e+10
0.07813,0.32708,2.5639e+0,1.6508e+11,7.8444e+10
0.08021,0.32708,2.3579e+0,0.0000e+0,2.1047e+11
0.08229,0.32708,2.1419e+0,0.0000e+0,1.2065e+11
0.08438,0.32708,1.9252e+0,0.0000e+0,4.5000e+11
0.08646,0.32708,1.6855e+0,1.5295e+10,2.8542e+11
0.08854,0.32708,1.4366e+0,1.2184e+10,3.7241e+11
0.09062,0.32708,1.1707e+0,0.0000e+0,2.7803e+11
0.09271,0.32708,8.9534e-1,0.0000e+0,0.0000e+0
0.09479,0.32708,6.3002e-1,0.0000e+0,0.0000e+0
0.09688,0.32708,3.7284e-1,0.0000e+0,0.0000e+0
0.09896,0.32708,1.2241e-1,0.0000e+0,0.0000e+0
0.00104,0.33125,6.2538e+0,0.0000e+0,0.0000e+0
0.00313,0.33125,6.2547e+0,0.0000e+0,0.0000e+0
0.00521,0.33125,6.2565e+0,0.0000e+0,0.0000e+0
0.00729,0.33125,6.2591e+0,0.0000e+0,1.4790e+11
0.00937,0.33125,6.2492e+0,0.0000e+0,8.5122e+11
0.01146,0.33125,6.1681e+0,0.0000e+0,0.0000e+0
0.01354,0.33125,6.0797e+0,0.0000e+0,0.0000e+0
0.01563,0.33125,5.9938e+0,0.0000e+0,0.0000e+0
0.01771,0.33125,5.9089e+0,0.0000e+0,3.8201e+10
0.01979,0.33125,5.8192e+0,0.0000e+0,3.8896e+9
0.02187,0.33125,5.7282e+0,3.9714e+11,3.3290e+10
0.02396,0.33125,5.6389e+0,1.0426e+12,1.1180e+10
0.02604,0.33125,5.6142e+0,0.0000e+0,3.4707e+11
0.02813,0.33125,5.5500e+0,0.0000e+0,6.3723e+9
0.03021,0.33125,5.4772e+0,4.6906e+11,0.0000e+0
0.03229,0.33125,5.4282e+0,3.3580e+11,0.0000e+0
0.03438,0.33125,5.3937e+0,0.0000e+0,1.1172e+10
0.03646,0.33125,5.3504e+0,0.0000e+0,2.9381e+11
0.03854,0.33125,5.2835e+0,1.1039e+11,3.8841e+11
0.04063,0.33125,5.2023e+0,1.9563e+11,5.7391e+11
0.04271,0.33125,5.1055e+0,2.8916e+11,1.6499e+11
0.04479,0.33125,5.0247e+0,2.7916e+10,7.4774e+10
0.04688,0.33125,4.9436e+0,0.0000e+0,3.2465e+11
0.04896,0.33125,4.8429e+0,5.1677e+9,6.1142e+11
0.05104,0.33125,4.7066e+0,3.8485e+11,1.4865e+11
0.05312,0.33125,4.6024e+0,1.2785e+11,5.9194e+11
0.05521,0.33125,4.4817e+0,0.0000e+0,5.3120e+11
0.05729,0.33125,4.3449e+0,0.0000e+0,5.5357e+11
0.05937,0.33125,4.1889e+0,0.0000e+0,2.9480e+11
0.06146,0.33125,4.0279e+0,0.0000e+0,3.8610e+11
0.06354,0.33125,3.8495e+0,0.0000e+0,8.0851e+10
0.06563,0.33125,3.6651e+0,0.0000e+0,7.0275e+10
0.06771,0.33125,3.4739e+0,2.0380e+11,2.5874e+11
0.06979,0.33125,3.2795e+0,6.6186e+10,1.8063e+11
0.07187,0.33125,3.0800e+0,3.3679e+11,6.2067e+10
0.07396,0.33125,2.9051e+0,2.7497e+11,4.7306e+11
0.07604,0.33125,2.7251e+0,9.9155e+9,4.8762e+11
0.07813,0.33125,2.5227e+0,9.5189e+10,5.0732e+11
0.08021,0.33125,2.3072e+0,4.8596e+10,2.5055e+11
0.08229,0.33125,2.0919e+0,3.6014e+10,1.9723e+11
0.08438,0.33125,1.8784e+0,2.3780e+10,3.3216e+11
0.08646,0.33125,1.6552e+0,1.4690e+11,6.3972e+11
0.08854,0.33125,1.4107e+0,1.0145e+11,5.9222e+11
0.09062,0.33125,1.1432e+0,0.0000e+0,1.8924e+11
0.09271,0.33125,8.7391e-1,0.0000e+0,0.0000e+0
0.09479,0.33125,6.1476e-1,0.0000e+0,0.0000e+0
0.09688,0.33125,3.6374e-1,0.0000e+0,0.0000e+0
0.09896,0.33125,1.1941e-1,0.0000e+0,0.0000e+0
0.00104,0.33542,6.0166e+0,0.0000e+0,0.0000e+0
0.00313,0.33542,6.0251e+0,0.0000e+0,0.0000e+0
0.00521,0.33542,6.0445e+0,0.0000e+0,0.0000e+0
0.00729,0.33542,6.0804e+0,0.0000e+0,2.1774e+11
0.00937,0.33542,6.1294e+0,0.0000e+0,2.0410e+12
0.01146,0.33542,6.0841e+0,0.0000e+0,2.2670e+12
0.01354,0.33542,5.9411e+0,0.0000e+0,1.6929e+11
0.01563,0.33542,5.8353e+0,0.0000e+0,6.5001e+11
0.01771,0.33542,5.7193e+0,0.0000e+0,0.0000e+0
0.01979,0.33542,5.6314e+0,0.0000e+0,0.0000e+0
0.02187,0.33542,5.5661e+0,1.5031e+11,7.1517e+11
0.02396,0.33542,5.4788e+0,2.7674e+11,2.4019e+11
0.02604,0.33542,5.4181e+0,0.0000e+0,0.0000e+0
0.02813,0.33542,5.3603e+0,0.0000e+0,0.0000e+0
0.03021,0.33542,5.3013e+0,3.0778e+11,0.0000e+0
0.03229,0.33542,5.2598e+0,3.2452e+11,5.7411e+10
0.03438,0.33542,5.2294e+0,0.0000e+0,7.9754e+10
0.03646,0.33542,5.1852e+0,0.0000e+0,4.1000e+11
0.03854,0.33542,5.1110e+0,0.0000e+0,5.7277e+10
0.04063,0.33542,5.0371e+0,0.0000e+0,9.9696e+10
0.04271,0.33542,4.9645e+0,0.0000e+0,3.1456e+11
0.04479,0.33542,4.8859e+0,0.0000e+0,3.3091e+11
0.04688,0.33542,4.7993e+0,0.0000e+0,6.0024e+11
0.04896,0.33542,4.6848e+0,2.0309e+10,6.0004e+11
0.05104,0.33542,4.5380e+0,3.3366e+11,9.8126e+10
0.05312,0.33542,4.4161e+0,1.4392e+9,1.4400e+11
0.05521,0.33542,4.2898e+0,1.0395e+11,4.5218e+10
0.05729,0.33542,4.1715e+0,3.0279e+10,2.2286e+11
0.05937,0.33542,4.0376e+0,0.0000e+0,3.1572e+11
0.06146,0.33542,3.8834e+0,0.0000e+0,1.8796e+11
0.06354,0.33542,3.7186e+0,0.0000e+0,6.9287e+10
0.06563,0.33542,3.5522e+0,0.0000e+0,2.8484e+11
0.06771,0.33542,3.3706e+0,0.0000e+0,2.6675e+11
0.06979,0.33542,3.1780e+0,2.3605e+11,3.4033e+11
0.07187,0.33542,2.9866e+0,3.0146e+11,1.7515e+11
0.07396,0.33542,2.8153e+0,8.7913e+9,2.9080e+11
0.07604,0.33542,2.6368e+0,0.0000e+0,5.7055e+11
0.07813,0.33542,2.4315e+0,0.0000e+0,3.3161e+11
0.08021,0.33542,2.2136e+0,1.1001e+11,4.4939e+10
0.08229,0.33542,2.0066e+0,8.1531e+10,1.8585e+11
0.08438,0.33542,1.7965e+0,1.2029e+11,3.0183e+11
0.08646,0.33542,1.5771e+0,9.8876e+10,2.8762e+11
0.08854,0.33542,1.3458e+0,0.0000e+0,4.2883e+11
0.09062,0.33542,1.0882e+0,0.0000e+0,5.6453e+9
0.09271,0.33542,8.3567e-1,0.0000e+0,0.0000e+0
0.09479,0.33542,5.8938e-1,0.0000e+0,0.0000e+0
0.09688,0.33542,3.4922e-1,0.0000e+0,0.0000e+0
0.09896,0.33542,1.1471e-1,0.0000e+0,0.0000e+0
0.00104,0.33958,5.7118e+0,0.0000e+0,0.0000e+0
0.00313,0.33958,5.7153e+0,0.0000e+0,0.0000e+0
0.00521,0.33958,5.7223e+0,0.0000e+0,0.0000e+0
0.00729,0.33958,5.7323e+0,0.0000e+0,0.0000e+0
0.00937,0.33958,5.7437e+0,0.0000e+0,8.7659e+10
0.01146,0.33958,5.7475e+0,0.0000e+0,1.2806e+12
0.01354,0.33958,5.6768e+0,0.0000e+0,1.0042e+12
0.01563,0.33958,5.5723e+0,0.0000e+0,5.1932e+11
0.01771,0.33958,5.4653e+0,0.0000e+0,0.0000e+0
0.01979,0.33958,5.3860e+0,0.0000e+0,0.0000e+0
0.02187,0.33958,5.3276e+0,1.2015e+11,2.4171e+11
0.02396,0.33958,5.2769e+0,3.8172e+10,2.1445e+11
0.02604,0.33958,5.2296e+0,0.0000e+0,0.0000e+0
0.02813,0.33958,5.1925e+0,0.0000e+0,0.0000e+0
0.03021,0.33958,5.1660e+0,0.0000e+0,1.7430e+11
0.03229,0.33958,5.1442e+0,0.0000e+0,5.3976e+11
0.03438,0.33958,5.1042e+0,0.0000e+0,8.0763e+11
0.03646,0.33958,5.0249e+0,0.0000e+0,3.2996e+11
0.03854,0.33958,4.9355e+0,0.0000e+0,1.1003e+11
0.04063,0.33958,4.8498e+0,2.8133e+10,1.9779e+11
0.04271,0.33958,4.7641e+0,2.6267e+10,1.0335e+11
0.04479,0.33958,4.6897e+0,2.0703e+10,5.9564e+11
0.04688,0.33958,4.5967e+0,0.0000e+0,3.8622e+11
0.04896,0.33958,4.4976e+0,0.0000e+0,7.7131e+11
0.05104,0.33958,4.3633e+0,5.5454e+9,3.5259e+11
0.05312,0.33958,4.2231e+0,2.9354e+11,0.0000e+0
0.05521,0.33958,4.1110e+0,2.0754e+11,1.7259e+11
0.05729,0.33958,4.0123e+0,6.0449e+10,5.1169e+11
0.05937,0.33958,3.8890e+0,1.0097e+10,5.1038e+11
0.06146,0.33958,3.7440e+0,1.1775e+11,3.9874e+11
0.06354,0.33958,3.5942e+0,0.0000e+0,3.5461e+11
0.06563,0.33958,3.4326e+0,0.0000e+0,4.8601e+11
0.06771,0.33958,3.2504e+0,0.0000e+0,2.7539e+11
0.06979,0.33958,3.0634e+0,1.6867e+10,3.0939e+11
0.07187,0.33958,2.8728e+0,1.4268e+10,1.8054e+11
0.07396,0.33958,2.6873e+0,0.0000e+0,2.0250e+11
0.07604,0.33958,2.4971e+0,0.0000e+0,3.7460e+10
0.07813,0.33958,2.3091e+0,0.0000e+0,1.1494e+11
0.08021,0.33958,2.1179e+0,0.0000e+0,1.1870e+11
0.08229,0.33958,1.9236e+0,0.0000e+0,1.9685e+11
0.08438,0.33958,1.7187e+0,1.5960e+9,2.0503e+11
0.08646,0.33958,1.5056e+0,9.7174e+10,4.6991e+11
0.08854,0.33958,1.2741e+0,0.0000e+0,1.8647e+11
0.09062,0.33958,1.0346e+0,0.0000e+0,6.9907e+10
0.09271,0.33958,7.9488e-1,0.0000e+0,0.0000e+0
0.09479,0.33958,5.6089e-1,0.0000e+0,0.0000e+0
0.09688,0.33958,3.3246e-1,0.0000e+0,0.0000e+0
0.09896,0.33958,1.0923e-1,0.0000e+0,0.0000e+0
0.00104,0.34375,5.3790e+0,0.0000e+0,0.0000e+0
0.00313,0.34375,5.3777e+0,0.0000e+0,0.0000e+0
0.00521,0.34375,5.3740e+0,0.0000e+0,0.0000e+0
0.00729,0.34375,5.3667e+0,0.0000e+0,0.0000e+0
0.00937,0.34375,5.3534e+0,0.0000e+0,0.0000e+0
0.01146,0.34375,5.3308e+0,0.0000e+0,1.4707e+11
0.01354,0.34375,5.2863e+0,0.0000e+0,3.6002e+11
0.01563,0.34375,5.2129e+0,0.0000e+0,0.0000e+0
0.01771,0.34375,5.1445e+0,0.0000e+0,0.0000e+0
0.01979,0.34375,5.0854e+0,0.0000e+0,0.0000e+0
0.02187,0.34375,5.0356e+0,6.3934e+11,2.7751e+11
0.02396,0.34375,5.0204e+0,2.0312e+11,2.4622e+11
0.02604,0.34375,5.0140e+0,0.0000e+0,4.8012e+11
0.02813,0.34375,4.9916e+0,0.0000e+0,3.8946e+11
0.03021,0.34375,4.9641e+0,0.0000e+0,3.5213e+11
0.03229,0.34375,4.9397e+0,0.0000e+0,6.4074e+11
0.03438,0.34375,4.8972e+0,0.0000e+0,7.8034e+11
0.03646,0.34375,4.8201e+0,0.0000e+0,4.0851e+11
0.03854,0.34375,4.7296e+0,0.0000e+0,4.0146e+11
0.04063,0.34375,4.6251e+0,2.7794e+11,6.1504e+11
0.04271,0.34375,4.5075e+0,3.0237e+11,2.8822e+11
0.04479,0.34375,4.3997e+0,3.8830e+11,9.6296e+10
0.04688,0.34375,4.3141e+0,0.0000e+0,3.7827e+10
0.04896,0.34375,4.2294e+0,0.0000e+0,3.6693e+11
0.05104,0.34375,4.1272e+0,2.2764e+9,2.4529e+11
0.05312,0.34375,4.0259e+0,1.3370e+11,6.3404e+11
0.05521,0.34375,3.9151e+0,1.5787e+11,4.0310e+11
0.05729,0.34375,3.8141e+0,0.0000e+0,6.3577e+11
0.05937,0.34375,3.6891e+0,1.8758e+10,3.4575e+11
0.06146,0.34375,3.5570e+0,2.1876e+11,3.6437e+11
0.06354,0.34375,3.4259e+0,0.0000e+0,6.1933e+11
0.06563,0.34375,3.2648e+0,0.0000e+0,4.4399e+11
0.06771,0.34375,3.0856e+0,0.0000e+0,3.1769e+11
0.06979,0.34375,2.8950e+0,6.4191e+10,1.1573e+11
0.07187,0.34375,2.7078e+0,1.7691e+11,0.0000e+0
0.07396,0.34375,2.5358e+0,0.0000e+0,1.3792e+11
0.07604,0.34375,2.3575e+0,0.0000e+0,8.5884e+9
0.07813,0.34375,2.1838e+0,0.0000e+0,0.0000e+0
0.08021,0.34375,2.0170e+0,0.0000e+0,3.0140e+11
0.08229,0.34375,1.8412e+0,0.0000e+0,6.9392e+11
0.08438,0.34375,1.6310e+0,3.1900e+10,3.3129e+11
0.08646,0.34375,1.4111e+0,2.0315e+11,1.9143e+11
0.08854,0.34375,1.1984e+0,1.2215e+11,2.7084e+11
0.09062,0.34375,9.8166e-1,0.0000e+0,2.8398e+11
0.09271,0.34375,7.5251e-1,0.0000e+0,0.0000e+0
0.09479,0.34375,5.3051e-1,0.0000e+0,0.0000e+0
0.09688,0.34375,3.1434e-1,0.0000e+0,0.0000e+0
0.09896,0.34375,1.0326e-1,0.0000e+0,0.0000e+0
0.00104,0.34792,5.0577e+0,0.0000e+0,0.0000e+0
0.00313,0.34792,5.0553e+0,0.0000e+0,0.0000e+0
0.00521,0.34792,5.0493e+0,0.0000e+0,0.0000e+0
0.00729,0.34792,5.0372e+0,0.0000e+0,0.0000e+0
0.00937,0.34792,5.0160e+0,0.0000e+0,0.0000e+0
0.01146,0.34792,4.9805e+0,0.0000e+0,8.2740e+9
0.01354,0.34792,4.9341e+0,0.0000e+0,9.9478e+10
0.01563,0.34792,4.8719e+0,0.0000e+0,0.0000e+0
0.01771,0.34792,4.8158e+0,0.0000e+0,0.0000e+0
0.01979,0.34792,4.7706e+0,0.0000e+0,0.0000e+0
0.02187,0.34792,4.7382e+0,0.0000e+0,0.0000e+0
0.02396,0.34792,4.7202e+0,0.0000e+0,0.0000e+0
0.02604,0.34792,4.7160e+0,0.0000e+0,4.7948e+11
0.02813,0.34792,4.6964e+0,0.0000e+0,7.0966e+11
0.03021,0.34792,4.6465e+0,0.0000e+0,0.0000e+0
0.03229,0.34792,4.6148e+0,0.0000e+0,0.0000e+0
0.03438,0.34792,4.5980e+0,0.0000e+0,5.6484e+11
0.03646,0.34792,4.5601e+0,0.0000e+0,1.0369e+12
0.03854,0.34792,4.4744e+0,0.0000e+0,5.9848e+11
0.04063,0.34792,4.3714e+0,0.0000e+0,5.8134e+11
0.04271,0.34792,4.2469e+0,2.6725e+9,1.2257e+11
0.04479,0.34792,4.1277e+0,2.4672e+11,3.1584e+10
0.04688,0.34792,4.0313e+0,2.8860e+11,3.4292e+11
0.04896,0.34792,3.9316e+0,1.3120e+9,0.0000e+0
0.05104,0.34792,3.8292e+0,0.0000e+0,2.5967e+10
0.05312,0.34792,3.7227e+0,2.1937e+11,9.1141e+10
0.05521,0.34792,3.6181e+0,2.7289e+11,2.6205e+10
0.05729,0.34792,3.5298e+0,1.2841e+10,1.1499e+11
0.05937,0.34792,3.4327e+0,1.2547e+11,2.5734e+11
0.06146,0.34792,3.3367e+0,0.0000e+0,7.4523e+11
0.06354,0.34792,3.2022e+0,0.0000e+0,4.0647e+11
0.06563,0.34792,3.0510e+0,0.0000e+0,2.9862e+11
0.06771,0.34792,2.8900e+0,0.0000e+0,2.3512e+11
0.06979,0.34792,2.7252e+0,1.9411e+10,3.3061e+11
0.07187,0.34792,2.5521e+0,5.3495e+10,1.3383e+11
0.07396,0.34792,2.3860e+0,0.0000e+0,1.4666e+11
0.07604,0.34792,2.2163e+0,0.0000e+0,9.1328e+9
0.07813,0.34792,2.0485e+0,0.0000e+0,7.3187e+10
0.08021,0.34792,1.8759e+0,1.1451e+11,1.9180e+11
0.08229,0.34792,1.6973e+0,1.6902e+10,9.2539e+10
0.08438,0.34792,1.5093e+0,9.7179e+10,9.1087e+10
0.08646,0.34792,1.3144e+0,2.4113e+11,2.1382e+11
0.08854,0.34792,1.1116e+0,2.3633e+11,7.8095e+10
0.09062,0.34792,9.0983e-1,0.0000e+0,4.6429e+10
0.09271,0.34792,7.0182e-1,0.0000e+0,0.0000e+0
0.09479,0.34792,4.9607e-1,0.0000e+0,0.0000e+0
0.09688,0.34792,2.9424e-1,0.0000e+0,0.0000e+0
0.09896,0.34792,9.6694e-2,0.0000e+0,0.0000e+0
0.00104,0.35208,4.7551e+0,0.0000e+0,0.0000e+0
0.00313,0.35208,4.7585e+0,0.0000e+0,0.0000e+0
0.00521,0.35208,4.7632e+0,0.0000e+0,0.0000e+0
0.00729,0.35208,4.7634e+0,0.0000e+0,0.0000e+0
0.00937,0.35208,4.7615e+0,0.0000e+0,1.2357e+12
0.01146,0.35208,4.7005e+0,0.0000e+0,5.2407e+11
0.01354,0.35208,4.6471e+0,0.0000e+0,1.4456e+12
0.01563,0.35208,4.5385e+0,0.0000e+0,0.0000e+0
0.01771,0.35208,4.4672e+0,0.0000e+0,0.0000e+0
0.01979,0.35208,4.4206e+0,0.0000e+0,0.0000e+0
0.02187,0.35208,4.3930e+0,0.0000e+0,1.7318e+11
0.02396,0.35208,4.3688e+0,0.0000e+0,4.3359e+11
0.02604,0.35208,4.3323e+0,0.0000e+0,4.1261e+10
0.02813,0.35208,4.3102e+0,0.0000e+0,4.6252e+11
0.03021,0.35208,4.2672e+0,0.0000e+0,1.8162e+10
0.03229,0.35208,4.2362e+0,0.0000e+0,3.2170e+10
0.03438,0.35208,4.2129e+0,0.0000e+0,2.2320e+11
0.03646,0.35208,4.1797e+0,0.0000e+0,4.5138e+11
0.03854,0.35208,4.1203e+0,0.0000e+0,3.5332e+11
0.04063,0.35208,4.0448e+0,0.0000e+0,4.4319e+11
0.04271,0.35208,3.9505e+0,2.6880e+9,3.0850e+11
0.04479,0.35208,3.8469e+0,2.4815e+11,2.5823e+11
0.04688,0.35208,3.7572e+0,1.8690e+11,4.5892e+11
0.04896,0.35208,3.6617e+0,8.4963e+8,2.9188e+11
0.05104,0.35208,3.5564e+0,0.0000e+0,3.2741e+10
0.05312,0.35208,3.4579e+0,2.0532e+11,2.7620e+11
0.05521,0.35208,3.3630e+0,5.2001e+10,3.2042e+11
0.05729,0.35208,3.2616e+0,2.2291e+10,3.0393e+11
0.05937,0.35208,3.1486e+0,3.1625e+11,1.9029e+11
0.06146,0.35208,3.0524e+0,1.5232e+11,5.7894e+11
0.06354,0.35208,2.9363e+0,6.8127e+10,4.3828e+11
0.06563,0.35208,2.8026e+0,0.0000e+0,2.9149e+11
0.06771,0.35208,2.6553e+0,0.0000e+0,1.8388e+10
0.06979,0.35208,2.5136e+0,8.3422e+9,2.7400e+11
0.07187,0.35208,2.3605e+0,2.1659e+11,1.5385e+11
0.07396,0.35208,2.2237e+0,3.5910e+9,2.2948e+11
0.07604,0.35208,2.0831e+0,0.0000e+0,3.6559e+11
0.07813,0.35208,1.9279e+0,0.0000e+0,4.3183e+11
0.08021,0.35208,1.7531e+0,2.9294e+11,3.0012e+11
0.08229,0.35208,1.5858e+0,1.2241e+11,6.8753e+10
0.08438,0.35208,1.4354e+0,2.3643e+10,4.2725e+11
0.08646,0.35208,1.2765e+0,7.8144e+9,7.1722e+11
0.08854,0.35208,1.0896e+0,2.9656e+10,7.9122e+11
0.09062,0.35208,8.6735e-1,5.2207e+10,3.9421e+10
0.09271,0.35208,6.6070e-1,0.0000e+0,0.0000e+0
0.09479,0.35208,4.6386e-1,0.0000e+0,0.0000e+0
0.09688,0.35208,2.7417e-1,0.0000e+0,0.0000e+0
0.09896,0.35208,8.9962e-2,0.0000e+0,0.0000e+0
0.00104,0.35625,4.4259e+0,0.0000e+0,0.0000e+0
0.00313,0.35625,4.4459e+0,0.0000e+0,0.0000e+0
0.00521,0.35625,4.4911e+0,0.0000e+0,1.1525e+12
0.00729,0.35625,4.4985e+0,0.0000e+0,2.6982e+12
0.00937,0.35625,4.3832e+0,0.0000e+0,8.5891e+11
0.01146,0.35625,4.2670e+0,0.0000e+0,1.5402e+11
0.01354,0.35625,4.1767e+0,0.0000e+0,0.0000e+0
0.01563,0.35625,4.1034e+0,0.0000e+0,0.0000e+0
0.01771,0.35625,4.0481e+0,0.0000e+0,0.0000e+0
0.01979,0.35625,4.0100e+0,0.0000e+0,0.0000e+0
0.02187,0.35625,3.9899e+0,0.0000e+0,6.8370e+11
0.02396,0.35625,3.9407e+0,0.0000e+0,3.2717e+11
0.02604,0.35625,3.8871e+0,3.6409e+11,0.0000e+0
0.02813,0.35625,3.8723e+0,1.4734e+11,5.6625e+11
0.03021,0.35625,3.8439e+0,0.0000e+0,1.0329e+11
0.03229,0.35625,3.8242e+0,0.0000e+0,2.5571e+11
0.03438,0.35625,3.8035e+0,0.0000e+0,3.7684e+11
0.03646,0.35625,3.7734e+0,0.0000e+0,3.6194e+11
0.03854,0.35625,3.7343e+0,0.0000e+0,6.2787e+11
0.04063,0.35625,3.6711e+0,0.0000e+0,2.7709e+11
0.04271,0.35625,3.6143e+0,0.0000e+0,7.8207e+11
0.04479,0.35625,3.5323e+0,0.0000e+0,5.4718e+11
0.04688,0.35625,3.4422e+0,0.0000e+0,2.6788e+11
0.04896,0.35625,3.3563e+0,0.0000e+0,3.8105e+11
0.05104,0.35625,3.2631e+0,0.0000e+0,2.7126e+11
0.05312,0.35625,3.1704e+0,2.6498e+11,6.8920e+11
0.05521,0.35625,3.0675e+0,5.7818e+10,3.3810e+11
0.05729,0.35625,2.9622e+0,0.0000e+0,3.7726e+11
0.05937,0.35625,2.8457e+0,5.8440e+10,1.1570e+11
0.06146,0.35625,2.7370e+0,1.3719e+11,1.4512e+11
0.06354,0.35625,2.6380e+0,2.1015e+11,3.6915e+11
0.06563,0.35625,2.5351e+0,0.0000e+0,5.1575e+11
0.06771,0.35625,2.4098e+0,1.0699e+11,4.2486e+11
0.06979,0.35625,2.2817e+0,6.9222e+9,4.0688e+11
0.07187,0.35625,2.1438e+0,3.8757e+11,4.0315e+11
0.07396,0.35625,2.0221e+0,5.7827e+10,2.2027e+11
0.07604,0.35625,1.9099e+0,0.0000e+0,7.2629e+11
0.07813,0.35625,1.7673e+0,0.0000e+0,5.6526e+11
0.08021,0.35625,1.6069e+0,4.8943e+9,2.9586e+11
0.08229,0.35625,1.4477e+0,3.0714e+9,3.0614e+11
0.08438,0.35625,1.2853e+0,1.7463e+11,3.4710e+10
0.08646,0.35625,1.1449e+0,5.7717e+10,4.2665e+11
0.08854,0.35625,9.8792e-1,6.0617e+10,8.6228e+11
0.09062,0.35625,7.8558e-1,1.0671e+11,6.8343e+10
0.09271,0.35625,5.9849e-1,0.0000e+0,0.0000e+0
0.09479,0.35625,4.2007e-1,0.0000e+0,0.0000e+0
0.09688,0.35625,2.4822e-1,0.0000e+0,0.0000e+0
0.09896,0.35625,8.1435e-2,0.0000e+0,0.0000e+0
0.00104,0.36042,3.9362e+0,0.0000e+0,0.0000e+0
0.00313,0.36042,3.9457e+0,0.0000e+0,0.0000e+0
0.00521,0.36042,3.9656e+0,0.0000e+0,8.8746e+11
0.00729,0.36042,3.9393e+0,0.0000e+0,1.3173e+12
0.00937,0.36042,3.8412e+0,0.0000e+0,1.3346e+11
0.01146,0.36042,3.7568e+0,0.0000e+0,0.0000e+0
0.01354,0.36042,3.6883e+0,0.0000e+0,0.0000e+0
0.01563,0.36042,3.6309e+0,0.0000e+0,0.0000e+0
0.01771,0.36042,3.5821e+0,0.0000e+0,0.0000e+0
0.01979,0.36042,3.5398e+0,0.0000e+0,0.0000e+0
0.02187,0.36042,3.5018e+0,2.0982e+10,3.1290e+11
0.02396,0.36042,3.4452e+0,2.6186e+11,4.0663e+10
0.02604,0.36042,3.4057e+0,2.3433e+11,0.0000e+0
0.02813,0.36042,3.3783e+0,1.5918e+11,0.0000e+0
0.03021,0.36042,3.3599e+0,4.4948e+10,0.0000e+0
0.03229,0.36042,3.3415e+0,0.0000e+0,0.0000e+0
0.03438,0.36042,3.3192e+0,4.8430e+10,0.0000e+0
0.03646,0.36042,3.2972e+0,3.3208e+11,5.4772e+11
0.03854,0.36042,3.2587e+0,0.0000e+0,3.1028e+11
0.04063,0.36042,3.1970e+0,1.8457e+11,2.7246e+10
0.04271,0.36042,3.1465e+0,1.0469e+11,6.2940e+10
0.04479,0.36042,3.0945e+0,0.0000e+0,5.2262e+10
0.04688,0.36042,3.0418e+0,0.0000e+0,3.2878e+11
0.04896,0.36042,2.9756e+0,0.0000e+0,3.4318e+11
0.05104,0.36042,2.8980e+0,0.0000e+0,3.8445e+11
0.05312,0.36042,2.8069e+0,0.0000e+0,3.2693e+11
0.05521,0.36042,2.7030e+0,0.0000e+0,3.0716e+9
0.05729,0.36042,2.6049e+0,0.0000e+0,6.1369e+10
0.05937,0.36042,2.5056e+0,0.0000e+0,4.3024e+10
0.06146,0.36042,2.4070e+0,0.0000e+0,0.0000e+0
0.06354,0.36042,2.3117e+0,0.0000e+0,1.2463e+11
0.06563,0.36042,2.2093e+0,0.0000e+0,1.9091e+11
0.06771,0.36042,2.0923e+0,2.2154e+11,1.2633e+11
0.06979,0.36042,1.9793e+0,1.4567e+9,1.2941e+10
0.07187,0.36042,1.8635e+0,7.9114e+10,6.5969e+10
0.07396,0.36042,1.7487e+0,1.6922e+11,1.8566e+10
0.07604,0.36042,1.6434e+0,0.0000e+0,2.5930e+11
0.07813,0.36042,1.5172e+0,0.0000e+0,1.2876e+11
0.08021,0.36042,1.3806e+0,0.0000e+0,0.0000e+0
0.08229,0.36042,1.2441e+0,0.0000e+0,0.0000e+0
0.08438,0.36042,1.1080e+0,0.0000e+0,0.0000e+0
0.08646,0.36042,9.7447e-1,0.0000e+0,1.1696e+11
0.08854,0.36042,8.3263e-1,0.0000e+0,2.1229e+11
0.09062,0.36042,6.7439e-1,0.0000e+0,2.0948e+10
0.09271,0.36042,5.1799e-1,0.0000e+0,0.0000e+0
0.09479,0.36042,3.6542e-1,0.0000e+0,0.0000e+0
0.09688,0.36042,2.1656e-1,0.0000e+0,0.0000e+0
0.09896,0.36042,7.1144e-2,0.0000e+0,0.0000e+0
0.00104,0.36458,3.3701e+0,0.0000e+0,0.0000e+0
0.00313,0.36458,3.3649e+0,0.0000e+0,0.0000e+0
0.00521,0.36458,3.3518e+0,0.0000e+0,0.0000e+0
0.00729,0.36458,3.3247e+0,0.0000e+0,0.0000e+0
0.00937,0.36458,3.2834e+0,0.0000e+0,0.0000e+0
0.01146,0.36458,3.2384e+0,0.0000e+0,0.0000e+0
0.01354,0.36458,3.1943e+0,0.0000e+0,0.0000e+0
0.01563,0.36458,3.1523e+0,0.0000e+0,0.0000e+0
0.01771,0.36458,3.1114e+0,0.0000e+0,0.0000e+0
0.01979,0.36458,3.0694e+0,0.0000e+0,0.0000e+0
0.02187,0.36458,3.0225e+0,4.8810e+10,0.0000e+0
0.02396,0.36458,2.9717e+0,6.0915e+11,0.0000e+0
0.02604,0.36458,2.9471e+0,0.0000e+0,0.0000e+0
0.02813,0.36458,2.9113e+0,3.9059e+11,0.0000e+0
0.03021,0.36458,2.8934e+0,2.7284e+11,0.0000e+0
0.03229,0.36458,2.8803e+0,0.0000e+0,0.0000e+0
0.03438,0.36458,2.8557e+0,3.0323e+10,0.0000e+0
0.03646,0.36458,2.8221e+0,2.0792e+11,0.0000e+0
0.03854,0.36458,2.7892e+0,0.0000e+0,0.0000e+0
0.04063,0.36458,2.7424e+0,1.6077e+11,0.0000e+0
0.04271,0.36458,2.6992e+0,9.1189e+10,0.0000e+0
0.04479,0.36458,2.6532e+0,1.0033e+10,0.0000e+0
0.04688,0.36458,2.6024e+0,2.3108e+9,0.0000e+0
0.04896,0.36458,2.5450e+0,0.0000e+0,0.0000e+0
0.05104,0.36458,2.4800e+0,0.0000e+0,0.0000e+0
0.05312,0.36458,2.4076e+0,0.0000e+0,0.0000e+0
0.05521,0.36458,2.3291e+0,0.0000e+0,0.0000e+0
0.05729,0.36458,2.2475e+0,0.0000e+0,0.0000e+0
0.05937,0.36458,2.1632e+0,0.0000e+0,0.0000e+0
0.06146,0.36458,2.0766e+0,0.0000e+0,0.0000e+0
0.06354,0.36458,1.9878e+0,0.0000e+0,0.0000e+0
0.06563,0.36458,1.8955e+0,0.0000e+0,0.0000e+0
0.06771,0.36458,1.7990e+0,0.0000e+0,0.0000e+0
0.06979,0.36458,1.7002e+0,0.0000e+0,0.0000e+0
0.07187,0.36458,1.5992e+0,0.0000e+0,0.0000e+0
0.07396,0.36458,1.4964e+0,0.0000e+0,0.0000e+0
0.07604,0.36458,1.3917e+0,0.0000e+0,0.0000e+0
0.07813,0.36458,1.2823e+0,0.0000e+0,0.0000e+0
0.08021,0.36458,1.1686e+0,0.0000e+0,0.0000e+0
0.08229,0.36458,1.0522e+0,0.0000e+0,0.0000e+0
0.08438,0.36458,9.3394e-1,0.0000e+0,0.0000e+0
0.08646,0.36458,8.1373e-1,0.0000e+0,0.0000e+0
0.08854,0.36458,6.9040e-1,0.0000e+0,0.0000e+0
0.09062,0.36458,5.6371e-1,0.0000e+0,0.0000e+0
0.09271,0.36458,4.3610e-1,0.0000e+0,0.0000e+0
0.09479,0.36458,3.0915e-1,0.0000e+0,0.0000e+0
0.09688,0.36458,1.8377e-1,0.0000e+0,0.0000e+0
0.09896,0.36458,6.0461e-2,0.0000e+0,0.0000e+0
0.00104,0.36875,2.8461e+0,0.0000e+0,0.0000e+0
0.00313,0.36875,2.8395e+0,0.0000e+0,0.0000e+0
0.00521,0.36875,2.8262e+0,0.0000e+0,0.0000e+0
0.00729,0.36875,2.8056e+0,0.0000e+0,0.0000e+0
0.00937,0.36875,2.7790e+0,0.0000e+0,0.0000e+0
0.01146,0.36875,2.7488e+0,0.0000e+0,0.0000e+0
0.01354,0.36875,2.7182e+0,0.0000e+0,0.0000e+0
0.01563,0.36875,2.6916e+0,0.0000e+0,0.0000e+0
0.01771,0.36875,2.6650e+0,0.0000e+0,0.0000e+0
0.01979,0.36875,2.6365e+0,0.0000e+0,0.0000e+0
0.02187,0.36875,2.6058e+0,0.0000e+0,0.0000e+0
0.02396,0.36875,2.5739e+0,0.0000e+0,0.0000e+0
0.02604,0.36875,2.5435e+0,0.0000e+0,0.0000e+0
0.02813,0.36875,2.5122e+0,8.7288e+10,0.0000e+0
0.03021,0.36875,2.4883e+0,1.0888e+11,0.0000e+0
0.03229,0.36875,2.4701e+0,0.0000e+0,0.0000e+0
0.03438,0.36875,2.4467e+0,0.0000e+0,0.0000e+0
0.03646,0.36875,2.4178e+0,0.0000e+0,0.0000e+0
0.03854,0.36875,2.3836e+0,0.0000e+0,0.0000e+0
0.04063,0.36875,2.3431e+0,0.0000e+0,0.0000e+0
0.04271,0.36875,2.2965e+0,0.0000e+0,0.0000e+0
0.04479,0.36875,2.2413e+0,3.9284e+11,0.0000e+0
0.04688,0.36875,2.1991e+0,9.0478e+10,0.0000e+0
0.04896,0.36875,2.1553e+0,0.0000e+0,0.0000e+0
0.05104,0.36875,2.1029e+0,0.0000e+0,0.0000e+0
0.05312,0.36875,2.0441e+0,0.0000e+0,0.0000e+0
0.05521,0.36875,1.9804e+0,0.0000e+0,0.0000e+0
0.05729,0.36875,1.9127e+0,0.0000e+0,0.0000e+0
0.05937,0.36875,1.8415e+0,0.0000e+0,0.0000e+0
0.06146,0.36875,1.7673e+0,0.0000e+0,0.0000e+0
0.06354,0.36875,1.6902e+0,0.0000e+0,0.0000e+0
0.06563,0.36875,1.6101e+0,0.0000e+0,0.0000e+0
0.06771,0.36875,1.5271e+0,0.0000e+0,0.0000e+0
0.06979,0.36875,1.4416e+0,0.0000e+0,0.0000e+0
0.07187,0.36875,1.3537e+0,0.0000e+0,0.0000e+0
0.07396,0.36875,1.2635e+0,0.0000e+0,0.0000e+0
0.07604,0.36875,1.1710e+0,0.0000e+0,0.0000e+0
0.07813,0.36875,1.0761e+0,0.0000e+0,0.0000e+0
0.08021,0.36875,9.7899e-1,0.0000e+0,0.0000e+0
0.08229,0.36875,8.8001e-1,0.0000e+0,0.0000e+0
0.08438,0.36875,7.7937e-1,0.0000e+0,0.0000e+0
0.08646,0.36875,6.7716e-1,0.0000e+0,0.0000e+0
0.08854,0.36875,5.7341e-1,0.0000e+0,0.0000e+0
0.09062,0.36875,4.6844e-1,0.0000e+0,0.0000e+0
0.09271,0.36875,3.6296e-1,0.0000e+0,0.0000e+0
0.09479,0.36875,2.5773e-1,0.0000e+0,0.0000e+0
0.09688,0.36875,1.5340e-1,0.0000e+0,0.0000e+0
0.09896,0.36875,5.0500e-2,0.0000e+0,0.0000e+0
0.00104,0.37292,2.3740e+0,0.0000e+0,0.0000e+0
0.00313,0.37292,2.3682e+0,0.0000e+0,0.0000e+0
0.00521,0.37292,2.3563e+0,0.0000e+0,0.0000e+0
0.00729,0.37292,2.3382e+0,0.0000e+0,0.0000e+0
0.00937,0.37292,2.3139e+0,0.0000e+0,0.0000e+0
0.01146,0.37292,2.2828e+0,0.0000e+0,0.0000e+0
0.01354,0.37292,2.2437e+0,6.5056e+11,0.0000e+0
0.01563,0.37292,2.2449e+0,5.6520e+10,0.0000e+0
0.01771,0.37292,2.2392e+0,0.0000e+0,0.0000e+0
0.01979,0.37292,2.2252e+0,0.0000e+0,0.0000e+0
0.02187,0.37292,2.2056e+0,0.0000e+0,0.0000e+0
0.02396,0.37292,2.1815e+0,0.0000e+0,0.0000e+0
0.02604,0.37292,2.1530e+0,0.0000e+0,0.0000e+0
0.02813,0.37292,2.1187e+0,2.5303e+11,0.0000e+0
0.03021,0.37292,2.0961e+0,3.1562e+11,0.0000e+0
0.03229,0.37292,2.0854e+0,0.0000e+0,0.0000e+0
0.03438,0.37292,2.0665e+0,0.0000e+0,0.0000e+0
0.03646,0.37292,2.0416e+0,0.0000e+0,0.0000e+0
0.03854,0.37292,2.0116e+0,0.0000e+0,0.0000e+0
0.04063,0.37292,1.9770e+0,0.0000e+0,0.0000e+0
0.04271,0.37292,1.9384e+0,0.0000e+0,0.0000e+0
0.04479,0.37292,1.8965e+0,0.0000e+0,0.0000e+0
0.04688,0.37292,1.8535e+0,0.0000e+0,0.0000e+0
0.04896,0.37292,1.8082e+0,0.0000e+0,0.0000e+0
0.05104,0.37292,1.7600e+0,0.0000e+0,0.0000e+0
0.05312,0.37292,1.7103e+0,0.0000e+0,0.0000e+0
0.05521,0.37292,1.6577e+0,0.0000e+0,0.0000e+0
0.05729,0.37292,1.6016e+0,0.0000e+0,0.0000e+0
0.05937,0.37292,1.5423e+0,0.0000e+0,0.0000e+0
0.06146,0.37292,1.4799e+0,0.0000e+0,0.0000e+0
0.06354,0.37292,1.4146e+0,0.0000e+0,0.0000e+0
0.06563,0.37292,1.3466e+0,0.0000e+0,0.0000e+0
0.06771,0.37292,1.2759e+0,0.0000e+0,0.0000e+0
0.06979,0.37292,1.2028e+0,0.0000e+0,0.0000e+0
0.07187,0.37292,1.1275e+0,0.0000e+0,0.0000e+0
0.07396,0.37292,1.0499e+0,0.0000e+0,0.0000e+0
0.07604,0.37292,9.7042e-1,0.0000e+0,0.0000e+0
0.07813,0.37292,8.8921e-1,0.0000e+0,0.0000e+0
0.08021,0.37292,8.0692e-1,0.0000e+0,0.0000e+0
0.08229,0.37292,7.2452e-1,0.0000e+0,0.0000e+0
0.08438,0.37292,6.4116e-1,0.0000e+0,0.0000e+0
0.08646,0.37292,5.5666e-1,0.0000e+0,0.0000e+0
0.08854,0.37292,4.7113e-1,0.0000e+0,0.0000e+0
0.09062,0.37292,3.8487e-1,0.0000e+0,0.0000e+0
0.09271,0.37292,2.9831e-1,0.0000e+0,0.0000e+0
0.09479,0.37292,2.1192e-1,0.0000e+0,0.0000e+0
0.09688,0.37292,1.2618e-1,0.0000e+0,0.0000e+0
0.09896,0.37292,4.1551e-2,0.0000e+0,0.0000e+0
0.00104,0.37708,1.9491e+0,0.0000e+0,0.0000e+0
0.00313,0.37708,1.9444e+0,0.0000e+0,0.0000e+0
0.00521,0.37708,1.9350e+0,0.0000e+0,0.0000e+0
0.00729,0.37708,1.9204e+0,0.0000e+0,0.0000e+0
0.00937,0.37708,1.9004e+0,0.0000e+0,0.0000e+0
0.01146,0.37708,1.8739e+0,0.0000e+0,0.0000e+0
0.01354,0.37708,1.8387e+0,8.5254e+11,0.0000e+0
0.01563,0.37708,1.8485e+0,7.4068e+10,0.0000e+0
0.01771,0.37708,1.8505e+0,0.0000e+0,0.0000e+0
0.01979,0.37708,1.8439e+0,0.0000e+0,0.0000e+0
0.02187,0.37708,1.8316e+0,0.0000e+0,0.0000e+0
0.02396,0.37708,1.8153e+0,0.0000e+0,0.0000e+0
0.02604,0.37708,1.7963e+0,0.0000e+0,0.0000e+0
0.02813,0.37708,1.7759e+0,0.0000e+0,0.0000e+0
0.03021,0.37708,1.7561e+0,0.0000e+0,0.0000e+0
0.03229,0.37708,1.7369e+0,0.0000e+0,0.0000e+0
0.03438,0.37708,1.7158e+0,0.0000e+0,0.0000e+0
0.03646,0.37708,1.6919e+0,0.0000e+0,0.0000e+0
0.03854,0.37708,1.6648e+0,0.0000e+0,0.0000e+0
0.04063,0.37708,1.6345e+0,0.0000e+0,0.0000e+0
0.04271,0.37708,1.6011e+0,0.0000e+0,0.0000e+0
0.04479,0.37708,1.5644e+0,0.0000e+0,0.0000e+0
0.04688,0.37708,1.5246e+0,0.0000e+0,0.0000e+0
0.04896,0.37708,1.4806e+0,0.0000e+0,0.0000e+0
0.05104,0.37708,1.4309e+0,3.2400e+11,0.0000e+0
0.05312,0.37708,1.3966e+0,3.3766e+9,0.0000e+0
0.05521,0.37708,1.3566e+0,0.0000e+0,0.0000e+0
0.05729,0.37708,1.3121e+0,0.0000e+0,0.0000e+0
0.05937,0.37708,1.2640e+0,0.0000e+0,0.0000e+0
0.06146,0.37708,1.2128e+0,0.0000e+0,0.0000e+0
0.06354,0.37708,1.1588e+0,0.0000e+0,0.0000e+0
0.06563,0.37708,1.1023e+0,0.0000e+0,0.0000e+0
0.06771,0.37708,1.0434e+0,0.0000e+0,0.0000e+0
0.06979,0.37708,9.8217e-1,0.0000e+0,0.0000e+0
0.07187,0.37708,9.1875e-1,0.0000e+0,0.0000e+0
0.07396,0.37708,8.5316e-1,0.0000e+0,0.0000e+0
0.07604,0.37708,7.8540e-1,0.0000e+0,0.0000e+0
0.07813,0.37708,7.1531e-1,1.7792e+10,0.0000e+0
0.08021,0.37708,6.4388e-1,1.5747e+11,0.0000e+0
0.08229,0.37708,5.8124e-1,0.0000e+0,0.0000e+0
0.08438,0.37708,5.1579e-1,0.0000e+0,0.0000e+0
0.08646,0.37708,4.4846e-1,0.0000e+0,0.0000e+0
0.08854,0.37708,3.7985e-1,0.0000e+0,0.0000e+0
0.09062,0.37708,3.1046e-1,0.0000e+0,0.0000e+0
0.09271,0.37708,2.4072e-1,0.0000e+0,0.0000e+0
0.09479,0.37708,1.7106e-1,0.0000e+0,0.0000e+0
0.09688,0.37708,1.0188e-1,0.0000e+0,0.0000e+0
0.09896,0.37708,3.3553e-2,0.0000e+0,0.0000e+0
0.00104,0.38125,1.5616e+0,0.0000e+0,0.0000e+0
0.00313,0.38125,1.5587e+0,0.0000e+0,0.0000e+0
0.00521,0.38125,1.5529e+0,0.0000e+0,0.0000e+0
0.00729,0.38125,1.5444e+0,0.0000e+0,0.0000e+0
0.00937,0.38125,1.5338e+0,0.0000e+0,0.0000e+0
0.01146,0.38125,1.5218e+0,0.0000e+0,0.0000e+0
0.01354,0.38125,1.5105e+0,0.0000e+0,0.0000e+0
0.01563,0.38125,1.5040e+0,0.0000e+0,0.0000e+0
0.01771,0.38125,1.4976e+0,0.0000e+0,0.0000e+0
0.01979,0.38125,1.4894e+0,0.0000e+0,0.0000e+0
0.02187,0.38125,1.4789e+0,0.0000e+0,0.0000e+0
0.02396,0.38125,1.4662e+0,0.0000e+0,0.0000e+0
0.02604,0.38125,1.4519e+0,0.0000e+0,0.0000e+0
0.02813,0.38125,1.4361e+0,0.0000e+0,0.0000e+0
0.03021,0.38125,1.4193e+0,0.0000e+0,0.0000e+0
0.03229,0.38125,1.4014e+0,0.0000e+0,0.0000e+0
0.03438,0.38125,1.3820e+0,0.0000e+0,0.0000e+0
0.03646,0.38125,1.3606e+0,0.0000e+0,0.0000e+0
0.03854,0.38125,1.3371e+0,0.0000e+0,0.0000e+0
0.04063,0.38125,1.3113e+0,0.0000e+0,0.0000e+0
0.04271,0.38125,1.2831e+0,0.0000e+0,0.0000e+0
0.04479,0.38125,1.2525e+0,0.0000e+0,0.0000e+0
0.04688,0.38125,1.2195e+0,0.0000e+0,0.0000e+0
0.04896,0.38125,1.1840e+0,0.0000e+0,0.0000e+0
0.05104,0.38125,1.1460e+0,1.1005e+11,0.0000e+0
0.05312,0.38125,1.1143e+0,1.1469e+9,0.0000e+0
0.05521,0.38125,1.0802e+0,0.0000e+0,0.0000e+0
0.05729,0.38125,1.0437e+0,0.0000e+0,0.0000e+0
0.05937,0.38125,1.0049e+0,0.0000e+0,0.0000e+0
0.06146,0.38125,9.6379e-1,0.0000e+0,0.0000e+0
0.06354,0.38125,9.2047e-1,0.0000e+0,0.0000e+0
0.06563,0.38125,8.7497e-1,0.0000e+0,0.0000e+0
0.06771,0.38125,8.2737e-1,0.0000e+0,0.0000e+0
0.06979,0.38125,7.7775e-1,0.0000e+0,0.0000e+0
0.07187,0.38125,7.2616e-1,0.0000e+0,0.0000e+0
0.07396,0.38125,6.7264e-1,0.0000e+0,0.0000e+0
0.07604,0.38125,6.1723e-1,0.0000e+0,0.0000e+0
0.07813,0.38125,5.6015e-1,3.6065e+10,0.0000e+0
0.08021,0.38125,5.0515e-1,9.8256e+10,0.0000e+0
0.08229,0.38125,4.5571e-1,0.0000e+0,0.0000e+0
0.08438,0.38125,4.0452e-1,0.0000e+0,0.0000e+0
0.08646,0.38125,3.5189e-1,0.0000e+0,0.0000e+0
0.08854,0.38125,2.9820e-1,0.0000e+0,0.0000e+0
0.09062,0.38125,2.4382e-1,0.0000e+0,0.0000e+0
0.09271,0.38125,1.8910e-1,0.0000e+0,0.0000e+0
0.09479,0.38125,1.3441e-1,0.0000e+0,0.0000e+0
0.09688,0.38125,8.0063e-2,0.0000e+0,0.0000e+0
0.09896,0.38125,2.6370e-2,0.0000e+0,0.0000e+0
0.00104,0.38542,1.1980e+0,0.0000e+0,0.0000e+0
0.00313,0.38542,1.1962e+0,0.0000e+0,0.0000e+0
0.00521,0.38542,1.1929e+0,0.0000e+0,0.0000e+0
0.00729,0.38542,1.1881e+0,0.0000e+0,0.0000e+0
0.00937,0.38542,1.1822e+0,0.0000e+0,0.0000e+0
0.01146,0.38542,1.1756e+0,0.0000e+0,0.0000e+0
0.01354,0.38542,1.1689e+0,0.0000e+0,0.0000e+0
0.01563,0.38542,1.1623e+0,0.0000e+0,0.0000e+0
0.01771,0.38542,1.1555e+0,0.0000e+0,0.0000e+0
0.01979,0.38542,1.1478e+0,0.0000e+0,0.0000e+0
0.02187,0.38542,1.1390e+0,0.0000e+0,0.0000e+0
0.02396,0.38542,1.1289e+0,0.0000e+0,0.0000e+0
0.02604,0.38542,1.1177e+0,0.0000e+0,0.0000e+0
0.02813,0.38542,1.1052e+0,0.0000e+0,0.0000e+0
0.03021,0.38542,1.0916e+0,0.0000e+0,0.0000e+0
0.03229,0.38542,1.0769e+0,0.0000e+0,0.0000e+0
0.03438,0.38542,1.0607e+0,0.0000e+0,0.0000e+0
0.03646,0.38542,1.0431e+0,0.0000e+0,0.0000e+0
0.03854,0.38542,1.0239e+0,0.0000e+0,0.0000e+0
0.04063,0.38542,1.0030e+0,0.0000e+0,0.0000e+0
0.04271,0.38542,9.8048e-1,0.0000e+0,0.0000e+0
0.04479,0.38542,9.5631e-1,0.0000e+0,0.0000e+0
0.04688,0.38542,9.3068e-1,0.0000e+0,0.0000e+0
0.04896,0.38542,9.0378e-1,0.0000e+0,0.0000e+0
0.05104,0.38542,8.7590e-1,0.0000e+0,0.0000e+0
0.05312,0.38542,8.4778e-1,0.0000e+0,0.0000e+0
0.05521,0.38542,8.1894e-1,0.0000e+0,0.0000e+0
0.05729,0.38542,7.8992e-1,0.0000e+0,0.0000e+0
0.05937,0.38542,7.6047e-1,0.0000e+0,0.0000e+0
0.06146,0.38542,7.2950e-1,0.0000e+0,0.0000e+0
0.06354,0.38542,6.9668e-1,0.0000e+0,0.0000e+0
0.06563,0.38542,6.6196e-1,0.0000e+0,0.0000e+0
0.06771,0.38542,6.2544e-1,0.0000e+0,0.0000e+0
0.06979,0.38542,5.8724e-1,0.0000e+0,0.0000e+0
0.07187,0.38542,5.4742e-1,0.0000e+0,0.0000e+0
0.07396,0.38542,5.0579e-1,0.0000e+0,0.0000e+0
0.07604,0.38542,4.6190e-1,0.0000e+0,0.0000e+0
0.07813,0.38542,4.1481e-1,2.1968e+11,0.0000e+0
0.08021,0.38542,3.7832e-1,3.6259e+10,0.0000e+0
0.08229,0.38542,3.4224e-1,0.0000e+0,0.0000e+0
0.08438,0.38542,3.0416e-1,0.0000e+0,0.0000e+0
0.08646,0.38542,2.6472e-1,0.0000e+0,0.0000e+0
0.08854,0.38542,2.2439e-1,0.0000e+0,0.0000e+0
0.09062,0.38542,1.8349e-1,0.0000e+0,0.0000e+0
0.09271,0.38542,1.4233e-1,0.0000e+0,0.0000e+0
0.09479,0.38542,1.0118e-1,0.0000e+0,0.0000e+0
0.09688,0.38542,6.0269e-2,0.0000e+0,0.0000e+0
0.09896,0.38542,1.9851e-2,0.0000e+0,0.0000e+0
0.00104,0.38958,8.4806e-1,0.0000e+0,0.0000e+0
0.00313,0.38958,8.4703e-1,0.0000e+0,0.0000e+0
0.00521,0.38958,8.4510e-1,0.0000e+0,0.0000e+0
0.00729,0.38958,8.4231e-1,0.0000e+0,0.0000e+0
0.00937,0.38958,8.3884e-1,0.0000e+0,0.0000e+0
0.01146,0.38958,8.3481e-1,0.0000e+0,0.0000e+0
0.01354,0.38958,8.3035e-1,0.0000e+0,0.0000e+0
0.01563,0.38958,8.2552e-1,0.0000e+0,0.0000e+0
0.01771,0.38958,8.2021e-1,0.0000e+0,0.0000e+0
0.01979,0.38958,8.1430e-1,0.0000e+0,0.0000e+0
0.02187,0.38958,8.0767e-1,0.0000e+0,0.0000e+0
0.02396,0.38958,8.0024e-1,0.0000e+0,0.0000e+0
0.02604,0.38958,7.9196e-1,0.0000e+0,0.0000e+0
0.02813,0.38958,7.8280e-1,0.0000e+0,0.0000e+0
0.03021,0.38958,7.7272e-1,0.0000e+0,0.0000e+0
0.03229,0.38958,7.6166e-1,0.0000e+0,0.0000e+0
0.03438,0.38958,7.4954e-1,0.0000e+0,0.0000e+0
0.03646,0.38958,7.3626e-1,0.0000e+0,0.0000e+0
0.03854,0.38958,7.2174e-1,0.0000e+0,0.0000e+0
0.04063,0.38958,7.0593e-1,0.0000e+0,0.0000e+0
0.04271,0.38958,6.8882e-1,0.0000e+0,0.0000e+0
0.04479,0.38958,6.7057e-1,0.0000e+0,0.0000e+0
0.04688,0.38958,6.5155e-1,0.0000e+0,0.0000e+0
0.04896,0.38958,6.3212e-1,0.0000e+0,0.0000e+0
0.05104,0.38958,6.1137e-1,0.0000e+0,0.0000e+0
0.05312,0.38958,5.8862e-1,0.0000e+0,0.0000e+0
0.05521,0.38958,5.6278e-1,1.2261e+11,0.0000e+0
0.05729,0.38958,5.4214e-1,1.3741e+11,0.0000e+0
0.05937,0.38958,5.2635e-1,0.0000e+0,0.0000e+0
0.06146,0.38958,5.0694e-1,0.0000e+0,0.0000e+0
0.06354,0.38958,4.8486e-1,0.0000e+0,0.0000e+0
0.06563,0.38958,4.6069e-1,0.0000e+0,0.0000e+0
0.06771,0.38958,4.3485e-1,0.0000e+0,0.0000e+0
0.06979,0.38958,4.0785e-1,0.0000e+0,0.0000e+0
0.07187,0.38958,3.8062e-1,0.0000e+0,0.0000e+0
0.07396,0.38958,3.5283e-1,0.0000e+0,0.0000e+0
0.07604,0.38958,3.2433e-1,0.0000e+0,0.0000e+0
0.07813,0.38958,2.9559e-1,0.0000e+0,0.0000e+0
0.08021,0.38958,2.6791e-1,0.0000e+0,0.0000e+0
0.08229,0.38958,2.4058e-1,0.0000e+0,0.0000e+0
0.08438,0.38958,2.1299e-1,0.0000e+0,0.0000e+0
0.08646,0.38958,1.8500e-1,0.0000e+0,0.0000e+0
0.08854,0.38958,1.5664e-1,0.0000e+0,0.0000e+0
0.09062,0.38958,1.2801e-1,0.0000e+0,0.0000e+0
0.09271,0.38958,9.9261e-2,0.0000e+0,0.0000e+0
0.09479,0.38958,7.0544e-2,0.0000e+0,0.0000e+0
0.09688,0.38958,4.2017e-2,0.0000e+0,0.0000e+0
0.09896,0.38958,1.3839e-2,0.0000e+0,0.0000e+0
0.00104,0.39375,5.0602e-1,0.0000e+0,0.0000e+0
0.00313,0.39375,5.0551e-1,0.0000e+0,0.0000e+0
0.00521,0.39375,5.0449e-1,0.0000e+0,0.0000e+0
0.00729,0.39375,5.0301e-1,0.0000e+0,0.0000e+0
0.00937,0.39375,5.0109e-1,0.0000e+0,0.0000e+0
0.01146,0.39375,4.9881e-1,0.0000e+0,0.0000e+0
0.01354,0.39375,4.9620e-1,0.0000e+0,0.0000e+0
0.01563,0.39375,4.9327e-1,0.0000e+0,0.0000e+0
0.01771,0.39375,4.8999e-1,0.0000e+0,0.0000e+0
0.01979,0.39375,4.8632e-1,0.0000e+0,0.0000e+0
0.02187,0.39375,4.8222e-1,0.0000e+0,0.0000e+0
0.02396,0.39375,4.7764e-1,0.0000e+0,0.0000e+0
0.02604,0.39375,4.7253e-1,0.0000e+0,0.0000e+0
0.02813,0.39375,4.6688e-1,0.0000e+0,0.0000e+0
0.03021,0.39375,4.6063e-1,0.0000e+0,0.0000e+0
0.03229,0.39375,4.5372e-1,0.0000e+0,0.0000e+0
0.03438,0.39375,4.4605e-1,0.0000e+0,0.0000e+0
0.03646,0.39375,4.3754e-1,0.0000e+0,0.0000e+0
0.03854,0.39375,4.2803e-1,0.0000e+0,0.0000e+0
0.04063,0.39375,4.1733e-1,0.0000e+0,0.0000e+0
0.04271,0.39375,4.0521e-1,0.0000e+0,0.0000e+0
0.04479,0.39375,3.9141e-1,1.9023e+10,0.0000e+0
0.04688,0.39375,3.7746e-1,1.0144e+11,0.0000e+0
0.04896,0.39375,3.6910e-1,0.0000e+0,0.0000e+0
0.05104,0.39375,3.5846e-1,0.0000e+0,0.0000e+0
0.05312,0.39375,3.4559e-1,0.0000e+0,0.0000e+0
0.05521,0.39375,3.3049e-1,6.4928e+10,0.0000e+0
0.05729,0.39375,3.1841e-1,7.2768e+10,0.0000e+0
0.05937,0.39375,3.0922e-1,0.0000e+0,0.0000e+0
0.06146,0.39375,2.9783e-1,0.0000e+0,0.0000e+0
0.06354,0.39375,2.8449e-1,0.0000e+0,0.0000e+0
0.06563,0.39375,2.6929e-1,0.0000e+0,0.0000e+0
0.06771,0.39375,2.5212e-1,0.0000e+0,0.0000e+0
0.06979,0.39375,2.3264e-1,1.2060e+11,0.0000e+0
0.07187,0.39375,2.1924e-1,2.8847e+10,0.0000e+0
0.07396,0.39375,2.0584e-1,0.0000e+0,0.0000e+0
0.07604,0.39375,1.9090e-1,0.0000e+0,0.0000e+0
0.07813,0.39375,1.7512e-1,0.0000e+0,0.0000e+0
0.08021,0.39375,1.5900e-1,0.0000e+0,0.0000e+0
0.08229,0.39375,1.4269e-1,0.0000e+0,0.0000e+0
0.08438,0.39375,1.2618e-1,0.0000e+0,0.0000e+0
0.08646,0.39375,1.0949e-1,0.0000e+0,0.0000e+0
0.08854,0.39375,9.2627e-2,0.0000e+0,0.0000e+0
0.09062,0.39375,7.5656e-2,0.0000e+0,0.0000e+0
0.09271,0.39375,5.8642e-2,0.0000e+0,0.0000e+0
0.09479,0.39375,4.1666e-2,0.0000e+0,0.0000e+0
0.09688,0.39375,2.4814e-2,0.0000e+0,0.0000e+0
0.09896,0.39375,8.1717e-3,0.0000e+0,0.0000e+0
0.00104,0.39792,1.6825e-1,0.0000e+0,0.0000e+0
0.00313,0.39792,1.6808e-1,0.0000e+0,0.0000e+0
0.00521,0.39792,1.6774e-1,0.0000e+0,0.0000e+0
0.00729,0.39792,1.6727e-1,0.0000e+0,0.0000e+0
0.00937,0.39792,1.6665e-1,0.0000e+0,0.0000e+0
0.01146,0.39792,1.6590e-1,0.0000e+0,0.0000e+0
0.01354,0.39792,1.6505e-1,0.0000e+0,0.0000e+0
0.01563,0.39792,1.6407e-1,0.0000e+0,0.0000e+0
0.01771,0.39792,1.6297e-1,0.0000e+0,0.0000e+0
0.01979,0.39792,1.6173e-1,0.0000e+0,0.0000e+0
0.02187,0.39792,1.6034e-1,0.0000e+0,0.0000e+0
0.02396,0.39792,1.5879e-1,0.0000e+0,0.0000e+0
0.02604,0.39792,1.5706e-1,0.0000e+0,0.0000e+0
0.02813,0.39792,1.5514e-1,0.0000e+0,0.0000e+0
0.03021,0.39792,1.5301e-1,0.0000e+0,0.0000e+0
0.03229,0.39792,1.5062e-1,0.0000e+0,0.0000e+0
0.03438,0.39792,1.4793e-1,0.0000e+0,0.0000e+0
0.03646,0.39792,1.4486e-1,0.0000e+0,0.0000e+0
0.03854,0.39792,1.4125e-1,0.0000e+0,0.0000e+0
0.04063,0.39792,1.3677e-1,0.0000e+0,0.0000e+0
0.04271,0.39792,1.3082e-1,0.0000e+0,0.0000e+0
0.04479,0.39792,1.2203e-1,5.6957e+10,0.0000e+0
0.04688,0.39792,1.1257e-1,3.0372e+11,0.0000e+0
0.04896,0.39792,1.1684e-1,0.0000e+0,0.0000e+0
0.05104,0.39792,1.1638e-1,0.0000e+0,0.0000e+0
0.05312,0.39792,1.1365e-1,0.0000e+0,0.0000e+0
0.05521,0.39792,1.0989e-1,0.0000e+0,0.0000e+0
0.05729,0.39792,1.0608e-1,0.0000e+0,0.0000e+0
0.05937,0.39792,1.0235e-1,0.0000e+0,0.0000e+0
0.06146,0.39792,9.8216e-2,0.0000e+0,0.0000e+0
0.06354,0.39792,9.3439e-2,0.0000e+0,0.0000e+0
0.06563,0.39792,8.7789e-2,0.0000e+0,0.0000e+0
0.06771,0.39792,8.0857e-2,0.0000e+0,0.0000e+0
0.06979,0.39792,7.1788e-2,1.3686e+11,0.0000e+0
0.07187,0.39792,6.9189e-2,3.2738e+10,0.0000e+0
0.07396,0.39792,6.6566e-2,0.0000e+0,0.0000e+0
0.07604,0.39792,6.2504e-2,0.0000e+0,0.0000e+0
0.07813,0.39792,5.7715e-2,0.0000e+0,0.0000e+0
0.08021,0.39792,5.2567e-2,0.0000e+0,0.0000e+0
0.08229,0.39792,4.7229e-2,0.0000e+0,0.0000e+0
0.08438,0.39792,4.1775e-2,0.0000e+0,0.0000e+0
0.08646,0.39792,3.6243e-2,0.0000e+0,0.0000e+0
0.08854,0.39792,3.0654e-2,0.0000e+0,0.0000e+0
0.09062,0.39792,2.5032e-2,0.0000e+0,0.0000e+0
0.09271,0.39792,1.9399e-2,0.0000e+0,0.0000e+0
0.09479,0.39792,1.3781e-2,0.0000e+0,0.0000e+0
0.09688,0.39792,8.2067e-3,0.0000e+0,0.0000e+0
0.09896,0.39792,2.7026e-3,0.0000e+0,0.0000e+0