r_m,z_m,phi_V,ne_m3,ni_m3
0.00104,0.00208,1.6797e-1,0.0000e+0,0.0000e+0
0.00313,0.00208,1.6753e-1,0.0000e+0,0.0000e+0
0.00521,0.00208,1.6664e-1,0.0000e+0,0.0000e+0
0.00729,0.00208,1.6524e-1,0.0000e+0,0.0000e+0
0.00937,0.00208,1.6302e-1,0.0000e+0,0.0000e+0
0.01146,0.00208,1.5930e-1,0.0000e+0,0.0000e+0
0.01354,0.00208,1.5279e-1,0.0000e+0,0.0000e+0
0.01563,0.00208,1.4066e-1,0.0000e+0,0.0000e+0
0.01771,0.00208,1.1647e-1,8.8358e+11,0.0000e+0
0.01979,0.00208,1.2684e-1,3.4096e+11,0.0000e+0
0.02187,0.00208,1.4416e-1,0.0000e+0,0.0000e+0
0.02396,0.00208,1.5078e-1,0.0000e+0,0.0000e+0
0.02604,0.00208,1.5279e-1,0.0000e+0,0.0000e+0
0.02813,0.00208,1.5266e-1,0.0000e+0,0.0000e+0
0.03021,0.00208,1.5145e-1,0.0000e+0,0.0000e+0
0.03229,0.00208,1.4971e-1,0.0000e+0,0.0000e+0
0.03438,0.00208,1.4762e-1,0.0000e+0,0.0000e+0
0.03646,0.00208,1.4532e-1,0.0000e+0,0.0000e+0
0.03854,0.00208,1.4289e-1,0.0000e+0,0.0000e+0
0.04063,0.00208,1.4034e-1,0.0000e+0,0.0000e+0
0.04271,0.00208,1.3766e-1,0.0000e+0,0.0000e+0
0.04479,0.00208,1.3481e-1,0.0000e+0,0.0000e+0
0.04688,0.00208,1.3179e-1,0.0000e+0,0.0000e+0
0.04896,0.00208,1.2852e-1,0.0000e+0,0.0000e+0
0.05104,0.00208,1.2503e-1,0.0000e+0,0.0000e+0
0.05312,0.00208,1.2132e-1,0.0000e+0,0.0000e+0
0.05521,0.00208,1.1739e-1,0.0000e+0,0.0000e+0
0.05729,0.00208,1.1322e-1,0.0000e+0,0.0000e+0
0.05937,0.00208,1.0883e-1,0.0000e+0,0.0000e+0
0.06146,0.00208,1.0423e-1,0.0000e+0,0.0000e+0
0.06354,0.00208,9.9445e-2,0.0000e+0,0.0000e+0
0.06563,0.00208,9.4491e-2,0.0000e+0,0.0000e+0
0.06771,0.00208,8.9363e-2,0.0000e+0,0.0000e+0
0.06979,0.00208,8.4102e-2,0.0000e+0,0.0000e+0
0.07187,0.00208,7.8720e-2,0.0000e+0,0.0000e+0
0.07396,0.00208,7.3235e-2,0.0000e+0,0.0000e+0
0.07604,0.00208,6.7648e-2,0.0000e+0,0.0000e+0
0.07813,0.00208,6.1958e-2,0.0000e+0,0.0000e+0
0.08021,0.00208,5.6173e-2,0.0000e+0,0.0000e+0
0.08229,0.00208,5.0318e-2,0.0000e+0,0.0000e+0
0.08438,0.00208,4.4394e-2,0.0000e+0,0.0000e+0
0.08646,0.00208,3.8431e-2,0.0000e+0,0.0000e+0
0.08854,0.00208,3.2432e-2,0.0000e+0,0.0000e+0
0.09062,0.00208,2.6432e-2,0.0000e+0,0.0000e+0
0.09271,0.00208,2.0450e-2,0.0000e+0,0.0000e+0
0.09479,0.00208,1.4511e-2,0.0000e+0,0.0000e+0
0.09688,0.00208,8.6295e-3,0.0000e+0,0.0000e+0
0.09896,0.00208,2.8408e-3,0.0000e+0,0.0000e+0
0.00104,0.00625,5.0674e-1,0.0000e+0,0.0000e+0
0.00313,0.00625,5.0568e-1,0.0000e+0,0.0000e+0
0.00521,0.00625,5.0383e-1,0.0000e+0,0.0000e+0
0.00729,0.00625,5.0117e-1,0.0000e+0,0.0000e+0
0.00937,0.00625,4.9752e-1,0.0000e+0,0.0000e+0
0.01146,0.00625,4.9272e-1,0.0000e+0,0.0000e+0
0.01354,0.00625,4.8676e-1,0.0000e+0,0.0000e+0
0.01563,0.00625,4.7983e-1,0.0000e+0,0.0000e+0
0.01771,0.00625,4.7317e-1,0.0000e+0,0.0000e+0
0.01979,0.00625,4.7093e-1,0.0000e+0,0.0000e+0
0.02187,0.00625,4.7061e-1,0.0000e+0,0.0000e+0
0.02396,0.00625,4.6929e-1,0.0000e+0,0.0000e+0
0.02604,0.00625,4.6648e-1,0.0000e+0,0.0000e+0
0.02813,0.00625,4.6235e-1,0.0000e+0,0.0000e+0
0.03021,0.00625,4.5713e-1,0.0000e+0,0.0000e+0
0.03229,0.00625,4.5102e-1,0.0000e+0,0.0000e+0
0.03438,0.00625,4.4424e-1,0.0000e+0,0.0000e+0
0.03646,0.00625,4.3701e-1,0.0000e+0,0.0000e+0
0.03854,0.00625,4.2956e-1,0.0000e+0,0.0000e+0
0.04063,0.00625,4.2201e-1,0.0000e+0,0.0000e+0
0.04271,0.00625,4.1417e-1,0.0000e+0,0.0000e+0
0.04479,0.00625,4.0581e-1,0.0000e+0,0.0000e+0
0.04688,0.00625,3.9680e-1,0.0000e+0,0.0000e+0
0.04896,0.00625,3.8708e-1,0.0000e+0,0.0000e+0
0.05104,0.00625,3.7666e-1,0.0000e+0,0.0000e+0
0.05312,0.00625,3.6551e-1,0.0000e+0,0.0000e+0
0.05521,0.00625,3.5366e-1,0.0000e+0,0.0000e+0
0.05729,0.00625,3.4112e-1,0.0000e+0,0.0000e+0
0.05937,0.00625,3.2793e-1,0.0000e+0,0.0000e+0
0.06146,0.00625,3.1409e-1,0.0000e+0,0.0000e+0
0.06354,0.00625,2.9969e-1,0.0000e+0,0.0000e+0
0.06563,0.00625,2.8475e-1,0.0000e+0,0.0000e+0
0.06771,0.00625,2.6932e-1,0.0000e+0,0.0000e+0
0.06979,0.00625,2.5347e-1,0.0000e+0,0.0000e+0
0.07187,0.00625,2.3727e-1,0.0000e+0,0.0000e+0
0.07396,0.00625,2.2076e-1,0.0000e+0,0.0000e+0
0.07604,0.00625,2.0395e-1,0.0000e+0,0.0000e+0
0.07813,0.00625,1.8684e-1,0.0000e+0,0.0000e+0
0.08021,0.00625,1.6944e-1,0.0000e+0,0.0000e+0
0.08229,0.00625,1.5179e-1,0.0000e+0,0.0000e+0
0.08438,0.00625,1.3394e-1,0.0000e+0,0.0000e+0
0.08646,0.00625,1.1595e-1,0.0000e+0,0.0000e+0
0.08854,0.00625,9.7878e-2,0.0000e+0,0.0000e+0
0.09062,0.00625,7.9784e-2,0.0000e+0,0.0000e+0
0.09271,0.00625,6.1737e-2,0.0000e+0,0.0000e+0
0.09479,0.00625,4.3804e-2,0.0000e+0,0.0000e+0
0.09688,0.00625,2.6065e-2,0.0000e+0,0.0000e+0
0.09896,0.00625,8.5798e-3,0.0000e+0,0.0000e+0
0.00104,0.01042,8.5217e-1,0.0000e+0,0.0000e+0
0.00313,0.01042,8.5090e-1,0.0000e+0,0.0000e+0
0.00521,0.01042,8.4845e-1,0.0000e+0,0.0000e+0
0.00729,0.01042,8.4497e-1,0.0000e+0,0.0000e+0
0.00937,0.01042,8.4042e-1,0.0000e+0,0.0000e+0
0.01146,0.01042,8.3487e-1,0.0000e+0,0.0000e+0
0.01354,0.01042,8.2845e-1,0.0000e+0,0.0000e+0
0.01563,0.01042,8.2144e-1,0.0000e+0,0.0000e+0
0.01771,0.01042,8.1437e-1,0.0000e+0,0.0000e+0
0.01979,0.01042,8.0778e-1,0.0000e+0,0.0000e+0
0.02187,0.01042,8.0135e-1,0.0000e+0,0.0000e+0
0.02396,0.01042,7.9449e-1,0.0000e+0,0.0000e+0
0.02604,0.01042,7.8679e-1,0.0000e+0,0.0000e+0
0.02813,0.01042,7.7798e-1,0.0000e+0,0.0000e+0
0.03021,0.01042,7.6790e-1,0.0000e+0,0.0000e+0
0.03229,0.01042,7.5659e-1,0.0000e+0,0.0000e+0
0.03438,0.01042,7.4419e-1,0.0000e+0,0.0000e+0
0.03646,0.01042,7.3110e-1,0.0000e+0,0.0000e+0
0.03854,0.01042,7.1835e-1,0.0000e+0,0.0000e+0
0.04063,0.01042,7.0664e-1,0.0000e+0,0.0000e+0
0.04271,0.01042,6.9437e-1,0.0000e+0,0.0000e+0
0.04479,0.01042,6.8099e-1,0.0000e+0,0.0000e+0
0.04688,0.01042,6.6630e-1,0.0000e+0,0.0000e+0
0.04896,0.01042,6.5028e-1,0.0000e+0,0.0000e+0
0.05104,0.01042,6.3293e-1,0.0000e+0,0.0000e+0
0.05312,0.01042,6.1432e-1,0.0000e+0,0.0000e+0
0.05521,0.01042,5.9450e-1,0.0000e+0,0.0000e+0
0.05729,0.01042,5.7352e-1,0.0000e+0,0.0000e+0
0.05937,0.01042,5.5141e-1,0.0000e+0,0.0000e+0
0.06146,0.01042,5.2822e-1,0.0000e+0,0.0000e+0
0.06354,0.01042,5.0402e-1,0.0000e+0,0.0000e+0
0.06563,0.01042,4.7888e-1,0.0000e+0,0.0000e+0
0.06771,0.01042,4.5288e-1,0.0000e+0,0.0000e+0
0.06979,0.01042,4.2618e-1,0.0000e+0,0.0000e+0
0.07187,0.01042,3.9896e-1,0.0000e+0,0.0000e+0
0.07396,0.01042,3.7135e-1,0.0000e+0,0.0000e+0
0.07604,0.01042,3.4326e-1,0.0000e+0,0.0000e+0
0.07813,0.01042,3.1464e-1,0.0000e+0,0.0000e+0
0.08021,0.01042,2.8549e-1,0.0000e+0,0.0000e+0
0.08229,0.01042,2.5587e-1,0.0000e+0,0.0000e+0
0.08438,0.01042,2.2586e-1,0.0000e+0,0.0000e+0
0.08646,0.01042,1.9557e-1,0.0000e+0,0.0000e+0
0.08854,0.01042,1.6512e-1,0.0000e+0,0.0000e+0
0.09062,0.01042,1.3461e-1,0.0000e+0,0.0000e+0
0.09271,0.01042,1.0417e-1,0.0000e+0,0.0000e+0
0.09479,0.01042,7.3926e-2,0.0000e+0,0.0000e+0
0.09688,0.01042,4.3987e-2,0.0000e+0,0.0000e+0
0.09896,0.01042,1.4479e-2,0.0000e+0,0.0000e+0
0.00104,0.01458,1.2070e+0,0.0000e+0,0.0000e+0
0.00313,0.01458,1.2054e+0,0.0000e+0,0.0000e+0
0.00521,0.01458,1.2024e+0,0.0000e+0,0.0000e+0
0.00729,0.01458,1.1979e+0,0.0000e+0,0.0000e+0
0.00937,0.01458,1.1920e+0,0.0000e+0,0.0000e+0
0.01146,0.01458,1.1847e+0,0.0000e+0,0.0000e+0
0.01354,0.01458,1.1763e+0,0.0000e+0,0.0000e+0
0.01563,0.01458,1.1670e+0,0.0000e+0,0.0000e+0
0.01771,0.01458,1.1571e+0,0.0000e+0,0.0000e+0
0.01979,0.01458,1.1468e+0,0.0000e+0,0.0000e+0
0.02187,0.01458,1.1364e+0,0.0000e+0,0.0000e+0
0.02396,0.01458,1.1258e+0,0.0000e+0,0.0000e+0
0.02604,0.01458,1.1142e+0,0.0000e+0,0.0000e+0
0.02813,0.01458,1.1013e+0,0.0000e+0,0.0000e+0
0.03021,0.01458,1.0865e+0,0.0000e+0,0.0000e+0
0.03229,0.01458,1.0695e+0,0.0000e+0,0.0000e+0
0.03438,0.01458,1.0499e+0,0.0000e+0,0.0000e+0
0.03646,0.01458,1.0270e+0,7.8026e+10,0.0000e+0
0.03854,0.01458,1.0058e+0,2.1874e+11,0.0000e+0
0.04063,0.01458,9.9585e-1,0.0000e+0,0.0000e+0
0.04271,0.01458,9.8155e-1,0.0000e+0,0.0000e+0
0.04479,0.01458,9.6402e-1,0.0000e+0,0.0000e+0
0.04688,0.01458,9.4389e-1,0.0000e+0,0.0000e+0
0.04896,0.01458,9.2153e-1,0.0000e+0,0.0000e+0
0.05104,0.01458,8.9719e-1,0.0000e+0,0.0000e+0
0.05312,0.01458,8.7100e-1,0.0000e+0,0.0000e+0
0.05521,0.01458,8.4310e-1,0.0000e+0,0.0000e+0
0.05729,0.01458,8.1353e-1,0.0000e+0,0.0000e+0
0.05937,0.01458,7.8238e-1,0.0000e+0,0.0000e+0
0.06146,0.01458,7.4965e-1,0.0000e+0,0.0000e+0
0.06354,0.01458,7.1538e-1,0.0000e+0,0.0000e+0
0.06563,0.01458,6.7961e-1,0.0000e+0,0.0000e+0
0.06771,0.01458,6.4246e-1,0.0000e+0,0.0000e+0
0.06979,0.01458,6.0417e-1,0.0000e+0,0.0000e+0
0.07187,0.01458,5.6537e-1,0.0000e+0,0.0000e+0
0.07396,0.01458,5.2692e-1,0.0000e+0,0.0000e+0
0.07604,0.01458,4.8778e-1,0.0000e+0,0.0000e+0
0.07813,0.01458,4.4765e-1,0.0000e+0,0.0000e+0
0.08021,0.01458,4.0652e-1,0.0000e+0,0.0000e+0
0.08229,0.01458,3.6454e-1,0.0000e+0,0.0000e+0
0.08438,0.01458,3.2189e-1,0.0000e+0,0.0000e+0
0.08646,0.01458,2.7878e-1,0.0000e+0,0.0000e+0
0.08854,0.01458,2.3540e-1,0.0000e+0,0.0000e+0
0.09062,0.01458,1.9194e-1,0.0000e+0,0.0000e+0
0.09271,0.01458,1.4857e-1,0.0000e+0,0.0000e+0
0.09479,0.01458,1.0545e-1,0.0000e+0,0.0000e+0
0.09688,0.01458,6.2755e-2,0.0000e+0,0.0000e+0
0.09896,0.01458,2.0659e-2,0.0000e+0,0.0000e+0
0.00104,0.01875,1.5740e+0,0.0000e+0,0.0000e+0
0.00313,0.01875,1.5721e+0,0.0000e+0,0.0000e+0
0.00521,0.01875,1.5681e+0,0.0000e+0,0.0000e+0
0.00729,0.01875,1.5622e+0,0.0000e+0,0.0000e+0
0.00937,0.01875,1.5545e+0,0.0000e+0,0.0000e+0
0.01146,0.01875,1.5449e+0,0.0000e+0,0.0000e+0
0.01354,0.01875,1.5335e+0,0.0000e+0,0.0000e+0
0.01563,0.01875,1.5204e+0,0.0000e+0,0.0000e+0
0.01771,0.01875,1.5059e+0,0.0000e+0,0.0000e+0
0.01979,0.01875,1.4907e+0,0.0000e+0,0.0000e+0
0.02187,0.01875,1.4765e+0,0.0000e+0,0.0000e+0
0.02396,0.01875,1.4644e+0,0.0000e+0,0.0000e+0
0.02604,0.01875,1.4512e+0,0.0000e+0,0.0000e+0
0.02813,0.01875,1.4359e+0,0.0000e+0,0.0000e+0
0.03021,0.01875,1.4181e+0,0.0000e+0,0.0000e+0
0.03229,0.01875,1.3976e+0,0.0000e+0,0.0000e+0
0.03438,0.01875,1.3740e+0,0.0000e+0,0.0000e+0
0.03646,0.01875,1.3468e+0,7.6949e+10,0.0000e+0
0.03854,0.01875,1.3208e+0,2.1572e+11,0.0000e+0
0.04063,0.01875,1.3051e+0,0.0000e+0,0.0000e+0
0.04271,0.01875,1.2849e+0,0.0000e+0,0.0000e+0
0.04479,0.01875,1.2610e+0,0.0000e+0,0.0000e+0
0.04688,0.01875,1.2342e+0,0.0000e+0,0.0000e+0
0.04896,0.01875,1.2047e+0,0.0000e+0,0.0000e+0
0.05104,0.01875,1.1729e+0,0.0000e+0,0.0000e+0
0.05312,0.01875,1.1388e+0,0.0000e+0,0.0000e+0
0.05521,0.01875,1.1026e+0,0.0000e+0,0.0000e+0
0.05729,0.01875,1.0644e+0,0.0000e+0,0.0000e+0
0.05937,0.01875,1.0241e+0,0.0000e+0,0.0000e+0
0.06146,0.01875,9.8172e-1,0.0000e+0,0.0000e+0
0.06354,0.01875,9.3724e-1,0.0000e+0,0.0000e+0
0.06563,0.01875,8.9050e-1,0.0000e+0,0.0000e+0
0.06771,0.01875,8.4119e-1,0.0000e+0,0.0000e+0
0.06979,0.01875,7.8875e-1,2.8737e+10,0.0000e+0
0.07187,0.01875,7.3480e-1,1.8419e+11,0.0000e+0
0.07396,0.01875,6.8965e-1,0.0000e+0,0.0000e+0
0.07604,0.01875,6.4066e-1,0.0000e+0,0.0000e+0
0.07813,0.01875,5.8899e-1,0.0000e+0,0.0000e+0
0.08021,0.01875,5.3534e-1,0.0000e+0,0.0000e+0
0.08229,0.01875,4.8018e-1,0.0000e+0,0.0000e+0
0.08438,0.01875,4.2398e-1,0.0000e+0,0.0000e+0
0.08646,0.01875,3.6716e-1,0.0000e+0,0.0000e+0
0.08854,0.01875,3.1010e-1,0.0000e+0,0.0000e+0
0.09062,0.01875,2.5295e-1,0.0000e+0,0.0000e+0
0.09271,0.01875,1.9588e-1,0.0000e+0,0.0000e+0
0.09479,0.01875,1.3908e-1,0.0000e+0,0.0000e+0
0.09688,0.01875,8.2797e-2,0.0000e+0,0.0000e+0
0.09896,0.01875,2.7265e-2,0.0000e+0,0.0000e+0
0.00104,0.02292,1.9559e+0,0.0000e+0,0.0000e+0
0.00313,0.02292,1.9535e+0,0.0000e+0,0.0000e+0
0.00521,0.02292,1.9489e+0,0.0000e+0,0.0000e+0
0.00729,0.02292,1.9420e+0,0.0000e+0,0.0000e+0
0.00937,0.02292,1.9324e+0,0.0000e+0,0.0000e+0
0.01146,0.02292,1.9202e+0,0.0000e+0,0.0000e+0
0.01354,0.02292,1.9051e+0,0.0000e+0,0.0000e+0
0.01563,0.02292,1.8867e+0,0.0000e+0,0.0000e+0
0.01771,0.02292,1.8643e+0,0.0000e+0,0.0000e+0
0.01979,0.02292,1.8367e+0,9.1097e+10,0.0000e+0
0.02187,0.02292,1.8139e+0,4.5850e+11,0.0000e+0
0.02396,0.02292,1.8114e+0,0.0000e+0,0.0000e+0
0.02604,0.02292,1.8011e+0,0.0000e+0,0.0000e+0
0.02813,0.02292,1.7855e+0,0.0000e+0,0.0000e+0
0.03021,0.02292,1.7660e+0,0.0000e+0,0.0000e+0
0.03229,0.02292,1.7436e+0,0.0000e+0,0.0000e+0
0.03438,0.02292,1.7188e+0,0.0000e+0,0.0000e+0
0.03646,0.02292,1.6922e+0,0.0000e+0,0.0000e+0
0.03854,0.02292,1.6646e+0,0.0000e+0,0.0000e+0
0.04063,0.02292,1.6367e+0,0.0000e+0,0.0000e+0
0.04271,0.02292,1.6069e+0,0.0000e+0,0.0000e+0
0.04479,0.02292,1.5747e+0,0.0000e+0,0.0000e+0
0.04688,0.02292,1.5399e+0,0.0000e+0,0.0000e+0
0.04896,0.02292,1.5026e+0,0.0000e+0,0.0000e+0
0.05104,0.02292,1.4629e+0,0.0000e+0,0.0000e+0
0.05312,0.02292,1.4206e+0,0.0000e+0,0.0000e+0
0.05521,0.02292,1.3760e+0,0.0000e+0,0.0000e+0
0.05729,0.02292,1.3290e+0,0.0000e+0,0.0000e+0
0.05937,0.02292,1.2798e+0,0.0000e+0,0.0000e+0
0.06146,0.02292,1.2282e+0,0.0000e+0,0.0000e+0
0.06354,0.02292,1.1742e+0,0.0000e+0,0.0000e+0
0.06563,0.02292,1.1178e+0,0.0000e+0,0.0000e+0
0.06771,0.02292,1.0587e+0,0.0000e+0,0.0000e+0
0.06979,0.02292,9.9686e-1,1.3479e+10,0.0000e+0
0.07187,0.02292,9.3331e-1,8.6395e+10,0.0000e+0
0.07396,0.02292,8.7298e-1,0.0000e+0,0.0000e+0
0.07604,0.02292,8.0977e-1,0.0000e+0,0.0000e+0
0.07813,0.02292,7.4394e-1,0.0000e+0,0.0000e+0
0.08021,0.02292,6.7577e-1,0.0000e+0,0.0000e+0
0.08229,0.02292,6.0566e-1,0.0000e+0,0.0000e+0
0.08438,0.02292,5.3411e-1,0.0000e+0,0.0000e+0
0.08646,0.02292,4.6203e-1,0.0000e+0,0.0000e+0
0.08854,0.02292,3.9053e-1,0.0000e+0,0.0000e+0
0.09062,0.02292,3.1892e-1,0.0000e+0,0.0000e+0
0.09271,0.02292,2.4720e-1,0.0000e+0,0.0000e+0
0.09479,0.02292,1.7565e-1,0.0000e+0,0.0000e+0
0.09688,0.02292,1.0461e-1,0.0000e+0,0.0000e+0
0.09896,0.02292,3.4447e-2,0.0000e+0,0.0000e+0
0.00104,0.02708,2.3562e+0,0.0000e+0,0.0000e+0
0.00313,0.02708,2.3539e+0,0.0000e+0,0.0000e+0
0.00521,0.02708,2.3489e+0,0.0000e+0,0.0000e+0
0.00729,0.02708,2.3411e+0,0.0000e+0,0.0000e+0
0.00937,0.02708,2.3305e+0,0.0000e+0,0.0000e+0
0.01146,0.02708,2.3171e+0,0.0000e+0,0.0000e+0
0.01354,0.02708,2.3004e+0,0.0000e+0,0.0000e+0
0.01563,0.02708,2.2799e+0,0.0000e+0,0.0000e+0
0.01771,0.02708,2.2553e+0,0.0000e+0,0.0000e+0
0.01979,0.02708,2.2254e+0,8.1315e+10,0.0000e+0
0.02187,0.02708,2.1996e+0,4.0927e+11,0.0000e+0
0.02396,0.02708,2.1916e+0,0.0000e+0,0.0000e+0
0.02604,0.02708,2.1763e+0,0.0000e+0,0.0000e+0
0.02813,0.02708,2.1558e+0,0.0000e+0,0.0000e+0
0.03021,0.02708,2.1316e+0,0.0000e+0,0.0000e+0
0.03229,0.02708,2.1048e+0,0.0000e+0,0.0000e+0
0.03438,0.02708,2.0772e+0,0.0000e+0,0.0000e+0
0.03646,0.02708,2.0478e+0,0.0000e+0,0.0000e+0
0.03854,0.02708,2.0160e+0,0.0000e+0,0.0000e+0
0.04063,0.02708,1.9816e+0,0.0000e+0,0.0000e+0
0.04271,0.02708,1.9445e+0,0.0000e+0,0.0000e+0
0.04479,0.02708,1.9047e+0,0.0000e+0,0.0000e+0
0.04688,0.02708,1.8622e+0,0.0000e+0,0.0000e+0
0.04896,0.02708,1.8171e+0,0.0000e+0,0.0000e+0
0.05104,0.02708,1.7693e+0,0.0000e+0,0.0000e+0
0.05312,0.02708,1.7188e+0,0.0000e+0,0.0000e+0
0.05521,0.02708,1.6656e+0,0.0000e+0,0.0000e+0
0.05729,0.02708,1.6099e+0,0.0000e+0,0.0000e+0
0.05937,0.02708,1.5517e+0,0.0000e+0,0.0000e+0
0.06146,0.02708,1.4913e+0,0.0000e+0,0.0000e+0
0.06354,0.02708,1.4284e+0,0.0000e+0,0.0000e+0
0.06563,0.02708,1.3630e+0,0.0000e+0,0.0000e+0
0.06771,0.02708,1.2948e+0,0.0000e+0,0.0000e+0
0.06979,0.02708,1.2238e+0,0.0000e+0,0.0000e+0
0.07187,0.02708,1.1503e+0,0.0000e+0,0.0000e+0
0.07396,0.02708,1.0747e+0,0.0000e+0,0.0000e+0
0.07604,0.02708,9.9648e-1,0.0000e+0,0.0000e+0
0.07813,0.02708,9.1534e-1,0.0000e+0,0.0000e+0
0.08021,0.02708,8.3122e-1,0.0000e+0,0.0000e+0
0.08229,0.02708,7.4404e-1,0.0000e+0,0.0000e+0
0.08438,0.02708,6.5355e-1,3.8500e+10,0.0000e+0
0.08646,0.02708,5.6146e-1,1.7554e+11,0.0000e+0
0.08854,0.02708,4.7811e-1,0.0000e+0,0.0000e+0
0.09062,0.02708,3.9188e-1,0.0000e+0,0.0000e+0
0.09271,0.02708,3.0433e-1,0.0000e+0,0.0000e+0
0.09479,0.02708,2.1644e-1,0.0000e+0,0.0000e+0
0.09688,0.02708,1.2895e-1,0.0000e+0,0.0000e+0
0.09896,0.02708,4.2478e-2,0.0000e+0,0.0000e+0
0.00104,0.03125,2.7769e+0,0.0000e+0,0.0000e+0
0.00313,0.03125,2.7743e+0,0.0000e+0,0.0000e+0
0.00521,0.03125,2.7693e+0,0.0000e+0,0.0000e+0
0.00729,0.03125,2.7618e+0,0.0000e+0,0.0000e+0
0.00937,0.03125,2.7514e+0,0.0000e+0,0.0000e+0
0.01146,0.03125,2.7381e+0,0.0000e+0,0.0000e+0
0.01354,0.03125,2.7217e+0,0.0000e+0,0.0000e+0
0.01563,0.03125,2.7021e+0,0.0000e+0,0.0000e+0
0.01771,0.03125,2.6796e+0,0.0000e+0,0.0000e+0
0.01979,0.03125,2.6549e+0,0.0000e+0,0.0000e+0
0.02187,0.03125,2.6297e+0,0.0000e+0,0.0000e+0
0.02396,0.03125,2.6049e+0,0.0000e+0,0.0000e+0
0.02604,0.03125,2.5781e+0,0.0000e+0,0.0000e+0
0.02813,0.03125,2.5482e+0,0.0000e+0,0.0000e+0
0.03021,0.03125,2.5145e+0,0.0000e+0,0.0000e+0
0.03229,0.03125,2.4764e+0,2.1604e+11,0.0000e+0
0.03438,0.03125,2.4497e+0,2.0173e+10,0.0000e+0
0.03646,0.03125,2.4199e+0,0.0000e+0,0.0000e+0
0.03854,0.03125,2.3846e+0,0.0000e+0,0.0000e+0
0.04063,0.03125,2.3445e+0,0.0000e+0,0.0000e+0
0.04271,0.03125,2.3005e+0,0.0000e+0,0.0000e+0
0.04479,0.03125,2.2532e+0,0.0000e+0,0.0000e+0
0.04688,0.03125,2.2030e+0,0.0000e+0,0.0000e+0
0.04896,0.03125,2.1503e+0,0.0000e+0,0.0000e+0
0.05104,0.03125,2.0946e+0,0.0000e+0,0.0000e+0
0.05312,0.03125,2.0357e+0,0.0000e+0,0.0000e+0
0.05521,0.03125,1.9736e+0,0.0000e+0,0.0000e+0
0.05729,0.03125,1.9087e+0,0.0000e+0,0.0000e+0
0.05937,0.03125,1.8415e+0,0.0000e+0,0.0000e+0
0.06146,0.03125,1.7724e+0,0.0000e+0,0.0000e+0
0.06354,0.03125,1.7013e+0,0.0000e+0,0.0000e+0
0.06563,0.03125,1.6277e+0,0.0000e+0,0.0000e+0
0.06771,0.03125,1.5505e+0,0.0000e+0,0.0000e+0
0.06979,0.03125,1.4694e+0,0.0000e+0,0.0000e+0
0.07187,0.03125,1.3845e+0,0.0000e+0,0.0000e+0
0.07396,0.03125,1.2958e+0,0.0000e+0,0.0000e+0
0.07604,0.03125,1.2035e+0,0.0000e+0,0.0000e+0
0.07813,0.03125,1.1075e+0,0.0000e+0,0.0000e+0
0.08021,0.03125,1.0078e+0,0.0000e+0,0.0000e+0
0.08229,0.03125,9.0463e-1,0.0000e+0,0.0000e+0
0.08438,0.03125,7.9858e-1,8.2936e+9,0.0000e+0
0.08646,0.03125,6.9091e-1,3.7815e+10,0.0000e+0
0.08854,0.03125,5.8514e-1,0.0000e+0,0.0000e+0
0.09062,0.03125,4.7820e-1,0.0000e+0,0.0000e+0
0.09271,0.03125,3.7068e-1,0.0000e+0,0.0000e+0
0.09479,0.03125,2.6331e-1,0.0000e+0,0.0000e+0
0.09688,0.03125,1.5676e-1,0.0000e+0,0.0000e+0
0.09896,0.03125,5.1615e-2,0.0000e+0,0.0000e+0
0.00104,0.03542,3.2162e+0,0.0000e+0,0.0000e+0
0.00313,0.03542,3.2141e+0,0.0000e+0,0.0000e+0
0.00521,0.03542,3.2099e+0,0.0000e+0,0.0000e+0
0.00729,0.03542,3.2034e+0,0.0000e+0,0.0000e+0
0.00937,0.03542,3.1942e+0,0.0000e+0,0.0000e+0
0.01146,0.03542,3.1821e+0,0.0000e+0,0.0000e+0
0.01354,0.03542,3.1665e+0,0.0000e+0,0.0000e+0
0.01563,0.03542,3.1471e+0,0.0000e+0,0.0000e+0
0.01771,0.03542,3.1239e+0,0.0000e+0,0.0000e+0
0.01979,0.03542,3.0971e+0,0.0000e+0,0.0000e+0
0.02187,0.03542,3.0676e+0,0.0000e+0,0.0000e+0
0.02396,0.03542,3.0358e+0,0.0000e+0,0.0000e+0
0.02604,0.03542,3.0015e+0,0.0000e+0,0.0000e+0
0.02813,0.03542,2.9648e+0,0.0000e+0,0.0000e+0
0.03021,0.03542,2.9248e+0,0.0000e+0,0.0000e+0
0.03229,0.03542,2.8793e+0,4.1477e+11,0.0000e+0
0.03438,0.03542,2.8528e+0,3.8730e+10,0.0000e+0
0.03646,0.03542,2.8217e+0,0.0000e+0,0.0000e+0
0.03854,0.03542,2.7805e+0,0.0000e+0,0.0000e+0
0.04063,0.03542,2.7320e+0,0.0000e+0,0.0000e+0
0.04271,0.03542,2.6786e+0,0.0000e+0,0.0000e+0
0.04479,0.03542,2.6219e+0,0.0000e+0,0.0000e+0
0.04688,0.03542,2.5631e+0,0.0000e+0,0.0000e+0
0.04896,0.03542,2.5042e+0,0.0000e+0,0.0000e+0
0.05104,0.03542,2.4425e+0,0.0000e+0,0.0000e+0
0.05312,0.03542,2.3749e+0,0.0000e+0,0.0000e+0
0.05521,0.03542,2.3023e+0,0.0000e+0,0.0000e+0
0.05729,0.03542,2.2262e+0,0.0000e+0,0.0000e+0
0.05937,0.03542,2.1487e+0,1.3712e+10,0.0000e+0
0.06146,0.03542,2.0705e+0,1.4374e+11,0.0000e+0
0.06354,0.03542,1.9941e+0,1.0401e+11,0.0000e+0
0.06563,0.03542,1.9164e+0,0.0000e+0,0.0000e+0
0.06771,0.03542,1.8314e+0,0.0000e+0,0.0000e+0
0.06979,0.03542,1.7400e+0,0.0000e+0,0.0000e+0
0.07187,0.03542,1.6437e+0,0.0000e+0,0.0000e+0
0.07396,0.03542,1.5419e+0,0.0000e+0,0.0000e+0
0.07604,0.03542,1.4356e+0,0.0000e+0,0.0000e+0
0.07813,0.03542,1.3247e+0,0.0000e+0,0.0000e+0
0.08021,0.03542,1.2086e+0,0.0000e+0,0.0000e+0
0.08229,0.03542,1.0875e+0,0.0000e+0,0.0000e+0
0.08438,0.03542,9.6295e-1,0.0000e+0,0.0000e+0
0.08646,0.03542,8.3581e-1,0.0000e+0,0.0000e+0
0.08854,0.03542,7.0691e-1,0.0000e+0,0.0000e+0
0.09062,0.03542,5.7665e-1,0.0000e+0,0.0000e+0
0.09271,0.03542,4.4605e-1,0.0000e+0,0.0000e+0
0.09479,0.03542,3.1628e-1,0.0000e+0,0.0000e+0
0.09688,0.03542,1.8805e-1,0.0000e+0,0.0000e+0
0.09896,0.03542,6.1881e-2,0.0000e+0,0.0000e+0
0.00104,0.03958,3.6717e+0,0.0000e+0,0.0000e+0
0.00313,0.03958,3.6707e+0,0.0000e+0,0.0000e+0
0.00521,0.03958,3.6684e+0,0.0000e+0,0.0000e+0
0.00729,0.03958,3.6646e+0,0.0000e+0,0.0000e+0
0.00937,0.03958,3.6588e+0,0.0000e+0,0.0000e+0
0.01146,0.03958,3.6500e+0,0.0000e+0,0.0000e+0
0.01354,0.03958,3.6373e+0,0.0000e+0,0.0000e+0
0.01563,0.03958,3.6191e+0,0.0000e+0,0.0000e+0
0.01771,0.03958,3.5947e+0,0.0000e+0,0.0000e+0
0.01979,0.03958,3.5628e+0,0.0000e+0,0.0000e+0
0.02187,0.03958,3.5265e+0,0.0000e+0,0.0000e+0
0.02396,0.03958,3.4876e+0,0.0000e+0,0.0000e+0
0.02604,0.03958,3.4462e+0,0.0000e+0,0.0000e+0
0.02813,0.03958,3.4062e+0,0.0000e+0,0.0000e+0
0.03021,0.03958,3.3685e+0,0.0000e+0,0.0000e+0
0.03229,0.03958,3.3328e+0,0.0000e+0,0.0000e+0
0.03438,0.03958,3.3009e+0,0.0000e+0,0.0000e+0
0.03646,0.03958,3.2717e+0,0.0000e+0,4.1651e+11
0.03854,0.03958,3.2150e+0,0.0000e+0,1.2023e+11
0.04063,0.03958,3.1496e+0,0.0000e+0,0.0000e+0
0.04271,0.03958,3.0807e+0,0.0000e+0,0.0000e+0
0.04479,0.03958,3.0095e+0,4.5672e+10,2.6416e+10
0.04688,0.03958,2.9342e+0,3.7820e+11,2.3065e+10
0.04896,0.03958,2.8800e+0,0.0000e+0,4.7778e+10
0.05104,0.03958,2.8241e+0,0.0000e+0,4.3421e+11
0.05312,0.03958,2.7450e+0,0.0000e+0,2.1536e+11
0.05521,0.03958,2.6568e+0,0.0000e+0,1.5419e+11
0.05729,0.03958,2.5600e+0,2.3197e+11,0.0000e+0
0.05937,0.03958,2.4766e+0,3.9508e+11,1.5743e+10
0.06146,0.03958,2.4148e+0,1.5241e+11,3.4566e+11
0.06354,0.03958,2.3384e+0,4.9496e+10,3.3882e+11
0.06563,0.03958,2.2451e+0,0.0000e+0,9.8988e+10
0.06771,0.03958,2.1483e+0,0.0000e+0,1.9818e+11
0.06979,0.03958,2.0416e+0,0.0000e+0,3.0764e+10
0.07187,0.03958,1.9366e+0,0.0000e+0,2.3394e+11
0.07396,0.03958,1.8172e+0,0.0000e+0,0.0000e+0
0.07604,0.03958,1.6983e+0,0.0000e+0,5.1597e+10
0.07813,0.03958,1.5748e+0,0.0000e+0,1.3504e+11
0.08021,0.03958,1.4418e+0,0.0000e+0,1.9204e+11
0.08229,0.03958,1.2963e+0,0.0000e+0,0.0000e+0
0.08438,0.03958,1.1502e+0,0.0000e+0,2.2668e+10
0.08646,0.03958,1.0001e+0,0.0000e+0,3.0683e+10
0.08854,0.03958,8.4626e-1,0.0000e+0,6.2291e+10
0.09062,0.03958,6.8846e-1,0.0000e+0,4.4185e+10
0.09271,0.03958,5.2987e-1,0.0000e+0,0.0000e+0
0.09479,0.03958,3.7438e-1,0.0000e+0,0.0000e+0
0.09688,0.03958,2.2210e-1,0.0000e+0,0.0000e+0
0.09896,0.03958,7.3001e-2,0.0000e+0,0.0000e+0
0.00104,0.04375,4.1361e+0,0.0000e+0,0.0000e+0
0.00313,0.04375,4.1367e+0,0.0000e+0,0.0000e+0
0.00521,0.04375,4.1379e+0,0.0000e+0,0.0000e+0
0.00729,0.04375,4.1395e+0,0.0000e+0,0.0000e+0
0.00937,0.04375,4.1413e+0,0.0000e+0,0.0000e+0
0.01146,0.04375,4.1423e+0,0.0000e+0,0.0000e+0
0.01354,0.04375,4.1397e+0,0.0000e+0,0.0000e+0
0.01563,0.04375,4.1274e+0,0.0000e+0,0.0000e+0
0.01771,0.04375,4.1086e+0,0.0000e+0,3.4267e+11
0.01979,0.04375,4.0598e+0,0.0000e+0,8.0141e+10
0.02187,0.04375,4.0099e+0,0.0000e+0,0.0000e+0
0.02396,0.04375,3.9637e+0,0.0000e+0,2.8574e+11
0.02604,0.04375,3.8983e+0,3.8002e+11,2.0649e+11
0.02813,0.04375,3.8499e+0,2.5143e+11,0.0000e+0
0.03021,0.04375,3.8144e+0,0.0000e+0,0.0000e+0
0.03229,0.04375,3.7793e+0,0.0000e+0,0.0000e+0
0.03438,0.04375,3.7456e+0,0.0000e+0,3.1412e+10
0.03646,0.04375,3.7112e+0,0.0000e+0,2.6868e+11
0.03854,0.04375,3.6594e+0,0.0000e+0,3.2616e+11
0.04063,0.04375,3.5950e+0,0.0000e+0,5.7838e+11
0.04271,0.04375,3.5053e+0,0.0000e+0,1.1333e+11
0.04479,0.04375,3.4266e+0,6.0542e+9,2.3484e+11
0.04688,0.04375,3.3509e+0,5.0133e+10,6.0449e+11
0.04896,0.04375,3.2568e+0,5.6909e+10,8.5542e+10
0.05104,0.04375,3.1731e+0,3.3223e+11,3.5071e+11
0.05312,0.04375,3.0969e+0,0.0000e+0,2.4123e+11
0.05521,0.04375,3.0112e+0,0.0000e+0,1.8670e+11
0.05729,0.04375,2.9215e+0,1.8658e+10,8.1747e+10
0.05937,0.04375,2.8402e+0,1.0075e+10,1.0095e+11
0.06146,0.04375,2.7671e+0,0.0000e+0,5.0616e+11
0.06354,0.04375,2.6712e+0,0.0000e+0,2.6753e+11
0.06563,0.04375,2.5693e+0,0.0000e+0,3.3308e+11
0.06771,0.04375,2.4550e+0,0.0000e+0,1.2227e+11
0.06979,0.04375,2.3391e+0,0.0000e+0,5.5711e+9
0.07187,0.04375,2.2264e+0,0.0000e+0,1.6454e+11
0.07396,0.04375,2.1045e+0,0.0000e+0,1.1971e+11
0.07604,0.04375,1.9761e+0,0.0000e+0,2.0697e+11
0.07813,0.04375,1.8344e+0,0.0000e+0,2.2872e+11
0.08021,0.04375,1.6791e+0,0.0000e+0,8.9412e+10
0.08229,0.04375,1.5227e+0,6.2202e+9,1.9314e+11
0.08438,0.04375,1.3603e+0,2.3502e+9,2.9949e+11
0.08646,0.04375,1.1848e+0,0.0000e+0,2.8490e+11
0.08854,0.04375,9.9639e-1,0.0000e+0,1.7185e+11
0.09062,0.04375,8.0412e-1,0.0000e+0,5.9761e+10
0.09271,0.04375,6.1536e-1,0.0000e+0,0.0000e+0
0.09479,0.04375,4.3316e-1,0.0000e+0,0.0000e+0
0.09688,0.04375,2.5639e-1,0.0000e+0,0.0000e+0
0.09896,0.04375,8.4183e-2,0.0000e+0,0.0000e+0
0.00104,0.04792,4.5950e+0,0.0000e+0,0.0000e+0
0.00313,0.04792,4.5976e+0,0.0000e+0,0.0000e+0
0.00521,0.04792,4.6032e+0,0.0000e+0,0.0000e+0
0.00729,0.04792,4.6125e+0,0.0000e+0,0.0000e+0
0.00937,0.04792,4.6266e+0,0.0000e+0,0.0000e+0
0.01146,0.04792,4.6489e+0,0.0000e+0,0.0000e+0
0.01354,0.04792,4.6858e+0,0.0000e+0,1.1303e+12
0.01563,0.04792,4.6695e+0,0.0000e+0,5.0379e+11
0.01771,0.04792,4.6503e+0,0.0000e+0,1.4470e+12
0.01979,0.04792,4.5572e+0,1.7125e+11,1.5434e+11
0.02187,0.04792,4.4964e+0,8.1910e+11,6.9678e+11
0.02396,0.04792,4.4471e+0,0.0000e+0,3.9343e+11
0.02604,0.04792,4.3771e+0,1.2154e+11,1.7183e+11
0.02813,0.04792,4.3155e+0,8.0415e+10,0.0000e+0
0.03021,0.04792,4.2681e+0,0.0000e+0,0.0000e+0
0.03229,0.04792,4.2293e+0,0.0000e+0,1.6632e+11
0.03438,0.04792,4.1913e+0,0.0000e+0,3.9175e+11
0.03646,0.04792,4.1450e+0,0.0000e+0,7.8452e+11
0.03854,0.04792,4.0648e+0,0.0000e+0,3.8226e+11
0.04063,0.04792,3.9758e+0,7.7470e+10,4.9426e+11
0.04271,0.04792,3.8671e+0,2.8460e+11,2.4440e+11
0.04479,0.04792,3.7735e+0,0.0000e+0,5.0524e+10
0.04688,0.04792,3.6826e+0,0.0000e+0,4.5774e+10
0.04896,0.04792,3.5905e+0,7.6423e+9,3.1127e+9
0.05104,0.04792,3.5029e+0,4.4615e+10,2.0080e+10
0.05312,0.04792,3.4237e+0,0.0000e+0,1.8747e+11
0.05521,0.04792,3.3366e+0,0.0000e+0,1.3280e+11
0.05729,0.04792,3.2450e+0,0.0000e+0,5.8459e+10
0.05937,0.04792,3.1559e+0,0.0000e+0,1.1099e+11
0.06146,0.04792,3.0633e+0,0.0000e+0,2.4074e+11
0.06354,0.04792,2.9563e+0,0.0000e+0,0.0000e+0
0.06563,0.04792,2.8527e+0,0.0000e+0,1.5077e+11
0.06771,0.04792,2.7438e+0,0.0000e+0,1.2540e+11
0.06979,0.04792,2.6357e+0,0.0000e+0,3.4388e+11
0.07187,0.04792,2.5148e+0,0.0000e+0,1.6880e+11
0.07396,0.04792,2.3938e+0,0.0000e+0,4.1427e+11
0.07604,0.04792,2.2574e+0,0.0000e+0,6.3120e+11
0.07813,0.04792,2.0922e+0,0.0000e+0,4.6106e+11
0.08021,0.04792,1.9092e+0,0.0000e+0,1.4774e+11
0.08229,0.04792,1.7295e+0,1.8993e+11,4.1131e+11
0.08438,0.04792,1.5460e+0,7.1762e+10,4.3572e+11
0.08646,0.04792,1.3496e+0,0.0000e+0,5.6152e+11
0.08854,0.04792,1.1258e+0,0.0000e+0,1.1599e+11
0.09062,0.04792,9.0447e-1,0.0000e+0,1.2595e+10
0.09271,0.04792,6.9129e-1,0.0000e+0,0.0000e+0
0.09479,0.04792,4.8603e-1,0.0000e+0,0.0000e+0
0.09688,0.04792,2.8743e-1,0.0000e+0,0.0000e+0
0.09896,0.04792,9.4333e-2,0.0000e+0,0.0000e+0
0.00104,0.05208,5.0332e+0,0.0000e+0,0.0000e+0
0.00313,0.05208,5.0366e+0,0.0000e+0,0.0000e+0
0.00521,0.05208,5.0431e+0,0.0000e+0,0.0000e+0
0.00729,0.05208,5.0523e+0,0.0000e+0,0.0000e+0
0.00937,0.05208,5.0634e+0,0.0000e+0,0.0000e+0
0.01146,0.05208,5.0747e+0,0.0000e+0,0.0000e+0
0.01354,0.05208,5.0827e+0,0.0000e+0,1.6040e+11
0.01563,0.05208,5.0748e+0,0.0000e+0,1.0288e+11
0.01771,0.05208,5.0596e+0,0.0000e+0,4.5805e+11
0.01979,0.05208,5.0092e+0,8.7417e+9,1.1823e+11
0.02187,0.05208,4.9593e+0,4.1812e+10,1.2574e+11
0.02396,0.05208,4.9095e+0,0.0000e+0,3.6353e+11
0.02604,0.05208,4.8322e+0,0.0000e+0,3.2125e+10
0.02813,0.05208,4.7591e+0,0.0000e+0,0.0000e+0
0.03021,0.05208,4.6996e+0,0.0000e+0,3.5226e+11
0.03229,0.05208,4.6330e+0,0.0000e+0,3.5612e+11
0.03438,0.05208,4.5577e+0,0.0000e+0,1.3269e+11
0.03646,0.05208,4.4828e+0,0.0000e+0,4.9599e+10
0.03854,0.05208,4.4039e+0,1.9705e+11,3.3721e+11
0.04063,0.05208,4.3155e+0,4.7178e+10,3.3503e+11
0.04271,0.05208,4.2124e+0,1.3192e+11,2.7427e+11
0.04479,0.05208,4.1106e+0,4.0869e+11,3.0965e+11
0.04688,0.05208,4.0209e+0,1.2425e+10,2.6796e+11
0.04896,0.05208,3.9225e+0,0.0000e+0,5.1581e+10
0.05104,0.05208,3.8251e+0,0.0000e+0,0.0000e+0
0.05312,0.05208,3.7356e+0,3.0634e+10,1.1263e+11
0.05521,0.05208,3.6522e+0,5.7753e+10,5.0542e+11
0.05729,0.05208,3.5533e+0,0.0000e+0,7.6617e+10
0.05937,0.05208,3.4631e+0,0.0000e+0,4.2937e+11
0.06146,0.05208,3.3550e+0,2.3206e+8,2.8988e+11
0.06354,0.05208,3.2417e+0,2.4908e+11,5.4537e+11
0.06563,0.05208,3.1235e+0,8.3501e+10,3.3503e+11
0.06771,0.05208,3.0034e+0,0.0000e+0,2.0958e+11
0.06979,0.05208,2.8892e+0,1.7475e+11,6.5093e+11
0.07187,0.05208,2.7647e+0,1.0216e+11,5.5612e+11
0.07396,0.05208,2.6292e+0,0.0000e+0,6.3025e+11
0.07604,0.05208,2.4724e+0,0.0000e+0,5.8984e+11
0.07813,0.05208,2.2943e+0,0.0000e+0,4.7842e+11
0.08021,0.05208,2.0990e+0,0.0000e+0,3.2765e+11
0.08229,0.05208,1.8962e+0,1.7086e+11,3.6340e+11
0.08438,0.05208,1.6924e+0,4.1049e+10,5.3162e+11
0.08646,0.05208,1.4677e+0,0.0000e+0,3.6804e+11
0.08854,0.05208,1.2295e+0,0.0000e+0,2.1566e+11
0.09062,0.05208,9.8847e-1,0.0000e+0,6.9024e+10
0.09271,0.05208,7.5440e-1,0.0000e+0,0.0000e+0
0.09479,0.05208,5.3000e-1,0.0000e+0,0.0000e+0
0.09688,0.05208,3.1332e-1,0.0000e+0,0.0000e+0
0.09896,0.05208,1.0281e-1,0.0000e+0,0.0000e+0
0.00104,0.05625,5.4452e+0,0.0000e+0,0.0000e+0
0.00313,0.05625,5.4498e+0,0.0000e+0,0.0000e+0
0.00521,0.05625,5.4589e+0,0.0000e+0,0.0000e+0
0.00729,0.05625,5.4722e+0,0.0000e+0,0.0000e+0
0.00937,0.05625,5.4889e+0,0.0000e+0,9.8304e+9
0.01146,0.05625,5.5062e+0,0.0000e+0,3.8461e+11
0.01354,0.05625,5.4930e+0,0.0000e+0,0.0000e+0
0.01563,0.05625,5.4838e+0,0.0000e+0,0.0000e+0
0.01771,0.05625,5.4810e+0,0.0000e+0,5.7520e+11
0.01979,0.05625,5.4471e+0,0.0000e+0,2.8560e+11
0.02187,0.05625,5.4092e+0,0.0000e+0,0.0000e+0
0.02396,0.05625,5.3894e+0,0.0000e+0,1.5358e+12
0.02604,0.05625,5.2848e+0,0.0000e+0,5.7721e+11
0.02813,0.05625,5.1678e+0,0.0000e+0,9.7665e+10
0.03021,0.05625,5.0661e+0,0.0000e+0,4.8282e+10
0.03229,0.05625,4.9776e+0,0.0000e+0,3.8431e+10
0.03438,0.05625,4.8993e+0,0.0000e+0,0.0000e+0
0.03646,0.05625,4.8385e+0,0.0000e+0,7.1745e+11
0.03854,0.05625,4.7484e+0,3.5098e+11,9.5888e+11
0.04063,0.05625,4.6376e+0,2.0070e+10,2.4706e+11
0.04271,0.05625,4.5292e+0,0.0000e+0,1.1147e+11
0.04479,0.05625,4.4310e+0,7.5870e+10,1.4178e+11
0.04688,0.05625,4.3479e+0,2.3066e+9,5.5553e+11
0.04896,0.05625,4.2511e+0,0.0000e+0,7.0802e+11
0.05104,0.05625,4.1307e+0,0.0000e+0,3.4266e+11
0.05312,0.05625,4.0091e+0,1.1182e+11,1.1701e+11
0.05521,0.05625,3.9025e+0,2.1081e+11,1.1206e+11
0.05729,0.05625,3.8165e+0,0.0000e+0,3.6712e+11
0.05937,0.05625,3.7211e+0,0.0000e+0,7.2502e+11
0.06146,0.05625,3.5911e+0,4.4548e+8,5.9790e+10
0.06354,0.05625,3.4714e+0,3.1367e+11,6.1145e+11
0.06563,0.05625,3.3400e+0,5.3489e+10,4.5826e+11
0.06771,0.05625,3.1884e+0,1.7379e+11,4.4835e+10
0.06979,0.05625,3.0537e+0,1.2679e+11,1.6029e+11
0.07187,0.05625,2.9256e+0,1.4933e+10,5.3366e+11
0.07396,0.05625,2.7684e+0,0.0000e+0,1.6790e+11
0.07604,0.05625,2.6058e+0,0.0000e+0,2.2759e+11
0.07813,0.05625,2.4346e+0,0.0000e+0,4.9770e+11
0.08021,0.05625,2.2365e+0,0.0000e+0,3.8875e+11
0.08229,0.05625,2.0229e+0,4.7491e+10,4.7729e+11
0.08438,0.05625,1.7910e+0,1.1409e+10,3.4600e+11
0.08646,0.05625,1.5459e+0,0.0000e+0,1.5682e+11
0.08854,0.05625,1.2999e+0,0.0000e+0,2.8016e+11
0.09062,0.05625,1.0447e+0,0.0000e+0,0.0000e+0
0.09271,0.05625,7.9934e-1,0.0000e+0,0.0000e+0
0.09479,0.05625,5.6250e-1,0.0000e+0,0.0000e+0
0.09688,0.05625,3.3285e-1,0.0000e+0,0.0000e+0
0.09896,0.05625,1.0927e-1,0.0000e+0,0.0000e+0
0.00104,0.06042,5.8200e+0,0.0000e+0,0.0000e+0
0.00313,0.06042,5.8264e+0,0.0000e+0,0.0000e+0
0.00521,0.06042,5.8398e+0,0.0000e+0,0.0000e+0
0.00729,0.06042,5.8614e+0,0.0000e+0,0.0000e+0
0.00937,0.06042,5.8938e+0,0.0000e+0,3.9101e+10
0.01146,0.06042,5.9383e+0,0.0000e+0,1.5298e+12
0.01354,0.06042,5.8947e+0,0.0000e+0,0.0000e+0
0.01563,0.06042,5.8698e+0,0.0000e+0,0.0000e+0
0.01771,0.06042,5.8548e+0,0.0000e+0,2.6104e+11
0.01979,0.06042,5.8257e+0,0.0000e+0,1.5701e+11
0.02187,0.06042,5.7980e+0,0.0000e+0,6.6522e+11
0.02396,0.06042,5.7478e+0,0.0000e+0,1.2444e+12
0.02604,0.06042,5.6406e+0,0.0000e+0,7.7735e+11
0.02813,0.06042,5.5175e+0,0.0000e+0,6.0525e+11
0.03021,0.06042,5.3909e+0,0.0000e+0,1.1960e+11
0.03229,0.06042,5.2907e+0,0.0000e+0,3.7810e+11
0.03438,0.06042,5.1884e+0,0.0000e+0,0.0000e+0
0.03646,0.06042,5.1030e+0,0.0000e+0,2.1091e+11
0.03854,0.06042,5.0136e+0,0.0000e+0,4.8865e+11
0.04063,0.06042,4.9017e+0,0.0000e+0,1.8180e+11
0.04271,0.06042,4.7903e+0,0.0000e+0,1.1320e+11
0.04479,0.06042,4.6831e+0,0.0000e+0,1.4398e+11
0.04688,0.06042,4.5750e+0,0.0000e+0,2.1239e+10
0.04896,0.06042,4.4700e+0,0.0000e+0,2.1009e+11
0.05104,0.06042,4.3529e+0,0.0000e+0,1.5340e+11
0.05312,0.06042,4.2343e+0,0.0000e+0,5.0006e+10
0.05521,0.06042,4.1228e+0,0.0000e+0,5.7515e+10
0.05729,0.06042,4.0154e+0,2.7238e+11,3.8622e+11
0.05937,0.06042,3.9054e+0,8.8501e+10,2.4408e+11
0.06146,0.06042,3.7848e+0,0.0000e+0,1.2941e+11
0.06354,0.06042,3.6647e+0,0.0000e+0,3.7160e+11
0.06563,0.06042,3.5294e+0,0.0000e+0,6.5440e+11
0.06771,0.06042,3.3600e+0,1.5316e+11,2.4452e+11
0.06979,0.06042,3.1988e+0,1.1482e+11,6.4779e+10
0.07187,0.06042,3.0556e+0,0.0000e+0,3.9746e+11
0.07396,0.06042,2.8948e+0,0.0000e+0,3.5252e+11
0.07604,0.06042,2.7204e+0,0.0000e+0,2.1030e+11
0.07813,0.06042,2.5452e+0,0.0000e+0,7.3339e+11
0.08021,0.06042,2.3358e+0,0.0000e+0,4.7444e+11
0.08229,0.06042,2.1115e+0,0.0000e+0,5.7021e+11
0.08438,0.06042,1.8626e+0,0.0000e+0,3.3522e+11
0.08646,0.06042,1.6018e+0,0.0000e+0,9.4451e+10
0.08854,0.06042,1.3432e+0,0.0000e+0,9.6121e+10
0.09062,0.06042,1.0841e+0,0.0000e+0,0.0000e+0
0.09271,0.06042,8.3202e-1,0.0000e+0,0.0000e+0
0.09479,0.06042,5.8670e-1,0.0000e+0,0.0000e+0
0.09688,0.06042,3.4761e-1,0.0000e+0,0.0000e+0
0.09896,0.06042,1.1418e-1,0.0000e+0,0.0000e+0
0.00104,0.06458,6.1428e+0,0.0000e+0,0.0000e+0
0.00313,0.06458,6.1480e+0,0.0000e+0,0.0000e+0
0.00521,0.06458,6.1591e+0,0.0000e+0,0.0000e+0
0.00729,0.06458,6.1770e+0,0.0000e+0,0.0000e+0
0.00937,0.06458,6.2035e+0,0.0000e+0,0.0000e+0
0.01146,0.06458,6.2420e+0,0.0000e+0,7.7942e+11
0.01354,0.06458,6.2422e+0,0.0000e+0,7.3768e+11
0.01563,0.06458,6.2264e+0,0.0000e+0,5.6228e+11
0.01771,0.06458,6.2137e+0,0.0000e+0,1.1966e+12
0.01979,0.06458,6.1613e+0,0.0000e+0,9.5097e+11
0.02187,0.06458,6.0829e+0,0.0000e+0,9.1172e+11
0.02396,0.06458,5.9707e+0,0.0000e+0,3.4134e+11
0.02604,0.06458,5.8523e+0,0.0000e+0,2.8892e+11
0.02813,0.06458,5.7284e+0,1.9328e+11,3.7804e+11
0.03021,0.06458,5.6035e+0,4.8017e+11,1.1255e+11
0.03229,0.06458,5.5201e+0,2.8506e+9,2.1619e+11
0.03438,0.06458,5.4325e+0,0.0000e+0,3.3760e+11
0.03646,0.06458,5.3370e+0,3.5554e+11,6.3551e+11
0.03854,0.06458,5.2372e+0,1.3596e+11,4.3231e+11
0.04063,0.06458,5.1296e+0,0.0000e+0,1.2772e+11
0.04271,0.06458,5.0202e+0,0.0000e+0,5.0372e+10
0.04479,0.06458,4.9135e+0,0.0000e+0,1.0852e+11
0.04688,0.06458,4.8026e+0,0.0000e+0,8.1894e+10
0.04896,0.06458,4.6894e+0,0.0000e+0,3.9796e+11
0.05104,0.06458,4.5526e+0,1.9339e+11,2.6897e+10
0.05312,0.06458,4.4335e+0,4.6733e+10,0.0000e+0
0.05521,0.06458,4.3250e+0,0.0000e+0,9.5507e+10
0.05729,0.06458,4.2167e+0,2.0164e+11,5.9572e+11
0.05937,0.06458,4.0902e+0,2.0846e+11,4.4719e+11
0.06146,0.06458,3.9524e+0,1.5678e+10,3.8413e+10
0.06354,0.06458,3.8185e+0,9.8073e+10,3.6521e+11
0.06563,0.06458,3.6691e+0,0.0000e+0,4.4291e+11
0.06771,0.06458,3.4875e+0,2.0936e+11,8.4945e+10
0.06979,0.06458,3.3112e+0,2.4119e+11,7.1524e+8
0.07187,0.06458,3.1490e+0,3.8040e+10,8.0438e+9
0.07396,0.06458,2.9834e+0,0.0000e+0,2.6782e+11
0.07604,0.06458,2.7916e+0,0.0000e+0,1.3556e+11
0.07813,0.06458,2.5823e+0,7.9417e+10,3.2676e+10
0.08021,0.06458,2.3684e+0,4.8439e+10,1.3298e+11
0.08229,0.06458,2.1435e+0,0.0000e+0,2.2070e+11
0.08438,0.06458,1.9018e+0,0.0000e+0,2.4593e+11
0.08646,0.06458,1.6440e+0,0.0000e+0,9.1279e+10
0.08854,0.06458,1.3826e+0,0.0000e+0,8.4455e+10
0.09062,0.06458,1.1187e+0,0.0000e+0,0.0000e+0
0.09271,0.06458,8.6015e-1,0.0000e+0,0.0000e+0
0.09479,0.06458,6.0727e-1,0.0000e+0,0.0000e+0
0.09688,0.06458,3.6008e-1,0.0000e+0,0.0000e+0
0.09896,0.06458,1.1833e-1,0.0000e+0,0.0000e+0
0.00104,0.06875,6.4242e+0,0.0000e+0,0.0000e+0
0.00313,0.06875,6.4257e+0,0.0000e+0,0.0000e+0
0.00521,0.06875,6.4286e+0,0.0000e+0,0.0000e+0
0.00729,0.06875,6.4325e+0,0.0000e+0,0.0000e+0
0.00937,0.06875,6.4366e+0,0.0000e+0,0.0000e+0
0.01146,0.06875,6.4393e+0,0.0000e+0,1.4313e+11
0.01354,0.06875,6.4268e+0,0.0000e+0,1.3547e+11
0.01563,0.06875,6.4013e+0,0.0000e+0,3.1513e+10
0.01771,0.06875,6.3710e+0,0.0000e+0,3.9311e+10
0.01979,0.06875,6.3297e+0,0.0000e+0,3.6549e+11
0.02187,0.06875,6.2528e+0,0.0000e+0,2.9168e+11
0.02396,0.06875,6.1510e+0,0.0000e+0,1.5320e+11
0.02604,0.06875,6.0347e+0,1.0961e+11,1.4070e+11
0.02813,0.06875,5.9187e+0,2.3950e+11,4.4576e+11
0.03021,0.06875,5.7951e+0,7.2764e+11,1.7064e+11
0.03229,0.06875,5.7207e+0,1.1270e+10,4.1158e+11
0.03438,0.06875,5.6241e+0,0.0000e+0,3.1033e+11
0.03646,0.06875,5.5144e+0,8.1883e+10,0.0000e+0
0.03854,0.06875,5.4195e+0,1.5175e+11,0.0000e+0
0.04063,0.06875,5.3473e+0,2.1954e+10,6.4104e+11
0.04271,0.06875,5.2446e+0,0.0000e+0,1.4813e+11
0.04479,0.06875,5.1464e+0,0.0000e+0,4.1309e+11
0.04688,0.06875,5.0339e+0,0.0000e+0,4.9910e+11
0.04896,0.06875,4.8995e+0,0.0000e+0,2.6527e+11
0.05104,0.06875,4.7515e+0,3.2964e+11,0.0000e+0
0.05312,0.06875,4.6264e+0,2.6198e+11,2.1325e+11
0.05521,0.06875,4.5124e+0,0.0000e+0,2.4411e+11
0.05729,0.06875,4.3877e+0,1.1850e+11,3.0269e+11
0.05937,0.06875,4.2581e+0,7.0309e+9,2.8057e+11
0.06146,0.06875,4.1163e+0,3.3118e+10,1.1341e+11
0.06354,0.06875,3.9728e+0,2.0718e+11,3.4416e+11
0.06563,0.06875,3.8191e+0,0.0000e+0,2.4843e+11
0.06771,0.06875,3.6485e+0,0.0000e+0,1.8868e+11
0.06979,0.06875,3.4682e+0,7.3587e+10,1.3257e+11
0.07187,0.06875,3.2854e+0,1.8760e+11,7.6200e+10
0.07396,0.06875,3.1127e+0,0.0000e+0,4.1680e+11
0.07604,0.06875,2.9126e+0,1.4247e+10,5.8788e+11
0.07813,0.06875,2.6797e+0,1.2112e+11,3.0603e+11
0.08021,0.06875,2.4400e+0,5.9076e+10,1.0447e+11
0.08229,0.06875,2.1974e+0,0.0000e+0,2.2746e+10
0.08438,0.06875,1.9525e+0,0.0000e+0,1.7244e+11
0.08646,0.06875,1.6971e+0,0.0000e+0,2.1594e+11
0.08854,0.06875,1.4298e+0,0.0000e+0,1.6214e+11
0.09062,0.06875,1.1563e+0,0.0000e+0,1.5144e+10
0.09271,0.06875,8.8848e-1,0.0000e+0,0.0000e+0
0.09479,0.06875,6.2713e-1,0.0000e+0,0.0000e+0
0.09688,0.06875,3.7184e-1,0.0000e+0,0.0000e+0
0.09896,0.06875,1.2219e-1,0.0000e+0,0.0000e+0
0.00104,0.07292,6.6922e+0,0.0000e+0,0.0000e+0
0.00313,0.07292,6.6909e+0,0.0000e+0,0.0000e+0
0.00521,0.07292,6.6880e+0,0.0000e+0,0.0000e+0
0.00729,0.07292,6.6823e+0,0.0000e+0,0.0000e+0
0.00937,0.07292,6.6725e+0,0.0000e+0,0.0000e+0
0.01146,0.07292,6.6564e+0,0.0000e+0,0.0000e+0
0.01354,0.07292,6.6321e+0,0.0000e+0,0.0000e+0
0.01563,0.07292,6.6010e+0,0.0000e+0,0.0000e+0
0.01771,0.07292,6.5771e+0,0.0000e+0,8.6413e+10
0.01979,0.07292,6.5506e+0,0.0000e+0,9.2119e+11
0.02187,0.07292,6.4648e+0,0.0000e+0,8.8127e+10
0.02396,0.07292,6.3795e+0,0.0000e+0,7.4305e+11
0.02604,0.07292,6.2416e+0,2.3235e+11,2.1272e+11
0.02813,0.07292,6.1060e+0,3.2590e+11,0.0000e+0
0.03021,0.07292,5.9959e+0,1.4122e+11,7.0066e+9
0.03229,0.07292,5.9039e+0,4.9313e+9,2.6714e+11
0.03438,0.07292,5.7961e+0,0.0000e+0,0.0000e+0
0.03646,0.07292,5.6877e+0,0.0000e+0,0.0000e+0
0.03854,0.07292,5.5758e+0,6.8176e+11,0.0000e+0
0.04063,0.07292,5.5074e+0,1.1495e+11,1.8754e+11
0.04271,0.07292,5.4245e+0,0.0000e+0,1.3501e+11
0.04479,0.07292,5.3265e+0,0.0000e+0,9.1911e+10
0.04688,0.07292,5.2178e+0,0.0000e+0,5.2008e+10
0.04896,0.07292,5.1045e+0,0.0000e+0,3.0652e+11
0.05104,0.07292,4.9724e+0,3.6982e+10,4.7627e+11
0.05312,0.07292,4.8200e+0,3.5817e+11,2.2084e+11
0.05521,0.07292,4.6843e+0,2.7628e+11,5.3783e+11
0.05729,0.07292,4.5392e+0,3.6785e+11,2.2918e+11
0.05937,0.07292,4.4121e+0,1.4818e+10,3.0296e+11
0.06146,0.07292,4.2814e+0,0.0000e+0,4.1271e+11
0.06354,0.07292,4.1395e+0,0.0000e+0,5.2433e+11
0.06563,0.07292,3.9794e+0,0.0000e+0,3.8934e+11
0.06771,0.07292,3.8106e+0,0.0000e+0,4.2220e+11
0.06979,0.07292,3.6322e+0,0.0000e+0,4.6391e+11
0.07187,0.07292,3.4435e+0,0.0000e+0,5.1391e+11
0.07396,0.07292,3.2413e+0,0.0000e+0,6.4058e+11
0.07604,0.07292,3.0093e+0,9.2849e+10,3.0774e+11
0.07813,0.07292,2.7714e+0,1.5815e+11,2.5018e+11
0.08021,0.07292,2.5303e+0,0.0000e+0,2.1004e+11
0.08229,0.07292,2.2781e+0,0.0000e+0,2.5823e+11
0.08438,0.07292,2.0153e+0,0.0000e+0,1.0675e+11
0.08646,0.07292,1.7558e+0,0.0000e+0,4.4667e+11
0.08854,0.07292,1.4761e+0,0.0000e+0,2.1822e+11
0.09062,0.07292,1.1913e+0,0.0000e+0,1.1708e+10
0.09271,0.07292,9.1472e-1,0.0000e+0,0.0000e+0
0.09479,0.07292,6.4551e-1,0.0000e+0,0.0000e+0
0.09688,0.07292,3.8272e-1,0.0000e+0,0.0000e+0
0.09896,0.07292,1.2576e-1,0.0000e+0,0.0000e+0
0.00104,0.07708,6.9709e+0,0.0000e+0,0.0000e+0
0.00313,0.07708,6.9695e+0,0.0000e+0,0.0000e+0
0.00521,0.07708,6.9658e+0,0.0000e+0,0.0000e+0
0.00729,0.07708,6.9583e+0,0.0000e+0,0.0000e+0
0.00937,0.07708,6.9447e+0,0.0000e+0,0.0000e+0
0.01146,0.07708,6.9213e+0,0.0000e+0,0.0000e+0
0.01354,0.07708,6.8823e+0,0.0000e+0,1.0103e+11
0.01563,0.07708,6.8141e+0,1.2186e+12,1.2842e+11
0.01771,0.07708,6.7831e+0,1.8461e+11,1.1512e+10
0.01979,0.07708,6.7427e+0,0.0000e+0,1.2272e+11
0.02187,0.07708,6.6803e+0,0.0000e+0,2.5267e+10
0.02396,0.07708,6.6235e+0,0.0000e+0,1.2726e+12
0.02604,0.07708,6.4962e+0,0.0000e+0,9.5400e+11
0.02813,0.07708,6.3306e+0,0.0000e+0,0.0000e+0
0.03021,0.07708,6.1858e+0,7.3422e+11,1.2740e+11
0.03229,0.07708,6.0942e+0,1.4269e+11,2.2644e+11
0.03438,0.07708,5.9964e+0,4.4516e+10,1.4594e+11
0.03646,0.07708,5.9003e+0,0.0000e+0,5.2467e+10
0.03854,0.07708,5.8043e+0,1.8573e+11,0.0000e+0
0.04063,0.07708,5.7244e+0,2.8353e+10,1.2946e+11
0.04271,0.07708,5.6397e+0,0.0000e+0,2.0680e+11
0.04479,0.07708,5.5392e+0,0.0000e+0,3.0084e+11
0.04688,0.07708,5.4237e+0,0.0000e+0,1.2405e+11
0.04896,0.07708,5.3093e+0,0.0000e+0,5.3598e+11
0.05104,0.07708,5.1648e+0,6.2096e+9,3.9281e+11
0.05312,0.07708,4.9994e+0,1.1162e+11,2.1674e+11
0.05521,0.07708,4.8343e+0,2.4891e+11,2.7271e+11
0.05729,0.07708,4.6701e+0,1.0730e+11,4.7000e+9
0.05937,0.07708,4.5150e+0,3.3122e+11,0.0000e+0
0.06146,0.07708,4.3797e+0,2.0088e+11,3.6571e+11
0.06354,0.07708,4.2344e+0,1.4108e+11,3.0769e+11
0.06563,0.07708,4.0731e+0,0.0000e+0,1.9374e+11
0.06771,0.07708,3.8998e+0,0.0000e+0,1.7775e+11
0.06979,0.07708,3.7136e+0,0.0000e+0,1.5209e+11
0.07187,0.07708,3.5165e+0,1.6915e+11,2.7142e+11
0.07396,0.07708,3.3123e+0,4.0492e+11,6.0501e+11
0.07604,0.07708,3.0927e+0,1.5668e+10,1.7183e+11
0.07813,0.07708,2.8671e+0,0.0000e+0,4.0432e+11
0.08021,0.07708,2.6244e+0,0.0000e+0,7.1226e+11
0.08229,0.07708,2.3460e+0,3.7452e+10,3.3937e+11
0.08438,0.07708,2.0578e+0,1.1849e+11,7.2814e+10
0.08646,0.07708,1.7805e+0,9.1302e+10,1.5333e+11
0.08854,0.07708,1.5006e+0,0.0000e+0,1.0775e+11
0.09062,0.07708,1.2158e+0,0.0000e+0,0.0000e+0
0.09271,0.07708,9.3598e-1,0.0000e+0,0.0000e+0
0.09479,0.07708,6.6155e-1,0.0000e+0,0.0000e+0
0.09688,0.07708,3.9258e-1,0.0000e+0,0.0000e+0
0.09896,0.07708,1.2906e-1,0.0000e+0,0.0000e+0
0.00104,0.08125,7.2617e+0,0.0000e+0,0.0000e+0
0.00313,0.08125,7.2637e+0,0.0000e+0,0.0000e+0
0.00521,0.08125,7.2673e+0,0.0000e+0,0.0000e+0
0.00729,0.08125,7.2712e+0,0.0000e+0,0.0000e+0
0.00937,0.08125,7.2720e+0,0.0000e+0,0.0000e+0
0.01146,0.08125,7.2717e+0,0.0000e+0,4.4675e+11
0.01354,0.08125,7.2495e+0,0.0000e+0,6.9679e+11
0.01563,0.08125,7.2088e+0,4.6412e+9,1.5539e+12
0.01771,0.08125,7.1040e+0,7.0312e+8,5.4351e+11
0.01979,0.08125,7.0055e+0,0.0000e+0,6.9271e+11
0.02187,0.08125,6.8882e+0,0.0000e+0,1.1776e+11
0.02396,0.08125,6.7818e+0,0.0000e+0,3.9971e+11
0.02604,0.08125,6.6515e+0,0.0000e+0,9.9504e+10
0.02813,0.08125,6.5180e+0,0.0000e+0,0.0000e+0
0.03021,0.08125,6.3955e+0,2.9432e+11,1.2824e+11
0.03229,0.08125,6.3019e+0,4.0307e+11,6.8157e+11
0.03438,0.08125,6.1837e+0,1.1985e+12,4.5583e+11
0.03646,0.08125,6.1181e+0,3.6130e+11,6.9065e+11
0.03854,0.08125,6.0318e+0,0.0000e+0,2.7124e+10
0.04063,0.08125,5.9485e+0,1.0060e+11,7.2565e+10
0.04271,0.08125,5.8707e+0,2.1808e+10,7.6682e+11
0.04479,0.08125,5.7379e+0,0.0000e+0,3.0018e+10
0.04688,0.08125,5.6069e+0,2.5688e+11,1.1965e+11
0.04896,0.08125,5.4882e+0,7.7051e+10,4.0542e+11
0.05104,0.08125,5.3472e+0,6.1940e+10,5.9621e+11
0.05312,0.08125,5.1727e+0,2.4398e+11,3.9870e+11
0.05521,0.08125,4.9954e+0,1.4449e+11,8.9029e+10
0.05729,0.08125,4.8239e+0,4.3146e+8,0.0000e+0
0.05937,0.08125,4.6590e+0,4.2282e+10,0.0000e+0
0.06146,0.08125,4.5057e+0,1.0230e+10,2.0889e+11
0.06354,0.08125,4.3480e+0,7.1844e+9,3.7848e+11
0.06563,0.08125,4.1755e+0,2.9544e+11,4.5013e+11
0.06771,0.08125,4.0068e+0,5.4895e+10,5.8096e+11
0.06979,0.08125,3.8134e+0,1.6450e+10,2.8425e+11
0.07187,0.08125,3.6126e+0,1.3613e+10,1.9134e+11
0.07396,0.08125,3.4076e+0,2.3076e+11,8.1731e+11
0.07604,0.08125,3.1704e+0,2.8580e+11,4.5794e+11
0.07813,0.08125,2.9295e+0,0.0000e+0,3.7212e+11
0.08021,0.08125,2.6643e+0,0.0000e+0,1.2818e+11
0.08229,0.08125,2.3873e+0,1.6886e+11,2.2068e+11
0.08438,0.08125,2.1018e+0,2.5781e+11,1.5489e+11
0.08646,0.08125,1.8236e+0,9.5234e+10,2.6965e+11
0.08854,0.08125,1.5372e+0,3.6721e+10,1.5955e+11
0.09062,0.08125,1.2464e+0,0.0000e+0,0.0000e+0
0.09271,0.08125,9.6063e-1,0.0000e+0,0.0000e+0
0.09479,0.08125,6.7964e-1,0.0000e+0,0.0000e+0
0.09688,0.08125,4.0358e-1,0.0000e+0,0.0000e+0
0.09896,0.08125,1.3272e-1,0.0000e+0,0.0000e+0
0.00104,0.08542,7.5360e+0,0.0000e+0,0.0000e+0
0.00313,0.08542,7.5439e+0,0.0000e+0,0.0000e+0
0.00521,0.08542,7.5616e+0,0.0000e+0,0.0000e+0
0.00729,0.08542,7.5941e+0,0.0000e+0,7.4980e+11
0.00937,0.08542,7.6031e+0,0.0000e+0,1.1164e+12
0.01146,0.08542,7.5774e+0,0.0000e+0,1.5489e+12
0.01354,0.08542,7.4914e+0,0.0000e+0,5.9124e+11
0.01563,0.08542,7.4105e+0,0.0000e+0,1.3124e+12
0.01771,0.08542,7.2772e+0,0.0000e+0,9.5349e+10
0.01979,0.08542,7.1709e+0,0.0000e+0,4.0819e+11
0.02187,0.08542,7.0582e+0,0.0000e+0,2.0387e+11
0.02396,0.08542,6.9512e+0,0.0000e+0,4.3229e+11
0.02604,0.08542,6.8309e+0,0.0000e+0,3.3605e+11
0.02813,0.08542,6.6987e+0,5.0399e+11,1.9124e+11
0.03021,0.08542,6.5908e+0,6.3696e+11,0.0000e+0
0.03229,0.08542,6.5289e+0,0.0000e+0,5.2902e+11
0.03438,0.08542,6.4270e+0,6.4836e+11,5.4767e+11
0.03646,0.08542,6.3346e+0,8.3971e+10,1.1463e+10
0.03854,0.08542,6.2572e+0,0.0000e+0,3.9762e+11
0.04063,0.08542,6.1732e+0,3.8590e+11,6.9693e+11
0.04271,0.08542,6.1044e+0,9.1066e+10,1.8737e+12
0.04479,0.08542,5.9444e+0,0.0000e+0,1.9571e+11
0.04688,0.08542,5.8070e+0,1.1074e+11,4.3734e+11
0.04896,0.08542,5.6749e+0,5.1076e+10,7.4116e+11
0.05104,0.08542,5.5215e+0,3.5506e+11,9.1033e+11
0.05312,0.08542,5.3543e+0,1.6968e+10,7.9643e+11
0.05521,0.08542,5.1654e+0,4.3316e+10,4.9180e+11
0.05729,0.08542,4.9759e+0,1.6513e+10,2.5377e+11
0.05937,0.08542,4.7952e+0,0.0000e+0,4.0107e+11
0.06146,0.08542,4.6048e+0,0.0000e+0,2.3368e+10
0.06354,0.08542,4.4241e+0,0.0000e+0,4.8220e+10
0.06563,0.08542,4.2455e+0,2.0591e+10,1.3210e+11
0.06771,0.08542,4.0629e+0,3.0031e+11,1.3330e+11
0.06979,0.08542,3.8870e+0,2.9428e+11,4.9046e+11
0.07187,0.08542,3.6914e+0,9.3325e+9,3.3510e+11
0.07396,0.08542,3.4725e+0,9.8011e+10,3.8416e+11
0.07604,0.08542,3.2350e+0,1.6788e+11,1.5940e+11
0.07813,0.08542,2.9996e+0,0.0000e+0,3.8479e+11
0.08021,0.08542,2.7395e+0,0.0000e+0,2.2755e+11
0.08229,0.08542,2.4682e+0,0.0000e+0,3.2975e+11
0.08438,0.08542,2.1757e+0,3.1944e+10,1.5951e+11
0.08646,0.08542,1.8763e+0,1.5959e+11,5.5125e+10
0.08854,0.08542,1.5810e+0,3.0125e+11,2.9413e+11
0.09062,0.08542,1.2834e+0,8.5900e+10,0.0000e+0
0.09271,0.08542,9.9172e-1,0.0000e+0,0.0000e+0
0.09479,0.08542,7.0245e-1,0.0000e+0,0.0000e+0
0.09688,0.08542,4.1734e-1,0.0000e+0,0.0000e+0
0.09896,0.08542,1.3727e-1,0.0000e+0,0.0000e+0
0.00104,0.08958,7.7460e+0,0.0000e+0,0.0000e+0
0.00313,0.08958,7.7513e+0,0.0000e+0,0.0000e+0
0.00521,0.08958,7.7571e+0,0.0000e+0,0.0000e+0
0.00729,0.08958,7.7516e+0,0.0000e+0,3.0403e+11
0.00937,0.08958,7.7292e+0,0.0000e+0,4.6530e+11
0.01146,0.08958,7.6786e+0,0.0000e+0,6.8087e+11
0.01354,0.08958,7.5783e+0,0.0000e+0,3.6072e+11
0.01563,0.08958,7.4680e+0,0.0000e+0,0.0000e+0
0.01771,0.08958,7.3678e+0,0.0000e+0,0.0000e+0
0.01979,0.08958,7.2805e+0,0.0000e+0,3.6837e+11
0.02187,0.08958,7.1829e+0,0.0000e+0,3.9656e+11
0.02396,0.08958,7.0777e+0,0.0000e+0,0.0000e+0
0.02604,0.08958,6.9927e+0,5.0085e+10,3.0504e+11
0.02813,0.08958,6.9160e+0,3.0235e+11,9.4929e+11
0.03021,0.08958,6.8283e+0,4.0157e+11,5.2767e+11
0.03229,0.08958,6.7740e+0,0.0000e+0,1.2778e+12
0.03438,0.08958,6.6725e+0,0.0000e+0,1.0020e+12
0.03646,0.08958,6.5379e+0,0.0000e+0,4.5422e+11
0.03854,0.08958,6.4017e+0,0.0000e+0,2.1695e+11
0.04063,0.08958,6.2688e+0,3.4652e+11,3.1986e+11
0.04271,0.08958,6.1508e+0,1.4348e+11,1.8430e+11
0.04479,0.08958,6.0270e+0,0.0000e+0,1.7685e+11
0.04688,0.08958,5.9050e+0,3.9420e+10,8.4866e+11
0.04896,0.08958,5.7486e+0,6.9747e+10,2.2269e+11
0.05104,0.08958,5.6029e+0,2.3225e+10,1.0188e+12
0.05312,0.08958,5.4086e+0,1.0222e+11,1.8315e+11
0.05521,0.08958,5.2247e+0,2.4101e+11,2.7501e+11
0.05729,0.08958,5.0461e+0,1.1638e+11,1.8004e+11
0.05937,0.08958,4.8706e+0,0.0000e+0,2.7115e+11
0.06146,0.08958,4.6826e+0,0.0000e+0,1.5966e+10
0.06354,0.08958,4.4999e+0,1.5314e+10,0.0000e+0
0.06563,0.08958,4.3249e+0,3.4358e+10,0.0000e+0
0.06771,0.08958,4.1599e+0,0.0000e+0,8.4682e+10
0.06979,0.08958,3.9975e+0,0.0000e+0,8.5944e+11
0.07187,0.08958,3.7816e+0,0.0000e+0,2.8349e+11
0.07396,0.08958,3.5545e+0,1.2979e+10,2.8087e+11
0.07604,0.08958,3.3166e+0,1.0472e+11,3.0857e+11
0.07813,0.08958,3.0735e+0,0.0000e+0,3.1890e+11
0.08021,0.08958,2.8162e+0,0.0000e+0,1.1078e+11
0.08229,0.08958,2.5585e+0,0.0000e+0,6.1355e+11
0.08438,0.08958,2.2642e+0,0.0000e+0,1.7177e+11
0.08646,0.08958,1.9669e+0,4.1844e+10,1.8595e+11
0.08854,0.08958,1.6692e+0,7.9233e+10,4.7096e+11
0.09062,0.08958,1.3526e+0,5.1626e+10,1.2326e+11
0.09271,0.08958,1.0395e+0,0.0000e+0,0.0000e+0
0.09479,0.08958,7.3388e-1,0.0000e+0,0.0000e+0
0.09688,0.08958,4.3522e-1,0.0000e+0,0.0000e+0
0.09896,0.08958,1.4303e-1,0.0000e+0,0.0000e+0
0.00104,0.09375,7.9166e+0,0.0000e+0,0.0000e+0
0.00313,0.09375,7.9407e+0,0.0000e+0,0.0000e+0
0.00521,0.09375,7.9971e+0,0.0000e+0,3.1950e+12
0.00729,0.09375,7.8971e+0,0.0000e+0,1.8105e+11
0.00937,0.09375,7.8547e+0,0.0000e+0,6.3234e+11
0.01146,0.09375,7.8195e+0,0.0000e+0,2.5639e+12
0.01354,0.09375,7.6572e+0,0.0000e+0,0.0000e+0
0.01563,0.09375,7.5405e+0,0.0000e+0,0.0000e+0
0.01771,0.09375,7.4516e+0,0.0000e+0,3.8438e+11
0.01979,0.09375,7.3545e+0,0.0000e+0,2.4398e+11
0.02187,0.09375,7.2521e+0,0.0000e+0,0.0000e+0
0.02396,0.09375,7.1563e+0,0.0000e+0,0.0000e+0
0.02604,0.09375,7.0637e+0,2.6980e+11,6.0850e+10
0.02813,0.09375,6.9810e+0,8.1432e+11,7.6601e+11
0.03021,0.09375,6.9039e+0,2.6717e+11,2.0213e+11
0.03229,0.09375,6.8288e+0,4.7072e+11,2.0367e+11
0.03438,0.09375,6.7651e+0,0.0000e+0,9.2076e+11
0.03646,0.09375,6.6356e+0,0.0000e+0,2.9092e+11
0.03854,0.09375,6.4935e+0,0.0000e+0,0.0000e+0
0.04063,0.09375,6.3597e+0,0.0000e+0,1.9384e+11
0.04271,0.09375,6.2195e+0,0.0000e+0,1.9231e+11
0.04479,0.09375,6.0690e+0,0.0000e+0,6.8766e+10
0.04688,0.09375,5.9163e+0,2.6413e+11,4.2205e+11
0.04896,0.09375,5.7568e+0,3.1594e+11,3.2377e+11
0.05104,0.09375,5.5948e+0,3.2918e+11,4.4027e+11
0.05312,0.09375,5.4227e+0,4.5695e+11,3.0523e+10
0.05521,0.09375,5.2762e+0,2.1569e+10,2.4040e+11
0.05729,0.09375,5.1089e+0,0.0000e+0,3.5431e+10
0.05937,0.09375,4.9361e+0,0.0000e+0,0.0000e+0
0.06146,0.09375,4.7590e+0,3.8074e+10,7.9967e+10
0.06354,0.09375,4.5739e+0,2.4804e+11,7.8483e+10
0.06563,0.09375,4.3971e+0,3.8306e+11,0.0000e+0
0.06771,0.09375,4.2398e+0,0.0000e+0,6.6588e+10
0.06979,0.09375,4.0744e+0,0.0000e+0,7.7338e+11
0.07187,0.09375,3.8538e+0,0.0000e+0,1.9772e+11
0.07396,0.09375,3.6241e+0,3.0043e+10,3.6115e+11
0.07604,0.09375,3.3769e+0,1.6981e+11,1.9123e+11
0.07813,0.09375,3.1305e+0,9.0690e+10,7.2849e+10
0.08021,0.09375,2.8867e+0,8.3289e+10,3.1943e+11
0.08229,0.09375,2.6305e+0,0.0000e+0,5.3236e+11
0.08438,0.09375,2.3401e+0,0.0000e+0,1.8190e+11
0.08646,0.09375,2.0403e+0,0.0000e+0,7.1033e+10
0.08854,0.09375,1.7393e+0,0.0000e+0,4.1289e+11
0.09062,0.09375,1.4160e+0,0.0000e+0,2.6816e+11
0.09271,0.09375,1.0847e+0,0.0000e+0,0.0000e+0
0.09479,0.09375,7.6420e-1,0.0000e+0,0.0000e+0
0.09688,0.09375,4.5259e-1,0.0000e+0,0.0000e+0
0.09896,0.09375,1.4864e-1,0.0000e+0,0.0000e+0
0.00104,0.09792,7.8925e+0,0.0000e+0,0.0000e+0
0.00313,0.09792,7.8938e+0,0.0000e+0,0.0000e+0
0.00521,0.09792,7.8944e+0,0.0000e+0,7.8873e+11
0.00729,0.09792,7.8361e+0,0.0000e+0,4.4695e+10
0.00937,0.09792,7.7873e+0,0.0000e+0,1.2058e+11
0.01146,0.09792,7.7363e+0,0.0000e+0,6.7561e+11
0.01354,0.09792,7.6389e+0,0.0000e+0,0.0000e+0
0.01563,0.09792,7.5570e+0,0.0000e+0,0.0000e+0
0.01771,0.09792,7.4910e+0,0.0000e+0,3.5544e+11
0.01979,0.09792,7.4147e+0,0.0000e+0,2.6904e+11
0.02187,0.09792,7.3324e+0,0.0000e+0,8.2649e+10
0.02396,0.09792,7.2549e+0,0.0000e+0,1.2946e+11
0.02604,0.09792,7.1819e+0,0.0000e+0,5.8203e+11
0.02813,0.09792,7.0890e+0,0.0000e+0,6.5116e+10
0.03021,0.09792,7.0116e+0,2.2519e+10,2.5638e+11
0.03229,0.09792,6.9333e+0,8.4813e+10,3.1658e+11
0.03438,0.09792,6.8550e+0,0.0000e+0,9.9314e+11
0.03646,0.09792,6.7232e+0,0.0000e+0,4.1000e+11
0.03854,0.09792,6.5817e+0,0.0000e+0,1.9852e+11
0.04063,0.09792,6.4434e+0,2.3271e+11,5.3162e+11
0.04271,0.09792,6.2974e+0,1.7759e+11,5.4949e+11
0.04479,0.09792,6.1266e+0,0.0000e+0,1.5256e+11
0.04688,0.09792,5.9379e+0,6.1606e+11,0.0000e+0
0.04896,0.09792,5.7840e+0,3.3433e+11,1.1385e+11
0.05104,0.09792,5.6326e+0,2.9573e+11,2.9227e+10
0.05312,0.09792,5.4907e+0,3.2619e+11,3.5784e+9
0.05521,0.09792,5.3593e+0,0.0000e+0,1.9157e+11
0.05729,0.09792,5.2072e+0,0.0000e+0,1.1296e+11
0.05937,0.09792,5.0436e+0,0.0000e+0,2.5507e+10
0.06146,0.09792,4.8774e+0,6.4796e+10,2.9638e+11
0.06354,0.09792,4.6965e+0,1.8592e+11,1.5766e+11
0.06563,0.09792,4.5263e+0,7.5001e+10,2.7512e+11
0.06771,0.09792,4.3507e+0,1.6076e+10,4.2367e+11
0.06979,0.09792,4.1520e+0,2.7045e+11,6.7307e+11
0.07187,0.09792,3.9262e+0,7.5184e+9,2.0076e+11
0.07396,0.09792,3.6893e+0,1.5888e+11,1.7302e+11
0.07604,0.09792,3.4528e+0,8.1460e+10,1.4048e+11
0.07813,0.09792,3.2126e+0,7.3348e+10,3.3356e+11
0.08021,0.09792,2.9586e+0,7.3447e+10,2.4796e+11
0.08229,0.09792,2.6995e+0,6.2972e+10,4.5226e+11
0.08438,0.09792,2.4258e+0,9.4774e+10,7.6700e+11
0.08646,0.09792,2.1245e+0,5.7600e+10,6.5391e+11
0.08854,0.09792,1.7989e+0,0.0000e+0,4.1107e+11
0.09062,0.09792,1.4570e+0,0.0000e+0,1.3280e+11
0.09271,0.09792,1.1165e+0,0.0000e+0,0.0000e+0
0.09479,0.09792,7.8655e-1,0.0000e+0,0.0000e+0
0.09688,0.09792,4.6577e-1,0.0000e+0,0.0000e+0
0.09896,0.09792,1.5296e-1,0.0000e+0,0.0000e+0
0.00104,0.10208,7.8580e+0,0.0000e+0,0.0000e+0
0.00313,0.10208,7.8483e+0,0.0000e+0,0.0000e+0
0.00521,0.10208,7.8255e+0,0.0000e+0,0.0000e+0
0.00729,0.10208,7.7851e+0,0.0000e+0,0.0000e+0
0.00937,0.10208,7.7360e+0,0.0000e+0,0.0000e+0
0.01146,0.10208,7.6796e+0,0.0000e+0,0.0000e+0
0.01354,0.10208,7.6141e+0,0.0000e+0,0.0000e+0
0.01563,0.10208,7.5495e+0,0.0000e+0,0.0000e+0
0.01771,0.10208,7.4931e+0,0.0000e+0,0.0000e+0
0.01979,0.10208,7.4480e+0,0.0000e+0,3.2120e+11
0.02187,0.10208,7.3984e+0,0.0000e+0,7.6453e+11
0.02396,0.10208,7.3209e+0,3.6968e+9,6.5058e+11
0.02604,0.10208,7.2233e+0,1.2733e+11,2.1546e+11
0.02813,0.10208,7.1400e+0,0.0000e+0,7.3760e+10
0.03021,0.10208,7.0720e+0,0.0000e+0,5.0862e+11
0.03229,0.10208,6.9918e+0,8.2230e+10,9.6892e+11
0.03438,0.10208,6.8727e+0,2.5263e+11,3.8902e+11
0.03646,0.10208,6.7521e+0,0.0000e+0,2.1806e+11
0.03854,0.10208,6.6248e+0,2.5894e+11,2.5989e+11
0.04063,0.10208,6.5030e+0,1.9369e+11,2.7821e+11
0.04271,0.10208,6.3853e+0,5.5830e+10,5.1944e+11
0.04479,0.10208,6.2413e+0,0.0000e+0,8.0048e+11
0.04688,0.10208,6.0477e+0,5.8005e+11,7.2608e+10
0.04896,0.10208,5.8990e+0,1.3128e+11,0.0000e+0
0.05104,0.10208,5.7619e+0,1.3972e+11,2.8560e+11
0.05312,0.10208,5.6236e+0,4.3621e+11,4.1607e+11
0.05521,0.10208,5.4862e+0,0.0000e+0,1.9580e+11
0.05729,0.10208,5.3386e+0,0.0000e+0,2.8851e+11
0.05937,0.10208,5.1772e+0,1.5202e+11,4.1140e+11
0.06146,0.10208,5.0052e+0,5.9297e+10,5.1041e+11
0.06354,0.10208,4.8133e+0,0.0000e+0,5.0909e+10
0.06563,0.10208,4.6341e+0,0.0000e+0,2.9431e+11
0.06771,0.10208,4.4523e+0,1.9575e+9,7.0014e+11
0.06979,0.10208,4.2394e+0,3.2932e+10,4.4170e+11
0.07187,0.10208,4.0096e+0,7.4814e+9,1.6407e+11
0.07396,0.10208,3.7762e+0,1.4376e+11,1.4514e+11
0.07604,0.10208,3.5491e+0,0.0000e+0,5.6618e+11
0.07813,0.10208,3.2952e+0,1.2943e+11,6.3732e+11
0.08021,0.10208,3.0202e+0,1.4836e+11,3.6201e+11
0.08229,0.10208,2.7339e+0,1.3485e+11,2.0355e+11
0.08438,0.10208,2.4411e+0,3.2535e+11,3.2258e+11
0.08646,0.10208,2.1482e+0,7.7909e+10,4.9330e+11
0.08854,0.10208,1.8260e+0,0.0000e+0,4.0046e+11
0.09062,0.10208,1.4820e+0,0.0000e+0,1.7248e+11
0.09271,0.10208,1.1363e+0,0.0000e+0,0.0000e+0
0.09479,0.10208,8.0077e-1,0.0000e+0,0.0000e+0
0.09688,0.10208,4.7430e-1,0.0000e+0,0.0000e+0
0.09896,0.10208,1.5578e-1,0.0000e+0,0.0000e+0
0.00104,0.10625,7.9029e+0,0.0000e+0,0.0000e+0
0.00313,0.10625,7.8973e+0,0.0000e+0,5.0708e+10
0.00521,0.10625,7.8775e+0,0.0000e+0,2.8169e+11
0.00729,0.10625,7.8198e+0,0.0000e+0,0.0000e+0
0.00937,0.10625,7.7603e+0,0.0000e+0,0.0000e+0
0.01146,0.10625,7.7036e+0,0.0000e+0,4.7457e+11
0.01354,0.10625,7.6255e+0,0.0000e+0,3.3087e+11
0.01563,0.10625,7.5412e+0,0.0000e+0,0.0000e+0
0.01771,0.10625,7.4742e+0,0.0000e+0,0.0000e+0
0.01979,0.10625,7.4183e+0,0.0000e+0,5.8259e+10
0.02187,0.10625,7.3596e+0,0.0000e+0,9.0368e+10
0.02396,0.10625,7.2933e+0,2.0622e+10,1.4159e+11
0.02604,0.10625,7.2201e+0,7.1026e+11,1.0255e+12
0.02813,0.10625,7.1289e+0,5.3254e+11,4.7824e+11
0.03021,0.10625,7.0423e+0,2.3247e+11,9.5303e+10
0.03229,0.10625,6.9725e+0,8.0168e+10,5.7051e+11
0.03438,0.10625,6.8697e+0,2.4630e+11,1.4106e+11
0.03646,0.10625,6.7676e+0,0.0000e+0,3.4736e+10
0.03854,0.10625,6.6582e+0,1.3087e+11,1.6995e+10
0.04063,0.10625,6.5555e+0,6.0916e+10,1.3709e+11
0.04271,0.10625,6.4539e+0,0.0000e+0,3.2540e+11
0.04479,0.10625,6.3338e+0,0.0000e+0,4.9278e+11
0.04688,0.10625,6.1776e+0,0.0000e+0,8.1118e+10
0.04896,0.10625,6.0251e+0,0.0000e+0,0.0000e+0
0.05104,0.10625,5.8865e+0,2.1284e+11,2.2754e+11
0.05312,0.10625,5.7630e+0,1.3784e+11,8.1780e+11
0.05521,0.10625,5.6141e+0,0.0000e+0,4.2901e+11
0.05729,0.10625,5.4570e+0,6.8019e+10,4.6452e+11
0.05937,0.10625,5.2936e+0,1.2107e+11,8.0932e+11
0.06146,0.10625,5.0979e+0,4.5511e+10,3.8223e+11
0.06354,0.10625,4.8879e+0,0.0000e+0,0.0000e+0
0.06563,0.10625,4.6825e+0,1.5182e+11,0.0000e+0
0.06771,0.10625,4.4834e+0,1.6500e+11,0.0000e+0
0.06979,0.10625,4.2869e+0,0.0000e+0,1.7940e+10
0.07187,0.10625,4.0853e+0,0.0000e+0,3.7763e+11
0.07396,0.10625,3.8627e+0,0.0000e+0,6.6714e+11
0.07604,0.10625,3.6005e+0,1.9341e+11,2.5887e+11
0.07813,0.10625,3.3339e+0,5.2269e+11,2.2408e+11
0.08021,0.10625,3.0887e+0,1.0940e+11,8.1776e+11
0.08229,0.10625,2.8002e+0,0.0000e+0,4.9194e+11
0.08438,0.10625,2.4874e+0,1.4057e+11,1.6785e+11
0.08646,0.10625,2.1871e+0,3.0597e+10,8.1343e+11
0.08854,0.10625,1.8456e+0,0.0000e+0,3.2874e+11
0.09062,0.10625,1.4919e+0,0.0000e+0,2.5102e+10
0.09271,0.10625,1.1455e+0,0.0000e+0,0.0000e+0
0.09479,0.10625,8.0796e-1,0.0000e+0,0.0000e+0
0.09688,0.10625,4.7879e-1,0.0000e+0,0.0000e+0
0.09896,0.10625,1.5729e-1,0.0000e+0,0.0000e+0
0.00104,0.11042,7.9923e+0,0.0000e+0,0.0000e+0
0.00313,0.11042,8.0214e+0,0.0000e+0,6.4786e+11
0.00521,0.11042,8.0551e+0,0.0000e+0,3.5990e+12
0.00729,0.11042,7.9287e+0,0.0000e+0,9.8586e+11
0.00937,0.11042,7.8244e+0,0.0000e+0,9.9974e+11
0.01146,0.11042,7.7139e+0,0.0000e+0,5.9697e+11
0.01354,0.11042,7.6074e+0,0.0000e+0,4.1621e+11
0.01563,0.11042,7.5040e+0,2.7255e+11,0.0000e+0
0.01771,0.11042,7.4405e+0,1.4360e+11,0.0000e+0
0.01979,0.11042,7.4046e+0,0.0000e+0,4.9331e+11
0.02187,0.11042,7.3476e+0,0.0000e+0,4.6931e+11
0.02396,0.11042,7.2723e+0,0.0000e+0,0.0000e+0
0.02604,0.11042,7.2109e+0,0.0000e+0,6.0136e+11
0.02813,0.11042,7.1224e+0,9.5531e+9,2.5303e+11
0.03021,0.11042,7.0339e+0,1.4421e+11,0.0000e+0
0.03229,0.11042,6.9676e+0,4.6782e+10,6.3710e+10
0.03438,0.11042,6.9026e+0,0.0000e+0,2.2188e+11
0.03646,0.11042,6.8258e+0,0.0000e+0,5.6606e+11
0.03854,0.11042,6.7169e+0,0.0000e+0,1.8108e+11
0.04063,0.11042,6.6078e+0,0.0000e+0,0.0000e+0
0.04271,0.11042,6.5159e+0,0.0000e+0,2.6688e+10
0.04479,0.11042,6.4413e+0,0.0000e+0,1.4018e+12
0.04688,0.11042,6.2943e+0,0.0000e+0,7.7658e+11
0.04896,0.11042,6.1208e+0,0.0000e+0,0.0000e+0
0.05104,0.11042,5.9661e+0,4.9254e+10,1.1511e+11
0.05312,0.11042,5.8159e+0,1.0422e+11,2.0894e+11
0.05521,0.11042,5.6632e+0,1.3924e+10,1.5270e+11
0.05729,0.11042,5.5012e+0,2.9832e+11,1.4551e+11
0.05937,0.11042,5.3453e+0,1.9289e+10,2.0821e+11
0.06146,0.11042,5.1709e+0,3.8839e+10,3.7203e+11
0.06354,0.11042,4.9712e+0,2.9689e+11,2.9405e+11
0.06563,0.11042,4.7788e+0,2.4708e+10,2.1014e+11
0.06771,0.11042,4.5854e+0,1.9516e+11,6.6301e+11
0.06979,0.11042,4.3729e+0,3.7345e+9,3.4819e+11
0.07187,0.11042,4.1509e+0,0.0000e+0,2.5288e+11
0.07396,0.11042,3.9251e+0,0.0000e+0,5.3170e+11
0.07604,0.11042,3.6757e+0,1.2659e+11,6.4888e+11
0.07813,0.11042,3.4072e+0,1.5697e+11,4.2740e+11
0.08021,0.11042,3.1336e+0,7.7066e+10,4.4581e+11
0.08229,0.11042,2.8403e+0,1.1056e+11,7.3359e+11
0.08438,0.11042,2.5080e+0,2.5017e+11,3.1406e+11
0.08646,0.11042,2.1736e+0,3.2830e+11,2.7946e+11
0.08854,0.11042,1.8432e+0,1.2097e+9,2.7310e+11
0.09062,0.11042,1.4974e+0,2.2153e+8,1.2882e+11
0.09271,0.11042,1.1498e+0,0.0000e+0,0.0000e+0
0.09479,0.11042,8.1100e-1,0.0000e+0,0.0000e+0
0.09688,0.11042,4.8060e-1,0.0000e+0,0.0000e+0
0.09896,0.11042,1.5788e-1,0.0000e+0,0.0000e+0
0.00104,0.11458,7.8487e+0,0.0000e+0,0.0000e+0
0.00313,0.11458,7.8401e+0,0.0000e+0,0.0000e+0
0.00521,0.11458,7.8170e+0,0.0000e+0,0.0000e+0
0.00729,0.11458,7.7702e+0,0.0000e+0,3.4728e+11
0.00937,0.11458,7.6958e+0,0.0000e+0,3.5217e+11
0.01146,0.11458,7.6002e+0,0.0000e+0,0.0000e+0
0.01354,0.11458,7.5102e+0,0.0000e+0,0.0000e+0
0.01563,0.11458,7.4275e+0,6.2486e+11,0.0000e+0
0.01771,0.11458,7.3769e+0,3.2922e+11,0.0000e+0
0.01979,0.11458,7.3398e+0,0.0000e+0,0.0000e+0
0.02187,0.11458,7.2861e+0,0.0000e+0,0.0000e+0
0.02396,0.11458,7.2200e+0,0.0000e+0,0.0000e+0
0.02604,0.11458,7.1451e+0,8.1993e+10,0.0000e+0
0.02813,0.11458,7.0636e+0,4.0968e+11,0.0000e+0
0.03021,0.11458,7.0050e+0,6.4846e+11,0.0000e+0
0.03229,0.11458,6.9717e+0,1.3571e+11,1.6147e+11
0.03438,0.11458,6.9307e+0,4.1791e+10,5.5114e+11
0.03646,0.11458,6.8551e+0,3.7099e+10,6.4570e+11
0.03854,0.11458,6.7436e+0,2.1816e+11,5.8904e+11
0.04063,0.11458,6.6117e+0,4.4470e+11,0.0000e+0
0.04271,0.11458,6.5165e+0,1.7448e+11,7.1288e+10
0.04479,0.11458,6.4191e+0,0.0000e+0,1.5415e+11
0.04688,0.11458,6.3012e+0,0.0000e+0,2.0350e+11
0.04896,0.11458,6.1694e+0,0.0000e+0,2.0834e+11
0.05104,0.11458,6.0288e+0,0.0000e+0,2.2871e+11
0.05312,0.11458,5.8747e+0,2.8797e+11,1.8915e+11
0.05521,0.11458,5.7315e+0,4.1551e+11,4.1413e+11
0.05729,0.11458,5.5963e+0,0.0000e+0,6.2618e+11
0.05937,0.11458,5.4298e+0,0.0000e+0,2.9937e+11
0.06146,0.11458,5.2536e+0,2.8106e+10,3.1868e+11
0.06354,0.11458,5.0646e+0,8.8939e+10,5.8430e+11
0.06563,0.11458,4.8525e+0,1.2683e+11,4.1530e+11
0.06771,0.11458,4.6335e+0,4.7716e+11,6.0912e+11
0.06979,0.11458,4.4165e+0,1.2389e+11,6.0912e+11
0.07187,0.11458,4.1774e+0,0.0000e+0,9.6706e+10
0.07396,0.11458,3.9423e+0,0.0000e+0,3.6076e+11
0.07604,0.11458,3.6904e+0,1.6217e+11,2.0586e+11
0.07813,0.11458,3.4470e+0,8.2700e+10,8.0320e+11
0.08021,0.11458,3.1714e+0,8.6072e+10,7.0858e+11
0.08229,0.11458,2.8718e+0,6.0026e+10,7.3006e+11
0.08438,0.11458,2.5448e+0,2.4427e+10,6.8643e+11
0.08646,0.11458,2.1934e+0,5.6285e+10,2.4380e+11
0.08854,0.11458,1.8487e+0,2.1179e+11,4.7845e+11
0.09062,0.11458,1.5013e+0,3.8786e+10,2.9265e+11
0.09271,0.11458,1.1496e+0,0.0000e+0,0.0000e+0
0.09479,0.11458,8.0995e-1,0.0000e+0,0.0000e+0
0.09688,0.11458,4.7975e-1,0.0000e+0,0.0000e+0
0.09896,0.11458,1.5758e-1,0.0000e+0,0.0000e+0
0.00104,0.11875,7.7728e+0,0.0000e+0,0.0000e+0
0.00313,0.11875,7.7588e+0,0.0000e+0,0.0000e+0
0.00521,0.11875,7.7296e+0,0.0000e+0,0.0000e+0
0.00729,0.11875,7.6826e+0,0.0000e+0,0.0000e+0
0.00937,0.11875,7.6167e+0,0.0000e+0,0.0000e+0
0.01146,0.11875,7.5311e+0,1.9939e+11,0.0000e+0
0.01354,0.11875,7.4413e+0,1.5870e+12,0.0000e+0
0.01563,0.11875,7.4270e+0,2.6173e+11,0.0000e+0
0.01771,0.11875,7.4059e+0,0.0000e+0,0.0000e+0
0.01979,0.11875,7.3604e+0,0.0000e+0,0.0000e+0
0.02187,0.11875,7.2974e+0,9.3677e+10,0.0000e+0
0.02396,0.11875,7.2271e+0,2.2023e+11,0.0000e+0
0.02604,0.11875,7.1553e+0,5.1218e+11,0.0000e+0
0.02813,0.11875,7.0980e+0,4.6230e+11,0.0000e+0
0.03021,0.11875,7.0593e+0,9.0794e+10,0.0000e+0
0.03229,0.11875,7.0092e+0,0.0000e+0,0.0000e+0
0.03438,0.11875,6.9463e+0,2.9376e+11,5.3426e+11
0.03646,0.11875,6.8551e+0,6.0753e+11,6.3151e+11
0.03854,0.11875,6.7578e+0,1.5625e+11,1.4916e+11
0.04063,0.11875,6.6519e+0,1.4022e+11,0.0000e+0
0.04271,0.11875,6.5607e+0,8.1901e+10,3.8923e+11
0.04479,0.11875,6.4499e+0,0.0000e+0,2.7967e+11
0.04688,0.11875,6.3226e+0,2.8697e+11,8.9584e+10
0.04896,0.11875,6.2106e+0,1.1870e+10,7.9045e+10
0.05104,0.11875,6.0981e+0,0.0000e+0,8.5414e+11
0.05312,0.11875,5.9407e+0,2.4320e+11,5.2621e+11
0.05521,0.11875,5.7819e+0,1.5141e+11,2.2239e+11
0.05729,0.11875,5.6422e+0,8.2386e+10,6.5913e+11
0.05937,0.11875,5.4829e+0,9.1591e+10,4.5260e+11
0.06146,0.11875,5.3193e+0,6.7420e+10,9.5003e+11
0.06354,0.11875,5.1163e+0,1.8910e+11,7.9322e+11
0.06563,0.11875,4.8908e+0,2.5748e+10,4.0795e+11
0.06771,0.11875,4.6539e+0,3.5174e+10,9.4977e+9
0.06979,0.11875,4.4278e+0,0.0000e+0,2.3932e+11
0.07187,0.11875,4.1850e+0,1.2143e+11,1.1160e+11
0.07396,0.11875,3.9410e+0,9.0806e+10,3.0834e+11
0.07604,0.11875,3.6787e+0,9.4874e+10,7.1513e+10
0.07813,0.11875,3.4199e+0,1.0873e+11,4.1656e+11
0.08021,0.11875,3.1417e+0,8.9967e+10,5.9804e+11
0.08229,0.11875,2.8336e+0,2.8697e+10,4.1021e+11
0.08438,0.11875,2.5050e+0,1.8787e+11,4.8599e+11
0.08646,0.11875,2.1610e+0,5.0576e+10,1.8384e+11
0.08854,0.11875,1.8155e+0,0.0000e+0,6.7593e+10
0.09062,0.11875,1.4716e+0,0.0000e+0,0.0000e+0
0.09271,0.11875,1.1328e+0,0.0000e+0,0.0000e+0
0.09479,0.11875,8.0040e-1,0.0000e+0,0.0000e+0
0.09688,0.11875,4.7485e-1,0.0000e+0,0.0000e+0
0.09896,0.11875,1.5608e-1,0.0000e+0,0.0000e+0
0.00104,0.12292,7.8093e+0,0.0000e+0,0.0000e+0
0.00313,0.12292,7.7973e+0,0.0000e+0,0.0000e+0
0.00521,0.12292,7.7728e+0,0.0000e+0,0.0000e+0
0.00729,0.12292,7.7352e+0,0.0000e+0,0.0000e+0
0.00937,0.12292,7.6835e+0,0.0000e+0,0.0000e+0
0.01146,0.12292,7.6158e+0,5.2816e+11,0.0000e+0
0.01354,0.12292,7.5725e+0,7.9369e+11,0.0000e+0
0.01563,0.12292,7.5712e+0,8.0496e+9,3.9178e+11
0.01771,0.12292,7.5485e+0,0.0000e+0,8.7164e+11
0.01979,0.12292,7.4737e+0,0.0000e+0,0.0000e+0
0.02187,0.12292,7.3961e+0,2.9633e+11,0.0000e+0
0.02396,0.12292,7.3308e+0,6.1061e+11,9.6091e+10
0.02604,0.12292,7.2836e+0,4.2566e+11,3.2371e+11
0.02813,0.12292,7.2369e+0,0.0000e+0,0.0000e+0
0.03021,0.12292,7.1898e+0,0.0000e+0,4.0377e+11
0.03229,0.12292,7.1126e+0,0.0000e+0,2.7008e+11
0.03438,0.12292,7.0158e+0,0.0000e+0,0.0000e+0
0.03646,0.12292,6.9145e+0,1.1019e+11,0.0000e+0
0.03854,0.12292,6.8158e+0,3.5888e+10,7.0352e+10
0.04063,0.12292,6.7067e+0,7.8590e+10,4.5172e+10
0.04271,0.12292,6.6020e+0,1.5469e+11,3.2683e+11
0.04479,0.12292,6.4813e+0,1.8857e+11,1.9894e+11
0.04688,0.12292,6.3659e+0,1.7101e+11,1.7572e+11
0.04896,0.12292,6.2571e+0,7.0736e+9,8.6428e+11
0.05104,0.12292,6.1003e+0,1.2939e+11,2.8624e+11
0.05312,0.12292,5.9423e+0,4.2679e+11,5.4708e+11
0.05521,0.12292,5.7710e+0,1.9961e+11,1.3256e+10
0.05729,0.12292,5.6069e+0,3.5017e+11,1.1769e+10
0.05937,0.12292,5.4589e+0,1.1033e+11,2.6153e+11
0.06146,0.12292,5.2911e+0,1.3555e+11,3.6843e+11
0.06354,0.12292,5.0992e+0,2.0636e+10,3.6899e+11
0.06563,0.12292,4.8814e+0,0.0000e+0,0.0000e+0
0.06771,0.12292,4.6665e+0,2.4087e+10,3.0730e+10
0.06979,0.12292,4.4589e+0,6.4424e+10,5.6382e+11
0.07187,0.12292,4.2270e+0,5.4655e+10,5.1697e+11
0.07396,0.12292,3.9763e+0,1.7628e+11,8.5053e+11
0.07604,0.12292,3.6898e+0,1.2386e+11,2.5549e+11
0.07813,0.12292,3.4022e+0,0.0000e+0,2.1270e+11
0.08021,0.12292,3.1018e+0,6.5370e+10,2.3454e+11
0.08229,0.12292,2.7874e+0,1.6890e+11,2.2826e+11
0.08438,0.12292,2.4636e+0,1.2935e+11,2.4302e+11
0.08646,0.12292,2.1280e+0,1.5790e+11,2.0084e+11
0.08854,0.12292,1.7892e+0,1.5618e+11,1.2477e+11
0.09062,0.12292,1.4528e+0,8.0323e+10,5.5542e+10
0.09271,0.12292,1.1203e+0,0.0000e+0,0.0000e+0
0.09479,0.12292,7.9251e-1,0.0000e+0,0.0000e+0
0.09688,0.12292,4.7050e-1,0.0000e+0,0.0000e+0
0.09896,0.12292,1.5470e-1,0.0000e+0,0.0000e+0
0.00104,0.12708,7.9413e+0,0.0000e+0,0.0000e+0
0.00313,0.12708,7.9335e+0,0.0000e+0,0.0000e+0
0.00521,0.12708,7.9181e+0,0.0000e+0,0.0000e+0
0.00729,0.12708,7.8961e+0,0.0000e+0,0.0000e+0
0.00937,0.12708,7.8683e+0,0.0000e+0,0.0000e+0
0.01146,0.12708,7.8366e+0,0.0000e+0,5.6396e+11
0.01354,0.12708,7.7618e+0,0.0000e+0,1.8662e+10
0.01563,0.12708,7.6845e+0,6.8372e+11,1.5232e+10
0.01771,0.12708,7.6484e+0,4.8522e+11,3.3888e+10
0.01979,0.12708,7.6303e+0,0.0000e+0,6.6139e+11
0.02187,0.12708,7.5765e+0,0.0000e+0,3.1843e+11
0.02396,0.12708,7.5252e+0,0.0000e+0,7.0904e+11
0.02604,0.12708,7.4536e+0,9.2501e+10,3.5178e+11
0.02813,0.12708,7.3908e+0,1.4381e+11,5.0792e+11
0.03021,0.12708,7.3313e+0,0.0000e+0,8.1320e+11
0.03229,0.12708,7.2322e+0,0.0000e+0,2.1813e+11
0.03438,0.12708,7.1268e+0,0.0000e+0,2.5302e+10
0.03646,0.12708,7.0247e+0,0.0000e+0,1.2625e+11
0.03854,0.12708,6.9234e+0,0.0000e+0,7.9537e+11
0.04063,0.12708,6.7784e+0,2.6450e+11,1.1774e+11
0.04271,0.12708,6.6585e+0,3.8288e+11,5.9246e+11
0.04479,0.12708,6.5249e+0,2.5545e+11,3.9994e+11
0.04688,0.12708,6.3941e+0,0.0000e+0,3.5597e+11
0.04896,0.12708,6.2513e+0,0.0000e+0,2.1150e+11
0.05104,0.12708,6.1008e+0,8.3140e+10,2.2230e+9
0.05312,0.12708,5.9659e+0,2.5042e+11,6.3648e+11
0.05521,0.12708,5.8097e+0,1.2263e+11,3.7373e+11
0.05729,0.12708,5.6428e+0,2.3817e+11,1.5868e+11
0.05937,0.12708,5.4889e+0,0.0000e+0,5.4023e+11
0.06146,0.12708,5.3078e+0,1.7929e+11,6.5647e+11
0.06354,0.12708,5.1049e+0,2.8141e+10,3.9131e+11
0.06563,0.12708,4.8882e+0,3.1908e+10,1.6785e+11
0.06771,0.12708,4.6743e+0,1.6757e+11,3.9360e+11
0.06979,0.12708,4.4539e+0,2.1201e+11,4.4974e+11
0.07187,0.12708,4.2247e+0,0.0000e+0,4.2421e+11
0.07396,0.12708,3.9763e+0,9.8032e+10,7.2553e+11
0.07604,0.12708,3.6966e+0,1.0609e+11,4.7455e+11
0.07813,0.12708,3.4000e+0,0.0000e+0,1.5582e+11
0.08021,0.12708,3.1010e+0,1.5778e+11,4.2069e+11
0.08229,0.12708,2.7913e+0,7.4888e+10,4.8149e+11
0.08438,0.12708,2.4653e+0,0.0000e+0,3.2443e+11
0.08646,0.12708,2.1283e+0,1.3585e+10,1.6513e+11
0.08854,0.12708,1.7939e+0,4.0679e+10,2.6877e+11
0.09062,0.12708,1.4551e+0,4.8994e+9,1.0939e+11
0.09271,0.12708,1.1186e+0,0.0000e+0,0.0000e+0
0.09479,0.12708,7.9012e-1,0.0000e+0,0.0000e+0
0.09688,0.12708,4.6876e-1,0.0000e+0,0.0000e+0
0.09896,0.12708,1.5409e-1,0.0000e+0,0.0000e+0
0.00104,0.13125,8.1356e+0,0.0000e+0,0.0000e+0
0.00313,0.13125,8.1308e+0,0.0000e+0,0.0000e+0
0.00521,0.13125,8.1213e+0,0.0000e+0,0.0000e+0
0.00729,0.13125,8.1080e+0,0.0000e+0,0.0000e+0
0.00937,0.13125,8.0950e+0,0.0000e+0,0.0000e+0
0.01146,0.13125,8.0907e+0,0.0000e+0,1.4888e+12
0.01354,0.13125,8.0022e+0,0.0000e+0,7.7863e+11
0.01563,0.13125,7.8849e+0,1.1065e+11,0.0000e+0
0.01771,0.13125,7.8020e+0,7.8523e+10,0.0000e+0
0.01979,0.13125,7.7370e+0,0.0000e+0,1.2986e+11
0.02187,0.13125,7.6676e+0,0.0000e+0,7.5906e+10
0.02396,0.13125,7.5989e+0,0.0000e+0,2.5119e+11
0.02604,0.13125,7.5162e+0,2.2849e+11,0.0000e+0
0.02813,0.13125,7.4457e+0,3.5524e+11,9.9413e+10
0.03021,0.13125,7.3977e+0,0.0000e+0,2.0578e+11
0.03229,0.13125,7.3345e+0,0.0000e+0,5.5392e+11
0.03438,0.13125,7.2422e+0,0.0000e+0,7.5986e+11
0.03646,0.13125,7.1153e+0,0.0000e+0,3.5234e+11
0.03854,0.13125,6.9825e+0,0.0000e+0,2.5667e+11
0.04063,0.13125,6.8473e+0,0.0000e+0,3.7085e+11
0.04271,0.13125,6.7041e+0,1.3254e+11,5.9771e+11
0.04479,0.13125,6.5444e+0,1.0580e+11,2.8745e+11
0.04688,0.13125,6.3822e+0,1.8751e+11,0.0000e+0
0.04896,0.13125,6.2355e+0,1.0320e+11,0.0000e+0
0.05104,0.13125,6.0979e+0,1.4305e+10,0.0000e+0
0.05312,0.13125,5.9635e+0,2.5158e+11,2.4510e+11
0.05521,0.13125,5.8374e+0,0.0000e+0,6.9592e+11
0.05729,0.13125,5.6762e+0,0.0000e+0,6.9323e+11
0.05937,0.13125,5.4813e+0,1.4435e+9,1.3894e+11
0.06146,0.13125,5.2856e+0,1.3925e+11,2.9630e+11
0.06354,0.13125,5.0821e+0,7.9720e+9,1.2729e+11
0.06563,0.13125,4.8710e+0,3.0081e+11,2.7228e+11
0.06771,0.13125,4.6616e+0,1.3138e+11,3.6659e+11
0.06979,0.13125,4.4358e+0,5.1936e+10,3.1732e+11
0.07187,0.13125,4.1938e+0,0.0000e+0,2.4190e+11
0.07396,0.13125,3.9387e+0,1.8465e+11,3.0963e+11
0.07604,0.13125,3.6800e+0,1.2381e+11,6.6199e+11
0.07813,0.13125,3.3902e+0,0.0000e+0,3.1310e+11
0.08021,0.13125,3.0859e+0,2.9993e+10,3.3846e+11
0.08229,0.13125,2.7652e+0,1.4236e+10,7.4706e+10
0.08438,0.13125,2.4418e+0,3.5809e+10,2.4339e+11
0.08646,0.13125,2.1035e+0,1.9272e+11,3.4929e+10
0.08854,0.13125,1.7789e+0,1.5112e+11,2.9241e+11
0.09062,0.13125,1.4476e+0,0.0000e+0,9.8774e+10
0.09271,0.13125,1.1146e+0,0.0000e+0,0.0000e+0
0.09479,0.13125,7.8789e-1,0.0000e+0,0.0000e+0
0.09688,0.13125,4.6761e-1,0.0000e+0,0.0000e+0
0.09896,0.13125,1.5373e-1,0.0000e+0,0.0000e+0
0.00104,0.13542,8.3698e+0,0.0000e+0,0.0000e+0
0.00313,0.13542,8.3672e+0,0.0000e+0,0.0000e+0
0.00521,0.13542,8.3583e+0,0.0000e+0,0.0000e+0
0.00729,0.13542,8.3334e+0,0.0000e+0,0.0000e+0
0.00937,0.13542,8.2954e+0,0.0000e+0,0.0000e+0
0.01146,0.13542,8.2480e+0,0.0000e+0,2.6583e+11
0.01354,0.13542,8.1768e+0,0.0000e+0,8.8588e+11
0.01563,0.13542,8.0529e+0,0.0000e+0,0.0000e+0
0.01771,0.13542,7.9471e+0,0.0000e+0,0.0000e+0
0.01979,0.13542,7.8485e+0,0.0000e+0,0.0000e+0
0.02187,0.13542,7.7579e+0,0.0000e+0,0.0000e+0
0.02396,0.13542,7.6757e+0,0.0000e+0,0.0000e+0
0.02604,0.13542,7.5983e+0,0.0000e+0,0.0000e+0
0.02813,0.13542,7.5356e+0,0.0000e+0,2.5147e+11
0.03021,0.13542,7.4750e+0,0.0000e+0,6.0933e+11
0.03229,0.13542,7.3997e+0,1.5246e+10,1.1162e+12
0.03438,0.13542,7.2835e+0,3.6568e+10,8.6732e+11
0.03646,0.13542,7.1487e+0,0.0000e+0,7.3514e+11
0.03854,0.13542,6.9998e+0,0.0000e+0,3.3225e+11
0.04063,0.13542,6.8598e+0,3.2532e+10,7.1570e+11
0.04271,0.13542,6.6945e+0,3.4207e+11,4.2465e+11
0.04479,0.13542,6.5441e+0,0.0000e+0,1.3621e+11
0.04688,0.13542,6.4006e+0,2.2746e+11,6.6699e+11
0.04896,0.13542,6.2406e+0,3.6961e+11,2.2622e+11
0.05104,0.13542,6.1040e+0,6.1881e+10,4.2048e+11
0.05312,0.13542,5.9542e+0,2.8748e+11,2.1248e+11
0.05521,0.13542,5.8130e+0,0.0000e+0,3.0622e+11
0.05729,0.13542,5.6523e+0,0.0000e+0,4.7957e+11
0.05937,0.13542,5.4611e+0,1.5370e+11,1.9987e+11
0.06146,0.13542,5.2734e+0,2.6512e+11,4.7944e+11
0.06354,0.13542,5.0779e+0,1.7708e+11,2.8384e+11
0.06563,0.13542,4.8817e+0,5.3121e+10,4.3103e+11
0.06771,0.13542,4.6677e+0,0.0000e+0,4.2439e+11
0.06979,0.13542,4.4320e+0,2.3072e+10,5.4864e+11
0.07187,0.13542,4.1678e+0,5.5850e+10,8.5956e+10
0.07396,0.13542,3.9084e+0,2.1002e+11,3.9402e+11
0.07604,0.13542,3.6449e+0,3.8041e+10,2.7690e+11
0.07813,0.13542,3.3715e+0,0.0000e+0,4.1667e+11
0.08021,0.13542,3.0753e+0,3.2723e+10,2.8431e+11
0.08229,0.13542,2.7663e+0,3.4384e+10,1.8064e+11
0.08438,0.13542,2.4494e+0,4.0763e+10,4.3709e+11
0.08646,0.13542,2.1058e+0,2.7324e+11,1.4922e+11
0.08854,0.13542,1.7736e+0,1.2759e+11,6.1968e+10
0.09062,0.13542,1.4463e+0,0.0000e+0,8.9969e+10
0.09271,0.13542,1.1149e+0,0.0000e+0,0.0000e+0
0.09479,0.13542,7.8853e-1,0.0000e+0,0.0000e+0
0.09688,0.13542,4.6808e-1,0.0000e+0,0.0000e+0
0.09896,0.13542,1.5390e-1,0.0000e+0,0.0000e+0
0.00104,0.13958,8.6269e+0,0.0000e+0,0.0000e+0
0.00313,0.13958,8.6440e+0,0.0000e+0,0.0000e+0
0.00521,0.13958,8.6847e+0,0.0000e+0,1.8362e+12
0.00729,0.13958,8.6469e+0,0.0000e+0,1.6160e+12
0.00937,0.13958,8.5709e+0,0.0000e+0,1.5162e+12
0.01146,0.13958,8.4597e+0,0.0000e+0,8.8043e+11
0.01354,0.13958,8.3438e+0,0.0000e+0,9.3706e+11
0.01563,0.13958,8.2093e+0,0.0000e+0,1.8068e+11
0.01771,0.13958,8.1111e+0,0.0000e+0,1.3013e+12
0.01979,0.13958,7.9672e+0,0.0000e+0,2.5412e+11
0.02187,0.13958,7.8486e+0,0.0000e+0,8.1449e+10
0.02396,0.13958,7.7605e+0,0.0000e+0,8.5556e+11
0.02604,0.13958,7.6448e+0,0.0000e+0,0.0000e+0
0.02813,0.13958,7.5557e+0,0.0000e+0,6.6916e+11
0.03021,0.13958,7.4388e+0,0.0000e+0,3.4229e+11
0.03229,0.13958,7.3060e+0,1.7993e+11,2.9447e+11
0.03438,0.13958,7.1634e+0,4.3157e+11,8.5785e+10
0.03646,0.13958,7.0401e+0,1.3424e+11,2.2705e+11
0.03854,0.13958,6.9085e+0,7.1610e+10,1.1444e+11
0.04063,0.13958,6.7797e+0,1.3200e+10,3.0894e+11
0.04271,0.13958,6.6374e+0,3.0135e+11,2.7312e+11
0.04479,0.13958,6.5066e+0,1.9443e+11,4.5504e+11
0.04688,0.13958,6.3696e+0,3.4546e+11,5.2977e+11
0.04896,0.13958,6.2221e+0,1.7140e+11,1.6042e+11
0.05104,0.13958,6.0795e+0,3.1925e+11,3.3818e+11
0.05312,0.13958,5.9452e+0,2.6760e+11,5.9304e+11
0.05521,0.13958,5.7954e+0,0.0000e+0,4.2616e+11
0.05729,0.13958,5.6253e+0,0.0000e+0,4.0395e+11
0.05937,0.13958,5.4348e+0,1.8398e+11,1.8911e+11
0.06146,0.13958,5.2538e+0,1.1689e+11,2.7887e+11
0.06354,0.13958,5.0722e+0,1.9347e+11,7.5440e+11
0.06563,0.13958,4.8655e+0,2.8657e+11,4.8412e+11
0.06771,0.13958,4.6553e+0,0.0000e+0,6.4393e+11
0.06979,0.13958,4.4091e+0,1.6547e+11,5.4983e+11
0.07187,0.13958,4.1439e+0,1.7104e+11,4.3306e+11
0.07396,0.13958,3.8670e+0,3.8745e+11,2.1341e+11
0.07604,0.13958,3.6042e+0,6.8780e+9,5.2082e+10
0.07813,0.13958,3.3435e+0,3.3055e+9,2.9437e+11
0.08021,0.13958,3.0687e+0,1.0164e+11,3.4890e+11
0.08229,0.13958,2.7867e+0,1.0680e+11,7.2716e+11
0.08438,0.13958,2.4756e+0,1.6591e+11,7.8953e+11
0.08646,0.13958,2.1361e+0,1.7860e+11,3.3400e+11
0.08854,0.13958,1.7971e+0,1.7414e+11,1.7901e+11
0.09062,0.13958,1.4634e+0,0.0000e+0,1.6876e+11
0.09271,0.13958,1.1247e+0,0.0000e+0,0.0000e+0
0.09479,0.13958,7.9394e-1,0.0000e+0,0.0000e+0
0.09688,0.13958,4.7077e-1,0.0000e+0,0.0000e+0
0.09896,0.13958,1.5471e-1,0.0000e+0,0.0000e+0
0.00104,0.14375,8.7453e+0,0.0000e+0,0.0000e+0
0.00313,0.14375,8.7485e+0,0.0000e+0,0.0000e+0
0.00521,0.14375,8.7457e+0,0.0000e+0,1.4119e+12
0.00729,0.14375,8.6714e+0,0.0000e+0,6.9670e+11
0.00937,0.14375,8.5940e+0,0.0000e+0,9.4815e+11
0.01146,0.14375,8.4964e+0,0.0000e+0,1.1203e+12
0.01354,0.14375,8.3676e+0,0.0000e+0,7.5234e+11
0.01563,0.14375,8.2263e+0,0.0000e+0,1.8081e+11
0.01771,0.14375,8.1063e+0,0.0000e+0,5.8625e+11
0.01979,0.14375,7.9601e+0,5.6424e+10,3.4728e+10
0.02187,0.14375,7.8313e+0,1.2067e+11,4.2176e+8
0.02396,0.14375,7.7227e+0,7.0603e+9,4.4303e+9
0.02604,0.14375,7.6172e+0,1.6824e+9,1.5897e+10
0.02813,0.14375,7.5074e+0,0.0000e+0,1.0100e+10
0.03021,0.14375,7.3937e+0,0.0000e+0,3.0527e+11
0.03229,0.14375,7.2629e+0,0.0000e+0,5.6890e+11
0.03438,0.14375,7.1018e+0,2.0037e+10,0.0000e+0
0.03646,0.14375,6.9611e+0,3.6029e+11,5.3002e+11
0.03854,0.14375,6.8197e+0,1.7361e+11,6.4301e+10
0.04063,0.14375,6.6844e+0,3.9078e+11,3.2485e+10
0.04271,0.14375,6.5682e+0,7.0042e+10,4.3958e+10
0.04479,0.14375,6.4523e+0,1.8999e+11,1.9139e+11
0.04688,0.14375,6.3430e+0,2.4273e+10,7.0715e+11
0.04896,0.14375,6.1993e+0,0.0000e+0,2.6923e+11
0.05104,0.14375,6.0474e+0,5.7853e+10,6.6546e+9
0.05312,0.14375,5.9105e+0,2.2485e+10,4.9256e+11
0.05521,0.14375,5.7489e+0,0.0000e+0,1.4657e+11
0.05729,0.14375,5.5794e+0,1.2292e+11,3.1601e+11
0.05937,0.14375,5.3956e+0,2.5403e+11,2.8769e+11
0.06146,0.14375,5.2087e+0,1.5624e+11,1.0275e+11
0.06354,0.14375,5.0236e+0,9.6446e+10,3.3954e+11
0.06563,0.14375,4.8218e+0,2.3191e+11,3.5527e+11
0.06771,0.14375,4.6134e+0,0.0000e+0,4.9787e+11
0.06979,0.14375,4.3741e+0,0.0000e+0,4.1430e+11
0.07187,0.14375,4.1145e+0,0.0000e+0,2.3864e+11
0.07396,0.14375,3.8492e+0,0.0000e+0,3.8143e+11
0.07604,0.14375,3.5685e+0,2.6800e+11,1.1834e+11
0.07813,0.14375,3.3075e+0,1.8219e+11,3.8430e+11
0.08021,0.14375,3.0393e+0,0.0000e+0,2.8052e+11
0.08229,0.14375,2.7593e+0,0.0000e+0,4.5744e+11
0.08438,0.14375,2.4510e+0,6.1822e+10,1.4746e+11
0.08646,0.14375,2.1432e+0,2.3142e+11,5.2159e+11
0.08854,0.14375,1.8277e+0,1.2593e+11,8.1555e+11
0.09062,0.14375,1.4785e+0,0.0000e+0,1.5460e+11
0.09271,0.14375,1.1325e+0,0.0000e+0,0.0000e+0
0.09479,0.14375,7.9786e-1,0.0000e+0,0.0000e+0
0.09688,0.14375,4.7257e-1,0.0000e+0,0.0000e+0
0.09896,0.14375,1.5521e-1,0.0000e+0,0.0000e+0
0.00104,0.14792,8.8403e+0,0.0000e+0,0.0000e+0
0.00313,0.14792,8.8769e+0,0.0000e+0,4.2941e+12
0.00521,0.14792,8.7111e+0,0.0000e+0,7.6418e+11
0.00729,0.14792,8.5764e+0,0.0000e+0,0.0000e+0
0.00937,0.14792,8.4773e+0,0.0000e+0,0.0000e+0
0.01146,0.14792,8.3885e+0,0.0000e+0,1.7444e+11
0.01354,0.14792,8.2884e+0,0.0000e+0,2.0079e+11
0.01563,0.14792,8.1706e+0,4.8356e+11,0.0000e+0
0.01771,0.14792,8.0845e+0,6.8349e+10,7.9339e+11
0.01979,0.14792,7.9437e+0,2.7997e+11,8.0809e+10
0.02187,0.14792,7.8098e+0,5.9874e+11,0.0000e+0
0.02396,0.14792,7.7080e+0,7.3538e+11,1.0769e+10
0.02604,0.14792,7.6362e+0,1.7524e+11,1.0677e+12
0.02813,0.14792,7.5049e+0,0.0000e+0,3.2933e+11
0.03021,0.14792,7.3544e+0,0.0000e+0,1.1498e+10
0.03229,0.14792,7.2000e+0,0.0000e+0,2.4636e+11
0.03438,0.14792,7.0163e+0,7.1124e+11,0.0000e+0
0.03646,0.14792,6.8685e+0,1.1033e+12,0.0000e+0
0.03854,0.14792,6.7700e+0,1.0645e+10,0.0000e+0
0.04063,0.14792,6.6552e+0,1.1650e+11,1.4197e+11
0.04271,0.14792,6.5264e+0,6.2291e+10,3.1708e+10
0.04479,0.14792,6.3848e+0,6.0178e+11,4.7518e+10
0.04688,0.14792,6.2660e+0,4.9895e+11,3.2332e+11
0.04896,0.14792,6.1494e+0,6.5951e+9,4.4444e+11
0.05104,0.14792,5.9974e+0,8.1077e+10,0.0000e+0
0.05312,0.14792,5.8504e+0,1.2223e+11,0.0000e+0
0.05521,0.14792,5.7131e+0,0.0000e+0,2.2629e+11
0.05729,0.14792,5.5616e+0,4.1775e+10,4.9174e+11
0.05937,0.14792,5.3881e+0,9.9266e+10,6.2823e+11
0.06146,0.14792,5.1921e+0,2.8999e+10,1.9850e+11
0.06354,0.14792,4.9974e+0,0.0000e+0,3.5493e+11
0.06563,0.14792,4.7852e+0,0.0000e+0,2.3063e+11
0.06771,0.14792,4.5657e+0,5.2491e+11,1.0269e+12
0.06979,0.14792,4.3204e+0,6.6543e+10,3.0470e+11
0.07187,0.14792,4.0635e+0,1.4020e+11,2.7601e+11
0.07396,0.14792,3.8039e+0,5.0829e+10,2.5090e+11
0.07604,0.14792,3.5355e+0,1.0734e+11,2.2477e+11
0.07813,0.14792,3.2639e+0,7.4293e+10,8.5582e+9
0.08021,0.14792,2.9978e+0,1.7650e+10,5.6857e+10
0.08229,0.14792,2.7313e+0,0.0000e+0,5.7021e+11
0.08438,0.14792,2.4277e+0,1.2169e+10,1.5351e+11
0.08646,0.14792,2.1210e+0,8.7347e+9,1.6872e+11
0.08854,0.14792,1.8069e+0,9.8281e+8,4.1715e+11
0.09062,0.14792,1.4646e+0,0.0000e+0,5.3904e+10
0.09271,0.14792,1.1249e+0,0.0000e+0,0.0000e+0
0.09479,0.14792,7.9353e-1,0.0000e+0,0.0000e+0
0.09688,0.14792,4.7025e-1,0.0000e+0,0.0000e+0
0.09896,0.14792,1.5448e-1,0.0000e+0,0.0000e+0
0.00104,0.15208,8.6415e+0,0.0000e+0,0.0000e+0
0.00313,0.15208,8.6381e+0,0.0000e+0,1.2330e+12
0.00521,0.15208,8.5524e+0,0.0000e+0,2.1942e+11
0.00729,0.15208,8.4720e+0,0.0000e+0,0.0000e+0
0.00937,0.15208,8.4025e+0,0.0000e+0,0.0000e+0
0.01146,0.15208,8.3392e+0,0.0000e+0,0.0000e+0
0.01354,0.15208,8.2842e+0,0.0000e+0,1.0090e+12
0.01563,0.15208,8.1708e+0,7.5181e+11,2.7198e+11
0.01771,0.15208,8.1056e+0,1.0627e+11,4.0682e+11
0.01979,0.15208,8.0168e+0,0.0000e+0,3.7995e+11
0.02187,0.15208,7.9067e+0,0.0000e+0,2.3741e+11
0.02396,0.15208,7.7928e+0,0.0000e+0,3.6757e+11
0.02604,0.15208,7.6746e+0,0.0000e+0,7.7346e+11
0.02813,0.15208,7.5175e+0,0.0000e+0,7.6054e+9
0.03021,0.15208,7.3690e+0,0.0000e+0,0.0000e+0
0.03229,0.15208,7.2206e+0,0.0000e+0,0.0000e+0
0.03438,0.15208,7.0662e+0,2.2201e+11,0.0000e+0
0.03646,0.15208,6.9232e+0,3.5317e+11,0.0000e+0
0.03854,0.15208,6.8110e+0,0.0000e+0,0.0000e+0
0.04063,0.15208,6.6991e+0,0.0000e+0,3.0447e+11
0.04271,0.15208,6.5686e+0,5.0579e+10,3.9556e+11
0.04479,0.15208,6.4163e+0,1.7593e+11,2.0564e+11
0.04688,0.15208,6.2690e+0,3.6690e+11,2.1675e+11
0.04896,0.15208,6.1270e+0,6.3705e+10,8.1871e+9
0.05104,0.15208,5.9760e+0,3.0163e+11,1.0983e+11
0.05312,0.15208,5.8199e+0,5.3189e+11,9.3435e+10
0.05521,0.15208,5.6846e+0,0.0000e+0,4.2298e+11
0.05729,0.15208,5.5152e+0,0.0000e+0,2.6527e+11
0.05937,0.15208,5.3279e+0,3.3127e+11,2.7941e+11
0.06146,0.15208,5.1448e+0,2.2981e+11,3.8295e+11
0.06354,0.15208,4.9560e+0,0.0000e+0,5.5426e+11
0.06563,0.15208,4.7341e+0,0.0000e+0,2.6413e+11
0.06771,0.15208,4.5005e+0,7.9444e+10,2.0743e+11
0.06979,0.15208,4.2592e+0,2.4403e+10,1.5099e+11
0.07187,0.15208,4.0085e+0,1.3692e+11,9.7028e+10
0.07396,0.15208,3.7610e+0,9.7961e+10,1.1553e+11
0.07604,0.15208,3.5112e+0,9.8623e+10,3.2456e+11
0.07813,0.15208,3.2460e+0,8.4326e+10,2.5835e+11
0.08021,0.15208,2.9726e+0,1.7094e+11,2.3262e+11
0.08229,0.15208,2.7014e+0,0.0000e+0,4.7318e+11
0.08438,0.15208,2.4030e+0,1.4856e+11,2.4350e+11
0.08646,0.15208,2.1101e+0,9.4431e+10,5.3270e+11
0.08854,0.15208,1.8009e+0,0.0000e+0,7.3283e+11
0.09062,0.15208,1.4543e+0,0.0000e+0,9.0845e+10
0.09271,0.15208,1.1145e+0,0.0000e+0,0.0000e+0
0.09479,0.15208,7.8551e-1,0.0000e+0,0.0000e+0
0.09688,0.15208,4.6537e-1,0.0000e+0,0.0000e+0
0.09896,0.15208,1.5287e-1,0.0000e+0,0.0000e+0
0.00104,0.15625,8.4686e+0,0.0000e+0,0.0000e+0
0.00313,0.15625,8.4584e+0,0.0000e+0,0.0000e+0
0.00521,0.15625,8.4357e+0,0.0000e+0,0.0000e+0
0.00729,0.15625,8.4094e+0,0.0000e+0,2.8804e+11
0.00937,0.15625,8.3626e+0,0.0000e+0,3.2290e+11
0.01146,0.15625,8.2990e+0,0.0000e+0,0.0000e+0
0.01354,0.15625,8.2490e+0,0.0000e+0,2.5245e+11
0.01563,0.15625,8.1968e+0,0.0000e+0,6.8052e+10
0.01771,0.15625,8.1678e+0,0.0000e+0,1.0658e+12
0.01979,0.15625,8.0975e+0,0.0000e+0,1.0818e+12
0.02187,0.15625,7.9870e+0,0.0000e+0,1.1425e+12
0.02396,0.15625,7.8259e+0,0.0000e+0,9.0174e+10
0.02604,0.15625,7.6717e+0,3.2858e+11,5.1005e+10
0.02813,0.15625,7.5396e+0,7.3733e+11,3.7232e+11
0.03021,0.15625,7.4236e+0,2.3116e+10,7.2618e+10
0.03229,0.15625,7.3046e+0,0.0000e+0,4.6214e+11
0.03438,0.15625,7.1566e+0,0.0000e+0,0.0000e+0
0.03646,0.15625,7.0118e+0,8.0023e+10,0.0000e+0
0.03854,0.15625,6.8747e+0,1.7544e+11,0.0000e+0
0.04063,0.15625,6.7474e+0,0.0000e+0,0.0000e+0
0.04271,0.15625,6.6153e+0,4.0808e+10,4.2393e+11
0.04479,0.15625,6.4520e+0,5.6277e+11,1.1862e+11
0.04688,0.15625,6.3195e+0,1.3456e+11,2.0586e+11
0.04896,0.15625,6.1859e+0,2.9184e+11,4.1201e+11
0.05104,0.15625,6.0467e+0,1.0517e+11,7.5882e+11
0.05312,0.15625,5.8687e+0,1.4180e+11,4.2380e+11
0.05521,0.15625,5.6823e+0,2.8596e+10,2.5799e+11
0.05729,0.15625,5.4832e+0,3.2352e+11,2.0037e+11
0.05937,0.15625,5.2923e+0,4.6589e+11,3.6411e+11
0.06146,0.15625,5.1020e+0,4.0653e+11,5.1448e+11
0.06354,0.15625,4.8999e+0,2.0287e+11,4.6944e+11
0.06563,0.15625,4.6758e+0,3.0890e+11,3.5840e+11
0.06771,0.15625,4.4529e+0,1.5183e+11,3.2491e+11
0.06979,0.15625,4.2240e+0,5.9632e+9,2.2901e+11
0.07187,0.15625,3.9867e+0,0.0000e+0,1.6595e+11
0.07396,0.15625,3.7455e+0,0.0000e+0,7.6284e+10
0.07604,0.15625,3.5064e+0,0.0000e+0,5.9350e+11
0.07813,0.15625,3.2330e+0,0.0000e+0,2.7589e+11
0.08021,0.15625,2.9509e+0,0.0000e+0,2.6177e+11
0.08229,0.15625,2.6597e+0,0.0000e+0,2.3357e+11
0.08438,0.15625,2.3570e+0,6.6606e+7,8.3254e+10
0.08646,0.15625,2.0540e+0,1.5789e+11,2.9673e+11
0.08854,0.15625,1.7453e+0,5.9717e+9,3.0281e+11
0.09062,0.15625,1.4195e+0,2.3766e+10,1.7684e+11
0.09271,0.15625,1.0911e+0,0.0000e+0,0.0000e+0
0.09479,0.15625,7.7059e-1,0.0000e+0,0.0000e+0
0.09688,0.15625,4.5711e-1,0.0000e+0,0.0000e+0
0.09896,0.15625,1.5025e-1,0.0000e+0,0.0000e+0
0.00104,0.16042,8.3755e+0,0.0000e+0,0.0000e+0
0.00313,0.16042,8.3745e+0,0.0000e+0,0.0000e+0
0.00521,0.16042,8.3739e+0,0.0000e+0,0.0000e+0
0.00729,0.16042,8.3802e+0,0.0000e+0,9.7001e+11
0.00937,0.16042,8.3379e+0,0.0000e+0,1.0874e+12
0.01146,0.16042,8.2466e+0,0.0000e+0,0.0000e+0
0.01354,0.16042,8.1748e+0,2.5563e+11,0.0000e+0
0.01563,0.16042,8.1308e+0,3.0441e+10,0.0000e+0
0.01771,0.16042,8.0832e+0,3.6884e+11,1.9421e+11
0.01979,0.16042,8.0371e+0,8.2939e+10,2.6760e+11
0.02187,0.16042,7.9632e+0,0.0000e+0,2.6643e+11
0.02396,0.16042,7.8577e+0,0.0000e+0,1.6181e+11
0.02604,0.16042,7.7333e+0,6.1437e+11,8.4827e+10
0.02813,0.16042,7.6409e+0,6.9873e+11,1.0139e+12
0.03021,0.16042,7.5163e+0,5.1010e+10,8.2610e+10
0.03229,0.16042,7.3946e+0,0.0000e+0,1.5627e+11
0.03438,0.16042,7.2693e+0,0.0000e+0,3.6260e+11
0.03646,0.16042,7.1270e+0,1.0513e+11,3.5009e+11
0.03854,0.16042,6.9729e+0,2.3048e+11,1.9851e+10
0.04063,0.16042,6.8413e+0,0.0000e+0,3.3358e+11
0.04271,0.16042,6.6967e+0,5.9031e+10,5.3557e+11
0.04479,0.16042,6.5298e+0,2.6644e+11,1.3776e+11
0.04688,0.16042,6.3886e+0,2.3700e+10,3.9286e+11
0.04896,0.16042,6.2396e+0,8.3187e+10,2.8438e+11
0.05104,0.16042,6.0939e+0,0.0000e+0,1.0492e+12
0.05312,0.16042,5.8951e+0,0.0000e+0,4.8550e+11
0.05521,0.16042,5.6804e+0,2.4873e+11,2.8444e+10
0.05729,0.16042,5.4959e+0,9.4488e+10,2.3003e+11
0.05937,0.16042,5.3127e+0,0.0000e+0,6.2803e+11
0.06146,0.16042,5.0949e+0,1.3959e+10,1.3841e+11
0.06354,0.16042,4.8693e+0,1.4788e+11,2.6585e+11
0.06563,0.16042,4.6275e+0,5.1483e+11,2.4499e+11
0.06771,0.16042,4.3957e+0,9.2087e+11,4.9511e+11
0.06979,0.16042,4.1793e+0,4.9369e+10,5.6838e+9
0.07187,0.16042,3.9568e+0,0.0000e+0,3.1749e+10
0.07396,0.16042,3.7245e+0,0.0000e+0,1.2039e+11
0.07604,0.16042,3.4804e+0,0.0000e+0,5.1605e+11
0.07813,0.16042,3.1982e+0,2.2934e+10,7.7147e+10
0.08021,0.16042,2.9127e+0,1.4870e+10,8.0683e+10
0.08229,0.16042,2.6206e+0,0.0000e+0,1.1714e+11
0.08438,0.16042,2.3165e+0,4.2617e+7,3.0489e+9
0.08646,0.16042,2.0086e+0,1.0103e+11,1.0204e+11
0.08854,0.16042,1.6951e+0,4.3882e+10,4.1288e+10
0.09062,0.16042,1.3760e+0,1.7464e+11,5.2889e+9
0.09271,0.16042,1.0653e+0,0.0000e+0,0.0000e+0
0.09479,0.16042,7.5538e-1,0.0000e+0,0.0000e+0
0.09688,0.16042,4.4907e-1,0.0000e+0,0.0000e+0
0.09896,0.16042,1.4775e-1,0.0000e+0,0.0000e+0
0.00104,0.16458,8.2941e+0,0.0000e+0,0.0000e+0
0.00313,0.16458,8.2896e+0,0.0000e+0,0.0000e+0
0.00521,0.16458,8.2798e+0,0.0000e+0,0.0000e+0
0.00729,0.16458,8.2616e+0,0.0000e+0,0.0000e+0
0.00937,0.16458,8.2273e+0,0.0000e+0,0.0000e+0
0.01146,0.16458,8.1748e+0,0.0000e+0,0.0000e+0
0.01354,0.16458,8.1036e+0,1.1984e+12,0.0000e+0
0.01563,0.16458,8.1035e+0,1.4270e+11,0.0000e+0
0.01771,0.16458,8.0809e+0,6.4182e+11,5.0719e+11
0.01979,0.16458,8.0527e+0,1.4432e+11,1.3464e+11
0.02187,0.16458,8.0159e+0,0.0000e+0,3.7916e+11
0.02396,0.16458,7.9541e+0,0.0000e+0,6.3546e+11
0.02604,0.16458,7.8582e+0,0.0000e+0,0.0000e+0
0.02813,0.16458,7.7786e+0,0.0000e+0,9.6365e+11
0.03021,0.16458,7.6348e+0,0.0000e+0,2.7696e+11
0.03229,0.16458,7.4813e+0,4.5382e+11,0.0000e+0
0.03438,0.16458,7.3684e+0,2.0991e+11,2.3891e+11
0.03646,0.16458,7.2552e+0,0.0000e+0,1.0485e+12
0.03854,0.16458,7.0792e+0,0.0000e+0,1.3791e+11
0.04063,0.16458,6.9111e+0,0.0000e+0,1.0623e+11
0.04271,0.16458,6.7505e+0,0.0000e+0,4.9383e+11
0.04479,0.16458,6.5726e+0,1.5475e+11,2.7318e+11
0.04688,0.16458,6.4029e+0,1.2115e+11,2.2823e+11
0.04896,0.16458,6.2381e+0,0.0000e+0,4.7898e+11
0.05104,0.16458,6.0524e+0,0.0000e+0,6.6337e+10
0.05312,0.16458,5.8645e+0,0.0000e+0,2.2556e+11
0.05521,0.16458,5.6627e+0,1.9975e+11,6.4645e+10
0.05729,0.16458,5.4768e+0,1.8791e+11,1.3574e+11
0.05937,0.16458,5.3021e+0,2.1694e+11,4.6977e+11
0.06146,0.16458,5.1117e+0,0.0000e+0,4.1657e+11
0.06354,0.16458,4.8955e+0,0.0000e+0,3.0582e+11
0.06563,0.16458,4.6614e+0,1.0673e+11,1.2684e+11
0.06771,0.16458,4.4349e+0,5.3756e+11,6.1938e+11
0.06979,0.16458,4.2046e+0,4.0413e+10,1.8007e+10
0.07187,0.16458,3.9822e+0,1.9489e+10,3.7371e+11
0.07396,0.16458,3.7398e+0,1.0131e+11,4.9920e+11
0.07604,0.16458,3.4735e+0,8.8696e+10,2.9484e+11
0.07813,0.16458,3.1883e+0,3.2200e+11,1.5300e+11
0.08021,0.16458,2.9085e+0,9.6712e+10,7.0874e+10
0.08229,0.16458,2.6227e+0,1.6310e+11,3.0240e+11
0.08438,0.16458,2.3207e+0,1.0362e+11,1.4193e+11
0.08646,0.16458,2.0128e+0,0.0000e+0,3.2453e+10
0.08854,0.16458,1.6998e+0,0.0000e+0,9.0981e+10
0.09062,0.16458,1.3800e+0,0.0000e+0,0.0000e+0
0.09271,0.16458,1.0641e+0,0.0000e+0,0.0000e+0
0.09479,0.16458,7.5298e-1,0.0000e+0,0.0000e+0
0.09688,0.16458,4.4716e-1,0.0000e+0,0.0000e+0
0.09896,0.16458,1.4705e-1,0.0000e+0,0.0000e+0
0.00104,0.16875,8.2476e+0,0.0000e+0,0.0000e+0
0.00313,0.16875,8.2457e+0,0.0000e+0,0.0000e+0
0.00521,0.16875,8.2419e+0,0.0000e+0,0.0000e+0
0.00729,0.16875,8.2362e+0,0.0000e+0,0.0000e+0
0.00937,0.16875,8.2289e+0,0.0000e+0,0.0000e+0
0.01146,0.16875,8.2224e+0,0.0000e+0,2.1087e+11
0.01354,0.16875,8.2065e+0,0.0000e+0,4.4887e+11
0.01563,0.16875,8.1747e+0,0.0000e+0,0.0000e+0
0.01771,0.16875,8.1553e+0,0.0000e+0,4.6966e+11
0.01979,0.16875,8.1118e+0,0.0000e+0,1.6171e+11
0.02187,0.16875,8.0681e+0,0.0000e+0,2.7700e+11
0.02396,0.16875,8.0151e+0,0.0000e+0,4.6335e+11
0.02604,0.16875,7.9462e+0,0.0000e+0,1.5332e+10
0.02813,0.16875,7.9033e+0,0.0000e+0,2.1468e+12
0.03021,0.16875,7.7455e+0,0.0000e+0,3.9898e+11
0.03229,0.16875,7.5968e+0,1.0883e+10,6.5989e+10
0.03438,0.16875,7.4730e+0,5.0336e+9,5.6722e+11
0.03646,0.16875,7.3381e+0,0.0000e+0,1.1319e+12
0.03854,0.16875,7.1479e+0,0.0000e+0,3.7420e+11
0.04063,0.16875,6.9517e+0,0.0000e+0,9.0962e+10
0.04271,0.16875,6.7566e+0,8.5567e+11,5.0810e+11
0.04479,0.16875,6.5805e+0,3.0099e+11,4.0940e+11
0.04688,0.16875,6.3867e+0,3.4681e+11,9.2739e+10
0.04896,0.16875,6.1993e+0,5.5008e+11,3.6484e+10
0.05104,0.16875,6.0291e+0,8.0872e+10,6.5490e+10
0.05312,0.16875,5.8495e+0,2.8088e+11,2.3983e+11
0.05521,0.16875,5.6583e+0,2.3568e+11,1.8092e+11
0.05729,0.16875,5.4642e+0,4.5951e+11,8.8549e+10
0.05937,0.16875,5.2901e+0,3.2283e+11,1.2568e+11
0.06146,0.16875,5.1278e+0,3.3540e+10,6.6065e+11
0.06354,0.16875,4.9268e+0,2.0159e+9,4.8336e+11
0.06563,0.16875,4.6994e+0,9.3765e+8,6.4538e+10
0.06771,0.16875,4.4769e+0,4.8044e+9,3.4188e+11
0.06979,0.16875,4.2398e+0,4.8290e+10,1.6822e+11
0.07187,0.16875,4.0018e+0,1.8033e+11,4.0420e+11
0.07396,0.16875,3.7498e+0,4.4735e+11,3.6723e+11
0.07604,0.16875,3.5038e+0,1.6277e+11,4.1792e+11
0.07813,0.16875,3.2513e+0,7.8326e+10,8.4399e+11
0.08021,0.16875,2.9638e+0,6.0278e+9,3.6446e+11
0.08229,0.16875,2.6747e+0,1.6950e+9,5.8414e+11
0.08438,0.16875,2.3655e+0,9.5070e+10,3.8204e+11
0.08646,0.16875,2.0568e+0,4.4397e+9,4.6827e+11
0.08854,0.16875,1.7333e+0,0.0000e+0,4.1057e+11
0.09062,0.16875,1.3976e+0,0.0000e+0,4.0308e+10
0.09271,0.16875,1.0722e+0,0.0000e+0,0.0000e+0
0.09479,0.16875,7.5641e-1,0.0000e+0,0.0000e+0
0.09688,0.16875,4.4845e-1,0.0000e+0,0.0000e+0
0.09896,0.16875,1.4737e-1,0.0000e+0,0.0000e+0
0.00104,0.17292,8.2162e+0,0.0000e+0,0.0000e+0
0.00313,0.17292,8.2172e+0,0.0000e+0,0.0000e+0
0.00521,0.17292,8.2197e+0,0.0000e+0,0.0000e+0
0.00729,0.17292,8.2245e+0,0.0000e+0,0.0000e+0
0.00937,0.17292,8.2335e+0,0.0000e+0,0.0000e+0
0.01146,0.17292,8.2488e+0,0.0000e+0,3.4505e+11
0.01354,0.17292,8.2473e+0,0.0000e+0,7.3451e+11
0.01563,0.17292,8.2100e+0,0.0000e+0,0.0000e+0
0.01771,0.17292,8.1936e+0,0.0000e+0,9.2523e+11
0.01979,0.17292,8.1395e+0,0.0000e+0,4.0071e+11
0.02187,0.17292,8.0891e+0,0.0000e+0,6.5589e+11
0.02396,0.17292,8.0150e+0,0.0000e+0,1.6992e+11
0.02604,0.17292,7.9435e+0,0.0000e+0,5.5527e+11
0.02813,0.17292,7.8425e+0,2.0962e+11,1.6804e+11
0.03021,0.17292,7.7373e+0,5.4169e+11,4.2884e+11
0.03229,0.17292,7.6318e+0,0.0000e+0,8.0824e+11
0.03438,0.17292,7.4764e+0,0.0000e+0,0.0000e+0
0.03646,0.17292,7.3245e+0,0.0000e+0,7.8207e+10
0.03854,0.17292,7.1643e+0,0.0000e+0,3.3226e+10
0.04063,0.17292,7.0047e+0,0.0000e+0,2.8554e+11
0.04271,0.17292,6.8346e+0,1.8044e+11,4.3310e+11
0.04479,0.17292,6.6624e+0,3.3109e+11,9.9828e+11
0.04688,0.17292,6.4631e+0,3.7667e+11,5.0444e+11
0.04896,0.17292,6.2690e+0,2.1950e+11,1.8900e+11
0.05104,0.17292,6.0907e+0,1.4203e+10,1.5989e+11
0.05312,0.17292,5.9073e+0,4.9327e+10,3.2304e+11
0.05521,0.17292,5.7092e+0,1.2948e+10,1.3559e+11
0.05729,0.17292,5.5096e+0,1.2245e+11,1.2804e+11
0.05937,0.17292,5.3221e+0,1.0164e+11,2.6046e+11
0.06146,0.17292,5.1330e+0,3.1191e+11,4.5895e+11
0.06354,0.17292,4.9402e+0,2.0808e+10,4.3526e+11
0.06563,0.17292,4.7256e+0,0.0000e+0,3.1738e+11
0.06771,0.17292,4.4987e+0,0.0000e+0,1.5853e+11
0.06979,0.17292,4.2702e+0,1.1177e+11,3.6595e+11
0.07187,0.17292,4.0358e+0,2.5100e+11,5.7295e+11
0.07396,0.17292,3.7896e+0,3.0228e+10,6.3064e+11
0.07604,0.17292,3.5110e+0,2.6819e+10,3.0158e+10
0.07813,0.17292,3.2407e+0,2.9231e+11,6.8932e+11
0.08021,0.17292,2.9434e+0,1.0351e+11,9.0297e+10
0.08229,0.17292,2.6558e+0,5.0194e+10,3.1632e+11
0.08438,0.17292,2.3522e+0,1.8204e+11,2.4515e+11
0.08646,0.17292,2.0457e+0,7.5185e+9,3.3532e+11
0.08854,0.17292,1.7176e+0,0.0000e+0,1.0650e+10
0.09062,0.17292,1.3915e+0,0.0000e+0,8.8829e+8
0.09271,0.17292,1.0705e+0,0.0000e+0,0.0000e+0
0.09479,0.17292,7.5607e-1,0.0000e+0,0.0000e+0
0.09688,0.17292,4.4842e-1,0.0000e+0,0.0000e+0
0.09896,0.17292,1.4737e-1,0.0000e+0,0.0000e+0
0.00104,0.17708,8.1771e+0,0.0000e+0,0.0000e+0
0.00313,0.17708,8.1781e+0,0.0000e+0,0.0000e+0
0.00521,0.17708,8.1810e+0,0.0000e+0,0.0000e+0
0.00729,0.17708,8.1879e+0,0.0000e+0,0.0000e+0
0.00937,0.17708,8.2020e+0,0.0000e+0,0.0000e+0
0.01146,0.17708,8.2289e+0,0.0000e+0,7.4423e+11
0.01354,0.17708,8.2129e+0,0.0000e+0,4.9140e+11
0.01563,0.17708,8.1767e+0,0.0000e+0,7.0052e+11
0.01771,0.17708,8.1079e+0,0.0000e+0,0.0000e+0
0.01979,0.17708,8.0481e+0,3.2669e+11,0.0000e+0
0.02187,0.17708,8.0226e+0,5.0607e+10,3.7037e+11
0.02396,0.17708,7.9764e+0,0.0000e+0,3.9137e+11
0.02604,0.17708,7.9116e+0,0.0000e+0,1.1887e+11
0.02813,0.17708,7.8500e+0,1.2773e+9,4.3331e+11
0.03021,0.17708,7.7776e+0,3.3009e+9,1.1926e+12
0.03229,0.17708,7.6459e+0,8.5994e+10,4.9054e+11
0.03438,0.17708,7.5033e+0,1.4670e+11,3.3194e+11
0.03646,0.17708,7.3549e+0,0.0000e+0,2.1205e+11
0.03854,0.17708,7.2025e+0,0.0000e+0,2.2637e+11
0.04063,0.17708,7.0442e+0,0.0000e+0,4.5609e+11
0.04271,0.17708,6.8610e+0,0.0000e+0,3.8415e+10
0.04479,0.17708,6.6835e+0,0.0000e+0,1.5854e+11
0.04688,0.17708,6.5047e+0,0.0000e+0,1.4759e+11
0.04896,0.17708,6.3323e+0,0.0000e+0,3.2320e+11
0.05104,0.17708,6.1599e+0,0.0000e+0,5.4612e+11
0.05312,0.17708,5.9672e+0,0.0000e+0,4.2484e+11
0.05521,0.17708,5.7558e+0,9.0415e+10,3.3949e+11
0.05729,0.17708,5.5340e+0,5.5215e+11,2.8475e+11
0.05937,0.17708,5.3373e+0,2.2826e+11,3.1475e+11
0.06146,0.17708,5.1331e+0,1.8365e+11,1.1326e+11
0.06354,0.17708,4.9346e+0,1.7031e+11,1.6619e+11
0.06563,0.17708,4.7291e+0,0.0000e+0,2.4276e+11
0.06771,0.17708,4.5051e+0,0.0000e+0,8.4227e+10
0.06979,0.17708,4.2752e+0,3.3768e+10,1.0467e+11
0.07187,0.17708,4.0404e+0,9.8503e+10,1.2785e+11
0.07396,0.17708,3.8008e+0,0.0000e+0,6.1723e+11
0.07604,0.17708,3.5172e+0,2.0250e+10,9.6175e+10
0.07813,0.17708,3.2333e+0,2.4346e+11,6.6095e+11
0.08021,0.17708,2.9220e+0,5.4396e+11,1.0018e+11
0.08229,0.17708,2.6482e+0,3.2127e+11,6.7989e+11
0.08438,0.17708,2.3566e+0,1.2004e+11,4.8452e+11
0.08646,0.17708,2.0498e+0,0.0000e+0,4.5980e+11
0.08854,0.17708,1.7212e+0,0.0000e+0,9.3745e+10
0.09062,0.17708,1.3946e+0,0.0000e+0,6.9722e+10
0.09271,0.17708,1.0712e+0,0.0000e+0,0.0000e+0
0.09479,0.17708,7.5593e-1,0.0000e+0,0.0000e+0
0.09688,0.17708,4.4815e-1,0.0000e+0,0.0000e+0
0.09896,0.17708,1.4726e-1,0.0000e+0,0.0000e+0
0.00104,0.18125,8.1288e+0,0.0000e+0,0.0000e+0
0.00313,0.18125,8.1254e+0,0.0000e+0,0.0000e+0
0.00521,0.18125,8.1191e+0,0.0000e+0,0.0000e+0
0.00729,0.18125,8.1106e+0,1.9533e+10,0.0000e+0
0.00937,0.18125,8.1014e+0,5.9027e+11,0.0000e+0
0.01146,0.18125,8.1429e+0,0.0000e+0,8.6283e+11
0.01354,0.18125,8.1215e+0,0.0000e+0,3.0750e+11
0.01563,0.18125,8.0805e+0,0.0000e+0,2.9513e+11
0.01771,0.18125,8.0171e+0,0.0000e+0,0.0000e+0
0.01979,0.18125,7.9488e+0,1.0612e+12,0.0000e+0
0.02187,0.18125,7.9440e+0,3.1429e+11,5.5091e+11
0.02396,0.18125,7.9086e+0,0.0000e+0,2.6955e+11
0.02604,0.18125,7.8500e+0,0.0000e+0,0.0000e+0
0.02813,0.18125,7.7885e+0,0.0000e+0,3.4409e+10
0.03021,0.18125,7.7170e+0,0.0000e+0,1.1286e+11
0.03229,0.18125,7.6261e+0,1.6029e+11,2.3399e+11
0.03438,0.18125,7.5256e+0,3.8938e+11,1.0586e+12
0.03646,0.18125,7.3692e+0,3.5936e+11,1.3937e+11
0.03854,0.18125,7.2265e+0,0.0000e+0,8.6459e+10
0.04063,0.18125,7.0752e+0,0.0000e+0,4.4368e+11
0.04271,0.18125,6.8879e+0,0.0000e+0,1.2986e+11
0.04479,0.18125,6.6929e+0,7.4934e+10,3.3106e+10
0.04688,0.18125,6.5057e+0,4.2438e+9,0.0000e+0
0.04896,0.18125,6.3232e+0,3.8980e+11,7.2652e+10
0.05104,0.18125,6.1687e+0,9.7749e+9,2.3923e+11
0.05312,0.18125,6.0002e+0,0.0000e+0,7.3292e+11
0.05521,0.18125,5.7898e+0,2.5721e+9,1.9406e+11
0.05729,0.18125,5.5818e+0,5.6679e+10,1.3192e+11
0.05937,0.18125,5.3856e+0,3.3396e+10,4.8068e+11
0.06146,0.18125,5.1729e+0,0.0000e+0,1.5703e+11
0.06354,0.18125,4.9684e+0,0.0000e+0,3.4134e+11
0.06563,0.18125,4.7578e+0,0.0000e+0,4.2792e+11
0.06771,0.18125,4.5368e+0,0.0000e+0,3.8377e+11
0.06979,0.18125,4.3069e+0,0.0000e+0,2.4654e+11
0.07187,0.18125,4.0805e+0,4.7601e+10,8.4382e+11
0.07396,0.18125,3.8229e+0,4.0475e+10,7.9686e+11
0.07604,0.18125,3.5351e+0,5.6030e+8,4.0244e+11
0.07813,0.18125,3.2380e+0,2.2089e+10,4.4432e+11
0.08021,0.18125,2.9241e+0,1.7117e+11,9.5074e+10
0.08229,0.18125,2.6267e+0,7.6953e+9,2.5668e+10
0.08438,0.18125,2.3321e+0,3.5220e+9,2.0625e+11
0.08646,0.18125,2.0279e+0,4.0202e+10,2.4586e+11
0.08854,0.18125,1.7181e+0,0.0000e+0,4.0854e+11
0.09062,0.18125,1.3925e+0,0.0000e+0,1.5637e+11
0.09271,0.18125,1.0680e+0,0.0000e+0,0.0000e+0
0.09479,0.18125,7.5330e-1,0.0000e+0,0.0000e+0
0.09688,0.18125,4.4651e-1,0.0000e+0,0.0000e+0
0.09896,0.18125,1.4672e-1,0.0000e+0,0.0000e+0
0.00104,0.18542,8.1068e+0,0.0000e+0,0.0000e+0
0.00313,0.18542,8.0979e+0,0.0000e+0,0.0000e+0
0.00521,0.18542,8.0788e+0,0.0000e+0,0.0000e+0
0.00729,0.18542,8.0465e+0,5.7531e+10,0.0000e+0
0.00937,0.18542,7.9948e+0,1.7386e+12,0.0000e+0
0.01146,0.18542,8.0310e+0,0.0000e+0,0.0000e+0
0.01354,0.18542,8.0303e+0,0.0000e+0,0.0000e+0
0.01563,0.18542,8.0097e+0,0.0000e+0,0.0000e+0
0.01771,0.18542,7.9773e+0,0.0000e+0,0.0000e+0
0.01979,0.18542,7.9395e+0,3.0169e+11,2.4575e+10
0.02187,0.18542,7.9168e+0,1.5395e+11,3.9794e+11
0.02396,0.18542,7.8648e+0,4.1936e+11,1.1095e+11
0.02604,0.18542,7.8195e+0,2.0541e+11,0.0000e+0
0.02813,0.18542,7.7761e+0,0.0000e+0,0.0000e+0
0.03021,0.18542,7.7206e+0,2.0115e+11,1.0530e+11
0.03229,0.18542,7.6607e+0,3.1258e+11,7.5579e+11
0.03438,0.18542,7.5628e+0,3.6013e+10,6.2704e+11
0.03646,0.18542,7.4227e+0,1.1162e+11,1.9139e+11
0.03854,0.18542,7.2893e+0,0.0000e+0,2.6499e+11
0.04063,0.18542,7.1454e+0,0.0000e+0,9.3972e+11
0.04271,0.18542,6.9422e+0,7.0548e+9,3.4501e+11
0.04479,0.18542,6.7258e+0,4.0206e+11,2.4343e+11
0.04688,0.18542,6.5259e+0,6.9473e+10,0.0000e+0
0.04896,0.18542,6.3391e+0,3.8597e+11,0.0000e+0
0.05104,0.18542,6.1843e+0,1.4035e+9,4.7434e+11
0.05312,0.18542,6.0005e+0,0.0000e+0,5.0863e+11
0.05521,0.18542,5.7843e+0,2.8507e+11,9.9712e+10
0.05729,0.18542,5.5871e+0,1.1270e+11,1.9867e+11
0.05937,0.18542,5.3885e+0,3.6245e+9,5.2435e+11
0.06146,0.18542,5.1592e+0,3.4229e+11,1.2642e+11
0.06354,0.18542,4.9459e+0,1.0536e+10,1.2687e+11
0.06563,0.18542,4.7214e+0,3.0473e+11,9.1227e+10
0.06771,0.18542,4.5114e+0,0.0000e+0,4.2078e+11
0.06979,0.18542,4.2746e+0,0.0000e+0,2.4499e+11
0.07187,0.18542,4.0242e+0,1.1879e+11,2.9513e+11
0.07396,0.18542,3.7611e+0,3.0839e+11,3.0007e+11
0.07604,0.18542,3.4962e+0,3.4557e+11,5.8978e+11
0.07813,0.18542,3.2130e+0,3.8506e+10,2.3481e+11
0.08021,0.18542,2.9130e+0,8.0104e+10,4.9911e+10
0.08229,0.18542,2.6171e+0,2.2020e+10,1.7720e+11
0.08438,0.18542,2.3115e+0,3.8620e+10,2.4323e+11
0.08646,0.18542,1.9918e+0,1.9842e+11,8.8843e+10
0.08854,0.18542,1.6792e+0,6.4070e+10,3.1030e+10
0.09062,0.18542,1.3673e+0,2.7582e+9,2.9777e+10
0.09271,0.18542,1.0546e+0,0.0000e+0,0.0000e+0
0.09479,0.18542,7.4614e-1,0.0000e+0,0.0000e+0
0.09688,0.18542,4.4301e-1,0.0000e+0,0.0000e+0
0.09896,0.18542,1.4567e-1,0.0000e+0,0.0000e+0
0.00104,0.18958,8.1585e+0,0.0000e+0,0.0000e+0
0.00313,0.18958,8.1494e+0,0.0000e+0,0.0000e+0
0.00521,0.18958,8.1318e+0,0.0000e+0,0.0000e+0
0.00729,0.18958,8.1074e+0,0.0000e+0,0.0000e+0
0.00937,0.18958,8.0794e+0,0.0000e+0,0.0000e+0
0.01146,0.18958,8.0552e+0,0.0000e+0,0.0000e+0
0.01354,0.18958,8.0253e+0,1.6681e+11,0.0000e+0
0.01563,0.18958,8.0000e+0,1.3143e+11,0.0000e+0
0.01771,0.18958,7.9753e+0,1.7055e+11,0.0000e+0
0.01979,0.18958,7.9636e+0,3.5181e+11,2.2913e+11
0.02187,0.18958,7.9589e+0,0.0000e+0,7.1729e+11
0.02396,0.18958,7.9067e+0,1.9062e+11,0.0000e+0
0.02604,0.18958,7.8709e+0,9.3368e+10,2.1538e+11
0.02813,0.18958,7.8269e+0,0.0000e+0,3.7811e+10
0.03021,0.18958,7.7853e+0,7.7432e+10,5.1911e+11
0.03229,0.18958,7.7298e+0,1.2033e+11,1.3670e+12
0.03438,0.18958,7.6147e+0,0.0000e+0,8.2778e+11
0.03646,0.18958,7.4698e+0,0.0000e+0,1.6169e+11
0.03854,0.18958,7.3407e+0,0.0000e+0,6.1371e+11
0.04063,0.18958,7.1931e+0,0.0000e+0,1.2284e+12
0.04271,0.18958,6.9854e+0,2.9407e+11,7.6050e+11
0.04479,0.18958,6.7647e+0,2.0787e+11,1.2170e+11
0.04688,0.18958,6.5654e+0,1.0329e+10,3.8215e+10
0.04896,0.18958,6.3732e+0,7.2550e+10,1.4754e+10
0.05104,0.18958,6.1939e+0,0.0000e+0,2.9869e+11
0.05312,0.18958,6.0028e+0,0.0000e+0,2.9260e+11
0.05521,0.18958,5.8010e+0,0.0000e+0,3.9313e+11
0.05729,0.18958,5.5858e+0,0.0000e+0,3.4234e+10
0.05937,0.18958,5.3798e+0,1.9498e+8,1.4687e+11
0.06146,0.18958,5.1716e+0,1.8413e+10,2.2271e+11
0.06354,0.18958,4.9601e+0,8.8051e+8,4.9659e+11
0.06563,0.18958,4.7230e+0,2.5468e+10,1.1503e+11
0.06771,0.18958,4.4897e+0,0.0000e+0,1.6161e+11
0.06979,0.18958,4.2485e+0,4.0459e+10,3.5867e+11
0.07187,0.18958,3.9912e+0,1.7180e+11,2.3091e+11
0.07396,0.18958,3.7365e+0,2.0801e+11,2.6961e+11
0.07604,0.18958,3.4865e+0,1.5821e+10,3.7157e+11
0.07813,0.18958,3.2260e+0,9.7369e+10,8.9107e+11
0.08021,0.18958,2.9271e+0,1.3016e+11,3.8997e+11
0.08229,0.18958,2.6265e+0,1.8953e+11,6.2166e+11
0.08438,0.18958,2.3094e+0,1.7867e+11,1.9941e+11
0.08646,0.18958,1.9978e+0,0.0000e+0,1.8888e+11
0.08854,0.18958,1.6796e+0,1.7819e+11,1.7760e+11
0.09062,0.18958,1.3643e+0,7.6708e+9,3.5521e+9
0.09271,0.18958,1.0522e+0,0.0000e+0,0.0000e+0
0.09479,0.18958,7.4456e-1,0.0000e+0,0.0000e+0
0.09688,0.18958,4.4216e-1,0.0000e+0,0.0000e+0
0.09896,0.18958,1.4541e-1,0.0000e+0,0.0000e+0
0.00104,0.19375,8.2825e+0,0.0000e+0,0.0000e+0
0.00313,0.19375,8.2692e+0,0.0000e+0,0.0000e+0
0.00521,0.19375,8.2447e+0,0.0000e+0,0.0000e+0
0.00729,0.19375,8.2125e+0,0.0000e+0,0.0000e+0
0.00937,0.19375,8.1726e+0,0.0000e+0,0.0000e+0
0.01146,0.19375,8.1217e+0,0.0000e+0,0.0000e+0
0.01354,0.19375,8.0549e+0,6.9943e+11,0.0000e+0
0.01563,0.19375,8.0243e+0,5.5110e+11,0.0000e+0
0.01771,0.19375,8.0067e+0,2.1205e+11,0.0000e+0
0.01979,0.19375,7.9885e+0,4.3740e+11,1.0893e+10
0.02187,0.19375,7.9770e+0,0.0000e+0,4.4022e+10
0.02396,0.19375,7.9477e+0,6.8642e+10,0.0000e+0
0.02604,0.19375,7.9294e+0,1.4510e+11,9.6548e+11
0.02813,0.19375,7.8689e+0,0.0000e+0,5.2358e+11
0.03021,0.19375,7.7796e+0,2.1976e+11,4.0632e+11
0.03229,0.19375,7.6694e+0,6.5494e+11,5.8241e+11
0.03438,0.19375,7.5569e+0,2.8293e+11,3.1846e+11
0.03646,0.19375,7.4346e+0,0.0000e+0,4.7931e+10
0.03854,0.19375,7.3026e+0,1.7081e+10,4.3143e+11
0.04063,0.19375,7.1321e+0,3.4889e+11,7.9678e+10
0.04271,0.19375,6.9696e+0,0.0000e+0,1.9274e+11
0.04479,0.19375,6.7879e+0,0.0000e+0,1.1687e+11
0.04688,0.19375,6.6021e+0,0.0000e+0,3.8518e+11
0.04896,0.19375,6.3974e+0,1.9595e+11,4.0424e+11
0.05104,0.19375,6.1875e+0,1.7886e+11,6.7105e+10
0.05312,0.19375,5.9865e+0,0.0000e+0,4.6323e+10
0.05521,0.19375,5.7845e+0,0.0000e+0,2.3580e+11
0.05729,0.19375,5.5690e+0,2.4727e+11,1.1557e+11
0.05937,0.19375,5.3627e+0,2.9334e+11,1.2119e+11
0.06146,0.19375,5.1669e+0,6.5715e+10,3.9906e+11
0.06354,0.19375,4.9503e+0,1.4978e+11,5.8695e+11
0.06563,0.19375,4.7120e+0,1.4437e+11,1.7240e+11
0.06771,0.19375,4.4777e+0,0.0000e+0,3.4761e+11
0.06979,0.19375,4.2213e+0,1.1771e+11,2.7357e+11
0.07187,0.19375,3.9556e+0,2.6492e+11,1.1428e+11
0.07396,0.19375,3.6979e+0,4.1935e+10,3.1429e+10
0.07604,0.19375,3.4355e+0,1.3409e+11,3.3354e+9
0.07813,0.19375,3.1733e+0,4.2022e+11,4.6572e+11
0.08021,0.19375,2.8966e+0,2.3025e+11,4.1019e+11
0.08229,0.19375,2.6020e+0,1.5318e+11,1.0593e+11
0.08438,0.19375,2.3099e+0,6.0126e+10,3.0390e+11
0.08646,0.19375,2.0025e+0,0.0000e+0,2.4884e+10
0.08854,0.19375,1.6984e+0,0.0000e+0,3.6889e+11
0.09062,0.19375,1.3768e+0,0.0000e+0,5.6761e+10
0.09271,0.19375,1.0594e+0,0.0000e+0,0.0000e+0
0.09479,0.19375,7.4892e-1,0.0000e+0,0.0000e+0
0.09688,0.19375,4.4454e-1,0.0000e+0,0.0000e+0
0.09896,0.19375,1.4616e-1,0.0000e+0,0.0000e+0
0.00104,0.19792,8.5122e+0,0.0000e+0,0.0000e+0
0.00313,0.19792,8.4841e+0,0.0000e+0,0.0000e+0
0.00521,0.19792,8.4348e+0,0.0000e+0,0.0000e+0
0.00729,0.19792,8.3898e+0,0.0000e+0,0.0000e+0
0.00937,0.19792,8.3500e+0,0.0000e+0,2.0691e+11
0.01146,0.19792,8.2955e+0,0.0000e+0,1.5390e+11
0.01354,0.19792,8.2317e+0,0.0000e+0,0.0000e+0
0.01563,0.19792,8.1787e+0,0.0000e+0,0.0000e+0
0.01771,0.19792,8.1358e+0,0.0000e+0,0.0000e+0
0.01979,0.19792,8.1012e+0,0.0000e+0,1.9609e+11
0.02187,0.19792,8.0604e+0,0.0000e+0,7.9247e+11
0.02396,0.19792,7.9724e+0,2.1482e+11,0.0000e+0
0.02604,0.19792,7.9103e+0,4.5409e+11,4.5670e+10
0.02813,0.19792,7.8834e+0,0.0000e+0,7.6520e+11
0.03021,0.19792,7.8140e+0,3.7453e+10,1.2994e+12
0.03229,0.19792,7.6758e+0,4.3854e+11,2.5910e+11
0.03438,0.19792,7.5702e+0,8.4912e+10,4.4528e+11
0.03646,0.19792,7.4518e+0,0.0000e+0,2.9497e+11
0.03854,0.19792,7.3208e+0,8.7098e+9,6.4056e+11
0.04063,0.19792,7.1514e+0,1.7790e+11,1.2141e+11
0.04271,0.19792,7.0033e+0,0.0000e+0,7.2921e+11
0.04479,0.19792,6.8248e+0,0.0000e+0,5.7202e+11
0.04688,0.19792,6.6288e+0,0.0000e+0,3.8738e+11
0.04896,0.19792,6.4248e+0,1.4385e+11,6.3491e+11
0.05104,0.19792,6.2047e+0,1.6120e+11,2.1358e+11
0.05312,0.19792,5.9917e+0,0.0000e+0,5.2916e+10
0.05521,0.19792,5.7789e+0,4.3830e+11,1.0731e+11
0.05729,0.19792,5.5930e+0,1.4529e+11,5.5002e+11
0.05937,0.19792,5.3870e+0,6.9331e+10,5.0868e+11
0.06146,0.19792,5.1609e+0,7.1941e+10,2.2093e+11
0.06354,0.19792,4.9302e+0,2.0640e+11,2.3952e+11
0.06563,0.19792,4.7024e+0,6.5392e+10,1.2899e+11
0.06771,0.19792,4.4754e+0,0.0000e+0,4.3307e+11
0.06979,0.19792,4.2174e+0,4.2840e+10,1.7136e+10
0.07187,0.19792,3.9583e+0,2.0446e+11,1.4152e+10
0.07396,0.19792,3.7138e+0,1.4901e+10,2.7502e+11
0.07604,0.19792,3.4526e+0,1.1874e+11,1.8440e+11
0.07813,0.19792,3.1858e+0,5.8343e+10,1.1222e+11
0.08021,0.19792,2.9103e+0,1.8059e+10,1.6732e+11
0.08229,0.19792,2.6169e+0,9.7139e+9,1.0602e+10
0.08438,0.19792,2.3218e+0,0.0000e+0,1.9943e+11
0.08646,0.19792,2.0161e+0,0.0000e+0,1.8731e+11
0.08854,0.19792,1.7003e+0,0.0000e+0,0.0000e+0
0.09062,0.19792,1.3836e+0,0.0000e+0,0.0000e+0
0.09271,0.19792,1.0678e+0,0.0000e+0,0.0000e+0
0.09479,0.19792,7.5572e-1,0.0000e+0,0.0000e+0
0.09688,0.19792,4.4880e-1,0.0000e+0,0.0000e+0
0.09896,0.19792,1.4759e-1,0.0000e+0,0.0000e+0
0.00104,0.20208,8.9680e+0,0.0000e+0,3.9400e+12
0.00313,0.20208,8.8872e+0,0.0000e+0,4.3838e+12
0.00521,0.20208,8.6827e+0,0.0000e+0,0.0000e+0
0.00729,0.20208,8.5950e+0,0.0000e+0,0.0000e+0
0.00937,0.20208,8.5633e+0,0.0000e+0,1.0444e+12
0.01146,0.20208,8.5010e+0,0.0000e+0,1.0355e+12
0.01354,0.20208,8.4009e+0,0.0000e+0,1.2273e+11
0.01563,0.20208,8.3180e+0,0.0000e+0,0.0000e+0
0.01771,0.20208,8.2509e+0,0.0000e+0,0.0000e+0
0.01979,0.20208,8.1923e+0,0.0000e+0,4.0003e+11
0.02187,0.20208,8.1086e+0,0.0000e+0,5.5261e+11
0.02396,0.20208,7.9830e+0,8.8346e+11,2.9582e+11
0.02604,0.20208,7.9003e+0,7.1716e+11,1.8450e+11
0.02813,0.20208,7.8414e+0,1.3917e+10,2.1326e+11
0.03021,0.20208,7.7501e+0,1.5334e+10,4.2959e+10
0.03229,0.20208,7.6408e+0,3.4054e+11,0.0000e+0
0.03438,0.20208,7.5514e+0,0.0000e+0,1.8934e+11
0.03646,0.20208,7.4550e+0,0.0000e+0,6.5202e+11
0.03854,0.20208,7.3270e+0,0.0000e+0,1.0198e+12
0.04063,0.20208,7.1428e+0,0.0000e+0,1.7632e+11
0.04271,0.20208,6.9615e+0,0.0000e+0,2.9671e+10
0.04479,0.20208,6.7872e+0,0.0000e+0,2.0646e+11
0.04688,0.20208,6.6010e+0,0.0000e+0,2.2045e+11
0.04896,0.20208,6.4041e+0,1.2785e+11,2.5659e+11
0.05104,0.20208,6.2092e+0,1.3090e+11,3.3240e+11
0.05312,0.20208,6.0134e+0,0.0000e+0,4.6242e+11
0.05521,0.20208,5.8020e+0,2.4378e+11,3.9888e+11
0.05729,0.20208,5.5936e+0,5.1610e+10,1.3063e+11
0.05937,0.20208,5.3875e+0,2.1762e+11,6.4253e+11
0.06146,0.20208,5.1550e+0,1.5174e+11,2.8706e+11
0.06354,0.20208,4.9141e+0,3.9411e+11,3.0964e+10
0.06563,0.20208,4.6952e+0,2.4170e+11,0.0000e+0
0.06771,0.20208,4.4910e+0,0.0000e+0,3.8787e+11
0.06979,0.20208,4.2595e+0,8.4601e+9,6.5810e+11
0.07187,0.20208,3.9893e+0,5.9361e+11,2.1100e+11
0.07396,0.20208,3.7456e+0,1.5170e+11,1.7523e+11
0.07604,0.20208,3.5015e+0,0.0000e+0,2.1777e+11
0.07813,0.20208,3.2497e+0,2.0387e+10,5.7628e+11
0.08021,0.20208,2.9754e+0,8.9688e+9,7.7633e+11
0.08229,0.20208,2.6676e+0,1.0559e+11,6.2836e+11
0.08438,0.20208,2.3430e+0,2.2398e+11,6.1977e+10
0.08646,0.20208,2.0409e+0,0.0000e+0,1.5380e+11
0.08854,0.20208,1.7359e+0,0.0000e+0,3.0139e+11
0.09062,0.20208,1.4162e+0,0.0000e+0,2.1022e+11
0.09271,0.20208,1.0890e+0,0.0000e+0,0.0000e+0
0.09479,0.20208,7.6924e-1,0.0000e+0,0.0000e+0
0.09688,0.20208,4.5636e-1,0.0000e+0,0.0000e+0
0.09896,0.20208,1.5001e-1,0.0000e+0,0.0000e+0
0.00104,0.20625,8.8313e+0,0.0000e+0,1.0161e+12
0.00313,0.20625,8.7886e+0,0.0000e+0,1.1306e+12
0.00521,0.20625,8.6981e+0,0.0000e+0,0.0000e+0
0.00729,0.20625,8.6445e+0,0.0000e+0,0.0000e+0
0.00937,0.20625,8.6123e+0,0.0000e+0,0.0000e+0
0.01146,0.20625,8.5921e+0,0.0000e+0,9.9367e+11
0.01354,0.20625,8.5194e+0,0.0000e+0,4.7131e+11
0.01563,0.20625,8.4344e+0,0.0000e+0,0.0000e+0
0.01771,0.20625,8.3615e+0,0.0000e+0,0.0000e+0
0.01979,0.20625,8.2874e+0,0.0000e+0,2.1727e+11
0.02187,0.20625,8.1906e+0,0.0000e+0,3.5966e+11
0.02396,0.20625,8.0642e+0,4.4511e+11,2.3079e+11
0.02604,0.20625,7.9619e+0,6.0639e+11,2.3863e+11
0.02813,0.20625,7.8849e+0,1.7606e+10,4.5219e+11
0.03021,0.20625,7.7722e+0,0.0000e+0,1.9742e+11
0.03229,0.20625,7.6479e+0,0.0000e+0,0.0000e+0
0.03438,0.20625,7.5298e+0,0.0000e+0,1.1220e+11
0.03646,0.20625,7.4055e+0,0.0000e+0,2.0244e+11
0.03854,0.20625,7.2714e+0,0.0000e+0,5.7909e+11
0.04063,0.20625,7.1044e+0,0.0000e+0,4.6241e+11
0.04271,0.20625,6.9171e+0,3.4053e+11,2.1588e+10
0.04479,0.20625,6.7658e+0,2.5694e+10,5.7048e+11
0.04688,0.20625,6.5806e+0,0.0000e+0,2.8778e+11
0.04896,0.20625,6.3752e+0,2.8068e+11,1.2083e+11
0.05104,0.20625,6.1825e+0,1.2752e+11,2.3050e+11
0.05312,0.20625,5.9847e+0,1.1019e+10,9.4016e+10
0.05521,0.20625,5.7901e+0,1.1930e+9,1.3336e+11
0.05729,0.20625,5.5976e+0,0.0000e+0,4.1292e+11
0.05937,0.20625,5.3883e+0,2.5970e+11,4.4551e+11
0.06146,0.20625,5.1740e+0,9.9178e+10,4.1598e+11
0.06354,0.20625,4.9509e+0,2.2606e+11,2.3693e+11
0.06563,0.20625,4.7400e+0,1.6915e+10,2.7366e+11
0.06771,0.20625,4.5207e+0,0.0000e+0,2.5321e+11
0.06979,0.20625,4.2907e+0,0.0000e+0,2.6627e+11
0.07187,0.20625,4.0513e+0,1.6730e+10,4.5079e+11
0.07396,0.20625,3.8004e+0,1.2030e+10,4.1164e+11
0.07604,0.20625,3.5399e+0,1.3822e+10,5.3293e+11
0.07813,0.20625,3.2589e+0,2.4276e+11,5.3808e+11
0.08021,0.20625,2.9644e+0,3.2588e+11,4.2253e+11
0.08229,0.20625,2.6598e+0,8.2940e+10,1.7040e+11
0.08438,0.20625,2.3484e+0,3.8426e+11,5.0327e+10
0.08646,0.20625,2.0588e+0,2.8600e+10,9.1335e+10
0.08854,0.20625,1.7645e+0,1.7202e+11,6.1046e+11
0.09062,0.20625,1.4430e+0,7.9921e+10,3.4644e+11
0.09271,0.20625,1.1091e+0,0.0000e+0,0.0000e+0
0.09479,0.20625,7.8313e-1,0.0000e+0,0.0000e+0
0.09688,0.20625,4.6445e-1,0.0000e+0,0.0000e+0
0.09896,0.20625,1.5264e-1,0.0000e+0,0.0000e+0
0.00104,0.21042,8.7169e+0,0.0000e+0,0.0000e+0
0.00313,0.21042,8.7037e+0,0.0000e+0,0.0000e+0
0.00521,0.21042,8.6808e+0,0.0000e+0,0.0000e+0
0.00729,0.21042,8.6581e+0,0.0000e+0,0.0000e+0
0.00937,0.21042,8.6367e+0,0.0000e+0,0.0000e+0
0.01146,0.21042,8.6146e+0,0.0000e+0,0.0000e+0
0.01354,0.21042,8.5873e+0,0.0000e+0,2.1553e+11
0.01563,0.21042,8.5443e+0,0.0000e+0,6.2772e+10
0.01771,0.21042,8.5111e+0,0.0000e+0,8.5694e+11
0.01979,0.21042,8.4412e+0,0.0000e+0,1.1417e+12
0.02187,0.21042,8.3205e+0,0.0000e+0,7.9263e+11
0.02396,0.21042,8.1765e+0,0.0000e+0,0.0000e+0
0.02604,0.21042,8.0618e+0,0.0000e+0,1.9386e+11
0.02813,0.21042,7.9571e+0,0.0000e+0,7.9624e+11
0.03021,0.21042,7.8112e+0,1.0742e+11,1.7381e+11
0.03229,0.21042,7.6619e+0,3.9647e+11,2.6807e+11
0.03438,0.21042,7.5271e+0,0.0000e+0,3.9954e+11
0.03646,0.21042,7.3615e+0,3.4432e+11,2.0100e+11
0.03854,0.21042,7.1976e+0,2.4602e+11,0.0000e+0
0.04063,0.21042,7.0379e+0,2.5611e+10,0.0000e+0
0.04271,0.21042,6.8713e+0,7.0501e+11,0.0000e+0
0.04479,0.21042,6.7358e+0,3.5591e+11,5.3845e+11
0.04688,0.21042,6.5851e+0,2.5677e+10,9.4540e+11
0.04896,0.21042,6.3793e+0,0.0000e+0,3.2085e+11
0.05104,0.21042,6.1674e+0,2.9660e+10,3.7062e+11
0.05312,0.21042,5.9456e+0,3.9628e+11,1.5522e+10
0.05521,0.21042,5.7575e+0,2.6535e+11,3.5757e+11
0.05729,0.21042,5.5681e+0,3.7926e+9,3.7519e+10
0.05937,0.21042,5.3784e+0,9.7956e+10,3.9268e+11
0.06146,0.21042,5.1686e+0,6.9274e+10,3.9061e+10
0.06354,0.21042,4.9640e+0,1.0386e+11,1.1607e+11
0.06563,0.21042,4.7596e+0,7.1791e+9,2.1568e+11
0.06771,0.21042,4.5411e+0,0.0000e+0,2.9544e+11
0.06979,0.21042,4.3042e+0,0.0000e+0,2.4060e+11
0.07187,0.21042,4.0528e+0,0.0000e+0,6.7327e+10
0.07396,0.21042,3.7971e+0,0.0000e+0,1.7481e+11
0.07604,0.21042,3.5278e+0,2.0139e+11,1.4407e+11
0.07813,0.21042,3.2606e+0,2.4494e+11,3.0746e+11
0.08021,0.21042,2.9843e+0,1.4034e+10,2.0592e+11
0.08229,0.21042,2.6923e+0,5.1286e+10,9.8667e+10
0.08438,0.21042,2.3989e+0,2.3029e+11,2.8927e+11
0.08646,0.21042,2.1018e+0,4.5022e+10,2.0531e+11
0.08854,0.21042,1.7948e+0,1.5475e+11,4.7364e+11
0.09062,0.21042,1.4650e+0,3.0032e+10,1.9547e+11
0.09271,0.21042,1.1272e+0,0.0000e+0,0.0000e+0
0.09479,0.21042,7.9611e-1,0.0000e+0,0.0000e+0
0.09688,0.21042,4.7216e-1,0.0000e+0,0.0000e+0
0.09896,0.21042,1.5517e-1,0.0000e+0,0.0000e+0
0.00104,0.21458,8.7103e+0,0.0000e+0,0.0000e+0
0.00313,0.21458,8.7062e+0,0.0000e+0,0.0000e+0
0.00521,0.21458,8.6992e+0,0.0000e+0,0.0000e+0
0.00729,0.21458,8.6912e+0,0.0000e+0,0.0000e+0
0.00937,0.21458,8.6830e+0,0.0000e+0,0.0000e+0
0.01146,0.21458,8.6751e+0,0.0000e+0,0.0000e+0
0.01354,0.21458,8.6722e+0,0.0000e+0,1.0223e+12
0.01563,0.21458,8.6160e+0,0.0000e+0,2.9773e+11
0.01771,0.21458,8.5621e+0,0.0000e+0,6.3304e+11
0.01979,0.21458,8.4799e+0,0.0000e+0,9.1409e+11
0.02187,0.21458,8.3445e+0,3.1474e+11,3.0356e+11
0.02396,0.21458,8.2174e+0,3.5199e+11,3.0866e+11
0.02604,0.21458,8.0957e+0,0.0000e+0,0.0000e+0
0.02813,0.21458,7.9812e+0,0.0000e+0,2.2449e+11
0.03021,0.21458,7.8597e+0,4.2488e+10,5.2514e+11
0.03229,0.21458,7.7146e+0,1.5681e+11,5.5960e+11
0.03438,0.21458,7.5586e+0,0.0000e+0,4.0058e+11
0.03646,0.21458,7.3857e+0,5.6212e+9,0.0000e+0
0.03854,0.21458,7.2221e+0,4.0164e+9,0.0000e+0
0.04063,0.21458,7.0694e+0,3.8062e+9,3.0779e+11
0.04271,0.21458,6.9083e+0,1.2591e+11,4.7174e+11
0.04479,0.21458,6.7405e+0,3.8878e+11,8.7613e+11
0.04688,0.21458,6.5521e+0,5.6395e+10,3.8834e+11
0.04896,0.21458,6.3429e+0,0.0000e+0,1.4057e+11
0.05104,0.21458,6.1246e+0,3.8661e+11,0.0000e+0
0.05312,0.21458,5.9289e+0,5.0097e+10,2.1101e+11
0.05521,0.21458,5.7240e+0,6.9773e+11,1.2858e+11
0.05729,0.21458,5.5554e+0,1.8530e+11,2.4914e+11
0.05937,0.21458,5.3771e+0,3.0534e+11,5.2342e+11
0.06146,0.21458,5.1803e+0,2.8411e+11,2.5746e+10
0.06354,0.21458,5.0013e+0,0.0000e+0,4.8646e+11
0.06563,0.21458,4.7947e+0,0.0000e+0,3.5028e+11
0.06771,0.21458,4.5703e+0,1.3246e+11,4.8204e+11
0.06979,0.21458,4.3294e+0,1.7631e+10,2.2513e+11
0.07187,0.21458,4.0795e+0,1.4647e+11,2.9890e+11
0.07396,0.21458,3.8230e+0,1.9244e+10,1.9121e+11
0.07604,0.21458,3.5568e+0,2.5977e+11,7.7008e+10
0.07813,0.21458,3.3034e+0,1.5124e+11,3.6269e+11
0.08021,0.21458,3.0367e+0,6.7004e+10,4.3506e+11
0.08229,0.21458,2.7497e+0,9.5603e+10,1.6457e+11
0.08438,0.21458,2.4715e+0,1.6009e+10,6.8990e+11
0.08646,0.21458,2.1600e+0,0.0000e+0,1.8216e+11
0.08854,0.21458,1.8489e+0,0.0000e+0,7.1871e+11
0.09062,0.21458,1.4978e+0,0.0000e+0,1.4808e+11
0.09271,0.21458,1.1483e+0,0.0000e+0,0.0000e+0
0.09479,0.21458,8.0945e-1,0.0000e+0,0.0000e+0
0.09688,0.21458,4.7957e-1,0.0000e+0,0.0000e+0
0.09896,0.21458,1.5753e-1,0.0000e+0,0.0000e+0
0.00104,0.21875,8.7353e+0,0.0000e+0,0.0000e+0
0.00313,0.21875,8.7347e+0,0.0000e+0,0.0000e+0
0.00521,0.21875,8.7338e+0,0.0000e+0,0.0000e+0
0.00729,0.21875,8.7336e+0,0.0000e+0,0.0000e+0
0.00937,0.21875,8.7355e+0,0.0000e+0,2.9321e+11
0.01146,0.21875,8.7201e+0,0.0000e+0,5.9152e+11
0.01354,0.21875,8.6671e+0,0.0000e+0,0.0000e+0
0.01563,0.21875,8.6141e+0,0.0000e+0,0.0000e+0
0.01771,0.21875,8.5592e+0,0.0000e+0,8.8022e+10
0.01979,0.21875,8.4901e+0,0.0000e+0,1.3360e+11
0.02187,0.21875,8.4005e+0,1.4541e+11,3.5981e+11
0.02396,0.21875,8.2886e+0,1.6262e+11,6.6347e+11
0.02604,0.21875,8.1385e+0,1.4962e+11,1.0379e+10
0.02813,0.21875,7.9976e+0,4.4457e+11,1.6825e+11
0.03021,0.21875,7.8785e+0,0.0000e+0,4.1520e+11
0.03229,0.21875,7.7343e+0,2.3742e+11,6.6475e+11
0.03438,0.21875,7.5712e+0,3.4640e+11,3.8929e+11
0.03646,0.21875,7.4160e+0,0.0000e+0,4.7010e+11
0.03854,0.21875,7.2404e+0,0.0000e+0,1.4999e+10
0.04063,0.21875,7.0782e+0,0.0000e+0,5.3561e+11
0.04271,0.21875,6.8959e+0,0.0000e+0,2.9910e+11
0.04479,0.21875,6.7127e+0,0.0000e+0,2.1090e+11
0.04688,0.21875,6.5292e+0,0.0000e+0,2.2675e+11
0.04896,0.21875,6.3353e+0,0.0000e+0,1.4315e+11
0.05104,0.21875,6.1333e+0,1.2561e+11,0.0000e+0
0.05312,0.21875,5.9417e+0,2.8197e+11,2.0643e+11
0.05521,0.21875,5.7510e+0,7.4763e+11,3.5642e+11
0.05729,0.21875,5.5883e+0,1.7038e+11,3.1491e+11
0.05937,0.21875,5.4123e+0,3.7986e+9,2.7579e+11
0.06146,0.21875,5.2159e+0,1.7696e+10,3.5039e+9
0.06354,0.21875,5.0219e+0,1.0717e+11,2.5370e+11
0.06563,0.21875,4.8182e+0,2.0530e+11,6.3302e+11
0.06771,0.21875,4.5870e+0,1.5839e+11,2.9622e+11
0.06979,0.21875,4.3499e+0,2.1083e+10,5.2787e+10
0.07187,0.21875,4.1107e+0,1.4070e+11,1.7234e+11
0.07396,0.21875,3.8718e+0,1.3666e+10,3.1039e+11
0.07604,0.21875,3.6210e+0,6.3455e+10,2.4864e+11
0.07813,0.21875,3.3663e+0,5.5067e+10,6.0592e+11
0.08021,0.21875,3.0805e+0,6.2767e+10,4.6093e+11
0.08229,0.21875,2.7753e+0,2.7184e+11,4.3997e+10
0.08438,0.21875,2.4958e+0,2.2884e+10,4.6781e+11
0.08646,0.21875,2.1899e+0,0.0000e+0,3.6980e+11
0.08854,0.21875,1.8679e+0,0.0000e+0,6.6407e+11
0.09062,0.21875,1.5101e+0,0.0000e+0,9.6184e+10
0.09271,0.21875,1.1579e+0,0.0000e+0,0.0000e+0
0.09479,0.21875,8.1625e-1,0.0000e+0,0.0000e+0
0.09688,0.21875,4.8362e-1,0.0000e+0,0.0000e+0
0.09896,0.21875,1.5887e-1,0.0000e+0,0.0000e+0
0.00104,0.22292,8.7667e+0,0.0000e+0,0.0000e+0
0.00313,0.22292,8.7665e+0,0.0000e+0,0.0000e+0
0.00521,0.22292,8.7663e+0,0.0000e+0,0.0000e+0
0.00729,0.22292,8.7671e+0,0.0000e+0,0.0000e+0
0.00937,0.22292,8.7710e+0,0.0000e+0,3.9606e+11
0.01146,0.22292,8.7545e+0,0.0000e+0,7.9900e+11
0.01354,0.22292,8.6945e+0,0.0000e+0,0.0000e+0
0.01563,0.22292,8.6485e+0,0.0000e+0,0.0000e+0
0.01771,0.22292,8.6153e+0,0.0000e+0,3.8101e+11
0.01979,0.22292,8.5732e+0,0.0000e+0,5.7828e+11
0.02187,0.22292,8.5174e+0,0.0000e+0,1.4609e+12
0.02396,0.22292,8.3943e+0,0.0000e+0,9.8208e+11
0.02604,0.22292,8.2349e+0,5.4695e+10,5.0038e+11
0.02813,0.22292,8.0704e+0,1.6252e+11,3.9987e+11
0.03021,0.22292,7.9081e+0,6.0517e+11,9.1256e+11
0.03229,0.22292,7.7372e+0,5.7400e+11,5.6202e+11
0.03438,0.22292,7.5737e+0,1.5565e+11,2.7103e+11
0.03646,0.22292,7.4185e+0,8.2980e+10,6.2325e+11
0.03854,0.22292,7.2368e+0,0.0000e+0,3.9127e+11
0.04063,0.22292,7.0345e+0,0.0000e+0,0.0000e+0
0.04271,0.22292,6.8325e+0,4.6357e+11,0.0000e+0
0.04479,0.22292,6.6571e+0,8.5262e+11,3.5715e+11
0.04688,0.22292,6.5099e+0,2.0824e+11,2.9166e+11
0.04896,0.22292,6.3488e+0,0.0000e+0,2.1681e+11
0.05104,0.22292,6.1738e+0,2.7506e+10,7.6808e+10
0.05312,0.22292,6.0010e+0,5.0713e+10,2.6454e+11
0.05521,0.22292,5.8234e+0,8.4791e+9,1.6441e+11
0.05729,0.22292,5.6509e+0,0.0000e+0,2.6733e+11
0.05937,0.22292,5.4724e+0,0.0000e+0,4.7918e+11
0.06146,0.22292,5.2750e+0,0.0000e+0,3.7459e+11
0.06354,0.22292,5.0642e+0,6.7230e+10,2.1062e+11
0.06563,0.22292,4.8453e+0,3.9506e+11,3.9286e+11
0.06771,0.22292,4.6257e+0,2.4572e+11,4.2936e+11
0.06979,0.22292,4.3913e+0,0.0000e+0,4.9740e+10
0.07187,0.22292,4.1545e+0,0.0000e+0,1.7318e+11
0.07396,0.22292,3.9073e+0,1.6755e+11,1.4118e+11
0.07604,0.22292,3.6664e+0,2.9940e+10,3.2161e+11
0.07813,0.22292,3.4095e+0,0.0000e+0,7.1640e+11
0.08021,0.22292,3.1033e+0,2.0724e+11,1.6266e+11
0.08229,0.22292,2.8004e+0,3.3692e+11,2.9005e+10
0.08438,0.22292,2.5172e+0,0.0000e+0,5.2851e+11
0.08646,0.22292,2.1987e+0,0.0000e+0,4.3668e+11
0.08854,0.22292,1.8534e+0,0.0000e+0,1.1266e+11
0.09062,0.22292,1.5026e+0,0.0000e+0,1.5799e+10
0.09271,0.22292,1.1562e+0,0.0000e+0,0.0000e+0
0.09479,0.22292,8.1670e-1,0.0000e+0,0.0000e+0
0.09688,0.22292,4.8442e-1,0.0000e+0,0.0000e+0
0.09896,0.22292,1.5921e-1,0.0000e+0,0.0000e+0
0.00104,0.22708,8.7994e+0,0.0000e+0,0.0000e+0
0.00313,0.22708,8.7976e+0,0.0000e+0,0.0000e+0
0.00521,0.22708,8.7935e+0,0.0000e+0,0.0000e+0
0.00729,0.22708,8.7854e+0,0.0000e+0,0.0000e+0
0.00937,0.22708,8.7692e+0,0.0000e+0,0.0000e+0
0.01146,0.22708,8.7396e+0,0.0000e+0,0.0000e+0
0.01354,0.22708,8.6989e+0,0.0000e+0,0.0000e+0
0.01563,0.22708,8.6529e+0,0.0000e+0,0.0000e+0
0.01771,0.22708,8.6047e+0,0.0000e+0,0.0000e+0
0.01979,0.22708,8.5499e+0,0.0000e+0,0.0000e+0
0.02187,0.22708,8.4789e+0,0.0000e+0,7.3124e+10
0.02396,0.22708,8.3862e+0,0.0000e+0,3.4995e+11
0.02604,0.22708,8.2574e+0,0.0000e+0,4.8695e+11
0.02813,0.22708,8.0955e+0,0.0000e+0,2.9223e+11
0.03021,0.22708,7.9190e+0,2.3572e+11,2.0333e+11
0.03229,0.22708,7.7509e+0,2.8865e+11,7.1534e+11
0.03438,0.22708,7.5624e+0,4.7797e+11,4.9337e+11
0.03646,0.22708,7.3880e+0,4.0245e+11,1.0125e+11
0.03854,0.22708,7.2342e+0,0.0000e+0,7.6089e+11
0.04063,0.22708,7.0307e+0,2.2946e+11,0.0000e+0
0.04271,0.22708,6.8451e+0,2.5023e+11,0.0000e+0
0.04479,0.22708,6.6785e+0,3.8158e+11,5.8646e+10
0.04688,0.22708,6.5338e+0,1.3396e+10,2.1477e+11
0.04896,0.22708,6.3783e+0,1.1144e+9,1.3724e+11
0.05104,0.22708,6.2177e+0,0.0000e+0,3.6786e+11
0.05312,0.22708,6.0384e+0,0.0000e+0,1.2673e+11
0.05521,0.22708,5.8569e+0,0.0000e+0,5.3103e+9
0.05729,0.22708,5.6786e+0,6.8433e+10,3.0824e+11
0.05937,0.22708,5.4837e+0,2.4826e+11,2.1264e+10
0.06146,0.22708,5.2983e+0,1.4649e+11,7.7500e+10
0.06354,0.22708,5.1205e+0,0.0000e+0,6.7701e+11
0.06563,0.22708,4.9035e+0,2.5720e+8,1.7855e+11
0.06771,0.22708,4.6880e+0,5.2396e+10,5.0544e+11
0.06979,0.22708,4.4554e+0,1.0416e+11,4.4498e+11
0.07187,0.22708,4.2132e+0,0.0000e+0,3.2827e+11
0.07396,0.22708,3.9592e+0,1.7224e+11,2.0813e+11
0.07604,0.22708,3.7069e+0,1.7305e+11,1.2890e+11
0.07813,0.22708,3.4553e+0,1.0492e+9,4.0378e+11
0.08021,0.22708,3.1684e+0,1.3000e+11,4.2470e+11
0.08229,0.22708,2.8643e+0,1.9070e+10,3.1900e+11
0.08438,0.22708,2.5433e+0,0.0000e+0,2.0571e+11
0.08646,0.22708,2.2096e+0,0.0000e+0,3.1605e+11
0.08854,0.22708,1.8581e+0,0.0000e+0,1.0998e+11
0.09062,0.22708,1.5045e+0,0.0000e+0,7.0562e+8
0.09271,0.22708,1.1576e+0,0.0000e+0,0.0000e+0
0.09479,0.22708,8.1787e-1,0.0000e+0,0.0000e+0
0.09688,0.22708,4.8519e-1,0.0000e+0,0.0000e+0
0.09896,0.22708,1.5948e-1,0.0000e+0,0.0000e+0
0.00104,0.23125,8.8453e+0,0.0000e+0,0.0000e+0
0.00313,0.23125,8.8461e+0,0.0000e+0,0.0000e+0
0.00521,0.23125,8.8477e+0,0.0000e+0,0.0000e+0
0.00729,0.23125,8.8499e+0,0.0000e+0,1.3561e+11
0.00937,0.23125,8.8421e+0,0.0000e+0,5.3217e+11
0.01146,0.23125,8.7949e+0,0.0000e+0,7.9873e+9
0.01354,0.23125,8.7510e+0,0.0000e+0,2.1334e+11
0.01563,0.23125,8.6908e+0,8.1344e+10,0.0000e+0
0.01771,0.23125,8.6445e+0,9.5252e+10,0.0000e+0
0.01979,0.23125,8.6180e+0,0.0000e+0,1.0156e+12
0.02187,0.23125,8.5358e+0,0.0000e+0,3.5024e+11
0.02396,0.23125,8.4506e+0,0.0000e+0,1.3777e+12
0.02604,0.23125,8.3061e+0,0.0000e+0,8.8866e+11
0.02813,0.23125,8.1369e+0,0.0000e+0,6.5749e+11
0.03021,0.23125,7.9523e+0,1.8817e+11,5.3251e+11
0.03229,0.23125,7.7687e+0,2.8945e+11,6.6711e+11
0.03438,0.23125,7.5671e+0,2.6152e+11,6.4096e+10
0.03646,0.23125,7.3824e+0,4.0414e+11,2.1398e+9
0.03854,0.23125,7.2294e+0,0.0000e+0,5.0198e+10
0.04063,0.23125,7.0663e+0,2.0974e+11,1.7895e+11
0.04271,0.23125,6.9000e+0,3.4886e+11,3.8741e+11
0.04479,0.23125,6.7422e+0,0.0000e+0,3.8977e+11
0.04688,0.23125,6.5678e+0,4.2450e+11,1.9864e+11
0.04896,0.23125,6.4127e+0,3.7937e+10,2.7920e+11
0.05104,0.23125,6.2483e+0,0.0000e+0,2.5544e+11
0.05312,0.23125,6.0736e+0,0.0000e+0,1.2343e+11
0.05521,0.23125,5.9026e+0,0.0000e+0,2.6324e+11
0.05729,0.23125,5.7283e+0,7.8483e+10,4.0596e+11
0.05937,0.23125,5.5462e+0,1.6728e+11,6.2599e+11
0.06146,0.23125,5.3430e+0,4.3883e+10,1.4911e+11
0.06354,0.23125,5.1468e+0,0.0000e+0,5.0676e+11
0.06563,0.23125,4.9274e+0,0.0000e+0,1.6373e+11
0.06771,0.23125,4.7096e+0,5.5788e+10,4.3069e+11
0.06979,0.23125,4.4749e+0,1.1247e+11,1.7804e+11
0.07187,0.23125,4.2448e+0,0.0000e+0,1.6059e+11
0.07396,0.23125,4.0176e+0,1.9522e+10,3.1678e+11
0.07604,0.23125,3.7863e+0,3.6558e+10,5.0849e+11
0.07813,0.23125,3.5440e+0,6.2860e+9,1.1809e+12
0.08021,0.23125,3.2432e+0,2.3315e+11,7.6845e+11
0.08229,0.23125,2.9310e+0,0.0000e+0,7.7760e+11
0.08438,0.23125,2.5879e+0,0.0000e+0,5.1283e+11
0.08646,0.23125,2.2259e+0,0.0000e+0,7.6907e+10
0.08854,0.23125,1.8696e+0,0.0000e+0,1.6244e+11
0.09062,0.23125,1.5114e+0,0.0000e+0,8.4936e+9
0.09271,0.23125,1.1617e+0,0.0000e+0,0.0000e+0
0.09479,0.23125,8.2023e-1,0.0000e+0,0.0000e+0
0.09688,0.23125,4.8644e-1,0.0000e+0,0.0000e+0
0.09896,0.23125,1.5987e-1,0.0000e+0,0.0000e+0
0.00104,0.23542,8.8852e+0,0.0000e+0,0.0000e+0
0.00313,0.23542,8.8884e+0,0.0000e+0,0.0000e+0
0.00521,0.23542,8.8966e+0,0.0000e+0,0.0000e+0
0.00729,0.23542,8.9147e+0,0.0000e+0,3.7242e+11
0.00937,0.23542,8.9292e+0,0.0000e+0,1.4615e+12
0.01146,0.23542,8.8681e+0,0.0000e+0,5.2028e+10
0.01354,0.23542,8.8331e+0,0.0000e+0,1.3897e+12
0.01563,0.23542,8.7296e+0,5.3456e+11,2.9966e+11
0.01771,0.23542,8.6603e+0,6.2596e+11,5.1857e+11
0.01979,0.23542,8.6127e+0,0.0000e+0,6.5135e+11
0.02187,0.23542,8.5264e+0,6.1441e+10,1.4109e+12
0.02396,0.23542,8.3596e+0,7.8948e+11,3.6212e+11
0.02604,0.23542,8.2256e+0,0.0000e+0,1.4299e+11
0.02813,0.23542,8.0852e+0,0.0000e+0,4.2852e+11
0.03021,0.23542,7.9273e+0,0.0000e+0,1.5725e+11
0.03229,0.23542,7.7818e+0,0.0000e+0,1.0239e+12
0.03438,0.23542,7.5922e+0,5.3642e+10,7.4647e+9
0.03646,0.23542,7.4339e+0,1.0571e+11,3.7863e+11
0.03854,0.23542,7.2836e+0,0.0000e+0,3.5631e+11
0.04063,0.23542,7.1352e+0,3.8413e+10,8.1737e+11
0.04271,0.23542,6.9592e+0,1.0544e+11,5.6367e+11
0.04479,0.23542,6.7804e+0,9.6704e+10,2.6955e+11
0.04688,0.23542,6.6133e+0,0.0000e+0,2.9410e+11
0.04896,0.23542,6.4477e+0,0.0000e+0,4.8587e+11
0.05104,0.23542,6.2677e+0,0.0000e+0,3.5145e+11
0.05312,0.23542,6.0823e+0,0.0000e+0,1.3894e+11
0.05521,0.23542,5.9050e+0,0.0000e+0,1.2257e+11
0.05729,0.23542,5.7356e+0,0.0000e+0,1.7678e+11
0.05937,0.23542,5.5711e+0,0.0000e+0,9.9635e+11
0.06146,0.23542,5.3551e+0,0.0000e+0,3.8709e+11
0.06354,0.23542,5.1342e+0,0.0000e+0,1.6425e+11
0.06563,0.23542,4.9208e+0,0.0000e+0,2.0402e+11
0.06771,0.23542,4.7135e+0,0.0000e+0,6.8026e+11
0.06979,0.23542,4.4771e+0,1.4171e+10,2.6608e+11
0.07187,0.23542,4.2409e+0,1.5215e+11,1.0815e+11
0.07396,0.23542,4.0250e+0,0.0000e+0,4.9627e+11
0.07604,0.23542,3.7895e+0,0.0000e+0,5.8680e+11
0.07813,0.23542,3.5245e+0,2.7290e+9,5.5388e+11
0.08021,0.23542,3.2245e+0,1.0213e+10,2.5275e+11
0.08229,0.23542,2.9142e+0,0.0000e+0,4.1331e+11
0.08438,0.23542,2.5818e+0,3.3540e+10,4.4900e+11
0.08646,0.23542,2.2298e+0,6.1237e+10,3.0483e+11
0.08854,0.23542,1.8711e+0,1.0485e+11,2.1648e+11
0.09062,0.23542,1.5144e+0,8.3870e+9,5.8794e+10
0.09271,0.23542,1.1637e+0,0.0000e+0,0.0000e+0
0.09479,0.23542,8.2158e-1,0.0000e+0,0.0000e+0
0.09688,0.23542,4.8720e-1,0.0000e+0,0.0000e+0
0.09896,0.23542,1.6012e-1,0.0000e+0,0.0000e+0
0.00104,0.23958,8.9003e+0,0.0000e+0,0.0000e+0
0.00313,0.23958,8.8962e+0,0.0000e+0,0.0000e+0
0.00521,0.23958,8.8848e+0,0.0000e+0,0.0000e+0
0.00729,0.23958,8.8580e+0,1.0415e+12,0.0000e+0
0.00937,0.23958,8.8809e+0,5.0371e+11,6.4704e+11
0.01146,0.23958,8.8557e+0,0.0000e+0,2.8932e+11
0.01354,0.23958,8.7949e+0,0.0000e+0,0.0000e+0
0.01563,0.23958,8.7299e+0,0.0000e+0,1.8435e+11
0.01771,0.23958,8.6596e+0,0.0000e+0,3.1902e+11
0.01979,0.23958,8.5858e+0,0.0000e+0,7.6222e+11
0.02187,0.23958,8.4845e+0,6.4787e+9,1.4837e+12
0.02396,0.23958,8.3091e+0,8.3248e+10,0.0000e+0
0.02604,0.23958,8.1693e+0,0.0000e+0,5.3626e+11
0.02813,0.23958,8.0131e+0,0.0000e+0,4.0350e+11
0.03021,0.23958,7.8454e+0,5.4194e+10,5.0017e+10
0.03229,0.23958,7.6921e+0,1.3389e+11,5.1271e+10
0.03438,0.23958,7.5403e+0,2.1659e+11,6.2602e+10
0.03646,0.23958,7.3994e+0,1.4877e+11,2.5708e+11
0.03854,0.23958,7.2504e+0,0.0000e+0,1.6301e+11
0.04063,0.23958,7.0963e+0,0.0000e+0,3.5987e+11
0.04271,0.23958,6.9274e+0,7.5931e+8,3.8670e+11
0.04479,0.23958,6.7465e+0,4.0238e+11,2.1988e+11
0.04688,0.23958,6.5894e+0,0.0000e+0,3.2577e+11
0.04896,0.23958,6.4176e+0,0.0000e+0,3.4334e+11
0.05104,0.23958,6.2280e+0,0.0000e+0,4.8739e+8
0.05312,0.23958,6.0430e+0,0.0000e+0,0.0000e+0
0.05521,0.23958,5.8638e+0,0.0000e+0,0.0000e+0
0.05729,0.23958,5.6922e+0,0.0000e+0,1.7892e+11
0.05937,0.23958,5.5154e+0,0.0000e+0,6.9661e+11
0.06146,0.23958,5.2946e+0,4.5559e+10,2.1560e+11
0.06354,0.23958,5.0686e+0,2.1622e+11,1.3581e+11
0.06563,0.23958,4.8526e+0,2.9135e+11,2.3569e+11
0.06771,0.23958,4.6477e+0,0.0000e+0,3.0674e+11
0.06979,0.23958,4.4235e+0,1.2443e+10,1.1214e+11
0.07187,0.23958,4.1975e+0,1.3359e+11,1.6217e+11
0.07396,0.23958,3.9799e+0,0.0000e+0,2.4513e+11
0.07604,0.23958,3.7543e+0,0.0000e+0,5.6286e+11
0.07813,0.23958,3.5024e+0,5.6470e+10,9.7333e+11
0.08021,0.23958,3.2024e+0,2.1133e+11,5.9089e+11
0.08229,0.23958,2.8887e+0,1.6920e+10,3.7915e+11
0.08438,0.23958,2.5581e+0,5.9476e+10,2.3345e+11
0.08646,0.23958,2.2190e+0,1.0756e+11,3.7682e+11
0.08854,0.23958,1.8640e+0,1.2894e+11,1.6219e+11
0.09062,0.23958,1.5111e+0,1.0315e+10,2.4758e+10
0.09271,0.23958,1.1628e+0,0.0000e+0,0.0000e+0
0.09479,0.23958,8.2148e-1,0.0000e+0,0.0000e+0
0.09688,0.23958,4.8731e-1,0.0000e+0,0.0000e+0
0.09896,0.23958,1.6016e-1,0.0000e+0,0.0000e+0
0.00104,0.24375,8.9478e+0,0.0000e+0,0.0000e+0
0.00313,0.24375,8.9528e+0,0.0000e+0,0.0000e+0
0.00521,0.24375,8.9648e+0,0.0000e+0,0.0000e+0
0.00729,0.24375,8.9903e+0,8.5224e+11,7.5480e+11
0.00937,0.24375,9.0320e+0,4.1219e+11,3.0185e+12
0.01146,0.24375,8.9252e+0,0.0000e+0,7.3747e+11
0.01354,0.24375,8.8124e+0,0.0000e+0,0.0000e+0
0.01563,0.24375,8.7297e+0,0.0000e+0,8.4256e+11
0.01771,0.24375,8.6061e+0,0.0000e+0,3.4561e+11
0.01979,0.24375,8.4666e+0,0.0000e+0,0.0000e+0
0.02187,0.24375,8.3290e+0,0.0000e+0,0.0000e+0
0.02396,0.24375,8.1909e+0,0.0000e+0,0.0000e+0
0.02604,0.24375,8.0574e+0,0.0000e+0,1.7485e+11
0.02813,0.24375,7.9079e+0,4.5993e+11,3.3195e+11
0.03021,0.24375,7.7604e+0,6.0436e+11,0.0000e+0
0.03229,0.24375,7.6525e+0,3.6915e+11,5.9487e+11
0.03438,0.24375,7.5310e+0,1.6031e+11,9.3162e+11
0.03646,0.24375,7.3826e+0,1.1012e+11,6.9053e+11
0.03854,0.24375,7.2194e+0,0.0000e+0,6.4133e+11
0.04063,0.24375,7.0361e+0,0.0000e+0,3.1639e+10
0.04271,0.24375,6.8646e+0,0.0000e+0,0.0000e+0
0.04479,0.24375,6.7003e+0,1.5970e+11,5.3104e+10
0.04688,0.24375,6.5510e+0,2.3439e+11,6.7158e+11
0.04896,0.24375,6.3818e+0,0.0000e+0,3.1933e+11
0.05104,0.24375,6.2005e+0,0.0000e+0,2.8210e+11
0.05312,0.24375,6.0090e+0,0.0000e+0,1.0959e+11
0.05521,0.24375,5.8185e+0,0.0000e+0,2.1021e+9
0.05729,0.24375,5.6388e+0,0.0000e+0,3.3612e+11
0.05937,0.24375,5.4448e+0,0.0000e+0,4.2290e+11
0.06146,0.24375,5.2264e+0,8.4958e+10,1.2592e+11
0.06354,0.24375,5.0061e+0,2.4449e+11,1.2044e+11
0.06563,0.24375,4.7956e+0,2.0730e+11,1.5083e+11
0.06771,0.24375,4.5889e+0,2.3544e+11,4.6210e+11
0.06979,0.24375,4.3692e+0,0.0000e+0,1.3966e+11
0.07187,0.24375,4.1431e+0,9.2937e+10,1.9309e+11
0.07396,0.24375,3.9144e+0,3.7376e+10,2.0026e+11
0.07604,0.24375,3.6738e+0,1.2740e+11,2.8306e+11
0.07813,0.24375,3.4176e+0,8.8824e+10,2.0865e+11
0.08021,0.24375,3.1438e+0,0.0000e+0,1.9719e+11
0.08229,0.24375,2.8502e+0,2.4625e+11,3.3535e+11
0.08438,0.24375,2.5464e+0,8.1873e+9,4.0397e+11
0.08646,0.24375,2.2193e+0,0.0000e+0,4.6320e+11
0.08854,0.24375,1.8690e+0,8.6916e+10,2.7100e+11
0.09062,0.24375,1.5174e+0,7.9468e+9,1.6600e+11
0.09271,0.24375,1.1653e+0,0.0000e+0,0.0000e+0
0.09479,0.24375,8.2245e-1,0.0000e+0,0.0000e+0
0.09688,0.24375,4.8765e-1,0.0000e+0,0.0000e+0
0.09896,0.24375,1.6025e-1,0.0000e+0,0.0000e+0
0.00104,0.24792,8.9567e+0,0.0000e+0,0.0000e+0
0.00313,0.24792,8.9582e+0,0.0000e+0,0.0000e+0
0.00521,0.24792,8.9613e+0,0.0000e+0,0.0000e+0
0.00729,0.24792,8.9661e+0,0.0000e+0,2.2802e+11
0.00937,0.24792,8.9567e+0,0.0000e+0,1.1281e+12
0.01146,0.24792,8.8671e+0,0.0000e+0,2.8911e+11
0.01354,0.24792,8.7691e+0,0.0000e+0,0.0000e+0
0.01563,0.24792,8.6841e+0,0.0000e+0,5.5853e+11
0.01771,0.24792,8.5695e+0,0.0000e+0,9.4744e+11
0.01979,0.24792,8.3983e+0,0.0000e+0,0.0000e+0
0.02187,0.24792,8.2272e+0,6.9608e+11,0.0000e+0
0.02396,0.24792,8.1022e+0,6.3516e+11,0.0000e+0
0.02604,0.24792,8.0000e+0,0.0000e+0,1.2101e+11
0.02813,0.24792,7.8825e+0,3.6312e+11,7.2226e+11
0.03021,0.24792,7.7489e+0,2.6147e+11,5.4943e+11
0.03229,0.24792,7.6041e+0,6.2396e+10,4.6862e+11
0.03438,0.24792,7.4358e+0,4.9668e+11,2.9127e+11
0.03646,0.24792,7.2753e+0,0.0000e+0,4.2433e+10
0.03854,0.24792,7.1044e+0,5.4281e+11,1.7196e+11
0.04063,0.24792,6.9553e+0,2.4618e+11,1.8085e+11
0.04271,0.24792,6.8052e+0,0.0000e+0,8.1829e+10
0.04479,0.24792,6.6501e+0,3.7457e+10,1.9832e+11
0.04688,0.24792,6.4880e+0,5.4974e+10,1.7717e+11
0.04896,0.24792,6.3241e+0,0.0000e+0,2.0085e+11
0.05104,0.24792,6.1555e+0,0.0000e+0,4.5452e+11
0.05312,0.24792,5.9661e+0,6.2142e+10,4.8138e+11
0.05521,0.24792,5.7578e+0,1.3465e+11,8.2446e+9
0.05729,0.24792,5.5645e+0,0.0000e+0,7.5777e+10
0.05937,0.24792,5.3678e+0,1.6487e+11,1.1491e+11
0.06146,0.24792,5.1741e+0,1.2308e+11,1.7791e+11
0.06354,0.24792,4.9771e+0,0.0000e+0,2.4658e+11
0.06563,0.24792,4.7673e+0,8.3257e+9,3.1420e+11
0.06771,0.24792,4.5442e+0,1.4340e+11,2.3823e+11
0.06979,0.24792,4.3233e+0,1.6863e+11,3.7801e+11
0.07187,0.24792,4.0924e+0,3.0752e+11,3.2993e+11
0.07396,0.24792,3.8697e+0,1.8968e+11,4.1660e+11
0.07604,0.24792,3.6369e+0,4.4195e+10,3.3185e+11
0.07813,0.24792,3.3910e+0,3.0814e+10,3.5052e+11
0.08021,0.24792,3.1317e+0,0.0000e+0,3.9611e+11
0.08229,0.24792,2.8544e+0,0.0000e+0,7.2739e+11
0.08438,0.24792,2.5348e+0,0.0000e+0,3.0128e+11
0.08646,0.24792,2.1994e+0,0.0000e+0,1.3672e+11
0.08854,0.24792,1.8545e+0,1.4437e+11,1.2300e+11
0.09062,0.24792,1.5092e+0,1.3200e+10,8.4740e+10
0.09271,0.24792,1.1620e+0,0.0000e+0,0.0000e+0
0.09479,0.24792,8.2092e-1,0.0000e+0,0.0000e+0
0.09688,0.24792,4.8693e-1,0.0000e+0,0.0000e+0
0.09896,0.24792,1.6003e-1,0.0000e+0,0.0000e+0
0.00104,0.25208,8.9537e+0,0.0000e+0,0.0000e+0
0.00313,0.25208,8.9513e+0,0.0000e+0,0.0000e+0
0.00521,0.25208,8.9448e+0,0.0000e+0,0.0000e+0
0.00729,0.25208,8.9289e+0,0.0000e+0,0.0000e+0
0.00937,0.25208,8.8919e+0,0.0000e+0,0.0000e+0
0.01146,0.25208,8.8203e+0,0.0000e+0,0.0000e+0
0.01354,0.25208,8.7298e+0,0.0000e+0,0.0000e+0
0.01563,0.25208,8.6348e+0,0.0000e+0,0.0000e+0
0.01771,0.25208,8.5286e+0,0.0000e+0,0.0000e+0
0.01979,0.25208,8.4019e+0,0.0000e+0,1.4497e+11
0.02187,0.25208,8.2499e+0,3.5854e+11,2.7158e+10
0.02396,0.25208,8.1177e+0,2.7141e+11,0.0000e+0
0.02604,0.25208,8.0012e+0,0.0000e+0,9.6306e+10
0.02813,0.25208,7.8738e+0,4.0892e+11,8.3440e+11
0.03021,0.25208,7.7187e+0,3.7689e+11,2.6662e+11
0.03229,0.25208,7.5654e+0,2.6329e+11,3.8164e+11
0.03438,0.25208,7.4029e+0,8.6039e+10,1.9365e+11
0.03646,0.25208,7.2342e+0,0.0000e+0,0.0000e+0
0.03854,0.25208,7.0651e+0,2.9411e+11,1.0554e+11
0.04063,0.25208,6.9126e+0,2.4723e+11,1.2275e+11
0.04271,0.25208,6.7700e+0,0.0000e+0,4.0355e+11
0.04479,0.25208,6.6062e+0,0.0000e+0,3.7959e+11
0.04688,0.25208,6.4253e+0,0.0000e+0,0.0000e+0
0.04896,0.25208,6.2502e+0,9.8216e+10,3.5894e+10
0.05104,0.25208,6.0803e+0,2.6521e+11,4.2612e+11
0.05312,0.25208,5.8990e+0,6.7498e+10,3.3444e+11
0.05521,0.25208,5.7003e+0,1.4625e+11,7.0544e+10
0.05729,0.25208,5.5078e+0,8.6417e+10,0.0000e+0
0.05937,0.25208,5.3214e+0,1.4160e+11,0.0000e+0
0.06146,0.25208,5.1447e+0,3.5757e+10,3.7510e+11
0.06354,0.25208,4.9484e+0,0.0000e+0,4.8740e+11
0.06563,0.25208,4.7225e+0,3.5491e+10,1.2200e+11
0.06771,0.25208,4.4900e+0,3.5328e+11,4.2010e+10
0.06979,0.25208,4.2741e+0,1.0961e+11,3.1363e+11
0.07187,0.25208,4.0379e+0,3.6523e+11,6.3068e+10
0.07396,0.25208,3.8192e+0,2.2550e+11,4.1908e+11
0.07604,0.25208,3.5892e+0,0.0000e+0,2.9172e+11
0.07813,0.25208,3.3440e+0,0.0000e+0,1.4648e+11
0.08021,0.25208,3.0948e+0,0.0000e+0,3.2533e+11
0.08229,0.25208,2.8296e+0,0.0000e+0,7.3109e+11
0.08438,0.25208,2.5242e+0,0.0000e+0,3.8505e+11
0.08646,0.25208,2.2072e+0,0.0000e+0,3.8451e+11
0.08854,0.25208,1.8794e+0,0.0000e+0,6.6885e+11
0.09062,0.25208,1.5192e+0,0.0000e+0,9.1027e+10
0.09271,0.25208,1.1647e+0,0.0000e+0,0.0000e+0
0.09479,0.25208,8.2086e-1,0.0000e+0,0.0000e+0
0.09688,0.25208,4.8627e-1,0.0000e+0,0.0000e+0
0.09896,0.25208,1.5972e-1,0.0000e+0,0.0000e+0
0.00104,0.25625,8.9689e+0,0.0000e+0,0.0000e+0
0.00313,0.25625,8.9728e+0,0.0000e+0,0.0000e+0
0.00521,0.25625,8.9832e+0,0.0000e+0,0.0000e+0
0.00729,0.25625,9.0068e+0,0.0000e+0,6.4564e+11
0.00937,0.25625,9.0143e+0,0.0000e+0,2.3554e+12
0.01146,0.25625,8.9073e+0,2.4064e+11,1.5105e+12
0.01354,0.25625,8.7664e+0,1.0655e+12,6.6281e+11
0.01563,0.25625,8.6833e+0,0.0000e+0,0.0000e+0
0.01771,0.25625,8.6243e+0,0.0000e+0,1.0451e+12
0.01979,0.25625,8.5206e+0,0.0000e+0,1.2042e+12
0.02187,0.25625,8.3614e+0,0.0000e+0,2.9231e+11
0.02396,0.25625,8.2023e+0,0.0000e+0,7.1345e+10
0.02604,0.25625,8.0544e+0,0.0000e+0,0.0000e+0
0.02813,0.25625,7.9189e+0,4.5713e+10,7.6842e+11
0.03021,0.25625,7.7379e+0,1.2781e+11,6.9649e+10
0.03229,0.25625,7.5649e+0,2.6645e+11,0.0000e+0
0.03438,0.25625,7.4072e+0,0.0000e+0,1.4206e+11
0.03646,0.25625,7.2332e+0,1.0392e+11,4.2568e+10
0.03854,0.25625,7.0578e+0,3.6330e+11,2.1756e+11
0.04063,0.25625,6.8925e+0,2.4302e+11,2.4318e+11
0.04271,0.25625,6.7223e+0,0.0000e+0,0.0000e+0
0.04479,0.25625,6.5434e+0,2.4998e+11,0.0000e+0
0.04688,0.25625,6.3712e+0,2.3615e+11,0.0000e+0
0.04896,0.25625,6.2029e+0,2.1682e+10,2.0433e+10
0.05104,0.25625,6.0326e+0,6.2515e+10,1.9343e+11
0.05312,0.25625,5.8533e+0,1.1676e+11,1.5832e+11
0.05521,0.25625,5.6722e+0,0.0000e+0,8.2847e+10
0.05729,0.25625,5.4868e+0,9.7636e+10,4.0258e+10
0.05937,0.25625,5.3064e+0,1.0587e+11,2.9659e+11
0.06146,0.25625,5.1125e+0,0.0000e+0,6.9284e+10
0.06354,0.25625,4.9125e+0,0.0000e+0,1.6435e+10
0.06563,0.25625,4.7102e+0,2.7597e+10,2.9587e+11
0.06771,0.25625,4.4943e+0,2.6849e+11,4.0739e+11
0.06979,0.25625,4.2781e+0,1.9728e+11,8.0401e+11
0.07187,0.25625,4.0256e+0,2.4832e+11,2.6960e+11
0.07396,0.25625,3.7789e+0,3.7558e+10,1.3318e+10
0.07604,0.25625,3.5370e+0,1.2350e+11,1.9407e+11
0.07813,0.25625,3.2931e+0,2.3370e+11,3.5902e+11
0.08021,0.25625,3.0461e+0,6.0027e+10,6.0050e+11
0.08229,0.25625,2.7653e+0,8.6435e+10,3.2784e+11
0.08438,0.25625,2.4697e+0,9.7555e+10,2.2446e+11
0.08646,0.25625,2.1687e+0,0.0000e+0,2.7113e+11
0.08854,0.25625,1.8559e+0,0.0000e+0,5.9646e+11
0.09062,0.25625,1.5106e+0,0.0000e+0,3.3543e+11
0.09271,0.25625,1.1559e+0,0.0000e+0,0.0000e+0
0.09479,0.25625,8.1381e-1,0.0000e+0,0.0000e+0
0.09688,0.25625,4.8182e-1,0.0000e+0,0.0000e+0
0.09896,0.25625,1.5823e-1,0.0000e+0,0.0000e+0
0.00104,0.26042,8.9531e+0,0.0000e+0,0.0000e+0
0.00313,0.26042,8.9497e+0,0.0000e+0,0.0000e+0
0.00521,0.26042,8.9420e+0,0.0000e+0,0.0000e+0
0.00729,0.26042,8.9284e+0,0.0000e+0,9.9840e+10
0.00937,0.26042,8.8989e+0,0.0000e+0,5.1792e+11
0.01146,0.26042,8.8252e+0,1.0258e+11,5.0064e+11
0.01354,0.26042,8.7318e+0,4.2329e+11,2.0609e+11
0.01563,0.26042,8.6728e+0,0.0000e+0,1.4407e+11
0.01771,0.26042,8.6099e+0,0.0000e+0,2.1170e+11
0.01979,0.26042,8.5382e+0,0.0000e+0,6.9012e+11
0.02187,0.26042,8.4413e+0,0.0000e+0,1.4398e+12
0.02396,0.26042,8.2727e+0,0.0000e+0,5.2726e+11
0.02604,0.26042,8.1035e+0,0.0000e+0,0.0000e+0
0.02813,0.26042,7.9626e+0,0.0000e+0,6.8694e+11
0.03021,0.26042,7.7919e+0,0.0000e+0,1.8933e+11
0.03229,0.26042,7.6254e+0,0.0000e+0,5.2620e+10
0.03438,0.26042,7.4727e+0,0.0000e+0,6.7208e+11
0.03646,0.26042,7.2907e+0,7.8173e+10,3.5650e+11
0.03854,0.26042,7.1075e+0,1.7550e+11,4.0294e+11
0.04063,0.26042,6.9243e+0,0.0000e+0,1.3965e+11
0.04271,0.26042,6.7430e+0,0.0000e+0,4.1702e+8
0.04479,0.26042,6.5747e+0,1.4395e+9,5.2875e+11
0.04688,0.26042,6.3889e+0,1.3599e+9,4.5830e+11
0.04896,0.26042,6.1920e+0,2.3883e+10,7.9108e+10
0.05104,0.26042,6.0060e+0,4.0355e+10,0.0000e+0
0.05312,0.26042,5.8301e+0,4.6494e+11,4.2146e+11
0.05521,0.26042,5.6629e+0,1.8984e+11,3.4959e+11
0.05729,0.26042,5.4911e+0,0.0000e+0,2.7476e+11
0.05937,0.26042,5.3061e+0,0.0000e+0,2.9653e+11
0.06146,0.26042,5.1096e+0,0.0000e+0,2.4180e+11
0.06354,0.26042,4.9068e+0,0.0000e+0,2.0068e+11
0.06563,0.26042,4.6964e+0,0.0000e+0,2.2123e+11
0.06771,0.26042,4.4780e+0,2.2030e+11,4.0460e+11
0.06979,0.26042,4.2578e+0,6.5744e+9,6.0971e+11
0.07187,0.26042,4.0103e+0,7.3165e+10,3.1327e+11
0.07396,0.26042,3.7629e+0,1.4899e+10,4.6349e+11
0.07604,0.26042,3.5008e+0,1.7134e+10,1.7738e+11
0.07813,0.26042,3.2373e+0,3.0592e+11,2.4851e+11
0.08021,0.26042,2.9861e+0,1.9926e+11,4.7646e+11
0.08229,0.26042,2.7180e+0,3.9718e+10,5.0689e+11
0.08438,0.26042,2.4250e+0,4.4828e+10,3.0362e+11
0.08646,0.26042,2.1220e+0,0.0000e+0,2.7502e+11
0.08854,0.26042,1.8065e+0,0.0000e+0,3.6122e+11
0.09062,0.26042,1.4660e+0,0.0000e+0,1.4000e+10
0.09271,0.26042,1.1278e+0,0.0000e+0,0.0000e+0
0.09479,0.26042,7.9619e-1,0.0000e+0,0.0000e+0
0.09688,0.26042,4.7203e-1,0.0000e+0,0.0000e+0
0.09896,0.26042,1.5510e-1,0.0000e+0,0.0000e+0
0.00104,0.26458,8.9657e+0,0.0000e+0,0.0000e+0
0.00313,0.26458,8.9585e+0,0.0000e+0,0.0000e+0
0.00521,0.26458,8.9410e+0,0.0000e+0,0.0000e+0
0.00729,0.26458,8.9062e+0,0.0000e+0,0.0000e+0
0.00937,0.26458,8.8440e+0,0.0000e+0,0.0000e+0
0.01146,0.26458,8.7610e+0,3.6127e+11,0.0000e+0
0.01354,0.26458,8.6773e+0,1.2227e+12,0.0000e+0
0.01563,0.26458,8.6650e+0,0.0000e+0,5.7978e+11
0.01771,0.26458,8.5981e+0,2.2543e+11,8.3475e+11
0.01979,0.26458,8.4828e+0,8.8699e+11,3.9306e+11
0.02187,0.26458,8.4058e+0,0.0000e+0,1.3795e+12
0.02396,0.26458,8.2393e+0,0.0000e+0,1.5173e+10
0.02604,0.26458,8.0889e+0,0.0000e+0,0.0000e+0
0.02813,0.26458,7.9559e+0,5.8865e+10,4.7892e+11
0.03021,0.26458,7.8161e+0,4.8067e+11,1.0950e+12
0.03229,0.26458,7.6554e+0,0.0000e+0,5.3931e+11
0.03438,0.26458,7.4843e+0,0.0000e+0,4.8241e+11
0.03646,0.26458,7.3042e+0,0.0000e+0,2.1090e+11
0.03854,0.26458,7.1319e+0,0.0000e+0,5.2860e+11
0.04063,0.26458,6.9421e+0,1.1997e+11,5.0765e+11
0.04271,0.26458,6.7461e+0,2.1375e+11,5.5159e+11
0.04479,0.26458,6.5479e+0,0.0000e+0,2.8891e+11
0.04688,0.26458,6.3448e+0,2.7403e+11,2.5829e+11
0.04896,0.26458,6.1535e+0,5.3106e+11,3.5011e+11
0.05104,0.26458,5.9803e+0,2.1993e+11,2.5203e+11
0.05312,0.26458,5.8104e+0,2.3764e+10,3.2257e+10
0.05521,0.26458,5.6479e+0,2.6005e+10,8.9269e+10
0.05729,0.26458,5.4883e+0,0.0000e+0,7.4575e+11
0.05937,0.26458,5.2848e+0,0.0000e+0,6.1117e+10
0.06146,0.26458,5.0835e+0,1.5131e+11,4.5200e+10
0.06354,0.26458,4.8956e+0,3.0080e+10,6.3509e+11
0.06563,0.26458,4.6722e+0,0.0000e+0,3.3320e+11
0.06771,0.26458,4.4343e+0,1.0541e+11,3.5206e+11
0.06979,0.26458,4.1886e+0,4.1772e+9,8.0618e+10
0.07187,0.26458,3.9427e+0,0.0000e+0,7.6252e+10
0.07396,0.26458,3.6959e+0,0.0000e+0,1.0305e+11
0.07604,0.26458,3.4493e+0,0.0000e+0,4.2756e+11
0.07813,0.26458,3.1841e+0,1.9204e+11,2.3203e+11
0.08021,0.26458,2.9302e+0,1.1569e+10,5.4849e+11
0.08229,0.26458,2.6515e+0,0.0000e+0,2.3151e+11
0.08438,0.26458,2.3656e+0,0.0000e+0,3.1438e+11
0.08646,0.26458,2.0686e+0,0.0000e+0,1.1331e+11
0.08854,0.26458,1.7744e+0,0.0000e+0,7.2342e+11
0.09062,0.26458,1.4393e+0,0.0000e+0,1.9691e+11
0.09271,0.26458,1.1032e+0,0.0000e+0,0.0000e+0
0.09479,0.26458,7.7775e-1,0.0000e+0,0.0000e+0
0.09688,0.26458,4.6087e-1,0.0000e+0,0.0000e+0
0.09896,0.26458,1.5141e-1,0.0000e+0,0.0000e+0
0.00104,0.26875,9.0356e+0,0.0000e+0,0.0000e+0
0.00313,0.26875,9.0399e+0,0.0000e+0,0.0000e+0
0.00521,0.26875,9.0514e+0,0.0000e+0,4.4427e+11
0.00729,0.26875,9.0489e+0,0.0000e+0,2.0198e+12
0.00937,0.26875,8.9374e+0,0.0000e+0,0.0000e+0
0.01146,0.26875,8.8564e+0,0.0000e+0,2.8128e+10
0.01354,0.26875,8.7922e+0,0.0000e+0,4.4073e+11
0.01563,0.26875,8.7141e+0,0.0000e+0,2.9935e+11
0.01771,0.26875,8.6274e+0,8.8714e+9,1.0804e+12
0.01979,0.26875,8.4769e+0,3.4906e+10,0.0000e+0
0.02187,0.26875,8.3415e+0,0.0000e+0,2.4506e+11
0.02396,0.26875,8.1921e+0,0.0000e+0,4.9139e+9
0.02604,0.26875,8.0495e+0,0.0000e+0,8.0436e+10
0.02813,0.26875,7.9047e+0,2.2632e+10,1.5126e+11
0.03021,0.26875,7.7535e+0,1.8480e+11,3.0265e+11
0.03229,0.26875,7.6003e+0,0.0000e+0,5.5180e+11
0.03438,0.26875,7.4229e+0,0.0000e+0,0.0000e+0
0.03646,0.26875,7.2604e+0,0.0000e+0,1.5417e+11
0.03854,0.26875,7.0992e+0,0.0000e+0,7.0486e+11
0.04063,0.26875,6.8931e+0,7.1900e+10,9.1256e+9
0.04271,0.26875,6.6925e+0,1.2811e+11,2.2889e+11
0.04479,0.26875,6.4876e+0,3.2861e+11,9.3149e+10
0.04688,0.26875,6.2990e+0,1.9091e+11,0.0000e+0
0.04896,0.26875,6.1263e+0,1.7339e+11,2.4477e+11
0.05104,0.26875,5.9550e+0,8.6570e+9,1.1505e+11
0.05312,0.26875,5.7849e+0,1.9866e+10,0.0000e+0
0.05521,0.26875,5.6273e+0,0.0000e+0,3.7378e+11
0.05729,0.26875,5.4533e+0,0.0000e+0,2.9384e+11
0.05937,0.26875,5.2637e+0,0.0000e+0,2.5868e+11
0.06146,0.26875,5.0611e+0,2.1853e+11,2.7115e+11
0.06354,0.26875,4.8624e+0,1.7906e+11,8.1141e+11
0.06563,0.26875,4.6302e+0,0.0000e+0,4.8505e+11
0.06771,0.26875,4.3740e+0,2.5957e+11,2.3952e+11
0.06979,0.26875,4.1273e+0,6.3196e+10,1.2938e+11
0.07187,0.26875,3.8829e+0,0.0000e+0,2.8896e+11
0.07396,0.26875,3.6239e+0,0.0000e+0,2.4926e+10
0.07604,0.26875,3.3662e+0,0.0000e+0,1.3838e+11
0.07813,0.26875,3.0992e+0,5.8885e+10,7.3182e+10
0.08021,0.26875,2.8347e+0,5.3402e+10,6.6246e+10
0.08229,0.26875,2.5702e+0,3.3800e+10,4.1767e+11
0.08438,0.26875,2.2803e+0,9.5248e+10,6.7508e+10
0.08646,0.26875,1.9971e+0,1.6798e+10,2.1651e+11
0.08854,0.26875,1.7081e+0,0.0000e+0,5.4520e+11
0.09062,0.26875,1.3853e+0,0.0000e+0,4.3383e+10
0.09271,0.26875,1.0660e+0,0.0000e+0,0.0000e+0
0.09479,0.26875,7.5324e-1,0.0000e+0,0.0000e+0
0.09688,0.26875,4.4694e-1,0.0000e+0,0.0000e+0
0.09896,0.26875,1.4692e-1,0.0000e+0,0.0000e+0
0.00104,0.27292,9.0712e+0,0.0000e+0,0.0000e+0
0.00313,0.27292,9.0719e+0,0.0000e+0,0.0000e+0
0.00521,0.27292,9.0721e+0,0.0000e+0,1.3955e+11
0.00729,0.27292,9.0588e+0,0.0000e+0,6.3445e+11
0.00937,0.27292,8.9938e+0,0.0000e+0,0.0000e+0
0.01146,0.27292,8.9284e+0,0.0000e+0,7.2009e+10
0.01354,0.27292,8.8678e+0,0.0000e+0,1.1283e+12
0.01563,0.27292,8.7478e+0,0.0000e+0,3.7180e+11
0.01771,0.27292,8.6281e+0,0.0000e+0,8.6870e+11
0.01979,0.27292,8.4715e+0,0.0000e+0,4.4114e+11
0.02187,0.27292,8.3099e+0,0.0000e+0,0.0000e+0
0.02396,0.27292,8.1671e+0,0.0000e+0,2.2459e+10
0.02604,0.27292,8.0398e+0,0.0000e+0,5.7371e+11
0.02813,0.27292,7.8901e+0,0.0000e+0,9.2478e+11
0.03021,0.27292,7.6971e+0,0.0000e+0,8.1952e+10
0.03229,0.27292,7.5118e+0,2.7638e+11,0.0000e+0
0.03438,0.27292,7.3428e+0,3.2194e+11,0.0000e+0
0.03646,0.27292,7.2004e+0,0.0000e+0,4.9063e+10
0.03854,0.27292,7.0638e+0,0.0000e+0,9.0737e+11
0.04063,0.27292,6.8812e+0,0.0000e+0,7.0097e+11
0.04271,0.27292,6.6735e+0,0.0000e+0,1.8631e+11
0.04479,0.27292,6.4693e+0,8.5609e+10,0.0000e+0
0.04688,0.27292,6.2824e+0,1.6936e+10,0.0000e+0
0.04896,0.27292,6.1000e+0,0.0000e+0,9.2522e+8
0.05104,0.27292,5.9183e+0,1.8242e+11,2.0159e+10
0.05312,0.27292,5.7414e+0,2.9475e+11,9.6855e+10
0.05521,0.27292,5.5799e+0,0.0000e+0,4.6533e+10
0.05729,0.27292,5.4148e+0,0.0000e+0,2.6251e+11
0.05937,0.27292,5.2408e+0,0.0000e+0,6.6798e+11
0.06146,0.27292,5.0357e+0,4.3503e+10,6.3724e+11
0.06354,0.27292,4.8008e+0,2.2798e+11,2.7552e+11
0.06563,0.27292,4.5630e+0,1.0204e+10,1.0764e+11
0.06771,0.27292,4.3120e+0,2.6396e+11,1.3343e+11
0.06979,0.27292,4.0656e+0,1.8139e+11,1.6638e+11
0.07187,0.27292,3.8193e+0,0.0000e+0,9.3957e+10
0.07396,0.27292,3.5681e+0,0.0000e+0,1.9504e+11
0.07604,0.27292,3.3058e+0,0.0000e+0,2.4616e+11
0.07813,0.27292,3.0245e+0,3.8603e+11,3.0954e+10
0.08021,0.27292,2.7630e+0,1.5925e+11,9.3283e+10
0.08229,0.27292,2.4986e+0,1.8985e+11,4.8115e+11
0.08438,0.27292,2.2046e+0,1.6760e+11,1.7619e+10
0.08646,0.27292,1.9130e+0,3.7018e+11,4.7520e+10
0.08854,0.27292,1.6351e+0,0.0000e+0,2.2345e+11
0.09062,0.27292,1.3334e+0,0.0000e+0,1.1492e+9
0.09271,0.27292,1.0306e+0,0.0000e+0,0.0000e+0
0.09479,0.27292,7.3022e-1,0.0000e+0,0.0000e+0
0.09688,0.27292,4.3394e-1,0.0000e+0,0.0000e+0
0.09896,0.27292,1.4274e-1,0.0000e+0,0.0000e+0
0.00104,0.27708,9.1006e+0,0.0000e+0,0.0000e+0
0.00313,0.27708,9.1054e+0,0.0000e+0,0.0000e+0
0.00521,0.27708,9.1134e+0,0.0000e+0,0.0000e+0
0.00729,0.27708,9.1202e+0,0.0000e+0,1.0873e+11
0.00937,0.27708,9.1097e+0,0.0000e+0,1.0226e+12
0.01146,0.27708,9.0041e+0,0.0000e+0,1.1724e+11
0.01354,0.27708,8.8822e+0,0.0000e+0,6.4434e+11
0.01563,0.27708,8.7278e+0,0.0000e+0,3.7614e+11
0.01771,0.27708,8.5686e+0,0.0000e+0,1.7362e+11
0.01979,0.27708,8.4143e+0,0.0000e+0,2.1238e+11
0.02187,0.27708,8.2610e+0,0.0000e+0,0.0000e+0
0.02396,0.27708,8.1201e+0,0.0000e+0,6.3380e+10
0.02604,0.27708,7.9841e+0,0.0000e+0,6.7304e+11
0.02813,0.27708,7.8085e+0,0.0000e+0,4.6688e+10
0.03021,0.27708,7.6368e+0,0.0000e+0,0.0000e+0
0.03229,0.27708,7.4763e+0,3.3228e+10,3.1392e+11
0.03438,0.27708,7.3083e+0,3.8705e+10,3.2794e+11
0.03646,0.27708,7.1337e+0,0.0000e+0,1.1208e+11
0.03854,0.27708,6.9624e+0,2.5053e+10,2.0013e+11
0.04063,0.27708,6.7890e+0,8.7170e+9,7.3753e+10
0.04271,0.27708,6.6220e+0,0.0000e+0,2.6817e+11
0.04479,0.27708,6.4513e+0,0.0000e+0,1.7803e+11
0.04688,0.27708,6.2866e+0,0.0000e+0,5.5394e+11
0.04896,0.27708,6.1016e+0,0.0000e+0,9.8667e+10
0.05104,0.27708,5.9285e+0,2.7716e+11,8.5329e+11
0.05312,0.27708,5.7368e+0,7.8618e+10,2.8435e+11
0.05521,0.27708,5.5568e+0,2.3824e+10,5.9762e+11
0.05729,0.27708,5.3542e+0,2.9690e+10,1.0950e+11
0.05937,0.27708,5.1589e+0,3.7121e+10,6.3682e+9
0.06146,0.27708,4.9689e+0,2.8567e+11,5.1939e+11
0.06354,0.27708,4.7689e+0,1.9993e+11,6.6606e+11
0.06563,0.27708,4.5484e+0,3.9480e+11,1.0046e+12
0.06771,0.27708,4.3024e+0,2.8978e+11,8.2995e+11
0.06979,0.27708,4.0334e+0,3.0522e+11,2.9024e+11
0.07187,0.27708,3.7747e+0,1.2317e+11,8.3054e+10
0.07396,0.27708,3.5245e+0,1.0175e+11,1.8419e+11
0.07604,0.27708,3.2738e+0,0.0000e+0,2.4795e+11
0.07813,0.27708,3.0127e+0,6.5613e+10,9.8438e+10
0.08021,0.27708,2.7558e+0,1.7461e+10,2.7994e+11
0.08229,0.27708,2.4847e+0,1.3055e+11,4.0937e+11
0.08438,0.27708,2.1958e+0,2.4235e+10,1.0095e+11
0.08646,0.27708,1.9043e+0,1.3410e+11,1.6481e+11
0.08854,0.27708,1.6151e+0,0.0000e+0,2.0413e+11
0.09062,0.27708,1.3128e+0,0.0000e+0,1.0747e+9
0.09271,0.27708,1.0129e+0,0.0000e+0,0.0000e+0
0.09479,0.27708,7.1699e-1,0.0000e+0,0.0000e+0
0.09688,0.27708,4.2587e-1,0.0000e+0,0.0000e+0
0.09896,0.27708,1.4006e-1,0.0000e+0,0.0000e+0
0.00104,0.28125,9.0922e+0,0.0000e+0,0.0000e+0
0.00313,0.28125,9.1087e+0,0.0000e+0,0.0000e+0
0.00521,0.28125,9.1467e+0,0.0000e+0,0.0000e+0
0.00729,0.28125,9.2184e+0,0.0000e+0,2.0494e+11
0.00937,0.28125,9.3374e+0,0.0000e+0,5.4270e+12
0.01146,0.28125,9.1904e+0,0.0000e+0,3.8025e+12
0.01354,0.28125,8.9095e+0,0.0000e+0,3.4383e+11
0.01563,0.28125,8.6925e+0,0.0000e+0,2.0071e+11
0.01771,0.28125,8.5081e+0,0.0000e+0,0.0000e+0
0.01979,0.28125,8.3513e+0,0.0000e+0,0.0000e+0
0.02187,0.28125,8.2187e+0,0.0000e+0,4.3963e+11
0.02396,0.28125,8.0813e+0,0.0000e+0,6.2958e+11
0.02604,0.28125,7.9252e+0,0.0000e+0,6.0124e+11
0.02813,0.28125,7.7486e+0,0.0000e+0,2.2679e+11
0.03021,0.28125,7.5769e+0,0.0000e+0,0.0000e+0
0.03229,0.28125,7.4235e+0,2.8169e+10,4.6937e+11
0.03438,0.28125,7.2525e+0,4.0089e+11,9.4283e+11
0.03646,0.28125,7.0581e+0,6.9570e+9,3.2971e+11
0.03854,0.28125,6.8563e+0,4.5983e+11,1.7983e+11
0.04063,0.28125,6.6871e+0,1.3921e+11,0.0000e+0
0.04271,0.28125,6.5341e+0,0.0000e+0,1.0829e+11
0.04479,0.28125,6.3848e+0,0.0000e+0,3.4955e+11
0.04688,0.28125,6.2287e+0,0.0000e+0,5.3472e+11
0.04896,0.28125,6.0555e+0,0.0000e+0,7.1800e+11
0.05104,0.28125,5.8544e+0,7.7955e+10,2.1394e+11
0.05312,0.28125,5.6592e+0,1.3606e+11,1.6757e+11
0.05521,0.28125,5.4733e+0,1.5306e+11,5.7232e+11
0.05729,0.28125,5.2677e+0,2.2260e+11,8.7864e+10
0.05937,0.28125,5.0855e+0,2.8369e+10,2.3208e+11
0.06146,0.28125,4.9026e+0,3.8075e+10,5.8901e+11
0.06354,0.28125,4.6961e+0,1.3478e+11,6.0059e+11
0.06563,0.28125,4.4730e+0,5.5465e+11,7.9799e+11
0.06771,0.28125,4.2505e+0,2.7606e+11,9.0662e+11
0.06979,0.28125,4.0023e+0,5.1393e+7,4.5486e+11
0.07187,0.28125,3.7389e+0,4.5251e+10,8.5735e+10
0.07396,0.28125,3.4845e+0,3.7382e+10,9.7156e+10
0.07604,0.28125,3.2334e+0,2.2506e+11,1.3017e+11
0.07813,0.28125,2.9975e+0,2.5600e+10,3.3790e+11
0.08021,0.28125,2.7506e+0,0.0000e+0,4.6089e+11
0.08229,0.28125,2.4855e+0,0.0000e+0,5.0443e+11
0.08438,0.28125,2.1991e+0,1.7394e+10,3.7526e+11
0.08646,0.28125,1.9010e+0,1.9092e+11,2.6244e+11
0.08854,0.28125,1.6109e+0,0.0000e+0,2.7385e+11
0.09062,0.28125,1.3098e+0,0.0000e+0,1.6590e+11
0.09271,0.28125,1.0061e+0,0.0000e+0,0.0000e+0
0.09479,0.28125,7.1038e-1,0.0000e+0,0.0000e+0
0.09688,0.28125,4.2135e-1,0.0000e+0,0.0000e+0
0.09896,0.28125,1.3849e-1,0.0000e+0,0.0000e+0
0.00104,0.28542,8.9511e+0,0.0000e+0,0.0000e+0
0.00313,0.28542,8.9540e+0,0.0000e+0,0.0000e+0
0.00521,0.28542,8.9572e+0,0.0000e+0,0.0000e+0
0.00729,0.28542,8.9540e+0,0.0000e+0,0.0000e+0
0.00937,0.28542,8.9367e+0,0.0000e+0,1.7778e+11
0.01146,0.28542,8.8730e+0,0.0000e+0,9.9276e+11
0.01354,0.28542,8.7271e+0,0.0000e+0,3.7182e+11
0.01563,0.28542,8.5705e+0,0.0000e+0,1.4433e+11
0.01771,0.28542,8.4175e+0,0.0000e+0,3.7310e+11
0.01979,0.28542,8.2523e+0,4.2857e+10,0.0000e+0
0.02187,0.28542,8.1091e+0,1.2245e+10,1.2672e+11
0.02396,0.28542,7.9709e+0,0.0000e+0,4.2245e+11
0.02604,0.28542,7.8126e+0,0.0000e+0,1.4330e+11
0.02813,0.28542,7.6490e+0,0.0000e+0,0.0000e+0
0.03021,0.28542,7.4894e+0,0.0000e+0,0.0000e+0
0.03229,0.28542,7.3422e+0,1.4773e+10,6.4469e+11
0.03438,0.28542,7.1611e+0,2.1025e+11,6.5108e+11
0.03646,0.28542,6.9572e+0,6.0279e+10,1.2727e+10
0.03854,0.28542,6.7553e+0,5.8286e+11,0.0000e+0
0.04063,0.28542,6.5914e+0,0.0000e+0,0.0000e+0
0.04271,0.28542,6.4271e+0,1.9247e+9,0.0000e+0
0.04479,0.28542,6.2643e+0,3.0759e+10,6.2745e+10
0.04688,0.28542,6.1001e+0,0.0000e+0,6.8186e+10
0.04896,0.28542,5.9272e+0,1.4635e+10,1.5093e+11
0.05104,0.28542,5.7412e+0,1.7820e+11,4.6223e+10
0.05312,0.28542,5.5661e+0,1.8373e+11,6.1372e+11
0.05521,0.28542,5.3686e+0,1.8752e+11,4.1688e+11
0.05729,0.28542,5.1577e+0,3.5769e+11,0.0000e+0
0.05937,0.28542,4.9753e+0,1.3971e+11,2.5969e+11
0.06146,0.28542,4.7845e+0,0.0000e+0,3.8088e+11
0.06354,0.28542,4.5663e+0,2.1203e+11,2.6186e+11
0.06563,0.28542,4.3404e+0,3.4372e+11,9.1751e+10
0.06771,0.28542,4.1305e+0,7.5818e+10,7.2018e+10
0.06979,0.28542,3.9197e+0,1.5288e+7,4.3050e+11
0.07187,0.28542,3.6854e+0,0.0000e+0,3.1594e+11
0.07396,0.28542,3.4404e+0,0.0000e+0,1.9141e+11
0.07604,0.28542,3.1917e+0,3.8629e+10,1.1076e+11
0.07813,0.28542,2.9466e+0,4.3940e+9,5.2136e+10
0.08021,0.28542,2.6995e+0,0.0000e+0,1.8714e+11
0.08229,0.28542,2.4411e+0,0.0000e+0,2.8977e+11
0.08438,0.28542,2.1626e+0,1.2897e+10,1.7261e+11
0.08646,0.28542,1.8760e+0,1.1664e+11,1.6415e+11
0.08854,0.28542,1.5922e+0,0.0000e+0,2.6594e+11
0.09062,0.28542,1.2929e+0,0.0000e+0,4.9529e+10
0.09271,0.28542,9.9468e-1,0.0000e+0,0.0000e+0
0.09479,0.28542,7.0260e-1,0.0000e+0,0.0000e+0
0.09688,0.28542,4.1675e-1,0.0000e+0,0.0000e+0
0.09896,0.28542,1.3697e-1,0.0000e+0,0.0000e+0
0.00104,0.28958,8.7873e+0,0.0000e+0,0.0000e+0
0.00313,0.28958,8.7901e+0,0.0000e+0,0.0000e+0
0.00521,0.28958,8.7937e+0,0.0000e+0,5.4069e+11
0.00729,0.28958,8.7581e+0,0.0000e+0,3.5122e+11
0.00937,0.28958,8.7016e+0,0.0000e+0,0.0000e+0
0.01146,0.28958,8.6484e+0,0.0000e+0,4.7753e+11
0.01354,0.28958,8.5642e+0,0.0000e+0,2.4210e+11
0.01563,0.28958,8.4712e+0,0.0000e+0,6.7000e+11
0.01771,0.28958,8.3337e+0,0.0000e+0,8.2244e+11
0.01979,0.28958,8.1427e+0,8.1710e+11,2.8159e+11
0.02187,0.28958,7.9952e+0,2.3347e+11,0.0000e+0
0.02396,0.28958,7.8599e+0,0.0000e+0,0.0000e+0
0.02604,0.28958,7.7279e+0,0.0000e+0,3.4419e+11
0.02813,0.28958,7.5809e+0,0.0000e+0,6.6823e+11
0.03021,0.28958,7.3947e+0,4.4582e+11,1.0548e+11
0.03229,0.28958,7.2396e+0,4.7221e+10,1.5451e+11
0.03438,0.28958,7.0762e+0,3.1385e+11,4.1630e+11
0.03646,0.28958,6.9095e+0,6.5472e+10,6.1152e+11
0.03854,0.28958,6.7103e+0,4.3424e+11,3.0155e+11
0.04063,0.28958,6.5328e+0,0.0000e+0,2.4959e+11
0.04271,0.28958,6.3469e+0,7.2770e+10,0.0000e+0
0.04479,0.28958,6.1713e+0,4.6535e+11,1.6055e+11
0.04688,0.28958,6.0142e+0,0.0000e+0,1.4660e+11
0.04896,0.28958,5.8433e+0,4.1487e+10,2.4321e+11
0.05104,0.28958,5.6563e+0,4.2642e+11,4.0585e+11
0.05312,0.28958,5.4608e+0,4.8492e+11,7.6228e+10
0.05521,0.28958,5.2734e+0,1.9796e+11,1.2313e+11
0.05729,0.28958,5.0801e+0,2.5368e+11,3.1834e+11
0.05937,0.28958,4.8829e+0,0.0000e+0,1.0699e+11
0.06146,0.28958,4.6841e+0,0.0000e+0,1.5386e+11
0.06354,0.28958,4.4805e+0,0.0000e+0,3.2627e+11
0.06563,0.28958,4.2621e+0,0.0000e+0,1.7094e+11
0.06771,0.28958,4.0396e+0,0.0000e+0,8.6501e+9
0.06979,0.28958,3.8221e+0,4.6969e+10,1.5189e+11
0.07187,0.28958,3.6029e+0,3.9757e+10,2.5322e+11
0.07396,0.28958,3.3790e+0,0.0000e+0,2.7843e+11
0.07604,0.28958,3.1461e+0,0.0000e+0,1.1938e+11
0.07813,0.28958,2.9138e+0,1.2813e+10,4.1060e+11
0.08021,0.28958,2.6609e+0,1.6255e+11,1.9147e+11
0.08229,0.28958,2.4133e+0,2.4485e+10,5.1140e+11
0.08438,0.28958,2.1356e+0,1.9969e+10,1.6505e+11
0.08646,0.28958,1.8528e+0,1.6144e+11,1.0062e+11
0.08854,0.28958,1.5791e+0,0.0000e+0,3.9206e+11
0.09062,0.28958,1.2834e+0,0.0000e+0,1.4794e+11
0.09271,0.28958,9.8534e-1,0.0000e+0,0.0000e+0
0.09479,0.28958,6.9527e-1,0.0000e+0,0.0000e+0
0.09688,0.28958,4.1219e-1,0.0000e+0,0.0000e+0
0.09896,0.28958,1.3544e-1,0.0000e+0,0.0000e+0
0.00104,0.29375,8.6018e+0,0.0000e+0,0.0000e+0
0.00313,0.29375,8.6135e+0,0.0000e+0,0.0000e+0
0.00521,0.29375,8.6422e+0,0.0000e+0,1.7112e+12
0.00729,0.29375,8.5882e+0,0.0000e+0,1.1116e+12
0.00937,0.29375,8.5023e+0,0.0000e+0,0.0000e+0
0.01146,0.29375,8.4482e+0,0.0000e+0,0.0000e+0
0.01354,0.29375,8.4144e+0,0.0000e+0,1.3248e+11
0.01563,0.29375,8.4009e+0,0.0000e+0,2.1553e+12
0.01771,0.29375,8.2827e+0,0.0000e+0,1.2867e+12
0.01979,0.29375,8.1275e+0,1.9502e+11,1.5312e+12
0.02187,0.29375,7.9363e+0,1.8543e+11,4.6326e+9
0.02396,0.29375,7.7819e+0,0.0000e+0,0.0000e+0
0.02604,0.29375,7.6400e+0,0.0000e+0,6.2045e+10
0.02813,0.29375,7.5088e+0,0.0000e+0,9.7398e+11
0.03021,0.29375,7.3311e+0,2.2012e+11,2.3940e+11
0.03229,0.29375,7.1791e+0,2.3315e+10,5.4265e+11
0.03438,0.29375,7.0145e+0,2.5571e+11,5.6195e+11
0.03646,0.29375,6.8516e+0,3.4680e+10,7.2539e+11
0.03854,0.29375,6.6615e+0,0.0000e+0,2.9348e+11
0.04063,0.29375,6.4758e+0,3.5350e+10,3.0462e+11
0.04271,0.29375,6.2898e+0,3.4872e+11,2.1855e+11
0.04479,0.29375,6.1267e+0,1.5598e+11,2.6466e+11
0.04688,0.29375,5.9670e+0,0.0000e+0,2.1762e+11
0.04896,0.29375,5.7957e+0,4.6832e+11,3.0170e+11
0.05104,0.29375,5.6304e+0,4.3616e+11,5.6296e+11
0.05312,0.29375,5.4677e+0,7.6927e+10,9.3333e+11
0.05521,0.29375,5.2613e+0,0.0000e+0,6.6476e+11
0.05729,0.29375,5.0257e+0,1.3521e+11,3.2101e+11
0.05937,0.29375,4.7903e+0,3.7706e+11,2.7110e+10
0.06146,0.29375,4.5822e+0,6.2610e+10,0.0000e+0
0.06354,0.29375,4.3793e+0,2.1933e+10,1.3053e+10
0.06563,0.29375,4.1741e+0,0.0000e+0,2.0513e+11
0.06771,0.29375,3.9535e+0,0.0000e+0,1.1444e+11
0.06979,0.29375,3.7246e+0,1.2447e+11,1.9047e+10
0.07187,0.29375,3.4992e+0,4.5613e+11,1.2464e+11
0.07396,0.29375,3.2917e+0,3.2143e+11,2.4147e+11
0.07604,0.29375,3.0857e+0,3.9177e+10,3.5248e+11
0.07813,0.29375,2.8645e+0,2.8220e+10,4.6093e+11
0.08021,0.29375,2.6185e+0,2.9381e+11,3.0738e+11
0.08229,0.29375,2.3777e+0,3.6035e+10,4.7254e+11
0.08438,0.29375,2.1116e+0,0.0000e+0,2.2321e+11
0.08646,0.29375,1.8374e+0,1.9909e+9,2.2852e+11
0.08854,0.29375,1.5584e+0,1.1369e+10,3.7592e+11
0.09062,0.29375,1.2637e+0,0.0000e+0,9.9727e+10
0.09271,0.29375,9.7062e-1,0.0000e+0,0.0000e+0
0.09479,0.29375,6.8519e-1,0.0000e+0,0.0000e+0
0.09688,0.29375,4.0634e-1,0.0000e+0,0.0000e+0
0.09896,0.29375,1.3354e-1,0.0000e+0,0.0000e+0
0.00104,0.29792,8.3213e+0,0.0000e+0,0.0000e+0
0.00313,0.29792,8.3165e+0,0.0000e+0,0.0000e+0
0.00521,0.29792,8.3042e+0,0.0000e+0,0.0000e+0
0.00729,0.29792,8.2763e+0,0.0000e+0,0.0000e+0
0.00937,0.29792,8.2385e+0,0.0000e+0,0.0000e+0
0.01146,0.29792,8.1986e+0,0.0000e+0,0.0000e+0
0.01354,0.29792,8.1564e+0,0.0000e+0,0.0000e+0
0.01563,0.29792,8.1072e+0,0.0000e+0,0.0000e+0
0.01771,0.29792,8.0396e+0,0.0000e+0,3.8369e+11
0.01979,0.29792,7.9318e+0,3.5669e+11,4.1193e+11
0.02187,0.29792,7.8311e+0,3.3916e+11,8.4014e+11
0.02396,0.29792,7.7056e+0,4.6014e+11,1.3807e+12
0.02604,0.29792,7.5332e+0,6.6513e+10,4.2173e+11
0.02813,0.29792,7.3629e+0,0.0000e+0,0.0000e+0
0.03021,0.29792,7.2012e+0,0.0000e+0,0.0000e+0
0.03229,0.29792,7.0467e+0,0.0000e+0,0.0000e+0
0.03438,0.29792,6.8933e+0,0.0000e+0,2.4915e+11
0.03646,0.29792,6.7237e+0,1.9987e+11,3.9160e+11
0.03854,0.29792,6.5433e+0,2.1324e+11,1.3015e+11
0.04063,0.29792,6.3710e+0,1.6566e+11,6.3542e+10
0.04271,0.29792,6.2087e+0,2.7457e+11,7.9766e+10
0.04479,0.29792,6.0673e+0,0.0000e+0,1.0477e+11
0.04688,0.29792,5.9271e+0,0.0000e+0,1.2482e+11
0.04896,0.29792,5.7921e+0,3.4564e+10,1.0463e+12
0.05104,0.29792,5.6087e+0,1.8670e+11,7.3552e+11
0.05312,0.29792,5.4084e+0,2.4313e+11,7.4335e+11
0.05521,0.29792,5.1910e+0,0.0000e+0,6.3146e+11
0.05729,0.29792,4.9425e+0,2.1815e+11,1.0407e+10
0.05937,0.29792,4.7241e+0,2.7029e+11,3.2242e+11
0.06146,0.29792,4.5159e+0,1.7124e+11,2.0981e+11
0.06354,0.29792,4.3187e+0,2.8288e+11,5.9630e+11
0.06563,0.29792,4.1104e+0,1.8536e+11,4.3585e+11
0.06771,0.29792,3.8922e+0,3.8703e+10,1.2714e+11
0.06979,0.29792,3.6720e+0,0.0000e+0,0.0000e+0
0.07187,0.29792,3.4565e+0,1.2498e+11,2.0072e+11
0.07396,0.29792,3.2399e+0,2.1611e+11,3.9946e+11
0.07604,0.29792,3.0115e+0,4.8683e+11,1.2358e+10
0.07813,0.29792,2.8027e+0,2.4430e+11,3.1300e+11
0.08021,0.29792,2.5809e+0,1.4365e+11,5.3140e+11
0.08229,0.29792,2.3297e+0,5.7245e+10,3.3837e+10
0.08438,0.29792,2.0761e+0,0.0000e+0,2.8557e+11
0.08646,0.29792,1.7969e+0,3.5835e+10,2.7979e+10
0.08854,0.29792,1.5125e+0,2.8525e+11,1.5926e+11
0.09062,0.29792,1.2327e+0,4.5742e+10,7.8600e+10
0.09271,0.29792,9.5153e-1,0.0000e+0,0.0000e+0
0.09479,0.29792,6.7354e-1,0.0000e+0,0.0000e+0
0.09688,0.29792,4.0001e-1,0.0000e+0,0.0000e+0
0.09896,0.29792,1.3154e-1,0.0000e+0,0.0000e+0
0.00104,0.30208,8.0781e+0,0.0000e+0,0.0000e+0
0.00313,0.30208,8.0724e+0,0.0000e+0,0.0000e+0
0.00521,0.30208,8.0605e+0,0.0000e+0,0.0000e+0
0.00729,0.30208,8.0418e+0,0.0000e+0,0.0000e+0
0.00937,0.30208,8.0172e+0,0.0000e+0,0.0000e+0
0.01146,0.30208,7.9880e+0,0.0000e+0,0.0000e+0
0.01354,0.30208,7.9548e+0,0.0000e+0,0.0000e+0
0.01563,0.30208,7.9177e+0,0.0000e+0,0.0000e+0
0.01771,0.30208,7.8783e+0,0.0000e+0,8.8545e+11
0.01979,0.30208,7.7767e+0,0.0000e+0,1.1541e+11
0.02187,0.30208,7.6738e+0,0.0000e+0,2.6858e+11
0.02396,0.30208,7.5554e+0,3.4768e+11,1.0370e+12
0.02604,0.30208,7.3859e+0,5.0257e+10,1.7892e+10
0.02813,0.30208,7.2316e+0,0.0000e+0,0.0000e+0
0.03021,0.30208,7.0863e+0,0.0000e+0,0.0000e+0
0.03229,0.30208,6.9491e+0,0.0000e+0,2.7565e+11
0.03438,0.30208,6.7980e+0,0.0000e+0,4.8619e+11
0.03646,0.30208,6.6267e+0,8.8804e+10,4.6817e+11
0.03854,0.30208,6.4469e+0,9.4742e+10,0.0000e+0
0.04063,0.30208,6.2882e+0,0.0000e+0,0.0000e+0
0.04271,0.30208,6.1422e+0,2.0173e+11,3.9353e+11
0.04479,0.30208,5.9963e+0,2.3553e+11,3.1957e+11
0.04688,0.30208,5.8518e+0,0.0000e+0,3.5540e+11
0.04896,0.30208,5.6871e+0,0.0000e+0,1.9079e+11
0.05104,0.30208,5.5064e+0,1.6522e+10,3.3920e+11
0.05312,0.30208,5.3007e+0,2.8873e+10,1.3456e+11
0.05521,0.30208,5.0822e+0,0.0000e+0,2.0309e+11
0.05729,0.30208,4.8416e+0,3.5522e+11,5.5826e+9
0.05937,0.30208,4.6258e+0,1.6653e+11,3.3627e+10
0.06146,0.30208,4.4233e+0,1.0471e+11,2.7259e+10
0.06354,0.30208,4.2287e+0,2.3290e+11,1.9992e+11
0.06563,0.30208,4.0383e+0,9.5408e+10,2.5504e+11
0.06771,0.30208,3.8365e+0,3.2715e+10,2.2589e+11
0.06979,0.30208,3.6265e+0,2.1682e+10,0.0000e+0
0.07187,0.30208,3.4265e+0,0.0000e+0,2.2649e+11
0.07396,0.30208,3.2197e+0,4.6237e+10,2.0589e+11
0.07604,0.30208,3.0085e+0,2.1401e+10,1.1727e+11
0.07813,0.30208,2.7966e+0,9.9798e+9,3.2491e+11
0.08021,0.30208,2.5689e+0,5.4530e+10,4.3545e+11
0.08229,0.30208,2.3213e+0,2.1730e+10,4.6730e+10
0.08438,0.30208,2.0794e+0,0.0000e+0,5.5359e+11
0.08646,0.30208,1.8045e+0,0.0000e+0,2.8593e+11
0.08854,0.30208,1.5156e+0,1.4318e+11,2.1568e+11
0.09062,0.30208,1.2246e+0,2.0915e+11,8.3731e+10
0.09271,0.30208,9.4469e-1,0.0000e+0,0.0000e+0
0.09479,0.30208,6.6829e-1,0.0000e+0,0.0000e+0
0.09688,0.30208,3.9672e-1,0.0000e+0,0.0000e+0
0.09896,0.30208,1.3044e-1,0.0000e+0,0.0000e+0
0.00104,0.30625,7.8810e+0,0.0000e+0,0.0000e+0
0.00313,0.30625,7.8769e+0,0.0000e+0,0.0000e+0
0.00521,0.30625,7.8684e+0,0.0000e+0,0.0000e+0
0.00729,0.30625,7.8556e+0,0.0000e+0,0.0000e+0
0.00937,0.30625,7.8383e+0,0.0000e+0,0.0000e+0
0.01146,0.30625,7.8166e+0,0.0000e+0,0.0000e+0
0.01354,0.30625,7.7901e+0,0.0000e+0,0.0000e+0
0.01563,0.30625,7.7579e+0,0.0000e+0,0.0000e+0
0.01771,0.30625,7.7209e+0,0.0000e+0,6.4850e+11
0.01979,0.30625,7.6340e+0,0.0000e+0,2.3413e+11
0.02187,0.30625,7.5357e+0,0.0000e+0,3.5934e+11
0.02396,0.30625,7.4222e+0,0.0000e+0,9.6327e+11
0.02604,0.30625,7.2567e+0,0.0000e+0,4.0642e+10
0.02813,0.30625,7.1085e+0,0.0000e+0,0.0000e+0
0.03021,0.30625,6.9784e+0,0.0000e+0,1.6054e+11
0.03229,0.30625,6.8578e+0,0.0000e+0,1.2547e+12
0.03438,0.30625,6.6694e+0,1.4554e+11,3.3950e+11
0.03646,0.30625,6.4906e+0,1.0471e+11,9.8366e+9
0.03854,0.30625,6.3298e+0,6.8090e+10,0.0000e+0
0.04063,0.30625,6.1860e+0,1.9925e+10,0.0000e+0
0.04271,0.30625,6.0539e+0,3.3995e+10,2.1587e+11
0.04479,0.30625,5.9151e+0,3.9690e+10,1.8828e+11
0.04688,0.30625,5.7726e+0,0.0000e+0,3.4692e+11
0.04896,0.30625,5.6157e+0,0.0000e+0,5.7023e+11
0.05104,0.30625,5.4330e+0,0.0000e+0,2.9473e+11
0.05312,0.30625,5.2450e+0,0.0000e+0,5.0175e+11
0.05521,0.30625,5.0320e+0,0.0000e+0,4.5176e+11
0.05729,0.30625,4.7901e+0,3.9705e+10,1.2170e+9
0.05937,0.30625,4.5473e+0,7.5391e+11,1.4123e+10
0.06146,0.30625,4.3425e+0,6.6501e+11,0.0000e+0
0.06354,0.30625,4.1625e+0,3.1429e+11,3.4383e+10
0.06563,0.30625,3.9859e+0,1.8778e+11,3.9796e+11
0.06771,0.30625,3.7759e+0,3.3018e+11,1.1480e+11
0.06979,0.30625,3.5709e+0,2.4576e+11,0.0000e+0
0.07187,0.30625,3.3760e+0,2.4390e+11,8.5951e+10
0.07396,0.30625,3.1897e+0,1.7903e+11,2.3520e+11
0.07604,0.30625,3.0017e+0,6.1296e+10,6.7735e+11
0.07813,0.30625,2.7796e+0,0.0000e+0,3.4042e+11
0.08021,0.30625,2.5418e+0,0.0000e+0,9.4881e+10
0.08229,0.30625,2.3047e+0,0.0000e+0,1.6785e+11
0.08438,0.30625,2.0666e+0,0.0000e+0,4.6332e+11
0.08646,0.30625,1.8055e+0,0.0000e+0,3.7755e+11
0.08854,0.30625,1.5313e+0,5.8279e+9,4.7211e+11
0.09062,0.30625,1.2414e+0,1.4993e+10,2.7668e+11
0.09271,0.30625,9.4871e-1,0.0000e+0,0.0000e+0
0.09479,0.30625,6.6781e-1,0.0000e+0,0.0000e+0
0.09688,0.30625,3.9542e-1,0.0000e+0,0.0000e+0
0.09896,0.30625,1.2986e-1,0.0000e+0,0.0000e+0
0.00104,0.31042,7.7174e+0,0.0000e+0,0.0000e+0
0.00313,0.31042,7.7154e+0,0.0000e+0,0.0000e+0
0.00521,0.31042,7.7110e+0,0.0000e+0,0.0000e+0
0.00729,0.31042,7.7041e+0,0.0000e+0,0.0000e+0
0.00937,0.31042,7.6941e+0,0.0000e+0,0.0000e+0
0.01146,0.31042,7.6816e+0,0.0000e+0,0.0000e+0
0.01354,0.31042,7.6668e+0,0.0000e+0,1.8839e+11
0.01563,0.31042,7.6355e+0,0.0000e+0,2.5024e+11
0.01771,0.31042,7.5884e+0,0.0000e+0,6.6505e+11
0.01979,0.31042,7.5026e+0,0.0000e+0,6.5411e+11
0.02187,0.31042,7.3856e+0,0.0000e+0,5.5928e+11
0.02396,0.31042,7.2430e+0,0.0000e+0,1.7073e+11
0.02604,0.31042,7.0958e+0,0.0000e+0,9.7839e+9
0.02813,0.31042,6.9547e+0,0.0000e+0,0.0000e+0
0.03021,0.31042,6.8164e+0,0.0000e+0,3.2740e+9
0.03229,0.31042,6.6829e+0,0.0000e+0,8.1303e+11
0.03438,0.31042,6.4932e+0,7.8314e+11,5.2235e+11
0.03646,0.31042,6.3376e+0,4.6865e+11,3.1274e+11
0.03854,0.31042,6.1912e+0,3.7599e+11,0.0000e+0
0.04063,0.31042,6.0706e+0,1.1003e+11,0.0000e+0
0.04271,0.31042,5.9608e+0,0.0000e+0,4.0877e+11
0.04479,0.31042,5.8248e+0,5.0820e+8,3.3009e+11
0.04688,0.31042,5.6685e+0,3.0385e+10,3.0085e+11
0.04896,0.31042,5.4973e+0,1.6460e+11,2.1545e+11
0.05104,0.31042,5.3187e+0,4.1322e+11,2.3255e+10
0.05312,0.31042,5.1627e+0,9.3629e+10,3.7164e+11
0.05521,0.31042,4.9902e+0,0.0000e+0,4.5638e+11
0.05729,0.31042,4.7941e+0,8.7907e+10,4.3120e+11
0.05937,0.31042,4.5925e+0,2.1244e+11,7.5435e+11
0.06146,0.31042,4.3766e+0,2.5214e+11,2.0337e+11
0.06354,0.31042,4.1896e+0,1.8822e+11,2.6472e+11
0.06563,0.31042,4.0195e+0,6.0276e+10,1.2434e+12
0.06771,0.31042,3.7858e+0,2.0085e+11,1.4811e+11
0.06979,0.31042,3.5737e+0,1.2734e+9,5.8703e+10
0.07187,0.31042,3.3670e+0,4.9002e+9,4.6525e+10
0.07396,0.31042,3.1660e+0,0.0000e+0,1.2686e+11
0.07604,0.31042,2.9642e+0,0.0000e+0,3.9584e+11
0.07813,0.31042,2.7438e+0,0.0000e+0,3.9776e+11
0.08021,0.31042,2.5063e+0,0.0000e+0,2.1590e+11
0.08229,0.31042,2.2634e+0,0.0000e+0,3.9546e+10
0.08438,0.31042,2.0247e+0,0.0000e+0,3.5475e+11
0.08646,0.31042,1.7664e+0,0.0000e+0,3.4655e+11
0.08854,0.31042,1.4888e+0,0.0000e+0,5.0335e+10
0.09062,0.31042,1.2113e+0,0.0000e+0,8.4426e+10
0.09271,0.31042,9.3147e-1,0.0000e+0,0.0000e+0
0.09479,0.31042,6.5759e-1,0.0000e+0,0.0000e+0
0.09688,0.31042,3.8989e-1,0.0000e+0,0.0000e+0
0.09896,0.31042,1.2812e-1,0.0000e+0,0.0000e+0
0.00104,0.31458,7.5705e+0,0.0000e+0,0.0000e+0
0.00313,0.31458,7.5717e+0,0.0000e+0,0.0000e+0
0.00521,0.31458,7.5736e+0,0.0000e+0,0.0000e+0
0.00729,0.31458,7.5743e+0,0.0000e+0,0.0000e+0
0.00937,0.31458,7.5700e+0,0.0000e+0,0.0000e+0
0.01146,0.31458,7.5656e+0,0.0000e+0,0.0000e+0
0.01354,0.31458,7.5652e+0,0.0000e+0,7.0221e+11
0.01563,0.31458,7.5181e+0,0.0000e+0,6.3746e+11
0.01771,0.31458,7.4329e+0,0.0000e+0,2.7343e+11
0.01979,0.31458,7.3332e+0,0.0000e+0,3.3648e+11
0.02187,0.31458,7.2117e+0,0.0000e+0,1.9556e+11
0.02396,0.31458,7.0793e+0,0.0000e+0,0.0000e+0
0.02604,0.31458,6.9528e+0,0.0000e+0,4.7750e+10
0.02813,0.31458,6.8316e+0,0.0000e+0,7.2118e+11
0.03021,0.31458,6.6715e+0,0.0000e+0,0.0000e+0
0.03229,0.31458,6.5195e+0,0.0000e+0,3.8986e+11
0.03438,0.31458,6.3367e+0,8.6173e+11,2.7972e+9
0.03646,0.31458,6.2083e+0,1.2077e+11,0.0000e+0
0.03854,0.31458,6.0903e+0,1.4420e+11,0.0000e+0
0.04063,0.31458,5.9847e+0,0.0000e+0,1.9810e+11
0.04271,0.31458,5.8676e+0,0.0000e+0,1.8938e+11
0.04479,0.31458,5.7396e+0,7.3569e+9,5.8115e+11
0.04688,0.31458,5.5747e+0,4.3986e+11,2.4540e+11
0.04896,0.31458,5.4216e+0,1.4013e+11,3.6644e+11
0.05104,0.31458,5.2532e+0,7.2929e+10,0.0000e+0
0.05312,0.31458,5.0934e+0,1.0533e+11,2.8217e+11
0.05521,0.31458,4.9268e+0,4.7788e+10,3.4587e+11
0.05729,0.31458,4.7441e+0,0.0000e+0,2.0073e+11
0.05937,0.31458,4.5526e+0,0.0000e+0,2.5044e+11
0.06146,0.31458,4.3487e+0,1.5371e+11,1.7824e+11
0.06354,0.31458,4.1495e+0,2.6422e+11,1.1555e+11
0.06563,0.31458,3.9659e+0,1.5490e+11,5.2611e+11
0.06771,0.31458,3.7567e+0,2.5418e+11,1.5660e+11
0.06979,0.31458,3.5631e+0,0.0000e+0,3.8055e+11
0.07187,0.31458,3.3495e+0,0.0000e+0,2.2531e+11
0.07396,0.31458,3.1286e+0,0.0000e+0,2.1227e+11
0.07604,0.31458,2.8999e+0,1.0915e+11,1.0048e+11
0.07813,0.31458,2.6756e+0,1.0217e+11,1.3149e+11
0.08021,0.31458,2.4495e+0,0.0000e+0,1.8545e+11
0.08229,0.31458,2.2168e+0,0.0000e+0,2.3674e+11
0.08438,0.31458,1.9748e+0,0.0000e+0,2.2486e+11
0.08646,0.31458,1.7212e+0,0.0000e+0,1.7292e+11
0.08854,0.31458,1.4565e+0,1.1159e+11,1.8241e+11
0.09062,0.31458,1.1898e+0,1.2705e+11,3.0528e+11
0.09271,0.31458,9.1519e-1,0.0000e+0,0.0000e+0
0.09479,0.31458,6.4645e-1,0.0000e+0,0.0000e+0
0.09688,0.31458,3.8345e-1,0.0000e+0,0.0000e+0
0.09896,0.31458,1.2603e-1,0.0000e+0,0.0000e+0
0.00104,0.31875,7.4135e+0,0.0000e+0,0.0000e+0
0.00313,0.31875,7.4214e+0,0.0000e+0,0.0000e+0
0.00521,0.31875,7.4383e+0,0.0000e+0,0.0000e+0
0.00729,0.31875,7.4662e+0,0.0000e+0,8.5709e+11
0.00937,0.31875,7.4507e+0,0.0000e+0,3.5734e+11
0.01146,0.31875,7.4351e+0,0.0000e+0,0.0000e+0
0.01354,0.31875,7.4446e+0,0.0000e+0,1.2675e+12
0.01563,0.31875,7.3884e+0,0.0000e+0,8.9518e+11
0.01771,0.31875,7.2930e+0,0.0000e+0,4.8617e+11
0.01979,0.31875,7.1918e+0,0.0000e+0,6.7440e+11
0.02187,0.31875,7.0679e+0,0.0000e+0,3.3727e+11
0.02396,0.31875,6.9373e+0,0.0000e+0,1.5209e+10
0.02604,0.31875,6.8133e+0,0.0000e+0,8.1181e+10
0.02813,0.31875,6.6793e+0,0.0000e+0,2.9085e+10
0.03021,0.31875,6.5371e+0,9.4080e+10,0.0000e+0
0.03229,0.31875,6.3995e+0,1.3331e+11,2.9840e+11
0.03438,0.31875,6.2529e+0,1.1022e+11,2.1410e+9
0.03646,0.31875,6.1185e+0,1.4187e+11,0.0000e+0
0.03854,0.31875,5.9948e+0,7.3354e+11,7.2053e+10
0.04063,0.31875,5.9057e+0,0.0000e+0,3.8115e+11
0.04271,0.31875,5.7824e+0,0.0000e+0,9.2068e+10
0.04479,0.31875,5.6498e+0,0.0000e+0,0.0000e+0
0.04688,0.31875,5.5150e+0,0.0000e+0,2.5752e+11
0.04896,0.31875,5.3633e+0,0.0000e+0,1.1215e+11
0.05104,0.31875,5.2047e+0,0.0000e+0,3.9048e+11
0.05312,0.31875,5.0227e+0,7.8838e+11,5.4560e+11
0.05521,0.31875,4.8590e+0,4.3015e+11,3.8075e+11
0.05729,0.31875,4.6938e+0,7.2147e+10,2.9446e+11
0.05937,0.31875,4.5113e+0,0.0000e+0,1.2247e+11
0.06146,0.31875,4.3158e+0,0.0000e+0,4.9522e+9
0.06354,0.31875,4.1159e+0,1.7481e+11,6.7415e+10
0.06563,0.31875,3.9192e+0,2.4160e+11,1.1990e+11
0.06771,0.31875,3.7287e+0,2.0719e+11,2.3551e+11
0.06979,0.31875,3.5372e+0,0.0000e+0,4.5965e+11
0.07187,0.31875,3.3154e+0,0.0000e+0,2.7971e+11
0.07396,0.31875,3.0809e+0,1.7616e+10,8.0291e+10
0.07604,0.31875,2.8479e+0,1.0339e+11,3.3152e+10
0.07813,0.31875,2.6253e+0,4.0943e+10,2.8529e+11
0.08021,0.31875,2.3849e+0,3.5673e+11,1.2670e+11
0.08229,0.31875,2.1573e+0,4.0089e+10,7.5938e+10
0.08438,0.31875,1.9252e+0,0.0000e+0,1.9749e+10
0.08646,0.31875,1.6908e+0,0.0000e+0,3.0514e+11
0.08854,0.31875,1.4361e+0,5.2194e+9,2.1008e+11
0.09062,0.31875,1.1694e+0,5.9428e+9,1.0699e+11
0.09271,0.31875,8.9978e-1,0.0000e+0,0.0000e+0
0.09479,0.31875,6.3568e-1,0.0000e+0,0.0000e+0
0.09688,0.31875,3.7711e-1,0.0000e+0,0.0000e+0
0.09896,0.31875,1.2395e-1,0.0000e+0,0.0000e+0
0.00104,0.32292,7.1935e+0,0.0000e+0,0.0000e+0
0.00313,0.32292,7.2024e+0,0.0000e+0,0.0000e+0
0.00521,0.32292,7.2220e+0,0.0000e+0,0.0000e+0
0.00729,0.32292,7.2559e+0,0.0000e+0,1.1424e+12
0.00937,0.32292,7.2330e+0,0.0000e+0,4.7629e+11
0.01146,0.32292,7.2063e+0,0.0000e+0,0.0000e+0
0.01354,0.32292,7.2027e+0,0.0000e+0,5.5913e+11
0.01563,0.32292,7.1745e+0,0.0000e+0,1.3669e+12
0.01771,0.32292,7.0702e+0,0.0000e+0,1.2811e+11
0.01979,0.32292,6.9768e+0,0.0000e+0,0.0000e+0
0.02187,0.32292,6.8933e+0,0.0000e+0,1.5649e+11
0.02396,0.32292,6.8084e+0,0.0000e+0,2.0561e+11
0.02604,0.32292,6.7296e+0,0.0000e+0,1.2428e+12
0.02813,0.32292,6.5915e+0,0.0000e+0,3.4742e+11
0.03021,0.32292,6.4542e+0,2.0072e+11,4.4776e+11
0.03229,0.32292,6.3118e+0,2.8442e+11,8.3574e+10
0.03438,0.32292,6.1924e+0,0.0000e+0,0.0000e+0
0.03646,0.32292,6.0826e+0,7.8687e+9,1.0574e+11
0.03854,0.32292,5.9810e+0,1.1518e+11,6.1335e+11
0.04063,0.32292,5.8656e+0,0.0000e+0,5.2188e+11
0.04271,0.32292,5.7299e+0,0.0000e+0,2.1432e+11
0.04479,0.32292,5.5941e+0,0.0000e+0,0.0000e+0
0.04688,0.32292,5.4674e+0,0.0000e+0,3.3895e+11
0.04896,0.32292,5.3237e+0,7.7585e+10,5.2440e+11
0.05104,0.32292,5.1554e+0,4.8194e+10,1.5746e+11
0.05312,0.32292,4.9854e+0,2.4655e+11,1.8970e+11
0.05521,0.32292,4.8297e+0,2.3540e+11,3.9066e+11
0.05729,0.32292,4.6695e+0,6.3672e+10,1.7639e+11
0.05937,0.32292,4.5098e+0,0.0000e+0,4.6209e+11
0.06146,0.32292,4.3256e+0,0.0000e+0,3.7637e+11
0.06354,0.32292,4.1271e+0,2.0483e+10,4.2683e+11
0.06563,0.32292,3.9131e+0,1.5490e+11,1.4776e+11
0.06771,0.32292,3.7166e+0,0.0000e+0,4.2302e+11
0.06979,0.32292,3.5122e+0,0.0000e+0,8.1585e+11
0.07187,0.32292,3.2714e+0,2.8968e+10,2.5463e+11
0.07396,0.32292,3.0344e+0,4.7797e+10,1.4053e+11
0.07604,0.32292,2.8072e+0,1.6866e+11,1.4857e+11
0.07813,0.32292,2.5926e+0,6.4194e+10,4.3012e+11
0.08021,0.32292,2.3599e+0,2.3213e+11,2.7963e+11
0.08229,0.32292,2.1341e+0,1.1410e+11,3.7232e+11
0.08438,0.32292,1.9013e+0,2.5633e+10,1.1823e+11
0.08646,0.32292,1.6696e+0,0.0000e+0,2.7821e+11
0.08854,0.32292,1.4232e+0,0.0000e+0,4.2457e+11
0.09062,0.32292,1.1528e+0,0.0000e+0,4.3551e+10
0.09271,0.32292,8.8615e-1,0.0000e+0,0.0000e+0
0.09479,0.32292,6.2574e-1,0.0000e+0,0.0000e+0
0.09688,0.32292,3.7112e-1,0.0000e+0,0.0000e+0
0.09896,0.32292,1.2197e-1,0.0000e+0,0.0000e+0
0.00104,0.32708,6.9012e+0,0.0000e+0,0.0000e+0
0.00313,0.32708,6.9032e+0,0.0000e+0,0.0000e+0
0.00521,0.32708,6.9061e+0,0.0000e+0,0.0000e+0
0.00729,0.32708,6.9078e+0,0.0000e+0,0.0000e+0
0.00937,0.32708,6.9027e+0,0.0000e+0,0.0000e+0
0.01146,0.32708,6.8962e+0,0.0000e+0,0.0000e+0
0.01354,0.32708,6.8934e+0,0.0000e+0,3.4447e+11
0.01563,0.32708,6.8708e+0,0.0000e+0,6.2320e+11
0.01771,0.32708,6.8101e+0,0.0000e+0,3.8584e+10
0.01979,0.32708,6.7593e+0,0.0000e+0,1.8900e+11
0.02187,0.32708,6.7075e+0,0.0000e+0,6.9395e+11
0.02396,0.32708,6.6186e+0,0.0000e+0,2.5644e+11
0.02604,0.32708,6.5280e+0,9.4944e+10,4.6035e+11
0.02813,0.32708,6.4315e+0,1.2163e+11,4.1745e+11
0.03021,0.32708,6.3413e+0,2.7685e+10,6.5366e+11
0.03229,0.32708,6.2273e+0,0.0000e+0,1.8037e+11
0.03438,0.32708,6.1212e+0,0.0000e+0,3.3855e+11
0.03646,0.32708,6.0069e+0,0.0000e+0,2.1165e+11
0.03854,0.32708,5.8901e+0,0.0000e+0,1.7852e+11
0.04063,0.32708,5.7686e+0,0.0000e+0,2.4530e+11
0.04271,0.32708,5.6372e+0,3.0875e+11,1.5334e+11
0.04479,0.32708,5.5264e+0,4.9050e+10,2.9020e+11
0.04688,0.32708,5.4055e+0,0.0000e+0,3.8289e+11
0.04896,0.32708,5.2667e+0,2.0005e+11,7.5145e+11
0.05104,0.32708,5.1028e+0,1.2426e+11,2.0707e+11
0.05312,0.32708,4.9425e+0,5.4777e+10,8.0450e+10
0.05521,0.32708,4.7876e+0,2.5482e+10,6.3583e+10
0.05729,0.32708,4.6331e+0,9.1099e+10,9.8089e+10
0.05937,0.32708,4.4856e+0,2.3474e+11,9.6753e+11
0.06146,0.32708,4.3001e+0,1.1980e+11,5.8786e+11
0.06354,0.32708,4.1002e+0,0.0000e+0,8.5839e+11
0.06563,0.32708,3.8590e+0,0.0000e+0,5.8391e+10
0.06771,0.32708,3.6279e+0,6.6183e+10,1.5635e+10
0.06979,0.32708,3.4036e+0,2.6601e+10,1.1764e+11
0.07187,0.32708,3.1680e+0,5.5251e+11,2.9001e+11
0.07396,0.32708,2.9454e+0,3.9682e+11,2.1120e+10
0.07604,0.32708,2.7435e+0,3.3671e+10,6.4187e+10
0.07813,0.32708,2.5414e+0,5.7633e+10,4.5508e+11
0.08021,0.32708,2.3145e+0,1.3039e+11,2.6937e+11
0.08229,0.32708,2.0855e+0,1.2439e+11,1.0425e+11
0.08438,0.32708,1.8638e+0,2.7245e+10,3.8883e+10
0.08646,0.32708,1.6428e+0,0.0000e+0,3.1853e+11
0.08854,0.32708,1.3973e+0,0.0000e+0,2.6435e+11
0.09062,0.32708,1.1323e+0,0.0000e+0,1.7713e+9
0.09271,0.32708,8.7117e-1,0.0000e+0,0.0000e+0
0.09479,0.32708,6.1530e-1,0.0000e+0,0.0000e+0
0.09688,0.32708,3.6492e-1,0.0000e+0,0.0000e+0
0.09896,0.32708,1.1993e-1,0.0000e+0,0.0000e+0
0.00104,0.33125,6.5932e+0,0.0000e+0,0.0000e+0
0.00313,0.33125,6.5930e+0,0.0000e+0,0.0000e+0
0.00521,0.33125,6.5918e+0,0.0000e+0,0.0000e+0
0.00729,0.33125,6.5888e+0,0.0000e+0,0.0000e+0
0.00937,0.33125,6.5832e+0,0.0000e+0,0.0000e+0
0.01146,0.33125,6.5748e+0,0.0000e+0,0.0000e+0
0.01354,0.33125,6.5630e+0,0.0000e+0,0.0000e+0
0.01563,0.33125,6.5459e+0,0.0000e+0,0.0000e+0
0.01771,0.33125,6.5245e+0,0.0000e+0,0.0000e+0
0.01979,0.33125,6.5077e+0,0.0000e+0,3.3856e+11
0.02187,0.33125,6.4792e+0,0.0000e+0,1.1423e+12
0.02396,0.33125,6.3863e+0,0.0000e+0,6.4046e+11
0.02604,0.33125,6.2641e+0,6.3104e+11,0.0000e+0
0.02813,0.33125,6.1914e+0,6.2348e+11,4.1961e+10
0.03021,0.33125,6.1562e+0,1.3544e+11,6.4982e+11
0.03229,0.33125,6.0829e+0,0.0000e+0,4.0548e+11
0.03438,0.33125,6.0034e+0,1.1501e+11,7.9458e+11
0.03646,0.33125,5.9011e+0,3.8678e+11,1.1036e+12
0.03854,0.33125,5.7877e+0,0.0000e+0,6.5964e+11
0.04063,0.33125,5.6598e+0,0.0000e+0,2.4375e+11
0.04271,0.33125,5.5397e+0,1.4073e+11,9.3361e+10
0.04479,0.33125,5.4441e+0,2.2358e+10,7.4376e+11
0.04688,0.33125,5.3176e+0,0.0000e+0,5.6315e+11
0.04896,0.33125,5.1696e+0,0.0000e+0,8.3270e+10
0.05104,0.33125,5.0350e+0,0.0000e+0,3.6914e+11
0.05312,0.33125,4.8967e+0,0.0000e+0,4.5496e+11
0.05521,0.33125,4.7538e+0,0.0000e+0,6.5249e+11
0.05729,0.33125,4.5904e+0,1.9293e+11,6.4608e+11
0.05937,0.33125,4.4106e+0,1.0194e+11,4.2665e+11
0.06146,0.33125,4.2113e+0,1.8947e+10,2.6384e+11
0.06354,0.33125,3.9977e+0,0.0000e+0,1.1749e+11
0.06563,0.33125,3.7761e+0,1.1709e+11,1.5068e+11
0.06771,0.33125,3.5522e+0,1.9665e+11,3.1385e+10
0.06979,0.33125,3.3379e+0,6.7397e+10,1.6996e+10
0.07187,0.33125,3.1247e+0,1.1759e+11,1.1683e+11
0.07396,0.33125,2.9098e+0,9.6248e+10,1.4995e+10
0.07604,0.33125,2.6987e+0,3.8578e+9,0.0000e+0
0.07813,0.33125,2.4873e+0,0.0000e+0,2.1995e+11
0.08021,0.33125,2.2584e+0,2.4835e+11,6.9384e+10
0.08229,0.33125,2.0420e+0,1.6064e+11,2.6677e+10
0.08438,0.33125,1.8383e+0,7.8411e+10,1.6226e+11
0.08646,0.33125,1.6365e+0,0.0000e+0,7.3164e+11
0.08854,0.33125,1.3905e+0,0.0000e+0,4.8941e+11
0.09062,0.33125,1.1197e+0,0.0000e+0,4.1413e+9
0.09271,0.33125,8.5846e-1,0.0000e+0,0.0000e+0
0.09479,0.33125,6.0513e-1,0.0000e+0,0.0000e+0
0.09688,0.33125,3.5851e-1,0.0000e+0,0.0000e+0
0.09896,0.33125,1.1776e-1,0.0000e+0,0.0000e+0
0.00104,0.33542,6.2880e+0,0.0000e+0,0.0000e+0
0.00313,0.33542,6.2879e+0,0.0000e+0,0.0000e+0
0.00521,0.33542,6.2873e+0,0.0000e+0,0.0000e+0
0.00729,0.33542,6.2854e+0,0.0000e+0,0.0000e+0
0.00937,0.33542,6.2813e+0,0.0000e+0,0.0000e+0
0.01146,0.33542,6.2741e+0,0.0000e+0,0.0000e+0
0.01354,0.33542,6.2631e+0,0.0000e+0,0.0000e+0
0.01563,0.33542,6.2481e+0,0.0000e+0,0.0000e+0
0.01771,0.33542,6.2296e+0,0.0000e+0,0.0000e+0
0.01979,0.33542,6.2064e+0,0.0000e+0,0.0000e+0
0.02187,0.33542,6.1726e+0,0.0000e+0,3.5169e+11
0.02396,0.33542,6.1076e+0,0.0000e+0,1.8509e+11
0.02604,0.33542,6.0385e+0,0.0000e+0,0.0000e+0
0.02813,0.33542,5.9925e+0,0.0000e+0,9.3215e+10
0.03021,0.33542,5.9679e+0,0.0000e+0,1.5894e+12
0.03229,0.33542,5.8555e+0,0.0000e+0,3.2059e+10
0.03438,0.33542,5.7638e+0,2.7647e+10,2.9063e+11
0.03646,0.33542,5.6643e+0,9.2978e+10,2.8529e+11
0.03854,0.33542,5.5625e+0,1.9924e+11,3.4574e+11
0.04063,0.33542,5.4681e+0,1.6568e+11,3.9908e+11
0.04271,0.33542,5.3780e+0,0.0000e+0,5.2626e+11
0.04479,0.33542,5.2778e+0,0.0000e+0,5.5682e+11
0.04688,0.33542,5.1633e+0,0.0000e+0,7.9944e+11
0.04896,0.33542,5.0170e+0,0.0000e+0,9.2192e+10
0.05104,0.33542,4.8877e+0,0.0000e+0,3.8692e+11
0.05312,0.33542,4.7490e+0,3.0656e+11,3.4398e+11
0.05521,0.33542,4.6201e+0,2.5790e+10,2.0679e+11
0.05729,0.33542,4.4998e+0,0.0000e+0,1.0765e+12
0.05937,0.33542,4.3303e+0,0.0000e+0,8.6838e+11
0.06146,0.33542,4.1286e+0,0.0000e+0,4.2485e+11
0.06354,0.33542,3.9187e+0,2.1329e+11,2.5785e+11
0.06563,0.33542,3.7236e+0,1.7547e+11,5.7294e+11
0.06771,0.33542,3.5171e+0,6.0915e+10,2.8982e+11
0.06979,0.33542,3.3131e+0,8.1288e+10,1.5224e+11
0.07187,0.33542,3.1188e+0,0.0000e+0,5.0678e+11
0.07396,0.33542,2.9004e+0,0.0000e+0,1.1434e+11
0.07604,0.33542,2.6791e+0,0.0000e+0,1.1160e+10
0.07813,0.33542,2.4578e+0,0.0000e+0,1.5122e+11
0.08021,0.33542,2.2262e+0,9.7042e+10,4.2724e+9
0.08229,0.33542,2.0084e+0,1.1895e+11,4.5475e+10
0.08438,0.33542,1.8027e+0,1.1563e+11,1.9495e+11
0.08646,0.33542,1.5993e+0,9.1734e+10,7.6050e+11
0.08854,0.33542,1.3531e+0,9.6200e+9,3.1077e+11
0.09062,0.33542,1.0918e+0,0.0000e+0,9.7219e+8
0.09271,0.33542,8.3738e-1,0.0000e+0,0.0000e+0
0.09479,0.33542,5.9015e-1,0.0000e+0,0.0000e+0
0.09688,0.33542,3.4953e-1,0.0000e+0,0.0000e+0
0.09896,0.33542,1.1480e-1,0.0000e+0,0.0000e+0
0.00104,0.33958,5.9836e+0,0.0000e+0,0.0000e+0
0.00313,0.33958,5.9859e+0,0.0000e+0,0.0000e+0
0.00521,0.33958,5.9899e+0,0.0000e+0,0.0000e+0
0.00729,0.33958,5.9944e+0,0.0000e+0,0.0000e+0
0.00937,0.33958,5.9972e+0,0.0000e+0,0.0000e+0
0.01146,0.33958,5.9954e+0,0.0000e+0,0.0000e+0
0.01354,0.33958,5.9868e+0,0.0000e+0,0.0000e+0
0.01563,0.33958,5.9736e+0,0.0000e+0,0.0000e+0
0.01771,0.33958,5.9630e+0,0.0000e+0,6.6899e+10
0.01979,0.33958,5.9591e+0,0.0000e+0,1.0420e+12
0.02187,0.33958,5.8995e+0,0.0000e+0,6.6907e+11
0.02396,0.33958,5.8105e+0,0.0000e+0,7.9961e+10
0.02604,0.33958,5.7383e+0,0.0000e+0,0.0000e+0
0.02813,0.33958,5.6899e+0,0.0000e+0,1.6970e+11
0.03021,0.33958,5.6497e+0,0.0000e+0,8.5535e+11
0.03229,0.33958,5.5620e+0,0.0000e+0,2.7296e+10
0.03438,0.33958,5.4903e+0,0.0000e+0,4.7846e+11
0.03646,0.33958,5.3995e+0,0.0000e+0,4.4984e+11
0.03854,0.33958,5.2897e+0,1.1041e+11,4.8813e+10
0.04063,0.33958,5.1940e+0,9.1811e+10,0.0000e+0
0.04271,0.33958,5.1102e+0,0.0000e+0,2.5641e+11
0.04479,0.33958,5.0135e+0,0.0000e+0,2.0120e+11
0.04688,0.33958,4.9084e+0,0.0000e+0,2.6612e+11
0.04896,0.33958,4.7909e+0,0.0000e+0,4.9197e+10
0.05104,0.33958,4.6785e+0,0.0000e+0,2.6601e+11
0.05312,0.33958,4.5593e+0,8.1104e+10,6.0896e+11
0.05521,0.33958,4.4210e+0,6.8231e+9,1.4349e+11
0.05729,0.33958,4.2890e+0,0.0000e+0,4.6790e+11
0.05937,0.33958,4.1319e+0,0.0000e+0,1.4730e+11
0.06146,0.33958,3.9728e+0,0.0000e+0,4.8974e+11
0.06354,0.33958,3.7919e+0,1.0703e+11,2.5849e+11
0.06563,0.33958,3.6161e+0,1.0391e+10,4.4777e+11
0.06771,0.33958,3.4246e+0,4.7690e+10,1.0345e+11
0.06979,0.33958,3.2453e+0,1.7138e+11,2.6277e+11
0.07187,0.33958,3.0739e+0,0.0000e+0,3.8191e+11
0.07396,0.33958,2.8917e+0,0.0000e+0,8.0104e+11
0.07604,0.33958,2.6797e+0,0.0000e+0,7.2264e+11
0.07813,0.33958,2.4466e+0,0.0000e+0,6.6329e+11
0.08021,0.33958,2.1928e+0,1.6156e+11,5.0060e+10
0.08229,0.33958,1.9669e+0,5.2515e+10,8.2293e+9
0.08438,0.33958,1.7568e+0,0.0000e+0,2.1271e+11
0.08646,0.33958,1.5440e+0,1.4217e+11,6.1811e+11
0.08854,0.33958,1.3064e+0,1.4909e+10,2.7856e+11
0.09062,0.33958,1.0592e+0,0.0000e+0,1.7357e+11
0.09271,0.33958,8.1022e-1,0.0000e+0,0.0000e+0
0.09479,0.33958,5.7019e-1,0.0000e+0,0.0000e+0
0.09688,0.33958,3.3745e-1,0.0000e+0,0.0000e+0
0.09896,0.33958,1.1079e-1,0.0000e+0,0.0000e+0
0.00104,0.34375,5.6608e+0,0.0000e+0,0.0000e+0
0.00313,0.34375,5.6685e+0,0.0000e+0,0.0000e+0
0.00521,0.34375,5.6839e+0,0.0000e+0,0.0000e+0
0.00729,0.34375,5.7060e+0,0.0000e+0,0.0000e+0
0.00937,0.34375,5.7308e+0,0.0000e+0,0.0000e+0
0.01146,0.34375,5.7480e+0,0.0000e+0,3.7537e+11
0.01354,0.34375,5.7356e+0,0.0000e+0,6.2016e+11
0.01563,0.34375,5.6947e+0,0.0000e+0,3.9413e+11
0.01771,0.34375,5.6524e+0,0.0000e+0,2.7032e+11
0.01979,0.34375,5.6207e+0,0.0000e+0,7.8621e+11
0.02187,0.34375,5.5621e+0,0.0000e+0,1.2109e+12
0.02396,0.34375,5.4492e+0,2.1800e+11,1.8297e+11
0.02604,0.34375,5.3621e+0,3.2057e+11,0.0000e+0
0.02813,0.34375,5.3143e+0,0.0000e+0,5.9303e+10
0.03021,0.34375,5.2705e+0,4.1136e+11,6.1960e+11
0.03229,0.34375,5.2166e+0,5.6891e+9,1.3947e+11
0.03438,0.34375,5.1621e+0,0.0000e+0,2.9402e+11
0.03646,0.34375,5.0929e+0,0.0000e+0,3.2521e+11
0.03854,0.34375,5.0092e+0,0.0000e+0,3.2627e+11
0.04063,0.34375,4.9170e+0,0.0000e+0,2.0277e+11
0.04271,0.34375,4.8311e+0,0.0000e+0,4.3372e+11
0.04479,0.34375,4.7381e+0,0.0000e+0,3.7401e+11
0.04688,0.34375,4.6389e+0,0.0000e+0,1.7245e+11
0.04896,0.34375,4.5490e+0,0.0000e+0,7.5514e+11
0.05104,0.34375,4.4316e+0,0.0000e+0,5.0128e+11
0.05312,0.34375,4.3019e+0,0.0000e+0,1.2982e+11
0.05521,0.34375,4.1771e+0,0.0000e+0,1.3972e+11
0.05729,0.34375,4.0525e+0,0.0000e+0,2.4270e+11
0.05937,0.34375,3.9172e+0,0.0000e+0,2.4635e+11
0.06146,0.34375,3.7736e+0,0.0000e+0,3.1993e+11
0.06354,0.34375,3.6236e+0,0.0000e+0,5.4488e+11
0.06563,0.34375,3.4566e+0,0.0000e+0,2.2442e+11
0.06771,0.34375,3.2961e+0,0.0000e+0,3.6739e+11
0.06979,0.34375,3.1350e+0,0.0000e+0,4.1707e+11
0.07187,0.34375,2.9729e+0,0.0000e+0,9.1929e+11
0.07396,0.34375,2.7731e+0,0.0000e+0,4.5805e+11
0.07604,0.34375,2.5620e+0,0.0000e+0,4.6485e+11
0.07813,0.34375,2.3361e+0,0.0000e+0,2.1916e+11
0.08021,0.34375,2.1099e+0,4.8400e+10,1.0779e+11
0.08229,0.34375,1.8964e+0,9.5843e+10,3.8183e+11
0.08438,0.34375,1.6758e+0,0.0000e+0,4.4887e+10
0.08646,0.34375,1.4595e+0,0.0000e+0,1.0272e+11
0.08854,0.34375,1.2381e+0,0.0000e+0,2.3992e+11
0.09062,0.34375,1.0026e+0,0.0000e+0,4.4386e+10
0.09271,0.34375,7.6902e-1,0.0000e+0,0.0000e+0
0.09479,0.34375,5.4185e-1,0.0000e+0,0.0000e+0
0.09688,0.34375,3.2084e-1,0.0000e+0,0.0000e+0
0.09896,0.34375,1.0536e-1,0.0000e+0,0.0000e+0
0.00104,0.34792,5.2763e+0,0.0000e+0,0.0000e+0
0.00313,0.34792,5.2898e+0,0.0000e+0,0.0000e+0
0.00521,0.34792,5.3208e+0,0.0000e+0,0.0000e+0
0.00729,0.34792,5.3802e+0,0.0000e+0,0.0000e+0
0.00937,0.34792,5.4762e+0,0.0000e+0,1.6670e+12
0.01146,0.34792,5.4995e+0,0.0000e+0,2.1945e+12
0.01354,0.34792,5.4198e+0,0.0000e+0,1.0438e+12
0.01563,0.34792,5.3197e+0,0.0000e+0,3.3368e+11
0.01771,0.34792,5.2320e+0,0.0000e+0,0.0000e+0
0.01979,0.34792,5.1617e+0,0.0000e+0,0.0000e+0
0.02187,0.34792,5.0939e+0,0.0000e+0,0.0000e+0
0.02396,0.34792,5.0224e+0,1.4174e+11,0.0000e+0
0.02604,0.34792,4.9609e+0,2.0843e+11,0.0000e+0
0.02813,0.34792,4.9183e+0,0.0000e+0,0.0000e+0
0.03021,0.34792,4.8755e+0,3.1919e+11,0.0000e+0
0.03229,0.34792,4.8501e+0,4.4144e+9,1.7905e+11
0.03438,0.34792,4.8150e+0,0.0000e+0,4.2638e+11
0.03646,0.34792,4.7591e+0,0.0000e+0,5.2639e+11
0.03854,0.34792,4.6801e+0,0.0000e+0,7.2848e+11
0.04063,0.34792,4.5685e+0,0.0000e+0,1.1650e+11
0.04271,0.34792,4.4622e+0,3.8386e+11,7.5123e+10
0.04479,0.34792,4.3875e+0,7.0921e+10,4.6686e+11
0.04688,0.34792,4.2951e+0,5.5755e+10,2.0658e+11
0.04896,0.34792,4.1977e+0,1.1623e+10,1.1066e+11
0.05104,0.34792,4.0965e+0,2.9811e+11,3.1002e+11
0.05312,0.34792,4.0043e+0,0.0000e+0,2.8505e+11
0.05521,0.34792,3.9069e+0,0.0000e+0,3.7080e+11
0.05729,0.34792,3.8018e+0,0.0000e+0,5.5192e+11
0.05937,0.34792,3.6779e+0,0.0000e+0,7.0591e+11
0.06146,0.34792,3.5198e+0,0.0000e+0,4.6853e+10
0.06354,0.34792,3.3725e+0,0.0000e+0,1.8918e+11
0.06563,0.34792,3.2213e+0,0.0000e+0,1.3467e+11
0.06771,0.34792,3.0743e+0,0.0000e+0,3.8732e+11
0.06979,0.34792,2.9175e+0,2.4038e+11,5.4474e+11
0.07187,0.34792,2.7546e+0,3.9252e+9,3.6857e+11
0.07396,0.34792,2.5792e+0,2.9238e+10,5.1459e+11
0.07604,0.34792,2.3811e+0,1.9862e+11,3.0121e+11
0.07813,0.34792,2.1819e+0,0.0000e+0,8.1256e+10
0.08021,0.34792,1.9816e+0,4.3697e+10,3.7524e+10
0.08229,0.34792,1.7870e+0,8.6532e+10,2.7895e+11
0.08438,0.34792,1.5851e+0,0.0000e+0,1.2460e+11
0.08646,0.34792,1.3842e+0,0.0000e+0,2.9620e+11
0.08854,0.34792,1.1725e+0,0.0000e+0,3.6240e+11
0.09062,0.34792,9.4573e-1,0.0000e+0,8.8481e+10
0.09271,0.34792,7.2296e-1,0.0000e+0,0.0000e+0
0.09479,0.34792,5.0856e-1,0.0000e+0,0.0000e+0
0.09688,0.34792,3.0090e-1,0.0000e+0,0.0000e+0
0.09896,0.34792,9.8776e-2,0.0000e+0,0.0000e+0
0.00104,0.35208,4.7841e+0,0.0000e+0,0.0000e+0
0.00313,0.35208,4.7811e+0,0.0000e+0,0.0000e+0
0.00521,0.35208,4.7719e+0,5.0849e+11,0.0000e+0
0.00729,0.35208,4.8193e+0,1.6970e+12,0.0000e+0
0.00937,0.35208,4.9354e+0,0.0000e+0,5.4352e+11
0.01146,0.35208,4.9945e+0,0.0000e+0,2.1261e+12
0.01354,0.35208,4.9125e+0,0.0000e+0,1.0627e+11
0.01563,0.35208,4.8408e+0,0.0000e+0,0.0000e+0
0.01771,0.35208,4.7792e+0,0.0000e+0,0.0000e+0
0.01979,0.35208,4.7214e+0,0.0000e+0,0.0000e+0
0.02187,0.35208,4.6674e+0,0.0000e+0,0.0000e+0
0.02396,0.35208,4.6159e+0,0.0000e+0,0.0000e+0
0.02604,0.35208,4.5699e+0,0.0000e+0,0.0000e+0
0.02813,0.35208,4.5360e+0,0.0000e+0,2.3461e+10
0.03021,0.35208,4.5167e+0,0.0000e+0,5.8192e+11
0.03229,0.35208,4.4787e+0,0.0000e+0,4.9908e+11
0.03438,0.35208,4.4279e+0,0.0000e+0,3.7533e+11
0.03646,0.35208,4.3678e+0,0.0000e+0,6.8302e+11
0.03854,0.35208,4.2732e+0,0.0000e+0,9.0857e+10
0.04063,0.35208,4.1844e+0,0.0000e+0,3.7558e+11
0.04271,0.35208,4.0824e+0,1.1666e+11,0.0000e+0
0.04479,0.35208,4.0028e+0,1.9092e+11,1.1609e+11
0.04688,0.35208,3.9396e+0,1.9353e+11,7.7749e+11
0.04896,0.35208,3.8436e+0,4.8671e+9,2.9157e+11
0.05104,0.35208,3.7395e+0,1.2483e+11,1.3592e+10
0.05312,0.35208,3.6528e+0,0.0000e+0,7.1050e+10
0.05521,0.35208,3.5662e+0,3.2848e+10,2.1679e+11
0.05729,0.35208,3.4696e+0,2.1071e+11,2.3143e+11
0.05937,0.35208,3.3731e+0,1.4067e+10,6.9966e+11
0.06146,0.35208,3.2290e+0,1.8268e+11,8.8090e+10
0.06354,0.35208,3.0975e+0,0.0000e+0,3.0778e+11
0.06563,0.35208,2.9456e+0,0.0000e+0,8.0487e+10
0.06771,0.35208,2.7889e+0,1.4239e+11,5.1213e+10
0.06979,0.35208,2.6385e+0,3.5732e+11,1.7225e+11
0.07187,0.35208,2.4977e+0,1.1457e+11,2.2462e+11
0.07396,0.35208,2.3445e+0,8.6857e+9,3.3735e+10
0.07604,0.35208,2.1911e+0,5.9003e+10,3.1366e+11
0.07813,0.35208,2.0281e+0,0.0000e+0,3.2335e+11
0.08021,0.35208,1.8527e+0,0.0000e+0,3.4917e+11
0.08229,0.35208,1.6649e+0,0.0000e+0,2.6365e+11
0.08438,0.35208,1.4706e+0,1.7443e+11,2.9457e+11
0.08646,0.35208,1.2793e+0,7.5526e+10,3.9773e+11
0.08854,0.35208,1.0741e+0,0.0000e+0,1.4458e+11
0.09062,0.35208,8.6563e-1,0.0000e+0,1.3428e+10
0.09271,0.35208,6.6306e-1,0.0000e+0,0.0000e+0
0.09479,0.35208,4.6690e-1,0.0000e+0,0.0000e+0
0.09688,0.35208,2.7639e-1,0.0000e+0,0.0000e+0
0.09896,0.35208,9.0750e-2,0.0000e+0,0.0000e+0
0.00104,0.35625,4.3164e+0,0.0000e+0,0.0000e+0
0.00313,0.35625,4.3138e+0,0.0000e+0,0.0000e+0
0.00521,0.35625,4.3080e+0,2.4956e+11,0.0000e+0
0.00729,0.35625,4.3279e+0,8.3287e+11,0.0000e+0
0.00937,0.35625,4.3738e+0,0.0000e+0,0.0000e+0
0.01146,0.35625,4.3945e+0,0.0000e+0,1.7935e+11
0.01354,0.35625,4.3784e+0,0.0000e+0,3.2851e+9
0.01563,0.35625,4.3567e+0,0.0000e+0,0.0000e+0
0.01771,0.35625,4.3391e+0,0.0000e+0,5.8914e+11
0.01979,0.35625,4.2892e+0,0.0000e+0,4.4017e+10
0.02187,0.35625,4.2513e+0,0.0000e+0,3.6754e+11
0.02396,0.35625,4.2045e+0,0.0000e+0,4.5051e+11
0.02604,0.35625,4.1434e+0,0.0000e+0,0.0000e+0
0.02813,0.35625,4.0960e+0,0.0000e+0,5.3462e+9
0.03021,0.35625,4.0572e+0,0.0000e+0,1.3261e+11
0.03229,0.35625,4.0134e+0,0.0000e+0,0.0000e+0
0.03438,0.35625,3.9740e+0,0.0000e+0,3.4715e+11
0.03646,0.35625,3.9172e+0,0.0000e+0,4.8375e+11
0.03854,0.35625,3.8342e+0,0.0000e+0,8.4911e+10
0.04063,0.35625,3.7549e+0,0.0000e+0,1.7295e+11
0.04271,0.35625,3.6712e+0,0.0000e+0,0.0000e+0
0.04479,0.35625,3.5973e+0,0.0000e+0,1.9172e+10
0.04688,0.35625,3.5314e+0,0.0000e+0,3.2135e+11
0.04896,0.35625,3.4475e+0,0.0000e+0,4.9041e+10
0.05104,0.35625,3.3661e+0,0.0000e+0,0.0000e+0
0.05312,0.35625,3.2924e+0,0.0000e+0,0.0000e+0
0.05521,0.35625,3.2272e+0,2.0129e+10,4.5907e+11
0.05729,0.35625,3.1408e+0,1.2913e+11,2.4339e+11
0.05937,0.35625,3.0560e+0,1.2049e+10,5.7563e+11
0.06146,0.35625,2.9382e+0,1.5648e+11,2.8454e+11
0.06354,0.35625,2.8271e+0,0.0000e+0,6.7774e+11
0.06563,0.35625,2.6832e+0,1.6547e+10,3.5583e+11
0.06771,0.35625,2.5325e+0,7.7282e+10,8.0676e+10
0.06979,0.35625,2.3993e+0,5.3793e+10,2.8028e+11
0.07187,0.35625,2.2670e+0,4.0293e+10,4.2256e+11
0.07396,0.35625,2.1205e+0,0.0000e+0,9.8938e+10
0.07604,0.35625,1.9795e+0,0.0000e+0,1.3860e+11
0.07813,0.35625,1.8404e+0,0.0000e+0,4.3743e+11
0.08021,0.35625,1.6830e+0,0.0000e+0,4.8403e+11
0.08229,0.35625,1.5051e+0,0.0000e+0,2.1251e+11
0.08438,0.35625,1.3240e+0,1.1401e+11,1.5517e+11
0.08646,0.35625,1.1484e+0,1.6103e+11,3.6091e+11
0.08854,0.35625,9.6321e-1,0.0000e+0,9.9407e+10
0.09062,0.35625,7.7644e-1,0.0000e+0,0.0000e+0
0.09271,0.35625,5.9542e-1,0.0000e+0,0.0000e+0
0.09479,0.35625,4.1964e-1,0.0000e+0,0.0000e+0
0.09688,0.35625,2.4856e-1,0.0000e+0,0.0000e+0
0.09896,0.35625,8.1636e-2,0.0000e+0,0.0000e+0
0.00104,0.36042,3.8697e+0,0.0000e+0,0.0000e+0
0.00313,0.36042,3.8701e+0,0.0000e+0,0.0000e+0
0.00521,0.36042,3.8719e+0,0.0000e+0,0.0000e+0
0.00729,0.36042,3.8769e+0,0.0000e+0,0.0000e+0
0.00937,0.36042,3.8830e+0,0.0000e+0,0.0000e+0
0.01146,0.36042,3.8836e+0,0.0000e+0,0.0000e+0
0.01354,0.36042,3.8770e+0,0.0000e+0,0.0000e+0
0.01563,0.36042,3.8672e+0,0.0000e+0,0.0000e+0
0.01771,0.36042,3.8588e+0,0.0000e+0,5.7805e+11
0.01979,0.36042,3.8135e+0,0.0000e+0,4.3188e+10
0.02187,0.36042,3.7717e+0,0.0000e+0,6.9503e+10
0.02396,0.36042,3.7278e+0,0.0000e+0,8.5194e+10
0.02604,0.36042,3.6791e+0,0.0000e+0,0.0000e+0
0.02813,0.36042,3.6328e+0,0.0000e+0,0.0000e+0
0.03021,0.36042,3.5876e+0,0.0000e+0,0.0000e+0
0.03229,0.36042,3.5410e+0,0.0000e+0,0.0000e+0
0.03438,0.36042,3.4921e+0,0.0000e+0,3.6160e+10
0.03646,0.36042,3.4356e+0,0.0000e+0,2.3854e+10
0.03854,0.36042,3.3716e+0,0.0000e+0,0.0000e+0
0.04063,0.36042,3.3049e+0,0.0000e+0,0.0000e+0
0.04271,0.36042,3.2363e+0,0.0000e+0,0.0000e+0
0.04479,0.36042,3.1669e+0,1.7501e+11,2.7499e+10
0.04688,0.36042,3.1077e+0,1.7251e+11,2.5522e+11
0.04896,0.36042,3.0405e+0,0.0000e+0,0.0000e+0
0.05104,0.36042,2.9738e+0,0.0000e+0,0.0000e+0
0.05312,0.36042,2.9096e+0,0.0000e+0,0.0000e+0
0.05521,0.36042,2.8495e+0,0.0000e+0,2.4593e+11
0.05729,0.36042,2.7771e+0,0.0000e+0,1.3266e+11
0.05937,0.36042,2.7045e+0,0.0000e+0,6.0078e+11
0.06146,0.36042,2.5998e+0,0.0000e+0,2.2177e+11
0.06354,0.36042,2.4921e+0,0.0000e+0,4.3959e+11
0.06563,0.36042,2.3621e+0,4.8965e+10,2.8916e+11
0.06771,0.36042,2.2235e+0,1.9975e+11,0.0000e+0
0.06979,0.36042,2.1030e+0,0.0000e+0,1.2765e+10
0.07187,0.36042,1.9849e+0,0.0000e+0,1.4684e+11
0.07396,0.36042,1.8600e+0,0.0000e+0,1.2848e+11
0.07604,0.36042,1.7319e+0,0.0000e+0,8.3226e+10
0.07813,0.36042,1.6040e+0,0.0000e+0,2.8040e+11
0.08021,0.36042,1.4611e+0,0.0000e+0,1.8869e+11
0.08229,0.36042,1.3092e+0,0.0000e+0,4.5356e+10
0.08438,0.36042,1.1595e+0,0.0000e+0,7.6005e+10
0.08646,0.36042,1.0121e+0,0.0000e+0,3.9291e+11
0.08854,0.36042,8.4480e-1,0.0000e+0,4.4851e+10
0.09062,0.36042,6.8117e-1,0.0000e+0,0.0000e+0
0.09271,0.36042,5.2284e-1,0.0000e+0,0.0000e+0
0.09479,0.36042,3.6884e-1,0.0000e+0,0.0000e+0
0.09688,0.36042,2.1862e-1,0.0000e+0,0.0000e+0
0.09896,0.36042,7.1831e-2,0.0000e+0,0.0000e+0
0.00104,0.36458,3.4191e+0,0.0000e+0,0.0000e+0
0.00313,0.36458,3.4185e+0,0.0000e+0,0.0000e+0
0.00521,0.36458,3.4173e+0,0.0000e+0,0.0000e+0
0.00729,0.36458,3.4151e+0,0.0000e+0,0.0000e+0
0.00937,0.36458,3.4112e+0,0.0000e+0,0.0000e+0
0.01146,0.36458,3.4041e+0,0.0000e+0,0.0000e+0
0.01354,0.36458,3.3929e+0,0.0000e+0,0.0000e+0
0.01563,0.36458,3.3774e+0,0.0000e+0,0.0000e+0
0.01771,0.36458,3.3568e+0,0.0000e+0,0.0000e+0
0.01979,0.36458,3.3284e+0,0.0000e+0,0.0000e+0
0.02187,0.36458,3.2955e+0,0.0000e+0,0.0000e+0
0.02396,0.36458,3.2593e+0,0.0000e+0,0.0000e+0
0.02604,0.36458,3.2201e+0,0.0000e+0,0.0000e+0
0.02813,0.36458,3.1790e+0,0.0000e+0,0.0000e+0
0.03021,0.36458,3.1360e+0,0.0000e+0,0.0000e+0
0.03229,0.36458,3.0906e+0,0.0000e+0,0.0000e+0
0.03438,0.36458,3.0421e+0,0.0000e+0,0.0000e+0
0.03646,0.36458,2.9898e+0,0.0000e+0,0.0000e+0
0.03854,0.36458,2.9341e+0,0.0000e+0,0.0000e+0
0.04063,0.36458,2.8765e+0,0.0000e+0,0.0000e+0
0.04271,0.36458,2.8181e+0,0.0000e+0,0.0000e+0
0.04479,0.36458,2.7578e+0,7.1098e+10,0.0000e+0
0.04688,0.36458,2.7000e+0,7.0079e+10,0.0000e+0
0.04896,0.36458,2.6427e+0,0.0000e+0,0.0000e+0
0.05104,0.36458,2.5824e+0,0.0000e+0,0.0000e+0
0.05312,0.36458,2.5197e+0,0.0000e+0,0.0000e+0
0.05521,0.36458,2.4540e+0,0.0000e+0,0.0000e+0
0.05729,0.36458,2.3829e+0,0.0000e+0,0.0000e+0
0.05937,0.36458,2.3053e+0,0.0000e+0,0.0000e+0
0.06146,0.36458,2.2183e+0,0.0000e+0,0.0000e+0
0.06354,0.36458,2.1238e+0,0.0000e+0,0.0000e+0
0.06563,0.36458,2.0217e+0,0.0000e+0,0.0000e+0
0.06771,0.36458,1.9150e+0,0.0000e+0,0.0000e+0
0.06979,0.36458,1.8074e+0,0.0000e+0,0.0000e+0
0.07187,0.36458,1.6982e+0,0.0000e+0,0.0000e+0
0.07396,0.36458,1.5864e+0,0.0000e+0,0.0000e+0
0.07604,0.36458,1.4716e+0,0.0000e+0,0.0000e+0
0.07813,0.36458,1.3536e+0,0.0000e+0,0.0000e+0
0.08021,0.36458,1.2313e+0,0.0000e+0,0.0000e+0
0.08229,0.36458,1.1052e+0,0.0000e+0,0.0000e+0
0.08438,0.36458,9.7698e-1,0.0000e+0,0.0000e+0
0.08646,0.36458,8.4669e-1,0.0000e+0,0.0000e+0
0.08854,0.36458,7.1333e-1,0.0000e+0,0.0000e+0
0.09062,0.36458,5.7956e-1,0.0000e+0,0.0000e+0
0.09271,0.36458,4.4695e-1,0.0000e+0,0.0000e+0
0.09479,0.36458,3.1624e-1,0.0000e+0,0.0000e+0
0.09688,0.36458,1.8778e-1,0.0000e+0,0.0000e+0
0.09896,0.36458,6.1749e-2,0.0000e+0,0.0000e+0
0.00104,0.36875,2.9735e+0,0.0000e+0,0.0000e+0
0.00313,0.36875,2.9720e+0,0.0000e+0,0.0000e+0
0.00521,0.36875,2.9689e+0,0.0000e+0,0.0000e+0
0.00729,0.36875,2.9641e+0,0.0000e+0,0.0000e+0
0.00937,0.36875,2.9570e+0,0.0000e+0,0.0000e+0
0.01146,0.36875,2.9472e+0,0.0000e+0,0.0000e+0
0.01354,0.36875,2.9343e+0,0.0000e+0,0.0000e+0
0.01563,0.36875,2.9180e+0,0.0000e+0,0.0000e+0
0.01771,0.36875,2.8979e+0,0.0000e+0,0.0000e+0
0.01979,0.36875,2.8738e+0,0.0000e+0,0.0000e+0
0.02187,0.36875,2.8462e+0,0.0000e+0,0.0000e+0
0.02396,0.36875,2.8154e+0,0.0000e+0,0.0000e+0
0.02604,0.36875,2.7817e+0,0.0000e+0,0.0000e+0
0.02813,0.36875,2.7454e+0,0.0000e+0,0.0000e+0
0.03021,0.36875,2.7064e+0,0.0000e+0,0.0000e+0
0.03229,0.36875,2.6644e+0,0.0000e+0,0.0000e+0
0.03438,0.36875,2.6192e+0,0.0000e+0,0.0000e+0
0.03646,0.36875,2.5701e+0,0.0000e+0,0.0000e+0
0.03854,0.36875,2.5167e+0,7.7856e+10,0.0000e+0
0.04063,0.36875,2.4627e+0,1.9079e+11,0.0000e+0
0.04271,0.36875,2.4195e+0,0.0000e+0,0.0000e+0
0.04479,0.36875,2.3716e+0,0.0000e+0,0.0000e+0
0.04688,0.36875,2.3206e+0,0.0000e+0,0.0000e+0
0.04896,0.36875,2.2671e+0,0.0000e+0,0.0000e+0
0.05104,0.36875,2.2108e+0,0.0000e+0,0.0000e+0
0.05312,0.36875,2.1519e+0,0.0000e+0,0.0000e+0
0.05521,0.36875,2.0905e+0,0.0000e+0,0.0000e+0
0.05729,0.36875,2.0252e+0,0.0000e+0,0.0000e+0
0.05937,0.36875,1.9551e+0,0.0000e+0,0.0000e+0
0.06146,0.36875,1.8795e+0,0.0000e+0,0.0000e+0
0.06354,0.36875,1.7987e+0,0.0000e+0,0.0000e+0
0.06563,0.36875,1.7130e+0,0.0000e+0,0.0000e+0
0.06771,0.36875,1.6234e+0,0.0000e+0,0.0000e+0
0.06979,0.36875,1.5307e+0,0.0000e+0,0.0000e+0
0.07187,0.36875,1.4353e+0,0.0000e+0,0.0000e+0
0.07396,0.36875,1.3372e+0,0.0000e+0,0.0000e+0
0.07604,0.36875,1.2365e+0,0.0000e+0,0.0000e+0
0.07813,0.36875,1.1336e+0,0.0000e+0,0.0000e+0
0.08021,0.36875,1.0291e+0,0.0000e+0,0.0000e+0
0.08229,0.36875,9.2305e-1,0.0000e+0,0.0000e+0
0.08438,0.36875,8.1539e-1,0.0000e+0,0.0000e+0
0.08646,0.36875,7.0631e-1,0.0000e+0,0.0000e+0
0.08854,0.36875,5.9611e-1,0.0000e+0,0.0000e+0
0.09062,0.36875,4.8553e-1,0.0000e+0,0.0000e+0
0.09271,0.36875,3.7531e-1,0.0000e+0,0.0000e+0
0.09479,0.36875,2.6604e-1,0.0000e+0,0.0000e+0
0.09688,0.36875,1.5817e-1,0.0000e+0,0.0000e+0
0.09896,0.36875,5.2043e-2,0.0000e+0,0.0000e+0
0.00104,0.37292,2.5396e+0,0.0000e+0,0.0000e+0
0.00313,0.37292,2.5379e+0,0.0000e+0,0.0000e+0
0.00521,0.37292,2.5343e+0,0.0000e+0,0.0000e+0
0.00729,0.37292,2.5287e+0,0.0000e+0,0.0000e+0
0.00937,0.37292,2.5210e+0,0.0000e+0,0.0000e+0
0.01146,0.37292,2.5110e+0,0.0000e+0,0.0000e+0
0.01354,0.37292,2.4985e+0,0.0000e+0,0.0000e+0
0.01563,0.37292,2.4832e+0,0.0000e+0,0.0000e+0
0.01771,0.37292,2.4651e+0,0.0000e+0,0.0000e+0
0.01979,0.37292,2.4442e+0,0.0000e+0,0.0000e+0
0.02187,0.37292,2.4206e+0,0.0000e+0,0.0000e+0
0.02396,0.37292,2.3942e+0,0.0000e+0,0.0000e+0
0.02604,0.37292,2.3652e+0,0.0000e+0,0.0000e+0
0.02813,0.37292,2.3337e+0,0.0000e+0,0.0000e+0
0.03021,0.37292,2.2996e+0,0.0000e+0,0.0000e+0
0.03229,0.37292,2.2628e+0,0.0000e+0,0.0000e+0
0.03438,0.37292,2.2229e+0,0.0000e+0,0.0000e+0
0.03646,0.37292,2.1798e+0,0.0000e+0,0.0000e+0
0.03854,0.37292,2.1327e+0,8.4313e+10,0.0000e+0
0.04063,0.37292,2.0853e+0,2.0661e+11,0.0000e+0
0.04271,0.37292,2.0484e+0,0.0000e+0,0.0000e+0
0.04479,0.37292,2.0067e+0,0.0000e+0,0.0000e+0
0.04688,0.37292,1.9610e+0,0.0000e+0,0.0000e+0
0.04896,0.37292,1.9117e+0,0.0000e+0,0.0000e+0
0.05104,0.37292,1.8587e+0,2.3962e+10,0.0000e+0
0.05312,0.37292,1.8035e+0,1.0753e+11,0.0000e+0
0.05521,0.37292,1.7523e+0,0.0000e+0,0.0000e+0
0.05729,0.37292,1.6968e+0,0.0000e+0,0.0000e+0
0.05937,0.37292,1.6367e+0,0.0000e+0,0.0000e+0
0.06146,0.37292,1.5723e+0,0.0000e+0,0.0000e+0
0.06354,0.37292,1.5037e+0,0.0000e+0,0.0000e+0
0.06563,0.37292,1.4313e+0,0.0000e+0,0.0000e+0
0.06771,0.37292,1.3553e+0,0.0000e+0,0.0000e+0
0.06979,0.37292,1.2762e+0,0.0000e+0,0.0000e+0
0.07187,0.37292,1.1942e+0,0.0000e+0,0.0000e+0
0.07396,0.37292,1.1094e+0,0.0000e+0,0.0000e+0
0.07604,0.37292,1.0217e+0,0.0000e+0,0.0000e+0
0.07813,0.37292,9.3112e-1,9.4013e+10,0.0000e+0
0.08021,0.37292,8.4400e-1,5.5419e+10,0.0000e+0
0.08229,0.37292,7.5812e-1,0.0000e+0,0.0000e+0
0.08438,0.37292,6.7022e-1,0.0000e+0,0.0000e+0
0.08646,0.37292,5.8095e-1,0.0000e+0,0.0000e+0
0.08854,0.37292,4.9079e-1,0.0000e+0,0.0000e+0
0.09062,0.37292,4.0022e-1,0.0000e+0,0.0000e+0
0.09271,0.37292,3.0973e-1,0.0000e+0,0.0000e+0
0.09479,0.37292,2.1978e-1,0.0000e+0,0.0000e+0
0.09688,0.37292,1.3076e-1,0.0000e+0,0.0000e+0
0.09896,0.37292,4.3041e-2,0.0000e+0,0.0000e+0
0.00104,0.37708,2.1200e+0,0.0000e+0,0.0000e+0
0.00313,0.37708,2.1183e+0,0.0000e+0,0.0000e+0
0.00521,0.37708,2.1148e+0,0.0000e+0,0.0000e+0
0.00729,0.37708,2.1095e+0,0.0000e+0,0.0000e+0
0.00937,0.37708,2.1023e+0,0.0000e+0,0.0000e+0
0.01146,0.37708,2.0932e+0,0.0000e+0,0.0000e+0
0.01354,0.37708,2.0819e+0,0.0000e+0,0.0000e+0
0.01563,0.37708,2.0685e+0,0.0000e+0,0.0000e+0
0.01771,0.37708,2.0530e+0,0.0000e+0,0.0000e+0
0.01979,0.37708,2.0352e+0,0.0000e+0,0.0000e+0
0.02187,0.37708,2.0152e+0,0.0000e+0,0.0000e+0
0.02396,0.37708,1.9930e+0,0.0000e+0,0.0000e+0
0.02604,0.37708,1.9687e+0,0.0000e+0,0.0000e+0
0.02813,0.37708,1.9422e+0,0.0000e+0,0.0000e+0
0.03021,0.37708,1.9136e+0,0.0000e+0,0.0000e+0
0.03229,0.37708,1.8829e+0,0.0000e+0,0.0000e+0
0.03438,0.37708,1.8501e+0,0.0000e+0,0.0000e+0
0.03646,0.37708,1.8153e+0,0.0000e+0,0.0000e+0
0.03854,0.37708,1.7790e+0,0.0000e+0,0.0000e+0
0.04063,0.37708,1.7418e+0,0.0000e+0,0.0000e+0
0.04271,0.37708,1.7046e+0,0.0000e+0,0.0000e+0
0.04479,0.37708,1.6656e+0,0.0000e+0,0.0000e+0
0.04688,0.37708,1.6241e+0,0.0000e+0,0.0000e+0
0.04896,0.37708,1.5794e+0,0.0000e+0,0.0000e+0
0.05104,0.37708,1.5305e+0,5.3408e+10,0.0000e+0
0.05312,0.37708,1.4793e+0,2.3968e+11,0.0000e+0
0.05521,0.37708,1.4399e+0,0.0000e+0,0.0000e+0
0.05729,0.37708,1.3945e+0,0.0000e+0,0.0000e+0
0.05937,0.37708,1.3446e+0,0.0000e+0,0.0000e+0
0.06146,0.37708,1.2908e+0,0.0000e+0,0.0000e+0
0.06354,0.37708,1.2335e+0,0.0000e+0,0.0000e+0
0.06563,0.37708,1.1729e+0,0.0000e+0,0.0000e+0
0.06771,0.37708,1.1094e+0,0.0000e+0,0.0000e+0
0.06979,0.37708,1.0431e+0,0.0000e+0,0.0000e+0
0.07187,0.37708,9.7414e-1,0.0000e+0,0.0000e+0
0.07396,0.37708,9.0259e-1,0.0000e+0,0.0000e+0
0.07604,0.37708,8.2849e-1,0.0000e+0,0.0000e+0
0.07813,0.37708,7.5184e-1,8.4565e+10,0.0000e+0
0.08021,0.37708,6.7958e-1,4.9850e+10,0.0000e+0
0.08229,0.37708,6.1001e-1,0.0000e+0,0.0000e+0
0.08438,0.37708,5.3932e-1,0.0000e+0,0.0000e+0
0.08646,0.37708,4.6781e-1,0.0000e+0,0.0000e+0
0.08854,0.37708,3.9559e-1,0.0000e+0,0.0000e+0
0.09062,0.37708,3.2292e-1,0.0000e+0,0.0000e+0
0.09271,0.37708,2.5015e-1,0.0000e+0,0.0000e+0
0.09479,0.37708,1.7763e-1,0.0000e+0,0.0000e+0
0.09688,0.37708,1.0574e-1,0.0000e+0,0.0000e+0
0.09896,0.37708,3.4816e-2,0.0000e+0,0.0000e+0
0.00104,0.38125,1.7140e+0,0.0000e+0,0.0000e+0
0.00313,0.38125,1.7125e+0,0.0000e+0,0.0000e+0
0.00521,0.38125,1.7095e+0,0.0000e+0,0.0000e+0
0.00729,0.38125,1.7049e+0,0.0000e+0,0.0000e+0
0.00937,0.38125,1.6988e+0,0.0000e+0,0.0000e+0
0.01146,0.38125,1.6910e+0,0.0000e+0,0.0000e+0
0.01354,0.38125,1.6816e+0,0.0000e+0,0.0000e+0
0.01563,0.38125,1.6704e+0,0.0000e+0,0.0000e+0
0.01771,0.38125,1.6576e+0,0.0000e+0,0.0000e+0
0.01979,0.38125,1.6429e+0,0.0000e+0,0.0000e+0
0.02187,0.38125,1.6266e+0,0.0000e+0,0.0000e+0
0.02396,0.38125,1.6085e+0,0.0000e+0,0.0000e+0
0.02604,0.38125,1.5888e+0,0.0000e+0,0.0000e+0
0.02813,0.38125,1.5673e+0,0.0000e+0,0.0000e+0
0.03021,0.38125,1.5442e+0,0.0000e+0,0.0000e+0
0.03229,0.38125,1.5195e+0,0.0000e+0,0.0000e+0
0.03438,0.38125,1.4932e+0,0.0000e+0,0.0000e+0
0.03646,0.38125,1.4655e+0,0.0000e+0,0.0000e+0
0.03854,0.38125,1.4364e+0,0.0000e+0,0.0000e+0
0.04063,0.38125,1.4063e+0,0.0000e+0,0.0000e+0
0.04271,0.38125,1.3749e+0,0.0000e+0,0.0000e+0
0.04479,0.38125,1.3422e+0,0.0000e+0,0.0000e+0
0.04688,0.38125,1.3079e+0,0.0000e+0,0.0000e+0
0.04896,0.38125,1.2719e+0,0.0000e+0,0.0000e+0
0.05104,0.38125,1.2344e+0,0.0000e+0,0.0000e+0
0.05312,0.38125,1.1959e+0,0.0000e+0,0.0000e+0
0.05521,0.38125,1.1575e+0,0.0000e+0,0.0000e+0
0.05729,0.38125,1.1175e+0,0.0000e+0,0.0000e+0
0.05937,0.38125,1.0753e+0,0.0000e+0,0.0000e+0
0.06146,0.38125,1.0308e+0,0.0000e+0,0.0000e+0
0.06354,0.38125,9.8378e-1,0.0000e+0,0.0000e+0
0.06563,0.38125,9.3439e-1,0.0000e+0,0.0000e+0
0.06771,0.38125,8.8267e-1,0.0000e+0,0.0000e+0
0.06979,0.38125,8.2871e-1,0.0000e+0,0.0000e+0
0.07187,0.38125,7.7254e-1,0.0000e+0,0.0000e+0
0.07396,0.38125,7.1420e-1,0.0000e+0,0.0000e+0
0.07604,0.38125,6.5369e-1,0.0000e+0,0.0000e+0
0.07813,0.38125,5.9099e-1,1.9834e+10,0.0000e+0
0.08021,0.38125,5.2862e-1,1.3961e+11,0.0000e+0
0.08229,0.38125,4.7345e-1,3.4049e+10,0.0000e+0
0.08438,0.38125,4.1868e-1,2.5814e+10,0.0000e+0
0.08646,0.38125,3.6446e-1,0.0000e+0,0.0000e+0
0.08854,0.38125,3.0901e-1,0.0000e+0,0.0000e+0
0.09062,0.38125,2.5273e-1,0.0000e+0,0.0000e+0
0.09271,0.38125,1.9605e-1,0.0000e+0,0.0000e+0
0.09479,0.38125,1.3935e-1,0.0000e+0,0.0000e+0
0.09688,0.38125,8.3003e-2,0.0000e+0,0.0000e+0
0.09896,0.38125,2.7337e-2,0.0000e+0,0.0000e+0
0.00104,0.38542,1.3201e+0,0.0000e+0,0.0000e+0
0.00313,0.38542,1.3190e+0,0.0000e+0,0.0000e+0
0.00521,0.38542,1.3165e+0,0.0000e+0,0.0000e+0
0.00729,0.38542,1.3128e+0,0.0000e+0,0.0000e+0
0.00937,0.38542,1.3080e+0,0.0000e+0,0.0000e+0
0.01146,0.38542,1.3018e+0,0.0000e+0,0.0000e+0
0.01354,0.38542,1.2943e+0,0.0000e+0,0.0000e+0
0.01563,0.38542,1.2856e+0,0.0000e+0,0.0000e+0
0.01771,0.38542,1.2755e+0,0.0000e+0,0.0000e+0
0.01979,0.38542,1.2642e+0,0.0000e+0,0.0000e+0
0.02187,0.38542,1.2515e+0,0.0000e+0,0.0000e+0
0.02396,0.38542,1.2375e+0,0.0000e+0,0.0000e+0
0.02604,0.38542,1.2222e+0,0.0000e+0,0.0000e+0
0.02813,0.38542,1.2057e+0,0.0000e+0,0.0000e+0
0.03021,0.38542,1.1879e+0,0.0000e+0,0.0000e+0
0.03229,0.38542,1.1688e+0,0.0000e+0,0.0000e+0
0.03438,0.38542,1.1487e+0,0.0000e+0,0.0000e+0
0.03646,0.38542,1.1273e+0,0.0000e+0,0.0000e+0
0.03854,0.38542,1.1050e+0,0.0000e+0,0.0000e+0
0.04063,0.38542,1.0815e+0,0.0000e+0,0.0000e+0
0.04271,0.38542,1.0571e+0,0.0000e+0,0.0000e+0
0.04479,0.38542,1.0315e+0,0.0000e+0,0.0000e+0
0.04688,0.38542,1.0048e+0,0.0000e+0,0.0000e+0
0.04896,0.38542,9.7697e-1,0.0000e+0,0.0000e+0
0.05104,0.38542,9.4807e-1,0.0000e+0,0.0000e+0
0.05312,0.38542,9.1818e-1,0.0000e+0,0.0000e+0
0.05521,0.38542,8.8734e-1,0.0000e+0,0.0000e+0
0.05729,0.38542,8.5528e-1,0.0000e+0,0.0000e+0
0.05937,0.38542,8.2179e-1,0.0000e+0,0.0000e+0
0.06146,0.38542,7.8671e-1,0.0000e+0,0.0000e+0
0.06354,0.38542,7.4998e-1,0.0000e+0,0.0000e+0
0.06563,0.38542,7.1155e-1,0.0000e+0,0.0000e+0
0.06771,0.38542,6.7145e-1,0.0000e+0,0.0000e+0
0.06979,0.38542,6.2968e-1,0.0000e+0,0.0000e+0
0.07187,0.38542,5.8626e-1,0.0000e+0,0.0000e+0
0.07396,0.38542,5.4118e-1,0.0000e+0,0.0000e+0
0.07604,0.38542,4.9437e-1,0.0000e+0,0.0000e+0
0.07813,0.38542,4.4560e-1,1.5010e+10,0.0000e+0
0.08021,0.38542,3.9617e-1,1.0566e+11,0.0000e+0
0.08229,0.38542,3.5058e-1,1.1907e+11,0.0000e+0
0.08438,0.38542,3.0933e-1,9.0270e+10,0.0000e+0
0.08646,0.38542,2.7134e-1,0.0000e+0,0.0000e+0
0.08854,0.38542,2.3099e-1,0.0000e+0,0.0000e+0
0.09062,0.38542,1.8935e-1,0.0000e+0,0.0000e+0
0.09271,0.38542,1.4708e-1,0.0000e+0,0.0000e+0
0.09479,0.38542,1.0464e-1,0.0000e+0,0.0000e+0
0.09688,0.38542,6.2357e-2,0.0000e+0,0.0000e+0
0.09896,0.38542,2.0542e-2,0.0000e+0,0.0000e+0
0.00104,0.38958,9.3594e-1,0.0000e+0,0.0000e+0
0.00313,0.38958,9.3505e-1,0.0000e+0,0.0000e+0
0.00521,0.38958,9.3327e-1,0.0000e+0,0.0000e+0
0.00729,0.38958,9.3064e-1,0.0000e+0,0.0000e+0
0.00937,0.38958,9.2708e-1,0.0000e+0,0.0000e+0
0.01146,0.38958,9.2264e-1,0.0000e+0,0.0000e+0
0.01354,0.38958,9.1729e-1,0.0000e+0,0.0000e+0
0.01563,0.38958,9.1101e-1,0.0000e+0,0.0000e+0
0.01771,0.38958,9.0381e-1,0.0000e+0,0.0000e+0
0.01979,0.38958,8.9569e-1,0.0000e+0,0.0000e+0
0.02187,0.38958,8.8665e-1,0.0000e+0,0.0000e+0
0.02396,0.38958,8.7670e-1,0.0000e+0,0.0000e+0
0.02604,0.38958,8.6583e-1,0.0000e+0,0.0000e+0
0.02813,0.38958,8.5408e-1,0.0000e+0,0.0000e+0
0.03021,0.38958,8.4145e-1,0.0000e+0,0.0000e+0
0.03229,0.38958,8.2796e-1,0.0000e+0,0.0000e+0
0.03438,0.38958,8.1364e-1,0.0000e+0,0.0000e+0
0.03646,0.38958,7.9851e-1,0.0000e+0,0.0000e+0
0.03854,0.38958,7.8258e-1,0.0000e+0,0.0000e+0
0.04063,0.38958,7.6588e-1,0.0000e+0,0.0000e+0
0.04271,0.38958,7.4839e-1,0.0000e+0,0.0000e+0
0.04479,0.38958,7.3011e-1,0.0000e+0,0.0000e+0
0.04688,0.38958,7.1105e-1,0.0000e+0,0.0000e+0
0.04896,0.38958,6.9117e-1,0.0000e+0,0.0000e+0
0.05104,0.38958,6.7051e-1,0.0000e+0,0.0000e+0
0.05312,0.38958,6.4905e-1,0.0000e+0,0.0000e+0
0.05521,0.38958,6.2675e-1,0.0000e+0,0.0000e+0
0.05729,0.38958,6.0356e-1,0.0000e+0,0.0000e+0
0.05937,0.38958,5.7938e-1,0.0000e+0,0.0000e+0
0.06146,0.38958,5.5416e-1,0.0000e+0,0.0000e+0
0.06354,0.38958,5.2785e-1,0.0000e+0,0.0000e+0
0.06563,0.38958,5.0043e-1,0.0000e+0,0.0000e+0
0.06771,0.38958,4.7192e-1,0.0000e+0,0.0000e+0
0.06979,0.38958,4.4235e-1,0.0000e+0,0.0000e+0
0.07187,0.38958,4.1177e-1,0.0000e+0,0.0000e+0
0.07396,0.38958,3.8029e-1,0.0000e+0,0.0000e+0
0.07604,0.38958,3.4807e-1,0.0000e+0,0.0000e+0
0.07813,0.38958,3.1540e-1,0.0000e+0,0.0000e+0
0.08021,0.38958,2.8289e-1,0.0000e+0,0.0000e+0
0.08229,0.38958,2.5133e-1,0.0000e+0,0.0000e+0
0.08438,0.38958,2.2096e-1,0.0000e+0,0.0000e+0
0.08646,0.38958,1.9143e-1,0.0000e+0,0.0000e+0
0.08854,0.38958,1.6197e-1,0.0000e+0,0.0000e+0
0.09062,0.38958,1.3236e-1,0.0000e+0,0.0000e+0
0.09271,0.38958,1.0265e-1,0.0000e+0,0.0000e+0
0.09479,0.38958,7.2968e-2,0.0000e+0,0.0000e+0
0.09688,0.38958,4.3468e-2,0.0000e+0,0.0000e+0
0.09896,0.38958,1.4318e-2,0.0000e+0,0.0000e+0
0.00104,0.39375,5.5873e-1,0.0000e+0,0.0000e+0
0.00313,0.39375,5.5819e-1,0.0000e+0,0.0000e+0
0.00521,0.39375,5.5710e-1,0.0000e+0,0.0000e+0
0.00729,0.39375,5.5551e-1,0.0000e+0,0.0000e+0
0.00937,0.39375,5.5337e-1,0.0000e+0,0.0000e+0
0.01146,0.39375,5.5070e-1,0.0000e+0,0.0000e+0
0.01354,0.39375,5.4747e-1,0.0000e+0,0.0000e+0
0.01563,0.39375,5.4370e-1,0.0000e+0,0.0000e+0
0.01771,0.39375,5.3938e-1,0.0000e+0,0.0000e+0
0.01979,0.39375,5.3452e-1,0.0000e+0,0.0000e+0
0.02187,0.39375,5.2910e-1,0.0000e+0,0.0000e+0
0.02396,0.39375,5.2314e-1,0.0000e+0,0.0000e+0
0.02604,0.39375,5.1665e-1,0.0000e+0,0.0000e+0
0.02813,0.39375,5.0962e-1,0.0000e+0,0.0000e+0
0.03021,0.39375,5.0207e-1,0.0000e+0,0.0000e+0
0.03229,0.39375,4.9401e-1,0.0000e+0,0.0000e+0
0.03438,0.39375,4.8545e-1,0.0000e+0,0.0000e+0
0.03646,0.39375,4.7640e-1,0.0000e+0,0.0000e+0
0.03854,0.39375,4.6687e-1,0.0000e+0,0.0000e+0
0.04063,0.39375,4.5685e-1,0.0000e+0,0.0000e+0
0.04271,0.39375,4.4636e-1,0.0000e+0,0.0000e+0
0.04479,0.39375,4.3539e-1,0.0000e+0,0.0000e+0
0.04688,0.39375,4.2394e-1,0.0000e+0,0.0000e+0
0.04896,0.39375,4.1201e-1,0.0000e+0,0.0000e+0
0.05104,0.39375,3.9959e-1,0.0000e+0,0.0000e+0
0.05312,0.39375,3.8666e-1,0.0000e+0,0.0000e+0
0.05521,0.39375,3.7321e-1,0.0000e+0,0.0000e+0
0.05729,0.39375,3.5921e-1,0.0000e+0,0.0000e+0
0.05937,0.39375,3.4463e-1,0.0000e+0,0.0000e+0
0.06146,0.39375,3.2945e-1,0.0000e+0,0.0000e+0
0.06354,0.39375,3.1365e-1,0.0000e+0,0.0000e+0
0.06563,0.39375,2.9723e-1,0.0000e+0,0.0000e+0
0.06771,0.39375,2.8021e-1,0.0000e+0,0.0000e+0
0.06979,0.39375,2.6261e-1,0.0000e+0,0.0000e+0
0.07187,0.39375,2.4450e-1,0.0000e+0,0.0000e+0
0.07396,0.39375,2.2595e-1,0.0000e+0,0.0000e+0
0.07604,0.39375,2.0708e-1,0.0000e+0,0.0000e+0
0.07813,0.39375,1.8807e-1,0.0000e+0,0.0000e+0
0.08021,0.39375,1.6913e-1,0.0000e+0,0.0000e+0
0.08229,0.39375,1.5047e-1,0.0000e+0,0.0000e+0
0.08438,0.39375,1.3215e-1,0.0000e+0,0.0000e+0
0.08646,0.39375,1.1414e-1,0.0000e+0,0.0000e+0
0.08854,0.39375,9.6283e-2,0.0000e+0,0.0000e+0
0.09062,0.39375,7.8506e-2,0.0000e+0,0.0000e+0
0.09271,0.39375,6.0790e-2,0.0000e+0,0.0000e+0
0.09479,0.39375,4.3169e-2,0.0000e+0,0.0000e+0
0.09688,0.39375,2.5701e-2,0.0000e+0,0.0000e+0
0.09896,0.39375,8.4632e-3,0.0000e+0,0.0000e+0
0.00104,0.39792,1.8576e-1,0.0000e+0,0.0000e+0
0.00313,0.39792,1.8557e-1,0.0000e+0,0.0000e+0
0.00521,0.39792,1.8523e-1,0.0000e+0,0.0000e+0
0.00729,0.39792,1.8470e-1,0.0000e+0,0.0000e+0
0.00937,0.39792,1.8399e-1,0.0000e+0,0.0000e+0
0.01146,0.39792,1.8309e-1,0.0000e+0,0.0000e+0
0.01354,0.39792,1.8200e-1,0.0000e+0,0.0000e+0
0.01563,0.39792,1.8075e-1,0.0000e+0,0.0000e+0
0.01771,0.39792,1.7932e-1,0.0000e+0,0.0000e+0
0.01979,0.39792,1.7769e-1,0.0000e+0,0.0000e+0
0.02187,0.39792,1.7589e-1,0.0000e+0,0.0000e+0
0.02396,0.39792,1.7390e-1,0.0000e+0,0.0000e+0
0.02604,0.39792,1.7174e-1,0.0000e+0,0.0000e+0
0.02813,0.39792,1.6940e-1,0.0000e+0,0.0000e+0
0.03021,0.39792,1.6689e-1,0.0000e+0,0.0000e+0
0.03229,0.39792,1.6421e-1,0.0000e+0,0.0000e+0
0.03438,0.39792,1.6136e-1,0.0000e+0,0.0000e+0
0.03646,0.39792,1.5835e-1,0.0000e+0,0.0000e+0
0.03854,0.39792,1.5517e-1,0.0000e+0,0.0000e+0
0.04063,0.39792,1.5184e-1,0.0000e+0,0.0000e+0
0.04271,0.39792,1.4834e-1,0.0000e+0,0.0000e+0
0.04479,0.39792,1.4468e-1,0.0000e+0,0.0000e+0
0.04688,0.39792,1.4087e-1,0.0000e+0,0.0000e+0
0.04896,0.39792,1.3689e-1,0.0000e+0,0.0000e+0
0.05104,0.39792,1.3274e-1,0.0000e+0,0.0000e+0
0.05312,0.39792,1.2842e-1,0.0000e+0,0.0000e+0
0.05521,0.39792,1.2393e-1,0.0000e+0,0.0000e+0
0.05729,0.39792,1.1925e-1,0.0000e+0,0.0000e+0
0.05937,0.39792,1.1438e-1,0.0000e+0,0.0000e+0
0.06146,0.39792,1.0932e-1,0.0000e+0,0.0000e+0
0.06354,0.39792,1.0405e-1,0.0000e+0,0.0000e+0
0.06563,0.39792,9.8587e-2,0.0000e+0,0.0000e+0
0.06771,0.39792,9.2928e-2,0.0000e+0,0.0000e+0
0.06979,0.39792,8.7089e-2,0.0000e+0,0.0000e+0
0.07187,0.39792,8.1091e-2,0.0000e+0,0.0000e+0
0.07396,0.39792,7.4963e-2,0.0000e+0,0.0000e+0
0.07604,0.39792,6.8745e-2,0.0000e+0,0.0000e+0
0.07813,0.39792,6.2487e-2,0.0000e+0,0.0000e+0
0.08021,0.39792,5.6243e-2,0.0000e+0,0.0000e+0
0.08229,0.39792,5.0057e-2,0.0000e+0,0.0000e+0
0.08438,0.39792,4.3954e-2,0.0000e+0,0.0000e+0
0.08646,0.39792,3.7930e-2,0.0000e+0,0.0000e+0
0.08854,0.39792,3.1962e-2,0.0000e+0,0.0000e+0
0.09062,0.39792,2.6036e-2,0.0000e+0,0.0000e+0
0.09271,0.39792,2.0146e-2,0.0000e+0,0.0000e+0
0.09479,0.39792,1.4298e-2,0.0000e+0,0.0000e+0
0.09688,0.39792,8.5097e-3,0.0000e+0,0.0000e+0
0.09896,0.39792,2.8016e-3,0.0000e+0,0.0000e+0