r_m,z_m,phi_V,ne_m3,ni_m3
0.00104,0.00208,1.5830e-1,0.0000e+0,0.0000e+0
0.00313,0.00208,1.5819e-1,0.0000e+0,0.0000e+0
0.00521,0.00208,1.5794e-1,0.0000e+0,0.0000e+0
0.00729,0.00208,1.5757e-1,0.0000e+0,0.0000e+0
0.00937,0.00208,1.5710e-1,0.0000e+0,0.0000e+0
0.01146,0.00208,1.5649e-1,0.0000e+0,0.0000e+0
0.01354,0.00208,1.5568e-1,0.0000e+0,0.0000e+0
0.01563,0.00208,1.5478e-1,0.0000e+0,0.0000e+0
0.01771,0.00208,1.5372e-1,0.0000e+0,0.0000e+0
0.01979,0.00208,1.5259e-1,0.0000e+0,0.0000e+0
0.02187,0.00208,1.5133e-1,0.0000e+0,0.0000e+0
0.02396,0.00208,1.5001e-1,0.0000e+0,0.0000e+0
0.02604,0.00208,1.4848e-1,0.0000e+0,0.0000e+0
0.02813,0.00208,1.4686e-1,0.0000e+0,0.0000e+0
0.03021,0.00208,1.4519e-1,0.0000e+0,0.0000e+0
0.03229,0.00208,1.4342e-1,0.0000e+0,0.0000e+0
0.03438,0.00208,1.4148e-1,0.0000e+0,0.0000e+0
0.03646,0.00208,1.3942e-1,0.0000e+0,0.0000e+0
0.03854,0.00208,1.3723e-1,0.0000e+0,0.0000e+0
0.04063,0.00208,1.3487e-1,0.0000e+0,0.0000e+0
0.04271,0.00208,1.3234e-1,0.0000e+0,0.0000e+0
0.04479,0.00208,1.2967e-1,0.0000e+0,0.0000e+0
0.04688,0.00208,1.2684e-1,0.0000e+0,0.0000e+0
0.04896,0.00208,1.2381e-1,0.0000e+0,0.0000e+0
0.05104,0.00208,1.2057e-1,0.0000e+0,0.0000e+0
0.05312,0.00208,1.1714e-1,0.0000e+0,0.0000e+0
0.05521,0.00208,1.1349e-1,0.0000e+0,0.0000e+0
0.05729,0.00208,1.0964e-1,0.0000e+0,0.0000e+0
0.05937,0.00208,1.0554e-1,0.0000e+0,0.0000e+0
0.06146,0.00208,1.0119e-1,0.0000e+0,0.0000e+0
0.06354,0.00208,9.6581e-2,0.0000e+0,0.0000e+0
0.06563,0.00208,9.1670e-2,0.0000e+0,0.0000e+0
0.06771,0.00208,8.6457e-2,0.0000e+0,0.0000e+0
0.06979,0.00208,8.0890e-2,0.0000e+0,0.0000e+0
0.07187,0.00208,7.4953e-2,0.0000e+0,0.0000e+0
0.07396,0.00208,6.8676e-2,0.0000e+0,0.0000e+0
0.07604,0.00208,6.2383e-2,3.1254e+9,0.0000e+0
0.07813,0.00208,5.7149e-2,1.0244e+9,0.0000e+0
0.08021,0.00208,5.2407e-2,0.0000e+0,0.0000e+0
0.08229,0.00208,4.7509e-2,0.0000e+0,0.0000e+0
0.08438,0.00208,4.2339e-2,0.0000e+0,0.0000e+0
0.08646,0.00208,3.6926e-2,0.0000e+0,0.0000e+0
0.08854,0.00208,3.1342e-2,0.0000e+0,0.0000e+0
0.09062,0.00208,2.5648e-2,0.0000e+0,0.0000e+0
0.09271,0.00208,1.9905e-2,0.0000e+0,0.0000e+0
0.09479,0.00208,1.4157e-2,0.0000e+0,0.0000e+0
0.09688,0.00208,8.4378e-3,0.0000e+0,0.0000e+0
0.09896,0.00208,2.7805e-3,0.0000e+0,0.0000e+0
0.00104,0.00625,4.7634e-1,0.0000e+0,0.0000e+0
0.00313,0.00625,4.7592e-1,0.0000e+0,0.0000e+0
0.00521,0.00625,4.7515e-1,0.0000e+0,0.0000e+0
0.00729,0.00625,4.7400e-1,0.0000e+0,0.0000e+0
0.00937,0.00625,4.7240e-1,0.0000e+0,0.0000e+0
0.01146,0.00625,4.7040e-1,0.0000e+0,0.0000e+0
0.01354,0.00625,4.6799e-1,0.0000e+0,0.0000e+0
0.01563,0.00625,4.6527e-1,0.0000e+0,0.0000e+0
0.01771,0.00625,4.6213e-1,0.0000e+0,0.0000e+0
0.01979,0.00625,4.5868e-1,0.0000e+0,0.0000e+0
0.02187,0.00625,4.5491e-1,0.0000e+0,0.0000e+0
0.02396,0.00625,4.5079e-1,0.0000e+0,0.0000e+0
0.02604,0.00625,4.4635e-1,0.0000e+0,0.0000e+0
0.02813,0.00625,4.4161e-1,0.0000e+0,0.0000e+0
0.03021,0.00625,4.3658e-1,0.0000e+0,0.0000e+0
0.03229,0.00625,4.3121e-1,0.0000e+0,0.0000e+0
0.03438,0.00625,4.2548e-1,0.0000e+0,0.0000e+0
0.03646,0.00625,4.1933e-1,0.0000e+0,0.0000e+0
0.03854,0.00625,4.1273e-1,0.0000e+0,0.0000e+0
0.04063,0.00625,4.0569e-1,0.0000e+0,0.0000e+0
0.04271,0.00625,3.9821e-1,0.0000e+0,0.0000e+0
0.04479,0.00625,3.9023e-1,0.0000e+0,0.0000e+0
0.04688,0.00625,3.8174e-1,0.0000e+0,0.0000e+0
0.04896,0.00625,3.7271e-1,0.0000e+0,0.0000e+0
0.05104,0.00625,3.6308e-1,0.0000e+0,0.0000e+0
0.05312,0.00625,3.5282e-1,0.0000e+0,0.0000e+0
0.05521,0.00625,3.4195e-1,0.0000e+0,0.0000e+0
0.05729,0.00625,3.3042e-1,0.0000e+0,0.0000e+0
0.05937,0.00625,3.1818e-1,0.0000e+0,0.0000e+0
0.06146,0.00625,3.0523e-1,0.0000e+0,0.0000e+0
0.06354,0.00625,2.9148e-1,0.0000e+0,0.0000e+0
0.06563,0.00625,2.7692e-1,0.0000e+0,0.0000e+0
0.06771,0.00625,2.6143e-1,0.0000e+0,0.0000e+0
0.06979,0.00625,2.4485e-1,0.0000e+0,0.0000e+0
0.07187,0.00625,2.2686e-1,0.0000e+0,0.0000e+0
0.07396,0.00625,2.0685e-1,0.0000e+0,0.0000e+0
0.07604,0.00625,1.8354e-1,2.1719e+11,0.0000e+0
0.07813,0.00625,1.7002e-1,7.1189e+10,0.0000e+0
0.08021,0.00625,1.5837e-1,0.0000e+0,0.0000e+0
0.08229,0.00625,1.4414e-1,0.0000e+0,0.0000e+0
0.08438,0.00625,1.2848e-1,0.0000e+0,0.0000e+0
0.08646,0.00625,1.1198e-1,0.0000e+0,0.0000e+0
0.08854,0.00625,9.4989e-2,0.0000e+0,0.0000e+0
0.09062,0.00625,7.7701e-2,0.0000e+0,0.0000e+0
0.09271,0.00625,6.0281e-2,0.0000e+0,0.0000e+0
0.09479,0.00625,4.2855e-2,0.0000e+0,0.0000e+0
0.09688,0.00625,2.5532e-2,0.0000e+0,0.0000e+0
0.09896,0.00625,8.4107e-3,0.0000e+0,0.0000e+0
0.00104,0.01042,7.9780e-1,0.0000e+0,0.0000e+0
0.00313,0.01042,7.9712e-1,0.0000e+0,0.0000e+0
0.00521,0.01042,7.9575e-1,0.0000e+0,0.0000e+0
0.00729,0.01042,7.9370e-1,0.0000e+0,0.0000e+0
0.00937,0.01042,7.9093e-1,0.0000e+0,0.0000e+0
0.01146,0.01042,7.8754e-1,0.0000e+0,0.0000e+0
0.01354,0.01042,7.8342e-1,0.0000e+0,0.0000e+0
0.01563,0.01042,7.7872e-1,0.0000e+0,0.0000e+0
0.01771,0.01042,7.7342e-1,0.0000e+0,0.0000e+0
0.01979,0.01042,7.6758e-1,0.0000e+0,0.0000e+0
0.02187,0.01042,7.6121e-1,0.0000e+0,0.0000e+0
0.02396,0.01042,7.5438e-1,0.0000e+0,0.0000e+0
0.02604,0.01042,7.4702e-1,0.0000e+0,0.0000e+0
0.02813,0.01042,7.3917e-1,0.0000e+0,0.0000e+0
0.03021,0.01042,7.3083e-1,0.0000e+0,0.0000e+0
0.03229,0.01042,7.2197e-1,0.0000e+0,0.0000e+0
0.03438,0.01042,7.1245e-1,0.0000e+0,0.0000e+0
0.03646,0.01042,7.0228e-1,0.0000e+0,0.0000e+0
0.03854,0.01042,6.9144e-1,0.0000e+0,0.0000e+0
0.04063,0.01042,6.7989e-1,0.0000e+0,0.0000e+0
0.04271,0.01042,6.6756e-1,0.0000e+0,0.0000e+0
0.04479,0.01042,6.5441e-1,0.0000e+0,0.0000e+0
0.04688,0.01042,6.4041e-1,0.0000e+0,0.0000e+0
0.04896,0.01042,6.2550e-1,0.0000e+0,0.0000e+0
0.05104,0.01042,6.0961e-1,0.0000e+0,0.0000e+0
0.05312,0.01042,5.9272e-1,0.0000e+0,0.0000e+0
0.05521,0.01042,5.7477e-1,0.0000e+0,0.0000e+0
0.05729,0.01042,5.5571e-1,0.0000e+0,0.0000e+0
0.05937,0.01042,5.3550e-1,0.0000e+0,0.0000e+0
0.06146,0.01042,5.1414e-1,0.0000e+0,0.0000e+0
0.06354,0.01042,4.9157e-1,0.0000e+0,0.0000e+0
0.06563,0.01042,4.6779e-1,0.0000e+0,0.0000e+0
0.06771,0.01042,4.4277e-1,0.0000e+0,0.0000e+0
0.06979,0.01042,4.1653e-1,0.0000e+0,0.0000e+0
0.07187,0.01042,3.8911e-1,0.0000e+0,0.0000e+0
0.07396,0.01042,3.6068e-1,0.0000e+0,0.0000e+0
0.07604,0.01042,3.3175e-1,0.0000e+0,0.0000e+0
0.07813,0.01042,3.0373e-1,0.0000e+0,0.0000e+0
0.08021,0.01042,2.7605e-1,0.0000e+0,0.0000e+0
0.08229,0.01042,2.4802e-1,0.0000e+0,0.0000e+0
0.08438,0.01042,2.1956e-1,0.0000e+0,0.0000e+0
0.08646,0.01042,1.9066e-1,0.0000e+0,0.0000e+0
0.08854,0.01042,1.6139e-1,0.0000e+0,0.0000e+0
0.09062,0.01042,1.3188e-1,0.0000e+0,0.0000e+0
0.09271,0.01042,1.0226e-1,0.0000e+0,0.0000e+0
0.09479,0.01042,7.2671e-2,0.0000e+0,0.0000e+0
0.09688,0.01042,4.3283e-2,0.0000e+0,0.0000e+0
0.09896,0.01042,1.4257e-2,0.0000e+0,0.0000e+0
0.00104,0.01458,1.1250e+0,0.0000e+0,0.0000e+0
0.00313,0.01458,1.1240e+0,0.0000e+0,0.0000e+0
0.00521,0.01458,1.1220e+0,0.0000e+0,0.0000e+0
0.00729,0.01458,1.1190e+0,0.0000e+0,0.0000e+0
0.00937,0.01458,1.1150e+0,0.0000e+0,0.0000e+0
0.01146,0.01458,1.1100e+0,0.0000e+0,0.0000e+0
0.01354,0.01458,1.1040e+0,0.0000e+0,0.0000e+0
0.01563,0.01458,1.0972e+0,0.0000e+0,0.0000e+0
0.01771,0.01458,1.0895e+0,0.0000e+0,0.0000e+0
0.01979,0.01458,1.0811e+0,0.0000e+0,0.0000e+0
0.02187,0.01458,1.0721e+0,0.0000e+0,0.0000e+0
0.02396,0.01458,1.0624e+0,0.0000e+0,0.0000e+0
0.02604,0.01458,1.0521e+0,0.0000e+0,0.0000e+0
0.02813,0.01458,1.0412e+0,0.0000e+0,0.0000e+0
0.03021,0.01458,1.0296e+0,0.0000e+0,0.0000e+0
0.03229,0.01458,1.0174e+0,0.0000e+0,0.0000e+0
0.03438,0.01458,1.0043e+0,0.0000e+0,0.0000e+0
0.03646,0.01458,9.9042e-1,0.0000e+0,0.0000e+0
0.03854,0.01458,9.7554e-1,0.0000e+0,0.0000e+0
0.04063,0.01458,9.5965e-1,0.0000e+0,0.0000e+0
0.04271,0.01458,9.4268e-1,0.0000e+0,0.0000e+0
0.04479,0.01458,9.2459e-1,0.0000e+0,0.0000e+0
0.04688,0.01458,9.0531e-1,0.0000e+0,0.0000e+0
0.04896,0.01458,8.8476e-1,0.0000e+0,0.0000e+0
0.05104,0.01458,8.6288e-1,0.0000e+0,0.0000e+0
0.05312,0.01458,8.3957e-1,0.0000e+0,0.0000e+0
0.05521,0.01458,8.1475e-1,0.0000e+0,0.0000e+0
0.05729,0.01458,7.8838e-1,0.0000e+0,0.0000e+0
0.05937,0.01458,7.6041e-1,0.0000e+0,0.0000e+0
0.06146,0.01458,7.3081e-1,0.0000e+0,0.0000e+0
0.06354,0.01458,6.9957e-1,0.0000e+0,0.0000e+0
0.06563,0.01458,6.6669e-1,0.0000e+0,0.0000e+0
0.06771,0.01458,6.3219e-1,0.0000e+0,0.0000e+0
0.06979,0.01458,5.9613e-1,0.0000e+0,0.0000e+0
0.07187,0.01458,5.5859e-1,0.0000e+0,0.0000e+0
0.07396,0.01458,5.1975e-1,0.0000e+0,0.0000e+0
0.07604,0.01458,4.7986e-1,0.0000e+0,0.0000e+0
0.07813,0.01458,4.3922e-1,0.0000e+0,0.0000e+0
0.08021,0.01458,3.9802e-1,0.0000e+0,0.0000e+0
0.08229,0.01458,3.5649e-1,0.0000e+0,0.0000e+0
0.08438,0.01458,3.1515e-1,0.0000e+0,0.0000e+0
0.08646,0.01458,2.7354e-1,0.0000e+0,0.0000e+0
0.08854,0.01458,2.3155e-1,0.0000e+0,0.0000e+0
0.09062,0.01458,1.8922e-1,0.0000e+0,0.0000e+0
0.09271,0.01458,1.4673e-1,0.0000e+0,0.0000e+0
0.09479,0.01458,1.0429e-1,0.0000e+0,0.0000e+0
0.09688,0.01458,6.2121e-2,0.0000e+0,0.0000e+0
0.09896,0.01458,2.0461e-2,0.0000e+0,0.0000e+0
0.00104,0.01875,1.4603e+0,0.0000e+0,0.0000e+0
0.00313,0.01875,1.4590e+0,0.0000e+0,0.0000e+0
0.00521,0.01875,1.4563e+0,0.0000e+0,0.0000e+0
0.00729,0.01875,1.4523e+0,0.0000e+0,0.0000e+0
0.00937,0.01875,1.4469e+0,0.0000e+0,0.0000e+0
0.01146,0.01875,1.4401e+0,0.0000e+0,0.0000e+0
0.01354,0.01875,1.4321e+0,0.0000e+0,0.0000e+0
0.01563,0.01875,1.4228e+0,0.0000e+0,0.0000e+0
0.01771,0.01875,1.4124e+0,0.0000e+0,0.0000e+0
0.01979,0.01875,1.4011e+0,0.0000e+0,0.0000e+0
0.02187,0.01875,1.3889e+0,0.0000e+0,0.0000e+0
0.02396,0.01875,1.3762e+0,0.0000e+0,0.0000e+0
0.02604,0.01875,1.3630e+0,0.0000e+0,0.0000e+0
0.02813,0.01875,1.3491e+0,0.0000e+0,0.0000e+0
0.03021,0.01875,1.3346e+0,0.0000e+0,0.0000e+0
0.03229,0.01875,1.3193e+0,0.0000e+0,0.0000e+0
0.03438,0.01875,1.3030e+0,0.0000e+0,0.0000e+0
0.03646,0.01875,1.2856e+0,0.0000e+0,0.0000e+0
0.03854,0.01875,1.2670e+0,0.0000e+0,0.0000e+0
0.04063,0.01875,1.2471e+0,0.0000e+0,0.0000e+0
0.04271,0.01875,1.2257e+0,0.0000e+0,0.0000e+0
0.04479,0.01875,1.2030e+0,0.0000e+0,0.0000e+0
0.04688,0.01875,1.1788e+0,0.0000e+0,0.0000e+0
0.04896,0.01875,1.1530e+0,0.0000e+0,0.0000e+0
0.05104,0.01875,1.1255e+0,0.0000e+0,0.0000e+0
0.05312,0.01875,1.0961e+0,0.0000e+0,0.0000e+0
0.05521,0.01875,1.0648e+0,0.0000e+0,0.0000e+0
0.05729,0.01875,1.0314e+0,0.0000e+0,0.0000e+0
0.05937,0.01875,9.9587e-1,0.0000e+0,0.0000e+0
0.06146,0.01875,9.5820e-1,0.0000e+0,0.0000e+0
0.06354,0.01875,9.1836e-1,0.0000e+0,0.0000e+0
0.06563,0.01875,8.7637e-1,0.0000e+0,0.0000e+0
0.06771,0.01875,8.3225e-1,0.0000e+0,0.0000e+0
0.06979,0.01875,7.8602e-1,0.0000e+0,0.0000e+0
0.07187,0.01875,7.3775e-1,0.0000e+0,0.0000e+0
0.07396,0.01875,6.8749e-1,0.0000e+0,0.0000e+0
0.07604,0.01875,6.3533e-1,0.0000e+0,0.0000e+0
0.07813,0.01875,5.8136e-1,0.0000e+0,0.0000e+0
0.08021,0.01875,5.2558e-1,3.6357e+9,0.0000e+0
0.08229,0.01875,4.6828e-1,8.7688e+10,0.0000e+0
0.08438,0.01875,4.1594e-1,0.0000e+0,0.0000e+0
0.08646,0.01875,3.6204e-1,0.0000e+0,0.0000e+0
0.08854,0.01875,3.0697e-1,0.0000e+0,0.0000e+0
0.09062,0.01875,2.5111e-1,0.0000e+0,0.0000e+0
0.09271,0.01875,1.9484e-1,0.0000e+0,0.0000e+0
0.09479,0.01875,1.3853e-1,0.0000e+0,0.0000e+0
0.09688,0.01875,8.2533e-2,0.0000e+0,0.0000e+0
0.09896,0.01875,2.7184e-2,0.0000e+0,0.0000e+0
0.00104,0.02292,1.8062e+0,0.0000e+0,0.0000e+0
0.00313,0.02292,1.8046e+0,0.0000e+0,0.0000e+0
0.00521,0.02292,1.8013e+0,0.0000e+0,0.0000e+0
0.00729,0.02292,1.7964e+0,0.0000e+0,0.0000e+0
0.00937,0.02292,1.7896e+0,0.0000e+0,0.0000e+0
0.01146,0.02292,1.7810e+0,0.0000e+0,0.0000e+0
0.01354,0.02292,1.7705e+0,0.0000e+0,0.0000e+0
0.01563,0.02292,1.7583e+0,0.0000e+0,0.0000e+0
0.01771,0.02292,1.7443e+0,0.0000e+0,0.0000e+0
0.01979,0.02292,1.7288e+0,0.0000e+0,0.0000e+0
0.02187,0.02292,1.7127e+0,0.0000e+0,0.0000e+0
0.02396,0.02292,1.6966e+0,0.0000e+0,0.0000e+0
0.02604,0.02292,1.6805e+0,0.0000e+0,0.0000e+0
0.02813,0.02292,1.6639e+0,0.0000e+0,0.0000e+0
0.03021,0.02292,1.6468e+0,0.0000e+0,0.0000e+0
0.03229,0.02292,1.6289e+0,0.0000e+0,0.0000e+0
0.03438,0.02292,1.6100e+0,0.0000e+0,0.0000e+0
0.03646,0.02292,1.5898e+0,0.0000e+0,0.0000e+0
0.03854,0.02292,1.5679e+0,0.0000e+0,0.0000e+0
0.04063,0.02292,1.5442e+0,0.0000e+0,0.0000e+0
0.04271,0.02292,1.5187e+0,0.0000e+0,0.0000e+0
0.04479,0.02292,1.4915e+0,0.0000e+0,0.0000e+0
0.04688,0.02292,1.4629e+0,0.0000e+0,0.0000e+0
0.04896,0.02292,1.4326e+0,0.0000e+0,0.0000e+0
0.05104,0.02292,1.4002e+0,0.0000e+0,0.0000e+0
0.05312,0.02292,1.3654e+0,0.0000e+0,0.0000e+0
0.05521,0.02292,1.3280e+0,0.0000e+0,0.0000e+0
0.05729,0.02292,1.2879e+0,0.0000e+0,0.0000e+0
0.05937,0.02292,1.2451e+0,0.0000e+0,0.0000e+0
0.06146,0.02292,1.1995e+0,0.0000e+0,0.0000e+0
0.06354,0.02292,1.1512e+0,0.0000e+0,0.0000e+0
0.06563,0.02292,1.1001e+0,0.0000e+0,0.0000e+0
0.06771,0.02292,1.0462e+0,0.0000e+0,0.0000e+0
0.06979,0.02292,9.8973e-1,0.0000e+0,0.0000e+0
0.07187,0.02292,9.3048e-1,0.0000e+0,0.0000e+0
0.07396,0.02292,8.6854e-1,0.0000e+0,0.0000e+0
0.07604,0.02292,8.0391e-1,0.0000e+0,0.0000e+0
0.07813,0.02292,7.3651e-1,0.0000e+0,0.0000e+0
0.08021,0.02292,6.6615e-1,7.2094e+9,0.0000e+0
0.08229,0.02292,5.9280e-1,1.7388e+11,0.0000e+0
0.08438,0.02292,5.2822e-1,0.0000e+0,0.0000e+0
0.08646,0.02292,4.6048e-1,0.0000e+0,0.0000e+0
0.08854,0.02292,3.9074e-1,0.0000e+0,0.0000e+0
0.09062,0.02292,3.1978e-1,0.0000e+0,0.0000e+0
0.09271,0.02292,2.4818e-1,0.0000e+0,0.0000e+0
0.09479,0.02292,1.7648e-1,0.0000e+0,0.0000e+0
0.09688,0.02292,1.0515e-1,0.0000e+0,0.0000e+0
0.09896,0.02292,3.4636e-2,0.0000e+0,0.0000e+0
0.00104,0.02708,2.1648e+0,0.0000e+0,0.0000e+0
0.00313,0.02708,2.1631e+0,0.0000e+0,0.0000e+0
0.00521,0.02708,2.1595e+0,0.0000e+0,0.0000e+0
0.00729,0.02708,2.1538e+0,0.0000e+0,0.0000e+0
0.00937,0.02708,2.1460e+0,0.0000e+0,0.0000e+0
0.01146,0.02708,2.1359e+0,0.0000e+0,0.0000e+0
0.01354,0.02708,2.1232e+0,0.0000e+0,0.0000e+0
0.01563,0.02708,2.1075e+0,0.0000e+0,0.0000e+0
0.01771,0.02708,2.0887e+0,0.0000e+0,0.0000e+0
0.01979,0.02708,2.0667e+0,0.0000e+0,0.0000e+0
0.02187,0.02708,2.0421e+0,4.7510e+10,0.0000e+0
0.02396,0.02708,2.0222e+0,3.2616e+10,0.0000e+0
0.02604,0.02708,2.0053e+0,0.0000e+0,0.0000e+0
0.02813,0.02708,1.9863e+0,0.0000e+0,0.0000e+0
0.03021,0.02708,1.9668e+0,0.0000e+0,0.0000e+0
0.03229,0.02708,1.9476e+0,0.0000e+0,0.0000e+0
0.03438,0.02708,1.9271e+0,0.0000e+0,0.0000e+0
0.03646,0.02708,1.9053e+0,0.0000e+0,0.0000e+0
0.03854,0.02708,1.8809e+0,0.0000e+0,0.0000e+0
0.04063,0.02708,1.8537e+0,0.0000e+0,0.0000e+0
0.04271,0.02708,1.8236e+0,0.0000e+0,0.0000e+0
0.04479,0.02708,1.7912e+0,1.7163e+10,0.0000e+0
0.04688,0.02708,1.7590e+0,1.1662e+10,0.0000e+0
0.04896,0.02708,1.7259e+0,0.0000e+0,0.0000e+0
0.05104,0.02708,1.6899e+0,0.0000e+0,0.0000e+0
0.05312,0.02708,1.6507e+0,0.0000e+0,0.0000e+0
0.05521,0.02708,1.6078e+0,0.0000e+0,0.0000e+0
0.05729,0.02708,1.5615e+0,0.0000e+0,0.0000e+0
0.05937,0.02708,1.5116e+0,0.0000e+0,0.0000e+0
0.06146,0.02708,1.4583e+0,0.0000e+0,0.0000e+0
0.06354,0.02708,1.4015e+0,0.0000e+0,0.0000e+0
0.06563,0.02708,1.3413e+0,0.0000e+0,0.0000e+0
0.06771,0.02708,1.2779e+0,0.0000e+0,0.0000e+0
0.06979,0.02708,1.2111e+0,0.0000e+0,0.0000e+0
0.07187,0.02708,1.1410e+0,0.0000e+0,0.0000e+0
0.07396,0.02708,1.0675e+0,0.0000e+0,0.0000e+0
0.07604,0.02708,9.9072e-1,0.0000e+0,0.0000e+0
0.07813,0.02708,9.1091e-1,0.0000e+0,0.0000e+0
0.08021,0.02708,8.2857e-1,0.0000e+0,0.0000e+0
0.08229,0.02708,7.4440e-1,0.0000e+0,0.0000e+0
0.08438,0.02708,6.5963e-1,0.0000e+0,0.0000e+0
0.08646,0.02708,5.7354e-1,0.0000e+0,0.0000e+0
0.08854,0.02708,4.8607e-1,0.0000e+0,0.0000e+0
0.09062,0.02708,3.9752e-1,0.0000e+0,0.0000e+0
0.09271,0.02708,3.0839e-1,0.0000e+0,0.0000e+0
0.09479,0.02708,2.1922e-1,0.0000e+0,0.0000e+0
0.09688,0.02708,1.3058e-1,0.0000e+0,0.0000e+0
0.09896,0.02708,4.3008e-2,0.0000e+0,0.0000e+0
0.00104,0.03125,2.5373e+0,0.0000e+0,0.0000e+0
0.00313,0.03125,2.5358e+0,0.0000e+0,0.0000e+0
0.00521,0.03125,2.5326e+0,0.0000e+0,0.0000e+0
0.00729,0.03125,2.5275e+0,0.0000e+0,0.0000e+0
0.00937,0.03125,2.5202e+0,0.0000e+0,0.0000e+0
0.01146,0.03125,2.5100e+0,0.0000e+0,0.0000e+0
0.01354,0.03125,2.4965e+0,0.0000e+0,0.0000e+0
0.01563,0.03125,2.4787e+0,0.0000e+0,0.0000e+0
0.01771,0.03125,2.4555e+0,0.0000e+0,0.0000e+0
0.01979,0.03125,2.4245e+0,0.0000e+0,0.0000e+0
0.02187,0.03125,2.3821e+0,5.3687e+11,0.0000e+0
0.02396,0.03125,2.3583e+0,3.6857e+11,0.0000e+0
0.02604,0.03125,2.3445e+0,0.0000e+0,0.0000e+0
0.02813,0.03125,2.3160e+0,1.9365e+11,0.0000e+0
0.03021,0.03125,2.2906e+0,3.6392e+11,0.0000e+0
0.03229,0.03125,2.2766e+0,2.5998e+10,0.0000e+0
0.03438,0.03125,2.2547e+0,1.1997e+11,0.0000e+0
0.03646,0.03125,2.2361e+0,0.0000e+0,0.0000e+0
0.03854,0.03125,2.2112e+0,0.0000e+0,0.0000e+0
0.04063,0.03125,2.1804e+0,0.0000e+0,0.0000e+0
0.04271,0.03125,2.1435e+0,0.0000e+0,0.0000e+0
0.04479,0.03125,2.0993e+0,2.7504e+11,0.0000e+0
0.04688,0.03125,2.0660e+0,1.8688e+11,0.0000e+0
0.04896,0.03125,2.0364e+0,0.0000e+0,0.0000e+0
0.05104,0.03125,1.9994e+0,0.0000e+0,0.0000e+0
0.05312,0.03125,1.9567e+0,0.0000e+0,0.0000e+0
0.05521,0.03125,1.9087e+0,0.0000e+0,0.0000e+0
0.05729,0.03125,1.8561e+0,0.0000e+0,0.0000e+0
0.05937,0.03125,1.7992e+0,0.0000e+0,0.0000e+0
0.06146,0.03125,1.7382e+0,0.0000e+0,0.0000e+0
0.06354,0.03125,1.6729e+0,0.0000e+0,0.0000e+0
0.06563,0.03125,1.6035e+0,0.0000e+0,0.0000e+0
0.06771,0.03125,1.5305e+0,0.0000e+0,0.0000e+0
0.06979,0.03125,1.4543e+0,0.0000e+0,0.0000e+0
0.07187,0.03125,1.3736e+0,0.0000e+0,0.0000e+0
0.07396,0.03125,1.2881e+0,0.0000e+0,0.0000e+0
0.07604,0.03125,1.1981e+0,0.0000e+0,0.0000e+0
0.07813,0.03125,1.1042e+0,0.0000e+0,0.0000e+0
0.08021,0.03125,1.0069e+0,0.0000e+0,0.0000e+0
0.08229,0.03125,9.0697e-1,0.0000e+0,0.0000e+0
0.08438,0.03125,8.0478e-1,0.0000e+0,0.0000e+0
0.08646,0.03125,7.0049e-1,0.0000e+0,0.0000e+0
0.08854,0.03125,5.9403e-1,0.0000e+0,0.0000e+0
0.09062,0.03125,4.8581e-1,0.0000e+0,0.0000e+0
0.09271,0.03125,3.7671e-1,0.0000e+0,0.0000e+0
0.09479,0.03125,2.6764e-1,0.0000e+0,0.0000e+0
0.09688,0.03125,1.5935e-1,0.0000e+0,0.0000e+0
0.09896,0.03125,5.2472e-2,0.0000e+0,0.0000e+0
0.00104,0.03542,2.9214e+0,0.0000e+0,0.0000e+0
0.00313,0.03542,2.9211e+0,0.0000e+0,0.0000e+0
0.00521,0.03542,2.9200e+0,0.0000e+0,0.0000e+0
0.00729,0.03542,2.9176e+0,0.0000e+0,0.0000e+0
0.00937,0.03542,2.9130e+0,0.0000e+0,0.0000e+0
0.01146,0.03542,2.9058e+0,0.0000e+0,0.0000e+0
0.01354,0.03542,2.8957e+0,0.0000e+0,0.0000e+0
0.01563,0.03542,2.8827e+0,0.0000e+0,0.0000e+0
0.01771,0.03542,2.8663e+0,0.0000e+0,0.0000e+0
0.01979,0.03542,2.8435e+0,0.0000e+0,0.0000e+0
0.02187,0.03542,2.8126e+0,0.0000e+0,0.0000e+0
0.02396,0.03542,2.7808e+0,0.0000e+0,0.0000e+0
0.02604,0.03542,2.7485e+0,0.0000e+0,0.0000e+0
0.02813,0.03542,2.7131e+0,7.0145e+10,0.0000e+0
0.03021,0.03542,2.6796e+0,1.3182e+11,0.0000e+0
0.03229,0.03542,2.6488e+0,9.1301e+10,0.0000e+0
0.03438,0.03542,2.6133e+0,4.2132e+11,0.0000e+0
0.03646,0.03542,2.5973e+0,0.0000e+0,0.0000e+0
0.03854,0.03542,2.5710e+0,0.0000e+0,0.0000e+0
0.04063,0.03542,2.5382e+0,0.0000e+0,0.0000e+0
0.04271,0.03542,2.5011e+0,0.0000e+0,0.0000e+0
0.04479,0.03542,2.4621e+0,0.0000e+0,0.0000e+0
0.04688,0.03542,2.4223e+0,0.0000e+0,0.0000e+0
0.04896,0.03542,2.3820e+0,0.0000e+0,0.0000e+0
0.05104,0.03542,2.3388e+0,0.0000e+0,0.0000e+0
0.05312,0.03542,2.2905e+0,0.0000e+0,0.0000e+0
0.05521,0.03542,2.2356e+0,0.0000e+0,0.0000e+0
0.05729,0.03542,2.1757e+0,0.0000e+0,0.0000e+0
0.05937,0.03542,2.1116e+0,0.0000e+0,0.0000e+0
0.06146,0.03542,2.0434e+0,0.0000e+0,0.0000e+0
0.06354,0.03542,1.9697e+0,0.0000e+0,0.0000e+0
0.06563,0.03542,1.8894e+0,5.8852e+10,0.0000e+0
0.06771,0.03542,1.8053e+0,1.8384e+11,0.0000e+0
0.06979,0.03542,1.7249e+0,4.7211e+9,0.0000e+0
0.07187,0.03542,1.6346e+0,2.1673e+10,0.0000e+0
0.07396,0.03542,1.5367e+0,0.0000e+0,0.0000e+0
0.07604,0.03542,1.4314e+0,0.0000e+0,0.0000e+0
0.07813,0.03542,1.3207e+0,0.0000e+0,0.0000e+0
0.08021,0.03542,1.2064e+0,0.0000e+0,0.0000e+0
0.08229,0.03542,1.0887e+0,0.0000e+0,0.0000e+0
0.08438,0.03542,9.6858e-1,0.0000e+0,0.0000e+0
0.08646,0.03542,8.4626e-1,0.0000e+0,0.0000e+0
0.08854,0.03542,7.1917e-1,0.0000e+0,0.0000e+0
0.09062,0.03542,5.8755e-1,0.0000e+0,0.0000e+0
0.09271,0.03542,4.5474e-1,0.0000e+0,0.0000e+0
0.09479,0.03542,3.2249e-1,0.0000e+0,0.0000e+0
0.09688,0.03542,1.9175e-1,0.0000e+0,0.0000e+0
0.09896,0.03542,6.3092e-2,0.0000e+0,0.0000e+0
0.00104,0.03958,3.3086e+0,0.0000e+0,0.0000e+0
0.00313,0.03958,3.3112e+0,0.0000e+0,0.0000e+0
0.00521,0.03958,3.3158e+0,0.0000e+0,0.0000e+0
0.00729,0.03958,3.3200e+0,0.0000e+0,0.0000e+0
0.00937,0.03958,3.3217e+0,0.0000e+0,0.0000e+0
0.01146,0.03958,3.3196e+0,0.0000e+0,0.0000e+0
0.01354,0.03958,3.3139e+0,0.0000e+0,0.0000e+0
0.01563,0.03958,3.3080e+0,1.8011e+10,0.0000e+0
0.01771,0.03958,3.3125e+0,2.7975e+11,6.5604e+11
0.01979,0.03958,3.3057e+0,0.0000e+0,6.9988e+11
0.02187,0.03958,3.2590e+0,0.0000e+0,4.0034e+10
0.02396,0.03958,3.2167e+0,0.0000e+0,0.0000e+0
0.02604,0.03958,3.1759e+0,0.0000e+0,0.0000e+0
0.02813,0.03958,3.1381e+0,0.0000e+0,0.0000e+0
0.03021,0.03958,3.1038e+0,0.0000e+0,0.0000e+0
0.03229,0.03958,3.0717e+0,0.0000e+0,0.0000e+0
0.03438,0.03958,3.0383e+0,0.0000e+0,0.0000e+0
0.03646,0.03958,3.0038e+0,0.0000e+0,0.0000e+0
0.03854,0.03958,2.9638e+0,0.0000e+0,0.0000e+0
0.04063,0.03958,2.9202e+0,0.0000e+0,0.0000e+0
0.04271,0.03958,2.8737e+0,2.9110e+11,7.8206e+10
0.04479,0.03958,2.8354e+0,2.9051e+10,4.8717e+10
0.04688,0.03958,2.7875e+0,1.5745e+11,0.0000e+0
0.04896,0.03958,2.7467e+0,6.1577e+10,0.0000e+0
0.05104,0.03958,2.7057e+0,0.0000e+0,0.0000e+0
0.05312,0.03958,2.6592e+0,0.0000e+0,2.3239e+11
0.05521,0.03958,2.5911e+0,0.0000e+0,7.8855e+9
0.05729,0.03958,2.5211e+0,0.0000e+0,1.6374e+10
0.05937,0.03958,2.4494e+0,1.4681e+11,5.6985e+10
0.06146,0.03958,2.3806e+0,6.0750e+10,1.4892e+11
0.06354,0.03958,2.3028e+0,0.0000e+0,3.8790e+10
0.06563,0.03958,2.2200e+0,2.1958e+10,3.2398e+10
0.06771,0.03958,2.1364e+0,6.8591e+10,1.9567e+11
0.06979,0.03958,2.0470e+0,5.1301e+10,2.3858e+11
0.07187,0.03958,1.9464e+0,2.3551e+11,5.1831e+11
0.07396,0.03958,1.8263e+0,0.0000e+0,1.5919e+11
0.07604,0.03958,1.6981e+0,0.0000e+0,1.1753e+11
0.07813,0.03958,1.5641e+0,0.0000e+0,2.5149e+10
0.08021,0.03958,1.4312e+0,0.0000e+0,9.4588e+10
0.08229,0.03958,1.2926e+0,1.4550e+10,8.8047e+9
0.08438,0.03958,1.1529e+0,1.2575e+11,0.0000e+0
0.08646,0.03958,1.0232e+0,0.0000e+0,2.9806e+11
0.08854,0.03958,8.7454e-1,0.0000e+0,3.1301e+11
0.09062,0.03958,7.0623e-1,0.0000e+0,0.0000e+0
0.09271,0.03958,5.4246e-1,0.0000e+0,0.0000e+0
0.09479,0.03958,3.8281e-1,0.0000e+0,0.0000e+0
0.09688,0.03958,2.2695e-1,0.0000e+0,0.0000e+0
0.09896,0.03958,7.4574e-2,0.0000e+0,0.0000e+0
0.00104,0.04375,3.6767e+0,0.0000e+0,0.0000e+0
0.00313,0.04375,3.6854e+0,0.0000e+0,0.0000e+0
0.00521,0.04375,3.7062e+0,0.0000e+0,0.0000e+0
0.00729,0.04375,3.7292e+0,0.0000e+0,0.0000e+0
0.00937,0.04375,3.7460e+0,0.0000e+0,0.0000e+0
0.01146,0.04375,3.7503e+0,0.0000e+0,0.0000e+0
0.01354,0.04375,3.7369e+0,0.0000e+0,0.0000e+0
0.01563,0.04375,3.7128e+0,5.9032e+10,0.0000e+0
0.01771,0.04375,3.6947e+0,9.1692e+11,8.1360e+10
0.01979,0.04375,3.7183e+0,0.0000e+0,7.4908e+11
0.02187,0.04375,3.6922e+0,0.0000e+0,2.3677e+11
0.02396,0.04375,3.6612e+0,0.0000e+0,5.4096e+11
0.02604,0.04375,3.6038e+0,0.0000e+0,0.0000e+0
0.02813,0.04375,3.5602e+0,0.0000e+0,0.0000e+0
0.03021,0.04375,3.5284e+0,0.0000e+0,0.0000e+0
0.03229,0.04375,3.5083e+0,0.0000e+0,3.4980e+11
0.03438,0.04375,3.4761e+0,0.0000e+0,2.2625e+11
0.03646,0.04375,3.4406e+0,0.0000e+0,5.2320e+11
0.03854,0.04375,3.3800e+0,0.0000e+0,1.0553e+11
0.04063,0.04375,3.3232e+0,1.6882e+11,0.0000e+0
0.04271,0.04375,3.2836e+0,1.8567e+11,2.3895e+11
0.04479,0.04375,3.2471e+0,1.8321e+10,3.7310e+11
0.04688,0.04375,3.1868e+0,1.8175e+11,2.6586e+10
0.04896,0.04375,3.1405e+0,7.1082e+10,3.0474e+10
0.05104,0.04375,3.1015e+0,0.0000e+0,2.7750e+11
0.05312,0.04375,3.0502e+0,0.0000e+0,6.3443e+11
0.05521,0.04375,2.9625e+0,0.0000e+0,6.3902e+10
0.05729,0.04375,2.8780e+0,2.0348e+11,6.8477e+10
0.05937,0.04375,2.8098e+0,1.1764e+11,2.7374e+11
0.06146,0.04375,2.7387e+0,4.8524e+10,4.2956e+11
0.06354,0.04375,2.6540e+0,0.0000e+0,3.8323e+11
0.06563,0.04375,2.5606e+0,0.0000e+0,3.8168e+11
0.06771,0.04375,2.4589e+0,1.0161e+11,2.1005e+11
0.06979,0.04375,2.3683e+0,1.4197e+10,5.8983e+11
0.07187,0.04375,2.2549e+0,0.0000e+0,6.1760e+11
0.07396,0.04375,2.1129e+0,0.0000e+0,2.2753e+11
0.07604,0.04375,1.9650e+0,0.0000e+0,2.4673e+11
0.07813,0.04375,1.8092e+0,0.0000e+0,3.8148e+10
0.08021,0.04375,1.6636e+0,7.1133e+10,3.1107e+11
0.08229,0.04375,1.5143e+0,3.2911e+10,3.9012e+11
0.08438,0.04375,1.3521e+0,1.1275e+11,1.7673e+11
0.08646,0.04375,1.1953e+0,0.0000e+0,2.9542e+11
0.08854,0.04375,1.0253e+0,6.4212e+9,5.9320e+11
0.09062,0.04375,8.2201e-1,9.9625e+10,1.0371e+11
0.09271,0.04375,6.2822e-1,0.0000e+0,0.0000e+0
0.09479,0.04375,4.4187e-1,0.0000e+0,0.0000e+0
0.09688,0.04375,2.6143e-1,0.0000e+0,0.0000e+0
0.09896,0.04375,8.5819e-2,0.0000e+0,0.0000e+0
0.00104,0.04792,3.9765e+0,0.0000e+0,0.0000e+0
0.00313,0.04792,3.9709e+0,1.7412e+12,0.0000e+0
0.00521,0.04792,4.0524e+0,6.2203e+11,0.0000e+0
0.00729,0.04792,4.1395e+0,0.0000e+0,0.0000e+0
0.00937,0.04792,4.2108e+0,0.0000e+0,4.1843e+11
0.01146,0.04792,4.2550e+0,0.0000e+0,1.4730e+12
0.01354,0.04792,4.2138e+0,0.0000e+0,5.5849e+11
0.01563,0.04792,4.1580e+0,0.0000e+0,0.0000e+0
0.01771,0.04792,4.1192e+0,0.0000e+0,0.0000e+0
0.01979,0.04792,4.0954e+0,0.0000e+0,0.0000e+0
0.02187,0.04792,4.0812e+0,0.0000e+0,3.8169e+11
0.02396,0.04792,4.0569e+0,0.0000e+0,8.5478e+11
0.02604,0.04792,3.9923e+0,0.0000e+0,0.0000e+0
0.02813,0.04792,3.9463e+0,0.0000e+0,0.0000e+0
0.03021,0.04792,3.9132e+0,0.0000e+0,0.0000e+0
0.03229,0.04792,3.8901e+0,0.0000e+0,1.7561e+11
0.03438,0.04792,3.8647e+0,0.0000e+0,3.3201e+11
0.03646,0.04792,3.8243e+0,0.0000e+0,3.6061e+11
0.03854,0.04792,3.7655e+0,0.0000e+0,3.2373e+10
0.04063,0.04792,3.7179e+0,3.7537e+11,4.1031e+11
0.04271,0.04792,3.6787e+0,4.6424e+9,7.8177e+10
0.04479,0.04792,3.6505e+0,0.0000e+0,8.2024e+11
0.04688,0.04792,3.5837e+0,0.0000e+0,2.2858e+11
0.04896,0.04792,3.5228e+0,0.0000e+0,2.2751e+11
0.05104,0.04792,3.4666e+0,0.0000e+0,4.1945e+11
0.05312,0.04792,3.3989e+0,0.0000e+0,4.7588e+11
0.05521,0.04792,3.3140e+0,0.0000e+0,3.0647e+11
0.05729,0.04792,3.2253e+0,1.8667e+11,3.2018e+11
0.05937,0.04792,3.1425e+0,3.4615e+8,3.9596e+11
0.06146,0.04792,3.0454e+0,0.0000e+0,3.4400e+11
0.06354,0.04792,2.9315e+0,2.1965e+11,4.3516e+10
0.06563,0.04792,2.8267e+0,6.6326e+10,6.2407e+10
0.06771,0.04792,2.7151e+0,1.8750e+11,0.0000e+0
0.06979,0.04792,2.6129e+0,2.6198e+10,1.6034e+11
0.07187,0.04792,2.4990e+0,0.0000e+0,2.8492e+11
0.07396,0.04792,2.3677e+0,0.0000e+0,5.5539e+11
0.07604,0.04792,2.2023e+0,3.6095e+10,3.4393e+11
0.07813,0.04792,2.0178e+0,2.7933e+11,1.1398e+11
0.08021,0.04792,1.8489e+0,1.6077e+11,1.0563e+11
0.08229,0.04792,1.6901e+0,4.0743e+10,2.4303e+11
0.08438,0.04792,1.5274e+0,0.0000e+0,4.9545e+11
0.08646,0.04792,1.3436e+0,0.0000e+0,3.8457e+11
0.08854,0.04792,1.1432e+0,8.5627e+9,4.7140e+11
0.09062,0.04792,9.1635e-1,1.3285e+11,7.2313e+10
0.09271,0.04792,7.0127e-1,0.0000e+0,0.0000e+0
0.09479,0.04792,4.9339e-1,0.0000e+0,0.0000e+0
0.09688,0.04792,2.9189e-1,0.0000e+0,0.0000e+0
0.09896,0.04792,9.5813e-2,0.0000e+0,0.0000e+0
0.00104,0.05208,4.3191e+0,0.0000e+0,0.0000e+0
0.00313,0.05208,4.2955e+0,2.7507e+12,0.0000e+0
0.00521,0.05208,4.4114e+0,9.8267e+11,0.0000e+0
0.00729,0.05208,4.5224e+0,0.0000e+0,0.0000e+0
0.00937,0.05208,4.6023e+0,0.0000e+0,6.9902e+11
0.01146,0.05208,4.6373e+0,0.0000e+0,1.2545e+12
0.01354,0.05208,4.6037e+0,0.0000e+0,5.7501e+11
0.01563,0.05208,4.5601e+0,0.0000e+0,7.0203e+11
0.01771,0.05208,4.4996e+0,0.0000e+0,3.3871e+11
0.01979,0.05208,4.4411e+0,0.0000e+0,0.0000e+0
0.02187,0.05208,4.3981e+0,0.0000e+0,0.0000e+0
0.02396,0.05208,4.3608e+0,0.0000e+0,0.0000e+0
0.02604,0.05208,4.3242e+0,0.0000e+0,0.0000e+0
0.02813,0.05208,4.2924e+0,0.0000e+0,3.0772e+10
0.03021,0.05208,4.2659e+0,0.0000e+0,2.8441e+11
0.03229,0.05208,4.2318e+0,5.0162e+10,3.9787e+10
0.03438,0.05208,4.2170e+0,1.9371e+11,7.7262e+11
0.03646,0.05208,4.1791e+0,0.0000e+0,5.7549e+11
0.03854,0.05208,4.1194e+0,0.0000e+0,1.3733e+11
0.04063,0.05208,4.0654e+0,0.0000e+0,2.0551e+11
0.04271,0.05208,4.0117e+0,0.0000e+0,2.9283e+11
0.04479,0.05208,3.9595e+0,0.0000e+0,4.4457e+11
0.04688,0.05208,3.8966e+0,0.0000e+0,4.2315e+11
0.04896,0.05208,3.8248e+0,0.0000e+0,2.5611e+11
0.05104,0.05208,3.7564e+0,0.0000e+0,4.1060e+11
0.05312,0.05208,3.6786e+0,0.0000e+0,2.8631e+11
0.05521,0.05208,3.5969e+0,0.0000e+0,2.3947e+11
0.05729,0.05208,3.5139e+0,0.0000e+0,3.4648e+11
0.05937,0.05208,3.4223e+0,0.0000e+0,2.8489e+11
0.06146,0.05208,3.3254e+0,0.0000e+0,8.0573e+10
0.06354,0.05208,3.2400e+0,4.9012e+10,6.9224e+11
0.06563,0.05208,3.1338e+0,1.4800e+10,6.8765e+11
0.06771,0.05208,3.0041e+0,0.0000e+0,2.8248e+11
0.06979,0.05208,2.8755e+0,7.7907e+10,4.4783e+11
0.07187,0.05208,2.7370e+0,7.7416e+10,1.9267e+11
0.07396,0.05208,2.6015e+0,0.0000e+0,5.9247e+11
0.07604,0.05208,2.4371e+0,1.8633e+9,8.5438e+11
0.07813,0.05208,2.2325e+0,1.8041e+11,4.8517e+11
0.08021,0.05208,2.0262e+0,5.9747e+10,0.0000e+0
0.08229,0.05208,1.8367e+0,0.0000e+0,8.3598e+10
0.08438,0.05208,1.6483e+0,0.0000e+0,1.6330e+11
0.08646,0.05208,1.4561e+0,1.1723e+11,5.5700e+11
0.08854,0.05208,1.2428e+0,8.6965e+10,6.4977e+11
0.09062,0.05208,1.0013e+0,0.0000e+0,1.0546e+11
0.09271,0.05208,7.6451e-1,0.0000e+0,0.0000e+0
0.09479,0.05208,5.3738e-1,0.0000e+0,0.0000e+0
0.09688,0.05208,3.1781e-1,0.0000e+0,0.0000e+0
0.09896,0.05208,1.0431e-1,0.0000e+0,0.0000e+0
0.00104,0.05625,4.8493e+0,0.0000e+0,0.0000e+0
0.00313,0.05625,4.8745e+0,0.0000e+0,0.0000e+0
0.00521,0.05625,4.9354e+0,0.0000e+0,1.5654e+12
0.00729,0.05625,4.9216e+0,0.0000e+0,5.4004e+11
0.00937,0.05625,4.9026e+0,0.0000e+0,0.0000e+0
0.01146,0.05625,4.8994e+0,0.0000e+0,3.8880e+11
0.01354,0.05625,4.8770e+0,0.0000e+0,4.1731e+11
0.01563,0.05625,4.8376e+0,0.0000e+0,2.2457e+11
0.01771,0.05625,4.7928e+0,0.0000e+0,1.0835e+11
0.01979,0.05625,4.7468e+0,0.0000e+0,0.0000e+0
0.02187,0.05625,4.7075e+0,0.0000e+0,0.0000e+0
0.02396,0.05625,4.6752e+0,0.0000e+0,1.7605e+10
0.02604,0.05625,4.6469e+0,0.0000e+0,1.8145e+11
0.02813,0.05625,4.6168e+0,0.0000e+0,5.2820e+11
0.03021,0.05625,4.5678e+0,0.0000e+0,3.8909e+11
0.03229,0.05625,4.5114e+0,8.5535e+10,2.9291e+10
0.03438,0.05625,4.4753e+0,3.3031e+11,2.6151e+11
0.03646,0.05625,4.4518e+0,0.0000e+0,3.1203e+11
0.03854,0.05625,4.4201e+0,0.0000e+0,7.8384e+11
0.04063,0.05625,4.3577e+0,4.6774e+10,8.7630e+11
0.04271,0.05625,4.2573e+0,4.2938e+11,3.3331e+11
0.04479,0.05625,4.1827e+0,1.3981e+11,5.8128e+10
0.04688,0.05625,4.1234e+0,2.6928e+9,3.9815e+11
0.04896,0.05625,4.0450e+0,0.0000e+0,1.3836e+11
0.05104,0.05625,3.9669e+0,0.0000e+0,2.4648e+10
0.05312,0.05625,3.8963e+0,3.4089e+10,2.4685e+11
0.05521,0.05625,3.8225e+0,6.2684e+10,3.6240e+11
0.05729,0.05625,3.7411e+0,0.0000e+0,3.2344e+11
0.05937,0.05625,3.6469e+0,0.0000e+0,2.2015e+11
0.06146,0.05625,3.5463e+0,0.0000e+0,1.2192e+11
0.06354,0.05625,3.4448e+0,0.0000e+0,1.7615e+11
0.06563,0.05625,3.3393e+0,0.0000e+0,3.9827e+11
0.06771,0.05625,3.2164e+0,0.0000e+0,4.7205e+11
0.06979,0.05625,3.0776e+0,8.0682e+10,3.3472e+11
0.07187,0.05625,2.9412e+0,8.0173e+10,7.1938e+11
0.07396,0.05625,2.7816e+0,0.0000e+0,7.6993e+11
0.07604,0.05625,2.5855e+0,0.0000e+0,2.6445e+11
0.07813,0.05625,2.3831e+0,0.0000e+0,2.6078e+11
0.08021,0.05625,2.1762e+0,3.7669e+10,2.2655e+11
0.08229,0.05625,1.9719e+0,1.1981e+11,5.3436e+11
0.08438,0.05625,1.7519e+0,5.9168e+10,1.4730e+11
0.08646,0.05625,1.5310e+0,8.2549e+10,1.5503e+11
0.08854,0.05625,1.3052e+0,2.2231e+10,3.8665e+11
0.09062,0.05625,1.0562e+0,0.0000e+0,5.2570e+10
0.09271,0.05625,8.1002e-1,0.0000e+0,0.0000e+0
0.09479,0.05625,5.7081e-1,0.0000e+0,0.0000e+0
0.09688,0.05625,3.3804e-1,0.0000e+0,0.0000e+0
0.09896,0.05625,1.1101e-1,0.0000e+0,0.0000e+0
0.00104,0.06042,5.1804e+0,0.0000e+0,0.0000e+0
0.00313,0.06042,5.1960e+0,0.0000e+0,0.0000e+0
0.00521,0.06042,5.2282e+0,0.0000e+0,1.3340e+12
0.00729,0.06042,5.1909e+0,0.0000e+0,4.6021e+11
0.00937,0.06042,5.1501e+0,0.0000e+0,0.0000e+0
0.01146,0.06042,5.1256e+0,0.0000e+0,0.0000e+0
0.01354,0.06042,5.1059e+0,0.0000e+0,0.0000e+0
0.01563,0.06042,5.0887e+0,0.0000e+0,0.0000e+0
0.01771,0.06042,5.0777e+0,0.0000e+0,5.1620e+11
0.01979,0.06042,5.0438e+0,0.0000e+0,3.6713e+11
0.02187,0.06042,5.0023e+0,0.0000e+0,0.0000e+0
0.02396,0.06042,4.9784e+0,0.0000e+0,5.8230e+11
0.02604,0.06042,4.9286e+0,0.0000e+0,3.3920e+11
0.02813,0.06042,4.8625e+0,0.0000e+0,1.1331e+11
0.03021,0.06042,4.7918e+0,5.9610e+11,1.8329e+11
0.03229,0.06042,4.7537e+0,3.6611e+10,2.5110e+11
0.03438,0.06042,4.7043e+0,0.0000e+0,0.0000e+0
0.03646,0.06042,4.6655e+0,0.0000e+0,4.2074e+11
0.03854,0.06042,4.6074e+0,0.0000e+0,1.3196e+11
0.04063,0.06042,4.5463e+0,4.9842e+9,4.0615e+11
0.04271,0.06042,4.4590e+0,2.9042e+11,3.1963e+11
0.04479,0.06042,4.3803e+0,5.5313e+11,4.0399e+11
0.04688,0.06042,4.3139e+0,7.8945e+10,3.7244e+11
0.04896,0.06042,4.2339e+0,0.0000e+0,1.0848e+11
0.05104,0.06042,4.1519e+0,1.4195e+10,3.3139e+10
0.05312,0.06042,4.0738e+0,1.5524e+11,2.0991e+11
0.05521,0.06042,3.9963e+0,2.0361e+11,2.8181e+10
0.05729,0.06042,3.9305e+0,0.0000e+0,3.6487e+11
0.05937,0.06042,3.8418e+0,0.0000e+0,1.8332e+11
0.06146,0.06042,3.7462e+0,0.0000e+0,5.3637e+11
0.06354,0.06042,3.6239e+0,0.0000e+0,1.3065e+11
0.06563,0.06042,3.5041e+0,1.5774e+11,6.4027e+11
0.06771,0.06042,3.3597e+0,2.1734e+10,1.6493e+11
0.06979,0.06042,3.2083e+0,0.0000e+0,4.5895e+10
0.07187,0.06042,3.0541e+0,0.0000e+0,1.3800e+11
0.07396,0.06042,2.8861e+0,0.0000e+0,2.0726e+11
0.07604,0.06042,2.6975e+0,0.0000e+0,2.2706e+11
0.07813,0.06042,2.4914e+0,0.0000e+0,8.2227e+10
0.08021,0.06042,2.2776e+0,2.1960e+11,2.5580e+11
0.08229,0.06042,2.0606e+0,4.2137e+11,2.6924e+11
0.08438,0.06042,1.8526e+0,1.2250e+11,5.0133e+11
0.08646,0.06042,1.6219e+0,1.5145e+11,6.1019e+11
0.08854,0.06042,1.3681e+0,0.0000e+0,2.0050e+11
0.09062,0.06042,1.1062e+0,0.0000e+0,1.8128e+10
0.09271,0.06042,8.4945e-1,0.0000e+0,0.0000e+0
0.09479,0.06042,5.9921e-1,0.0000e+0,0.0000e+0
0.09688,0.06042,3.5510e-1,0.0000e+0,0.0000e+0
0.09896,0.06042,1.1666e-1,0.0000e+0,0.0000e+0
0.00104,0.06458,5.3861e+0,0.0000e+0,0.0000e+0
0.00313,0.06458,5.3866e+0,0.0000e+0,0.0000e+0
0.00521,0.06458,5.3849e+0,0.0000e+0,0.0000e+0
0.00729,0.06458,5.3744e+0,0.0000e+0,0.0000e+0
0.00937,0.06458,5.3611e+0,0.0000e+0,0.0000e+0
0.01146,0.06458,5.3485e+0,0.0000e+0,0.0000e+0
0.01354,0.06458,5.3363e+0,0.0000e+0,0.0000e+0
0.01563,0.06458,5.3220e+0,0.0000e+0,0.0000e+0
0.01771,0.06458,5.3027e+0,0.0000e+0,1.8838e+11
0.01979,0.06458,5.2722e+0,0.0000e+0,1.3398e+11
0.02187,0.06458,5.2390e+0,0.0000e+0,0.0000e+0
0.02396,0.06458,5.2152e+0,0.0000e+0,1.5489e+11
0.02604,0.06458,5.1877e+0,0.0000e+0,8.7275e+11
0.02813,0.06458,5.1111e+0,0.0000e+0,2.0535e+11
0.03021,0.06458,5.0381e+0,3.0403e+11,3.7464e+11
0.03229,0.06458,4.9818e+0,7.8162e+10,6.1400e+11
0.03438,0.06458,4.9016e+0,0.0000e+0,0.0000e+0
0.03646,0.06458,4.8354e+0,0.0000e+0,0.0000e+0
0.03854,0.06458,4.7784e+0,0.0000e+0,0.0000e+0
0.04063,0.06458,4.7274e+0,0.0000e+0,3.2812e+11
0.04271,0.06458,4.6558e+0,4.1162e+10,2.1277e+11
0.04479,0.06458,4.5757e+0,7.3281e+10,2.5526e+11
0.04688,0.06458,4.4837e+0,3.5905e+11,0.0000e+0
0.04896,0.06458,4.4112e+0,0.0000e+0,0.0000e+0
0.05104,0.06458,4.3286e+0,8.8703e+10,0.0000e+0
0.05312,0.06458,4.2460e+0,3.9643e+11,0.0000e+0
0.05521,0.06458,4.1828e+0,1.5207e+11,2.1074e+11
0.05729,0.06458,4.1085e+0,0.0000e+0,1.5241e+11
0.05937,0.06458,4.0196e+0,0.0000e+0,4.5301e+11
0.06146,0.06458,3.8986e+0,0.0000e+0,1.1380e+11
0.06354,0.06458,3.7682e+0,0.0000e+0,1.2569e+9
0.06563,0.06458,3.6378e+0,1.4104e+11,2.0638e+11
0.06771,0.06458,3.5012e+0,1.9433e+10,2.0286e+11
0.06979,0.06458,3.3534e+0,0.0000e+0,1.2586e+11
0.07187,0.06458,3.1979e+0,0.0000e+0,2.4327e+11
0.07396,0.06458,3.0284e+0,0.0000e+0,4.6319e+11
0.07604,0.06458,2.8292e+0,0.0000e+0,1.2085e+11
0.07813,0.06458,2.6272e+0,0.0000e+0,4.1718e+11
0.08021,0.06458,2.4058e+0,3.6178e+10,3.3933e+11
0.08229,0.06458,2.1773e+0,1.1401e+11,4.5510e+11
0.08438,0.06458,1.9414e+0,1.8389e+10,4.4971e+11
0.08646,0.06458,1.6860e+0,2.4797e+9,2.2446e+11
0.08854,0.06458,1.4249e+0,4.1850e+9,2.6887e+11
0.09062,0.06458,1.1536e+0,0.0000e+0,5.7253e+10
0.09271,0.06458,8.8569e-1,0.0000e+0,0.0000e+0
0.09479,0.06458,6.2481e-1,0.0000e+0,0.0000e+0
0.09688,0.06458,3.7032e-1,0.0000e+0,0.0000e+0
0.09896,0.06458,1.2167e-1,0.0000e+0,0.0000e+0
0.00104,0.06875,5.5896e+0,0.0000e+0,0.0000e+0
0.00313,0.06875,5.5886e+0,0.0000e+0,0.0000e+0
0.00521,0.06875,5.5864e+0,0.0000e+0,0.0000e+0
0.00729,0.06875,5.5830e+0,0.0000e+0,0.0000e+0
0.00937,0.06875,5.5799e+0,0.0000e+0,0.0000e+0
0.01146,0.06875,5.5790e+0,0.0000e+0,0.0000e+0
0.01354,0.06875,5.5830e+0,0.0000e+0,1.7003e+11
0.01563,0.06875,5.5844e+0,0.0000e+0,1.1431e+12
0.01771,0.06875,5.5246e+0,0.0000e+0,0.0000e+0
0.01979,0.06875,5.4817e+0,0.0000e+0,0.0000e+0
0.02187,0.06875,5.4495e+0,0.0000e+0,0.0000e+0
0.02396,0.06875,5.4267e+0,0.0000e+0,3.6945e+11
0.02604,0.06875,5.3855e+0,0.0000e+0,6.2289e+11
0.02813,0.06875,5.3030e+0,0.0000e+0,3.1919e+10
0.03021,0.06875,5.2163e+0,3.3405e+11,6.2644e+10
0.03229,0.06875,5.1435e+0,1.1771e+11,1.3190e+10
0.03438,0.06875,5.0610e+0,1.7544e+11,0.0000e+0
0.03646,0.06875,4.9846e+0,8.0629e+11,1.4662e+11
0.03854,0.06875,4.9373e+0,4.3438e+11,1.3935e+11
0.04063,0.06875,4.8996e+0,0.0000e+0,1.6447e+11
0.04271,0.06875,4.8495e+0,0.0000e+0,5.1803e+11
0.04479,0.06875,4.7722e+0,0.0000e+0,1.7758e+11
0.04688,0.06875,4.6977e+0,0.0000e+0,0.0000e+0
0.04896,0.06875,4.6421e+0,0.0000e+0,6.8449e+11
0.05104,0.06875,4.5533e+0,0.0000e+0,1.8067e+10
0.05312,0.06875,4.4775e+0,8.9451e+10,3.3279e+11
0.05521,0.06875,4.4024e+0,1.2273e+11,6.4696e+11
0.05729,0.06875,4.3089e+0,0.0000e+0,5.4581e+11
0.05937,0.06875,4.1979e+0,3.9284e+10,6.1378e+11
0.06146,0.06875,4.0704e+0,1.3508e+11,6.9213e+11
0.06354,0.06875,3.9290e+0,9.4236e+9,2.0483e+11
0.06563,0.06875,3.7939e+0,0.0000e+0,4.5177e+11
0.06771,0.06875,3.6445e+0,0.0000e+0,1.1657e+11
0.06979,0.06875,3.5074e+0,0.0000e+0,7.3710e+11
0.07187,0.06875,3.3404e+0,0.0000e+0,3.9411e+11
0.07396,0.06875,3.1643e+0,9.0508e+10,7.5777e+11
0.07604,0.06875,2.9567e+0,8.7618e+9,4.1344e+11
0.07813,0.06875,2.7318e+0,0.0000e+0,2.8344e+11
0.08021,0.06875,2.4919e+0,6.6622e+10,1.9535e+11
0.08229,0.06875,2.2478e+0,2.1527e+10,1.8734e+11
0.08438,0.06875,1.9960e+0,0.0000e+0,2.5589e+11
0.08646,0.06875,1.7277e+0,9.2458e+10,4.3865e+10
0.08854,0.06875,1.4643e+0,1.5604e+11,2.8466e+11
0.09062,0.06875,1.1945e+0,0.0000e+0,1.8316e+11
0.09271,0.06875,9.1754e-1,0.0000e+0,0.0000e+0
0.09479,0.06875,6.4747e-1,0.0000e+0,0.0000e+0
0.09688,0.06875,3.8383e-1,0.0000e+0,0.0000e+0
0.09896,0.06875,1.2612e-1,0.0000e+0,0.0000e+0
0.00104,0.07292,5.8005e+0,0.0000e+0,0.0000e+0
0.00313,0.07292,5.7990e+0,0.0000e+0,0.0000e+0
0.00521,0.07292,5.7964e+0,0.0000e+0,0.0000e+0
0.00729,0.07292,5.7935e+0,0.0000e+0,0.0000e+0
0.00937,0.07292,5.7910e+0,0.0000e+0,0.0000e+0
0.01146,0.07292,5.7894e+0,0.0000e+0,5.3071e+10
0.01354,0.07292,5.7843e+0,0.0000e+0,4.0230e+11
0.01563,0.07292,5.7480e+0,0.0000e+0,1.2652e+11
0.01771,0.07292,5.7034e+0,0.0000e+0,0.0000e+0
0.01979,0.07292,5.6649e+0,0.0000e+0,0.0000e+0
0.02187,0.07292,5.6329e+0,0.0000e+0,0.0000e+0
0.02396,0.07292,5.6067e+0,0.0000e+0,1.7068e+11
0.02604,0.07292,5.5727e+0,4.4713e+9,2.7182e+11
0.02813,0.07292,5.5273e+0,1.6911e+11,6.4637e+11
0.03021,0.07292,5.4664e+0,0.0000e+0,6.3186e+11
0.03229,0.07292,5.3822e+0,1.2324e+10,2.1423e+11
0.03438,0.07292,5.2982e+0,2.1601e+11,1.8978e+11
0.03646,0.07292,5.2245e+0,2.1319e+11,2.7329e+11
0.03854,0.07292,5.1535e+0,3.2785e+9,1.5186e+11
0.04063,0.07292,5.0793e+0,0.0000e+0,1.5193e+10
0.04271,0.07292,5.0011e+0,6.7452e+10,6.6448e+10
0.04479,0.07292,4.9162e+0,2.6898e+11,3.0170e+9
0.04688,0.07292,4.8479e+0,3.9617e+11,1.8870e+10
0.04896,0.07292,4.8027e+0,0.0000e+0,3.5431e+11
0.05104,0.07292,4.7337e+0,0.0000e+0,4.4648e+11
0.05312,0.07292,4.6454e+0,3.5321e+11,8.1748e+11
0.05521,0.07292,4.5375e+0,4.0238e+11,5.8914e+11
0.05729,0.07292,4.4233e+0,0.0000e+0,4.6641e+11
0.05937,0.07292,4.2813e+0,1.7687e+11,8.8879e+10
0.06146,0.07292,4.1469e+0,3.5441e+11,1.6304e+11
0.06354,0.07292,4.0217e+0,2.0038e+10,1.3326e+11
0.06563,0.07292,3.8835e+0,2.3306e+11,4.8014e+11
0.06771,0.07292,3.7194e+0,3.3528e+11,4.6087e+10
0.06979,0.07292,3.5673e+0,1.9121e+11,5.3541e+10
0.07187,0.07292,3.4160e+0,2.2999e+10,3.7747e+11
0.07396,0.07292,3.2380e+0,2.1004e+11,3.8777e+11
0.07604,0.07292,3.0517e+0,8.9763e+10,7.5494e+11
0.07813,0.07292,2.8319e+0,0.0000e+0,7.4318e+11
0.08021,0.07292,2.5750e+0,1.4307e+11,2.4941e+11
0.08229,0.07292,2.3233e+0,4.6229e+10,3.5499e+11
0.08438,0.07292,2.0613e+0,0.0000e+0,2.6153e+11
0.08646,0.07292,1.7902e+0,0.0000e+0,1.9408e+11
0.08854,0.07292,1.5150e+0,0.0000e+0,2.2752e+11
0.09062,0.07292,1.2317e+0,0.0000e+0,1.2267e+11
0.09271,0.07292,9.4630e-1,0.0000e+0,0.0000e+0
0.09479,0.07292,6.6791e-1,0.0000e+0,0.0000e+0
0.09688,0.07292,3.9600e-1,0.0000e+0,0.0000e+0
0.09896,0.07292,1.3012e-1,0.0000e+0,0.0000e+0
0.00104,0.07708,6.0228e+0,0.0000e+0,0.0000e+0
0.00313,0.07708,6.0192e+0,0.0000e+0,0.0000e+0
0.00521,0.07708,6.0125e+0,0.0000e+0,0.0000e+0
0.00729,0.07708,6.0053e+0,0.0000e+0,0.0000e+0
0.00937,0.07708,6.0002e+0,0.0000e+0,0.0000e+0
0.01146,0.07708,5.9997e+0,0.0000e+0,1.5181e+11
0.01354,0.07708,5.9967e+0,0.0000e+0,1.0969e+12
0.01563,0.07708,5.9273e+0,0.0000e+0,0.0000e+0
0.01771,0.07708,5.8769e+0,0.0000e+0,0.0000e+0
0.01979,0.07708,5.8375e+0,0.0000e+0,0.0000e+0
0.02187,0.07708,5.8040e+0,0.0000e+0,0.0000e+0
0.02396,0.07708,5.7748e+0,0.0000e+0,2.0613e+11
0.02604,0.07708,5.7337e+0,9.3572e+10,3.0316e+11
0.02813,0.07708,5.6772e+0,6.8192e+11,6.0115e+11
0.03021,0.07708,5.6312e+0,0.0000e+0,1.8436e+11
0.03229,0.07708,5.5746e+0,3.7871e+11,5.8140e+11
0.03438,0.07708,5.5197e+0,2.7520e+11,8.7557e+11
0.03646,0.07708,5.4383e+0,0.0000e+0,2.9407e+11
0.03854,0.07708,5.3554e+0,0.0000e+0,3.2817e+10
0.04063,0.07708,5.2861e+0,0.0000e+0,4.1881e+11
0.04271,0.07708,5.1986e+0,3.6826e+10,4.1796e+11
0.04479,0.07708,5.1020e+0,1.4321e+11,8.3819e+10
0.04688,0.07708,5.0291e+0,7.0457e+10,3.2985e+11
0.04896,0.07708,4.9571e+0,0.0000e+0,5.4223e+11
0.05104,0.07708,4.8635e+0,0.0000e+0,3.8079e+11
0.05312,0.07708,4.7597e+0,0.0000e+0,2.4485e+11
0.05521,0.07708,4.6568e+0,0.0000e+0,7.4248e+11
0.05729,0.07708,4.5212e+0,0.0000e+0,3.2905e+11
0.05937,0.07708,4.3806e+0,0.0000e+0,1.4315e+10
0.06146,0.07708,4.2552e+0,2.3318e+11,1.7580e+11
0.06354,0.07708,4.1487e+0,1.0897e+11,6.6961e+11
0.06563,0.07708,4.0176e+0,3.9010e+10,8.0517e+11
0.06771,0.07708,3.8493e+0,6.2530e+10,2.7597e+11
0.06979,0.07708,3.6865e+0,9.4305e+10,5.7617e+11
0.07187,0.07708,3.5061e+0,1.1343e+10,4.5037e+11
0.07396,0.07708,3.3043e+0,5.1752e+10,2.6390e+11
0.07604,0.07708,3.0965e+0,1.5123e+11,4.8609e+11
0.07813,0.07708,2.8725e+0,1.9052e+8,3.2478e+11
0.08021,0.07708,2.6291e+0,1.3401e+11,3.6364e+11
0.08229,0.07708,2.3738e+0,8.2151e+10,2.1434e+11
0.08438,0.07708,2.1071e+0,1.5391e+11,2.0388e+11
0.08646,0.07708,1.8345e+0,4.3740e+10,1.7094e+11
0.08854,0.07708,1.5531e+0,0.0000e+0,1.2748e+11
0.09062,0.07708,1.2646e+0,0.0000e+0,1.1989e+11
0.09271,0.07708,9.7245e-1,0.0000e+0,0.0000e+0
0.09479,0.07708,6.8662e-1,0.0000e+0,0.0000e+0
0.09688,0.07708,4.0714e-1,0.0000e+0,0.0000e+0
0.09896,0.07708,1.3379e-1,0.0000e+0,0.0000e+0
0.00104,0.08125,6.2746e+0,0.0000e+0,0.0000e+0
0.00313,0.08125,6.2654e+0,0.0000e+0,0.0000e+0
0.00521,0.08125,6.2417e+0,0.0000e+0,0.0000e+0
0.00729,0.08125,6.2161e+0,0.0000e+0,0.0000e+0
0.00937,0.08125,6.1935e+0,0.0000e+0,0.0000e+0
0.01146,0.08125,6.1735e+0,0.0000e+0,0.0000e+0
0.01354,0.08125,6.1532e+0,0.0000e+0,9.2352e+11
0.01563,0.08125,6.0624e+0,7.9004e+11,3.2000e+10
0.01771,0.08125,6.0274e+0,3.3761e+11,0.0000e+0
0.01979,0.08125,6.0022e+0,0.0000e+0,0.0000e+0
0.02187,0.08125,5.9699e+0,0.0000e+0,0.0000e+0
0.02396,0.08125,5.9374e+0,0.0000e+0,2.0531e+11
0.02604,0.08125,5.8933e+0,3.4648e+11,5.7644e+11
0.02813,0.08125,5.8320e+0,3.2991e+11,2.1842e+11
0.03021,0.08125,5.7944e+0,0.0000e+0,6.1266e+11
0.03229,0.08125,5.7281e+0,0.0000e+0,2.7769e+11
0.03438,0.08125,5.6652e+0,0.0000e+0,5.3039e+11
0.03646,0.08125,5.5848e+0,0.0000e+0,1.9298e+11
0.03854,0.08125,5.5089e+0,8.7092e+9,8.6527e+10
0.04063,0.08125,5.4503e+0,1.4139e+10,1.2312e+12
0.04271,0.08125,5.3319e+0,0.0000e+0,1.4908e+11
0.04479,0.08125,5.2248e+0,0.0000e+0,2.6311e+10
0.04688,0.08125,5.1320e+0,0.0000e+0,1.0125e+11
0.04896,0.08125,5.0413e+0,0.0000e+0,3.6017e+11
0.05104,0.08125,4.9310e+0,0.0000e+0,2.2064e+11
0.05312,0.08125,4.8100e+0,0.0000e+0,2.3407e+10
0.05521,0.08125,4.6911e+0,2.6249e+10,3.0818e+11
0.05729,0.08125,4.5562e+0,1.9995e+11,1.6833e+11
0.05937,0.08125,4.4334e+0,0.0000e+0,0.0000e+0
0.06146,0.08125,4.3226e+0,1.2503e+10,2.5602e+11
0.06354,0.08125,4.2110e+0,5.8430e+9,5.2377e+11
0.06563,0.08125,4.0831e+0,0.0000e+0,8.7657e+11
0.06771,0.08125,3.9146e+0,1.1330e+11,4.4036e+11
0.06979,0.08125,3.7444e+0,2.0094e+10,3.6829e+11
0.07187,0.08125,3.5659e+0,0.0000e+0,6.7092e+11
0.07396,0.08125,3.3478e+0,0.0000e+0,1.2624e+11
0.07604,0.08125,3.1270e+0,2.7502e+11,2.2677e+11
0.07813,0.08125,2.9141e+0,1.5483e+10,3.6403e+11
0.08021,0.08125,2.6862e+0,3.7392e+10,3.0897e+11
0.08229,0.08125,2.4540e+0,2.2922e+10,7.1862e+11
0.08438,0.08125,2.1904e+0,5.1653e+10,7.4516e+11
0.08646,0.08125,1.8974e+0,1.5317e+11,3.4737e+11
0.08854,0.08125,1.6056e+0,6.9316e+10,3.5404e+11
0.09062,0.08125,1.3016e+0,0.0000e+0,7.3692e+10
0.09271,0.08125,9.9926e-1,0.0000e+0,0.0000e+0
0.09479,0.08125,7.0472e-1,0.0000e+0,0.0000e+0
0.09688,0.08125,4.1757e-1,0.0000e+0,0.0000e+0
0.09896,0.08125,1.3717e-1,0.0000e+0,0.0000e+0
0.00104,0.08542,6.5989e+0,0.0000e+0,0.0000e+0
0.00313,0.08542,6.6135e+0,0.0000e+0,2.1522e+12
0.00521,0.08542,6.5177e+0,0.0000e+0,4.2773e+11
0.00729,0.08542,6.4426e+0,0.0000e+0,0.0000e+0
0.00937,0.08542,6.3959e+0,0.0000e+0,0.0000e+0
0.01146,0.08542,6.3630e+0,0.0000e+0,0.0000e+0
0.01354,0.08542,6.3358e+0,0.0000e+0,6.6667e+11
0.01563,0.08542,6.2636e+0,1.7558e+11,2.3100e+10
0.01771,0.08542,6.2245e+0,7.5030e+10,0.0000e+0
0.01979,0.08542,6.2073e+0,0.0000e+0,8.5007e+11
0.02187,0.08542,6.1487e+0,0.0000e+0,1.7586e+11
0.02396,0.08542,6.0959e+0,0.0000e+0,2.0921e+11
0.02604,0.08542,6.0378e+0,0.0000e+0,1.7837e+11
0.02813,0.08542,5.9759e+0,0.0000e+0,4.7720e+11
0.03021,0.08542,5.8945e+0,1.1312e+11,4.6114e+11
0.03229,0.08542,5.7973e+0,3.0978e+11,0.0000e+0
0.03438,0.08542,5.7314e+0,0.0000e+0,0.0000e+0
0.03646,0.08542,5.6708e+0,0.0000e+0,5.3325e+11
0.03854,0.08542,5.5832e+0,2.0560e+11,3.2620e+11
0.04063,0.08542,5.4920e+0,3.3380e+11,4.5967e+11
0.04271,0.08542,5.3951e+0,0.0000e+0,1.8203e+10
0.04479,0.08542,5.3005e+0,0.0000e+0,0.0000e+0
0.04688,0.08542,5.2111e+0,0.0000e+0,2.4627e+11
0.04896,0.08542,5.1084e+0,7.4817e+10,2.7854e+11
0.05104,0.08542,4.9902e+0,3.4462e+8,3.7270e+10
0.05312,0.08542,4.8640e+0,0.0000e+0,2.9731e+11
0.05521,0.08542,4.7145e+0,1.9128e+11,6.4289e+10
0.05729,0.08542,4.5709e+0,4.3105e+11,2.0959e+10
0.05937,0.08542,4.4543e+0,7.1492e+10,1.5184e+11
0.06146,0.08542,4.3331e+0,2.4713e+10,3.1156e+11
0.06354,0.08542,4.1917e+0,1.0930e+11,5.1794e+10
0.06563,0.08542,4.0543e+0,2.5101e+10,1.2044e+11
0.06771,0.08542,3.9069e+0,1.7060e+11,3.3282e+11
0.06979,0.08542,3.7481e+0,2.8533e+11,3.0951e+11
0.07187,0.08542,3.5961e+0,0.0000e+0,9.9979e+11
0.07396,0.08542,3.3873e+0,0.0000e+0,3.6403e+11
0.07604,0.08542,3.1664e+0,0.0000e+0,3.8332e+11
0.07813,0.08542,2.9291e+0,1.2498e+11,1.1668e+11
0.08021,0.08542,2.6992e+0,6.4055e+10,1.8366e+11
0.08229,0.08542,2.4653e+0,0.0000e+0,4.9951e+11
0.08438,0.08542,2.2033e+0,0.0000e+0,3.9583e+11
0.08646,0.08542,1.9220e+0,3.2759e+10,9.2124e+10
0.08854,0.08542,1.6473e+0,1.6396e+10,7.0994e+11
0.09062,0.08542,1.3367e+0,0.0000e+0,2.8070e+11
0.09271,0.08542,1.0216e+0,0.0000e+0,0.0000e+0
0.09479,0.08542,7.1879e-1,0.0000e+0,0.0000e+0
0.09688,0.08542,4.2541e-1,0.0000e+0,0.0000e+0
0.09896,0.08542,1.3968e-1,0.0000e+0,0.0000e+0
0.00104,0.08958,6.8061e+0,0.0000e+0,0.0000e+0
0.00313,0.08958,6.8357e+0,0.0000e+0,3.2311e+12
0.00521,0.08958,6.7140e+0,0.0000e+0,6.4215e+11
0.00729,0.08958,6.6252e+0,0.0000e+0,0.0000e+0
0.00937,0.08958,6.5776e+0,0.0000e+0,0.0000e+0
0.01146,0.08958,6.5518e+0,0.0000e+0,2.6508e+11
0.01354,0.08958,6.5191e+0,0.0000e+0,8.7859e+11
0.01563,0.08958,6.4335e+0,0.0000e+0,0.0000e+0
0.01771,0.08958,6.3689e+0,3.9722e+10,2.7687e+10
0.01979,0.08958,6.3271e+0,4.7801e+11,8.9271e+11
0.02187,0.08958,6.2701e+0,0.0000e+0,5.9157e+10
0.02396,0.08958,6.2287e+0,0.0000e+0,6.7399e+11
0.02604,0.08958,6.1613e+0,0.0000e+0,6.1990e+11
0.02813,0.08958,6.0693e+0,0.0000e+0,2.3050e+11
0.03021,0.08958,5.9702e+0,7.5644e+10,5.5441e+10
0.03229,0.08958,5.8724e+0,2.0715e+11,0.0000e+0
0.03438,0.08958,5.7919e+0,0.0000e+0,0.0000e+0
0.03646,0.08958,5.7139e+0,0.0000e+0,2.4620e+10
0.03854,0.08958,5.6342e+0,7.5110e+10,1.2902e+11
0.04063,0.08958,5.5516e+0,7.7083e+10,1.5774e+11
0.04271,0.08958,5.4623e+0,0.0000e+0,0.0000e+0
0.04479,0.08958,5.3729e+0,0.0000e+0,0.0000e+0
0.04688,0.08958,5.2849e+0,3.3733e+11,3.6880e+11
0.04896,0.08958,5.1975e+0,3.9714e+11,7.8646e+11
0.05104,0.08958,5.0900e+0,1.7523e+9,8.5535e+11
0.05312,0.08958,4.9391e+0,0.0000e+0,3.1012e+11
0.05521,0.08958,4.7771e+0,9.3095e+10,1.1529e+10
0.05729,0.08958,4.6261e+0,3.0440e+11,1.0247e+11
0.05937,0.08958,4.4895e+0,1.6329e+11,2.4005e+11
0.06146,0.08958,4.3532e+0,8.8200e+10,4.2515e+11
0.06354,0.08958,4.1950e+0,3.9218e+11,1.9464e+11
0.06563,0.08958,4.0533e+0,1.0985e+11,1.8263e+11
0.06771,0.08958,3.9080e+0,9.9850e+8,3.9155e+11
0.06979,0.08958,3.7360e+0,5.9944e+10,3.5157e+10
0.07187,0.08958,3.5655e+0,0.0000e+0,1.3040e+11
0.07396,0.08958,3.3850e+0,2.0939e+10,5.2854e+11
0.07604,0.08958,3.1761e+0,8.8223e+9,4.5556e+11
0.07813,0.08958,2.9452e+0,2.6304e+11,5.1097e+11
0.08021,0.08958,2.7100e+0,1.2857e+11,4.6367e+11
0.08229,0.08958,2.4575e+0,0.0000e+0,1.7340e+11
0.08438,0.08958,2.1961e+0,1.8639e+10,1.1107e+11
0.08646,0.08958,1.9267e+0,4.3425e+10,3.0895e+11
0.08854,0.08958,1.6414e+0,0.0000e+0,3.5467e+11
0.09062,0.08958,1.3303e+0,0.0000e+0,1.4760e+10
0.09271,0.08958,1.0225e+0,0.0000e+0,0.0000e+0
0.09479,0.08958,7.2146e-1,0.0000e+0,0.0000e+0
0.09688,0.08958,4.2759e-1,0.0000e+0,0.0000e+0
0.09896,0.08958,1.4047e-1,0.0000e+0,0.0000e+0
0.00104,0.09375,6.7794e+0,0.0000e+0,0.0000e+0
0.00313,0.09375,6.7702e+0,0.0000e+0,0.0000e+0
0.00521,0.09375,6.7443e+0,0.0000e+0,0.0000e+0
0.00729,0.09375,6.7200e+0,0.0000e+0,0.0000e+0
0.00937,0.09375,6.7058e+0,0.0000e+0,0.0000e+0
0.01146,0.09375,6.7059e+0,0.0000e+0,7.4740e+11
0.01354,0.09375,6.6741e+0,0.0000e+0,1.5722e+12
0.01563,0.09375,6.5594e+0,0.0000e+0,0.0000e+0
0.01771,0.09375,6.4692e+0,4.7799e+10,9.9055e+9
0.01979,0.09375,6.3945e+0,5.7521e+11,2.8929e+11
0.02187,0.09375,6.3291e+0,2.1307e+11,0.0000e+0
0.02396,0.09375,6.2735e+0,4.2540e+10,0.0000e+0
0.02604,0.09375,6.2133e+0,0.0000e+0,5.3670e+10
0.02813,0.09375,6.1465e+0,0.0000e+0,2.1229e+11
0.03021,0.09375,6.0691e+0,0.0000e+0,5.4691e+11
0.03229,0.09375,5.9608e+0,0.0000e+0,0.0000e+0
0.03438,0.09375,5.8617e+0,0.0000e+0,0.0000e+0
0.03646,0.09375,5.7734e+0,4.6992e+10,0.0000e+0
0.03854,0.09375,5.6993e+0,4.5373e+11,4.5832e+11
0.04063,0.09375,5.6322e+0,2.0937e+11,6.0683e+11
0.04271,0.09375,5.5474e+0,0.0000e+0,2.9078e+11
0.04479,0.09375,5.4555e+0,0.0000e+0,1.8090e+11
0.04688,0.09375,5.3649e+0,1.1691e+11,7.2981e+11
0.04896,0.09375,5.2456e+0,5.7943e+9,2.7654e+11
0.05104,0.09375,5.1158e+0,0.0000e+0,4.6054e+10
0.05312,0.09375,4.9859e+0,0.0000e+0,2.4645e+11
0.05521,0.09375,4.8465e+0,1.9645e+11,4.9861e+11
0.05729,0.09375,4.6987e+0,2.2342e+11,7.2394e+11
0.05937,0.09375,4.5266e+0,2.2278e+11,7.5711e+10
0.06146,0.09375,4.3718e+0,8.0986e+10,8.4437e+10
0.06354,0.09375,4.2137e+0,1.6444e+11,4.3509e+10
0.06563,0.09375,4.0626e+0,2.3575e+11,2.0143e+11
0.06771,0.09375,3.9122e+0,1.4880e+11,3.5577e+11
0.06979,0.09375,3.7409e+0,9.9861e+10,2.7267e+11
0.07187,0.09375,3.5555e+0,0.0000e+0,1.1694e+11
0.07396,0.09375,3.3577e+0,2.0225e+11,1.4533e+11
0.07604,0.09375,3.1573e+0,1.2436e+11,3.4856e+11
0.07813,0.09375,2.9352e+0,3.7174e+11,5.4028e+11
0.08021,0.09375,2.7026e+0,1.4372e+11,3.7198e+11
0.08229,0.09375,2.4565e+0,9.6369e+10,7.4793e+10
0.08438,0.09375,2.2158e+0,1.8050e+11,6.7091e+11
0.08646,0.09375,1.9470e+0,1.3913e+11,6.7155e+11
0.08854,0.09375,1.6551e+0,0.0000e+0,5.7839e+11
0.09062,0.09375,1.3345e+0,0.0000e+0,2.5258e+10
0.09271,0.09375,1.0236e+0,0.0000e+0,0.0000e+0
0.09479,0.09375,7.2175e-1,0.0000e+0,0.0000e+0
0.09688,0.09375,4.2769e-1,0.0000e+0,0.0000e+0
0.09896,0.09375,1.4051e-1,0.0000e+0,0.0000e+0
0.00104,0.09792,6.8226e+0,0.0000e+0,0.0000e+0
0.00313,0.09792,6.8177e+0,0.0000e+0,0.0000e+0
0.00521,0.09792,6.8086e+0,0.0000e+0,0.0000e+0
0.00729,0.09792,6.7970e+0,0.0000e+0,0.0000e+0
0.00937,0.09792,6.7833e+0,0.0000e+0,0.0000e+0
0.01146,0.09792,6.7638e+0,0.0000e+0,2.1441e+11
0.01354,0.09792,6.7122e+0,0.0000e+0,4.5930e+10
0.01563,0.09792,6.6422e+0,0.0000e+0,0.0000e+0
0.01771,0.09792,6.5743e+0,0.0000e+0,0.0000e+0
0.01979,0.09792,6.5162e+0,0.0000e+0,2.9627e+11
0.02187,0.09792,6.4503e+0,6.2700e+11,8.8363e+11
0.02396,0.09792,6.3734e+0,1.2518e+11,2.3986e+11
0.02604,0.09792,6.2955e+0,0.0000e+0,0.0000e+0
0.02813,0.09792,6.2211e+0,0.0000e+0,3.7792e+10
0.03021,0.09792,6.1455e+0,0.0000e+0,4.3112e+11
0.03229,0.09792,6.0389e+0,0.0000e+0,3.5108e+11
0.03438,0.09792,5.9110e+0,5.4365e+11,0.0000e+0
0.03646,0.09792,5.8140e+0,1.0160e+12,4.2501e+11
0.03854,0.09792,5.7497e+0,2.4353e+11,2.2610e+11
0.04063,0.09792,5.6730e+0,0.0000e+0,5.1102e+10
0.04271,0.09792,5.5866e+0,0.0000e+0,9.3259e+10
0.04479,0.09792,5.4936e+0,0.0000e+0,1.4198e+11
0.04688,0.09792,5.3929e+0,0.0000e+0,3.0624e+11
0.04896,0.09792,5.2715e+0,0.0000e+0,2.1262e+10
0.05104,0.09792,5.1488e+0,9.8229e+10,2.8186e+11
0.05312,0.09792,5.0146e+0,1.7761e+11,2.9718e+11
0.05521,0.09792,4.8727e+0,2.6153e+11,2.4393e+11
0.05729,0.09792,4.7332e+0,0.0000e+0,2.9961e+11
0.05937,0.09792,4.5741e+0,3.0058e+11,4.0603e+11
0.06146,0.09792,4.4139e+0,1.3978e+11,9.5449e+10
0.06354,0.09792,4.2611e+0,1.1801e+11,2.4347e+11
0.06563,0.09792,4.1041e+0,1.2953e+11,2.4012e+11
0.06771,0.09792,3.9475e+0,4.6708e+10,4.9284e+11
0.06979,0.09792,3.7699e+0,3.1345e+10,3.8460e+11
0.07187,0.09792,3.5802e+0,5.6636e+9,3.2172e+11
0.07396,0.09792,3.3838e+0,2.2259e+9,3.6587e+11
0.07604,0.09792,3.1766e+0,5.2083e+10,6.3812e+11
0.07813,0.09792,2.9405e+0,1.6882e+11,4.0144e+11
0.08021,0.09792,2.6988e+0,1.2413e+11,1.5064e+11
0.08229,0.09792,2.4657e+0,1.7454e+11,6.5449e+11
0.08438,0.09792,2.2105e+0,1.5078e+11,7.5528e+11
0.08646,0.09792,1.9244e+0,0.0000e+0,2.0578e+11
0.08854,0.09792,1.6310e+0,0.0000e+0,2.7908e+11
0.09062,0.09792,1.3209e+0,0.0000e+0,7.8056e+9
0.09271,0.09792,1.0158e+0,0.0000e+0,0.0000e+0
0.09479,0.09792,7.1726e-1,0.0000e+0,0.0000e+0
0.09688,0.09792,4.2535e-1,0.0000e+0,0.0000e+0
0.09896,0.09792,1.3978e-1,0.0000e+0,0.0000e+0
0.00104,0.10208,6.9038e+0,0.0000e+0,0.0000e+0
0.00313,0.10208,6.9021e+0,0.0000e+0,0.0000e+0
0.00521,0.10208,6.8992e+0,0.0000e+0,0.0000e+0
0.00729,0.10208,6.8967e+0,0.0000e+0,0.0000e+0
0.00937,0.10208,6.8980e+0,0.0000e+0,0.0000e+0
0.01146,0.10208,6.9093e+0,0.0000e+0,1.3452e+12
0.01354,0.10208,6.8470e+0,0.0000e+0,7.7449e+11
0.01563,0.10208,6.7527e+0,0.0000e+0,1.1075e+11
0.01771,0.10208,6.6701e+0,0.0000e+0,0.0000e+0
0.01979,0.10208,6.6023e+0,0.0000e+0,5.3924e+10
0.02187,0.10208,6.5443e+0,0.0000e+0,3.5652e+11
0.02396,0.10208,6.4702e+0,0.0000e+0,2.0802e+11
0.02604,0.10208,6.3883e+0,0.0000e+0,0.0000e+0
0.02813,0.10208,6.3103e+0,1.0887e+9,1.0294e+11
0.03021,0.10208,6.2356e+0,8.9736e+9,8.0622e+11
0.03229,0.10208,6.1223e+0,1.4013e+11,4.5836e+11
0.03438,0.10208,6.0006e+0,6.4856e+11,1.2709e+10
0.03646,0.10208,5.9310e+0,2.3482e+11,4.3656e+11
0.03854,0.10208,5.8624e+0,0.0000e+0,7.4418e+11
0.04063,0.10208,5.7537e+0,0.0000e+0,1.6674e+11
0.04271,0.10208,5.6402e+0,1.7099e+11,9.2664e+8
0.04479,0.10208,5.5355e+0,5.3664e+10,5.4282e+10
0.04688,0.10208,5.4272e+0,1.2029e+11,9.5219e+10
0.04896,0.10208,5.3169e+0,1.4607e+11,3.2563e+11
0.05104,0.10208,5.1893e+0,3.5472e+11,3.5245e+11
0.05312,0.10208,5.0567e+0,4.7069e+11,3.8692e+11
0.05521,0.10208,4.9124e+0,2.8169e+11,5.5841e+10
0.05729,0.10208,4.7742e+0,0.0000e+0,1.2053e+10
0.05937,0.10208,4.6212e+0,1.6547e+11,1.5925e+11
0.06146,0.10208,4.4625e+0,1.1969e+11,1.4721e+11
0.06354,0.10208,4.3003e+0,1.0865e+11,2.4966e+11
0.06563,0.10208,4.1317e+0,0.0000e+0,2.4384e+11
0.06771,0.10208,3.9496e+0,0.0000e+0,6.0484e+10
0.06979,0.10208,3.7627e+0,0.0000e+0,2.2517e+11
0.07187,0.10208,3.5571e+0,3.9713e+11,1.7035e+11
0.07396,0.10208,3.3622e+0,1.6598e+11,2.5338e+11
0.07604,0.10208,3.1497e+0,0.0000e+0,7.3226e+10
0.07813,0.10208,2.9224e+0,0.0000e+0,1.3168e+11
0.08021,0.10208,2.6809e+0,1.8906e+11,2.1626e+11
0.08229,0.10208,2.4350e+0,4.3136e+10,3.5025e+11
0.08438,0.10208,2.1657e+0,2.6289e+11,2.7154e+11
0.08646,0.10208,1.8944e+0,1.6948e+11,2.9390e+11
0.08854,0.10208,1.6143e+0,0.0000e+0,3.8284e+11
0.09062,0.10208,1.3131e+0,0.0000e+0,1.5692e+11
0.09271,0.10208,1.0089e+0,0.0000e+0,0.0000e+0
0.09479,0.10208,7.1228e-1,0.0000e+0,0.0000e+0
0.09688,0.10208,4.2243e-1,0.0000e+0,0.0000e+0
0.09896,0.10208,1.3883e-1,0.0000e+0,0.0000e+0
0.00104,0.10625,7.0011e+0,0.0000e+0,0.0000e+0
0.00313,0.10625,6.9981e+0,0.0000e+0,0.0000e+0
0.00521,0.10625,6.9920e+0,0.0000e+0,0.0000e+0
0.00729,0.10625,6.9821e+0,0.0000e+0,0.0000e+0
0.00937,0.10625,6.9672e+0,0.0000e+0,0.0000e+0
0.01146,0.10625,6.9457e+0,0.0000e+0,0.0000e+0
0.01354,0.10625,6.9147e+0,0.0000e+0,8.2333e+11
0.01563,0.10625,6.8292e+0,0.0000e+0,1.8750e+11
0.01771,0.10625,6.7417e+0,5.4126e+10,0.0000e+0
0.01979,0.10625,6.6586e+0,1.0115e+12,3.3192e+11
0.02187,0.10625,6.6160e+0,0.0000e+0,1.3225e+11
0.02396,0.10625,6.5599e+0,0.0000e+0,5.3012e+10
0.02604,0.10625,6.4910e+0,0.0000e+0,4.6354e+11
0.02813,0.10625,6.3784e+0,7.9728e+10,0.0000e+0
0.03021,0.10625,6.2591e+0,9.4964e+11,0.0000e+0
0.03229,0.10625,6.1807e+0,3.7857e+10,0.0000e+0
0.03438,0.10625,6.0972e+0,3.2512e+9,2.4713e+10
0.03646,0.10625,6.0190e+0,0.0000e+0,3.8235e+11
0.03854,0.10625,5.9209e+0,0.0000e+0,0.0000e+0
0.04063,0.10625,5.8243e+0,0.0000e+0,2.9593e+8
0.04271,0.10625,5.7327e+0,2.2352e+11,7.6734e+11
0.04479,0.10625,5.6134e+0,1.6186e+11,3.4137e+11
0.04688,0.10625,5.4961e+0,1.9098e+11,2.1547e+11
0.04896,0.10625,5.3903e+0,1.0970e+11,2.6293e+11
0.05104,0.10625,5.2875e+0,0.0000e+0,4.4695e+11
0.05312,0.10625,5.1761e+0,9.5565e+9,9.1542e+11
0.05521,0.10625,5.0282e+0,2.7568e+10,2.4420e+11
0.05729,0.10625,4.8922e+0,0.0000e+0,8.8939e+11
0.05937,0.10625,4.7135e+0,1.7997e+11,4.3361e+11
0.06146,0.10625,4.5344e+0,1.1346e+11,4.1701e+11
0.06354,0.10625,4.3492e+0,1.0770e+11,3.8166e+11
0.06563,0.10625,4.1586e+0,0.0000e+0,0.0000e+0
0.06771,0.10625,3.9746e+0,0.0000e+0,1.4579e+11
0.06979,0.10625,3.7827e+0,0.0000e+0,1.4802e+11
0.07187,0.10625,3.5860e+0,3.2378e+10,3.8543e+10
0.07396,0.10625,3.4012e+0,1.4497e+10,6.6297e+11
0.07604,0.10625,3.1830e+0,0.0000e+0,4.3661e+11
0.07813,0.10625,2.9449e+0,0.0000e+0,3.7482e+11
0.08021,0.10625,2.6916e+0,0.0000e+0,2.5647e+11
0.08229,0.10625,2.4299e+0,6.3051e+10,3.9445e+11
0.08438,0.10625,2.1519e+0,2.5987e+11,2.3311e+11
0.08646,0.10625,1.8804e+0,1.6704e+11,4.4636e+11
0.08854,0.10625,1.5892e+0,0.0000e+0,4.6485e+10
0.09062,0.10625,1.2957e+0,0.0000e+0,1.0149e+11
0.09271,0.10625,9.9840e-1,0.0000e+0,0.0000e+0
0.09479,0.10625,7.0611e-1,0.0000e+0,0.0000e+0
0.09688,0.10625,4.1918e-1,0.0000e+0,0.0000e+0
0.09896,0.10625,1.3783e-1,0.0000e+0,0.0000e+0
0.00104,0.11042,7.1204e+0,0.0000e+0,0.0000e+0
0.00313,0.11042,7.1181e+0,0.0000e+0,0.0000e+0
0.00521,0.11042,7.1127e+0,0.0000e+0,0.0000e+0
0.00729,0.11042,7.1014e+0,0.0000e+0,0.0000e+0
0.00937,0.11042,7.0795e+0,0.0000e+0,0.0000e+0
0.01146,0.11042,7.0381e+0,0.0000e+0,0.0000e+0
0.01354,0.11042,6.9771e+0,0.0000e+0,0.0000e+0
0.01563,0.11042,6.9005e+0,8.9156e+10,0.0000e+0
0.01771,0.11042,6.8358e+0,1.5594e+10,0.0000e+0
0.01979,0.11042,6.7745e+0,7.9988e+11,4.8207e+11
0.02187,0.11042,6.7394e+0,2.5264e+11,1.8776e+11
0.02396,0.11042,6.7061e+0,0.0000e+0,4.9964e+11
0.02604,0.11042,6.6516e+0,0.0000e+0,9.7916e+11
0.02813,0.11042,6.5479e+0,0.0000e+0,6.6527e+11
0.03021,0.11042,6.4192e+0,3.6059e+11,5.0724e+11
0.03229,0.11042,6.2997e+0,4.5579e+10,5.7359e+10
0.03438,0.11042,6.1896e+0,6.6253e+10,0.0000e+0
0.03646,0.11042,6.0869e+0,6.6677e+10,0.0000e+0
0.03854,0.11042,5.9943e+0,0.0000e+0,2.2672e+11
0.04063,0.11042,5.8943e+0,0.0000e+0,2.8340e+11
0.04271,0.11042,5.7834e+0,0.0000e+0,3.4908e+11
0.04479,0.11042,5.6534e+0,1.4100e+11,1.1523e+10
0.04688,0.11042,5.5369e+0,1.5474e+11,1.6975e+11
0.04896,0.11042,5.4223e+0,7.1280e+10,2.5797e+11
0.05104,0.11042,5.2972e+0,2.2795e+11,2.1961e+11
0.05312,0.11042,5.1768e+0,2.3171e+11,3.5426e+11
0.05521,0.11042,5.0509e+0,2.7070e+11,4.0839e+11
0.05729,0.11042,4.9239e+0,0.0000e+0,8.3011e+11
0.05937,0.11042,4.7484e+0,4.5390e+10,5.1593e+11
0.06146,0.11042,4.5540e+0,1.8652e+11,2.5565e+11
0.06354,0.11042,4.3629e+0,1.3293e+11,5.2301e+10
0.06563,0.11042,4.1830e+0,0.0000e+0,3.1613e+9
0.06771,0.11042,4.0083e+0,0.0000e+0,5.3720e+11
0.06979,0.11042,3.7992e+0,1.0881e+11,1.5164e+11
0.07187,0.11042,3.5898e+0,2.2238e+11,3.7199e+10
0.07396,0.11042,3.3916e+0,3.0210e+11,3.7640e+11
0.07604,0.11042,3.1842e+0,0.0000e+0,5.0448e+11
0.07813,0.11042,2.9368e+0,0.0000e+0,9.2335e+10
0.08021,0.11042,2.6818e+0,7.4890e+10,2.2094e+11
0.08229,0.11042,2.4179e+0,5.6741e+10,1.1920e+11
0.08438,0.11042,2.1514e+0,7.0654e+10,1.3488e+11
0.08646,0.11042,1.8831e+0,0.0000e+0,4.0492e+11
0.08854,0.11042,1.5859e+0,0.0000e+0,2.8803e+10
0.09062,0.11042,1.2889e+0,0.0000e+0,0.0000e+0
0.09271,0.11042,9.9447e-1,0.0000e+0,0.0000e+0
0.09479,0.11042,7.0391e-1,0.0000e+0,0.0000e+0
0.09688,0.11042,4.1808e-1,0.0000e+0,0.0000e+0
0.09896,0.11042,1.3750e-1,0.0000e+0,0.0000e+0
0.00104,0.11458,7.2579e+0,0.0000e+0,0.0000e+0
0.00313,0.11458,7.2620e+0,0.0000e+0,0.0000e+0
0.00521,0.11458,7.2702e+0,0.0000e+0,0.0000e+0
0.00729,0.11458,7.2822e+0,0.0000e+0,0.0000e+0
0.00937,0.11458,7.2972e+0,0.0000e+0,1.1842e+12
0.01146,0.11458,7.2457e+0,0.0000e+0,1.1949e+12
0.01354,0.11458,7.1444e+0,0.0000e+0,1.0554e+12
0.01563,0.11458,7.0022e+0,1.1553e+12,0.0000e+0
0.01771,0.11458,6.9543e+0,1.5470e+11,0.0000e+0
0.01979,0.11458,6.9334e+0,8.7379e+10,1.0836e+12
0.02187,0.11458,6.8616e+0,3.0175e+10,2.1631e+11
0.02396,0.11458,6.7956e+0,0.0000e+0,2.8816e+11
0.02604,0.11458,6.7269e+0,0.0000e+0,3.9360e+11
0.02813,0.11458,6.6431e+0,0.0000e+0,7.7196e+11
0.03021,0.11458,6.5239e+0,0.0000e+0,1.5416e+11
0.03229,0.11458,6.4148e+0,0.0000e+0,2.7037e+11
0.03438,0.11458,6.3038e+0,2.4887e+11,7.7413e+11
0.03646,0.11458,6.1628e+0,3.4725e+11,9.9018e+9
0.03854,0.11458,6.0467e+0,3.6749e+11,1.8995e+11
0.04063,0.11458,5.9405e+0,0.0000e+0,8.5310e+10
0.04271,0.11458,5.8242e+0,0.0000e+0,2.1518e+10
0.04479,0.11458,5.7025e+0,2.3752e+10,4.2004e+10
0.04688,0.11458,5.5821e+0,1.6250e+11,3.6678e+11
0.04896,0.11458,5.4520e+0,3.1446e+11,2.7246e+11
0.05104,0.11458,5.3202e+0,6.3079e+11,5.7818e+11
0.05312,0.11458,5.1852e+0,7.0829e+11,5.4898e+11
0.05521,0.11458,5.0511e+0,2.1506e+11,2.1188e+11
0.05729,0.11458,4.9108e+0,2.7941e+11,6.6194e+11
0.05937,0.11458,4.7367e+0,2.6210e+11,1.5360e+11
0.06146,0.11458,4.5639e+0,2.0563e+11,2.7158e+11
0.06354,0.11458,4.3830e+0,8.9965e+10,9.6003e+9
0.06563,0.11458,4.2085e+0,0.0000e+0,1.1764e+10
0.06771,0.11458,4.0341e+0,0.0000e+0,5.0922e+11
0.06979,0.11458,3.8264e+0,1.6686e+11,1.7688e+11
0.07187,0.11458,3.6243e+0,6.9677e+10,3.0259e+11
0.07396,0.11458,3.4155e+0,1.8867e+11,1.7163e+11
0.07604,0.11458,3.2124e+0,0.0000e+0,7.7233e+11
0.07813,0.11458,2.9565e+0,0.0000e+0,1.6725e+11
0.08021,0.11458,2.6902e+0,1.3766e+11,1.6848e+11
0.08229,0.11458,2.4231e+0,1.0843e+11,1.5746e+10
0.08438,0.11458,2.1626e+0,1.1082e+11,1.5671e+11
0.08646,0.11458,1.9015e+0,0.0000e+0,5.5545e+11
0.08854,0.11458,1.6004e+0,0.0000e+0,2.1118e+10
0.09062,0.11458,1.2992e+0,0.0000e+0,0.0000e+0
0.09271,0.11458,1.0013e+0,0.0000e+0,0.0000e+0
0.09479,0.11458,7.0814e-1,0.0000e+0,0.0000e+0
0.09688,0.11458,4.2037e-1,0.0000e+0,0.0000e+0
0.09896,0.11458,1.3821e-1,0.0000e+0,0.0000e+0
0.00104,0.11875,7.3623e+0,0.0000e+0,0.0000e+0
0.00313,0.11875,7.3724e+0,0.0000e+0,0.0000e+0
0.00521,0.11875,7.3950e+0,0.0000e+0,0.0000e+0
0.00729,0.11875,7.4356e+0,0.0000e+0,1.1611e+12
0.00937,0.11875,7.4255e+0,0.0000e+0,1.7973e+12
0.01146,0.11875,7.3335e+0,0.0000e+0,9.4361e+11
0.01354,0.11875,7.2185e+0,2.8973e+10,4.3109e+11
0.01563,0.11875,7.1037e+0,6.5732e+11,2.0781e+11
0.01771,0.11875,7.0477e+0,0.0000e+0,0.0000e+0
0.01979,0.11875,7.0178e+0,0.0000e+0,1.1941e+12
0.02187,0.11875,6.9274e+0,9.5310e+10,5.6716e+11
0.02396,0.11875,6.8287e+0,2.3114e+11,6.8147e+10
0.02604,0.11875,6.7634e+0,0.0000e+0,5.8193e+11
0.02813,0.11875,6.6673e+0,0.0000e+0,9.2644e+10
0.03021,0.11875,6.5716e+0,0.0000e+0,1.7382e+10
0.03229,0.11875,6.4808e+0,0.0000e+0,1.9073e+10
0.03438,0.11875,6.3990e+0,0.0000e+0,8.9424e+11
0.03646,0.11875,6.2678e+0,2.5725e+10,3.4550e+10
0.03854,0.11875,6.1468e+0,9.7676e+10,1.5439e+11
0.04063,0.11875,6.0235e+0,0.0000e+0,0.0000e+0
0.04271,0.11875,5.9028e+0,0.0000e+0,3.0214e+11
0.04479,0.11875,5.7636e+0,7.6912e+10,9.4968e+10
0.04688,0.11875,5.6263e+0,4.1385e+11,0.0000e+0
0.04896,0.11875,5.5165e+0,0.0000e+0,1.2903e+11
0.05104,0.11875,5.3969e+0,0.0000e+0,3.5468e+11
0.05312,0.11875,5.2540e+0,2.5293e+11,2.0342e+11
0.05521,0.11875,5.1109e+0,1.7315e+11,4.8817e+11
0.05729,0.11875,4.9375e+0,4.2101e+11,1.9604e+11
0.05937,0.11875,4.7724e+0,1.8626e+11,6.8526e+10
0.06146,0.11875,4.6071e+0,1.9692e+11,3.4940e+11
0.06354,0.11875,4.4299e+0,1.1037e+11,6.4047e+10
0.06563,0.11875,4.2523e+0,5.1941e+10,2.3977e+11
0.06771,0.11875,4.0565e+0,9.7273e+10,1.6206e+11
0.06979,0.11875,3.8506e+0,1.8548e+11,6.9858e+10
0.07187,0.11875,3.6473e+0,2.5752e+11,1.7573e+11
0.07396,0.11875,3.4457e+0,3.0094e+10,2.4583e+11
0.07604,0.11875,3.2346e+0,0.0000e+0,4.4191e+11
0.07813,0.11875,2.9929e+0,0.0000e+0,4.0135e+11
0.08021,0.11875,2.7273e+0,0.0000e+0,2.2506e+11
0.08229,0.11875,2.4515e+0,2.4896e+11,1.0356e+11
0.08438,0.11875,2.1908e+0,3.1803e+11,3.7707e+11
0.08646,0.11875,1.9326e+0,0.0000e+0,6.5311e+11
0.08854,0.11875,1.6374e+0,0.0000e+0,4.1916e+11
0.09062,0.11875,1.3236e+0,0.0000e+0,6.5017e+10
0.09271,0.11875,1.0156e+0,0.0000e+0,0.0000e+0
0.09479,0.11875,7.1644e-1,0.0000e+0,0.0000e+0
0.09688,0.11875,4.2469e-1,0.0000e+0,0.0000e+0
0.09896,0.11875,1.3955e-1,0.0000e+0,0.0000e+0
0.00104,0.12292,7.3856e+0,0.0000e+0,0.0000e+0
0.00313,0.12292,7.3897e+0,0.0000e+0,0.0000e+0
0.00521,0.12292,7.3979e+0,0.0000e+0,0.0000e+0
0.00729,0.12292,7.4105e+0,0.0000e+0,9.4971e+11
0.00937,0.12292,7.3616e+0,0.0000e+0,3.3610e+11
0.01146,0.12292,7.2925e+0,0.0000e+0,0.0000e+0
0.01354,0.12292,7.2267e+0,3.1878e+10,4.1934e+11
0.01563,0.12292,7.1393e+0,7.2322e+11,7.6306e+11
0.01771,0.12292,7.0639e+0,0.0000e+0,0.0000e+0
0.01979,0.12292,6.9936e+0,0.0000e+0,7.1964e+10
0.02187,0.12292,6.9125e+0,1.8471e+11,1.3673e+11
0.02396,0.12292,6.8270e+0,4.4794e+11,3.2796e+10
0.02604,0.12292,6.7665e+0,0.0000e+0,2.2691e+11
0.02813,0.12292,6.6892e+0,0.0000e+0,0.0000e+0
0.03021,0.12292,6.6203e+0,0.0000e+0,5.5640e+11
0.03229,0.12292,6.5270e+0,0.0000e+0,1.5200e+11
0.03438,0.12292,6.4366e+0,5.2019e+9,1.4903e+10
0.03646,0.12292,6.3560e+0,2.4481e+11,9.3063e+11
0.03854,0.12292,6.2600e+0,1.1675e+11,1.0579e+12
0.04063,0.12292,6.1209e+0,0.0000e+0,1.5146e+11
0.04271,0.12292,5.9862e+0,0.0000e+0,1.9730e+11
0.04479,0.12292,5.8425e+0,1.2717e+11,7.5976e+10
0.04688,0.12292,5.7049e+0,5.4874e+11,4.8255e+10
0.04896,0.12292,5.5998e+0,3.3963e+10,3.2279e+11
0.05104,0.12292,5.4767e+0,1.4361e+11,2.3385e+11
0.05312,0.12292,5.3525e+0,2.5448e+11,5.6087e+11
0.05521,0.12292,5.2174e+0,0.0000e+0,9.8932e+11
0.05729,0.12292,5.0273e+0,2.8092e+11,1.5641e+11
0.05937,0.12292,4.8665e+0,8.1891e+10,6.9634e+11
0.06146,0.12292,4.6796e+0,3.8757e+11,5.1669e+11
0.06354,0.12292,4.5057e+0,1.4418e+11,4.4695e+11
0.06563,0.12292,4.3317e+0,3.4314e+11,1.0633e+12
0.06771,0.12292,4.1263e+0,1.7767e+11,4.7197e+11
0.06979,0.12292,3.9200e+0,5.7524e+9,3.8292e+11
0.07187,0.12292,3.7041e+0,4.5002e+10,2.2911e+11
0.07396,0.12292,3.4861e+0,3.9519e+10,1.4337e+11
0.07604,0.12292,3.2650e+0,0.0000e+0,2.4699e+11
0.07813,0.12292,3.0261e+0,0.0000e+0,3.7698e+11
0.08021,0.12292,2.7624e+0,0.0000e+0,1.9558e+11
0.08229,0.12292,2.4943e+0,4.8234e+10,4.2596e+11
0.08438,0.12292,2.2127e+0,1.2840e+10,1.1447e+11
0.08646,0.12292,1.9328e+0,0.0000e+0,1.5360e+11
0.08854,0.12292,1.6459e+0,0.0000e+0,4.4189e+11
0.09062,0.12292,1.3330e+0,7.3506e+10,1.6316e+11
0.09271,0.12292,1.0220e+0,2.3699e+10,0.0000e+0
0.09479,0.12292,7.2102e-1,0.0000e+0,0.0000e+0
0.09688,0.12292,4.2737e-1,0.0000e+0,0.0000e+0
0.09896,0.12292,1.4042e-1,0.0000e+0,0.0000e+0
0.00104,0.12708,7.3759e+0,0.0000e+0,0.0000e+0
0.00313,0.12708,7.3731e+0,0.0000e+0,0.0000e+0
0.00521,0.12708,7.3665e+0,0.0000e+0,0.0000e+0
0.00729,0.12708,7.3529e+0,0.0000e+0,0.0000e+0
0.00937,0.12708,7.3261e+0,0.0000e+0,0.0000e+0
0.01146,0.12708,7.2877e+0,0.0000e+0,0.0000e+0
0.01354,0.12708,7.2365e+0,0.0000e+0,0.0000e+0
0.01563,0.12708,7.1735e+0,0.0000e+0,0.0000e+0
0.01771,0.12708,7.1024e+0,0.0000e+0,0.0000e+0
0.01979,0.12708,7.0223e+0,2.2637e+11,0.0000e+0
0.02187,0.12708,6.9468e+0,7.1122e+11,6.1536e+11
0.02396,0.12708,6.8777e+0,0.0000e+0,3.6170e+11
0.02604,0.12708,6.7869e+0,0.0000e+0,0.0000e+0
0.02813,0.12708,6.6994e+0,0.0000e+0,0.0000e+0
0.03021,0.12708,6.6147e+0,5.0361e+10,0.0000e+0
0.03229,0.12708,6.5367e+0,1.2081e+10,1.6192e+11
0.03438,0.12708,6.4512e+0,8.7871e+10,4.5710e+11
0.03646,0.12708,6.3330e+0,9.6790e+11,1.8537e+11
0.03854,0.12708,6.2638e+0,4.2320e+11,5.2470e+11
0.04063,0.12708,6.1814e+0,0.0000e+0,4.8135e+11
0.04271,0.12708,6.0707e+0,0.0000e+0,2.5188e+11
0.04479,0.12708,5.9529e+0,1.6342e+10,4.5117e+11
0.04688,0.12708,5.8180e+0,7.4861e+10,1.7636e+11
0.04896,0.12708,5.6885e+0,2.9014e+11,3.7754e+11
0.05104,0.12708,5.5614e+0,1.2888e+11,5.2453e+11
0.05312,0.12708,5.4114e+0,2.8137e+10,2.0172e+11
0.05521,0.12708,5.2577e+0,0.0000e+0,5.2497e+11
0.05729,0.12708,5.0718e+0,0.0000e+0,6.0453e+10
0.05937,0.12708,4.8934e+0,0.0000e+0,3.8326e+11
0.06146,0.12708,4.6986e+0,1.6457e+11,2.3747e+11
0.06354,0.12708,4.5092e+0,7.8287e+10,4.7014e+10
0.06563,0.12708,4.3262e+0,3.1045e+9,1.6464e+11
0.06771,0.12708,4.1336e+0,6.3478e+8,1.7041e+11
0.06979,0.12708,3.9346e+0,9.8530e+10,2.6120e+11
0.07187,0.12708,3.7324e+0,4.3270e+11,6.6111e+11
0.07396,0.12708,3.5298e+0,4.2713e+11,9.3243e+11
0.07604,0.12708,3.3141e+0,0.0000e+0,7.5220e+11
0.07813,0.12708,3.0669e+0,0.0000e+0,7.7437e+11
0.08021,0.12708,2.7816e+0,0.0000e+0,1.0044e+11
0.08229,0.12708,2.5003e+0,1.1248e+11,1.5831e+11
0.08438,0.12708,2.2226e+0,3.5524e+10,1.9447e+11
0.08646,0.12708,1.9403e+0,0.0000e+0,2.0341e+11
0.08854,0.12708,1.6482e+0,0.0000e+0,3.4920e+11
0.09062,0.12708,1.3352e+0,1.1232e+11,1.9951e+11
0.09271,0.12708,1.0236e+0,3.6214e+10,0.0000e+0
0.09479,0.12708,7.2238e-1,0.0000e+0,0.0000e+0
0.09688,0.12708,4.2824e-1,0.0000e+0,0.0000e+0
0.09896,0.12708,1.4071e-1,0.0000e+0,0.0000e+0
0.00104,0.13125,7.3886e+0,0.0000e+0,0.0000e+0
0.00313,0.13125,7.3853e+0,0.0000e+0,0.0000e+0
0.00521,0.13125,7.3792e+0,0.0000e+0,0.0000e+0
0.00729,0.13125,7.3718e+0,0.0000e+0,0.0000e+0
0.00937,0.13125,7.3658e+0,0.0000e+0,0.0000e+0
0.01146,0.13125,7.3665e+0,0.0000e+0,7.6833e+11
0.01354,0.13125,7.3280e+0,0.0000e+0,4.7755e+11
0.01563,0.13125,7.2761e+0,0.0000e+0,5.4625e+11
0.01771,0.13125,7.2131e+0,0.0000e+0,5.6098e+11
0.01979,0.13125,7.1377e+0,2.6624e+10,5.7365e+11
0.02187,0.13125,7.0454e+0,8.3649e+10,6.0197e+11
0.02396,0.13125,6.9291e+0,0.0000e+0,0.0000e+0
0.02604,0.13125,6.8236e+0,0.0000e+0,0.0000e+0
0.02813,0.13125,6.7234e+0,0.0000e+0,0.0000e+0
0.03021,0.13125,6.6200e+0,5.3968e+11,0.0000e+0
0.03229,0.13125,6.5499e+0,1.2946e+11,1.2043e+10
0.03438,0.13125,6.4774e+0,0.0000e+0,3.5901e+10
0.03646,0.13125,6.3945e+0,3.1493e+11,1.7572e+11
0.03854,0.13125,6.3141e+0,2.5619e+11,3.1405e+11
0.04063,0.13125,6.2243e+0,0.0000e+0,0.0000e+0
0.04271,0.13125,6.1266e+0,0.0000e+0,3.1337e+10
0.04479,0.13125,6.0199e+0,0.0000e+0,1.6009e+11
0.04688,0.13125,5.9009e+0,0.0000e+0,3.8780e+11
0.04896,0.13125,5.7610e+0,2.3563e+11,1.6882e+11
0.05104,0.13125,5.6320e+0,2.2546e+11,9.4935e+11
0.05312,0.13125,5.4535e+0,2.2069e+11,1.4228e+11
0.05521,0.13125,5.2881e+0,0.0000e+0,3.9502e+11
0.05729,0.13125,5.0932e+0,0.0000e+0,1.3522e+11
0.05937,0.13125,4.8924e+0,1.6522e+11,1.2578e+11
0.06146,0.13125,4.6951e+0,1.8054e+11,0.0000e+0
0.06354,0.13125,4.5154e+0,9.4962e+10,1.9797e+11
0.06563,0.13125,4.3373e+0,3.5285e+10,4.7188e+11
0.06771,0.13125,4.1387e+0,0.0000e+0,3.0283e+11
0.06979,0.13125,3.9312e+0,4.3621e+10,3.3900e+11
0.07187,0.13125,3.7121e+0,1.3884e+11,1.2404e+11
0.07396,0.13125,3.4992e+0,7.5628e+10,2.0004e+11
0.07604,0.13125,3.2807e+0,2.4828e+11,5.0802e+11
0.07813,0.13125,3.0455e+0,0.0000e+0,5.0981e+11
0.08021,0.13125,2.7820e+0,0.0000e+0,3.5335e+11
0.08229,0.13125,2.5058e+0,9.3090e+10,2.8506e+11
0.08438,0.13125,2.2270e+0,1.8496e+11,3.3371e+11
0.08646,0.13125,1.9504e+0,8.5066e+10,5.7247e+11
0.08854,0.13125,1.6529e+0,0.0000e+0,5.0304e+11
0.09062,0.13125,1.3325e+0,0.0000e+0,0.0000e+0
0.09271,0.13125,1.0227e+0,0.0000e+0,0.0000e+0
0.09479,0.13125,7.2149e-1,0.0000e+0,0.0000e+0
0.09688,0.13125,4.2768e-1,0.0000e+0,0.0000e+0
0.09896,0.13125,1.4053e-1,0.0000e+0,0.0000e+0
0.00104,0.13542,7.4283e+0,0.0000e+0,0.0000e+0
0.00313,0.13542,7.4214e+0,0.0000e+0,0.0000e+0
0.00521,0.13542,7.4084e+0,0.0000e+0,0.0000e+0
0.00729,0.13542,7.3927e+0,0.0000e+0,0.0000e+0
0.00937,0.13542,7.3803e+0,0.0000e+0,0.0000e+0
0.01146,0.13542,7.3748e+0,0.0000e+0,3.5845e+11
0.01354,0.13542,7.3502e+0,0.0000e+0,7.6793e+11
0.01563,0.13542,7.2832e+0,5.9786e+11,6.5001e+11
0.01771,0.13542,7.2301e+0,1.2462e+11,1.1924e+11
0.01979,0.13542,7.1747e+0,0.0000e+0,3.9577e+11
0.02187,0.13542,7.0913e+0,0.0000e+0,5.6847e+11
0.02396,0.13542,6.9757e+0,0.0000e+0,0.0000e+0
0.02604,0.13542,6.8722e+0,1.1921e+11,1.8365e+10
0.02813,0.13542,6.7901e+0,2.9258e+11,5.7930e+11
0.03021,0.13542,6.6967e+0,0.0000e+0,0.0000e+0
0.03229,0.13542,6.6195e+0,0.0000e+0,0.0000e+0
0.03438,0.13542,6.5529e+0,0.0000e+0,2.1150e+10
0.03646,0.13542,6.4938e+0,0.0000e+0,5.8163e+11
0.03854,0.13542,6.4105e+0,0.0000e+0,3.9407e+11
0.04063,0.13542,6.3177e+0,0.0000e+0,2.2082e+11
0.04271,0.13542,6.2285e+0,0.0000e+0,7.5984e+11
0.04479,0.13542,6.1067e+0,0.0000e+0,4.6546e+11
0.04688,0.13542,5.9685e+0,1.3579e+11,2.8095e+11
0.04896,0.13542,5.8371e+0,5.9478e+10,5.2528e+11
0.05104,0.13542,5.6889e+0,5.2617e+10,7.9832e+11
0.05312,0.13542,5.5055e+0,1.0979e+11,1.8367e+11
0.05521,0.13542,5.3402e+0,0.0000e+0,9.3463e+11
0.05729,0.13542,5.1242e+0,1.9806e+11,2.9499e+11
0.05937,0.13542,4.9132e+0,2.4402e+11,1.9421e+11
0.06146,0.13542,4.7101e+0,2.1268e+11,2.1948e+11
0.06354,0.13542,4.5126e+0,1.5974e+11,1.3891e+11
0.06563,0.13542,4.3182e+0,5.9355e+10,1.9094e+11
0.06771,0.13542,4.1086e+0,2.1478e+11,5.1118e+10
0.06979,0.13542,3.9064e+0,2.0362e+10,7.9522e+10
0.07187,0.13542,3.6978e+0,1.4776e+10,2.0415e+11
0.07396,0.13542,3.4769e+0,1.0018e+11,1.6525e+11
0.07604,0.13542,3.2537e+0,5.5134e+10,4.1613e+11
0.07813,0.13542,3.0043e+0,1.7628e+11,2.3925e+11
0.08021,0.13542,2.7502e+0,0.0000e+0,5.5689e+10
0.08229,0.13542,2.4918e+0,0.0000e+0,4.7665e+11
0.08438,0.13542,2.2027e+0,1.7374e+11,1.3544e+11
0.08646,0.13542,1.9192e+0,7.4706e+10,2.7726e+11
0.08854,0.13542,1.6198e+0,1.1171e+11,1.4169e+11
0.09062,0.13542,1.3171e+0,0.0000e+0,2.7769e+10
0.09271,0.13542,1.0146e+0,0.0000e+0,0.0000e+0
0.09479,0.13542,7.1717e-1,0.0000e+0,0.0000e+0
0.09688,0.13542,4.2553e-1,0.0000e+0,0.0000e+0
0.09896,0.13542,1.3988e-1,0.0000e+0,0.0000e+0
0.00104,0.13958,7.5242e+0,0.0000e+0,0.0000e+0
0.00313,0.13958,7.5090e+0,0.0000e+0,0.0000e+0
0.00521,0.13958,7.4700e+0,0.0000e+0,0.0000e+0
0.00729,0.13958,7.4164e+0,1.2101e+11,0.0000e+0
0.00937,0.13958,7.3757e+0,1.8400e+11,0.0000e+0
0.01146,0.13958,7.3573e+0,0.0000e+0,0.0000e+0
0.01354,0.13958,7.3296e+0,0.0000e+0,2.3126e+11
0.01563,0.13958,7.2767e+0,5.6152e+11,2.2649e+11
0.01771,0.13958,7.2528e+0,1.1704e+11,9.1722e+10
0.01979,0.13958,7.2287e+0,0.0000e+0,1.3293e+12
0.02187,0.13958,7.1256e+0,0.0000e+0,3.9192e+11
0.02396,0.13958,7.0116e+0,0.0000e+0,0.0000e+0
0.02604,0.13958,6.9113e+0,1.1635e+11,2.1810e+11
0.02813,0.13958,6.8174e+0,4.6715e+11,3.6518e+11
0.03021,0.13958,6.7320e+0,1.1823e+11,0.0000e+0
0.03229,0.13958,6.6649e+0,0.0000e+0,0.0000e+0
0.03438,0.13958,6.6066e+0,0.0000e+0,4.7664e+11
0.03646,0.13958,6.5239e+0,0.0000e+0,8.6686e+10
0.03854,0.13958,6.4401e+0,0.0000e+0,2.0990e+11
0.04063,0.13958,6.3461e+0,0.0000e+0,2.0516e+11
0.04271,0.13958,6.2424e+0,1.9875e+11,3.6262e+11
0.04479,0.13958,6.1371e+0,1.4436e+10,7.8394e+11
0.04688,0.13958,5.9938e+0,2.6147e+11,4.4403e+11
0.04896,0.13958,5.8579e+0,1.9688e+11,1.1882e+12
0.05104,0.13958,5.6725e+0,0.0000e+0,1.6472e+11
0.05312,0.13958,5.4926e+0,3.2252e+10,3.8501e+10
0.05521,0.13958,5.3295e+0,3.5201e+11,8.4997e+11
0.05729,0.13958,5.1418e+0,9.7477e+10,6.3976e+11
0.05937,0.13958,4.9350e+0,3.0379e+10,1.6810e+11
0.06146,0.13958,4.7348e+0,3.2115e+10,3.4843e+11
0.06354,0.13958,4.5261e+0,3.0257e+11,1.3370e+11
0.06563,0.13958,4.3405e+0,0.0000e+0,5.1767e+11
0.06771,0.13958,4.1245e+0,2.6788e+11,2.4329e+11
0.06979,0.13958,3.9134e+0,1.8417e+11,2.9306e+11
0.07187,0.13958,3.6985e+0,2.8157e+11,4.8270e+11
0.07396,0.13958,3.4691e+0,4.3513e+11,3.9146e+11
0.07604,0.13958,3.2407e+0,1.7079e+11,4.1274e+11
0.07813,0.13958,2.9953e+0,1.2356e+11,2.6226e+11
0.08021,0.13958,2.7445e+0,1.7357e+11,4.2649e+11
0.08229,0.13958,2.4789e+0,1.6214e+11,5.1440e+11
0.08438,0.13958,2.1923e+0,1.8724e+11,1.7266e+11
0.08646,0.13958,1.9142e+0,4.1186e+10,2.8947e+11
0.08854,0.13958,1.6210e+0,6.8026e+10,2.9682e+11
0.09062,0.13958,1.3199e+0,0.0000e+0,2.0039e+11
0.09271,0.13958,1.0136e+0,0.0000e+0,0.0000e+0
0.09479,0.13958,7.1542e-1,0.0000e+0,0.0000e+0
0.09688,0.13958,4.2424e-1,0.0000e+0,0.0000e+0
0.09896,0.13958,1.3942e-1,0.0000e+0,0.0000e+0
0.00104,0.14375,7.7398e+0,0.0000e+0,0.0000e+0
0.00313,0.14375,7.7625e+0,0.0000e+0,2.6216e+12
0.00521,0.14375,7.6649e+0,0.0000e+0,1.9159e+12
0.00729,0.14375,7.5005e+0,9.1836e+11,0.0000e+0
0.00937,0.14375,7.4085e+0,1.3964e+12,0.0000e+0
0.01146,0.14375,7.3939e+0,0.0000e+0,0.0000e+0
0.01354,0.14375,7.3619e+0,0.0000e+0,0.0000e+0
0.01563,0.14375,7.3189e+0,0.0000e+0,0.0000e+0
0.01771,0.14375,7.2675e+0,0.0000e+0,2.5846e+10
0.01979,0.14375,7.2088e+0,0.0000e+0,3.1893e+11
0.02187,0.14375,7.1214e+0,0.0000e+0,6.9180e+10
0.02396,0.14375,7.0301e+0,0.0000e+0,0.0000e+0
0.02604,0.14375,6.9447e+0,0.0000e+0,2.4768e+11
0.02813,0.14375,6.8488e+0,2.8700e+11,1.9976e+11
0.03021,0.14375,6.7609e+0,1.8686e+11,0.0000e+0
0.03229,0.14375,6.6920e+0,0.0000e+0,0.0000e+0
0.03438,0.14375,6.6246e+0,0.0000e+0,9.3305e+10
0.03646,0.14375,6.5503e+0,0.0000e+0,1.9457e+11
0.03854,0.14375,6.4642e+0,0.0000e+0,1.9897e+11
0.04063,0.14375,6.3687e+0,0.0000e+0,5.6933e+11
0.04271,0.14375,6.2382e+0,3.4118e+11,5.7347e+11
0.04479,0.14375,6.0978e+0,3.1690e+10,1.2873e+11
0.04688,0.14375,5.9478e+0,1.2644e+10,1.2165e+11
0.04896,0.14375,5.7837e+0,2.9674e+11,1.9806e+11
0.05104,0.14375,5.6150e+0,0.0000e+0,0.0000e+0
0.05312,0.14375,5.4421e+0,1.2832e+11,0.0000e+0
0.05521,0.14375,5.2762e+0,3.0439e+11,4.1266e+11
0.05729,0.14375,5.1038e+0,9.2384e+7,3.9935e+11
0.05937,0.14375,4.9137e+0,0.0000e+0,2.2089e+11
0.06146,0.14375,4.7225e+0,2.0156e+11,4.6505e+11
0.06354,0.14375,4.5285e+0,3.7149e+11,4.3356e+11
0.06563,0.14375,4.3470e+0,4.4971e+10,4.3272e+11
0.06771,0.14375,4.1506e+0,3.3806e+10,5.4913e+11
0.06979,0.14375,3.9334e+0,2.3254e+11,3.6351e+11
0.07187,0.14375,3.7226e+0,2.2472e+11,6.8664e+11
0.07396,0.14375,3.4938e+0,1.9292e+11,7.0637e+11
0.07604,0.14375,3.2434e+0,2.3589e+11,3.4760e+11
0.07813,0.14375,2.9931e+0,1.1193e+11,2.4836e+11
0.08021,0.14375,2.7410e+0,4.9563e+10,3.7742e+11
0.08229,0.14375,2.4683e+0,1.7546e+11,3.1135e+11
0.08438,0.14375,2.1841e+0,3.7378e+11,9.0332e+10
0.08646,0.14375,1.9195e+0,1.1964e+10,6.6132e+11
0.08854,0.14375,1.6122e+0,0.0000e+0,2.2662e+10
0.09062,0.14375,1.3088e+0,0.0000e+0,4.8949e+10
0.09271,0.14375,1.0071e+0,0.0000e+0,0.0000e+0
0.09479,0.14375,7.1162e-1,0.0000e+0,0.0000e+0
0.09688,0.14375,4.2220e-1,0.0000e+0,0.0000e+0
0.09896,0.14375,1.3878e-1,0.0000e+0,0.0000e+0
0.00104,0.14792,7.7748e+0,0.0000e+0,0.0000e+0
0.00313,0.14792,7.7744e+0,0.0000e+0,6.0932e+11
0.00521,0.14792,7.7342e+0,0.0000e+0,4.4530e+11
0.00729,0.14792,7.6805e+0,0.0000e+0,9.0923e+11
0.00937,0.14792,7.5973e+0,0.0000e+0,4.9176e+11
0.01146,0.14792,7.5175e+0,0.0000e+0,0.0000e+0
0.01354,0.14792,7.4607e+0,0.0000e+0,0.0000e+0
0.01563,0.14792,7.4207e+0,0.0000e+0,9.8546e+11
0.01771,0.14792,7.3289e+0,0.0000e+0,2.2677e+11
0.01979,0.14792,7.2350e+0,0.0000e+0,0.0000e+0
0.02187,0.14792,7.1444e+0,0.0000e+0,0.0000e+0
0.02396,0.14792,7.0561e+0,0.0000e+0,0.0000e+0
0.02604,0.14792,6.9710e+0,0.0000e+0,0.0000e+0
0.02813,0.14792,6.8883e+0,0.0000e+0,0.0000e+0
0.03021,0.14792,6.8069e+0,0.0000e+0,0.0000e+0
0.03229,0.14792,6.7309e+0,0.0000e+0,0.0000e+0
0.03438,0.14792,6.6584e+0,0.0000e+0,4.7746e+10
0.03646,0.14792,6.5812e+0,0.0000e+0,3.6486e+11
0.03854,0.14792,6.4828e+0,0.0000e+0,2.0545e+11
0.04063,0.14792,6.3756e+0,0.0000e+0,6.0052e+11
0.04271,0.14792,6.2294e+0,4.6321e+11,3.7371e+11
0.04479,0.14792,6.0920e+0,1.1271e+11,3.7388e+11
0.04688,0.14792,5.9477e+0,0.0000e+0,3.8064e+11
0.04896,0.14792,5.7884e+0,0.0000e+0,4.2652e+11
0.05104,0.14792,5.6110e+0,0.0000e+0,1.6141e+11
0.05312,0.14792,5.4273e+0,0.0000e+0,1.4360e+11
0.05521,0.14792,5.2347e+0,2.1888e+11,9.8306e+10
0.05729,0.14792,5.0417e+0,1.7340e+11,4.4200e+10
0.05937,0.14792,4.8545e+0,9.0404e+10,5.0539e+10
0.06146,0.14792,4.6655e+0,3.1270e+11,8.2954e+10
0.06354,0.14792,4.4899e+0,5.2003e+10,3.8952e+9
0.06563,0.14792,4.3165e+0,4.7989e+9,3.3857e+11
0.06771,0.14792,4.1209e+0,3.9618e+10,2.1814e+11
0.06979,0.14792,3.9161e+0,8.2053e+10,3.1719e+11
0.07187,0.14792,3.6983e+0,9.9741e+10,2.7242e+11
0.07396,0.14792,3.4678e+0,2.5379e+10,6.0565e+10
0.07604,0.14792,3.2323e+0,0.0000e+0,1.8734e+11
0.07813,0.14792,2.9842e+0,1.9170e+11,1.6339e+11
0.08021,0.14792,2.7447e+0,5.0358e+10,3.3183e+11
0.08229,0.14792,2.4874e+0,1.1696e+11,5.3748e+11
0.08438,0.14792,2.2115e+0,1.7175e+11,5.7012e+11
0.08646,0.14792,1.9206e+0,0.0000e+0,3.8522e+11
0.08854,0.14792,1.6098e+0,0.0000e+0,6.7592e+10
0.09062,0.14792,1.3030e+0,0.0000e+0,0.0000e+0
0.09271,0.14792,1.0031e+0,0.0000e+0,0.0000e+0
0.09479,0.14792,7.0905e-1,0.0000e+0,0.0000e+0
0.09688,0.14792,4.2082e-1,0.0000e+0,0.0000e+0
0.09896,0.14792,1.3835e-1,0.0000e+0,0.0000e+0
0.00104,0.15208,7.8127e+0,0.0000e+0,0.0000e+0
0.00313,0.15208,7.8071e+0,0.0000e+0,0.0000e+0
0.00521,0.15208,7.7932e+0,0.0000e+0,0.0000e+0
0.00729,0.15208,7.7714e+0,0.0000e+0,9.0234e+11
0.00937,0.15208,7.6912e+0,0.0000e+0,4.8803e+11
0.01146,0.15208,7.5983e+0,0.0000e+0,0.0000e+0
0.01354,0.15208,7.5229e+0,0.0000e+0,0.0000e+0
0.01563,0.15208,7.4547e+0,0.0000e+0,1.5134e+11
0.01771,0.15208,7.3714e+0,0.0000e+0,3.4825e+10
0.01979,0.15208,7.2864e+0,0.0000e+0,1.6962e+11
0.02187,0.15208,7.1930e+0,0.0000e+0,1.0630e+11
0.02396,0.15208,7.0989e+0,0.0000e+0,0.0000e+0
0.02604,0.15208,7.0152e+0,0.0000e+0,0.0000e+0
0.02813,0.15208,6.9463e+0,0.0000e+0,6.5892e+11
0.03021,0.15208,6.8529e+0,0.0000e+0,1.0471e+11
0.03229,0.15208,6.7751e+0,0.0000e+0,6.5139e+10
0.03438,0.15208,6.7139e+0,0.0000e+0,1.0177e+12
0.03646,0.15208,6.6020e+0,0.0000e+0,2.0445e+11
0.03854,0.15208,6.4943e+0,0.0000e+0,3.2683e+11
0.04063,0.15208,6.3762e+0,0.0000e+0,5.6035e+11
0.04271,0.15208,6.2267e+0,2.7960e+11,3.7923e+11
0.04479,0.15208,6.0752e+0,1.1803e+11,2.4363e+11
0.04688,0.15208,5.9149e+0,2.6779e+11,2.3076e+10
0.04896,0.15208,5.7605e+0,9.5656e+10,2.3497e+10
0.05104,0.15208,5.6109e+0,0.0000e+0,4.3212e+11
0.05312,0.15208,5.4329e+0,0.0000e+0,2.6115e+11
0.05521,0.15208,5.2435e+0,3.7429e+9,4.1304e+11
0.05729,0.15208,5.0377e+0,2.9651e+9,6.9650e+10
0.05937,0.15208,4.8410e+0,1.7100e+11,2.7737e+11
0.06146,0.15208,4.6439e+0,3.6542e+11,0.0000e+0
0.06354,0.15208,4.4748e+0,0.0000e+0,1.9882e+11
0.06563,0.15208,4.2924e+0,7.5197e+10,3.0512e+11
0.06771,0.15208,4.0966e+0,1.0981e+11,1.4778e+11
0.06979,0.15208,3.8993e+0,1.3647e+11,2.3254e+11
0.07187,0.15208,3.6972e+0,1.4719e+11,4.5117e+11
0.07396,0.15208,3.4773e+0,3.7452e+10,3.6669e+11
0.07604,0.15208,3.2393e+0,0.0000e+0,2.8334e+11
0.07813,0.15208,2.9864e+0,2.9660e+11,1.0162e+11
0.08021,0.15208,2.7524e+0,8.2696e+10,6.9143e+11
0.08229,0.15208,2.4800e+0,2.2219e+11,4.3708e+11
0.08438,0.15208,2.2003e+0,0.0000e+0,2.0140e+11
0.08646,0.15208,1.9092e+0,0.0000e+0,2.3865e+11
0.08854,0.15208,1.5992e+0,2.2160e+11,4.5989e+10
0.09062,0.15208,1.2983e+0,2.3836e+10,4.5449e+8
0.09271,0.15208,1.0018e+0,0.0000e+0,0.0000e+0
0.09479,0.15208,7.0894e-1,0.0000e+0,0.0000e+0
0.09688,0.15208,4.2098e-1,0.0000e+0,0.0000e+0
0.09896,0.15208,1.3843e-1,0.0000e+0,0.0000e+0
0.00104,0.15625,7.8942e+0,0.0000e+0,0.0000e+0
0.00313,0.15625,7.8992e+0,0.0000e+0,0.0000e+0
0.00521,0.15625,7.9129e+0,0.0000e+0,1.1042e+12
0.00729,0.15625,7.8719e+0,0.0000e+0,1.4669e+12
0.00937,0.15625,7.7587e+0,0.0000e+0,0.0000e+0
0.01146,0.15625,7.6709e+0,0.0000e+0,0.0000e+0
0.01354,0.15625,7.5997e+0,0.0000e+0,0.0000e+0
0.01563,0.15625,7.5431e+0,0.0000e+0,7.7847e+11
0.01771,0.15625,7.4484e+0,0.0000e+0,2.5444e+11
0.01979,0.15625,7.3558e+0,0.0000e+0,4.9887e+11
0.02187,0.15625,7.2467e+0,0.0000e+0,3.1265e+11
0.02396,0.15625,7.1310e+0,0.0000e+0,0.0000e+0
0.02604,0.15625,7.0244e+0,0.0000e+0,0.0000e+0
0.02813,0.15625,6.9194e+0,5.3816e+11,2.2625e+11
0.03021,0.15625,6.8278e+0,4.1227e+11,1.0535e+11
0.03229,0.15625,6.7498e+0,4.6252e+11,5.1214e+11
0.03438,0.15625,6.6735e+0,9.9931e+10,6.3593e+11
0.03646,0.15625,6.5675e+0,1.4104e+11,2.9505e+11
0.03854,0.15625,6.4687e+0,8.0351e+9,5.3144e+11
0.04063,0.15625,6.3539e+0,8.0621e+10,6.0149e+11
0.04271,0.15625,6.2257e+0,1.1618e+9,5.3060e+11
0.04479,0.15625,6.0802e+0,8.6607e+9,2.7868e+11
0.04688,0.15625,5.9324e+0,8.0155e+10,1.6394e+11
0.04896,0.15625,5.7888e+0,2.8632e+10,6.7792e+11
0.05104,0.15625,5.6150e+0,0.0000e+0,3.3569e+11
0.05312,0.15625,5.4310e+0,5.2256e+9,4.9011e+11
0.05521,0.15625,5.2207e+0,9.7916e+10,1.3127e+11
0.05729,0.15625,5.0091e+0,2.5833e+11,1.0155e+10
0.05937,0.15625,4.8212e+0,2.8105e+11,4.5532e+10
0.06146,0.15625,4.6489e+0,6.7743e+10,1.1483e+9
0.06354,0.15625,4.4826e+0,2.2971e+9,4.8194e+11
0.06563,0.15625,4.2798e+0,6.4943e+11,4.5966e+11
0.06771,0.15625,4.0870e+0,9.2167e+10,2.1475e+10
0.06979,0.15625,3.8962e+0,9.0160e+10,2.8845e+11
0.07187,0.15625,3.6953e+0,3.5460e+10,2.8791e+11
0.07396,0.15625,3.4814e+0,0.0000e+0,3.7382e+11
0.07604,0.15625,3.2443e+0,0.0000e+0,1.4125e+11
0.07813,0.15625,2.9999e+0,0.0000e+0,3.0550e+11
0.08021,0.15625,2.7373e+0,0.0000e+0,1.0915e+11
0.08229,0.15625,2.4664e+0,8.9196e+10,3.3775e+10
0.08438,0.15625,2.1999e+0,1.2820e+9,1.1528e+11
0.08646,0.15625,1.9275e+0,0.0000e+0,4.6013e+11
0.08854,0.15625,1.6304e+0,6.2434e+9,3.5638e+11
0.09062,0.15625,1.3178e+0,6.7156e+8,3.0192e+10
0.09271,0.15625,1.0125e+0,0.0000e+0,0.0000e+0
0.09479,0.15625,7.1487e-1,0.0000e+0,0.0000e+0
0.09688,0.15625,4.2397e-1,0.0000e+0,0.0000e+0
0.09896,0.15625,1.3934e-1,0.0000e+0,0.0000e+0
0.00104,0.16042,7.9354e+0,0.0000e+0,0.0000e+0
0.00313,0.16042,7.9322e+0,0.0000e+0,0.0000e+0
0.00521,0.16042,7.9261e+0,0.0000e+0,3.9931e+11
0.00729,0.16042,7.8887e+0,0.0000e+0,5.3047e+11
0.00937,0.16042,7.8134e+0,0.0000e+0,0.0000e+0
0.01146,0.16042,7.7354e+0,0.0000e+0,0.0000e+0
0.01354,0.16042,7.6571e+0,0.0000e+0,0.0000e+0
0.01563,0.16042,7.5796e+0,0.0000e+0,2.6739e+11
0.01771,0.16042,7.4812e+0,0.0000e+0,8.7395e+10
0.01979,0.16042,7.3773e+0,0.0000e+0,0.0000e+0
0.02187,0.16042,7.2716e+0,0.0000e+0,0.0000e+0
0.02396,0.16042,7.1650e+0,0.0000e+0,0.0000e+0
0.02604,0.16042,7.0611e+0,0.0000e+0,1.2973e+10
0.02813,0.16042,6.9582e+0,4.5198e+11,3.9909e+11
0.03021,0.16042,6.8520e+0,3.1360e+11,5.0685e+11
0.03229,0.16042,6.7272e+0,7.0899e+11,4.4716e+11
0.03438,0.16042,6.5974e+0,4.8204e+11,7.7276e+10
0.03646,0.16042,6.4704e+0,6.7968e+11,0.0000e+0
0.03854,0.16042,6.3683e+0,2.4977e+11,1.4556e+11
0.04063,0.16042,6.2556e+0,4.2302e+11,5.4710e+10
0.04271,0.16042,6.1540e+0,5.8301e+10,1.9493e+11
0.04479,0.16042,6.0344e+0,4.3462e+11,3.0146e+11
0.04688,0.16042,5.9250e+0,0.0000e+0,7.1527e+11
0.04896,0.16042,5.7706e+0,1.2868e+10,4.5382e+11
0.05104,0.16042,5.5840e+0,3.4292e+11,1.1224e+11
0.05312,0.16042,5.4130e+0,4.1718e+10,5.7612e+11
0.05521,0.16042,5.2058e+0,3.3449e+11,1.5326e+11
0.05729,0.16042,5.0095e+0,2.5599e+11,0.0000e+0
0.05937,0.16042,4.8391e+0,1.7990e+11,2.0891e+11
0.06146,0.16042,4.6725e+0,1.2865e+11,2.0713e+11
0.06354,0.16042,4.5097e+0,5.6818e+10,6.0911e+11
0.06563,0.16042,4.3198e+0,1.5816e+11,8.3074e+11
0.06771,0.16042,4.1008e+0,3.1230e+11,2.6860e+11
0.06979,0.16042,3.8974e+0,2.0990e+11,3.8546e+11
0.07187,0.16042,3.6882e+0,3.1323e+11,2.7622e+11
0.07396,0.16042,3.4867e+0,0.0000e+0,4.3338e+11
0.07604,0.16042,3.2606e+0,0.0000e+0,3.8793e+11
0.07813,0.16042,3.0176e+0,0.0000e+0,5.2040e+11
0.08021,0.16042,2.7491e+0,0.0000e+0,1.5844e+11
0.08229,0.16042,2.4804e+0,1.7899e+11,2.8591e+11
0.08438,0.16042,2.2142e+0,4.6808e+9,4.5342e+11
0.08646,0.16042,1.9271e+0,9.2630e+10,1.8455e+11
0.08854,0.16042,1.6400e+0,0.0000e+0,4.4318e+11
0.09062,0.16042,1.3274e+0,0.0000e+0,3.2055e+10
0.09271,0.16042,1.0197e+0,0.0000e+0,0.0000e+0
0.09479,0.16042,7.1964e-1,0.0000e+0,0.0000e+0
0.09688,0.16042,4.2663e-1,0.0000e+0,0.0000e+0
0.09896,0.16042,1.4018e-1,0.0000e+0,0.0000e+0
0.00104,0.16458,8.0028e+0,0.0000e+0,0.0000e+0
0.00313,0.16458,7.9917e+0,0.0000e+0,0.0000e+0
0.00521,0.16458,7.9733e+0,0.0000e+0,0.0000e+0
0.00729,0.16458,7.9550e+0,0.0000e+0,0.0000e+0
0.00937,0.16458,7.9469e+0,0.0000e+0,1.5711e+12
0.01146,0.16458,7.8577e+0,0.0000e+0,5.5327e+11
0.01354,0.16458,7.7589e+0,0.0000e+0,6.4321e+10
0.01563,0.16458,7.6624e+0,0.0000e+0,7.1301e+10
0.01771,0.16458,7.5564e+0,0.0000e+0,0.0000e+0
0.01979,0.16458,7.4494e+0,0.0000e+0,0.0000e+0
0.02187,0.16458,7.3407e+0,0.0000e+0,0.0000e+0
0.02396,0.16458,7.2303e+0,2.9348e+11,0.0000e+0
0.02604,0.16458,7.1346e+0,5.7527e+11,1.3810e+11
0.02813,0.16458,7.0746e+0,8.3226e+10,1.1323e+12
0.03021,0.16458,6.9545e+0,2.9408e+11,1.0138e+12
0.03229,0.16458,6.8103e+0,1.6981e+11,3.4607e+11
0.03438,0.16458,6.6699e+0,0.0000e+0,4.1565e+11
0.03646,0.16458,6.5140e+0,7.9937e+10,0.0000e+0
0.03854,0.16458,6.3750e+0,1.3494e+11,0.0000e+0
0.04063,0.16458,6.2467e+0,1.6733e+11,0.0000e+0
0.04271,0.16458,6.1322e+0,0.0000e+0,1.1878e+11
0.04479,0.16458,6.0121e+0,0.0000e+0,2.1062e+10
0.04688,0.16458,5.8967e+0,0.0000e+0,2.5301e+11
0.04896,0.16458,5.7676e+0,3.0244e+9,6.7107e+11
0.05104,0.16458,5.5983e+0,8.0596e+10,4.7926e+11
0.05312,0.16458,5.4128e+0,0.0000e+0,1.7482e+11
0.05521,0.16458,5.2259e+0,0.0000e+0,3.8322e+11
0.05729,0.16458,5.0284e+0,1.0136e+11,0.0000e+0
0.05937,0.16458,4.8516e+0,3.2185e+10,1.5525e+11
0.06146,0.16458,4.6754e+0,0.0000e+0,1.2590e+11
0.06354,0.16458,4.4984e+0,2.5436e+11,5.7588e+11
0.06563,0.16458,4.2996e+0,4.4547e+10,3.0618e+11
0.06771,0.16458,4.0855e+0,4.2117e+11,2.2811e+11
0.06979,0.16458,3.8946e+0,3.1898e+11,6.8733e+11
0.07187,0.16458,3.6871e+0,8.7183e+10,2.8061e+11
0.07396,0.16458,3.4785e+0,0.0000e+0,4.5223e+11
0.07604,0.16458,3.2479e+0,1.8286e+10,3.4907e+11
0.07813,0.16458,3.0016e+0,2.4802e+10,2.9953e+11
0.08021,0.16458,2.7409e+0,0.0000e+0,1.6932e+11
0.08229,0.16458,2.4765e+0,0.0000e+0,3.7039e+11
0.08438,0.16458,2.1967e+0,6.4454e+10,8.0010e+10
0.08646,0.16458,1.9254e+0,1.7962e+11,4.4983e+11
0.08854,0.16458,1.6424e+0,0.0000e+0,4.2684e+11
0.09062,0.16458,1.3353e+0,0.0000e+0,1.9897e+11
0.09271,0.16458,1.0241e+0,0.0000e+0,0.0000e+0
0.09479,0.16458,7.2215e-1,0.0000e+0,0.0000e+0
0.09688,0.16458,4.2794e-1,0.0000e+0,0.0000e+0
0.09896,0.16458,1.4059e-1,0.0000e+0,0.0000e+0
0.00104,0.16875,8.1604e+0,0.0000e+0,3.4983e+11
0.00313,0.16875,8.1177e+0,0.0000e+0,2.8218e+11
0.00521,0.16875,8.0491e+0,0.0000e+0,0.0000e+0
0.00729,0.16875,7.9954e+0,0.0000e+0,0.0000e+0
0.00937,0.16875,7.9540e+0,0.0000e+0,9.8921e+10
0.01146,0.16875,7.9133e+0,0.0000e+0,3.4836e+10
0.01354,0.16875,7.8918e+0,0.0000e+0,1.3700e+12
0.01563,0.16875,7.8146e+0,0.0000e+0,1.4334e+12
0.01771,0.16875,7.6856e+0,0.0000e+0,3.3205e+11
0.01979,0.16875,7.5739e+0,0.0000e+0,4.8111e+11
0.02187,0.16875,7.4581e+0,0.0000e+0,2.3551e+11
0.02396,0.16875,7.3497e+0,5.0989e+9,5.4195e+11
0.02604,0.16875,7.2291e+0,9.9946e+9,1.8638e+11
0.02813,0.16875,7.1181e+0,1.9174e+11,4.8578e+11
0.03021,0.16875,6.9876e+0,8.3368e+11,1.0044e+12
0.03229,0.16875,6.8548e+0,3.9980e+11,7.9670e+11
0.03438,0.16875,6.7100e+0,0.0000e+0,4.0232e+11
0.03646,0.16875,6.5479e+0,0.0000e+0,1.5286e+10
0.03854,0.16875,6.4024e+0,9.2597e+10,2.1180e+11
0.04063,0.16875,6.2635e+0,2.6963e+11,6.4333e+11
0.04271,0.16875,6.1179e+0,3.6484e+11,3.8559e+11
0.04479,0.16875,5.9890e+0,3.3236e+10,7.7349e+10
0.04688,0.16875,5.8660e+0,0.0000e+0,1.9892e+11
0.04896,0.16875,5.7392e+0,0.0000e+0,5.9281e+11
0.05104,0.16875,5.5775e+0,0.0000e+0,4.6334e+11
0.05312,0.16875,5.3932e+0,9.3262e+10,3.6911e+11
0.05521,0.16875,5.1972e+0,3.4750e+11,1.3891e+11
0.05729,0.16875,5.0233e+0,1.4118e+11,2.9997e+11
0.05937,0.16875,4.8426e+0,0.0000e+0,6.5310e+10
0.06146,0.16875,4.6657e+0,0.0000e+0,5.5583e+10
0.06354,0.16875,4.4942e+0,0.0000e+0,6.8992e+11
0.06563,0.16875,4.2836e+0,6.1046e+10,2.3438e+11
0.06771,0.16875,4.0668e+0,1.7705e+11,5.6851e+10
0.06979,0.16875,3.8623e+0,1.4226e+11,1.7993e+11
0.07187,0.16875,3.6538e+0,1.4473e+11,1.7951e+11
0.07396,0.16875,3.4409e+0,0.0000e+0,6.5284e+10
0.07604,0.16875,3.2178e+0,1.0476e+11,2.0635e+11
0.07813,0.16875,2.9828e+0,1.4209e+11,5.1633e+11
0.08021,0.16875,2.7217e+0,0.0000e+0,1.9388e+11
0.08229,0.16875,2.4456e+0,6.0873e+10,5.4879e+8
0.08438,0.16875,2.1690e+0,3.9633e+11,9.3231e+10
0.08646,0.16875,1.9106e+0,2.8424e+11,4.6889e+11
0.08854,0.16875,1.6371e+0,4.0608e+10,5.8462e+11
0.09062,0.16875,1.3254e+0,4.8104e+10,4.7936e+10
0.09271,0.16875,1.0193e+0,0.0000e+0,0.0000e+0
0.09479,0.16875,7.1978e-1,0.0000e+0,0.0000e+0
0.09688,0.16875,4.2683e-1,0.0000e+0,0.0000e+0
0.09896,0.16875,1.4027e-1,0.0000e+0,0.0000e+0
0.00104,0.17292,8.5461e+0,0.0000e+0,5.9367e+12
0.00313,0.17292,8.4083e+0,0.0000e+0,4.7887e+12
0.00521,0.17292,8.1629e+0,0.0000e+0,0.0000e+0
0.00729,0.17292,8.0411e+0,0.0000e+0,0.0000e+0
0.00937,0.17292,7.9644e+0,0.0000e+0,0.0000e+0
0.01146,0.17292,7.9038e+0,0.0000e+0,0.0000e+0
0.01354,0.17292,7.8468e+0,0.0000e+0,6.4001e+10
0.01563,0.17292,7.7784e+0,0.0000e+0,6.3247e+10
0.01771,0.17292,7.6983e+0,0.0000e+0,1.6793e+11
0.01979,0.17292,7.6109e+0,0.0000e+0,3.0843e+11
0.02187,0.17292,7.5148e+0,0.0000e+0,6.9294e+11
0.02396,0.17292,7.3875e+0,0.0000e+0,1.3845e+11
0.02604,0.17292,7.2642e+0,0.0000e+0,5.0828e+10
0.02813,0.17292,7.1471e+0,8.5906e+10,4.1845e+11
0.03021,0.17292,7.0101e+0,3.3936e+11,5.5540e+11
0.03229,0.17292,6.8761e+0,0.0000e+0,3.6879e+11
0.03438,0.17292,6.7305e+0,9.1112e+10,7.8097e+11
0.03646,0.17292,6.5453e+0,1.9539e+11,4.6367e+10
0.03854,0.17292,6.3858e+0,1.0140e+10,5.8127e+10
0.04063,0.17292,6.2331e+0,5.8934e+10,1.6476e+11
0.04271,0.17292,6.0815e+0,5.1232e+11,2.9461e+11
0.04479,0.17292,5.9501e+0,6.4076e+10,2.5728e+11
0.04688,0.17292,5.8102e+0,4.7436e+11,3.1487e+11
0.04896,0.17292,5.6893e+0,7.0990e+10,6.8812e+11
0.05104,0.17292,5.5293e+0,1.1050e+11,3.4431e+11
0.05312,0.17292,5.3615e+0,2.1876e+11,3.7012e+11
0.05521,0.17292,5.1889e+0,2.2503e+11,4.4266e+11
0.05729,0.17292,5.0117e+0,2.1206e+11,4.9538e+11
0.05937,0.17292,4.8234e+0,0.0000e+0,2.4343e+10
0.06146,0.17292,4.6399e+0,0.0000e+0,2.1750e+10
0.06354,0.17292,4.4552e+0,0.0000e+0,7.7931e+10
0.06563,0.17292,4.2611e+0,2.2447e+11,2.8635e+11
0.06771,0.17292,4.0612e+0,5.1677e+10,1.7877e+11
0.06979,0.17292,3.8561e+0,6.4647e+10,0.0000e+0
0.07187,0.17292,3.6566e+0,2.2386e+11,3.4607e+11
0.07396,0.17292,3.4480e+0,0.0000e+0,3.0676e+11
0.07604,0.17292,3.2229e+0,0.0000e+0,2.8229e+11
0.07813,0.17292,2.9858e+0,0.0000e+0,3.6348e+11
0.08021,0.17292,2.7299e+0,1.5563e+9,2.5213e+11
0.08229,0.17292,2.4650e+0,6.8694e+10,4.7102e+11
0.08438,0.17292,2.1844e+0,2.2642e+11,1.7390e+11
0.08646,0.17292,1.9225e+0,9.9102e+10,5.2596e+11
0.08854,0.17292,1.6419e+0,6.6432e+10,7.5083e+11
0.09062,0.17292,1.3221e+0,1.4470e+11,8.7020e+10
0.09271,0.17292,1.0158e+0,0.0000e+0,0.0000e+0
0.09479,0.17292,7.1699e-1,0.0000e+0,0.0000e+0
0.09688,0.17292,4.2514e-1,0.0000e+0,0.0000e+0
0.09896,0.17292,1.3971e-1,0.0000e+0,0.0000e+0
0.00104,0.17708,8.1729e+0,0.0000e+0,0.0000e+0
0.00313,0.17708,8.1355e+0,0.0000e+0,0.0000e+0
0.00521,0.17708,8.0758e+0,0.0000e+0,0.0000e+0
0.00729,0.17708,8.0206e+0,0.0000e+0,0.0000e+0
0.00937,0.17708,7.9709e+0,0.0000e+0,0.0000e+0
0.01146,0.17708,7.9220e+0,0.0000e+0,0.0000e+0
0.01354,0.17708,7.8660e+0,0.0000e+0,0.0000e+0
0.01563,0.17708,7.8090e+0,0.0000e+0,3.7477e+11
0.01771,0.17708,7.7264e+0,0.0000e+0,2.8272e+11
0.01979,0.17708,7.6252e+0,0.0000e+0,0.0000e+0
0.02187,0.17708,7.5212e+0,0.0000e+0,6.3090e+9
0.02396,0.17708,7.4091e+0,0.0000e+0,4.1177e+9
0.02604,0.17708,7.2968e+0,0.0000e+0,3.7933e+11
0.02813,0.17708,7.1677e+0,0.0000e+0,5.4774e+11
0.03021,0.17708,7.0121e+0,0.0000e+0,5.2881e+10
0.03229,0.17708,6.8644e+0,0.0000e+0,7.5149e+10
0.03438,0.17708,6.7173e+0,1.0785e+11,4.5505e+11
0.03646,0.17708,6.5397e+0,2.3128e+11,2.3845e+11
0.03854,0.17708,6.3593e+0,2.3775e+11,2.7757e+10
0.04063,0.17708,6.1870e+0,7.4494e+11,0.0000e+0
0.04271,0.17708,6.0501e+0,1.8243e+11,1.0074e+11
0.04479,0.17708,5.9116e+0,1.4355e+11,3.3379e+11
0.04688,0.17708,5.7537e+0,6.3768e+11,1.8226e+11
0.04896,0.17708,5.6221e+0,5.4613e+10,9.3497e+10
0.05104,0.17708,5.4781e+0,5.1506e+10,2.4725e+11
0.05312,0.17708,5.3209e+0,8.4538e+10,2.3273e+11
0.05521,0.17708,5.1535e+0,5.3375e+10,5.1897e+10
0.05729,0.17708,4.9843e+0,2.3878e+11,3.3989e+11
0.05937,0.17708,4.8032e+0,3.1966e+11,1.3862e+11
0.06146,0.17708,4.6370e+0,1.4107e+11,4.5208e+11
0.06354,0.17708,4.4541e+0,0.0000e+0,2.0807e+11
0.06563,0.17708,4.2624e+0,3.4680e+8,1.3983e+11
0.06771,0.17708,4.0679e+0,2.6934e+8,1.7001e+11
0.06979,0.17708,3.8686e+0,6.8556e+10,3.7775e+10
0.07187,0.17708,3.6787e+0,1.2284e+11,7.7857e+11
0.07396,0.17708,3.4494e+0,1.2616e+11,2.1102e+11
0.07604,0.17708,3.2126e+0,1.9197e+11,1.0987e+11
0.07813,0.17708,2.9761e+0,0.0000e+0,1.9872e+11
0.08021,0.17708,2.7222e+0,1.3953e+11,4.3682e+11
0.08229,0.17708,2.4461e+0,3.0497e+11,3.1286e+11
0.08438,0.17708,2.1695e+0,1.1623e+11,1.6175e+11
0.08646,0.17708,1.9001e+0,1.5108e+11,4.4722e+11
0.08854,0.17708,1.6158e+0,0.0000e+0,3.0357e+11
0.09062,0.17708,1.3128e+0,0.0000e+0,1.1107e+11
0.09271,0.17708,1.0091e+0,0.0000e+0,0.0000e+0
0.09479,0.17708,7.1252e-1,0.0000e+0,0.0000e+0
0.09688,0.17708,4.2260e-1,0.0000e+0,0.0000e+0
0.09896,0.17708,1.3889e-1,0.0000e+0,0.0000e+0
0.00104,0.18125,8.0949e+0,0.0000e+0,0.0000e+0
0.00313,0.18125,8.0828e+0,0.0000e+0,0.0000e+0
0.00521,0.18125,8.0617e+0,0.0000e+0,0.0000e+0
0.00729,0.18125,8.0381e+0,0.0000e+0,0.0000e+0
0.00937,0.18125,8.0176e+0,0.0000e+0,0.0000e+0
0.01146,0.18125,8.0072e+0,0.0000e+0,1.2893e+12
0.01354,0.18125,7.9242e+0,0.0000e+0,6.7340e+9
0.01563,0.18125,7.8612e+0,0.0000e+0,3.9790e+11
0.01771,0.18125,7.7838e+0,0.0000e+0,3.1436e+11
0.01979,0.18125,7.6936e+0,0.0000e+0,8.4724e+10
0.02187,0.18125,7.5995e+0,0.0000e+0,6.2164e+11
0.02396,0.18125,7.4687e+0,0.0000e+0,4.0277e+11
0.02604,0.18125,7.3165e+0,0.0000e+0,0.0000e+0
0.02813,0.18125,7.1647e+0,0.0000e+0,0.0000e+0
0.03021,0.18125,7.0078e+0,2.6079e+11,0.0000e+0
0.03229,0.18125,6.8649e+0,3.3914e+11,0.0000e+0
0.03438,0.18125,6.7393e+0,0.0000e+0,1.5119e+11
0.03646,0.18125,6.6007e+0,0.0000e+0,6.2895e+11
0.03854,0.18125,6.4253e+0,1.0546e+10,1.0504e+11
0.04063,0.18125,6.2532e+0,9.4444e+10,1.1190e+11
0.04271,0.18125,6.0869e+0,2.7985e+11,2.9598e+11
0.04479,0.18125,5.9213e+0,2.1708e+11,9.6866e+10
0.04688,0.18125,5.7598e+0,4.0144e+11,1.2723e+11
0.04896,0.18125,5.6142e+0,6.9720e+10,3.4755e+11
0.05104,0.18125,5.4454e+0,2.7032e+11,0.0000e+0
0.05312,0.18125,5.2927e+0,1.1580e+11,0.0000e+0
0.05521,0.18125,5.1469e+0,1.9112e+10,1.4296e+11
0.05729,0.18125,4.9915e+0,3.8653e+10,4.9911e+11
0.05937,0.18125,4.8040e+0,3.3568e+11,2.4002e+11
0.06146,0.18125,4.6253e+0,1.8013e+11,2.1109e+11
0.06354,0.18125,4.4478e+0,4.7896e+10,3.1094e+11
0.06563,0.18125,4.2556e+0,1.8910e+11,2.3195e+11
0.06771,0.18125,4.0648e+0,1.5096e+11,3.2743e+11
0.06979,0.18125,3.8709e+0,1.8913e+11,1.9877e+11
0.07187,0.18125,3.6829e+0,1.3546e+11,3.8893e+11
0.07396,0.18125,3.4858e+0,7.9923e+10,7.6604e+11
0.07604,0.18125,3.2522e+0,3.8666e+10,5.1980e+11
0.07813,0.18125,2.9995e+0,0.0000e+0,3.1185e+11
0.08021,0.18125,2.7380e+0,0.0000e+0,4.9472e+11
0.08229,0.18125,2.4551e+0,1.6903e+11,6.1107e+11
0.08438,0.18125,2.1474e+0,2.4310e+11,0.0000e+0
0.08646,0.18125,1.8654e+0,2.7076e+11,8.6923e+10
0.08854,0.18125,1.5970e+0,0.0000e+0,4.1639e+11
0.09062,0.18125,1.2992e+0,0.0000e+0,7.0247e+10
0.09271,0.18125,1.0006e+0,0.0000e+0,0.0000e+0
0.09479,0.18125,7.0743e-1,0.0000e+0,0.0000e+0
0.09688,0.18125,4.1987e-1,0.0000e+0,0.0000e+0
0.09896,0.18125,1.3804e-1,0.0000e+0,0.0000e+0
0.00104,0.18542,8.1156e+0,0.0000e+0,0.0000e+0
0.00313,0.18542,8.1089e+0,0.0000e+0,0.0000e+0
0.00521,0.18542,8.0943e+0,0.0000e+0,0.0000e+0
0.00729,0.18542,8.0678e+0,0.0000e+0,0.0000e+0
0.00937,0.18542,8.0383e+0,0.0000e+0,0.0000e+0
0.01146,0.18542,8.0124e+0,0.0000e+0,6.5319e+11
0.01354,0.18542,7.9441e+0,0.0000e+0,3.4117e+9
0.01563,0.18542,7.8839e+0,0.0000e+0,0.0000e+0
0.01771,0.18542,7.8330e+0,0.0000e+0,1.5064e+11
0.01979,0.18542,7.7897e+0,0.0000e+0,1.4318e+12
0.02187,0.18542,7.6720e+0,0.0000e+0,6.0603e+11
0.02396,0.18542,7.5365e+0,0.0000e+0,4.5925e+11
0.02604,0.18542,7.3829e+0,0.0000e+0,1.4890e+11
0.02813,0.18542,7.2279e+0,0.0000e+0,0.0000e+0
0.03021,0.18542,7.0793e+0,4.9382e+10,0.0000e+0
0.03229,0.18542,6.9375e+0,6.4216e+10,0.0000e+0
0.03438,0.18542,6.7971e+0,0.0000e+0,2.1809e+10
0.03646,0.18542,6.6477e+0,3.0830e+11,2.9917e+11
0.03854,0.18542,6.4863e+0,2.4509e+11,3.6595e+11
0.04063,0.18542,6.3223e+0,0.0000e+0,9.9995e+10
0.04271,0.18542,6.1545e+0,0.0000e+0,1.1192e+11
0.04479,0.18542,5.9799e+0,2.0766e+11,1.5681e+11
0.04688,0.18542,5.7997e+0,6.6541e+11,2.9330e+11
0.04896,0.18542,5.6378e+0,2.5831e+11,3.5275e+11
0.05104,0.18542,5.4551e+0,6.1852e+11,2.7385e+10
0.05312,0.18542,5.2978e+0,6.1555e+11,1.1224e+10
0.05521,0.18542,5.1604e+0,5.3263e+10,1.4953e+10
0.05729,0.18542,5.0060e+0,0.0000e+0,1.6539e+11
0.05937,0.18542,4.8288e+0,8.8987e+10,3.3087e+11
0.06146,0.18542,4.6326e+0,1.4481e+11,0.0000e+0
0.06354,0.18542,4.4446e+0,5.6829e+10,1.5666e+11
0.06563,0.18542,4.2476e+0,0.0000e+0,2.3575e+10
0.06771,0.18542,4.0473e+0,3.8860e+11,1.3400e+11
0.06979,0.18542,3.8611e+0,2.3258e+11,2.1215e+11
0.07187,0.18542,3.6743e+0,0.0000e+0,1.1526e+11
0.07396,0.18542,3.4773e+0,0.0000e+0,5.2710e+11
0.07604,0.18542,3.2431e+0,1.0554e+10,4.3965e+11
0.07813,0.18542,2.9869e+0,1.0810e+10,4.0329e+11
0.08021,0.18542,2.7128e+0,9.5962e+10,8.8437e+10
0.08229,0.18542,2.4465e+0,6.8024e+10,6.8796e+11
0.08438,0.18542,2.1378e+0,4.6197e+11,1.4258e+11
0.08646,0.18542,1.8553e+0,3.3512e+11,1.1953e+11
0.08854,0.18542,1.5917e+0,0.0000e+0,4.8284e+11
0.09062,0.18542,1.2940e+0,0.0000e+0,3.9338e+10
0.09271,0.18542,9.9722e-1,0.0000e+0,0.0000e+0
0.09479,0.18542,7.0529e-1,0.0000e+0,0.0000e+0
0.09688,0.18542,4.1870e-1,0.0000e+0,0.0000e+0
0.09896,0.18542,1.3767e-1,0.0000e+0,0.0000e+0
0.00104,0.18958,8.1905e+0,0.0000e+0,0.0000e+0
0.00313,0.18958,8.1957e+0,0.0000e+0,0.0000e+0
0.00521,0.18958,8.2079e+0,0.0000e+0,1.3857e+12
0.00729,0.18958,8.1407e+0,0.0000e+0,4.2675e+11
0.00937,0.18958,8.0697e+0,0.0000e+0,0.0000e+0
0.01146,0.18958,8.0152e+0,0.0000e+0,0.0000e+0
0.01354,0.18958,7.9700e+0,0.0000e+0,5.8973e+11
0.01563,0.18958,7.8988e+0,0.0000e+0,2.1495e+11
0.01771,0.18958,7.8272e+0,0.0000e+0,0.0000e+0
0.01979,0.18958,7.7675e+0,0.0000e+0,5.9659e+11
0.02187,0.18958,7.6737e+0,0.0000e+0,1.1889e+9
0.02396,0.18958,7.5826e+0,0.0000e+0,4.8976e+11
0.02604,0.18958,7.4574e+0,0.0000e+0,3.7758e+11
0.02813,0.18958,7.3107e+0,0.0000e+0,0.0000e+0
0.03021,0.18958,7.1762e+0,1.6115e+9,5.8703e+10
0.03229,0.18958,7.0564e+0,3.6644e+10,6.1134e+11
0.03438,0.18958,6.9190e+0,1.5777e+10,6.2519e+11
0.03646,0.18958,6.7595e+0,2.4269e+11,6.4640e+11
0.03854,0.18958,6.5834e+0,2.0243e+10,1.6811e+11
0.04063,0.18958,6.4096e+0,1.2370e+11,1.0021e+11
0.04271,0.18958,6.2472e+0,8.0095e+10,3.3995e+9
0.04479,0.18958,6.1016e+0,2.8923e+10,6.4828e+11
0.04688,0.18958,5.9265e+0,3.1467e+10,3.2742e+11
0.04896,0.18958,5.7497e+0,1.3862e+11,3.2668e+11
0.05104,0.18958,5.5804e+0,5.9015e+11,3.7827e+11
0.05312,0.18958,5.4426e+0,8.5716e+10,8.9667e+11
0.05521,0.18958,5.2723e+0,6.8375e+10,5.3734e+11
0.05729,0.18958,5.0833e+0,3.4686e+11,6.5949e+11
0.05937,0.18958,4.8822e+0,3.6809e+10,2.5285e+11
0.06146,0.18958,4.6732e+0,5.4094e+10,8.6410e+10
0.06354,0.18958,4.4690e+0,2.9455e+11,2.5737e+11
0.06563,0.18958,4.2710e+0,0.0000e+0,1.4337e+10
0.06771,0.18958,4.0765e+0,1.9211e+10,0.0000e+0
0.06979,0.18958,3.8892e+0,4.5471e+9,2.3103e+11
0.07187,0.18958,3.6927e+0,0.0000e+0,3.5445e+11
0.07396,0.18958,3.4761e+0,0.0000e+0,5.9241e+11
0.07604,0.18958,3.2165e+0,1.3295e+11,1.2726e+11
0.07813,0.18958,2.9528e+0,1.3771e+11,3.8779e+10
0.08021,0.18958,2.6890e+0,2.7518e+11,1.1317e+11
0.08229,0.18958,2.4366e+0,1.5494e+11,6.1703e+11
0.08438,0.18958,2.1494e+0,2.6011e+11,1.4642e+11
0.08646,0.18958,1.8747e+0,1.2365e+11,2.6505e+11
0.08854,0.18958,1.5978e+0,0.0000e+0,3.7675e+11
0.09062,0.18958,1.3003e+0,0.0000e+0,1.0654e+11
0.09271,0.18958,1.0007e+0,0.0000e+0,0.0000e+0
0.09479,0.18958,7.0726e-1,0.0000e+0,0.0000e+0
0.09688,0.18958,4.1970e-1,0.0000e+0,0.0000e+0
0.09896,0.18958,1.3797e-1,0.0000e+0,0.0000e+0
0.00104,0.19375,8.2236e+0,0.0000e+0,0.0000e+0
0.00313,0.19375,8.2310e+0,0.0000e+0,0.0000e+0
0.00521,0.19375,8.2479e+0,0.0000e+0,1.6187e+12
0.00729,0.19375,8.1734e+0,0.0000e+0,4.9852e+11
0.00937,0.19375,8.0900e+0,0.0000e+0,0.0000e+0
0.01146,0.19375,8.0168e+0,0.0000e+0,0.0000e+0
0.01354,0.19375,7.9513e+0,6.3496e+11,5.7443e+11
0.01563,0.19375,7.8858e+0,1.5438e+9,2.0938e+11
0.01771,0.19375,7.8042e+0,9.0573e+10,0.0000e+0
0.01979,0.19375,7.7268e+0,7.7666e+11,0.0000e+0
0.02187,0.19375,7.6999e+0,0.0000e+0,4.2191e+11
0.02396,0.19375,7.6484e+0,0.0000e+0,1.0278e+12
0.02604,0.19375,7.5426e+0,0.0000e+0,1.0139e+12
0.02813,0.19375,7.3864e+0,0.0000e+0,3.2493e+11
0.03021,0.19375,7.2310e+0,2.7682e+10,1.1904e+11
0.03229,0.19375,7.0871e+0,6.2947e+11,3.5365e+11
0.03438,0.19375,6.9793e+0,2.5978e+10,6.8753e+11
0.03646,0.19375,6.8486e+0,3.5766e+11,1.5752e+12
0.03854,0.19375,6.6593e+0,7.5265e+10,1.3599e+11
0.04063,0.19375,6.4943e+0,2.1431e+11,6.1121e+11
0.04271,0.19375,6.3238e+0,1.3228e+11,1.1869e+11
0.04479,0.19375,6.1722e+0,0.0000e+0,5.9033e+11
0.04688,0.19375,5.9950e+0,4.1899e+11,4.7157e+11
0.04896,0.19375,5.8262e+0,3.0107e+11,4.5546e+11
0.05104,0.19375,5.6559e+0,4.0141e+11,5.4571e+11
0.05312,0.19375,5.4891e+0,4.3810e+11,3.6507e+11
0.05521,0.19375,5.3354e+0,1.8126e+11,8.7514e+11
0.05729,0.19375,5.1487e+0,1.6958e+11,9.2457e+11
0.05937,0.19375,4.9282e+0,5.0250e+11,6.0376e+11
0.06146,0.19375,4.7136e+0,1.6017e+11,1.5460e+11
0.06354,0.19375,4.5051e+0,1.8127e+10,0.0000e+0
0.06563,0.19375,4.3007e+0,6.9530e+10,2.9049e+9
0.06771,0.19375,4.1024e+0,6.3607e+10,7.2646e+10
0.06979,0.19375,3.9051e+0,0.0000e+0,5.8659e+10
0.07187,0.19375,3.7036e+0,1.2694e+10,2.8425e+11
0.07396,0.19375,3.4875e+0,2.0334e+11,7.7667e+11
0.07604,0.19375,3.2367e+0,3.4068e+11,5.8292e+11
0.07813,0.19375,2.9767e+0,1.6382e+10,2.6024e+11
0.08021,0.19375,2.7051e+0,2.3567e+11,1.9376e+11
0.08229,0.19375,2.4404e+0,1.6629e+11,2.4407e+11
0.08438,0.19375,2.1729e+0,7.9102e+10,4.7893e+11
0.08646,0.19375,1.8852e+0,9.6876e+10,2.1104e+11
0.08854,0.19375,1.5953e+0,2.9858e+11,2.9135e+11
0.09062,0.19375,1.3085e+0,3.2539e+10,2.7529e+11
0.09271,0.19375,1.0067e+0,0.0000e+0,0.0000e+0
0.09479,0.19375,7.1111e-1,0.0000e+0,0.0000e+0
0.09688,0.19375,4.2183e-1,0.0000e+0,0.0000e+0
0.09896,0.19375,1.3865e-1,0.0000e+0,0.0000e+0
0.00104,0.19792,8.1978e+0,0.0000e+0,0.0000e+0
0.00313,0.19792,8.1955e+0,0.0000e+0,0.0000e+0
0.00521,0.19792,8.1898e+0,0.0000e+0,0.0000e+0
0.00729,0.19792,8.1759e+0,0.0000e+0,4.1419e+11
0.00937,0.19792,8.1382e+0,0.0000e+0,1.0947e+12
0.01146,0.19792,8.0388e+0,0.0000e+0,0.0000e+0
0.01354,0.19792,7.9509e+0,1.0142e+12,3.9140e+11
0.01563,0.19792,7.9128e+0,2.1604e+11,9.4535e+11
0.01771,0.19792,7.8248e+0,3.0740e+11,0.0000e+0
0.01979,0.19792,7.7610e+0,2.4796e+11,0.0000e+0
0.02187,0.19792,7.7062e+0,0.0000e+0,4.8949e+10
0.02396,0.19792,7.6364e+0,0.0000e+0,5.2480e+10
0.02604,0.19792,7.5528e+0,0.0000e+0,9.5785e+11
0.02813,0.19792,7.4032e+0,0.0000e+0,1.8525e+11
0.03021,0.19792,7.2494e+0,0.0000e+0,0.0000e+0
0.03229,0.19792,7.1021e+0,0.0000e+0,0.0000e+0
0.03438,0.19792,6.9594e+0,0.0000e+0,3.8264e+10
0.03646,0.19792,6.8094e+0,0.0000e+0,4.4232e+10
0.03854,0.19792,6.6475e+0,4.3431e+11,1.3137e+10
0.04063,0.19792,6.5145e+0,3.4253e+11,6.4115e+11
0.04271,0.19792,6.3568e+0,3.3915e+11,5.3717e+11
0.04479,0.19792,6.1948e+0,2.6595e+11,1.9229e+11
0.04688,0.19792,6.0429e+0,7.5397e+10,2.2405e+11
0.04896,0.19792,5.8896e+0,4.2995e+8,6.2566e+11
0.05104,0.19792,5.7022e+0,7.0430e+9,1.0256e+11
0.05312,0.19792,5.5194e+0,7.9324e+10,1.6140e+11
0.05521,0.19792,5.3380e+0,1.0357e+11,2.9499e+11
0.05729,0.19792,5.1432e+0,0.0000e+0,1.0215e+10
0.05937,0.19792,4.9451e+0,1.6221e+11,1.2998e+11
0.06146,0.19792,4.7528e+0,1.5873e+11,2.7637e+11
0.06354,0.19792,4.5579e+0,1.7886e+11,4.2664e+11
0.06563,0.19792,4.3514e+0,2.7453e+11,3.7459e+11
0.06771,0.19792,4.1489e+0,1.6046e+11,3.5381e+11
0.06979,0.19792,3.9432e+0,0.0000e+0,5.0216e+11
0.07187,0.19792,3.7104e+0,1.4112e+11,1.3015e+11
0.07396,0.19792,3.4815e+0,2.4901e+11,3.4651e+11
0.07604,0.19792,3.2447e+0,2.9313e+11,3.8429e+11
0.07813,0.19792,3.0033e+0,1.2539e+11,6.5369e+11
0.08021,0.19792,2.7324e+0,8.7443e+10,3.0125e+11
0.08229,0.19792,2.4539e+0,1.4933e+11,1.5682e+11
0.08438,0.19792,2.1776e+0,2.1307e+10,4.8526e+10
0.08646,0.19792,1.8957e+0,1.4836e+10,5.9388e+10
0.08854,0.19792,1.6138e+0,5.7534e+10,3.2768e+11
0.09062,0.19792,1.3226e+0,7.1935e+9,3.7986e+11
0.09271,0.19792,1.0144e+0,0.0000e+0,0.0000e+0
0.09479,0.19792,7.1554e-1,0.0000e+0,0.0000e+0
0.09688,0.19792,4.2416e-1,0.0000e+0,0.0000e+0
0.09896,0.19792,1.3938e-1,0.0000e+0,0.0000e+0
0.00104,0.20208,8.1867e+0,0.0000e+0,0.0000e+0
0.00313,0.20208,8.1847e+0,0.0000e+0,0.0000e+0
0.00521,0.20208,8.1804e+0,0.0000e+0,0.0000e+0
0.00729,0.20208,8.1741e+0,0.0000e+0,2.8411e+11
0.00937,0.20208,8.1501e+0,4.3574e+10,7.9670e+11
0.01146,0.20208,8.0827e+0,2.7547e+11,5.0238e+11
0.01354,0.20208,8.0193e+0,0.0000e+0,1.4694e+11
0.01563,0.20208,7.9539e+0,3.6488e+11,2.5105e+11
0.01771,0.20208,7.8894e+0,4.7577e+11,0.0000e+0
0.01979,0.20208,7.8580e+0,0.0000e+0,7.3655e+11
0.02187,0.20208,7.7813e+0,0.0000e+0,3.3144e+11
0.02396,0.20208,7.6897e+0,0.0000e+0,5.3465e+11
0.02604,0.20208,7.5636e+0,0.0000e+0,2.0056e+11
0.02813,0.20208,7.4233e+0,0.0000e+0,1.2261e+10
0.03021,0.20208,7.2838e+0,0.0000e+0,8.2524e+10
0.03229,0.20208,7.1406e+0,0.0000e+0,9.6792e+10
0.03438,0.20208,6.9921e+0,1.4515e+11,2.4292e+11
0.03646,0.20208,6.8394e+0,7.8360e+10,1.1944e+10
0.03854,0.20208,6.6988e+0,0.0000e+0,6.9464e+10
0.04063,0.20208,6.5620e+0,1.8934e+11,8.9288e+11
0.04271,0.20208,6.3820e+0,2.6665e+11,2.2217e+11
0.04479,0.20208,6.2111e+0,5.7125e+11,8.6756e+10
0.04688,0.20208,6.0745e+0,9.2146e+10,4.4377e+11
0.04896,0.20208,5.9221e+0,3.9072e+11,9.6764e+11
0.05104,0.20208,5.7309e+0,0.0000e+0,3.4499e+10
0.05312,0.20208,5.5431e+0,0.0000e+0,0.0000e+0
0.05521,0.20208,5.3599e+0,0.0000e+0,7.1405e+10
0.05729,0.20208,5.1763e+0,2.5932e+10,2.7507e+11
0.05937,0.20208,4.9827e+0,3.7601e+11,4.5008e+11
0.06146,0.20208,4.7960e+0,1.0867e+11,3.8503e+11
0.06354,0.20208,4.6021e+0,9.5599e+10,5.7411e+11
0.06563,0.20208,4.3838e+0,0.0000e+0,5.0201e+10
0.06771,0.20208,4.1724e+0,0.0000e+0,1.3576e+11
0.06979,0.20208,3.9584e+0,4.8954e+10,3.2857e+11
0.07187,0.20208,3.7294e+0,1.8226e+11,1.9318e+11
0.07396,0.20208,3.5053e+0,2.0936e+10,2.2244e+11
0.07604,0.20208,3.2694e+0,2.1395e+11,4.6971e+11
0.07813,0.20208,3.0135e+0,4.1232e+10,1.5710e+11
0.08021,0.20208,2.7504e+0,2.4173e+9,6.6148e+9
0.08229,0.20208,2.4880e+0,1.3259e+11,2.6890e+11
0.08438,0.20208,2.2212e+0,3.4183e+10,5.9374e+11
0.08646,0.20208,1.9196e+0,0.0000e+0,1.1902e+11
0.08854,0.20208,1.6154e+0,0.0000e+0,8.2438e+9
0.09062,0.20208,1.3134e+0,0.0000e+0,8.5247e+9
0.09271,0.20208,1.0125e+0,0.0000e+0,0.0000e+0
0.09479,0.20208,7.1591e-1,0.0000e+0,0.0000e+0
0.09688,0.20208,4.2487e-1,0.0000e+0,0.0000e+0
0.09896,0.20208,1.3967e-1,0.0000e+0,0.0000e+0
0.00104,0.20625,8.1942e+0,0.0000e+0,0.0000e+0
0.00313,0.20625,8.1925e+0,0.0000e+0,0.0000e+0
0.00521,0.20625,8.1866e+0,0.0000e+0,0.0000e+0
0.00729,0.20625,8.1702e+0,0.0000e+0,0.0000e+0
0.00937,0.20625,8.1366e+0,2.3016e+11,1.1996e+11
0.01146,0.20625,8.1029e+0,1.4550e+12,1.3165e+12
0.01354,0.20625,8.0889e+0,0.0000e+0,5.3253e+11
0.01563,0.20625,8.0537e+0,0.0000e+0,7.4206e+11
0.01771,0.20625,7.9855e+0,0.0000e+0,0.0000e+0
0.01979,0.20625,7.9284e+0,0.0000e+0,3.6865e+11
0.02187,0.20625,7.8440e+0,0.0000e+0,1.2135e+11
0.02396,0.20625,7.7503e+0,0.0000e+0,6.5364e+11
0.02604,0.20625,7.6112e+0,4.7554e+11,4.5132e+11
0.02813,0.20625,7.4775e+0,3.5746e+11,2.1016e+11
0.03021,0.20625,7.3457e+0,1.3878e+11,2.4641e+11
0.03229,0.20625,7.2078e+0,0.0000e+0,3.6788e+11
0.03438,0.20625,7.0460e+0,3.0490e+11,4.6211e+11
0.03646,0.20625,6.8759e+0,5.9646e+11,8.2429e+10
0.03854,0.20625,6.7429e+0,1.3692e+11,1.6411e+11
0.04063,0.20625,6.5983e+0,3.6203e+10,2.9123e+11
0.04271,0.20625,6.4268e+0,3.7008e+11,1.0377e+11
0.04479,0.20625,6.2748e+0,4.5988e+10,3.2326e+11
0.04688,0.20625,6.1096e+0,2.6310e+9,1.0688e+11
0.04896,0.20625,5.9406e+0,2.5331e+10,8.3536e+10
0.05104,0.20625,5.7662e+0,0.0000e+0,2.6200e+11
0.05312,0.20625,5.5773e+0,1.2894e+11,2.2627e+11
0.05521,0.20625,5.3888e+0,1.8911e+11,2.6005e+11
0.05729,0.20625,5.1995e+0,1.5518e+10,4.3203e+11
0.05937,0.20625,4.9839e+0,5.6278e+11,8.8694e+10
0.06146,0.20625,4.8073e+0,1.2961e+11,3.2156e+11
0.06354,0.20625,4.6153e+0,0.0000e+0,3.4150e+11
0.06563,0.20625,4.4007e+0,0.0000e+0,0.0000e+0
0.06771,0.20625,4.1894e+0,4.2294e+10,1.5635e+11
0.06979,0.20625,3.9716e+0,1.7973e+11,9.1675e+10
0.07187,0.20625,3.7540e+0,1.4480e+11,9.6030e+9
0.07396,0.20625,3.5379e+0,0.0000e+0,2.3016e+10
0.07604,0.20625,3.3097e+0,0.0000e+0,2.6829e+11
0.07813,0.20625,3.0514e+0,2.3218e+11,1.3747e+11
0.08021,0.20625,2.7923e+0,3.5045e+10,5.7581e+10
0.08229,0.20625,2.5285e+0,1.6366e+11,3.3288e+11
0.08438,0.20625,2.2526e+0,7.0802e+10,5.1481e+11
0.08646,0.20625,1.9455e+0,0.0000e+0,8.5266e+10
0.08854,0.20625,1.6341e+0,0.0000e+0,0.0000e+0
0.09062,0.20625,1.3250e+0,0.0000e+0,0.0000e+0
0.09271,0.20625,1.0198e+0,0.0000e+0,0.0000e+0
0.09479,0.20625,7.2011e-1,0.0000e+0,0.0000e+0
0.09688,0.20625,4.2701e-1,0.0000e+0,0.0000e+0
0.09896,0.20625,1.4032e-1,0.0000e+0,0.0000e+0
0.00104,0.21042,8.2143e+0,0.0000e+0,0.0000e+0
0.00313,0.21042,8.2254e+0,0.0000e+0,0.0000e+0
0.00521,0.21042,8.2534e+0,0.0000e+0,7.3435e+11
0.00729,0.21042,8.2647e+0,0.0000e+0,2.4574e+12
0.00937,0.21042,8.1620e+0,0.0000e+0,0.0000e+0
0.01146,0.21042,8.1129e+0,0.0000e+0,0.0000e+0
0.01354,0.21042,8.0918e+0,0.0000e+0,0.0000e+0
0.01563,0.21042,8.0784e+0,0.0000e+0,0.0000e+0
0.01771,0.21042,8.0672e+0,0.0000e+0,6.9009e+11
0.01979,0.21042,8.0220e+0,0.0000e+0,7.4464e+11
0.02187,0.21042,7.9394e+0,0.0000e+0,5.5121e+11
0.02396,0.21042,7.8271e+0,0.0000e+0,2.0628e+10
0.02604,0.21042,7.7137e+0,6.5462e+11,1.1324e+12
0.02813,0.21042,7.5812e+0,3.0736e+11,5.1649e+11
0.03021,0.21042,7.4374e+0,4.9203e+11,5.6937e+11
0.03229,0.21042,7.2938e+0,0.0000e+0,2.6928e+11
0.03438,0.21042,7.1319e+0,3.7683e+11,2.6383e+11
0.03646,0.21042,6.9810e+0,4.2105e+11,1.6144e+11
0.03854,0.21042,6.8508e+0,4.0877e+11,7.7117e+11
0.04063,0.21042,6.6978e+0,1.5221e+10,5.8204e+11
0.04271,0.21042,6.5104e+0,1.4073e+11,1.4202e+11
0.04479,0.21042,6.3312e+0,0.0000e+0,5.4394e+10
0.04688,0.21042,6.1573e+0,0.0000e+0,6.0379e+10
0.04896,0.21042,5.9898e+0,0.0000e+0,3.7615e+11
0.05104,0.21042,5.8074e+0,1.2684e+11,4.1115e+11
0.05312,0.21042,5.6149e+0,1.0033e+11,3.5665e+11
0.05521,0.21042,5.4156e+0,3.2691e+11,3.0914e+11
0.05729,0.21042,5.2279e+0,0.0000e+0,3.0245e+11
0.05937,0.21042,5.0279e+0,1.4706e+9,1.1091e+11
0.06146,0.21042,4.8325e+0,1.1878e+10,8.2349e+10
0.06354,0.21042,4.6385e+0,2.0047e+10,2.5987e+11
0.06563,0.21042,4.4313e+0,0.0000e+0,9.2122e+10
0.06771,0.21042,4.2196e+0,3.9489e+11,1.5074e+10
0.06979,0.21042,4.0353e+0,1.5300e+11,4.1437e+11
0.07187,0.21042,3.8376e+0,1.5719e+11,3.3515e+11
0.07396,0.21042,3.6361e+0,0.0000e+0,4.4806e+11
0.07604,0.21042,3.4132e+0,0.0000e+0,7.3786e+11
0.07813,0.21042,3.1495e+0,0.0000e+0,4.0642e+11
0.08021,0.21042,2.8722e+0,0.0000e+0,2.6989e+11
0.08229,0.21042,2.5884e+0,2.4858e+10,2.3958e+11
0.08438,0.21042,2.3016e+0,1.0754e+10,4.3522e+11
0.08646,0.21042,1.9917e+0,0.0000e+0,2.1723e+11
0.08854,0.21042,1.6727e+0,0.0000e+0,1.6993e+11
0.09062,0.21042,1.3493e+0,0.0000e+0,4.4027e+10
0.09271,0.21042,1.0321e+0,6.5275e+9,0.0000e+0
0.09479,0.21042,7.2410e-1,3.8720e+10,0.0000e+0
0.09688,0.21042,4.2844e-1,6.2275e+9,0.0000e+0
0.09896,0.21042,1.4075e-1,0.0000e+0,0.0000e+0
0.00104,0.21458,8.1448e+0,0.0000e+0,0.0000e+0
0.00313,0.21458,8.1390e+0,0.0000e+0,0.0000e+0
0.00521,0.21458,8.1253e+0,0.0000e+0,2.2004e+10
0.00729,0.21458,8.0955e+0,0.0000e+0,7.3635e+10
0.00937,0.21458,8.0398e+0,7.8541e+11,0.0000e+0
0.01146,0.21458,8.0372e+0,7.6721e+11,0.0000e+0
0.01354,0.21458,8.0735e+0,0.0000e+0,1.1120e+11
0.01563,0.21458,8.1016e+0,0.0000e+0,8.6854e+11
0.01771,0.21458,8.0816e+0,0.0000e+0,3.2757e+11
0.01979,0.21458,8.0582e+0,0.0000e+0,5.9946e+11
0.02187,0.21458,8.0172e+0,0.0000e+0,9.1800e+11
0.02396,0.21458,7.9421e+0,0.0000e+0,1.2405e+12
0.02604,0.21458,7.8130e+0,0.0000e+0,4.5951e+11
0.02813,0.21458,7.6783e+0,0.0000e+0,2.1086e+11
0.03021,0.21458,7.5453e+0,0.0000e+0,2.4656e+11
0.03229,0.21458,7.4071e+0,3.4001e+10,4.9968e+11
0.03438,0.21458,7.2481e+0,6.6958e+10,1.3815e+11
0.03646,0.21458,7.1033e+0,1.4296e+9,3.2395e+11
0.03854,0.21458,6.9568e+0,3.0565e+9,5.6709e+11
0.04063,0.21458,6.7917e+0,0.0000e+0,7.7106e+11
0.04271,0.21458,6.5907e+0,4.3442e+10,3.5933e+11
0.04479,0.21458,6.3821e+0,2.7113e+11,1.8585e+11
0.04688,0.21458,6.1908e+0,1.7643e+11,1.4435e+10
0.04896,0.21458,6.0105e+0,1.4577e+11,1.8743e+11
0.05104,0.21458,5.8262e+0,2.2453e+11,2.5235e+11
0.05312,0.21458,5.6381e+0,1.6013e+11,3.8485e+11
0.05521,0.21458,5.4357e+0,1.2233e+11,0.0000e+0
0.05729,0.21458,5.2387e+0,2.8671e+11,9.8050e+10
0.05937,0.21458,5.0469e+0,3.9281e+11,2.2788e+11
0.06146,0.21458,4.8567e+0,2.6123e+11,2.3713e+11
0.06354,0.21458,4.6653e+0,4.1725e+11,3.1593e+11
0.06563,0.21458,4.4773e+0,1.3936e+11,2.6585e+11
0.06771,0.21458,4.2864e+0,1.0824e+11,2.4574e+11
0.06979,0.21458,4.1001e+0,3.0674e+10,4.3081e+11
0.07187,0.21458,3.9000e+0,0.0000e+0,1.2115e+11
0.07396,0.21458,3.7027e+0,0.0000e+0,6.0063e+11
0.07604,0.21458,3.4751e+0,0.0000e+0,7.9927e+11
0.07813,0.21458,3.2031e+0,0.0000e+0,3.2386e+11
0.08021,0.21458,2.9224e+0,9.5053e+9,4.9073e+11
0.08229,0.21458,2.6216e+0,1.5641e+11,4.5703e+10
0.08438,0.21458,2.3395e+0,0.0000e+0,4.4541e+11
0.08646,0.21458,2.0360e+0,4.5348e+10,5.5459e+11
0.08854,0.21458,1.7062e+0,4.3536e+10,3.1218e+11
0.09062,0.21458,1.3639e+0,1.8238e+11,3.6089e+10
0.09271,0.21458,1.0371e+0,1.1318e+11,0.0000e+0
0.09479,0.21458,7.1861e-1,3.1305e+11,0.0000e+0
0.09688,0.21458,4.2616e-1,3.9683e+10,0.0000e+0
0.09896,0.21458,1.4037e-1,0.0000e+0,0.0000e+0
0.00104,0.21875,8.1212e+0,0.0000e+0,0.0000e+0
0.00313,0.21875,8.1110e+0,0.0000e+0,0.0000e+0
0.00521,0.21875,8.0895e+0,0.0000e+0,0.0000e+0
0.00729,0.21875,8.0554e+0,0.0000e+0,0.0000e+0
0.00937,0.21875,8.0092e+0,6.4819e+11,0.0000e+0
0.01146,0.21875,8.0118e+0,4.4424e+11,0.0000e+0
0.01354,0.21875,8.0330e+0,0.0000e+0,5.3974e+10
0.01563,0.21875,8.0423e+0,0.0000e+0,4.2158e+11
0.01771,0.21875,8.0165e+0,0.0000e+0,0.0000e+0
0.01979,0.21875,7.9908e+0,0.0000e+0,0.0000e+0
0.02187,0.21875,7.9649e+0,0.0000e+0,1.8079e+11
0.02396,0.21875,7.9192e+0,0.0000e+0,5.4050e+11
0.02604,0.21875,7.8318e+0,0.0000e+0,1.0777e+11
0.02813,0.21875,7.7423e+0,0.0000e+0,4.5090e+11
0.03021,0.21875,7.6338e+0,0.0000e+0,6.2517e+11
0.03229,0.21875,7.4937e+0,1.8998e+11,7.2636e+11
0.03438,0.21875,7.3221e+0,3.7413e+11,3.2826e+11
0.03646,0.21875,7.1644e+0,0.0000e+0,2.7026e+11
0.03854,0.21875,6.9942e+0,3.3854e+11,4.4287e+11
0.04063,0.21875,6.8241e+0,9.3386e+10,3.2163e+11
0.04271,0.21875,6.6439e+0,2.8099e+11,4.5793e+11
0.04479,0.21875,6.4522e+0,5.4485e+11,6.8336e+11
0.04688,0.21875,6.2539e+0,5.7066e+11,3.4962e+11
0.04896,0.21875,6.0665e+0,1.4684e+11,1.4856e+11
0.05104,0.21875,5.8739e+0,1.0937e+11,6.4920e+8
0.05312,0.21875,5.6862e+0,2.1879e+11,1.8465e+11
0.05521,0.21875,5.5012e+0,3.7893e+10,1.3007e+11
0.05729,0.21875,5.3142e+0,2.7318e+10,2.0144e+11
0.05937,0.21875,5.1257e+0,6.0219e+10,3.4088e+11
0.06146,0.21875,4.9278e+0,1.2782e+11,3.7972e+11
0.06354,0.21875,4.7200e+0,2.7359e+11,2.1630e+11
0.06563,0.21875,4.5192e+0,4.0672e+10,1.9401e+11
0.06771,0.21875,4.3134e+0,2.0336e+11,6.8337e+10
0.06979,0.21875,4.1230e+0,1.0304e+11,1.4247e+11
0.07187,0.21875,3.9359e+0,0.0000e+0,4.6298e+11
0.07396,0.21875,3.7257e+0,1.1813e+11,5.8732e+11
0.07604,0.21875,3.4904e+0,1.2196e+10,6.2792e+11
0.07813,0.21875,3.2197e+0,0.0000e+0,4.0057e+11
0.08021,0.21875,2.9312e+0,4.2784e+10,1.9948e+11
0.08229,0.21875,2.6422e+0,1.7228e+11,3.3875e+11
0.08438,0.21875,2.3520e+0,1.2905e+11,2.9999e+11
0.08646,0.21875,2.0559e+0,2.8997e+11,6.4668e+11
0.08854,0.21875,1.7401e+0,8.1857e+10,6.0806e+11
0.09062,0.21875,1.3970e+0,1.9272e+10,8.3367e+10
0.09271,0.21875,1.0614e+0,1.0618e+10,0.0000e+0
0.09479,0.21875,7.3737e-1,2.2607e+11,0.0000e+0
0.09688,0.21875,4.3702e-1,0.0000e+0,0.0000e+0
0.09896,0.21875,1.4359e-1,0.0000e+0,0.0000e+0
0.00104,0.22292,8.1797e+0,0.0000e+0,0.0000e+0
0.00313,0.22292,8.1701e+0,0.0000e+0,0.0000e+0
0.00521,0.22292,8.1485e+0,0.0000e+0,0.0000e+0
0.00729,0.22292,8.1091e+0,0.0000e+0,0.0000e+0
0.00937,0.22292,8.0380e+0,1.2226e+12,0.0000e+0
0.01146,0.22292,8.0250e+0,5.2425e+11,0.0000e+0
0.01354,0.22292,8.0140e+0,1.5662e+11,0.0000e+0
0.01563,0.22292,7.9955e+0,1.8121e+9,0.0000e+0
0.01771,0.22292,7.9631e+0,1.7681e+11,0.0000e+0
0.01979,0.22292,7.9353e+0,5.6671e+11,0.0000e+0
0.02187,0.22292,7.9485e+0,6.5979e+11,1.0227e+12
0.02396,0.22292,7.9157e+0,2.8121e+11,7.5501e+11
0.02604,0.22292,7.8535e+0,0.0000e+0,3.6995e+11
0.02813,0.22292,7.7701e+0,0.0000e+0,1.1438e+11
0.03021,0.22292,7.6872e+0,0.0000e+0,5.9671e+11
0.03229,0.22292,7.5705e+0,0.0000e+0,1.0096e+12
0.03438,0.22292,7.4038e+0,0.0000e+0,4.9764e+11
0.03646,0.22292,7.2278e+0,0.0000e+0,4.4165e+11
0.03854,0.22292,7.0406e+0,1.7770e+11,3.0772e+11
0.04063,0.22292,6.8604e+0,5.0164e+11,4.4651e+11
0.04271,0.22292,6.6992e+0,3.4730e+11,5.0089e+11
0.04479,0.22292,6.5514e+0,5.3790e+11,1.5284e+12
0.04688,0.22292,6.3726e+0,2.8882e+11,1.1855e+12
0.04896,0.22292,6.1672e+0,1.8906e+11,6.4254e+11
0.05104,0.22292,5.9621e+0,0.0000e+0,2.5698e+11
0.05312,0.22292,5.7630e+0,3.7890e+11,6.2779e+11
0.05521,0.22292,5.5683e+0,5.1576e+11,7.0634e+11
0.05729,0.22292,5.3763e+0,1.2140e+11,3.1615e+11
0.05937,0.22292,5.1878e+0,8.3521e+10,4.0816e+11
0.06146,0.22292,4.9899e+0,0.0000e+0,1.8399e+11
0.06354,0.22292,4.7884e+0,3.7179e+11,7.7857e+11
0.06563,0.22292,4.5629e+0,8.2720e+10,1.4212e+11
0.06771,0.22292,4.3456e+0,1.3912e+10,8.1668e+9
0.06979,0.22292,4.1408e+0,2.2048e+11,2.7896e+11
0.07187,0.22292,3.9420e+0,7.2583e+10,4.6547e+11
0.07396,0.22292,3.7279e+0,1.5978e+11,7.6818e+11
0.07604,0.22292,3.4826e+0,1.6065e+10,5.1970e+11
0.07813,0.22292,3.2110e+0,0.0000e+0,2.8685e+11
0.08021,0.22292,2.9240e+0,5.6157e+10,7.8743e+10
0.08229,0.22292,2.6454e+0,1.0989e+11,3.0870e+11
0.08438,0.22292,2.3660e+0,7.9653e+10,5.9670e+11
0.08646,0.22292,2.0671e+0,1.0967e+11,5.6618e+11
0.08854,0.22292,1.7499e+0,0.0000e+0,5.1841e+11
0.09062,0.22292,1.4108e+0,0.0000e+0,1.6191e+11
0.09271,0.22292,1.0757e+0,0.0000e+0,0.0000e+0
0.09479,0.22292,7.5422e-1,0.0000e+0,0.0000e+0
0.09688,0.22292,4.4571e-1,0.0000e+0,0.0000e+0
0.09896,0.22292,1.4625e-1,0.0000e+0,0.0000e+0
0.00104,0.22708,8.3146e+0,0.0000e+0,0.0000e+0
0.00313,0.22708,8.3185e+0,0.0000e+0,0.0000e+0
0.00521,0.22708,8.3288e+0,0.0000e+0,0.0000e+0
0.00729,0.22708,8.3527e+0,0.0000e+0,1.7171e+12
0.00937,0.22708,8.2882e+0,0.0000e+0,1.4842e+12
0.01146,0.22708,8.1685e+0,0.0000e+0,5.9732e+11
0.01354,0.22708,8.0462e+0,1.4754e+12,0.0000e+0
0.01563,0.22708,8.0179e+0,1.7070e+10,0.0000e+0
0.01771,0.22708,7.9721e+0,3.5432e+11,1.8377e+11
0.01979,0.22708,7.9209e+0,1.1677e+12,4.3025e+10
0.02187,0.22708,7.9475e+0,3.4189e+11,1.0244e+12
0.02396,0.22708,7.9240e+0,8.2945e+10,9.2981e+11
0.02604,0.22708,7.8674e+0,0.0000e+0,7.8793e+11
0.02813,0.22708,7.7843e+0,0.0000e+0,2.2652e+11
0.03021,0.22708,7.7162e+0,0.0000e+0,1.5115e+12
0.03229,0.22708,7.5664e+0,0.0000e+0,3.1534e+11
0.03438,0.22708,7.4079e+0,0.0000e+0,4.3408e+11
0.03646,0.22708,7.2387e+0,0.0000e+0,4.6866e+11
0.03854,0.22708,7.0545e+0,0.0000e+0,1.6751e+11
0.04063,0.22708,6.8723e+0,0.0000e+0,2.3266e+11
0.04271,0.22708,6.6790e+0,4.8259e+11,1.2909e+11
0.04479,0.22708,6.5036e+0,7.5033e+11,4.0692e+11
0.04688,0.22708,6.3422e+0,7.5121e+11,6.1693e+11
0.04896,0.22708,6.1808e+0,9.1519e+10,8.4242e+11
0.05104,0.22708,5.9782e+0,0.0000e+0,1.2990e+11
0.05312,0.22708,5.7789e+0,2.0308e+11,1.9286e+11
0.05521,0.22708,5.5926e+0,2.4471e+11,6.2208e+11
0.05729,0.22708,5.3957e+0,7.4331e+10,1.0062e+11
0.05937,0.22708,5.2126e+0,1.9048e+11,3.1571e+11
0.06146,0.22708,5.0359e+0,0.0000e+0,5.1507e+11
0.06354,0.22708,4.8460e+0,2.7878e+10,1.2353e+12
0.06563,0.22708,4.5950e+0,2.7674e+11,3.6354e+11
0.06771,0.22708,4.3567e+0,2.5309e+11,1.6875e+11
0.06979,0.22708,4.1376e+0,2.3442e+11,4.1289e+11
0.07187,0.22708,3.9120e+0,1.5752e+11,1.4860e+11
0.07396,0.22708,3.6862e+0,2.5287e+11,3.9279e+11
0.07604,0.22708,3.4502e+0,0.0000e+0,2.6852e+11
0.07813,0.22708,3.2038e+0,0.0000e+0,9.3759e+11
0.08021,0.22708,2.9085e+0,0.0000e+0,1.9616e+11
0.08229,0.22708,2.6156e+0,2.3806e+10,1.1123e+11
0.08438,0.22708,2.3257e+0,1.7527e+11,2.5940e+11
0.08646,0.22708,2.0347e+0,0.0000e+0,5.1516e+11
0.08854,0.22708,1.7155e+0,0.0000e+0,2.3589e+11
0.09062,0.22708,1.3889e+0,0.0000e+0,9.9548e+10
0.09271,0.22708,1.0650e+0,0.0000e+0,0.0000e+0
0.09479,0.22708,7.5037e-1,0.0000e+0,0.0000e+0
0.09688,0.22708,4.4438e-1,0.0000e+0,0.0000e+0
0.09896,0.22708,1.4594e-1,0.0000e+0,0.0000e+0
0.00104,0.23125,8.4199e+0,0.0000e+0,0.0000e+0
0.00313,0.23125,8.4226e+0,0.0000e+0,0.0000e+0
0.00521,0.23125,8.4276e+0,0.0000e+0,0.0000e+0
0.00729,0.23125,8.4333e+0,0.0000e+0,8.9704e+11
0.00937,0.23125,8.3746e+0,0.0000e+0,3.7968e+11
0.01146,0.23125,8.2882e+0,0.0000e+0,1.2307e+11
0.01354,0.23125,8.1986e+0,0.0000e+0,0.0000e+0
0.01563,0.23125,8.1298e+0,0.0000e+0,0.0000e+0
0.01771,0.23125,8.0758e+0,3.4379e+10,8.1860e+11
0.01979,0.23125,7.9727e+0,7.3782e+11,1.9624e+11
0.02187,0.23125,7.9061e+0,0.0000e+0,2.6122e+10
0.02396,0.23125,7.8239e+0,5.0969e+11,2.8787e+10
0.02604,0.23125,7.7616e+0,6.1772e+9,4.6171e+10
0.02813,0.23125,7.6899e+0,1.5621e+11,0.0000e+0
0.03021,0.23125,7.6273e+0,3.0917e+11,6.1834e+11
0.03229,0.23125,7.5379e+0,0.0000e+0,1.4060e+12
0.03438,0.23125,7.3579e+0,5.4751e+11,3.0633e+11
0.03646,0.23125,7.2029e+0,6.5307e+10,7.1973e+10
0.03854,0.23125,7.0474e+0,1.0693e+9,5.5550e+10
0.04063,0.23125,6.8938e+0,9.2045e+9,4.7114e+11
0.04271,0.23125,6.7246e+0,0.0000e+0,5.4908e+11
0.04479,0.23125,6.5353e+0,0.0000e+0,1.3407e+11
0.04688,0.23125,6.3556e+0,2.1311e+11,4.1053e+11
0.04896,0.23125,6.1739e+0,8.3456e+10,5.2098e+11
0.05104,0.23125,5.9728e+0,0.0000e+0,0.0000e+0
0.05312,0.23125,5.7830e+0,1.9878e+10,3.6534e+11
0.05521,0.23125,5.5791e+0,4.3936e+11,3.8836e+11
0.05729,0.23125,5.3838e+0,7.1761e+10,1.4741e+11
0.05937,0.23125,5.1903e+0,0.0000e+0,0.0000e+0
0.06146,0.23125,4.9976e+0,1.6092e+11,2.4272e+11
0.06354,0.23125,4.7926e+0,2.7970e+11,2.4398e+11
0.06563,0.23125,4.5749e+0,4.1841e+11,2.6324e+11
0.06771,0.23125,4.3596e+0,1.0268e+11,2.6117e+11
0.06979,0.23125,4.1345e+0,4.1295e+11,4.6392e+11
0.07187,0.23125,3.9073e+0,3.9564e+10,2.7988e+11
0.07396,0.23125,3.6697e+0,8.1236e+10,6.1606e+11
0.07604,0.23125,3.4017e+0,1.1643e+11,2.8439e+11
0.07813,0.23125,3.1263e+0,1.7141e+11,9.5597e+10
0.08021,0.23125,2.8527e+0,1.1495e+11,1.1938e+11
0.08229,0.23125,2.5785e+0,8.0271e+9,2.8345e+11
0.08438,0.23125,2.2874e+0,6.9883e+10,2.7199e+11
0.08646,0.23125,1.9829e+0,3.2557e+11,4.4901e+11
0.08854,0.23125,1.6666e+0,2.2520e+11,1.0106e+11
0.09062,0.23125,1.3554e+0,2.4168e+10,2.8478e+10
0.09271,0.23125,1.0453e+0,0.0000e+0,0.0000e+0
0.09479,0.23125,7.3939e-1,0.0000e+0,0.0000e+0
0.09688,0.23125,4.3887e-1,0.0000e+0,0.0000e+0
0.09896,0.23125,1.4428e-1,0.0000e+0,0.0000e+0
0.00104,0.23542,8.5034e+0,0.0000e+0,0.0000e+0
0.00313,0.23542,8.5074e+0,0.0000e+0,0.0000e+0
0.00521,0.23542,8.5141e+0,0.0000e+0,0.0000e+0
0.00729,0.23542,8.5200e+0,0.0000e+0,0.0000e+0
0.00937,0.23542,8.5167e+0,0.0000e+0,7.4314e+11
0.01146,0.23542,8.4455e+0,0.0000e+0,6.6598e+11
0.01354,0.23542,8.3174e+0,5.8166e+11,1.7479e+11
0.01563,0.23542,8.2156e+0,3.6510e+11,0.0000e+0
0.01771,0.23542,8.1553e+0,0.0000e+0,5.8041e+11
0.01979,0.23542,8.0797e+0,0.0000e+0,1.2764e+12
0.02187,0.23542,7.9585e+0,0.0000e+0,1.0192e+12
0.02396,0.23542,7.8058e+0,4.1290e+11,0.0000e+0
0.02604,0.23542,7.7086e+0,5.0041e+9,0.0000e+0
0.02813,0.23542,7.6275e+0,9.8530e+10,2.3872e+10
0.03021,0.23542,7.5612e+0,1.9501e+11,6.5580e+11
0.03229,0.23542,7.4650e+0,0.0000e+0,4.6074e+11
0.03438,0.23542,7.3350e+0,3.0811e+10,2.8984e+11
0.03646,0.23542,7.1949e+0,3.6752e+9,1.6158e+11
0.03854,0.23542,7.0496e+0,5.6613e+10,4.9816e+11
0.04063,0.23542,6.8802e+0,4.8733e+11,4.9607e+11
0.04271,0.23542,6.7134e+0,0.0000e+0,5.2929e+11
0.04479,0.23542,6.5202e+0,0.0000e+0,3.3494e+10
0.04688,0.23542,6.3404e+0,0.0000e+0,2.4815e+11
0.04896,0.23542,6.1536e+0,0.0000e+0,2.9802e+11
0.05104,0.23542,5.9543e+0,1.1115e+11,7.2368e+10
0.05312,0.23542,5.7642e+0,2.0426e+11,5.2158e+11
0.05521,0.23542,5.5642e+0,3.4771e+11,1.9913e+11
0.05729,0.23542,5.3774e+0,2.9330e+9,3.8259e+10
0.05937,0.23542,5.1919e+0,0.0000e+0,0.0000e+0
0.06146,0.23542,5.0112e+0,1.7754e+11,2.5593e+11
0.06354,0.23542,4.8271e+0,1.1793e+11,5.7378e+11
0.06563,0.23542,4.6216e+0,0.0000e+0,6.6746e+11
0.06771,0.23542,4.3841e+0,7.1754e+10,2.7282e+11
0.06979,0.23542,4.1453e+0,1.5137e+11,4.7933e+11
0.07187,0.23542,3.8910e+0,0.0000e+0,7.4259e+10
0.07396,0.23542,3.6333e+0,1.8284e+11,3.1040e+11
0.07604,0.23542,3.3631e+0,2.9563e+11,2.9404e+11
0.07813,0.23542,3.0952e+0,1.7993e+11,2.6915e+11
0.08021,0.23542,2.8214e+0,5.9150e+10,9.5366e+10
0.08229,0.23542,2.5519e+0,4.1311e+10,3.0000e+11
0.08438,0.23542,2.2682e+0,4.8821e+8,1.9130e+11
0.08646,0.23542,1.9745e+0,8.6509e+10,4.4799e+11
0.08854,0.23542,1.6600e+0,8.9189e+10,1.3180e+11
0.09062,0.23542,1.3461e+0,6.3916e+9,0.0000e+0
0.09271,0.23542,1.0371e+0,0.0000e+0,0.0000e+0
0.09479,0.23542,7.3332e-1,0.0000e+0,0.0000e+0
0.09688,0.23542,4.3524e-1,0.0000e+0,0.0000e+0
0.09896,0.23542,1.4309e-1,0.0000e+0,0.0000e+0
0.00104,0.23958,8.5545e+0,0.0000e+0,0.0000e+0
0.00313,0.23958,8.5663e+0,0.0000e+0,0.0000e+0
0.00521,0.23958,8.5929e+0,0.0000e+0,0.0000e+0
0.00729,0.23958,8.6418e+0,0.0000e+0,0.0000e+0
0.00937,0.23958,8.7301e+0,0.0000e+0,2.8486e+12
0.01146,0.23958,8.6945e+0,0.0000e+0,3.3276e+12
0.01354,0.23958,8.5360e+0,3.7747e+11,2.6846e+12
0.01563,0.23958,8.3179e+0,2.3693e+11,6.7319e+11
0.01771,0.23958,8.1458e+0,0.0000e+0,5.4221e+10
0.01979,0.23958,8.0095e+0,0.0000e+0,3.1274e+11
0.02187,0.23958,7.8686e+0,7.2545e+10,7.0240e+10
0.02396,0.23958,7.7412e+0,1.4905e+10,0.0000e+0
0.02604,0.23958,7.6267e+0,6.8358e+11,0.0000e+0
0.02813,0.23958,7.5559e+0,8.4003e+10,3.9842e+10
0.03021,0.23958,7.4965e+0,0.0000e+0,4.9625e+11
0.03229,0.23958,7.4112e+0,0.0000e+0,5.5318e+11
0.03438,0.23958,7.3021e+0,0.0000e+0,3.3279e+11
0.03646,0.23958,7.1903e+0,0.0000e+0,8.6827e+11
0.03854,0.23958,7.0387e+0,0.0000e+0,4.1004e+11
0.04063,0.23958,6.8772e+0,0.0000e+0,7.8535e+11
0.04271,0.23958,6.6767e+0,0.0000e+0,1.2764e+11
0.04479,0.23958,6.4755e+0,3.3452e+11,4.9570e+10
0.04688,0.23958,6.3084e+0,8.3851e+10,5.4417e+11
0.04896,0.23958,6.1223e+0,0.0000e+0,1.9561e+11
0.05104,0.23958,5.9324e+0,4.1881e+10,2.7897e+11
0.05312,0.23958,5.7372e+0,1.5630e+11,7.1190e+9
0.05521,0.23958,5.5649e+0,2.1187e+11,6.0086e+11
0.05729,0.23958,5.3809e+0,1.3286e+11,3.0088e+11
0.05937,0.23958,5.1996e+0,0.0000e+0,8.4741e+10
0.06146,0.23958,5.0262e+0,0.0000e+0,4.3717e+11
0.06354,0.23958,4.8366e+0,2.1675e+10,6.1830e+11
0.06563,0.23958,4.6148e+0,3.9437e+10,2.6667e+11
0.06771,0.23958,4.3802e+0,7.2782e+10,1.4932e+11
0.06979,0.23958,4.1435e+0,1.6210e+11,3.7686e+11
0.07187,0.23958,3.8945e+0,0.0000e+0,3.1165e+11
0.07396,0.23958,3.6315e+0,1.3126e+11,3.7445e+11
0.07604,0.23958,3.3608e+0,1.0096e+11,2.5171e+11
0.07813,0.23958,3.0836e+0,8.7546e+10,2.7628e+11
0.08021,0.23958,2.7935e+0,3.9428e+11,6.7552e+10
0.08229,0.23958,2.5281e+0,2.4209e+11,3.2800e+11
0.08438,0.23958,2.2567e+0,6.5352e+9,3.4880e+11
0.08646,0.23958,1.9651e+0,0.0000e+0,1.5114e+11
0.08854,0.23958,1.6669e+0,0.0000e+0,3.8896e+11
0.09062,0.23958,1.3489e+0,0.0000e+0,6.7498e+10
0.09271,0.23958,1.0357e+0,0.0000e+0,0.0000e+0
0.09479,0.23958,7.3081e-1,0.0000e+0,0.0000e+0
0.09688,0.23958,4.3328e-1,0.0000e+0,0.0000e+0
0.09896,0.23958,1.4238e-1,0.0000e+0,0.0000e+0
0.00104,0.24375,8.5098e+0,0.0000e+0,0.0000e+0
0.00313,0.24375,8.5143e+0,0.0000e+0,0.0000e+0
0.00521,0.24375,8.5220e+0,0.0000e+0,0.0000e+0
0.00729,0.24375,8.5283e+0,0.0000e+0,0.0000e+0
0.00937,0.24375,8.5216e+0,0.0000e+0,6.4116e+11
0.01146,0.24375,8.4601e+0,0.0000e+0,5.8832e+11
0.01354,0.24375,8.3567e+0,0.0000e+0,1.0151e+12
0.01563,0.24375,8.1956e+0,0.0000e+0,1.0193e+11
0.01771,0.24375,8.0490e+0,0.0000e+0,0.0000e+0
0.01979,0.24375,7.9178e+0,0.0000e+0,1.2897e+11
0.02187,0.24375,7.7808e+0,7.6317e+11,1.6236e+11
0.02396,0.24375,7.6742e+0,1.5680e+11,0.0000e+0
0.02604,0.24375,7.5767e+0,7.5627e+10,0.0000e+0
0.02813,0.24375,7.4883e+0,9.2936e+9,0.0000e+0
0.03021,0.24375,7.3998e+0,0.0000e+0,0.0000e+0
0.03229,0.24375,7.3036e+0,0.0000e+0,0.0000e+0
0.03438,0.24375,7.2026e+0,0.0000e+0,0.0000e+0
0.03646,0.24375,7.1021e+0,0.0000e+0,4.7279e+11
0.03854,0.24375,6.9719e+0,0.0000e+0,4.4039e+11
0.04063,0.24375,6.8208e+0,0.0000e+0,5.8003e+11
0.04271,0.24375,6.6420e+0,0.0000e+0,8.3071e+11
0.04479,0.24375,6.4202e+0,8.1171e+11,3.3643e+11
0.04688,0.24375,6.2405e+0,5.9474e+11,3.4478e+11
0.04896,0.24375,6.0768e+0,2.0531e+11,6.2468e+11
0.05104,0.24375,5.8832e+0,1.7281e+11,7.8118e+10
0.05312,0.24375,5.6975e+0,2.6411e+11,2.1894e+11
0.05521,0.24375,5.5158e+0,5.1900e+11,3.3573e+11
0.05729,0.24375,5.3440e+0,3.7896e+11,2.4629e+11
0.05937,0.24375,5.1742e+0,1.7993e+11,3.7505e+11
0.06146,0.24375,4.9929e+0,1.7929e+11,2.0996e+11
0.06354,0.24375,4.8163e+0,1.2532e+11,6.6475e+11
0.06563,0.24375,4.6160e+0,1.8329e+11,7.1363e+11
0.06771,0.24375,4.3919e+0,0.0000e+0,4.3145e+11
0.06979,0.24375,4.1542e+0,5.1539e+10,6.9120e+11
0.07187,0.24375,3.8858e+0,1.4752e+11,1.9635e+11
0.07396,0.24375,3.6225e+0,9.4126e+10,6.4084e+10
0.07604,0.24375,3.3626e+0,1.1952e+11,2.5112e+11
0.07813,0.24375,3.0954e+0,8.8711e+10,4.9464e+11
0.08021,0.24375,2.8049e+0,2.1276e+11,2.1117e+11
0.08229,0.24375,2.5221e+0,1.3796e+11,1.4164e+11
0.08438,0.24375,2.2453e+0,5.7581e+10,2.9744e+11
0.08646,0.24375,1.9628e+0,9.6111e+9,5.0669e+11
0.08854,0.24375,1.6598e+0,1.3112e+11,5.1956e+11
0.09062,0.24375,1.3402e+0,3.1187e+10,4.3658e+10
0.09271,0.24375,1.0286e+0,0.0000e+0,0.0000e+0
0.09479,0.24375,7.2556e-1,0.0000e+0,0.0000e+0
0.09688,0.24375,4.3005e-1,0.0000e+0,0.0000e+0
0.09896,0.24375,1.4130e-1,0.0000e+0,0.0000e+0
0.00104,0.24792,8.4282e+0,0.0000e+0,0.0000e+0
0.00313,0.24792,8.4337e+0,0.0000e+0,0.0000e+0
0.00521,0.24792,8.4457e+0,0.0000e+0,0.0000e+0
0.00729,0.24792,8.4677e+0,0.0000e+0,2.1344e+12
0.00937,0.24792,8.3610e+0,0.0000e+0,1.8498e+10
0.01146,0.24792,8.2680e+0,0.0000e+0,0.0000e+0
0.01354,0.24792,8.1712e+0,0.0000e+0,0.0000e+0
0.01563,0.24792,8.0651e+0,0.0000e+0,0.0000e+0
0.01771,0.24792,7.9558e+0,2.5590e+11,0.0000e+0
0.01979,0.24792,7.8659e+0,2.5283e+11,3.4419e+11
0.02187,0.24792,7.7905e+0,0.0000e+0,1.1132e+12
0.02396,0.24792,7.6639e+0,0.0000e+0,1.1724e+11
0.02604,0.24792,7.5564e+0,0.0000e+0,8.8644e+10
0.02813,0.24792,7.4564e+0,0.0000e+0,1.1597e+11
0.03021,0.24792,7.3599e+0,0.0000e+0,4.6384e+11
0.03229,0.24792,7.2403e+0,0.0000e+0,0.0000e+0
0.03438,0.24792,7.1257e+0,0.0000e+0,0.0000e+0
0.03646,0.24792,7.0101e+0,0.0000e+0,1.7193e+11
0.03854,0.24792,6.8810e+0,0.0000e+0,3.0411e+11
0.04063,0.24792,6.7267e+0,0.0000e+0,1.3819e+11
0.04271,0.24792,6.5577e+0,3.3014e+11,3.1106e+11
0.04479,0.24792,6.3892e+0,4.0497e+11,3.5403e+11
0.04688,0.24792,6.2227e+0,2.6221e+11,2.7022e+11
0.04896,0.24792,6.0489e+0,2.3212e+11,4.0451e+11
0.05104,0.24792,5.8596e+0,2.2937e+11,1.0298e+11
0.05312,0.24792,5.6784e+0,4.8606e+11,1.3428e+11
0.05521,0.24792,5.5292e+0,1.4454e+11,7.3817e+11
0.05729,0.24792,5.3534e+0,1.1502e+11,5.7375e+11
0.05937,0.24792,5.1636e+0,1.3084e+11,6.0873e+11
0.06146,0.24792,4.9544e+0,3.0429e+11,2.9222e+11
0.06354,0.24792,4.7554e+0,2.9064e+11,2.4750e+11
0.06563,0.24792,4.5658e+0,0.0000e+0,4.9418e+11
0.06771,0.24792,4.3508e+0,0.0000e+0,3.9376e+11
0.06979,0.24792,4.1181e+0,1.2517e+11,4.2747e+11
0.07187,0.24792,3.8725e+0,4.6964e+11,4.9994e+11
0.07396,0.24792,3.6386e+0,0.0000e+0,6.2789e+11
0.07604,0.24792,3.3756e+0,0.0000e+0,3.4863e+11
0.07813,0.24792,3.1031e+0,0.0000e+0,3.9118e+11
0.08021,0.24792,2.8158e+0,0.0000e+0,3.0705e+11
0.08229,0.24792,2.5200e+0,1.6136e+10,3.8693e+11
0.08438,0.24792,2.2090e+0,3.2072e+11,1.3110e+11
0.08646,0.24792,1.9153e+0,9.7744e+10,1.5511e+10
0.08854,0.24792,1.6280e+0,9.5102e+10,4.6624e+11
0.09062,0.24792,1.3212e+0,1.7195e+10,1.2915e+11
0.09271,0.24792,1.0150e+0,0.0000e+0,0.0000e+0
0.09479,0.24792,7.1653e-1,0.0000e+0,0.0000e+0
0.09688,0.24792,4.2493e-1,0.0000e+0,0.0000e+0
0.09896,0.24792,1.3965e-1,0.0000e+0,0.0000e+0
0.00104,0.25208,8.3037e+0,0.0000e+0,0.0000e+0
0.00313,0.25208,8.3036e+0,0.0000e+0,0.0000e+0
0.00521,0.25208,8.3028e+0,0.0000e+0,0.0000e+0
0.00729,0.25208,8.2996e+0,0.0000e+0,9.0303e+11
0.00937,0.25208,8.2282e+0,0.0000e+0,7.8260e+9
0.01146,0.25208,8.1598e+0,0.0000e+0,0.0000e+0
0.01354,0.25208,8.0860e+0,0.0000e+0,0.0000e+0
0.01563,0.25208,8.0048e+0,0.0000e+0,3.1537e+11
0.01771,0.25208,7.8974e+0,3.4510e+11,2.9886e+11
0.01979,0.25208,7.7850e+0,3.4096e+11,0.0000e+0
0.02187,0.25208,7.6939e+0,4.5835e+10,1.8120e+11
0.02396,0.25208,7.5814e+0,6.0845e+11,3.1244e+10
0.02604,0.25208,7.5111e+0,0.0000e+0,6.5553e+11
0.02813,0.25208,7.4032e+0,0.0000e+0,1.2788e+11
0.03021,0.25208,7.2965e+0,0.0000e+0,1.5029e+11
0.03229,0.25208,7.1868e+0,0.0000e+0,7.1636e+10
0.03438,0.25208,7.0809e+0,0.0000e+0,4.9991e+11
0.03646,0.25208,6.9466e+0,1.8566e+11,4.2122e+10
0.03854,0.25208,6.8257e+0,1.9842e+11,5.2221e+11
0.04063,0.25208,6.6814e+0,1.5111e+11,4.4763e+11
0.04271,0.25208,6.5098e+0,7.3050e+11,7.8355e+10
0.04479,0.25208,6.3920e+0,4.8659e+11,9.0375e+11
0.04688,0.25208,6.2535e+0,1.9083e+11,1.3335e+12
0.04896,0.25208,6.0586e+0,1.7620e+11,4.2749e+11
0.05104,0.25208,5.8663e+0,1.1517e+11,4.0541e+11
0.05312,0.25208,5.6716e+0,1.7393e+11,2.4781e+11
0.05521,0.25208,5.4872e+0,8.3342e+10,2.0559e+11
0.05729,0.25208,5.3000e+0,0.0000e+0,1.8118e+11
0.05937,0.25208,5.1022e+0,1.6203e+11,2.6084e+11
0.06146,0.25208,4.8983e+0,1.4956e+11,2.1699e+11
0.06354,0.25208,4.6890e+0,1.5882e+11,0.0000e+0
0.06563,0.25208,4.4875e+0,2.4061e+11,1.3182e+11
0.06771,0.25208,4.2846e+0,2.1210e+10,7.7062e+10
0.06979,0.25208,4.0690e+0,2.0068e+10,1.5009e+11
0.07187,0.25208,3.8371e+0,1.2651e+11,1.4702e+11
0.07396,0.25208,3.6019e+0,0.0000e+0,3.2092e+11
0.07604,0.25208,3.3460e+0,0.0000e+0,2.5997e+11
0.07813,0.25208,3.0775e+0,1.7371e+10,3.4577e+11
0.08021,0.25208,2.7942e+0,4.1659e+10,3.7062e+11
0.08229,0.25208,2.4946e+0,1.8352e+11,2.8171e+11
0.08438,0.25208,2.1926e+0,1.4095e+11,1.1470e+11
0.08646,0.25208,1.8924e+0,1.7640e+11,2.4455e+11
0.08854,0.25208,1.5874e+0,3.6182e+11,1.9389e+11
0.09062,0.25208,1.2918e+0,2.5693e+10,1.8033e+10
0.09271,0.25208,9.9732e-1,0.0000e+0,0.0000e+0
0.09479,0.25208,7.0602e-1,0.0000e+0,0.0000e+0
0.09688,0.25208,4.1933e-1,0.0000e+0,0.0000e+0
0.09896,0.25208,1.3791e-1,0.0000e+0,0.0000e+0
0.00104,0.25625,8.1798e+0,0.0000e+0,0.0000e+0
0.00313,0.25625,8.1775e+0,0.0000e+0,0.0000e+0
0.00521,0.25625,8.1724e+0,0.0000e+0,0.0000e+0
0.00729,0.25625,8.1624e+0,0.0000e+0,0.0000e+0
0.00937,0.25625,8.1440e+0,0.0000e+0,0.0000e+0
0.01146,0.25625,8.1249e+0,0.0000e+0,4.1322e+11
0.01354,0.25625,8.0781e+0,0.0000e+0,6.5914e+11
0.01563,0.25625,8.0005e+0,0.0000e+0,6.7119e+11
0.01771,0.25625,7.8959e+0,0.0000e+0,3.5602e+11
0.01979,0.25625,7.7852e+0,0.0000e+0,2.4920e+11
0.02187,0.25625,7.6666e+0,2.0048e+10,1.4361e+11
0.02396,0.25625,7.5401e+0,2.6614e+11,0.0000e+0
0.02604,0.25625,7.4393e+0,0.0000e+0,5.4203e+9
0.02813,0.25625,7.3362e+0,0.0000e+0,6.7349e+10
0.03021,0.25625,7.2281e+0,0.0000e+0,0.0000e+0
0.03229,0.25625,7.1233e+0,0.0000e+0,2.1716e+10
0.03438,0.25625,7.0222e+0,0.0000e+0,5.7428e+11
0.03646,0.25625,6.8867e+0,5.0078e+11,1.1549e+11
0.03854,0.25625,6.7911e+0,1.4105e+11,5.7395e+11
0.04063,0.25625,6.6894e+0,9.7772e+10,1.6850e+12
0.04271,0.25625,6.5077e+0,3.7563e+11,4.0224e+11
0.04479,0.25625,6.3506e+0,1.8254e+11,6.1783e+11
0.04688,0.25625,6.1802e+0,0.0000e+0,2.1808e+11
0.04896,0.25625,6.0054e+0,4.1766e+11,4.0718e+11
0.05104,0.25625,5.8350e+0,2.7687e+11,8.4484e+11
0.05312,0.25625,5.6339e+0,2.3434e+11,6.8192e+10
0.05521,0.25625,5.4489e+0,0.0000e+0,0.0000e+0
0.05729,0.25625,5.2605e+0,0.0000e+0,0.0000e+0
0.05937,0.25625,5.0684e+0,4.4962e+10,6.8538e+7
0.06146,0.25625,4.8781e+0,5.0097e+10,3.3418e+11
0.06354,0.25625,4.6685e+0,1.0045e+11,1.0812e+10
0.06563,0.25625,4.4696e+0,3.4035e+11,3.6830e+11
0.06771,0.25625,4.2742e+0,2.0994e+11,4.2625e+11
0.06979,0.25625,4.0704e+0,1.3347e+10,6.2759e+11
0.07187,0.25625,3.8265e+0,2.9623e+11,4.5124e+11
0.07396,0.25625,3.5754e+0,9.1091e+10,2.5156e+11
0.07604,0.25625,3.3138e+0,1.1017e+11,2.8752e+11
0.07813,0.25625,3.0380e+0,1.3824e+11,1.0253e+11
0.08021,0.25625,2.7629e+0,2.0513e+11,2.2186e+11
0.08229,0.25625,2.4872e+0,1.2012e+11,3.9413e+11
0.08438,0.25625,2.2013e+0,9.0352e+9,3.6882e+11
0.08646,0.25625,1.8978e+0,1.4247e+11,2.9606e+11
0.08854,0.25625,1.5888e+0,1.0514e+11,5.3964e+10
0.09062,0.25625,1.2882e+0,1.4056e+10,0.0000e+0
0.09271,0.25625,9.9303e-1,0.0000e+0,0.0000e+0
0.09479,0.25625,7.0252e-1,0.0000e+0,0.0000e+0
0.09688,0.25625,4.1714e-1,0.0000e+0,0.0000e+0
0.09896,0.25625,1.3717e-1,0.0000e+0,0.0000e+0
0.00104,0.26042,8.0741e+0,0.0000e+0,0.0000e+0
0.00313,0.26042,8.0738e+0,0.0000e+0,0.0000e+0
0.00521,0.26042,8.0737e+0,0.0000e+0,0.0000e+0
0.00729,0.26042,8.0747e+0,0.0000e+0,0.0000e+0
0.00937,0.26042,8.0796e+0,0.0000e+0,0.0000e+0
0.01146,0.26042,8.0947e+0,0.0000e+0,1.4875e+12
0.01354,0.26042,8.0244e+0,0.0000e+0,4.7071e+11
0.01563,0.26042,7.9420e+0,0.0000e+0,1.9802e+11
0.01771,0.26042,7.8571e+0,0.0000e+0,0.0000e+0
0.01979,0.26042,7.7870e+0,0.0000e+0,8.5455e+11
0.02187,0.26042,7.6742e+0,0.0000e+0,5.9828e+11
0.02396,0.26042,7.5375e+0,0.0000e+0,7.8099e+10
0.02604,0.26042,7.4076e+0,4.0082e+11,2.0158e+11
0.02813,0.26042,7.2998e+0,3.3882e+11,6.7369e+11
0.03021,0.26042,7.1759e+0,2.2485e+11,1.7758e+11
0.03229,0.26042,7.0647e+0,1.2059e+11,2.7781e+11
0.03438,0.26042,6.9494e+0,0.0000e+0,2.9835e+11
0.03646,0.26042,6.8186e+0,1.6917e+11,4.4383e+11
0.03854,0.26042,6.6810e+0,1.3278e+10,1.9953e+10
0.04063,0.26042,6.5514e+0,2.4546e+10,1.5622e+11
0.04271,0.26042,6.4163e+0,2.9008e+10,4.1904e+11
0.04479,0.26042,6.2651e+0,0.0000e+0,4.9778e+11
0.04688,0.26042,6.0867e+0,3.9575e+11,8.2682e+8
0.04896,0.26042,5.9335e+0,3.5047e+11,1.5301e+11
0.05104,0.26042,5.7924e+0,9.5056e+10,4.4368e+11
0.05312,0.26042,5.6231e+0,0.0000e+0,1.1848e+11
0.05521,0.26042,5.4526e+0,4.0471e+11,6.6427e+11
0.05729,0.26042,5.2638e+0,2.7478e+7,1.7287e+11
0.05937,0.26042,5.0717e+0,1.3020e+11,3.9937e+11
0.06146,0.26042,4.8713e+0,1.4507e+11,3.1200e+11
0.06354,0.26042,4.6640e+0,0.0000e+0,5.4635e+10
0.06563,0.26042,4.4598e+0,3.4009e+11,4.2908e+11
0.06771,0.26042,4.2547e+0,4.2873e+11,3.3831e+11
0.06979,0.26042,4.0615e+0,8.9843e+10,8.2725e+11
0.07187,0.26042,3.8290e+0,1.6816e+11,7.6578e+11
0.07396,0.26042,3.5718e+0,4.7587e+10,2.9414e+11
0.07604,0.26042,3.3108e+0,1.8154e+11,4.3769e+11
0.07813,0.26042,3.0381e+0,1.0964e+11,4.2265e+11
0.08021,0.26042,2.7491e+0,2.6006e+11,1.3739e+11
0.08229,0.26042,2.4704e+0,1.3278e+11,1.1505e+11
0.08438,0.26042,2.1973e+0,2.0092e+10,3.3647e+11
0.08646,0.26042,1.9050e+0,1.5907e+11,3.6774e+11
0.08854,0.26042,1.6015e+0,0.0000e+0,1.2818e+11
0.09062,0.26042,1.2954e+0,0.0000e+0,0.0000e+0
0.09271,0.26042,9.9633e-1,0.0000e+0,0.0000e+0
0.09479,0.26042,7.0384e-1,0.0000e+0,0.0000e+0
0.09688,0.26042,4.1756e-1,0.0000e+0,0.0000e+0
0.09896,0.26042,1.3725e-1,0.0000e+0,0.0000e+0
0.00104,0.26458,7.9704e+0,0.0000e+0,0.0000e+0
0.00313,0.26458,7.9703e+0,0.0000e+0,0.0000e+0
0.00521,0.26458,7.9695e+0,0.0000e+0,0.0000e+0
0.00729,0.26458,7.9683e+0,0.0000e+0,0.0000e+0
0.00937,0.26458,7.9656e+0,0.0000e+0,0.0000e+0
0.01146,0.26458,7.9590e+0,0.0000e+0,3.1761e+11
0.01354,0.26458,7.9185e+0,0.0000e+0,1.0683e+11
0.01563,0.26458,7.8756e+0,0.0000e+0,7.8633e+11
0.01771,0.26458,7.7957e+0,0.0000e+0,1.6873e+11
0.01979,0.26458,7.7300e+0,0.0000e+0,7.6901e+11
0.02187,0.26458,7.6367e+0,0.0000e+0,6.3501e+11
0.02396,0.26458,7.5295e+0,0.0000e+0,8.7307e+11
0.02604,0.26458,7.3920e+0,4.8726e+10,6.6000e+11
0.02813,0.26458,7.2436e+0,4.1189e+10,6.4945e+10
0.03021,0.26458,7.1162e+0,2.4635e+11,5.0283e+11
0.03229,0.26458,6.9991e+0,1.3213e+11,6.1518e+11
0.03438,0.26458,6.8742e+0,0.0000e+0,7.1936e+11
0.03646,0.26458,6.7194e+0,0.0000e+0,2.0391e+11
0.03854,0.26458,6.5651e+0,1.4379e+11,1.5976e+11
0.04063,0.26458,6.4198e+0,5.1766e+11,1.9542e+11
0.04271,0.26458,6.2958e+0,2.6152e+11,4.3153e+11
0.04479,0.26458,6.1633e+0,0.0000e+0,1.0216e+9
0.04688,0.26458,6.0326e+0,6.4648e+10,5.6436e+10
0.04896,0.26458,5.9116e+0,1.9433e+10,5.1462e+11
0.05104,0.26458,5.7732e+0,4.8350e+9,4.2368e+11
0.05312,0.26458,5.6233e+0,0.0000e+0,5.3583e+11
0.05521,0.26458,5.4583e+0,9.0058e+8,9.1685e+11
0.05729,0.26458,5.2539e+0,6.1145e+4,1.9871e+11
0.05937,0.26458,5.0582e+0,0.0000e+0,2.7167e+11
0.06146,0.26458,4.8590e+0,4.8085e+10,2.7697e+11
0.06354,0.26458,4.6567e+0,1.3411e+11,2.8857e+11
0.06563,0.26458,4.4591e+0,0.0000e+0,6.1800e+11
0.06771,0.26458,4.2325e+0,7.0213e+10,2.9049e+11
0.06979,0.26458,4.0013e+0,1.2923e+11,1.4349e+11
0.07187,0.26458,3.7692e+0,5.3340e+10,5.7116e+10
0.07396,0.26458,3.5352e+0,4.6206e+10,1.0140e+11
0.07604,0.26458,3.2992e+0,0.0000e+0,3.9770e+11
0.07813,0.26458,3.0402e+0,1.7655e+10,5.6766e+11
0.08021,0.26458,2.7512e+0,1.7119e+11,1.6420e+11
0.08229,0.26458,2.4707e+0,4.5138e+10,0.0000e+0
0.08438,0.26458,2.2014e+0,0.0000e+0,3.1971e+11
0.08646,0.26458,1.9181e+0,0.0000e+0,4.6450e+11
0.08854,0.26458,1.6131e+0,0.0000e+0,2.3630e+11
0.09062,0.26458,1.3020e+0,0.0000e+0,0.0000e+0
0.09271,0.26458,1.0000e+0,0.0000e+0,0.0000e+0
0.09479,0.26458,7.0577e-1,0.0000e+0,0.0000e+0
0.09688,0.26458,4.1846e-1,0.0000e+0,0.0000e+0
0.09896,0.26458,1.3751e-1,0.0000e+0,0.0000e+0
0.00104,0.26875,7.8701e+0,0.0000e+0,0.0000e+0
0.00313,0.26875,7.8698e+0,0.0000e+0,0.0000e+0
0.00521,0.26875,7.8692e+0,0.0000e+0,0.0000e+0
0.00729,0.26875,7.8693e+0,0.0000e+0,0.0000e+0
0.00937,0.26875,7.8710e+0,0.0000e+0,0.0000e+0
0.01146,0.26875,7.8764e+0,0.0000e+0,1.0809e+12
0.01354,0.26875,7.8139e+0,0.0000e+0,3.6357e+11
0.01563,0.26875,7.7432e+0,0.0000e+0,3.6657e+11
0.01771,0.26875,7.6580e+0,0.0000e+0,7.8657e+10
0.01979,0.26875,7.5757e+0,0.0000e+0,0.0000e+0
0.02187,0.26875,7.4938e+0,0.0000e+0,0.0000e+0
0.02396,0.26875,7.4102e+0,0.0000e+0,6.6722e+11
0.02604,0.26875,7.2807e+0,0.0000e+0,2.8361e+11
0.02813,0.26875,7.1404e+0,3.7326e+10,5.0130e+11
0.03021,0.26875,6.9741e+0,6.4253e+11,1.8959e+11
0.03229,0.26875,6.8459e+0,2.3173e+11,0.0000e+0
0.03438,0.26875,6.7269e+0,0.0000e+0,1.7778e+11
0.03646,0.26875,6.5889e+0,0.0000e+0,1.4099e+11
0.03854,0.26875,6.4414e+0,2.4309e+11,1.0659e+11
0.04063,0.26875,6.3102e+0,4.7376e+11,2.3549e+11
0.04271,0.26875,6.1959e+0,0.0000e+0,6.7728e+10
0.04479,0.26875,6.0783e+0,0.0000e+0,1.1988e+10
0.04688,0.26875,5.9649e+0,3.0060e+10,4.2879e+11
0.04896,0.26875,5.8310e+0,1.9742e+10,1.1408e+11
0.05104,0.26875,5.6933e+0,0.0000e+0,2.1710e+11
0.05312,0.26875,5.5397e+0,0.0000e+0,3.4646e+11
0.05521,0.26875,5.3616e+0,2.3243e+11,3.1289e+11
0.05729,0.26875,5.1762e+0,1.9043e+11,1.0141e+11
0.05937,0.26875,5.0008e+0,5.1583e+10,2.9917e+11
0.06146,0.26875,4.8122e+0,5.3911e+10,2.5514e+11
0.06354,0.26875,4.6166e+0,1.6370e+11,5.2271e+11
0.06563,0.26875,4.4066e+0,2.4057e+11,3.0652e+11
0.06771,0.26875,4.1888e+0,2.1522e+11,2.2933e+11
0.06979,0.26875,3.9661e+0,1.1836e+11,1.6093e+11
0.07187,0.26875,3.7427e+0,1.8117e+11,2.8839e+11
0.07396,0.26875,3.5163e+0,9.6500e+10,3.2101e+11
0.07604,0.26875,3.2815e+0,0.0000e+0,4.4798e+11
0.07813,0.26875,3.0204e+0,1.2694e+11,3.5384e+11
0.08021,0.26875,2.7498e+0,1.3673e+11,3.7335e+11
0.08229,0.26875,2.4702e+0,2.0452e+10,1.7556e+11
0.08438,0.26875,2.1885e+0,0.0000e+0,1.8220e+11
0.08646,0.26875,1.9002e+0,0.0000e+0,1.8313e+11
0.08854,0.26875,1.6038e+0,0.0000e+0,1.5839e+11
0.09062,0.26875,1.3002e+0,0.0000e+0,3.5574e+10
0.09271,0.26875,9.9955e-1,0.0000e+0,0.0000e+0
0.09479,0.26875,7.0559e-1,0.0000e+0,0.0000e+0
0.09688,0.26875,4.1834e-1,0.0000e+0,0.0000e+0
0.09896,0.26875,1.3747e-1,0.0000e+0,0.0000e+0
0.00104,0.27292,7.7712e+0,0.0000e+0,0.0000e+0
0.00313,0.27292,7.7697e+0,0.0000e+0,0.0000e+0
0.00521,0.27292,7.7670e+0,0.0000e+0,0.0000e+0
0.00729,0.27292,7.7631e+0,0.0000e+0,0.0000e+0
0.00937,0.27292,7.7582e+0,0.0000e+0,7.9906e+10
0.01146,0.27292,7.7469e+0,0.0000e+0,9.0340e+11
0.01354,0.27292,7.6687e+0,0.0000e+0,0.0000e+0
0.01563,0.27292,7.5952e+0,0.0000e+0,0.0000e+0
0.01771,0.27292,7.5235e+0,0.0000e+0,0.0000e+0
0.01979,0.27292,7.4546e+0,0.0000e+0,0.0000e+0
0.02187,0.27292,7.3889e+0,0.0000e+0,3.2417e+11
0.02396,0.27292,7.3023e+0,0.0000e+0,6.8641e+11
0.02604,0.27292,7.1667e+0,0.0000e+0,2.9049e+10
0.02813,0.27292,7.0338e+0,4.9293e+10,2.8224e+11
0.03021,0.27292,6.8831e+0,4.5625e+11,1.0103e+11
0.03229,0.27292,6.7621e+0,5.1975e+10,1.6234e+11
0.03438,0.27292,6.6308e+0,5.9180e+10,2.1777e+11
0.03646,0.27292,6.4849e+0,2.6636e+11,2.4283e+11
0.03854,0.27292,6.3458e+0,1.8350e+11,0.0000e+0
0.04063,0.27292,6.2246e+0,3.4251e+11,2.2559e+11
0.04271,0.27292,6.1105e+0,2.9241e+10,1.3171e+11
0.04479,0.27292,5.9938e+0,2.5599e+9,0.0000e+0
0.04688,0.27292,5.8735e+0,2.5332e+11,3.0817e+10
0.04896,0.27292,5.7576e+0,1.6637e+11,2.3799e+11
0.05104,0.27292,5.6321e+0,0.0000e+0,5.1166e+11
0.05312,0.27292,5.4713e+0,0.0000e+0,1.7359e+11
0.05521,0.27292,5.2996e+0,8.8681e+10,2.6029e+11
0.05729,0.27292,5.1141e+0,4.7245e+11,2.2012e+11
0.05937,0.27292,4.9437e+0,1.4176e+11,3.7314e+11
0.06146,0.27292,4.7529e+0,5.7232e+10,2.5692e+11
0.06354,0.27292,4.5487e+0,5.6927e+11,0.0000e+0
0.06563,0.27292,4.3839e+0,7.9107e+10,6.2755e+11
0.06771,0.27292,4.1914e+0,1.5684e+11,1.1143e+12
0.06979,0.27292,3.9463e+0,2.4335e+11,1.2023e+11
0.07187,0.27292,3.7168e+0,2.0318e+11,1.7066e+11
0.07396,0.27292,3.4879e+0,7.4971e+10,1.4371e+11
0.07604,0.27292,3.2555e+0,0.0000e+0,3.6927e+11
0.07813,0.27292,2.9974e+0,6.8325e+10,1.2843e+11
0.08021,0.27292,2.7394e+0,3.1146e+10,4.2331e+11
0.08229,0.27292,2.4586e+0,5.3467e+10,1.8337e+11
0.08438,0.27292,2.1727e+0,5.8258e+10,1.5460e+11
0.08646,0.27292,1.8857e+0,0.0000e+0,1.4590e+10
0.08854,0.27292,1.6014e+0,0.0000e+0,2.8769e+11
0.09062,0.27292,1.3034e+0,0.0000e+0,2.3002e+11
0.09271,0.27292,9.9905e-1,0.0000e+0,0.0000e+0
0.09479,0.27292,7.0415e-1,0.0000e+0,0.0000e+0
0.09688,0.27292,4.1716e-1,0.0000e+0,0.0000e+0
0.09896,0.27292,1.3703e-1,0.0000e+0,0.0000e+0
0.00104,0.27708,7.6844e+0,0.0000e+0,0.0000e+0
0.00313,0.27708,7.6812e+0,0.0000e+0,0.0000e+0
0.00521,0.27708,7.6750e+0,0.0000e+0,0.0000e+0
0.00729,0.27708,7.6655e+0,0.0000e+0,0.0000e+0
0.00937,0.27708,7.6533e+0,0.0000e+0,8.1300e+10
0.01146,0.27708,7.6336e+0,0.0000e+0,9.1916e+11
0.01354,0.27708,7.5517e+0,0.0000e+0,0.0000e+0
0.01563,0.27708,7.4785e+0,0.0000e+0,0.0000e+0
0.01771,0.27708,7.4110e+0,0.0000e+0,0.0000e+0
0.01979,0.27708,7.3490e+0,0.0000e+0,0.0000e+0
0.02187,0.27708,7.2951e+0,0.0000e+0,5.7324e+11
0.02396,0.27708,7.2128e+0,0.0000e+0,1.0029e+12
0.02604,0.27708,7.0762e+0,0.0000e+0,4.5773e+10
0.02813,0.27708,6.9576e+0,0.0000e+0,4.4474e+11
0.03021,0.27708,6.8214e+0,6.2317e+11,4.0912e+11
0.03229,0.27708,6.7118e+0,5.0654e+10,7.5183e+11
0.03438,0.27708,6.5655e+0,5.3659e+10,2.7096e+11
0.03646,0.27708,6.4099e+0,2.4151e+11,0.0000e+0
0.03854,0.27708,6.2788e+0,0.0000e+0,0.0000e+0
0.04063,0.27708,6.1531e+0,0.0000e+0,0.0000e+0
0.04271,0.27708,6.0314e+0,4.5103e+11,0.0000e+0
0.04479,0.27708,5.9457e+0,3.9484e+10,1.7747e+11
0.04688,0.27708,5.8577e+0,0.0000e+0,9.1660e+11
0.04896,0.27708,5.7229e+0,0.0000e+0,4.2544e+11
0.05104,0.27708,5.5749e+0,4.2907e+10,3.1360e+11
0.05312,0.27708,5.4184e+0,6.7859e+10,1.1757e+11
0.05521,0.27708,5.2678e+0,0.0000e+0,3.6630e+11
0.05729,0.27708,5.1006e+0,0.0000e+0,4.9241e+11
0.05937,0.27708,4.9109e+0,0.0000e+0,2.7958e+11
0.06146,0.27708,4.7109e+0,0.0000e+0,0.0000e+0
0.06354,0.27708,4.5165e+0,3.3573e+10,2.2508e+10
0.06563,0.27708,4.3272e+0,9.5610e+10,9.8955e+10
0.06771,0.27708,4.1366e+0,1.1967e+11,2.4540e+11
0.06979,0.27708,3.9321e+0,0.0000e+0,9.8666e+10
0.07187,0.27708,3.7212e+0,2.2376e+11,6.3718e+11
0.07396,0.27708,3.4763e+0,4.4051e+11,2.6394e+11
0.07604,0.27708,3.2431e+0,0.0000e+0,4.0065e+11
0.07813,0.27708,2.9810e+0,0.0000e+0,2.5087e+10
0.08021,0.27708,2.7237e+0,0.0000e+0,2.9189e+11
0.08229,0.27708,2.4542e+0,7.5071e+10,5.0572e+11
0.08438,0.27708,2.1617e+0,2.1819e+11,1.6910e+11
0.08646,0.27708,1.8829e+0,5.8175e+10,3.1232e+11
0.08854,0.27708,1.5915e+0,0.0000e+0,2.8984e+11
0.09062,0.27708,1.2870e+0,0.0000e+0,4.2458e+10
0.09271,0.27708,9.8774e-1,0.0000e+0,0.0000e+0
0.09479,0.27708,6.9670e-1,0.0000e+0,0.0000e+0
0.09688,0.27708,4.1293e-1,0.0000e+0,0.0000e+0
0.09896,0.27708,1.3567e-1,0.0000e+0,0.0000e+0
0.00104,0.28125,7.6231e+0,0.0000e+0,0.0000e+0
0.00313,0.28125,7.6181e+0,0.0000e+0,0.0000e+0
0.00521,0.28125,7.6079e+0,0.0000e+0,0.0000e+0
0.00729,0.28125,7.5916e+0,0.0000e+0,0.0000e+0
0.00937,0.28125,7.5671e+0,0.0000e+0,1.5512e+11
0.01146,0.28125,7.5169e+0,0.0000e+0,8.3893e+10
0.01354,0.28125,7.4478e+0,0.0000e+0,0.0000e+0
0.01563,0.28125,7.3770e+0,0.0000e+0,0.0000e+0
0.01771,0.28125,7.3065e+0,0.0000e+0,0.0000e+0
0.01979,0.28125,7.2354e+0,0.0000e+0,0.0000e+0
0.02187,0.28125,7.1603e+0,0.0000e+0,1.3769e+11
0.02396,0.28125,7.0638e+0,0.0000e+0,1.6981e+11
0.02604,0.28125,6.9400e+0,5.3410e+11,0.0000e+0
0.02813,0.28125,6.8501e+0,5.3997e+10,2.4640e+11
0.03021,0.28125,6.7431e+0,5.8914e+10,3.5542e+11
0.03229,0.28125,6.6255e+0,4.7888e+9,2.9742e+11
0.03438,0.28125,6.4949e+0,0.0000e+0,3.4841e+11
0.03646,0.28125,6.3504e+0,0.0000e+0,0.0000e+0
0.03854,0.28125,6.2175e+0,0.0000e+0,0.0000e+0
0.04063,0.28125,6.0914e+0,1.1304e+11,5.8594e+10
0.04271,0.28125,5.9756e+0,2.9776e+11,1.7018e+11
0.04479,0.28125,5.8693e+0,5.7488e+9,2.4054e+10
0.04688,0.28125,5.7613e+0,1.0162e+10,2.5463e+11
0.04896,0.28125,5.6319e+0,0.0000e+0,6.7374e+10
0.05104,0.28125,5.4932e+0,1.2291e+11,8.8648e+10
0.05312,0.28125,5.3547e+0,1.9438e+11,2.7386e+11
0.05521,0.28125,5.2111e+0,0.0000e+0,3.5016e+11
0.05729,0.28125,5.0480e+0,0.0000e+0,5.2055e+11
0.05937,0.28125,4.8592e+0,6.3688e+10,2.0840e+11
0.06146,0.28125,4.6734e+0,7.8198e+10,1.8282e+11
0.06354,0.28125,4.4946e+0,0.0000e+0,3.4293e+11
0.06563,0.28125,4.3055e+0,5.3351e+10,2.7076e+11
0.06771,0.28125,4.1176e+0,6.6950e+10,2.1144e+11
0.06979,0.28125,3.9374e+0,0.0000e+0,4.8002e+11
0.07187,0.28125,3.7445e+0,7.4963e+10,9.4589e+11
0.07396,0.28125,3.5145e+0,1.6963e+11,1.0810e+12
0.07604,0.28125,3.2475e+0,2.6807e+9,4.7610e+11
0.07813,0.28125,2.9656e+0,0.0000e+0,7.2778e+10
0.08021,0.28125,2.6923e+0,1.5562e+11,1.2293e+11
0.08229,0.28125,2.4317e+0,3.5206e+10,5.1281e+11
0.08438,0.28125,2.1486e+0,7.2463e+10,1.4610e+11
0.08646,0.28125,1.8727e+0,2.0605e+10,5.1173e+11
0.08854,0.28125,1.5708e+0,0.0000e+0,1.7943e+11
0.09062,0.28125,1.2643e+0,5.3947e+10,0.0000e+0
0.09271,0.28125,9.7003e-1,4.5267e+10,0.0000e+0
0.09479,0.28125,6.8548e-1,0.0000e+0,0.0000e+0
0.09688,0.28125,4.0672e-1,0.0000e+0,0.0000e+0
0.09896,0.28125,1.3370e-1,0.0000e+0,0.0000e+0
0.00104,0.28542,7.6015e+0,0.0000e+0,0.0000e+0
0.00313,0.28542,7.5961e+0,0.0000e+0,0.0000e+0
0.00521,0.28542,7.5860e+0,0.0000e+0,0.0000e+0
0.00729,0.28542,7.5741e+0,0.0000e+0,0.0000e+0
0.00937,0.28542,7.5680e+0,0.0000e+0,1.2830e+12
0.01146,0.28542,7.4926e+0,0.0000e+0,6.9390e+11
0.01354,0.28542,7.3939e+0,0.0000e+0,0.0000e+0
0.01563,0.28542,7.3119e+0,0.0000e+0,0.0000e+0
0.01771,0.28542,7.2378e+0,0.0000e+0,0.0000e+0
0.01979,0.28542,7.1681e+0,0.0000e+0,0.0000e+0
0.02187,0.28542,7.1013e+0,0.0000e+0,4.0672e+11
0.02396,0.28542,7.0086e+0,0.0000e+0,6.7701e+11
0.02604,0.28542,6.8749e+0,2.4121e+11,0.0000e+0
0.02813,0.28542,6.7698e+0,1.1335e+11,3.3622e+11
0.03021,0.28542,6.6497e+0,2.5152e+11,2.5557e+11
0.03229,0.28542,6.5327e+0,0.0000e+0,2.1651e+11
0.03438,0.28542,6.4037e+0,3.2459e+10,1.0246e+11
0.03646,0.28542,6.2760e+0,1.5818e+10,0.0000e+0
0.03854,0.28542,6.1569e+0,0.0000e+0,0.0000e+0
0.04063,0.28542,6.0435e+0,3.3213e+10,7.7409e+10
0.04271,0.28542,5.9325e+0,8.7488e+10,2.2482e+11
0.04479,0.28542,5.8153e+0,3.6525e+11,4.2370e+11
0.04688,0.28542,5.6957e+0,4.5135e+11,3.3924e+11
0.04896,0.28542,5.5799e+0,0.0000e+0,2.9035e+11
0.05104,0.28542,5.4411e+0,0.0000e+0,1.2619e+10
0.05312,0.28542,5.3052e+0,0.0000e+0,4.5409e+11
0.05521,0.28542,5.1453e+0,1.9163e+10,5.2484e+11
0.05729,0.28542,4.9603e+0,6.9215e+10,8.2365e+10
0.05937,0.28542,4.7767e+0,2.6282e+11,5.4426e+10
0.06146,0.28542,4.6040e+0,3.3515e+11,2.7985e+11
0.06354,0.28542,4.4308e+0,0.0000e+0,2.4324e+11
0.06563,0.28542,4.2368e+0,0.0000e+0,3.5217e+10
0.06771,0.28542,4.0416e+0,2.5618e+11,8.9902e+10
0.06979,0.28542,3.8654e+0,3.4029e+10,4.8910e+11
0.07187,0.28542,3.6658e+0,0.0000e+0,4.7984e+11
0.07396,0.28542,3.4442e+0,2.5108e+11,7.8150e+11
0.07604,0.28542,3.1947e+0,4.7201e+10,5.4902e+11
0.07813,0.28542,2.9223e+0,0.0000e+0,1.4680e+11
0.08021,0.28542,2.6477e+0,1.3377e+11,1.3102e+11
0.08229,0.28542,2.3788e+0,3.2208e+11,3.0282e+11
0.08438,0.28542,2.1110e+0,1.0501e+11,1.9357e+11
0.08646,0.28542,1.8384e+0,0.0000e+0,3.7654e+11
0.08854,0.28542,1.5404e+0,4.5521e+10,6.0296e+10
0.09062,0.28542,1.2409e+0,1.6548e+11,0.0000e+0
0.09271,0.28542,9.5471e-1,6.6311e+10,0.0000e+0
0.09479,0.28542,6.7580e-1,0.0000e+0,0.0000e+0
0.09688,0.28542,4.0133e-1,0.0000e+0,0.0000e+0
0.09896,0.28542,1.3198e-1,0.0000e+0,0.0000e+0
0.00104,0.28958,7.6240e+0,0.0000e+0,0.0000e+0
0.00313,0.28958,7.6136e+0,0.0000e+0,0.0000e+0
0.00521,0.28958,7.5886e+0,0.0000e+0,0.0000e+0
0.00729,0.28958,7.5432e+0,0.0000e+0,0.0000e+0
0.00937,0.28958,7.4801e+0,0.0000e+0,0.0000e+0
0.01146,0.28958,7.4062e+0,0.0000e+0,0.0000e+0
0.01354,0.28958,7.3293e+0,0.0000e+0,0.0000e+0
0.01563,0.28958,7.2560e+0,0.0000e+0,0.0000e+0
0.01771,0.28958,7.1862e+0,0.0000e+0,0.0000e+0
0.01979,0.28958,7.1178e+0,0.0000e+0,0.0000e+0
0.02187,0.28958,7.0484e+0,0.0000e+0,5.5326e+11
0.02396,0.28958,6.9440e+0,0.0000e+0,3.1598e+11
0.02604,0.28958,6.8204e+0,0.0000e+0,0.0000e+0
0.02813,0.28958,6.7004e+0,1.0830e+11,4.9715e+10
0.03021,0.28958,6.5800e+0,3.0617e+11,3.7464e+11
0.03229,0.28958,6.4521e+0,0.0000e+0,2.2075e+11
0.03438,0.28958,6.3113e+0,3.9704e+11,0.0000e+0
0.03646,0.28958,6.1983e+0,1.9348e+11,0.0000e+0
0.03854,0.28958,6.0985e+0,0.0000e+0,2.8969e+10
0.04063,0.28958,5.9985e+0,4.5854e+10,2.9913e+11
0.04271,0.28958,5.8889e+0,4.5801e+10,2.2590e+11
0.04479,0.28958,5.7799e+0,8.0645e+10,2.6359e+11
0.04688,0.28958,5.6671e+0,6.2437e+10,2.2117e+11
0.04896,0.28958,5.5506e+0,0.0000e+0,5.4645e+11
0.05104,0.28958,5.3960e+0,0.0000e+0,8.3965e+10
0.05312,0.28958,5.2321e+0,0.0000e+0,1.9477e+11
0.05521,0.28958,5.0458e+0,6.3495e+11,1.1791e+11
0.05729,0.28958,4.8862e+0,3.2936e+11,0.0000e+0
0.05937,0.28958,4.7358e+0,0.0000e+0,4.4298e+10
0.06146,0.28958,4.5777e+0,0.0000e+0,3.3327e+11
0.06354,0.28958,4.3979e+0,5.9332e+9,5.2892e+11
0.06563,0.28958,4.1865e+0,4.0600e+10,2.2407e+11
0.06771,0.28958,3.9672e+0,3.3534e+11,8.5619e+10
0.06979,0.28958,3.7640e+0,1.8476e+11,2.2156e+11
0.07187,0.28958,3.5489e+0,3.8251e+11,1.3498e+11
0.07396,0.28958,3.3393e+0,3.4323e+11,5.6912e+11
0.07604,0.28958,3.1102e+0,2.3174e+11,4.1137e+11
0.07813,0.28958,2.8706e+0,8.9693e+10,4.9487e+11
0.08021,0.28958,2.6104e+0,2.9260e+10,1.2435e+11
0.08229,0.28958,2.3547e+0,3.9677e+10,3.6802e+11
0.08438,0.28958,2.0883e+0,0.0000e+0,2.7332e+11
0.08646,0.28958,1.8151e+0,0.0000e+0,1.8550e+11
0.08854,0.28958,1.5383e+0,4.0396e+10,4.6997e+11
0.09062,0.28958,1.2408e+0,7.6720e+10,8.9730e+10
0.09271,0.28958,9.5278e-1,0.0000e+0,0.0000e+0
0.09479,0.28958,6.7261e-1,0.0000e+0,0.0000e+0
0.09688,0.28958,3.9893e-1,0.0000e+0,0.0000e+0
0.09896,0.28958,1.3112e-1,0.0000e+0,0.0000e+0
0.00104,0.29375,7.7284e+0,0.0000e+0,0.0000e+0
0.00313,0.29375,7.7366e+0,0.0000e+0,4.1484e+11
0.00521,0.29375,7.7295e+0,0.0000e+0,1.5521e+12
0.00729,0.29375,7.6450e+0,0.0000e+0,1.6640e+12
0.00937,0.29375,7.4962e+0,0.0000e+0,0.0000e+0
0.01146,0.29375,7.3863e+0,0.0000e+0,0.0000e+0
0.01354,0.29375,7.2970e+0,0.0000e+0,0.0000e+0
0.01563,0.29375,7.2242e+0,0.0000e+0,0.0000e+0
0.01771,0.29375,7.1616e+0,0.0000e+0,9.5825e+10
0.01979,0.29375,7.1001e+0,0.0000e+0,7.4383e+11
0.02187,0.29375,6.9950e+0,0.0000e+0,0.0000e+0
0.02396,0.29375,6.8965e+0,0.0000e+0,2.0909e+11
0.02604,0.29375,6.7909e+0,0.0000e+0,2.6474e+11
0.02813,0.29375,6.6781e+0,0.0000e+0,1.5538e+11
0.03021,0.29375,6.5631e+0,8.3329e+10,9.9837e+11
0.03229,0.29375,6.3886e+0,6.8191e+11,0.0000e+0
0.03438,0.29375,6.2674e+0,1.8804e+11,0.0000e+0
0.03646,0.29375,6.1562e+0,4.0140e+10,0.0000e+0
0.03854,0.29375,6.0528e+0,2.4468e+11,5.4477e+11
0.04063,0.29375,5.9339e+0,2.2304e+11,1.5064e+11
0.04271,0.29375,5.8141e+0,3.0877e+11,6.3737e+9
0.04479,0.29375,5.7184e+0,2.9225e+10,0.0000e+0
0.04688,0.29375,5.6242e+0,5.0827e+10,2.2982e+11
0.04896,0.29375,5.5256e+0,0.0000e+0,7.2060e+11
0.05104,0.29375,5.3873e+0,0.0000e+0,5.9522e+11
0.05312,0.29375,5.2148e+0,2.1053e+11,3.1340e+11
0.05521,0.29375,5.0417e+0,3.2093e+11,4.3702e+10
0.05729,0.29375,4.8923e+0,2.0316e+10,2.3176e+11
0.05937,0.29375,4.7336e+0,0.0000e+0,3.6084e+11
0.06146,0.29375,4.5566e+0,0.0000e+0,5.0195e+11
0.06354,0.29375,4.3526e+0,2.9149e+11,4.2266e+11
0.06563,0.29375,4.1421e+0,2.9034e+11,3.3175e+11
0.06771,0.29375,3.9320e+0,1.1811e+9,7.8241e+10
0.06979,0.29375,3.7239e+0,6.0326e+10,3.1243e+11
0.07187,0.29375,3.5049e+0,1.4216e+11,4.4685e+11
0.07396,0.29375,3.2668e+0,2.9695e+11,4.1070e+10
0.07604,0.29375,3.0379e+0,1.7585e+11,1.4436e+11
0.07813,0.29375,2.7999e+0,1.4168e+11,1.2994e+11
0.08021,0.29375,2.5528e+0,3.8396e+10,4.8407e+10
0.08229,0.29375,2.2979e+0,5.0720e+10,9.8815e+10
0.08438,0.29375,2.0331e+0,1.3777e+11,9.8694e+9
0.08646,0.29375,1.7748e+0,7.3671e+10,1.3003e+11
0.08854,0.29375,1.5122e+0,3.8292e+9,3.3794e+11
0.09062,0.29375,1.2273e+0,0.0000e+0,4.0595e+10
0.09271,0.29375,9.4481e-1,0.0000e+0,0.0000e+0
0.09479,0.29375,6.6781e-1,0.0000e+0,0.0000e+0
0.09688,0.29375,3.9632e-1,0.0000e+0,0.0000e+0
0.09896,0.29375,1.3029e-1,0.0000e+0,0.0000e+0
0.00104,0.29792,7.7675e+0,0.0000e+0,0.0000e+0
0.00313,0.29792,7.7887e+0,0.0000e+0,1.2762e+12
0.00521,0.29792,7.7656e+0,0.0000e+0,2.7762e+12
0.00729,0.29792,7.6147e+0,0.0000e+0,6.6218e+11
0.00937,0.29792,7.4715e+0,0.0000e+0,4.6087e+10
0.01146,0.29792,7.3568e+0,0.0000e+0,4.1448e+10
0.01354,0.29792,7.2487e+0,6.5606e+11,0.0000e+0
0.01563,0.29792,7.1871e+0,4.2047e+11,0.0000e+0
0.01771,0.29792,7.1322e+0,0.0000e+0,3.4879e+10
0.01979,0.29792,7.0581e+0,0.0000e+0,2.7075e+11
0.02187,0.29792,6.9541e+0,0.0000e+0,0.0000e+0
0.02396,0.29792,6.8469e+0,2.1519e+11,1.8428e+11
0.02604,0.29792,6.7423e+0,5.0957e+11,3.8986e+11
0.02813,0.29792,6.6493e+0,0.0000e+0,4.8468e+11
0.03021,0.29792,6.5328e+0,1.2180e+11,8.3057e+11
0.03229,0.29792,6.3780e+0,3.0858e+11,2.7906e+11
0.03438,0.29792,6.2449e+0,4.2187e+9,0.0000e+0
0.03646,0.29792,6.1218e+0,4.2378e+10,0.0000e+0
0.03854,0.29792,6.0049e+0,2.5832e+11,1.0116e+10
0.04063,0.29792,5.9040e+0,0.0000e+0,4.1257e+11
0.04271,0.29792,5.7760e+0,3.6670e+11,0.0000e+0
0.04479,0.29792,5.6798e+0,1.5608e+11,5.8431e+11
0.04688,0.29792,5.5567e+0,5.8999e+11,1.9916e+11
0.04896,0.29792,5.4535e+0,1.5890e+11,1.7495e+11
0.05104,0.29792,5.3535e+0,0.0000e+0,8.8160e+11
0.05312,0.29792,5.2039e+0,5.4505e+9,3.2439e+11
0.05521,0.29792,5.0487e+0,4.9920e+9,2.5261e+11
0.05729,0.29792,4.8896e+0,0.0000e+0,4.4983e+11
0.05937,0.29792,4.7143e+0,1.9351e+10,6.1412e+11
0.06146,0.29792,4.5119e+0,2.2824e+11,3.6229e+11
0.06354,0.29792,4.3136e+0,1.4951e+11,4.1728e+11
0.06563,0.29792,4.1104e+0,7.3252e+9,4.0397e+11
0.06771,0.29792,3.8898e+0,6.5412e+9,6.6789e+10
0.06979,0.29792,3.6689e+0,4.3151e+11,1.0219e+11
0.07187,0.29792,3.4702e+0,1.1051e+11,2.7565e+11
0.07396,0.29792,3.2637e+0,0.0000e+0,3.7683e+11
0.07604,0.29792,3.0377e+0,0.0000e+0,3.1597e+11
0.07813,0.29792,2.7995e+0,0.0000e+0,2.8813e+11
0.08021,0.29792,2.5519e+0,0.0000e+0,3.2855e+11
0.08229,0.29792,2.2886e+0,2.1180e+10,9.1478e+10
0.08438,0.29792,2.0223e+0,5.7529e+10,3.3872e+9
0.08646,0.29792,1.7560e+0,1.7226e+11,1.8190e+10
0.08854,0.29792,1.4943e+0,8.9538e+9,1.0532e+11
0.09062,0.29792,1.2178e+0,0.0000e+0,1.1185e+10
0.09271,0.29792,9.3992e-1,0.0000e+0,0.0000e+0
0.09479,0.29792,6.6515e-1,0.0000e+0,0.0000e+0
0.09688,0.29792,3.9493e-1,0.0000e+0,0.0000e+0
0.09896,0.29792,1.2986e-1,0.0000e+0,0.0000e+0
0.00104,0.30208,7.6368e+0,0.0000e+0,0.0000e+0
0.00313,0.30208,7.6192e+0,0.0000e+0,0.0000e+0
0.00521,0.30208,7.5797e+0,0.0000e+0,0.0000e+0
0.00729,0.30208,7.5142e+0,0.0000e+0,0.0000e+0
0.00937,0.30208,7.4321e+0,1.3138e+12,1.0919e+12
0.01146,0.30208,7.3695e+0,6.7279e+11,9.8196e+11
0.01354,0.30208,7.2785e+0,2.9466e+11,0.0000e+0
0.01563,0.30208,7.2294e+0,1.8885e+11,0.0000e+0
0.01771,0.30208,7.1986e+0,0.0000e+0,1.2871e+12
0.01979,0.30208,7.0878e+0,0.0000e+0,3.8872e+11
0.02187,0.30208,6.9666e+0,0.0000e+0,2.2536e+11
0.02396,0.30208,6.8454e+0,4.6357e+10,4.2833e+11
0.02604,0.30208,6.7118e+0,1.0977e+11,4.3961e+10
0.02813,0.30208,6.5935e+0,0.0000e+0,1.3389e+11
0.03021,0.30208,6.4723e+0,0.0000e+0,2.5018e+11
0.03229,0.30208,6.3418e+0,5.0649e+10,1.8708e+11
0.03438,0.30208,6.2158e+0,1.0472e+11,1.0275e+11
0.03646,0.30208,6.1025e+0,0.0000e+0,2.1846e+11
0.03854,0.30208,5.9871e+0,0.0000e+0,1.7785e+11
0.04063,0.30208,5.8765e+0,0.0000e+0,4.6980e+11
0.04271,0.30208,5.7496e+0,0.0000e+0,8.3023e+9
0.04479,0.30208,5.6454e+0,0.0000e+0,5.4939e+11
0.04688,0.30208,5.5239e+0,2.3049e+10,5.5316e+11
0.04896,0.30208,5.3883e+0,1.3327e+10,1.5206e+11
0.05104,0.30208,5.2617e+0,2.8885e+11,4.4058e+11
0.05312,0.30208,5.1393e+0,2.1642e+11,5.2940e+11
0.05521,0.30208,5.0167e+0,0.0000e+0,1.2019e+12
0.05729,0.30208,4.8351e+0,0.0000e+0,3.8092e+11
0.05937,0.30208,4.6430e+0,4.0680e+10,3.2064e+11
0.06146,0.30208,4.4345e+0,2.8880e+11,5.9213e+10
0.06354,0.30208,4.2408e+0,2.0586e+11,1.1672e+11
0.06563,0.30208,4.0511e+0,2.1975e+11,2.9361e+11
0.06771,0.30208,3.8551e+0,1.1742e+11,2.7647e+11
0.06979,0.30208,3.6513e+0,7.1029e+10,1.3001e+11
0.07187,0.30208,3.4509e+0,1.6198e+10,1.7890e+11
0.07396,0.30208,3.2447e+0,0.0000e+0,4.4129e+11
0.07604,0.30208,3.0122e+0,0.0000e+0,1.9328e+11
0.07813,0.30208,2.7723e+0,0.0000e+0,2.4262e+10
0.08021,0.30208,2.5368e+0,0.0000e+0,1.8112e+11
0.08229,0.30208,2.2943e+0,0.0000e+0,7.3893e+10
0.08438,0.30208,2.0554e+0,0.0000e+0,4.0973e+11
0.08646,0.30208,1.7998e+0,0.0000e+0,4.2425e+11
0.08854,0.30208,1.5285e+0,0.0000e+0,4.5816e+11
0.09062,0.30208,1.2354e+0,0.0000e+0,7.8362e+10
0.09271,0.30208,9.4753e-1,0.0000e+0,0.0000e+0
0.09479,0.30208,6.6820e-1,0.0000e+0,0.0000e+0
0.09688,0.30208,3.9601e-1,0.0000e+0,0.0000e+0
0.09896,0.30208,1.3011e-1,0.0000e+0,0.0000e+0
0.00104,0.30625,7.6456e+0,0.0000e+0,0.0000e+0
0.00313,0.30625,7.6143e+0,0.0000e+0,0.0000e+0
0.00521,0.30625,7.5820e+0,0.0000e+0,0.0000e+0
0.00729,0.30625,7.5637e+0,0.0000e+0,6.2910e+11
0.00937,0.30625,7.5312e+0,1.5543e+11,1.8169e+12
0.01146,0.30625,7.4212e+0,7.9595e+10,0.0000e+0
0.01354,0.30625,7.3410e+0,0.0000e+0,8.7503e+10
0.01563,0.30625,7.2750e+0,0.0000e+0,2.0265e+11
0.01771,0.30625,7.2136e+0,0.0000e+0,1.1461e+12
0.01979,0.30625,7.0866e+0,0.0000e+0,2.8549e+11
0.02187,0.30625,6.9538e+0,0.0000e+0,1.6136e+11
0.02396,0.30625,6.8180e+0,0.0000e+0,2.0309e+11
0.02604,0.30625,6.6749e+0,0.0000e+0,1.9669e+10
0.02813,0.30625,6.5425e+0,0.0000e+0,2.0889e+11
0.03021,0.30625,6.4050e+0,0.0000e+0,0.0000e+0
0.03229,0.30625,6.2797e+0,1.6601e+11,2.3924e+11
0.03438,0.30625,6.1656e+0,3.4324e+11,6.5273e+11
0.03646,0.30625,6.0492e+0,0.0000e+0,5.0188e+11
0.03854,0.30625,5.9193e+0,3.1894e+10,3.8020e+11
0.04063,0.30625,5.7905e+0,9.0290e+10,5.7322e+11
0.04271,0.30625,5.6523e+0,2.9533e+10,6.2737e+10
0.04479,0.30625,5.5285e+0,2.0006e+11,3.1862e+11
0.04688,0.30625,5.4041e+0,2.5362e+11,4.6586e+11
0.04896,0.30625,5.2682e+0,0.0000e+0,9.7450e+10
0.05104,0.30625,5.1277e+0,2.0439e+11,6.6361e+10
0.05312,0.30625,4.9939e+0,2.1476e+11,6.4298e+10
0.05521,0.30625,4.8657e+0,1.5664e+11,1.5953e+11
0.05729,0.30625,4.7301e+0,0.0000e+0,2.6560e+11
0.05937,0.30625,4.5774e+0,0.0000e+0,5.9499e+11
0.06146,0.30625,4.3915e+0,1.4727e+11,3.4367e+11
0.06354,0.30625,4.2111e+0,1.9364e+11,5.4327e+11
0.06563,0.30625,4.0218e+0,2.1983e+11,3.9115e+11
0.06771,0.30625,3.8248e+0,1.1718e+11,2.9080e+11
0.06979,0.30625,3.6230e+0,4.6592e+10,8.8202e+10
0.07187,0.30625,3.4260e+0,0.0000e+0,2.1462e+11
0.07396,0.30625,3.2171e+0,0.0000e+0,3.4871e+11
0.07604,0.30625,2.9812e+0,8.5563e+10,6.4928e+10
0.07813,0.30625,2.7455e+0,8.5594e+10,1.2270e+8
0.08021,0.30625,2.5180e+0,0.0000e+0,1.0007e+11
0.08229,0.30625,2.2865e+0,3.5671e+10,1.2484e+11
0.08438,0.30625,2.0510e+0,1.7020e+11,4.6846e+11
0.08646,0.30625,1.7982e+0,0.0000e+0,2.5857e+11
0.08854,0.30625,1.5325e+0,0.0000e+0,5.8615e+11
0.09062,0.30625,1.2347e+0,0.0000e+0,2.1525e+10
0.09271,0.30625,9.4629e-1,0.0000e+0,0.0000e+0
0.09479,0.30625,6.6690e-1,0.0000e+0,0.0000e+0
0.09688,0.30625,3.9507e-1,0.0000e+0,0.0000e+0
0.09896,0.30625,1.2977e-1,0.0000e+0,0.0000e+0
0.00104,0.31042,7.9043e+0,0.0000e+0,6.1163e+12
0.00313,0.31042,7.6982e+0,0.0000e+0,9.4291e+11
0.00521,0.31042,7.5689e+0,0.0000e+0,0.0000e+0
0.00729,0.31042,7.5012e+0,0.0000e+0,2.2516e+10
0.00937,0.31042,7.4598e+0,0.0000e+0,6.5030e+10
0.01146,0.31042,7.4325e+0,0.0000e+0,1.0819e+12
0.01354,0.31042,7.3642e+0,0.0000e+0,1.0060e+12
0.01563,0.31042,7.2721e+0,0.0000e+0,6.3379e+11
0.01771,0.31042,7.1759e+0,0.0000e+0,4.9820e+11
0.01979,0.31042,7.0734e+0,0.0000e+0,6.6335e+11
0.02187,0.31042,6.9530e+0,0.0000e+0,8.8788e+11
0.02396,0.31042,6.8048e+0,0.0000e+0,8.0488e+11
0.02604,0.31042,6.6334e+0,0.0000e+0,4.9294e+10
0.02813,0.31042,6.4860e+0,0.0000e+0,5.2352e+11
0.03021,0.31042,6.3253e+0,0.0000e+0,0.0000e+0
0.03229,0.31042,6.1838e+0,0.0000e+0,9.2279e+10
0.03438,0.31042,6.0503e+0,0.0000e+0,1.0904e+11
0.03646,0.31042,5.9206e+0,0.0000e+0,4.2378e+11
0.03854,0.31042,5.7663e+0,1.8951e+11,1.9584e+10
0.04063,0.31042,5.6216e+0,5.7122e+11,0.0000e+0
0.04271,0.31042,5.5105e+0,1.9615e+11,0.0000e+0
0.04479,0.31042,5.4055e+0,1.4827e+10,1.2333e+11
0.04688,0.31042,5.2843e+0,1.8797e+10,1.4658e+10
0.04896,0.31042,5.1593e+0,1.3004e+11,1.9967e+11
0.05104,0.31042,5.0318e+0,6.4303e+10,2.6802e+11
0.05312,0.31042,4.8968e+0,5.4264e+10,2.2075e+11
0.05521,0.31042,4.7576e+0,1.3715e+11,0.0000e+0
0.05729,0.31042,4.6304e+0,3.9797e+11,7.4180e+11
0.05937,0.31042,4.4819e+0,1.0413e+11,6.2816e+11
0.06146,0.31042,4.2932e+0,4.8529e+11,1.2345e+10
0.06354,0.31042,4.1329e+0,2.9764e+11,1.3532e+11
0.06563,0.31042,3.9804e+0,0.0000e+0,7.2557e+11
0.06771,0.31042,3.7819e+0,0.0000e+0,4.7406e+10
0.06979,0.31042,3.5880e+0,5.1908e+9,0.0000e+0
0.07187,0.31042,3.4050e+0,6.3761e+10,4.0177e+11
0.07396,0.31042,3.2130e+0,0.0000e+0,8.5672e+11
0.07604,0.31042,2.9761e+0,2.5013e+11,4.6250e+11
0.07813,0.31042,2.7371e+0,1.6097e+11,1.4037e+11
0.08021,0.31042,2.5078e+0,2.1772e+10,1.0320e+10
0.08229,0.31042,2.2863e+0,4.4850e+10,2.8564e+11
0.08438,0.31042,2.0526e+0,5.0174e+10,5.0334e+11
0.08646,0.31042,1.7918e+0,0.0000e+0,4.1361e+11
0.08854,0.31042,1.5071e+0,5.7068e+7,1.6924e+11
0.09062,0.31042,1.2166e+0,1.6445e+8,2.2984e+9
0.09271,0.31042,9.3452e-1,0.0000e+0,0.0000e+0
0.09479,0.31042,6.5963e-1,0.0000e+0,0.0000e+0
0.09688,0.31042,3.9113e-1,0.0000e+0,0.0000e+0
0.09896,0.31042,1.2853e-1,0.0000e+0,0.0000e+0
0.00104,0.31458,7.8911e+0,0.0000e+0,8.5840e+12
0.00313,0.31458,7.6255e+0,0.0000e+0,1.3234e+12
0.00521,0.31458,7.4674e+0,0.0000e+0,0.0000e+0
0.00729,0.31458,7.3886e+0,0.0000e+0,0.0000e+0
0.00937,0.31458,7.3419e+0,0.0000e+0,4.9087e+10
0.01146,0.31458,7.3030e+0,0.0000e+0,8.4596e+11
0.01354,0.31458,7.2155e+0,0.0000e+0,1.7899e+10
0.01563,0.31458,7.1368e+0,0.0000e+0,1.0951e+11
0.01771,0.31458,7.0540e+0,0.0000e+0,1.5509e+11
0.01979,0.31458,6.9700e+0,0.0000e+0,9.8741e+11
0.02187,0.31458,6.8359e+0,0.0000e+0,5.8833e+11
0.02396,0.31458,6.6869e+0,0.0000e+0,4.1286e+11
0.02604,0.31458,6.5312e+0,1.9948e+11,5.8175e+11
0.02813,0.31458,6.3642e+0,3.4367e+11,1.9210e+11
0.03021,0.31458,6.2103e+0,0.0000e+0,0.0000e+0
0.03229,0.31458,6.0626e+0,4.5243e+10,0.0000e+0
0.03438,0.31458,5.9177e+0,2.1618e+11,0.0000e+0
0.03646,0.31458,5.7893e+0,4.3442e+10,1.7464e+11
0.03854,0.31458,5.6509e+0,1.8051e+11,8.3398e+9
0.04063,0.31458,5.5254e+0,5.3118e+11,1.0417e+11
0.04271,0.31458,5.4303e+0,1.3104e+10,6.4938e+10
0.04479,0.31458,5.3331e+0,0.0000e+0,5.9355e+11
0.04688,0.31458,5.2008e+0,0.0000e+0,1.8991e+11
0.04896,0.31458,5.0608e+0,1.7179e+11,1.8041e+11
0.05104,0.31458,4.9210e+0,3.0430e+11,1.4951e+11
0.05312,0.31458,4.7901e+0,4.2680e+11,1.7664e+11
0.05521,0.31458,4.6651e+0,1.2947e+11,2.5621e+11
0.05729,0.31458,4.5241e+0,2.7014e+11,3.0123e+10
0.05937,0.31458,4.3943e+0,3.1878e+10,5.1610e+10
0.06146,0.31458,4.2576e+0,3.3043e+10,4.0265e+11
0.06354,0.31458,4.0976e+0,4.5301e+10,4.1571e+11
0.06563,0.31458,3.9168e+0,2.7594e+11,2.7513e+11
0.06771,0.31458,3.7303e+0,0.0000e+0,2.7624e+10
0.06979,0.31458,3.5342e+0,1.8317e+10,0.0000e+0
0.07187,0.31458,3.3325e+0,2.9762e+11,1.0968e+10
0.07396,0.31458,3.1437e+0,6.8553e+10,1.7721e+11
0.07604,0.31458,2.9419e+0,1.6335e+11,3.9350e+11
0.07813,0.31458,2.7238e+0,5.4029e+10,2.1500e+11
0.08021,0.31458,2.4963e+0,2.8785e+11,7.9425e+10
0.08229,0.31458,2.2821e+0,2.0817e+11,5.5320e+11
0.08438,0.31458,2.0449e+0,0.0000e+0,5.3560e+11
0.08646,0.31458,1.7769e+0,0.0000e+0,5.1464e+11
0.08854,0.31458,1.4789e+0,1.4861e+11,4.7420e+10
0.09062,0.31458,1.1906e+0,2.1376e+11,0.0000e+0
0.09271,0.31458,9.1920e-1,0.0000e+0,0.0000e+0
0.09479,0.31458,6.5066e-1,0.0000e+0,0.0000e+0
0.09688,0.31458,3.8641e-1,0.0000e+0,0.0000e+0
0.09896,0.31458,1.2707e-1,0.0000e+0,0.0000e+0
0.00104,0.31875,7.3061e+0,0.0000e+0,0.0000e+0
0.00313,0.31875,7.2713e+0,0.0000e+0,0.0000e+0
0.00521,0.31875,7.2389e+0,0.0000e+0,0.0000e+0
0.00729,0.31875,7.2191e+0,0.0000e+0,0.0000e+0
0.00937,0.31875,7.2156e+0,0.0000e+0,1.4865e+12
0.01146,0.31875,7.1479e+0,0.0000e+0,6.7578e+11
0.01354,0.31875,7.0772e+0,0.0000e+0,3.3490e+11
0.01563,0.31875,7.0267e+0,0.0000e+0,1.3293e+12
0.01771,0.31875,6.9269e+0,0.0000e+0,8.8911e+11
0.01979,0.31875,6.8030e+0,0.0000e+0,9.4798e+11
0.02187,0.31875,6.6476e+0,0.0000e+0,6.6909e+10
0.02396,0.31875,6.5192e+0,0.0000e+0,1.1092e+11
0.02604,0.31875,6.4143e+0,1.0114e+11,1.0795e+12
0.02813,0.31875,6.2782e+0,1.7424e+11,1.1366e+12
0.03021,0.31875,6.1127e+0,0.0000e+0,7.9749e+10
0.03229,0.31875,5.9698e+0,6.8701e+10,2.1411e+11
0.03438,0.31875,5.8299e+0,3.2827e+11,5.9476e+11
0.03646,0.31875,5.6893e+0,7.0463e+10,5.3626e+10
0.03854,0.31875,5.5625e+0,2.9279e+11,0.0000e+0
0.04063,0.31875,5.4686e+0,0.0000e+0,4.8539e+11
0.04271,0.31875,5.3565e+0,0.0000e+0,2.6736e+11
0.04479,0.31875,5.2364e+0,0.0000e+0,7.3876e+10
0.04688,0.31875,5.1128e+0,0.0000e+0,4.9486e+10
0.04896,0.31875,4.9864e+0,0.0000e+0,0.0000e+0
0.05104,0.31875,4.8612e+0,1.6812e+11,3.9695e+10
0.05312,0.31875,4.7505e+0,2.5344e+11,6.8343e+11
0.05521,0.31875,4.6117e+0,2.3449e+11,1.8946e+11
0.05729,0.31875,4.4771e+0,8.9972e+9,7.7895e+9
0.05937,0.31875,4.3471e+0,1.8157e+11,2.0745e+11
0.06146,0.31875,4.2211e+0,2.7196e+10,7.3192e+11
0.06354,0.31875,4.0546e+0,8.7229e+10,1.7222e+11
0.06563,0.31875,3.8934e+0,1.8514e+10,1.9482e+11
0.06771,0.31875,3.7321e+0,0.0000e+0,6.6048e+11
0.06979,0.31875,3.5377e+0,0.0000e+0,6.0487e+11
0.07187,0.31875,3.3186e+0,2.2213e+11,2.3981e+11
0.07396,0.31875,3.1117e+0,3.1246e+11,1.7873e+11
0.07604,0.31875,2.9227e+0,1.4519e+11,5.0057e+11
0.07813,0.31875,2.7212e+0,9.8593e+10,4.4267e+11
0.08021,0.31875,2.5138e+0,0.0000e+0,5.3972e+11
0.08229,0.31875,2.2859e+0,0.0000e+0,7.5476e+11
0.08438,0.31875,2.0167e+0,0.0000e+0,3.3563e+10
0.08646,0.31875,1.7475e+0,0.0000e+0,6.1413e+10
0.08854,0.31875,1.4720e+0,1.0199e+11,2.1515e+11
0.09062,0.31875,1.1906e+0,3.5407e+10,0.0000e+0
0.09271,0.31875,9.1667e-1,0.0000e+0,0.0000e+0
0.09479,0.31875,6.4797e-1,0.0000e+0,0.0000e+0
0.09688,0.31875,3.8454e-1,0.0000e+0,0.0000e+0
0.09896,0.31875,1.2642e-1,0.0000e+0,0.0000e+0
0.00104,0.32292,6.9989e+0,0.0000e+0,0.0000e+0
0.00313,0.32292,6.9975e+0,0.0000e+0,0.0000e+0
0.00521,0.32292,7.0009e+0,0.0000e+0,2.7590e+11
0.00729,0.32292,6.9979e+0,0.0000e+0,1.5128e+12
0.00937,0.32292,6.9110e+0,0.0000e+0,0.0000e+0
0.01146,0.32292,6.8431e+0,0.0000e+0,0.0000e+0
0.01354,0.32292,6.7897e+0,0.0000e+0,2.5743e+11
0.01563,0.32292,6.7368e+0,0.0000e+0,5.1366e+11
0.01771,0.32292,6.6694e+0,0.0000e+0,1.5455e+12
0.01979,0.32292,6.5231e+0,0.0000e+0,2.5595e+11
0.02187,0.32292,6.3838e+0,0.0000e+0,0.0000e+0
0.02396,0.32292,6.2636e+0,0.0000e+0,1.4566e+10
0.02604,0.32292,6.1560e+0,5.2042e+11,6.0709e+11
0.02813,0.32292,6.0485e+0,1.8187e+9,9.9475e+10
0.03021,0.32292,5.9417e+0,0.0000e+0,1.0395e+11
0.03229,0.32292,5.8383e+0,0.0000e+0,5.6325e+11
0.03438,0.32292,5.7133e+0,0.0000e+0,5.1869e+11
0.03646,0.32292,5.5753e+0,0.0000e+0,5.5195e+10
0.03854,0.32292,5.4567e+0,0.0000e+0,0.0000e+0
0.04063,0.32292,5.3546e+0,0.0000e+0,1.0829e+11
0.04271,0.32292,5.2529e+0,0.0000e+0,5.2636e+10
0.04479,0.32292,5.1533e+0,0.0000e+0,2.3702e+11
0.04688,0.32292,5.0430e+0,0.0000e+0,1.9712e+11
0.04896,0.32292,4.9284e+0,5.5732e+10,2.2938e+11
0.05104,0.32292,4.8117e+0,2.7160e+11,3.5557e+11
0.05312,0.32292,4.6994e+0,1.0323e+10,4.0761e+11
0.05521,0.32292,4.5674e+0,2.3589e+11,3.9118e+11
0.05729,0.32292,4.4342e+0,9.2270e+9,2.6119e+11
0.05937,0.32292,4.2928e+0,1.7893e+11,2.7100e+11
0.06146,0.32292,4.1445e+0,5.9552e+10,1.6712e+11
0.06354,0.32292,3.9823e+0,3.0519e+11,1.3517e+11
0.06563,0.32292,3.8380e+0,3.6269e+10,4.1046e+11
0.06771,0.32292,3.6802e+0,0.0000e+0,8.3380e+11
0.06979,0.32292,3.4800e+0,0.0000e+0,2.8740e+11
0.07187,0.32292,3.2747e+0,0.0000e+0,1.8868e+11
0.07396,0.32292,3.0649e+0,2.8551e+11,1.6995e+11
0.07604,0.32292,2.8663e+0,3.4598e+11,3.1309e+11
0.07813,0.32292,2.6651e+0,2.3306e+11,1.5299e+11
0.08021,0.32292,2.4661e+0,3.5183e+10,2.8499e+11
0.08229,0.32292,2.2433e+0,1.1290e+11,2.9368e+11
0.08438,0.32292,2.0041e+0,0.0000e+0,2.4632e+11
0.08646,0.32292,1.7504e+0,0.0000e+0,3.4072e+11
0.08854,0.32292,1.4806e+0,0.0000e+0,3.4373e+11
0.09062,0.32292,1.1948e+0,0.0000e+0,0.0000e+0
0.09271,0.32292,9.1757e-1,0.0000e+0,0.0000e+0
0.09479,0.32292,6.4753e-1,0.0000e+0,0.0000e+0
0.09688,0.32292,3.8390e-1,0.0000e+0,0.0000e+0
0.09896,0.32292,1.2615e-1,0.0000e+0,0.0000e+0
0.00104,0.32708,6.7033e+0,0.0000e+0,0.0000e+0
0.00313,0.32708,6.7023e+0,0.0000e+0,0.0000e+0
0.00521,0.32708,6.7014e+0,0.0000e+0,2.1968e+11
0.00729,0.32708,6.6881e+0,0.0000e+0,1.2045e+12
0.00937,0.32708,6.5994e+0,0.0000e+0,0.0000e+0
0.01146,0.32708,6.5242e+0,0.0000e+0,0.0000e+0
0.01354,0.32708,6.4515e+0,0.0000e+0,0.0000e+0
0.01563,0.32708,6.3761e+0,0.0000e+0,1.1717e+9
0.01771,0.32708,6.2923e+0,0.0000e+0,1.1849e+10
0.01979,0.32708,6.1948e+0,0.0000e+0,0.0000e+0
0.02187,0.32708,6.0933e+0,0.0000e+0,0.0000e+0
0.02396,0.32708,5.9926e+0,0.0000e+0,0.0000e+0
0.02604,0.32708,5.8931e+0,3.3631e+11,0.0000e+0
0.02813,0.32708,5.8195e+0,1.1753e+9,0.0000e+0
0.03021,0.32708,5.7530e+0,0.0000e+0,8.1723e+11
0.03229,0.32708,5.6455e+0,0.0000e+0,4.5222e+11
0.03438,0.32708,5.5182e+0,4.4894e+11,3.7299e+11
0.03646,0.32708,5.3953e+0,4.4132e+11,0.0000e+0
0.03854,0.32708,5.3086e+0,4.3795e+10,0.0000e+0
0.04063,0.32708,5.2258e+0,2.3782e+10,0.0000e+0
0.04271,0.32708,5.1442e+0,0.0000e+0,5.7483e+10
0.04479,0.32708,5.0577e+0,0.0000e+0,3.7559e+11
0.04688,0.32708,4.9486e+0,0.0000e+0,0.0000e+0
0.04896,0.32708,4.8490e+0,1.9493e+10,4.1969e+11
0.05104,0.32708,4.7350e+0,9.4998e+10,3.3910e+11
0.05312,0.32708,4.6177e+0,0.0000e+0,1.7036e+11
0.05521,0.32708,4.4999e+0,8.8867e+10,4.4093e+11
0.05729,0.32708,4.3701e+0,3.7224e+11,3.2068e+11
0.05937,0.32708,4.2598e+0,2.2109e+11,9.0644e+11
0.06146,0.32708,4.1145e+0,3.4482e+10,1.0805e+12
0.06354,0.32708,3.9140e+0,1.7020e+11,4.4762e+10
0.06563,0.32708,3.7363e+0,5.3203e+10,3.5493e+10
0.06771,0.32708,3.5577e+0,1.6922e+11,4.2208e+10
0.06979,0.32708,3.3770e+0,4.2787e+11,5.0998e+10
0.07187,0.32708,3.2136e+0,1.1163e+11,3.2447e+11
0.07396,0.32708,3.0331e+0,0.0000e+0,2.3901e+11
0.07604,0.32708,2.8390e+0,2.9384e+10,1.6864e+10
0.07813,0.32708,2.6529e+0,5.3082e+10,3.4162e+11
0.08021,0.32708,2.4543e+0,2.9868e+10,3.9273e+11
0.08229,0.32708,2.2354e+0,9.5841e+10,4.5481e+11
0.08438,0.32708,1.9961e+0,5.8063e+10,4.0905e+11
0.08646,0.32708,1.7362e+0,2.7023e+11,4.2127e+11
0.08854,0.32708,1.4713e+0,3.0203e+10,2.9558e+11
0.09062,0.32708,1.1905e+0,0.0000e+0,1.7379e+10
0.09271,0.32708,9.1434e-1,0.0000e+0,0.0000e+0
0.09479,0.32708,6.4494e-1,0.0000e+0,0.0000e+0
0.09688,0.32708,3.8217e-1,0.0000e+0,0.0000e+0
0.09896,0.32708,1.2554e-1,0.0000e+0,0.0000e+0
0.00104,0.33125,6.4154e+0,0.0000e+0,0.0000e+0
0.00313,0.33125,6.4095e+0,0.0000e+0,0.0000e+0
0.00521,0.33125,6.3941e+0,0.0000e+0,0.0000e+0
0.00729,0.33125,6.3594e+0,0.0000e+0,0.0000e+0
0.00937,0.33125,6.3068e+0,0.0000e+0,0.0000e+0
0.01146,0.33125,6.2493e+0,0.0000e+0,1.9130e+11
0.01354,0.33125,6.1699e+0,0.0000e+0,2.8729e+9
0.01563,0.33125,6.0905e+0,0.0000e+0,0.0000e+0
0.01771,0.33125,6.0094e+0,0.0000e+0,0.0000e+0
0.01979,0.33125,5.9242e+0,0.0000e+0,0.0000e+0
0.02187,0.33125,5.8377e+0,0.0000e+0,0.0000e+0
0.02396,0.33125,5.7519e+0,0.0000e+0,0.0000e+0
0.02604,0.33125,5.6676e+0,0.0000e+0,0.0000e+0
0.02813,0.33125,5.5846e+0,0.0000e+0,0.0000e+0
0.03021,0.33125,5.4958e+0,2.5185e+11,0.0000e+0
0.03229,0.33125,5.4199e+0,6.1934e+10,3.8499e+10
0.03438,0.33125,5.3417e+0,1.6169e+11,3.1800e+11
0.03646,0.33125,5.2523e+0,2.1147e+11,0.0000e+0
0.03854,0.33125,5.1817e+0,3.2575e+11,2.5332e+11
0.04063,0.33125,5.1186e+0,1.7689e+11,3.0405e+11
0.04271,0.33125,5.0539e+0,0.0000e+0,7.4906e+11
0.04479,0.33125,4.9523e+0,0.0000e+0,4.4283e+11
0.04688,0.33125,4.8345e+0,0.0000e+0,9.5947e+10
0.04896,0.33125,4.7210e+0,0.0000e+0,3.1216e+10
0.05104,0.33125,4.6100e+0,0.0000e+0,1.5459e+10
0.05312,0.33125,4.5029e+0,0.0000e+0,2.1174e+11
0.05521,0.33125,4.3888e+0,2.8072e+10,1.8019e+11
0.05729,0.33125,4.2743e+0,6.6785e+10,2.4997e+11
0.05937,0.33125,4.1612e+0,0.0000e+0,9.1015e+11
0.06146,0.33125,3.9964e+0,1.8510e+11,4.1433e+11
0.06354,0.33125,3.8212e+0,1.1806e+11,6.7402e+10
0.06563,0.33125,3.6637e+0,1.3870e+11,3.9181e+11
0.06771,0.33125,3.5012e+0,3.7974e+11,5.6855e+11
0.06979,0.33125,3.3423e+0,2.2058e+11,5.2348e+11
0.07187,0.33125,3.1768e+0,3.8215e+10,3.6196e+11
0.07396,0.33125,3.0020e+0,0.0000e+0,4.7821e+11
0.07604,0.33125,2.8045e+0,1.2265e+11,5.5215e+10
0.07813,0.33125,2.6208e+0,1.1087e+11,3.6453e+11
0.08021,0.33125,2.4286e+0,0.0000e+0,3.1476e+11
0.08229,0.33125,2.2225e+0,0.0000e+0,5.8478e+11
0.08438,0.33125,1.9851e+0,5.0582e+10,4.9521e+11
0.08646,0.33125,1.7268e+0,2.5216e+11,4.6163e+11
0.08854,0.33125,1.4635e+0,2.6831e+10,3.1308e+11
0.09062,0.33125,1.1880e+0,0.0000e+0,2.1133e+11
0.09271,0.33125,9.0853e-1,0.0000e+0,0.0000e+0
0.09479,0.33125,6.3921e-1,0.0000e+0,0.0000e+0
0.09688,0.33125,3.7822e-1,0.0000e+0,0.0000e+0
0.09896,0.33125,1.2416e-1,0.0000e+0,0.0000e+0
0.00104,0.33542,6.1748e+0,0.0000e+0,0.0000e+0
0.00313,0.33542,6.1832e+0,0.0000e+0,0.0000e+0
0.00521,0.33542,6.2036e+0,0.0000e+0,1.4149e+12
0.00729,0.33542,6.1523e+0,0.0000e+0,8.1161e+11
0.00937,0.33542,6.0832e+0,0.0000e+0,0.0000e+0
0.01146,0.33542,6.0509e+0,0.0000e+0,1.7291e+12
0.01354,0.33542,5.9368e+0,0.0000e+0,2.5966e+10
0.01563,0.33542,5.8544e+0,0.0000e+0,9.3113e+10
0.01771,0.33542,5.7817e+0,0.0000e+0,2.9615e+11
0.01979,0.33542,5.6954e+0,0.0000e+0,0.0000e+0
0.02187,0.33542,5.6121e+0,0.0000e+0,0.0000e+0
0.02396,0.33542,5.5346e+0,0.0000e+0,0.0000e+0
0.02604,0.33542,5.4643e+0,0.0000e+0,5.2276e+10
0.02813,0.33542,5.3977e+0,0.0000e+0,5.8492e+11
0.03021,0.33542,5.2968e+0,3.7911e+11,4.9115e+10
0.03229,0.33542,5.2274e+0,2.6516e+11,1.2767e+11
0.03438,0.33542,5.1740e+0,0.0000e+0,1.1696e+11
0.03646,0.33542,5.1238e+0,0.0000e+0,4.7006e+11
0.03854,0.33542,5.0602e+0,0.0000e+0,4.0561e+11
0.04063,0.33542,4.9862e+0,0.0000e+0,5.3205e+11
0.04271,0.33542,4.8915e+0,0.0000e+0,2.2869e+11
0.04479,0.33542,4.7936e+0,0.0000e+0,2.3205e+11
0.04688,0.33542,4.6934e+0,0.0000e+0,2.8099e+11
0.04896,0.33542,4.5926e+0,1.0835e+11,4.9923e+11
0.05104,0.33542,4.4821e+0,7.4608e+10,4.4585e+11
0.05312,0.33542,4.3668e+0,0.0000e+0,2.9118e+11
0.05521,0.33542,4.2469e+0,0.0000e+0,1.4425e+11
0.05729,0.33542,4.1273e+0,0.0000e+0,1.6080e+11
0.05937,0.33542,4.0033e+0,0.0000e+0,2.8892e+11
0.06146,0.33542,3.8610e+0,1.2775e+11,4.0143e+11
0.06354,0.33542,3.7088e+0,4.3242e+10,3.3521e+11
0.06563,0.33542,3.5476e+0,2.0353e+11,7.3280e+10
0.06771,0.33542,3.3995e+0,7.3984e+10,7.2162e+10
0.06979,0.33542,3.2521e+0,0.0000e+0,8.8472e+10
0.07187,0.33542,3.1011e+0,0.0000e+0,3.2883e+11
0.07396,0.33542,2.9323e+0,0.0000e+0,2.1747e+11
0.07604,0.33542,2.7538e+0,3.0048e+10,2.6724e+11
0.07813,0.33542,2.5673e+0,2.7160e+10,1.7180e+11
0.08021,0.33542,2.3806e+0,0.0000e+0,4.3674e+11
0.08229,0.33542,2.1734e+0,0.0000e+0,4.8909e+11
0.08438,0.33542,1.9409e+0,9.3921e+10,4.0142e+11
0.08646,0.33542,1.7001e+0,1.9012e+11,7.0012e+11
0.08854,0.33542,1.4382e+0,1.1429e+10,4.2765e+11
0.09062,0.33542,1.1605e+0,0.0000e+0,1.0287e+11
0.09271,0.33542,8.8678e-1,0.0000e+0,0.0000e+0
0.09479,0.33542,6.2343e-1,0.0000e+0,0.0000e+0
0.09688,0.33542,3.6868e-1,0.0000e+0,0.0000e+0
0.09896,0.33542,1.2100e-1,0.0000e+0,0.0000e+0
0.00104,0.33958,5.8667e+0,0.0000e+0,0.0000e+0
0.00313,0.33958,5.8708e+0,0.0000e+0,0.0000e+0
0.00521,0.33958,5.8796e+0,0.0000e+0,9.6984e+11
0.00729,0.33958,5.8303e+0,0.0000e+0,5.5632e+11
0.00937,0.33958,5.7574e+0,0.0000e+0,0.0000e+0
0.01146,0.33958,5.6899e+0,1.1844e+11,0.0000e+0
0.01354,0.33958,5.6291e+0,1.8904e+11,0.0000e+0
0.01563,0.33958,5.5915e+0,0.0000e+0,2.1815e+11
0.01771,0.33958,5.5530e+0,0.0000e+0,6.9385e+11
0.01979,0.33958,5.4903e+0,0.0000e+0,9.1306e+11
0.02187,0.33958,5.3939e+0,0.0000e+0,1.3475e+11
0.02396,0.33958,5.3139e+0,0.0000e+0,0.0000e+0
0.02604,0.33958,5.2517e+0,0.0000e+0,1.8088e+11
0.02813,0.33958,5.1892e+0,6.4884e+10,7.0896e+11
0.03021,0.33958,5.0925e+0,2.2966e+11,2.7939e+10
0.03229,0.33958,5.0249e+0,3.8347e+11,4.8771e+11
0.03438,0.33958,4.9692e+0,0.0000e+0,1.9585e+11
0.03646,0.33958,4.9146e+0,0.0000e+0,1.0491e+11
0.03854,0.33958,4.8675e+0,0.0000e+0,7.1486e+11
0.04063,0.33958,4.7868e+0,0.0000e+0,4.3366e+11
0.04271,0.33958,4.6888e+0,0.0000e+0,1.1314e+11
0.04479,0.33958,4.5892e+0,5.4558e+10,2.2941e+11
0.04688,0.33958,4.4847e+0,5.6369e+9,0.0000e+0
0.04896,0.33958,4.3841e+0,1.7556e+11,2.3078e+11
0.05104,0.33958,4.2799e+0,4.1108e+11,5.3775e+11
0.05312,0.33958,4.1763e+0,1.1433e+11,1.7626e+11
0.05521,0.33958,4.0761e+0,0.0000e+0,2.7995e+11
0.05729,0.33958,3.9654e+0,0.0000e+0,2.3515e+11
0.05937,0.33958,3.8463e+0,0.0000e+0,4.7289e+11
0.06146,0.33958,3.6988e+0,2.3155e+11,1.0301e+11
0.06354,0.33958,3.5636e+0,3.9780e+10,3.3813e+10
0.06563,0.33958,3.4363e+0,1.3502e+11,2.6132e+11
0.06771,0.33958,3.3151e+0,4.1861e+8,6.4638e+11
0.06979,0.33958,3.1659e+0,0.0000e+0,3.0018e+11
0.07187,0.33958,3.0124e+0,0.0000e+0,3.2408e+11
0.07396,0.33958,2.8523e+0,0.0000e+0,4.6585e+11
0.07604,0.33958,2.6790e+0,3.2687e+10,5.4465e+11
0.07813,0.33958,2.4892e+0,3.4835e+10,3.6228e+11
0.08021,0.33958,2.2983e+0,0.0000e+0,4.7455e+11
0.08229,0.33958,2.0936e+0,0.0000e+0,6.6459e+11
0.08438,0.33958,1.8605e+0,2.5781e+10,3.6160e+11
0.08646,0.33958,1.6189e+0,3.0629e+10,3.1284e+11
0.08854,0.33958,1.3695e+0,0.0000e+0,2.9968e+11
0.09062,0.33958,1.1099e+0,0.0000e+0,2.0092e+11
0.09271,0.33958,8.4780e-1,0.0000e+0,0.0000e+0
0.09479,0.33958,5.9602e-1,0.0000e+0,0.0000e+0
0.09688,0.33958,3.5250e-1,0.0000e+0,0.0000e+0
0.09896,0.33958,1.1569e-1,0.0000e+0,0.0000e+0
0.00104,0.34375,5.5250e+0,0.0000e+0,0.0000e+0
0.00313,0.34375,5.5227e+0,0.0000e+0,0.0000e+0
0.00521,0.34375,5.5157e+0,0.0000e+0,0.0000e+0
0.00729,0.34375,5.4984e+0,0.0000e+0,0.0000e+0
0.00937,0.34375,5.4724e+0,0.0000e+0,6.0571e+11
0.01146,0.34375,5.3953e+0,5.5871e+11,2.3224e+11
0.01354,0.34375,5.3313e+0,8.9176e+11,3.9188e+11
0.01563,0.34375,5.2841e+0,0.0000e+0,0.0000e+0
0.01771,0.34375,5.2268e+0,0.0000e+0,0.0000e+0
0.01979,0.34375,5.1661e+0,0.0000e+0,5.9782e+10
0.02187,0.34375,5.1022e+0,0.0000e+0,8.8226e+9
0.02396,0.34375,5.0464e+0,0.0000e+0,0.0000e+0
0.02604,0.34375,5.0030e+0,0.0000e+0,5.1883e+11
0.02813,0.34375,4.9359e+0,1.7818e+11,5.3276e+11
0.03021,0.34375,4.8503e+0,3.7756e+11,3.8377e+11
0.03229,0.34375,4.7813e+0,0.0000e+0,1.8624e+11
0.03438,0.34375,4.7121e+0,2.8275e+11,2.9601e+11
0.03646,0.34375,4.6538e+0,1.3758e+11,1.4872e+11
0.03854,0.34375,4.5984e+0,0.0000e+0,1.1905e+11
0.04063,0.34375,4.5387e+0,0.0000e+0,1.5604e+11
0.04271,0.34375,4.4767e+0,0.0000e+0,7.9702e+11
0.04479,0.34375,4.3712e+0,3.9664e+11,4.4501e+11
0.04688,0.34375,4.2792e+0,4.0980e+10,4.1164e+11
0.04896,0.34375,4.1755e+0,1.8575e+11,3.1029e+11
0.05104,0.34375,4.0775e+0,2.4962e+11,6.2277e+11
0.05312,0.34375,3.9678e+0,6.7895e+10,1.2026e+10
0.05521,0.34375,3.8750e+0,5.1639e+10,2.4522e+11
0.05729,0.34375,3.7804e+0,0.0000e+0,3.7094e+11
0.05937,0.34375,3.6726e+0,0.0000e+0,4.9499e+11
0.06146,0.34375,3.5449e+0,0.0000e+0,3.3093e+11
0.06354,0.34375,3.4083e+0,2.9037e+11,3.0790e+11
0.06563,0.34375,3.2800e+0,3.6195e+11,4.1779e+11
0.06771,0.34375,3.1573e+0,1.2632e+10,4.3068e+11
0.06979,0.34375,3.0205e+0,0.0000e+0,5.1231e+11
0.07187,0.34375,2.8669e+0,0.0000e+0,5.2693e+11
0.07396,0.34375,2.6970e+0,0.0000e+0,2.4259e+11
0.07604,0.34375,2.5268e+0,1.0790e+11,5.5127e+11
0.07813,0.34375,2.3341e+0,1.2799e+11,2.1555e+11
0.08021,0.34375,2.1430e+0,9.2030e+10,3.1291e+11
0.08229,0.34375,1.9409e+0,0.0000e+0,1.3955e+11
0.08438,0.34375,1.7314e+0,0.0000e+0,2.9725e+11
0.08646,0.34375,1.5023e+0,8.7193e+9,6.6282e+10
0.08854,0.34375,1.2714e+0,1.7766e+10,2.0591e+11
0.09062,0.34375,1.0302e+0,0.0000e+0,4.8904e+10
0.09271,0.34375,7.9067e-1,0.0000e+0,0.0000e+0
0.09479,0.34375,5.5735e-1,0.0000e+0,0.0000e+0
0.09688,0.34375,3.3012e-1,0.0000e+0,0.0000e+0
0.09896,0.34375,1.0842e-1,0.0000e+0,0.0000e+0
0.00104,0.34792,5.2020e+0,0.0000e+0,0.0000e+0
0.00313,0.34792,5.2055e+0,0.0000e+0,0.0000e+0
0.00521,0.34792,5.2129e+0,0.0000e+0,0.0000e+0
0.00729,0.34792,5.2255e+0,0.0000e+0,0.0000e+0
0.00937,0.34792,5.2475e+0,0.0000e+0,1.2604e+12
0.01146,0.34792,5.1981e+0,0.0000e+0,5.2352e+11
0.01354,0.34792,5.1400e+0,0.0000e+0,1.0288e+12
0.01563,0.34792,5.0447e+0,0.0000e+0,4.8742e+11
0.01771,0.34792,4.9425e+0,0.0000e+0,0.0000e+0
0.01979,0.34792,4.8620e+0,0.0000e+0,0.0000e+0
0.02187,0.34792,4.7975e+0,0.0000e+0,0.0000e+0
0.02396,0.34792,4.7474e+0,0.0000e+0,1.1381e+11
0.02604,0.34792,4.7032e+0,0.0000e+0,2.8686e+11
0.02813,0.34792,4.6521e+0,0.0000e+0,7.1843e+11
0.03021,0.34792,4.5688e+0,6.0866e+11,6.4073e+11
0.03229,0.34792,4.4975e+0,1.0420e+11,5.8554e+10
0.03438,0.34792,4.4424e+0,1.4697e+11,2.6725e+11
0.03646,0.34792,4.3836e+0,7.1512e+10,1.5910e+11
0.03854,0.34792,4.3216e+0,0.0000e+0,0.0000e+0
0.04063,0.34792,4.2627e+0,0.0000e+0,0.0000e+0
0.04271,0.34792,4.2053e+0,0.0000e+0,5.7492e+11
0.04479,0.34792,4.1102e+0,0.0000e+0,2.0606e+11
0.04688,0.34792,4.0121e+0,2.3508e+11,4.0737e+11
0.04896,0.34792,3.9148e+0,4.5741e+10,9.7115e+10
0.05104,0.34792,3.8295e+0,0.0000e+0,4.9716e+11
0.05312,0.34792,3.7232e+0,1.6003e+11,2.8311e+10
0.05521,0.34792,3.6399e+0,1.4528e+11,5.0657e+11
0.05729,0.34792,3.5459e+0,0.0000e+0,3.7908e+11
0.05937,0.34792,3.4400e+0,0.0000e+0,1.1564e+11
0.06146,0.34792,3.3406e+0,0.0000e+0,3.6090e+11
0.06354,0.34792,3.2325e+0,1.3752e+10,7.9543e+11
0.06563,0.34792,3.0900e+0,2.1158e+9,3.2290e+11
0.06771,0.34792,2.9427e+0,0.0000e+0,1.0963e+11
0.06979,0.34792,2.7985e+0,0.0000e+0,3.1422e+11
0.07187,0.34792,2.6397e+0,1.8169e+9,0.0000e+0
0.07396,0.34792,2.4863e+0,1.3191e+10,2.1899e+10
0.07604,0.34792,2.3384e+0,0.0000e+0,2.5209e+11
0.07813,0.34792,2.1757e+0,2.1678e+10,5.7791e+11
0.08021,0.34792,1.9839e+0,1.5340e+11,2.1971e+11
0.08229,0.34792,1.7951e+0,0.0000e+0,8.8083e+10
0.08438,0.34792,1.6090e+0,0.0000e+0,4.9262e+11
0.08646,0.34792,1.3976e+0,7.5199e+10,3.3551e+11
0.08854,0.34792,1.1775e+0,1.5322e+11,3.1494e+11
0.09062,0.34792,9.5085e-1,0.0000e+0,0.0000e+0
0.09271,0.34792,7.2986e-1,0.0000e+0,0.0000e+0
0.09479,0.34792,5.1463e-1,0.0000e+0,0.0000e+0
0.09688,0.34792,3.0489e-1,0.0000e+0,0.0000e+0
0.09896,0.34792,1.0015e-1,0.0000e+0,0.0000e+0
0.00104,0.35208,4.8512e+0,0.0000e+0,0.0000e+0
0.00313,0.35208,4.8584e+0,0.0000e+0,0.0000e+0
0.00521,0.35208,4.8731e+0,0.0000e+0,0.0000e+0
0.00729,0.35208,4.8954e+0,0.0000e+0,0.0000e+0
0.00937,0.35208,4.9240e+0,0.0000e+0,5.8994e+11
0.01146,0.35208,4.9110e+0,0.0000e+0,1.1482e+12
0.01354,0.35208,4.8210e+0,0.0000e+0,2.0553e+11
0.01563,0.35208,4.7324e+0,0.0000e+0,8.4054e+11
0.01771,0.35208,4.6141e+0,0.0000e+0,0.0000e+0
0.01979,0.35208,4.5248e+0,0.0000e+0,0.0000e+0
0.02187,0.35208,4.4568e+0,0.0000e+0,0.0000e+0
0.02396,0.35208,4.4056e+0,0.0000e+0,1.6786e+11
0.02604,0.35208,4.3559e+0,0.0000e+0,3.5807e+11
0.02813,0.35208,4.2916e+0,0.0000e+0,9.5239e+9
0.03021,0.35208,4.2347e+0,1.8011e+10,2.0164e+10
0.03229,0.35208,4.1899e+0,3.0834e+9,0.0000e+0
0.03438,0.35208,4.1602e+0,0.0000e+0,5.7530e+11
0.03646,0.35208,4.1050e+0,0.0000e+0,2.5902e+11
0.03854,0.35208,4.0449e+0,0.0000e+0,8.9804e+10
0.04063,0.35208,3.9929e+0,0.0000e+0,5.0058e+11
0.04271,0.35208,3.9185e+0,0.0000e+0,5.1446e+11
0.04479,0.35208,3.8148e+0,0.0000e+0,2.4084e+11
0.04688,0.35208,3.7030e+0,1.6198e+11,0.0000e+0
0.04896,0.35208,3.6085e+0,3.1517e+10,0.0000e+0
0.05104,0.35208,3.5248e+0,0.0000e+0,2.3190e+11
0.05312,0.35208,3.4336e+0,0.0000e+0,5.4322e+10
0.05521,0.35208,3.3507e+0,1.4235e+11,4.4158e+11
0.05729,0.35208,3.2550e+0,2.3805e+11,3.6162e+11
0.05937,0.35208,3.1590e+0,0.0000e+0,1.4752e+10
0.06146,0.35208,3.0718e+0,0.0000e+0,3.6903e+11
0.06354,0.35208,2.9662e+0,0.0000e+0,3.9417e+11
0.06563,0.35208,2.8369e+0,0.0000e+0,2.0616e+11
0.06771,0.35208,2.6990e+0,0.0000e+0,1.7656e+11
0.06979,0.35208,2.5548e+0,0.0000e+0,4.5327e+10
0.07187,0.35208,2.4086e+0,1.6943e+11,7.3405e+10
0.07396,0.35208,2.2660e+0,3.4675e+11,7.9749e+10
0.07604,0.35208,2.1468e+0,0.0000e+0,7.3386e+11
0.07813,0.35208,1.9799e+0,0.0000e+0,1.4947e+11
0.08021,0.35208,1.8060e+0,0.0000e+0,1.0088e+11
0.08229,0.35208,1.6298e+0,0.0000e+0,7.8866e+10
0.08438,0.35208,1.4531e+0,1.0703e+11,3.3897e+11
0.08646,0.35208,1.2668e+0,2.1670e+10,1.5281e+11
0.08854,0.35208,1.0789e+0,0.0000e+0,4.2474e+11
0.09062,0.35208,8.6952e-1,0.0000e+0,4.8457e+10
0.09271,0.35208,6.6557e-1,0.0000e+0,0.0000e+0
0.09479,0.35208,4.6867e-1,0.0000e+0,0.0000e+0
0.09688,0.35208,2.7749e-1,0.0000e+0,0.0000e+0
0.09896,0.35208,9.1124e-2,0.0000e+0,0.0000e+0
0.00104,0.35625,4.4427e+0,0.0000e+0,0.0000e+0
0.00313,0.35625,4.4522e+0,0.0000e+0,0.0000e+0
0.00521,0.35625,4.4734e+0,0.0000e+0,0.0000e+0
0.00729,0.35625,4.5108e+0,0.0000e+0,0.0000e+0
0.00937,0.35625,4.5747e+0,0.0000e+0,1.0966e+12
0.01146,0.35625,4.6085e+0,0.0000e+0,3.2601e+12
0.01354,0.35625,4.4871e+0,0.0000e+0,1.5888e+12
0.01563,0.35625,4.3300e+0,0.0000e+0,0.0000e+0
0.01771,0.35625,4.2184e+0,0.0000e+0,0.0000e+0
0.01979,0.35625,4.1353e+0,0.0000e+0,0.0000e+0
0.02187,0.35625,4.0719e+0,0.0000e+0,0.0000e+0
0.02396,0.35625,4.0227e+0,0.0000e+0,1.4591e+11
0.02604,0.35625,3.9730e+0,0.0000e+0,2.1089e+11
0.02813,0.35625,3.9161e+0,0.0000e+0,0.0000e+0
0.03021,0.35625,3.8692e+0,0.0000e+0,0.0000e+0
0.03229,0.35625,3.8335e+0,0.0000e+0,0.0000e+0
0.03438,0.35625,3.8102e+0,0.0000e+0,3.0769e+11
0.03646,0.35625,3.7774e+0,0.0000e+0,5.9723e+11
0.03854,0.35625,3.7198e+0,0.0000e+0,2.5175e+11
0.04063,0.35625,3.6684e+0,0.0000e+0,5.2520e+11
0.04271,0.35625,3.6046e+0,0.0000e+0,9.6167e+11
0.04479,0.35625,3.4965e+0,0.0000e+0,2.4336e+11
0.04688,0.35625,3.3911e+0,0.0000e+0,2.2953e+11
0.04896,0.35625,3.2852e+0,0.0000e+0,0.0000e+0
0.05104,0.35625,3.1919e+0,0.0000e+0,0.0000e+0
0.05312,0.35625,3.1073e+0,0.0000e+0,8.1207e+9
0.05521,0.35625,3.0313e+0,5.9429e+9,3.6142e+11
0.05729,0.35625,2.9397e+0,9.9383e+9,1.4131e+11
0.05937,0.35625,2.8515e+0,0.0000e+0,5.2773e+10
0.06146,0.35625,2.7731e+0,0.0000e+0,3.2485e+11
0.06354,0.35625,2.6866e+0,0.0000e+0,6.3854e+11
0.06563,0.35625,2.5708e+0,0.0000e+0,4.3933e+11
0.06771,0.35625,2.4418e+0,0.0000e+0,7.6172e+10
0.06979,0.35625,2.3223e+0,0.0000e+0,2.8041e+11
0.07187,0.35625,2.1967e+0,4.7659e+10,3.2969e+11
0.07396,0.35625,2.0646e+0,3.2922e+10,2.4045e+11
0.07604,0.35625,1.9316e+0,0.0000e+0,3.0938e+11
0.07813,0.35625,1.7827e+0,0.0000e+0,2.2491e+11
0.08021,0.35625,1.6241e+0,0.0000e+0,1.7119e+11
0.08229,0.35625,1.4594e+0,3.1873e+9,2.6156e+11
0.08438,0.35625,1.2792e+0,3.3317e+11,5.7896e+10
0.08646,0.35625,1.1181e+0,2.2837e+10,1.0450e+11
0.08854,0.35625,9.5157e-1,0.0000e+0,2.4455e+11
0.09062,0.35625,7.7023e-1,0.0000e+0,3.7565e+10
0.09271,0.35625,5.9114e-1,0.0000e+0,0.0000e+0
0.09479,0.35625,4.1690e-1,0.0000e+0,0.0000e+0
0.09688,0.35625,2.4704e-1,0.0000e+0,0.0000e+0
0.09896,0.35625,8.1158e-2,0.0000e+0,0.0000e+0
0.00104,0.36042,3.9574e+0,0.0000e+0,0.0000e+0
0.00313,0.36042,3.9590e+0,0.0000e+0,0.0000e+0
0.00521,0.36042,3.9614e+0,0.0000e+0,0.0000e+0
0.00729,0.36042,3.9627e+0,0.0000e+0,0.0000e+0
0.00937,0.36042,3.9576e+0,0.0000e+0,0.0000e+0
0.01146,0.36042,3.9345e+0,0.0000e+0,0.0000e+0
0.01354,0.36042,3.8828e+0,0.0000e+0,0.0000e+0
0.01563,0.36042,3.8174e+0,0.0000e+0,0.0000e+0
0.01771,0.36042,3.7543e+0,0.0000e+0,0.0000e+0
0.01979,0.36042,3.6984e+0,0.0000e+0,0.0000e+0
0.02187,0.36042,3.6511e+0,0.0000e+0,0.0000e+0
0.02396,0.36042,3.6132e+0,0.0000e+0,2.1766e+11
0.02604,0.36042,3.5701e+0,0.0000e+0,3.1459e+11
0.02813,0.36042,3.5154e+0,0.0000e+0,0.0000e+0
0.03021,0.36042,3.4708e+0,0.0000e+0,0.0000e+0
0.03229,0.36042,3.4350e+0,0.0000e+0,0.0000e+0
0.03438,0.36042,3.4083e+0,0.0000e+0,2.7940e+11
0.03646,0.36042,3.3714e+0,0.0000e+0,5.8789e+11
0.03854,0.36042,3.3026e+0,0.0000e+0,9.2188e+9
0.04063,0.36042,3.2408e+0,0.0000e+0,1.8961e+9
0.04271,0.36042,3.1822e+0,0.0000e+0,2.2568e+11
0.04479,0.36042,3.1109e+0,0.0000e+0,3.0965e+11
0.04688,0.36042,3.0280e+0,0.0000e+0,4.1158e+11
0.04896,0.36042,2.9284e+0,0.0000e+0,0.0000e+0
0.05104,0.36042,2.8390e+0,0.0000e+0,0.0000e+0
0.05312,0.36042,2.7563e+0,0.0000e+0,3.4929e+10
0.05521,0.36042,2.6758e+0,2.3079e+11,4.2231e+11
0.05729,0.36042,2.5834e+0,1.5204e+11,2.3506e+9
0.05937,0.36042,2.5004e+0,7.3314e+9,0.0000e+0
0.06146,0.36042,2.4156e+0,2.9332e+11,1.5512e+11
0.06354,0.36042,2.3365e+0,6.0053e+10,3.1996e+11
0.06563,0.36042,2.2357e+0,2.3762e+11,1.6237e+11
0.06771,0.36042,2.1372e+0,0.0000e+0,0.0000e+0
0.06979,0.36042,2.0413e+0,0.0000e+0,2.1084e+11
0.07187,0.36042,1.9361e+0,0.0000e+0,2.8391e+11
0.07396,0.36042,1.8191e+0,0.0000e+0,1.8392e+11
0.07604,0.36042,1.6984e+0,0.0000e+0,2.3741e+11
0.07813,0.36042,1.5695e+0,0.0000e+0,2.8659e+11
0.08021,0.36042,1.4300e+0,0.0000e+0,1.9342e+11
0.08229,0.36042,1.2865e+0,5.9808e+8,2.1861e+11
0.08438,0.36042,1.1374e+0,4.1353e+10,3.0406e+11
0.08646,0.36042,9.8077e-1,0.0000e+0,1.1370e+11
0.08854,0.36042,8.2310e-1,0.0000e+0,2.4036e+10
0.09062,0.36042,6.6674e-1,0.0000e+0,0.0000e+0
0.09271,0.36042,5.1320e-1,0.0000e+0,0.0000e+0
0.09479,0.36042,3.6266e-1,0.0000e+0,0.0000e+0
0.09688,0.36042,2.1518e-1,0.0000e+0,0.0000e+0
0.09896,0.36042,7.0735e-2,0.0000e+0,0.0000e+0
0.00104,0.36458,3.4592e+0,0.0000e+0,0.0000e+0
0.00313,0.36458,3.4568e+0,0.0000e+0,0.0000e+0
0.00521,0.36458,3.4513e+0,0.0000e+0,0.0000e+0
0.00729,0.36458,3.4416e+0,0.0000e+0,0.0000e+0
0.00937,0.36458,3.4258e+0,0.0000e+0,0.0000e+0
0.01146,0.36458,3.4018e+0,0.0000e+0,0.0000e+0
0.01354,0.36458,3.3690e+0,0.0000e+0,0.0000e+0
0.01563,0.36458,3.3303e+0,0.0000e+0,0.0000e+0
0.01771,0.36458,3.2894e+0,0.0000e+0,0.0000e+0
0.01979,0.36458,3.2486e+0,0.0000e+0,0.0000e+0
0.02187,0.36458,3.2090e+0,0.0000e+0,0.0000e+0
0.02396,0.36458,3.1701e+0,0.0000e+0,0.0000e+0
0.02604,0.36458,3.1303e+0,0.0000e+0,0.0000e+0
0.02813,0.36458,3.0891e+0,0.0000e+0,0.0000e+0
0.03021,0.36458,3.0483e+0,0.0000e+0,0.0000e+0
0.03229,0.36458,3.0080e+0,0.0000e+0,0.0000e+0
0.03438,0.36458,2.9668e+0,0.0000e+0,0.0000e+0
0.03646,0.36458,2.9210e+0,0.0000e+0,0.0000e+0
0.03854,0.36458,2.8684e+0,0.0000e+0,0.0000e+0
0.04063,0.36458,2.8122e+0,0.0000e+0,0.0000e+0
0.04271,0.36458,2.7526e+0,0.0000e+0,0.0000e+0
0.04479,0.36458,2.6882e+0,0.0000e+0,0.0000e+0
0.04688,0.36458,2.6193e+0,0.0000e+0,0.0000e+0
0.04896,0.36458,2.5465e+0,0.0000e+0,0.0000e+0
0.05104,0.36458,2.4730e+0,0.0000e+0,0.0000e+0
0.05312,0.36458,2.3990e+0,0.0000e+0,0.0000e+0
0.05521,0.36458,2.3238e+0,1.0142e+10,0.0000e+0
0.05729,0.36458,2.2466e+0,6.6812e+9,0.0000e+0
0.05937,0.36458,2.1682e+0,1.5617e+9,0.0000e+0
0.06146,0.36458,2.0870e+0,6.2481e+10,0.0000e+0
0.06354,0.36458,2.0069e+0,9.2357e+9,0.0000e+0
0.06563,0.36458,1.9214e+0,3.6544e+10,0.0000e+0
0.06771,0.36458,1.8344e+0,0.0000e+0,0.0000e+0
0.06979,0.36458,1.7432e+0,0.0000e+0,0.0000e+0
0.07187,0.36458,1.6466e+0,0.0000e+0,0.0000e+0
0.07396,0.36458,1.5442e+0,0.0000e+0,0.0000e+0
0.07604,0.36458,1.4366e+0,0.0000e+0,0.0000e+0
0.07813,0.36458,1.3236e+0,0.0000e+0,0.0000e+0
0.08021,0.36458,1.2053e+0,0.0000e+0,0.0000e+0
0.08229,0.36458,1.0827e+0,0.0000e+0,0.0000e+0
0.08438,0.36458,9.5641e-1,0.0000e+0,0.0000e+0
0.08646,0.36458,8.2720e-1,0.0000e+0,0.0000e+0
0.08854,0.36458,6.9666e-1,0.0000e+0,0.0000e+0
0.09062,0.36458,5.6620e-1,0.0000e+0,0.0000e+0
0.09271,0.36458,4.3690e-1,0.0000e+0,0.0000e+0
0.09479,0.36458,3.0932e-1,0.0000e+0,0.0000e+0
0.09688,0.36458,1.8375e-1,0.0000e+0,0.0000e+0
0.09896,0.36458,6.0439e-2,0.0000e+0,0.0000e+0
0.00104,0.36875,2.9805e+0,0.0000e+0,0.0000e+0
0.00313,0.36875,2.9772e+0,0.0000e+0,0.0000e+0
0.00521,0.36875,2.9704e+0,0.0000e+0,0.0000e+0
0.00729,0.36875,2.9596e+0,0.0000e+0,0.0000e+0
0.00937,0.36875,2.9446e+0,0.0000e+0,0.0000e+0
0.01146,0.36875,2.9249e+0,0.0000e+0,0.0000e+0
0.01354,0.36875,2.9009e+0,0.0000e+0,0.0000e+0
0.01563,0.36875,2.8732e+0,0.0000e+0,0.0000e+0
0.01771,0.36875,2.8431e+0,0.0000e+0,0.0000e+0
0.01979,0.36875,2.8114e+0,0.0000e+0,0.0000e+0
0.02187,0.36875,2.7785e+0,0.0000e+0,0.0000e+0
0.02396,0.36875,2.7446e+0,0.0000e+0,0.0000e+0
0.02604,0.36875,2.7094e+0,0.0000e+0,0.0000e+0
0.02813,0.36875,2.6729e+0,0.0000e+0,0.0000e+0
0.03021,0.36875,2.6350e+0,0.0000e+0,0.0000e+0
0.03229,0.36875,2.5956e+0,0.0000e+0,0.0000e+0
0.03438,0.36875,2.5539e+0,0.0000e+0,0.0000e+0
0.03646,0.36875,2.5091e+0,0.0000e+0,0.0000e+0
0.03854,0.36875,2.4607e+0,0.0000e+0,0.0000e+0
0.04063,0.36875,2.4089e+0,0.0000e+0,0.0000e+0
0.04271,0.36875,2.3540e+0,0.0000e+0,0.0000e+0
0.04479,0.36875,2.2964e+0,1.4216e+10,0.0000e+0
0.04688,0.36875,2.2383e+0,2.4030e+10,0.0000e+0
0.04896,0.36875,2.1804e+0,0.0000e+0,0.0000e+0
0.05104,0.36875,2.1205e+0,0.0000e+0,0.0000e+0
0.05312,0.36875,2.0584e+0,0.0000e+0,0.0000e+0
0.05521,0.36875,1.9941e+0,0.0000e+0,0.0000e+0
0.05729,0.36875,1.9275e+0,0.0000e+0,0.0000e+0
0.05937,0.36875,1.8587e+0,0.0000e+0,0.0000e+0
0.06146,0.36875,1.7877e+0,0.0000e+0,0.0000e+0
0.06354,0.36875,1.7145e+0,0.0000e+0,0.0000e+0
0.06563,0.36875,1.6386e+0,0.0000e+0,0.0000e+0
0.06771,0.36875,1.5598e+0,0.0000e+0,0.0000e+0
0.06979,0.36875,1.4776e+0,0.0000e+0,0.0000e+0
0.07187,0.36875,1.3918e+0,0.0000e+0,0.0000e+0
0.07396,0.36875,1.3020e+0,0.0000e+0,0.0000e+0
0.07604,0.36875,1.2084e+0,0.0000e+0,0.0000e+0
0.07813,0.36875,1.1111e+0,0.0000e+0,0.0000e+0
0.08021,0.36875,1.0102e+0,0.0000e+0,0.0000e+0
0.08229,0.36875,9.0629e-1,0.0000e+0,0.0000e+0
0.08438,0.36875,7.9982e-1,0.0000e+0,0.0000e+0
0.08646,0.36875,6.9147e-1,0.0000e+0,0.0000e+0
0.08854,0.36875,5.8214e-1,0.0000e+0,0.0000e+0
0.09062,0.36875,4.7295e-1,0.0000e+0,0.0000e+0
0.09271,0.36875,3.6534e-1,0.0000e+0,0.0000e+0
0.09479,0.36875,2.5899e-1,0.0000e+0,0.0000e+0
0.09688,0.36875,1.5401e-1,0.0000e+0,0.0000e+0
0.09896,0.36875,5.0685e-2,0.0000e+0,0.0000e+0
0.00104,0.37292,2.5282e+0,0.0000e+0,0.0000e+0
0.00313,0.37292,2.5251e+0,0.0000e+0,0.0000e+0
0.00521,0.37292,2.5190e+0,0.0000e+0,0.0000e+0
0.00729,0.37292,2.5097e+0,0.0000e+0,0.0000e+0
0.00937,0.37292,2.4972e+0,0.0000e+0,0.0000e+0
0.01146,0.37292,2.4815e+0,0.0000e+0,0.0000e+0
0.01354,0.37292,2.4629e+0,0.0000e+0,0.0000e+0
0.01563,0.37292,2.4415e+0,0.0000e+0,0.0000e+0
0.01771,0.37292,2.4179e+0,0.0000e+0,0.0000e+0
0.01979,0.37292,2.3923e+0,0.0000e+0,0.0000e+0
0.02187,0.37292,2.3649e+0,0.0000e+0,0.0000e+0
0.02396,0.37292,2.3360e+0,0.0000e+0,0.0000e+0
0.02604,0.37292,2.3054e+0,0.0000e+0,0.0000e+0
0.02813,0.37292,2.2730e+0,0.0000e+0,0.0000e+0
0.03021,0.37292,2.2388e+0,0.0000e+0,0.0000e+0
0.03229,0.37292,2.2025e+0,0.0000e+0,0.0000e+0
0.03438,0.37292,2.1638e+0,0.0000e+0,0.0000e+0
0.03646,0.37292,2.1222e+0,0.0000e+0,0.0000e+0
0.03854,0.37292,2.0775e+0,0.0000e+0,0.0000e+0
0.04063,0.37292,2.0292e+0,0.0000e+0,0.0000e+0
0.04271,0.37292,1.9771e+0,0.0000e+0,0.0000e+0
0.04479,0.37292,1.9208e+0,1.6635e+11,0.0000e+0
0.04688,0.37292,1.8715e+0,2.8118e+11,0.0000e+0
0.04896,0.37292,1.8325e+0,0.0000e+0,0.0000e+0
0.05104,0.37292,1.7868e+0,0.0000e+0,0.0000e+0
0.05312,0.37292,1.7368e+0,0.0000e+0,0.0000e+0
0.05521,0.37292,1.6833e+0,0.0000e+0,0.0000e+0
0.05729,0.37292,1.6270e+0,0.0000e+0,0.0000e+0
0.05937,0.37292,1.5681e+0,0.0000e+0,0.0000e+0
0.06146,0.37292,1.5068e+0,0.0000e+0,0.0000e+0
0.06354,0.37292,1.4431e+0,0.0000e+0,0.0000e+0
0.06563,0.37292,1.3770e+0,0.0000e+0,0.0000e+0
0.06771,0.37292,1.3083e+0,0.0000e+0,0.0000e+0
0.06979,0.37292,1.2369e+0,0.0000e+0,0.0000e+0
0.07187,0.37292,1.1627e+0,0.0000e+0,0.0000e+0
0.07396,0.37292,1.0856e+0,0.0000e+0,0.0000e+0
0.07604,0.37292,1.0057e+0,0.0000e+0,0.0000e+0
0.07813,0.37292,9.2316e-1,0.0000e+0,0.0000e+0
0.08021,0.37292,8.3807e-1,0.0000e+0,0.0000e+0
0.08229,0.37292,7.5071e-1,0.0000e+0,0.0000e+0
0.08438,0.37292,6.6133e-1,0.0000e+0,0.0000e+0
0.08646,0.37292,5.7017e-1,0.0000e+0,0.0000e+0
0.08854,0.37292,4.7735e-1,6.5457e+9,0.0000e+0
0.09062,0.37292,3.8332e-1,1.5288e+11,0.0000e+0
0.09271,0.37292,2.9839e-1,0.0000e+0,0.0000e+0
0.09479,0.37292,2.1245e-1,0.0000e+0,0.0000e+0
0.09688,0.37292,1.2664e-1,0.0000e+0,0.0000e+0
0.09896,0.37292,4.1721e-2,0.0000e+0,0.0000e+0
0.00104,0.37708,2.1002e+0,0.0000e+0,0.0000e+0
0.00313,0.37708,2.0977e+0,0.0000e+0,0.0000e+0
0.00521,0.37708,2.0927e+0,0.0000e+0,0.0000e+0
0.00729,0.37708,2.0851e+0,0.0000e+0,0.0000e+0
0.00937,0.37708,2.0751e+0,0.0000e+0,0.0000e+0
0.01146,0.37708,2.0626e+0,0.0000e+0,0.0000e+0
0.01354,0.37708,2.0479e+0,0.0000e+0,0.0000e+0
0.01563,0.37708,2.0309e+0,0.0000e+0,0.0000e+0
0.01771,0.37708,2.0120e+0,0.0000e+0,0.0000e+0
0.01979,0.37708,1.9912e+0,0.0000e+0,0.0000e+0
0.02187,0.37708,1.9686e+0,0.0000e+0,0.0000e+0
0.02396,0.37708,1.9443e+0,0.0000e+0,0.0000e+0
0.02604,0.37708,1.9183e+0,0.0000e+0,0.0000e+0
0.02813,0.37708,1.8905e+0,0.0000e+0,0.0000e+0
0.03021,0.37708,1.8608e+0,0.0000e+0,0.0000e+0
0.03229,0.37708,1.8290e+0,0.0000e+0,0.0000e+0
0.03438,0.37708,1.7948e+0,0.0000e+0,0.0000e+0
0.03646,0.37708,1.7580e+0,0.0000e+0,0.0000e+0
0.03854,0.37708,1.7182e+0,0.0000e+0,0.0000e+0
0.04063,0.37708,1.6749e+0,0.0000e+0,0.0000e+0
0.04271,0.37708,1.6274e+0,1.5351e+11,0.0000e+0
0.04479,0.37708,1.5891e+0,1.1522e+11,0.0000e+0
0.04688,0.37708,1.5545e+0,0.0000e+0,0.0000e+0
0.04896,0.37708,1.5180e+0,0.0000e+0,0.0000e+0
0.05104,0.37708,1.4788e+0,0.0000e+0,0.0000e+0
0.05312,0.37708,1.4368e+0,0.0000e+0,0.0000e+0
0.05521,0.37708,1.3921e+0,0.0000e+0,0.0000e+0
0.05729,0.37708,1.3450e+0,0.0000e+0,0.0000e+0
0.05937,0.37708,1.2955e+0,0.0000e+0,0.0000e+0
0.06146,0.37708,1.2439e+0,0.0000e+0,0.0000e+0
0.06354,0.37708,1.1902e+0,0.0000e+0,0.0000e+0
0.06563,0.37708,1.1343e+0,0.0000e+0,0.0000e+0
0.06771,0.37708,1.0762e+0,0.0000e+0,0.0000e+0
0.06979,0.37708,1.0160e+0,0.0000e+0,0.0000e+0
0.07187,0.37708,9.5371e-1,0.0000e+0,0.0000e+0
0.07396,0.37708,8.8924e-1,0.0000e+0,0.0000e+0
0.07604,0.37708,8.2272e-1,0.0000e+0,0.0000e+0
0.07813,0.37708,7.5426e-1,0.0000e+0,0.0000e+0
0.08021,0.37708,6.8400e-1,0.0000e+0,0.0000e+0
0.08229,0.37708,6.1213e-1,0.0000e+0,0.0000e+0
0.08438,0.37708,5.3887e-1,0.0000e+0,0.0000e+0
0.08646,0.37708,4.6443e-1,0.0000e+0,0.0000e+0
0.08854,0.37708,3.8902e-1,3.6098e+9,0.0000e+0
0.09062,0.37708,3.1322e-1,8.4311e+10,0.0000e+0
0.09271,0.37708,2.4317e-1,0.0000e+0,0.0000e+0
0.09479,0.37708,1.7293e-1,0.0000e+0,0.0000e+0
0.09688,0.37708,1.0304e-1,0.0000e+0,0.0000e+0
0.09896,0.37708,3.3940e-2,0.0000e+0,0.0000e+0
0.00104,0.38125,1.6924e+0,0.0000e+0,0.0000e+0
0.00313,0.38125,1.6904e+0,0.0000e+0,0.0000e+0
0.00521,0.38125,1.6864e+0,0.0000e+0,0.0000e+0
0.00729,0.38125,1.6805e+0,0.0000e+0,0.0000e+0
0.00937,0.38125,1.6726e+0,0.0000e+0,0.0000e+0
0.01146,0.38125,1.6629e+0,0.0000e+0,0.0000e+0
0.01354,0.38125,1.6513e+0,0.0000e+0,0.0000e+0
0.01563,0.38125,1.6380e+0,0.0000e+0,0.0000e+0
0.01771,0.38125,1.6230e+0,0.0000e+0,0.0000e+0
0.01979,0.38125,1.6063e+0,0.0000e+0,0.0000e+0
0.02187,0.38125,1.5881e+0,0.0000e+0,0.0000e+0
0.02396,0.38125,1.5684e+0,0.0000e+0,0.0000e+0
0.02604,0.38125,1.5471e+0,0.0000e+0,0.0000e+0
0.02813,0.38125,1.5241e+0,0.0000e+0,0.0000e+0
0.03021,0.38125,1.4996e+0,0.0000e+0,0.0000e+0
0.03229,0.38125,1.4732e+0,0.0000e+0,0.0000e+0
0.03438,0.38125,1.4450e+0,0.0000e+0,0.0000e+0
0.03646,0.38125,1.4146e+0,0.0000e+0,0.0000e+0
0.03854,0.38125,1.3821e+0,0.0000e+0,0.0000e+0
0.04063,0.38125,1.3469e+0,0.0000e+0,0.0000e+0
0.04271,0.38125,1.3088e+0,1.3989e+11,0.0000e+0
0.04479,0.38125,1.2788e+0,1.0500e+11,0.0000e+0
0.04688,0.38125,1.2513e+0,0.0000e+0,0.0000e+0
0.04896,0.38125,1.2211e+0,0.0000e+0,0.0000e+0
0.05104,0.38125,1.1887e+0,0.0000e+0,0.0000e+0
0.05312,0.38125,1.1542e+0,0.0000e+0,0.0000e+0
0.05521,0.38125,1.1176e+0,0.0000e+0,0.0000e+0
0.05729,0.38125,1.0791e+0,0.0000e+0,0.0000e+0
0.05937,0.38125,1.0388e+0,0.0000e+0,0.0000e+0
0.06146,0.38125,9.9674e-1,0.0000e+0,0.0000e+0
0.06354,0.38125,9.5289e-1,0.0000e+0,0.0000e+0
0.06563,0.38125,9.0733e-1,0.0000e+0,0.0000e+0
0.06771,0.38125,8.6008e-1,0.0000e+0,0.0000e+0
0.06979,0.38125,8.1115e-1,0.0000e+0,0.0000e+0
0.07187,0.38125,7.6061e-1,0.0000e+0,0.0000e+0
0.07396,0.38125,7.0850e-1,0.0000e+0,0.0000e+0
0.07604,0.38125,6.5491e-1,0.0000e+0,0.0000e+0
0.07813,0.38125,5.9994e-1,0.0000e+0,0.0000e+0
0.08021,0.38125,5.4374e-1,0.0000e+0,0.0000e+0
0.08229,0.38125,4.8649e-1,0.0000e+0,0.0000e+0
0.08438,0.38125,4.2841e-1,0.0000e+0,0.0000e+0
0.08646,0.38125,3.6978e-1,0.0000e+0,0.0000e+0
0.08854,0.38125,3.1095e-1,0.0000e+0,0.0000e+0
0.09062,0.38125,2.5244e-1,0.0000e+0,0.0000e+0
0.09271,0.38125,1.9497e-1,0.0000e+0,0.0000e+0
0.09479,0.38125,1.3823e-1,0.0000e+0,0.0000e+0
0.09688,0.38125,8.2218e-2,0.0000e+0,0.0000e+0
0.09896,0.38125,2.7062e-2,0.0000e+0,0.0000e+0
0.00104,0.38542,1.3004e+0,0.0000e+0,0.0000e+0
0.00313,0.38542,1.2989e+0,0.0000e+0,0.0000e+0
0.00521,0.38542,1.2960e+0,0.0000e+0,0.0000e+0
0.00729,0.38542,1.2915e+0,0.0000e+0,0.0000e+0
0.00937,0.38542,1.2855e+0,0.0000e+0,0.0000e+0
0.01146,0.38542,1.2782e+0,0.0000e+0,0.0000e+0
0.01354,0.38542,1.2694e+0,0.0000e+0,0.0000e+0
0.01563,0.38542,1.2593e+0,0.0000e+0,0.0000e+0
0.01771,0.38542,1.2478e+0,0.0000e+0,0.0000e+0
0.01979,0.38542,1.2351e+0,0.0000e+0,0.0000e+0
0.02187,0.38542,1.2211e+0,0.0000e+0,0.0000e+0
0.02396,0.38542,1.2058e+0,0.0000e+0,0.0000e+0
0.02604,0.38542,1.1893e+0,0.0000e+0,0.0000e+0
0.02813,0.38542,1.1715e+0,0.0000e+0,0.0000e+0
0.03021,0.38542,1.1524e+0,0.0000e+0,0.0000e+0
0.03229,0.38542,1.1321e+0,0.0000e+0,0.0000e+0
0.03438,0.38542,1.1104e+0,0.0000e+0,0.0000e+0
0.03646,0.38542,1.0875e+0,0.0000e+0,0.0000e+0
0.03854,0.38542,1.0634e+0,0.0000e+0,0.0000e+0
0.04063,0.38542,1.0384e+0,0.0000e+0,0.0000e+0
0.04271,0.38542,1.0129e+0,0.0000e+0,0.0000e+0
0.04479,0.38542,9.8825e-1,0.0000e+0,0.0000e+0
0.04688,0.38542,9.6379e-1,0.0000e+0,0.0000e+0
0.04896,0.38542,9.3869e-1,0.0000e+0,0.0000e+0
0.05104,0.38542,9.1255e-1,0.0000e+0,0.0000e+0
0.05312,0.38542,8.8517e-1,0.0000e+0,0.0000e+0
0.05521,0.38542,8.5648e-1,0.0000e+0,0.0000e+0
0.05729,0.38542,8.2645e-1,0.0000e+0,0.0000e+0
0.05937,0.38542,7.9507e-1,0.0000e+0,0.0000e+0
0.06146,0.38542,7.6237e-1,0.0000e+0,0.0000e+0
0.06354,0.38542,7.2835e-1,0.0000e+0,0.0000e+0
0.06563,0.38542,6.9305e-1,0.0000e+0,0.0000e+0
0.06771,0.38542,6.5649e-1,0.0000e+0,0.0000e+0
0.06979,0.38542,6.1870e-1,0.0000e+0,0.0000e+0
0.07187,0.38542,5.7973e-1,0.0000e+0,0.0000e+0
0.07396,0.38542,5.3965e-1,0.0000e+0,0.0000e+0
0.07604,0.38542,4.9853e-1,0.0000e+0,0.0000e+0
0.07813,0.38542,4.5646e-1,0.0000e+0,0.0000e+0
0.08021,0.38542,4.1358e-1,0.0000e+0,0.0000e+0
0.08229,0.38542,3.7001e-1,0.0000e+0,0.0000e+0
0.08438,0.38542,3.2594e-1,0.0000e+0,0.0000e+0
0.08646,0.38542,2.8157e-1,0.0000e+0,0.0000e+0
0.08854,0.38542,2.3712e-1,0.0000e+0,0.0000e+0
0.09062,0.38542,1.9284e-1,0.0000e+0,0.0000e+0
0.09271,0.38542,1.4896e-1,0.0000e+0,0.0000e+0
0.09479,0.38542,1.0556e-1,0.0000e+0,0.0000e+0
0.09688,0.38542,6.2763e-2,0.0000e+0,0.0000e+0
0.09896,0.38542,2.0654e-2,0.0000e+0,0.0000e+0
0.00104,0.38958,9.2053e-1,0.0000e+0,0.0000e+0
0.00313,0.38958,9.1949e-1,0.0000e+0,0.0000e+0
0.00521,0.38958,9.1739e-1,0.0000e+0,0.0000e+0
0.00729,0.38958,9.1424e-1,0.0000e+0,0.0000e+0
0.00937,0.38958,9.1008e-1,0.0000e+0,0.0000e+0
0.01146,0.38958,9.0493e-1,0.0000e+0,0.0000e+0
0.01354,0.38958,8.9877e-1,0.0000e+0,0.0000e+0
0.01563,0.38958,8.9164e-1,0.0000e+0,0.0000e+0
0.01771,0.38958,8.8356e-1,0.0000e+0,0.0000e+0
0.01979,0.38958,8.7455e-1,0.0000e+0,0.0000e+0
0.02187,0.38958,8.6462e-1,0.0000e+0,0.0000e+0
0.02396,0.38958,8.5379e-1,0.0000e+0,0.0000e+0
0.02604,0.38958,8.4205e-1,0.0000e+0,0.0000e+0
0.02813,0.38958,8.2943e-1,0.0000e+0,0.0000e+0
0.03021,0.38958,8.1593e-1,0.0000e+0,0.0000e+0
0.03229,0.38958,8.0157e-1,0.0000e+0,0.0000e+0
0.03438,0.38958,7.8638e-1,0.0000e+0,0.0000e+0
0.03646,0.38958,7.7041e-1,0.0000e+0,0.0000e+0
0.03854,0.38958,7.5377e-1,0.0000e+0,0.0000e+0
0.04063,0.38958,7.3658e-1,0.0000e+0,0.0000e+0
0.04271,0.38958,7.1904e-1,0.0000e+0,0.0000e+0
0.04479,0.38958,7.0129e-1,0.0000e+0,0.0000e+0
0.04688,0.38958,6.8326e-1,0.0000e+0,0.0000e+0
0.04896,0.38958,6.6479e-1,0.0000e+0,0.0000e+0
0.05104,0.38958,6.4568e-1,0.0000e+0,0.0000e+0
0.05312,0.38958,6.2582e-1,0.0000e+0,0.0000e+0
0.05521,0.38958,6.0514e-1,0.0000e+0,0.0000e+0
0.05729,0.38958,5.8358e-1,0.0000e+0,0.0000e+0
0.05937,0.38958,5.6113e-1,0.0000e+0,0.0000e+0
0.06146,0.38958,5.3777e-1,0.0000e+0,0.0000e+0
0.06354,0.38958,5.1351e-1,0.0000e+0,0.0000e+0
0.06563,0.38958,4.8838e-1,0.0000e+0,0.0000e+0
0.06771,0.38958,4.6237e-1,0.0000e+0,0.0000e+0
0.06979,0.38958,4.3554e-1,0.0000e+0,0.0000e+0
0.07187,0.38958,4.0791e-1,0.0000e+0,0.0000e+0
0.07396,0.38958,3.7954e-1,0.0000e+0,0.0000e+0
0.07604,0.38958,3.5048e-1,0.0000e+0,0.0000e+0
0.07813,0.38958,3.2081e-1,0.0000e+0,0.0000e+0
0.08021,0.38958,2.9061e-1,0.0000e+0,0.0000e+0
0.08229,0.38958,2.5999e-1,0.0000e+0,0.0000e+0
0.08438,0.38958,2.2906e-1,0.0000e+0,0.0000e+0
0.08646,0.38958,1.9795e-1,0.0000e+0,0.0000e+0
0.08854,0.38958,1.6680e-1,0.0000e+0,0.0000e+0
0.09062,0.38958,1.3573e-1,0.0000e+0,0.0000e+0
0.09271,0.38958,1.0488e-1,0.0000e+0,0.0000e+0
0.09479,0.38958,7.4336e-2,0.0000e+0,0.0000e+0
0.09688,0.38958,4.4197e-2,0.0000e+0,0.0000e+0
0.09896,0.38958,1.4543e-2,0.0000e+0,0.0000e+0
0.00104,0.39375,5.4897e-1,0.0000e+0,0.0000e+0
0.00313,0.39375,5.4836e-1,0.0000e+0,0.0000e+0
0.00521,0.39375,5.4713e-1,0.0000e+0,0.0000e+0
0.00729,0.39375,5.4527e-1,0.0000e+0,0.0000e+0
0.00937,0.39375,5.4281e-1,0.0000e+0,0.0000e+0
0.01146,0.39375,5.3975e-1,0.0000e+0,0.0000e+0
0.01354,0.39375,5.3609e-1,0.0000e+0,0.0000e+0
0.01563,0.39375,5.3185e-1,0.0000e+0,0.0000e+0
0.01771,0.39375,5.2705e-1,0.0000e+0,0.0000e+0
0.01979,0.39375,5.2168e-1,0.0000e+0,0.0000e+0
0.02187,0.39375,5.1576e-1,0.0000e+0,0.0000e+0
0.02396,0.39375,5.0929e-1,0.0000e+0,0.0000e+0
0.02604,0.39375,5.0229e-1,0.0000e+0,0.0000e+0
0.02813,0.39375,4.9476e-1,0.0000e+0,0.0000e+0
0.03021,0.39375,4.8672e-1,0.0000e+0,0.0000e+0
0.03229,0.39375,4.7819e-1,0.0000e+0,0.0000e+0
0.03438,0.39375,4.6919e-1,0.0000e+0,0.0000e+0
0.03646,0.39375,4.5976e-1,0.0000e+0,0.0000e+0
0.03854,0.39375,4.4994e-1,0.0000e+0,0.0000e+0
0.04063,0.39375,4.3981e-1,0.0000e+0,0.0000e+0
0.04271,0.39375,4.2939e-1,0.0000e+0,0.0000e+0
0.04479,0.39375,4.1874e-1,0.0000e+0,0.0000e+0
0.04688,0.39375,4.0782e-1,0.0000e+0,0.0000e+0
0.04896,0.39375,3.9659e-1,0.0000e+0,0.0000e+0
0.05104,0.39375,3.8499e-1,0.0000e+0,0.0000e+0
0.05312,0.39375,3.7297e-1,0.0000e+0,0.0000e+0
0.05521,0.39375,3.6048e-1,0.0000e+0,0.0000e+0
0.05729,0.39375,3.4750e-1,0.0000e+0,0.0000e+0
0.05937,0.39375,3.3400e-1,0.0000e+0,0.0000e+0
0.06146,0.39375,3.1999e-1,0.0000e+0,0.0000e+0
0.06354,0.39375,3.0545e-1,0.0000e+0,0.0000e+0
0.06563,0.39375,2.9040e-1,0.0000e+0,0.0000e+0
0.06771,0.39375,2.7484e-1,0.0000e+0,0.0000e+0
0.06979,0.39375,2.5881e-1,0.0000e+0,0.0000e+0
0.07187,0.39375,2.4232e-1,0.0000e+0,0.0000e+0
0.07396,0.39375,2.2540e-1,0.0000e+0,0.0000e+0
0.07604,0.39375,2.0809e-1,0.0000e+0,0.0000e+0
0.07813,0.39375,1.9044e-1,0.0000e+0,0.0000e+0
0.08021,0.39375,1.7249e-1,0.0000e+0,0.0000e+0
0.08229,0.39375,1.5431e-1,0.0000e+0,0.0000e+0
0.08438,0.39375,1.3596e-1,0.0000e+0,0.0000e+0
0.08646,0.39375,1.1752e-1,0.0000e+0,0.0000e+0
0.08854,0.39375,9.9044e-2,0.0000e+0,0.0000e+0
0.09062,0.39375,8.0616e-2,0.0000e+0,0.0000e+0
0.09271,0.39375,6.2302e-2,0.0000e+0,0.0000e+0
0.09479,0.39375,4.4165e-2,0.0000e+0,0.0000e+0
0.09688,0.39375,2.6260e-2,0.0000e+0,0.0000e+0
0.09896,0.39375,8.6415e-3,0.0000e+0,0.0000e+0
0.00104,0.39792,1.8244e-1,0.0000e+0,0.0000e+0
0.00313,0.39792,1.8225e-1,0.0000e+0,0.0000e+0
0.00521,0.39792,1.8184e-1,0.0000e+0,0.0000e+0
0.00729,0.39792,1.8123e-1,0.0000e+0,0.0000e+0
0.00937,0.39792,1.8040e-1,0.0000e+0,0.0000e+0
0.01146,0.39792,1.7939e-1,0.0000e+0,0.0000e+0
0.01354,0.39792,1.7818e-1,0.0000e+0,0.0000e+0
0.01563,0.39792,1.7676e-1,0.0000e+0,0.0000e+0
0.01771,0.39792,1.7516e-1,0.0000e+0,0.0000e+0
0.01979,0.39792,1.7338e-1,0.0000e+0,0.0000e+0
0.02187,0.39792,1.7142e-1,0.0000e+0,0.0000e+0
0.02396,0.39792,1.6927e-1,0.0000e+0,0.0000e+0
0.02604,0.39792,1.6694e-1,0.0000e+0,0.0000e+0
0.02813,0.39792,1.6444e-1,0.0000e+0,0.0000e+0
0.03021,0.39792,1.6177e-1,0.0000e+0,0.0000e+0
0.03229,0.39792,1.5894e-1,0.0000e+0,0.0000e+0
0.03438,0.39792,1.5596e-1,0.0000e+0,0.0000e+0
0.03646,0.39792,1.5284e-1,0.0000e+0,0.0000e+0
0.03854,0.39792,1.4959e-1,0.0000e+0,0.0000e+0
0.04063,0.39792,1.4623e-1,0.0000e+0,0.0000e+0
0.04271,0.39792,1.4278e-1,0.0000e+0,0.0000e+0
0.04479,0.39792,1.3922e-1,0.0000e+0,0.0000e+0
0.04688,0.39792,1.3557e-1,0.0000e+0,0.0000e+0
0.04896,0.39792,1.3181e-1,0.0000e+0,0.0000e+0
0.05104,0.39792,1.2793e-1,0.0000e+0,0.0000e+0
0.05312,0.39792,1.2391e-1,0.0000e+0,0.0000e+0
0.05521,0.39792,1.1973e-1,0.0000e+0,0.0000e+0
0.05729,0.39792,1.1540e-1,0.0000e+0,0.0000e+0
0.05937,0.39792,1.1089e-1,0.0000e+0,0.0000e+0
0.06146,0.39792,1.0622e-1,0.0000e+0,0.0000e+0
0.06354,0.39792,1.0138e-1,0.0000e+0,0.0000e+0
0.06563,0.39792,9.6366e-2,0.0000e+0,0.0000e+0
0.06771,0.39792,9.1190e-2,0.0000e+0,0.0000e+0
0.06979,0.39792,8.5856e-2,0.0000e+0,0.0000e+0
0.07187,0.39792,8.0373e-2,0.0000e+0,0.0000e+0
0.07396,0.39792,7.4751e-2,0.0000e+0,0.0000e+0
0.07604,0.39792,6.9003e-2,0.0000e+0,0.0000e+0
0.07813,0.39792,6.3145e-2,0.0000e+0,0.0000e+0
0.08021,0.39792,5.7190e-2,0.0000e+0,0.0000e+0
0.08229,0.39792,5.1161e-2,0.0000e+0,0.0000e+0
0.08438,0.39792,4.5079e-2,0.0000e+0,0.0000e+0
0.08646,0.39792,3.8964e-2,0.0000e+0,0.0000e+0
0.08854,0.39792,3.2842e-2,0.0000e+0,0.0000e+0
0.09062,0.39792,2.6734e-2,0.0000e+0,0.0000e+0
0.09271,0.39792,2.0662e-2,0.0000e+0,0.0000e+0
0.09479,0.39792,1.4648e-2,0.0000e+0,0.0000e+0
0.09688,0.39792,8.7104e-3,0.0000e+0,0.0000e+0
0.09896,0.39792,2.8663e-3,0.0000e+0,0.0000e+0