r_m,z_m,phi_V,ne_m3,ni_m3
0.00104,0.00208,1.8651e-1,1.6002e+9,0.0000e+0
0.00313,0.00208,1.8848e-1,8.4912e+9,9.0130e+10
0.00521,0.00208,1.8791e-1,1.0220e+10,1.3264e+11
0.00729,0.00208,1.8356e-1,8.9980e+9,4.9938e+9
0.00937,0.00208,1.8334e-1,7.8855e+9,3.6378e+7
0.01146,0.00208,1.8631e-1,1.7342e+10,7.8032e+10
0.01354,0.00208,1.8825e-1,9.6341e+9,1.1154e+11
0.01563,0.00208,1.8725e-1,1.4720e+10,6.8778e+10
0.01771,0.00208,1.8713e-1,1.6737e+10,7.5468e+10
0.01979,0.00208,1.8773e-1,1.8559e+10,1.2390e+11
0.02187,0.00208,1.8618e-1,2.3168e+10,7.3088e+10
0.02396,0.00208,1.8633e-1,1.9719e+10,1.1071e+11
0.02604,0.00208,1.8563e-1,1.5291e+10,6.1887e+10
0.02813,0.00208,1.8699e-1,2.1272e+10,9.8218e+10
0.03021,0.00208,1.8825e-1,2.1824e+10,1.5164e+11
0.03229,0.00208,1.8630e-1,2.3585e+10,1.3898e+11
0.03438,0.00208,1.8260e-1,2.2889e+10,7.2421e+10
0.03646,0.00208,1.8137e-1,2.1996e+10,9.8041e+10
0.03854,0.00208,1.8090e-1,1.8149e+10,1.8371e+11
0.04063,0.00208,1.7561e-1,2.1929e+10,7.3906e+10
0.04271,0.00208,1.7282e-1,1.6139e+10,7.9210e+10
0.04479,0.00208,1.7127e-1,2.1117e+10,1.1703e+11
0.04688,0.00208,1.6925e-1,2.3194e+10,1.5840e+11
0.04896,0.00208,1.6496e-1,2.5204e+10,1.2341e+11
0.05104,0.00208,1.6053e-1,1.8394e+10,1.2201e+11
0.05312,0.00208,1.5534e-1,1.9594e+10,9.2709e+10
0.05521,0.00208,1.5115e-1,2.3282e+10,1.0503e+11
0.05729,0.00208,1.4695e-1,1.7709e+10,1.0938e+11
0.05937,0.00208,1.4220e-1,2.0700e+10,9.7696e+10
0.06146,0.00208,1.3789e-1,2.1719e+10,1.1880e+11
0.06354,0.00208,1.3237e-1,1.6754e+10,6.9242e+10
0.06563,0.00208,1.2800e-1,2.2586e+10,5.5182e+10
0.06771,0.00208,1.2545e-1,1.9553e+10,1.0255e+11
0.06979,0.00208,1.2165e-1,1.8505e+10,9.3712e+10
0.07187,0.00208,1.1780e-1,1.9210e+10,1.2838e+11
0.07396,0.00208,1.1190e-1,2.3293e+10,1.3153e+11
0.07604,0.00208,1.0384e-1,2.1598e+10,7.4356e+10
0.07813,0.00208,9.7113e-2,2.1177e+10,8.0690e+10
0.08021,0.00208,9.0991e-2,2.1691e+10,1.1660e+11
0.08229,0.00208,8.3166e-2,1.8912e+10,9.2709e+10
0.08438,0.00208,7.4772e-2,2.0132e+10,7.8576e+10
0.08646,0.00208,6.6185e-2,1.9792e+10,6.7490e+10
0.08854,0.00208,5.7548e-2,1.4263e+10,5.6484e+10
0.09062,0.00208,4.8876e-2,5.2122e+9,5.2877e+10
0.09271,0.00208,3.9206e-2,1.1779e+9,2.2448e+10
0.09479,0.00208,2.9712e-2,2.9265e+8,3.6040e+10
0.09688,0.00208,1.8973e-2,6.2076e+7,3.9935e+10
0.09896,0.00208,6.5786e-3,6.9938e+5,1.7508e+10
0.00104,0.00625,5.4434e-1,2.0056e+9,0.0000e+0
0.00313,0.00625,5.4805e-1,1.4840e+10,2.0998e+11
0.00521,0.00625,5.4429e-1,1.1570e+10,1.4370e+11
0.00729,0.00625,5.3811e-1,1.0477e+10,1.6420e+7
0.00937,0.00625,5.3846e-1,1.2583e+10,2.5838e+10
0.01146,0.00625,5.4218e-1,2.0965e+10,1.0276e+11
0.01354,0.00625,5.4426e-1,1.5875e+10,1.3601e+11
0.01563,0.00625,5.4151e-1,2.5002e+10,6.7997e+10
0.01771,0.00625,5.3999e-1,2.4718e+10,8.3526e+10
0.01979,0.00625,5.3887e-1,3.1943e+10,1.1891e+11
0.02187,0.00625,5.3634e-1,2.8997e+10,9.2656e+10
0.02396,0.00625,5.3387e-1,3.0443e+10,5.4967e+10
0.02604,0.00625,5.3395e-1,2.7996e+10,5.1490e+10
0.02813,0.00625,5.3676e-1,3.5670e+10,1.4553e+11
0.03021,0.00625,5.3691e-1,2.9606e+10,2.0537e+11
0.03229,0.00625,5.3039e-1,3.1990e+10,1.2763e+11
0.03438,0.00625,5.2297e-1,2.9607e+10,8.4673e+10
0.03646,0.00625,5.1739e-1,3.2359e+10,1.2548e+11
0.03854,0.00625,5.1064e-1,3.2714e+10,1.4623e+11
0.04063,0.00625,5.0126e-1,3.8245e+10,8.4453e+10
0.04271,0.00625,4.9414e-1,3.3361e+10,1.1854e+11
0.04479,0.00625,4.8589e-1,3.4476e+10,1.4595e+11
0.04688,0.00625,4.7492e-1,3.5522e+10,9.1405e+10
0.04896,0.00625,4.6529e-1,3.5903e+10,1.5002e+11
0.05104,0.00625,4.5286e-1,2.9503e+10,1.1605e+11
0.05312,0.00625,4.3982e-1,2.9488e+10,8.6770e+10
0.05521,0.00625,4.2841e-1,3.8347e+10,1.5030e+11
0.05729,0.00625,4.1491e-1,2.6962e+10,1.0876e+11
0.05937,0.00625,4.0132e-1,3.1074e+10,9.3539e+10
0.06146,0.00625,3.8863e-1,3.3022e+10,9.0465e+10
0.06354,0.00625,3.7667e-1,3.1613e+10,6.6654e+10
0.06563,0.00625,3.6692e-1,3.7321e+10,1.2557e+11
0.06771,0.00625,3.5569e-1,2.6323e+10,1.3036e+11
0.06979,0.00625,3.4197e-1,2.8912e+10,1.0281e+11
0.07187,0.00625,3.2781e-1,2.9473e+10,1.2429e+11
0.07396,0.00625,3.1119e-1,3.5066e+10,1.5801e+11
0.07604,0.00625,2.9039e-1,3.4746e+10,8.1036e+10
0.07813,0.00625,2.7092e-1,3.2442e+10,1.0164e+11
0.08021,0.00625,2.5069e-1,3.2148e+10,9.8804e+10
0.08229,0.00625,2.2941e-1,3.0032e+10,8.2885e+10
0.08438,0.00625,2.0757e-1,2.5822e+10,8.4116e+10
0.08646,0.00625,1.8460e-1,2.4169e+10,8.2104e+10
0.08854,0.00625,1.6034e-1,1.9694e+10,5.1394e+10
0.09062,0.00625,1.3649e-1,7.6674e+9,6.0736e+10
0.09271,0.00625,1.1110e-1,1.5251e+9,6.0724e+10
0.09479,0.00625,8.3777e-2,3.7485e+8,9.4828e+10
0.09688,0.00625,5.2004e-2,6.6896e+7,5.2354e+10
0.09896,0.00625,1.8365e-2,3.8811e+5,5.8740e+10
0.00104,0.01042,8.7313e-1,5.7400e+9,0.0000e+0
0.00313,0.01042,8.7624e-1,1.5932e+10,1.0781e+11
0.00521,0.01042,8.7686e-1,1.2434e+10,1.5637e+11
0.00729,0.01042,8.7310e-1,1.1325e+10,1.4039e+10
0.00937,0.01042,8.7413e-1,1.6535e+10,4.6672e+10
0.01146,0.01042,8.7676e-1,2.7084e+10,3.7830e+10
0.01354,0.01042,8.8209e-1,2.3275e+10,1.9975e+11
0.01563,0.01042,8.7847e-1,3.3264e+10,1.1742e+11
0.01771,0.01042,8.7342e-1,3.4490e+10,8.1357e+10
0.01979,0.01042,8.6904e-1,3.7690e+10,6.7340e+10
0.02187,0.01042,8.6727e-1,3.8359e+10,1.3476e+11
0.02396,0.01042,8.6391e-1,4.3823e+10,7.9752e+10
0.02604,0.01042,8.6348e-1,3.9947e+10,1.2954e+11
0.02813,0.01042,8.6226e-1,5.3302e+10,1.7791e+11
0.03021,0.01042,8.5789e-1,4.4808e+10,1.7206e+11
0.03229,0.01042,8.4983e-1,4.0177e+10,1.3243e+11
0.03438,0.01042,8.4027e-1,4.0438e+10,1.1072e+11
0.03646,0.01042,8.3020e-1,4.2510e+10,1.4373e+11
0.03854,0.01042,8.1697e-1,4.6713e+10,9.3446e+10
0.04063,0.01042,8.0508e-1,4.7456e+10,1.0245e+11
0.04271,0.01042,7.9474e-1,4.4170e+10,2.0730e+11
0.04479,0.01042,7.7813e-1,5.0153e+10,1.5386e+11
0.04688,0.01042,7.5949e-1,5.1358e+10,1.0268e+11
0.04896,0.01042,7.4286e-1,4.1465e+10,1.7004e+11
0.05104,0.01042,7.2255e-1,4.2621e+10,1.2753e+11
0.05312,0.01042,7.0171e-1,4.2406e+10,1.1815e+11
0.05521,0.01042,6.8071e-1,4.5873e+10,1.0899e+11
0.05729,0.01042,6.5952e-1,3.9039e+10,8.9645e+10
0.05937,0.01042,6.3908e-1,4.7248e+10,9.0504e+10
0.06146,0.01042,6.2006e-1,4.4096e+10,8.5758e+10
0.06354,0.01042,6.0250e-1,4.4255e+10,9.8936e+10
0.06563,0.01042,5.8541e-1,4.9654e+10,1.5317e+11
0.06771,0.01042,5.6476e-1,3.6992e+10,1.0681e+11
0.06979,0.01042,5.4244e-1,3.5860e+10,8.6663e+10
0.07187,0.01042,5.1972e-1,3.9182e+10,1.7470e+11
0.07396,0.01042,4.9062e-1,4.6377e+10,1.2659e+11
0.07604,0.01042,4.5934e-1,4.3968e+10,9.4743e+10
0.07813,0.01042,4.2809e-1,4.1690e+10,9.8841e+10
0.08021,0.01042,3.9584e-1,4.4591e+10,8.2293e+10
0.08229,0.01042,3.6349e-1,3.7554e+10,1.0623e+11
0.08438,0.01042,3.2875e-1,2.9823e+10,8.9977e+10
0.08646,0.01042,2.9227e-1,3.0324e+10,9.0254e+10
0.08854,0.01042,2.5378e-1,2.4248e+10,4.5887e+10
0.09062,0.01042,2.1585e-1,7.9333e+9,7.9470e+10
0.09271,0.01042,1.7448e-1,1.5564e+9,8.4251e+10
0.09479,0.01042,1.2858e-1,4.8331e+8,6.4291e+10
0.09688,0.01042,7.8882e-2,8.0421e+7,4.0755e+10
0.09896,0.01042,2.7027e-2,0.0000e+0,4.0464e+10
0.00104,0.01458,1.1788e+0,7.2972e+9,0.0000e+0
0.00313,0.01458,1.1805e+0,1.5502e+10,2.5843e+7
0.00521,0.01458,1.1843e+0,1.7696e+10,1.5509e+10
0.00729,0.01458,1.1896e+0,1.2824e+10,1.0077e+11
0.00937,0.01458,1.1923e+0,1.9827e+10,8.3020e+10
0.01146,0.01458,1.1943e+0,3.5848e+10,3.9874e+10
0.01354,0.01458,1.1997e+0,3.0288e+10,2.0511e+11
0.01563,0.01458,1.1970e+0,3.1989e+10,1.6066e+11
0.01771,0.01458,1.1917e+0,3.7862e+10,2.2022e+11
0.01979,0.01458,1.1807e+0,4.3845e+10,7.3329e+10
0.02187,0.01458,1.1753e+0,4.7172e+10,1.1565e+11
0.02396,0.01458,1.1716e+0,5.2168e+10,1.4003e+11
0.02604,0.01458,1.1683e+0,4.6162e+10,1.6283e+11
0.02813,0.01458,1.1620e+0,6.0086e+10,1.3535e+11
0.03021,0.01458,1.1553e+0,5.4221e+10,1.2601e+11
0.03229,0.01458,1.1486e+0,5.4389e+10,1.5091e+11
0.03438,0.01458,1.1399e+0,5.9179e+10,1.9813e+11
0.03646,0.01458,1.1265e+0,5.5336e+10,2.3096e+11
0.03854,0.01458,1.1060e+0,5.3163e+10,1.0354e+11
0.04063,0.01458,1.0877e+0,5.9522e+10,9.9948e+10
0.04271,0.01458,1.0718e+0,5.4811e+10,2.1582e+11
0.04479,0.01458,1.0492e+0,6.0926e+10,1.8182e+11
0.04688,0.01458,1.0230e+0,6.3319e+10,1.2164e+11
0.04896,0.01458,9.9793e-1,5.7445e+10,1.4948e+11
0.05104,0.01458,9.7097e-1,5.5476e+10,1.2453e+11
0.05312,0.01458,9.4380e-1,5.5646e+10,1.0994e+11
0.05521,0.01458,9.1707e-1,5.4643e+10,1.3424e+11
0.05729,0.01458,8.8826e-1,5.4452e+10,8.7620e+10
0.05937,0.01458,8.6035e-1,6.1096e+10,6.7976e+10
0.06146,0.01458,8.3508e-1,6.1782e+10,7.7751e+10
0.06354,0.01458,8.1154e-1,6.0463e+10,1.0051e+11
0.06563,0.01458,7.8799e-1,6.1463e+10,1.5072e+11
0.06771,0.01458,7.6124e-1,4.8786e+10,1.4471e+11
0.06979,0.01458,7.3126e-1,4.4415e+10,1.5147e+11
0.07187,0.01458,6.9755e-1,4.4314e+10,1.8477e+11
0.07396,0.01458,6.5699e-1,5.7815e+10,1.1066e+11
0.07604,0.01458,6.1568e-1,5.5946e+10,8.6421e+10
0.07813,0.01458,5.7463e-1,5.3240e+10,9.2642e+10
0.08021,0.01458,5.3294e-1,5.7941e+10,1.2362e+11
0.08229,0.01458,4.8894e-1,4.5142e+10,1.2985e+11
0.08438,0.01458,4.4156e-1,3.5597e+10,9.6246e+10
0.08646,0.01458,3.9273e-1,3.6058e+10,1.0438e+11
0.08854,0.01458,3.4176e-1,3.1768e+10,7.7199e+10
0.09062,0.01458,2.9018e-1,9.2042e+9,1.0327e+11
0.09271,0.01458,2.3387e-1,1.3070e+9,9.0962e+10
0.09479,0.01458,1.7279e-1,4.2216e+8,1.0058e+11
0.09688,0.01458,1.0596e-1,6.3288e+7,5.6099e+10
0.09896,0.01458,3.6239e-2,0.0000e+0,5.0586e+10
0.00104,0.01875,1.4728e+0,6.2038e+9,0.0000e+0
0.00313,0.01875,1.4746e+0,1.2597e+10,0.0000e+0
0.00521,0.01875,1.4784e+0,2.3482e+10,0.0000e+0
0.00729,0.01875,1.4849e+0,1.9262e+10,3.7470e+10
0.00937,0.01875,1.4912e+0,3.0407e+10,1.0608e+11
0.01146,0.01875,1.4941e+0,4.1362e+10,1.1792e+11
0.01354,0.01875,1.4944e+0,3.2684e+10,1.7705e+11
0.01563,0.01875,1.4877e+0,4.2036e+10,1.3106e+11
0.01771,0.01875,1.4789e+0,5.3756e+10,1.9713e+11
0.01979,0.01875,1.4645e+0,5.7384e+10,5.0020e+10
0.02187,0.01875,1.4563e+0,6.0636e+10,8.0060e+10
0.02396,0.01875,1.4519e+0,6.1960e+10,1.0080e+11
0.02604,0.01875,1.4494e+0,5.2410e+10,1.9012e+11
0.02813,0.01875,1.4419e+0,7.0573e+10,1.7071e+11
0.03021,0.01875,1.4323e+0,6.8929e+10,7.9938e+10
0.03229,0.01875,1.4268e+0,7.3047e+10,1.8798e+11
0.03438,0.01875,1.4174e+0,7.4633e+10,2.3320e+11
0.03646,0.01875,1.4002e+0,7.4541e+10,2.5482e+11
0.03854,0.01875,1.3744e+0,7.1955e+10,1.0077e+11
0.04063,0.01875,1.3515e+0,7.3092e+10,1.2939e+11
0.04271,0.01875,1.3290e+0,6.8108e+10,2.0019e+11
0.04479,0.01875,1.3009e+0,7.3547e+10,1.8733e+11
0.04688,0.01875,1.2686e+0,7.4313e+10,1.4227e+11
0.04896,0.01875,1.2359e+0,6.8585e+10,1.2431e+11
0.05104,0.01875,1.2030e+0,7.2514e+10,1.0149e+11
0.05312,0.01875,1.1713e+0,7.2069e+10,9.8527e+10
0.05521,0.01875,1.1409e+0,6.6720e+10,1.6143e+11
0.05729,0.01875,1.1071e+0,6.7829e+10,1.3098e+11
0.05937,0.01875,1.0726e+0,7.9941e+10,9.0080e+10
0.06146,0.01875,1.0415e+0,8.0263e+10,1.2588e+11
0.06354,0.01875,1.0112e+0,7.4485e+10,1.6805e+11
0.06563,0.01875,9.7849e-1,7.2754e+10,1.5640e+11
0.06771,0.01875,9.4396e-1,5.4303e+10,1.6980e+11
0.06979,0.01875,9.0521e-1,5.5294e+10,1.6317e+11
0.07187,0.01875,8.6296e-1,5.5300e+10,2.0600e+11
0.07396,0.01875,8.1440e-1,6.9583e+10,1.3431e+11
0.07604,0.01875,7.6586e-1,6.6599e+10,1.5091e+11
0.07813,0.01875,7.1582e-1,6.4799e+10,1.6155e+11
0.08021,0.01875,6.6308e-1,7.0663e+10,1.8456e+11
0.08229,0.01875,6.0590e-1,5.5445e+10,1.3632e+11
0.08438,0.01875,5.4588e-1,4.8174e+10,9.3372e+10
0.08646,0.01875,4.8512e-1,4.3519e+10,9.7339e+10
0.08854,0.01875,4.2274e-1,3.6416e+10,8.4105e+10
0.09062,0.01875,3.5881e-1,1.1360e+10,1.1198e+11
0.09271,0.01875,2.8942e-1,1.3358e+9,1.1272e+11
0.09479,0.01875,2.1423e-1,3.2485e+8,1.1833e+11
0.09688,0.01875,1.3282e-1,3.6232e+7,1.0326e+11
0.09896,0.01875,4.6584e-2,0.0000e+0,1.2439e+11
0.00104,0.02292,1.7550e+0,5.0439e+9,0.0000e+0
0.00313,0.02292,1.7569e+0,9.3834e+9,0.0000e+0
0.00521,0.02292,1.7608e+0,2.2760e+10,0.0000e+0
0.00729,0.02292,1.7676e+0,2.6814e+10,1.4963e+10
0.00937,0.02292,1.7761e+0,3.2045e+10,1.3409e+11
0.01146,0.02292,1.7793e+0,4.2998e+10,2.3773e+11
0.01354,0.02292,1.7732e+0,3.7346e+10,1.5811e+11
0.01563,0.02292,1.7634e+0,5.4061e+10,1.9421e+11
0.01771,0.02292,1.7488e+0,7.0414e+10,1.9163e+11
0.01979,0.02292,1.7305e+0,8.0927e+10,4.9862e+10
0.02187,0.02292,1.7187e+0,7.3834e+10,3.6219e+10
0.02396,0.02292,1.7131e+0,6.8176e+10,9.0827e+10
0.02604,0.02292,1.7093e+0,7.4587e+10,1.7840e+11
0.02813,0.02292,1.7014e+0,8.7855e+10,1.7160e+11
0.03021,0.02292,1.6911e+0,8.0772e+10,6.0546e+10
0.03229,0.02292,1.6863e+0,7.8007e+10,1.5447e+11
0.03438,0.02292,1.6798e+0,8.1064e+10,3.7729e+11
0.03646,0.02292,1.6564e+0,8.9838e+10,2.3911e+11
0.03854,0.02292,1.6274e+0,8.9236e+10,1.4214e+11
0.04063,0.02292,1.6004e+0,8.8772e+10,1.8759e+11
0.04271,0.02292,1.5723e+0,9.0156e+10,2.4101e+11
0.04479,0.02292,1.5392e+0,9.4868e+10,2.4757e+11
0.04688,0.02292,1.5002e+0,9.4685e+10,1.3178e+11
0.04896,0.02292,1.4632e+0,8.1879e+10,1.4501e+11
0.05104,0.02292,1.4261e+0,8.5494e+10,1.3151e+11
0.05312,0.02292,1.3900e+0,8.7716e+10,1.4932e+11
0.05521,0.02292,1.3537e+0,8.5551e+10,1.8913e+11
0.05729,0.02292,1.3137e+0,8.7650e+10,1.5115e+11
0.05937,0.02292,1.2728e+0,9.8081e+10,1.1088e+11
0.06146,0.02292,1.2345e+0,9.1358e+10,1.4033e+11
0.06354,0.02292,1.1949e+0,8.8656e+10,1.2378e+11
0.06563,0.02292,1.1545e+0,8.8148e+10,1.4744e+11
0.06771,0.02292,1.1118e+0,6.8828e+10,1.7191e+11
0.06979,0.02292,1.0641e+0,6.6271e+10,1.7545e+11
0.07187,0.02292,1.0115e+0,6.8946e+10,1.3264e+11
0.07396,0.02292,9.5691e-1,8.9155e+10,1.4892e+11
0.07604,0.02292,9.0095e-1,8.1294e+10,1.4997e+11
0.07813,0.02292,8.4287e-1,8.1947e+10,1.7710e+11
0.08021,0.02292,7.8089e-1,7.8957e+10,1.7460e+11
0.08229,0.02292,7.1474e-1,6.1472e+10,1.4097e+11
0.08438,0.02292,6.4495e-1,5.4496e+10,1.0171e+11
0.08646,0.02292,5.7303e-1,5.5847e+10,7.2304e+10
0.08854,0.02292,5.0088e-1,4.7449e+10,1.3991e+11
0.09062,0.02292,4.2381e-1,1.5792e+10,1.4296e+11
0.09271,0.02292,3.3969e-1,1.5393e+9,1.0429e+11
0.09479,0.02292,2.5032e-1,4.3479e+8,1.2756e+11
0.09688,0.02292,1.5379e-1,3.5344e+7,8.0717e+10
0.09896,0.02292,5.3132e-2,0.0000e+0,9.8921e+10
0.00104,0.02708,2.0239e+0,5.3194e+9,0.0000e+0
0.00313,0.02708,2.0260e+0,8.2313e+9,0.0000e+0
0.00521,0.02708,2.0305e+0,2.0252e+10,0.0000e+0
0.00729,0.02708,2.0384e+0,2.4205e+10,8.4699e+10
0.00937,0.02708,2.0450e+0,3.0586e+10,2.2419e+11
0.01146,0.02708,2.0416e+0,4.7051e+10,1.7813e+11
0.01354,0.02708,2.0336e+0,3.7638e+10,1.8099e+11
0.01563,0.02708,2.0208e+0,5.5601e+10,1.9254e+11
0.01771,0.02708,2.0033e+0,7.3061e+10,1.4171e+11
0.01979,0.02708,1.9862e+0,8.4688e+10,1.1951e+11
0.02187,0.02708,1.9719e+0,8.3300e+10,1.0047e+11
0.02396,0.02708,1.9613e+0,7.1990e+10,6.2762e+10
0.02604,0.02708,1.9549e+0,8.2233e+10,1.4404e+11
0.02813,0.02708,1.9470e+0,9.6331e+10,1.8618e+11
0.03021,0.02708,1.9364e+0,9.6034e+10,9.8805e+10
0.03229,0.02708,1.9300e+0,8.6585e+10,1.9025e+11
0.03438,0.02708,1.9200e+0,8.7046e+10,3.5635e+11
0.03646,0.02708,1.8946e+0,1.0152e+11,2.7882e+11
0.03854,0.02708,1.8619e+0,1.0739e+11,2.0586e+11
0.04063,0.02708,1.8281e+0,1.0108e+11,1.7498e+11
0.04271,0.02708,1.7942e+0,1.0620e+11,1.8154e+11
0.04479,0.02708,1.7595e+0,1.0728e+11,2.4886e+11
0.04688,0.02708,1.7194e+0,1.0918e+11,2.1240e+11
0.04896,0.02708,1.6772e+0,9.2870e+10,1.4339e+11
0.05104,0.02708,1.6363e+0,9.8793e+10,1.5467e+11
0.05312,0.02708,1.5962e+0,1.0806e+11,1.9344e+11
0.05521,0.02708,1.5546e+0,1.0549e+11,2.0902e+11
0.05729,0.02708,1.5100e+0,1.0332e+11,1.6993e+11
0.05937,0.02708,1.4645e+0,1.1891e+11,1.2302e+11
0.06146,0.02708,1.4223e+0,1.1121e+11,2.2023e+11
0.06354,0.02708,1.3760e+0,1.0309e+11,2.1162e+11
0.06563,0.02708,1.3262e+0,1.0300e+11,2.1256e+11
0.06771,0.02708,1.2726e+0,8.3249e+10,1.8852e+11
0.06979,0.02708,1.2148e+0,7.6187e+10,1.5960e+11
0.07187,0.02708,1.1538e+0,8.1297e+10,1.2432e+11
0.07396,0.02708,1.0925e+0,1.0198e+11,1.6850e+11
0.07604,0.02708,1.0292e+0,8.6993e+10,1.7414e+11
0.07813,0.02708,9.6207e-1,9.7106e+10,1.7060e+11
0.08021,0.02708,8.9199e-1,8.9102e+10,1.5132e+11
0.08229,0.02708,8.2001e-1,7.3632e+10,1.6373e+11
0.08438,0.02708,7.4476e-1,6.3480e+10,1.9970e+11
0.08646,0.02708,6.6358e-1,6.5026e+10,2.0124e+11
0.08854,0.02708,5.7670e-1,4.9660e+10,1.6728e+11
0.09062,0.02708,4.8448e-1,1.5764e+10,1.2061e+11
0.09271,0.02708,3.8643e-1,1.8274e+9,8.6415e+10
0.09479,0.02708,2.8332e-1,5.4364e+8,9.2107e+10
0.09688,0.02708,1.7441e-1,3.5729e+7,9.6052e+10
0.09896,0.02708,5.9730e-2,0.0000e+0,8.5822e+10
0.00104,0.03125,2.2778e+0,9.7711e+9,0.0000e+0
0.00313,0.03125,2.2794e+0,1.5199e+10,0.0000e+0
0.00521,0.03125,2.2827e+0,1.8018e+10,0.0000e+0
0.00729,0.03125,2.2875e+0,2.4807e+10,2.6357e+10
0.00937,0.03125,2.2914e+0,3.1751e+10,1.6055e+11
0.01146,0.03125,2.2850e+0,5.3984e+10,1.3060e+11
0.01354,0.03125,2.2746e+0,4.4510e+10,1.1221e+11
0.01563,0.03125,2.2622e+0,6.8158e+10,2.2227e+11
0.01771,0.03125,2.2428e+0,7.9535e+10,1.1128e+11
0.01979,0.03125,2.2260e+0,8.7190e+10,1.5077e+11
0.02187,0.03125,2.2097e+0,8.5050e+10,7.1797e+10
0.02396,0.03125,2.1988e+0,7.7820e+10,9.8463e+10
0.02604,0.03125,2.1896e+0,9.2518e+10,1.8297e+11
0.02813,0.03125,2.1773e+0,1.0626e+11,1.2601e+11
0.03021,0.03125,2.1669e+0,1.1711e+11,1.3974e+11
0.03229,0.03125,2.1574e+0,1.0586e+11,2.3699e+11
0.03438,0.03125,2.1413e+0,1.0111e+11,3.2112e+11
0.03646,0.03125,2.1129e+0,1.1603e+11,2.7369e+11
0.03854,0.03125,2.0770e+0,1.2011e+11,1.9014e+11
0.04063,0.03125,2.0401e+0,1.1509e+11,1.7294e+11
0.04271,0.03125,2.0025e+0,1.2746e+11,1.9324e+11
0.04479,0.03125,1.9639e+0,1.2724e+11,2.2501e+11
0.04688,0.03125,1.9217e+0,1.2450e+11,2.0213e+11
0.04896,0.03125,1.8771e+0,1.0725e+11,1.5771e+11
0.05104,0.03125,1.8325e+0,1.1697e+11,1.7666e+11
0.05312,0.03125,1.7876e+0,1.3453e+11,1.9773e+11
0.05521,0.03125,1.7419e+0,1.2947e+11,2.0358e+11
0.05729,0.03125,1.6952e+0,1.1770e+11,1.9804e+11
0.05937,0.03125,1.6477e+0,1.3546e+11,2.4525e+11
0.06146,0.03125,1.5980e+0,1.2760e+11,2.6841e+11
0.06354,0.03125,1.5436e+0,1.1800e+11,2.3772e+11
0.06563,0.03125,1.4853e+0,1.2121e+11,2.2330e+11
0.06771,0.03125,1.4240e+0,9.6564e+10,2.0392e+11
0.06979,0.03125,1.3592e+0,8.9738e+10,1.9581e+11
0.07187,0.03125,1.2909e+0,9.6084e+10,1.5906e+11
0.07396,0.03125,1.2222e+0,1.1540e+11,1.7739e+11
0.07604,0.03125,1.1523e+0,1.0209e+11,2.0646e+11
0.07813,0.03125,1.0774e+0,1.0860e+11,1.9431e+11
0.08021,0.03125,9.9858e-1,1.0163e+11,1.6312e+11
0.08229,0.03125,9.1753e-1,8.7617e+10,1.6128e+11
0.08438,0.03125,8.3318e-1,7.5500e+10,1.9173e+11
0.08646,0.03125,7.4220e-1,6.6335e+10,1.6625e+11
0.08854,0.03125,6.4541e-1,5.8723e+10,1.2631e+11
0.09062,0.03125,5.4425e-1,1.8959e+10,1.2219e+11
0.09271,0.03125,4.3589e-1,2.0355e+9,1.1299e+11
0.09479,0.03125,3.2007e-1,5.3209e+8,1.0541e+11
0.09688,0.03125,1.9760e-1,3.2985e+7,1.1424e+11
0.09896,0.03125,6.8324e-2,0.0000e+0,1.2956e+11
0.00104,0.03542,2.5221e+0,9.7768e+9,0.0000e+0
0.00313,0.03542,2.5240e+0,1.7624e+10,0.0000e+0
0.00521,0.03542,2.5281e+0,2.9012e+10,1.5595e+6
0.00729,0.03542,2.5351e+0,3.8464e+10,9.5127e+10
0.00937,0.03542,2.5393e+0,3.8934e+10,3.2077e+11
0.01146,0.03542,2.5268e+0,5.2705e+10,1.9727e+11
0.01354,0.03542,2.5097e+0,4.8027e+10,1.6132e+11
0.01563,0.03542,2.4914e+0,7.1979e+10,2.0161e+11
0.01771,0.03542,2.4703e+0,8.2138e+10,1.5504e+11
0.01979,0.03542,2.4509e+0,9.6907e+10,1.2648e+11
0.02187,0.03542,2.4354e+0,1.0041e+11,9.8048e+10
0.02396,0.03542,2.4262e+0,9.1725e+10,2.3121e+11
0.02604,0.03542,2.4120e+0,1.0506e+11,1.6907e+11
0.02813,0.03542,2.3972e+0,1.2328e+11,8.1614e+10
0.03021,0.03542,2.3897e+0,1.2885e+11,3.3258e+11
0.03229,0.03542,2.3727e+0,1.2641e+11,2.9786e+11
0.03438,0.03542,2.3487e+0,1.1882e+11,2.7745e+11
0.03646,0.03542,2.3187e+0,1.3049e+11,2.9332e+11
0.03854,0.03542,2.2821e+0,1.3787e+11,2.2745e+11
0.04063,0.03542,2.2444e+0,1.3213e+11,2.8254e+11
0.04271,0.03542,2.2012e+0,1.4140e+11,1.8608e+11
0.04479,0.03542,2.1596e+0,1.4456e+11,2.1294e+11
0.04688,0.03542,2.1169e+0,1.4115e+11,2.6654e+11
0.04896,0.03542,2.0690e+0,1.2513e+11,2.3301e+11
0.05104,0.03542,2.0188e+0,1.3944e+11,2.1486e+11
0.05312,0.03542,1.9690e+0,1.5343e+11,2.5732e+11
0.05521,0.03542,1.9168e+0,1.4186e+11,1.8142e+11
0.05729,0.03542,1.8656e+0,1.3985e+11,2.2173e+11
0.05937,0.03542,1.8116e+0,1.5680e+11,2.1685e+11
0.06146,0.03542,1.7559e+0,1.4723e+11,2.2826e+11
0.06354,0.03542,1.6963e+0,1.3809e+11,2.3640e+11
0.06563,0.03542,1.6321e+0,1.4504e+11,2.3981e+11
0.06771,0.03542,1.5638e+0,1.1438e+11,2.0899e+11
0.06979,0.03542,1.4915e+0,1.0056e+11,1.5806e+11
0.07187,0.03542,1.4181e+0,1.1227e+11,1.4173e+11
0.07396,0.03542,1.3453e+0,1.3429e+11,2.0730e+11
0.07604,0.03542,1.2703e+0,1.1229e+11,2.3281e+11
0.07813,0.03542,1.1895e+0,1.1732e+11,2.2788e+11
0.08021,0.03542,1.1032e+0,1.0815e+11,1.8012e+11
0.08229,0.03542,1.0135e+0,1.0002e+11,1.6074e+11
0.08438,0.03542,9.2027e-1,8.5801e+10,1.6617e+11
0.08646,0.03542,8.2175e-1,7.7394e+10,1.3381e+11
0.08854,0.03542,7.1965e-1,6.3628e+10,1.8613e+11
0.09062,0.03542,6.1001e-1,1.8855e+10,1.8506e+11
0.09271,0.03542,4.9042e-1,1.9870e+9,1.7484e+11
0.09479,0.03542,3.6092e-1,4.7875e+8,1.5651e+11
0.09688,0.03542,2.2298e-1,2.8277e+7,1.5228e+11
0.09896,0.03542,7.6902e-2,0.0000e+0,1.4251e+11
0.00104,0.03958,2.7542e+0,7.3829e+9,0.0000e+0
0.00313,0.03958,2.7569e+0,1.3787e+10,0.0000e+0
0.00521,0.03958,2.7625e+0,2.9486e+10,3.2999e+10
0.00729,0.03958,2.7696e+0,4.2295e+10,1.9004e+11
0.00937,0.03958,2.7693e+0,4.1624e+10,3.6380e+11
0.01146,0.03958,2.7523e+0,5.5110e+10,3.3542e+11
0.01354,0.03958,2.7245e+0,4.9229e+10,9.6799e+10
0.01563,0.03958,2.7019e+0,7.5145e+10,2.0500e+11
0.01771,0.03958,2.6777e+0,9.3398e+10,1.2487e+11
0.01979,0.03958,2.6579e+0,1.0287e+11,1.2714e+11
0.02187,0.03958,2.6419e+0,1.1583e+11,9.0057e+10
0.02396,0.03958,2.6333e+0,1.0875e+11,2.2985e+11
0.02604,0.03958,2.6216e+0,1.1430e+11,2.8802e+11
0.02813,0.03958,2.6042e+0,1.2913e+11,1.9084e+11
0.03021,0.03958,2.5899e+0,1.4008e+11,3.4195e+11
0.03229,0.03958,2.5673e+0,1.3643e+11,3.3794e+11
0.03438,0.03958,2.5371e+0,1.3412e+11,2.0848e+11
0.03646,0.03958,2.5071e+0,1.4324e+11,2.8079e+11
0.03854,0.03958,2.4721e+0,1.5278e+11,3.2603e+11
0.04063,0.03958,2.4313e+0,1.4573e+11,2.7774e+11
0.04271,0.03958,2.3877e+0,1.5544e+11,2.2275e+11
0.04479,0.03958,2.3465e+0,1.6147e+11,3.2014e+11
0.04688,0.03958,2.3013e+0,1.6123e+11,4.2954e+11
0.04896,0.03958,2.2443e+0,1.4283e+11,2.2196e+11
0.05104,0.03958,2.1883e+0,1.5254e+11,1.7885e+11
0.05312,0.03958,2.1353e+0,1.6542e+11,2.1145e+11
0.05521,0.03958,2.0829e+0,1.6307e+11,2.4769e+11
0.05729,0.03958,2.0290e+0,1.5514e+11,2.7830e+11
0.05937,0.03958,1.9718e+0,1.6812e+11,3.0593e+11
0.06146,0.03958,1.9112e+0,1.6326e+11,3.3973e+11
0.06354,0.03958,1.8444e+0,1.5339e+11,2.9689e+11
0.06563,0.03958,1.7744e+0,1.5988e+11,3.4838e+11
0.06771,0.03958,1.6981e+0,1.2997e+11,2.5634e+11
0.06979,0.03958,1.6192e+0,1.1193e+11,1.5463e+11
0.07187,0.03958,1.5420e+0,1.2827e+11,2.1674e+11
0.07396,0.03958,1.4626e+0,1.5310e+11,2.2212e+11
0.07604,0.03958,1.3821e+0,1.2472e+11,2.2905e+11
0.07813,0.03958,1.2977e+0,1.2775e+11,2.6055e+11
0.08021,0.03958,1.2083e+0,1.2282e+11,2.7046e+11
0.08229,0.03958,1.1134e+0,1.0999e+11,2.6332e+11
0.08438,0.03958,1.0128e+0,9.1396e+10,2.2854e+11
0.08646,0.03958,9.0755e-1,8.5845e+10,2.5358e+11
0.08854,0.03958,7.9555e-1,7.0133e+10,2.7503e+11
0.09062,0.03958,6.7391e-1,2.3573e+10,2.3726e+11
0.09271,0.03958,5.4150e-1,2.0804e+9,2.1045e+11
0.09479,0.03958,3.9824e-1,4.3948e+8,1.8437e+11
0.09688,0.03958,2.4531e-1,2.8728e+7,1.5925e+11
0.09896,0.03958,8.4234e-2,0.0000e+0,1.4431e+11
0.00104,0.04375,2.9672e+0,6.9399e+9,0.0000e+0
0.00313,0.04375,2.9713e+0,1.2424e+10,0.0000e+0
0.00521,0.04375,2.9802e+0,3.2221e+10,1.9672e+11
0.00729,0.04375,2.9828e+0,4.0460e+10,3.1930e+11
0.00937,0.04375,2.9729e+0,3.9227e+10,3.5727e+11
0.01146,0.04375,2.9491e+0,5.8796e+10,2.8292e+11
0.01354,0.04375,2.9187e+0,5.6037e+10,1.4281e+11
0.01563,0.04375,2.8910e+0,8.8341e+10,1.3540e+11
0.01771,0.04375,2.8674e+0,1.0729e+11,1.2031e+11
0.01979,0.04375,2.8497e+0,1.2022e+11,2.2480e+11
0.02187,0.04375,2.8318e+0,1.3239e+11,1.7833e+11
0.02396,0.04375,2.8178e+0,1.2497e+11,2.0750e+11
0.02604,0.04375,2.8044e+0,1.3102e+11,3.1895e+11
0.02813,0.04375,2.7845e+0,1.5094e+11,2.5806e+11
0.03021,0.04375,2.7644e+0,1.6268e+11,3.6869e+11
0.03229,0.04375,2.7362e+0,1.5558e+11,2.3103e+11
0.03438,0.04375,2.7086e+0,1.5306e+11,2.6815e+11
0.03646,0.04375,2.6796e+0,1.5826e+11,4.3124e+11
0.03854,0.04375,2.6388e+0,1.7419e+11,3.0761e+11
0.04063,0.04375,2.5966e+0,1.7103e+11,3.1597e+11
0.04271,0.04375,2.5520e+0,1.7240e+11,2.8284e+11
0.04479,0.04375,2.5075e+0,1.8621e+11,3.6821e+11
0.04688,0.04375,2.4573e+0,1.7896e+11,3.5751e+11
0.04896,0.04375,2.4007e+0,1.6167e+11,2.1373e+11
0.05104,0.04375,2.3465e+0,1.7415e+11,2.5229e+11
0.05312,0.04375,2.2928e+0,1.8092e+11,3.1394e+11
0.05521,0.04375,2.2364e+0,1.8050e+11,3.4464e+11
0.05729,0.04375,2.1752e+0,1.6744e+11,3.1339e+11
0.05937,0.04375,2.1105e+0,1.8075e+11,3.0523e+11
0.06146,0.04375,2.0440e+0,1.8277e+11,3.8267e+11
0.06354,0.04375,1.9699e+0,1.6651e+11,3.0602e+11
0.06563,0.04375,1.8916e+0,1.7390e+11,2.3432e+11
0.06771,0.04375,1.8131e+0,1.4845e+11,1.9057e+11
0.06979,0.04375,1.7354e+0,1.2805e+11,2.0939e+11
0.07187,0.04375,1.6564e+0,1.4151e+11,2.8802e+11
0.07396,0.04375,1.5719e+0,1.6614e+11,2.7461e+11
0.07604,0.04375,1.4852e+0,1.4044e+11,2.8543e+11
0.07813,0.04375,1.3937e+0,1.3221e+11,2.5698e+11
0.08021,0.04375,1.2986e+0,1.2931e+11,2.7596e+11
0.08229,0.04375,1.1979e+0,1.2130e+11,2.7068e+11
0.08438,0.04375,1.0913e+0,1.0314e+11,2.6267e+11
0.08646,0.04375,9.7799e-1,9.9972e+10,2.6841e+11
0.08854,0.04375,8.5660e-1,7.6419e+10,2.5915e+11
0.09062,0.04375,7.2542e-1,2.5268e+10,2.2109e+11
0.09271,0.04375,5.8292e-1,2.2326e+9,1.8604e+11
0.09479,0.04375,4.2945e-1,4.8668e+8,1.9736e+11
0.09688,0.04375,2.6374e-1,3.6899e+7,1.4196e+11
0.09896,0.04375,8.9668e-2,0.0000e+0,1.0350e+11
0.00104,0.04792,3.1491e+0,7.8323e+9,0.0000e+0
0.00313,0.04792,3.1533e+0,1.5311e+10,2.5745e+9
0.00521,0.04792,3.1621e+0,4.1094e+10,2.3096e+11
0.00729,0.04792,3.1623e+0,4.7028e+10,3.5378e+11
0.00937,0.04792,3.1475e+0,4.3756e+10,2.9061e+11
0.01146,0.04792,3.1217e+0,6.1141e+10,2.0598e+11
0.01354,0.04792,3.0929e+0,6.6855e+10,2.2020e+11
0.01563,0.04792,3.0620e+0,9.8040e+10,8.9583e+10
0.01771,0.04792,3.0396e+0,1.1346e+11,2.0995e+11
0.01979,0.04792,3.0172e+0,1.3965e+11,2.0355e+11
0.02187,0.04792,2.9975e+0,1.3625e+11,2.1729e+11
0.02396,0.04792,2.9791e+0,1.3281e+11,2.3808e+11
0.02604,0.04792,2.9595e+0,1.5325e+11,2.7730e+11
0.02813,0.04792,2.9376e+0,1.6029e+11,2.9611e+11
0.03021,0.04792,2.9133e+0,1.7177e+11,2.9712e+11
0.03229,0.04792,2.8863e+0,1.7674e+11,3.1340e+11
0.03438,0.04792,2.8567e+0,1.7778e+11,3.7253e+11
0.03646,0.04792,2.8213e+0,1.7726e+11,4.1563e+11
0.03854,0.04792,2.7779e+0,1.8796e+11,3.2429e+11
0.04063,0.04792,2.7348e+0,1.9517e+11,3.3934e+11
0.04271,0.04792,2.6903e+0,1.9322e+11,3.4907e+11
0.04479,0.04792,2.6430e+0,2.0231e+11,3.5234e+11
0.04688,0.04792,2.5923e+0,1.9065e+11,3.0926e+11
0.04896,0.04792,2.5405e+0,1.6882e+11,3.1418e+11
0.05104,0.04792,2.4868e+0,1.8904e+11,3.8323e+11
0.05312,0.04792,2.4284e+0,1.9853e+11,3.7672e+11
0.05521,0.04792,2.3661e+0,1.9967e+11,3.9715e+11
0.05729,0.04792,2.2982e+0,1.8596e+11,3.3529e+11
0.05937,0.04792,2.2271e+0,2.0117e+11,3.2035e+11
0.06146,0.04792,2.1539e+0,1.9646e+11,3.1424e+11
0.06354,0.04792,2.0784e+0,1.7847e+11,3.0698e+11
0.06563,0.04792,2.0002e+0,1.8369e+11,2.9251e+11
0.06771,0.04792,1.9213e+0,1.5938e+11,2.7758e+11
0.06979,0.04792,1.8408e+0,1.3256e+11,2.8367e+11
0.07187,0.04792,1.7559e+0,1.5431e+11,3.2084e+11
0.07396,0.04792,1.6653e+0,1.7675e+11,2.9634e+11
0.07604,0.04792,1.5719e+0,1.5023e+11,2.6046e+11
0.07813,0.04792,1.4752e+0,1.3993e+11,2.3437e+11
0.08021,0.04792,1.3752e+0,1.3616e+11,2.5637e+11
0.08229,0.04792,1.2692e+0,1.3608e+11,2.4740e+11
0.08438,0.04792,1.1578e+0,1.1815e+11,2.7054e+11
0.08646,0.04792,1.0390e+0,1.0428e+11,2.8915e+11
0.08854,0.04792,9.1128e-1,7.9233e+10,2.8838e+11
0.09062,0.04792,7.7328e-1,2.7192e+10,2.5840e+11
0.09271,0.04792,6.2382e-1,2.9216e+9,2.5696e+11
0.09479,0.04792,4.6176e-1,6.9033e+8,2.7717e+11
0.09688,0.04792,2.8568e-1,5.9549e+7,2.2969e+11
0.09896,0.04792,9.8517e-2,2.2760e+6,1.9442e+11
0.00104,0.05208,3.2994e+0,9.5524e+9,0.0000e+0
0.00313,0.05208,3.3035e+0,1.8669e+10,1.4634e+10
0.00521,0.05208,3.3119e+0,4.1506e+10,2.1612e+11
0.00729,0.05208,3.3139e+0,4.0976e+10,3.0848e+11
0.00937,0.05208,3.3064e+0,5.5333e+10,5.0742e+11
0.01146,0.05208,3.2804e+0,7.7074e+10,4.2110e+11
0.01354,0.05208,3.2461e+0,7.4007e+10,2.1792e+11
0.01563,0.05208,3.2157e+0,1.0439e+11,1.7046e+11
0.01771,0.05208,3.1922e+0,1.2661e+11,3.6436e+11
0.01979,0.05208,3.1624e+0,1.4223e+11,1.8027e+11
0.02187,0.05208,3.1398e+0,1.3889e+11,2.3643e+11
0.02396,0.05208,3.1185e+0,1.3356e+11,3.1941e+11
0.02604,0.05208,3.0915e+0,1.5544e+11,2.4718e+11
0.02813,0.05208,3.0644e+0,1.6739e+11,2.0940e+11
0.03021,0.05208,3.0403e+0,1.7011e+11,3.1825e+11
0.03229,0.05208,3.0116e+0,1.7733e+11,3.7823e+11
0.03438,0.05208,2.9749e+0,1.7759e+11,3.9951e+11
0.03646,0.05208,2.9285e+0,1.8140e+11,2.3734e+11
0.03854,0.05208,2.8827e+0,1.9811e+11,1.6743e+11
0.04063,0.05208,2.8428e+0,2.0997e+11,3.2157e+11
0.04271,0.05208,2.7992e+0,2.1144e+11,2.9900e+11
0.04479,0.05208,2.7542e+0,2.2622e+11,3.9201e+11
0.04688,0.05208,2.7035e+0,2.0529e+11,3.2547e+11
0.04896,0.05208,2.6512e+0,1.7813e+11,3.3834e+11
0.05104,0.05208,2.5942e+0,2.1365e+11,3.7384e+11
0.05312,0.05208,2.5327e+0,2.2538e+11,3.9645e+11
0.05521,0.05208,2.4663e+0,2.1629e+11,3.4608e+11
0.05729,0.05208,2.3976e+0,1.9148e+11,3.6178e+11
0.05937,0.05208,2.3241e+0,2.1271e+11,3.8156e+11
0.06146,0.05208,2.2467e+0,2.1018e+11,3.5232e+11
0.06354,0.05208,2.1671e+0,1.9432e+11,2.9247e+11
0.06563,0.05208,2.0873e+0,1.9901e+11,2.6032e+11
0.06771,0.05208,2.0087e+0,1.6930e+11,2.8607e+11
0.06979,0.05208,1.9264e+0,1.4136e+11,3.0143e+11
0.07187,0.05208,1.8364e+0,1.7038e+11,2.7581e+11
0.07396,0.05208,1.7423e+0,1.9353e+11,2.4798e+11
0.07604,0.05208,1.6481e+0,1.6942e+11,2.7718e+11
0.07813,0.05208,1.5503e+0,1.5453e+11,2.6876e+11
0.08021,0.05208,1.4488e+0,1.4714e+11,3.5043e+11
0.08229,0.05208,1.3381e+0,1.4477e+11,3.6180e+11
0.08438,0.05208,1.2176e+0,1.2641e+11,3.0978e+11
0.08646,0.05208,1.0893e+0,1.0915e+11,2.7229e+11
0.08854,0.05208,9.5393e-1,8.5211e+10,2.8906e+11
0.09062,0.05208,8.0760e-1,2.7808e+10,2.3734e+11
0.09271,0.05208,6.4927e-1,2.3742e+9,2.1438e+11
0.09479,0.05208,4.7816e-1,5.9534e+8,1.9114e+11
0.09688,0.05208,2.9541e-1,1.5336e+8,1.8164e+11
0.09896,0.05208,1.0196e-1,6.6627e+7,1.8550e+11
0.00104,0.05625,3.4199e+0,9.2908e+9,0.0000e+0
0.00313,0.05625,3.4212e+0,2.0971e+10,0.0000e+0
0.00521,0.05625,3.4242e+0,4.4887e+10,1.1455e+11
0.00729,0.05625,3.4224e+0,4.4396e+10,1.7322e+11
0.00937,0.05625,3.4121e+0,6.1130e+10,2.9110e+11
0.01146,0.05625,3.3862e+0,7.9257e+10,1.3634e+11
0.01354,0.05625,3.3585e+0,7.7197e+10,5.6334e+10
0.01563,0.05625,3.3349e+0,1.0784e+11,2.0772e+11
0.01771,0.05625,3.3083e+0,1.3432e+11,2.4834e+11
0.01979,0.05625,3.2780e+0,1.5105e+11,1.2562e+11
0.02187,0.05625,3.2545e+0,1.5865e+11,2.1266e+11
0.02396,0.05625,3.2304e+0,1.3323e+11,2.1977e+11
0.02604,0.05625,3.2041e+0,1.5650e+11,2.8958e+11
0.02813,0.05625,3.1735e+0,1.7074e+11,1.8117e+11
0.03021,0.05625,3.1469e+0,1.8024e+11,3.2526e+11
0.03229,0.05625,3.1139e+0,1.8180e+11,3.6395e+11
0.03438,0.05625,3.0722e+0,1.9156e+11,3.1291e+11
0.03646,0.05625,3.0262e+0,2.1490e+11,2.3718e+11
0.03854,0.05625,2.9829e+0,2.1378e+11,3.0198e+11
0.04063,0.05625,2.9392e+0,2.2062e+11,3.0749e+11
0.04271,0.05625,2.8946e+0,2.1876e+11,3.6555e+11
0.04479,0.05625,2.8448e+0,2.2476e+11,3.1541e+11
0.04688,0.05625,2.7931e+0,2.1533e+11,3.0913e+11
0.04896,0.05625,2.7392e+0,1.8311e+11,3.3711e+11
0.05104,0.05625,2.6792e+0,2.1983e+11,3.8253e+11
0.05312,0.05625,2.6128e+0,2.2873e+11,3.2276e+11
0.05521,0.05625,2.5450e+0,2.2313e+11,3.4473e+11
0.05729,0.05625,2.4735e+0,2.0293e+11,3.7691e+11
0.05937,0.05625,2.3941e+0,2.2984e+11,2.8891e+11
0.06146,0.05625,2.3138e+0,2.2367e+11,2.0665e+11
0.06354,0.05625,2.2364e+0,2.0704e+11,2.0399e+11
0.06563,0.05625,2.1607e+0,2.1763e+11,2.5623e+11
0.06771,0.05625,2.0841e+0,1.8392e+11,2.8985e+11
0.06979,0.05625,2.0024e+0,1.5594e+11,3.3090e+11
0.07187,0.05625,1.9109e+0,1.8515e+11,3.1327e+11
0.07396,0.05625,1.8132e+0,2.1381e+11,2.5626e+11
0.07604,0.05625,1.7155e+0,1.9158e+11,2.7395e+11
0.07813,0.05625,1.6148e+0,1.6716e+11,3.2181e+11
0.08021,0.05625,1.5064e+0,1.5916e+11,3.2896e+11
0.08229,0.05625,1.3895e+0,1.5610e+11,3.2924e+11
0.08438,0.05625,1.2635e+0,1.3231e+11,2.8448e+11
0.08646,0.05625,1.1294e+0,1.1737e+11,2.3120e+11
0.08854,0.05625,9.8957e-1,9.8915e+10,2.9108e+11
0.09062,0.05625,8.3807e-1,2.9871e+10,2.3113e+11
0.09271,0.05625,6.7411e-1,2.2685e+9,2.2138e+11
0.09479,0.05625,4.9677e-1,5.0044e+8,2.0765e+11
0.09688,0.05625,3.0711e-1,1.4818e+8,1.9866e+11
0.09896,0.05625,1.0582e-1,9.9335e+7,1.8364e+11
0.00104,0.06042,3.5328e+0,9.2273e+9,0.0000e+0
0.00313,0.06042,3.5328e+0,2.2300e+10,1.8034e+9
0.00521,0.06042,3.5329e+0,6.3230e+10,4.1511e+10
0.00729,0.06042,3.5316e+0,7.0100e+10,1.3823e+11
0.00937,0.06042,3.5238e+0,7.1785e+10,3.0981e+11
0.01146,0.06042,3.5008e+0,9.2799e+10,1.3910e+11
0.01354,0.06042,3.4771e+0,8.5126e+10,2.1275e+11
0.01563,0.06042,3.4481e+0,1.2167e+11,2.3291e+11
0.01771,0.06042,3.4162e+0,1.5002e+11,1.8632e+11
0.01979,0.06042,3.3864e+0,1.5665e+11,1.1998e+11
0.02187,0.06042,3.3633e+0,1.7122e+11,3.2123e+11
0.02396,0.06042,3.3331e+0,1.4663e+11,2.3518e+11
0.02604,0.06042,3.3011e+0,1.8364e+11,2.1302e+11
0.02813,0.06042,3.2715e+0,1.8492e+11,2.6234e+11
0.03021,0.06042,3.2417e+0,1.8854e+11,3.7683e+11
0.03229,0.06042,3.2038e+0,1.9086e+11,3.7100e+11
0.03438,0.06042,3.1588e+0,1.9695e+11,2.3882e+11
0.03646,0.06042,3.1162e+0,2.2361e+11,4.0427e+11
0.03854,0.06042,3.0670e+0,2.3193e+11,2.7990e+11
0.04063,0.06042,3.0205e+0,2.3121e+11,3.0921e+11
0.04271,0.06042,2.9738e+0,2.3147e+11,3.2726e+11
0.04479,0.06042,2.9240e+0,2.2907e+11,3.2699e+11
0.04688,0.06042,2.8712e+0,2.2324e+11,3.5557e+11
0.04896,0.06042,2.8132e+0,1.8829e+11,3.1246e+11
0.05104,0.06042,2.7491e+0,2.2140e+11,3.1451e+11
0.05312,0.06042,2.6797e+0,2.3008e+11,2.5232e+11
0.05521,0.06042,2.6105e+0,2.2580e+11,3.0964e+11
0.05729,0.06042,2.5370e+0,2.1255e+11,2.8142e+11
0.05937,0.06042,2.4606e+0,2.4342e+11,2.6699e+11
0.06146,0.06042,2.3856e+0,2.3835e+11,2.8990e+11
0.06354,0.06042,2.3100e+0,2.2029e+11,2.5023e+11
0.06563,0.06042,2.2347e+0,2.2120e+11,2.8819e+11
0.06771,0.06042,2.1566e+0,1.9427e+11,2.8554e+11
0.06979,0.06042,2.0734e+0,1.7421e+11,3.3382e+11
0.07187,0.06042,1.9805e+0,2.0782e+11,3.3582e+11
0.07396,0.06042,1.8821e+0,2.2790e+11,3.6119e+11
0.07604,0.06042,1.7798e+0,1.9322e+11,3.5669e+11
0.07813,0.06042,1.6724e+0,1.7261e+11,3.7078e+11
0.08021,0.06042,1.5568e+0,1.6337e+11,3.1702e+11
0.08229,0.06042,1.4353e+0,1.6022e+11,3.1858e+11
0.08438,0.06042,1.3067e+0,1.3122e+11,3.0482e+11
0.08646,0.06042,1.1698e+0,1.2346e+11,2.8551e+11
0.08854,0.06042,1.0253e+0,1.0575e+11,3.1177e+11
0.09062,0.06042,8.6963e-1,3.0868e+10,2.8908e+11
0.09271,0.06042,6.9894e-1,2.1050e+9,2.2350e+11
0.09479,0.06042,5.1578e-1,3.8820e+8,2.3481e+11
0.09688,0.06042,3.1971e-1,1.6617e+8,2.3399e+11
0.09896,0.06042,1.1088e-1,1.4168e+8,2.3035e+11
0.00104,0.06458,3.6484e+0,7.0829e+9,0.0000e+0
0.00313,0.06458,3.6506e+0,2.0469e+10,3.1581e+10
0.00521,0.06458,3.6545e+0,5.6107e+10,2.2692e+11
0.00729,0.06458,3.6508e+0,6.8587e+10,2.9191e+11
0.00937,0.06458,3.6357e+0,6.9674e+10,1.3161e+11
0.01146,0.06458,3.6201e+0,9.6629e+10,3.5165e+11
0.01354,0.06458,3.5932e+0,9.0593e+10,3.8110e+11
0.01563,0.06458,3.5546e+0,1.3121e+11,1.9571e+11
0.01771,0.06458,3.5187e+0,1.5742e+11,1.4513e+11
0.01979,0.06458,3.4905e+0,1.7237e+11,2.5240e+11
0.02187,0.06458,3.4634e+0,1.7165e+11,3.8548e+11
0.02396,0.06458,3.4262e+0,1.5445e+11,2.3363e+11
0.02604,0.06458,3.3889e+0,1.7761e+11,2.0176e+11
0.02813,0.06458,3.3552e+0,1.9114e+11,3.0455e+11
0.03021,0.06458,3.3188e+0,1.9732e+11,3.5846e+11
0.03229,0.06458,3.2761e+0,2.0257e+11,2.6427e+11
0.03438,0.06458,3.2335e+0,2.0636e+11,3.2900e+11
0.03646,0.06458,3.1862e+0,2.4331e+11,3.2884e+11
0.03854,0.06458,3.1355e+0,2.4939e+11,2.4150e+11
0.04063,0.06458,3.0880e+0,2.4098e+11,2.0237e+11
0.04271,0.06458,3.0446e+0,2.3901e+11,3.5680e+11
0.04479,0.06458,2.9944e+0,2.2877e+11,3.5524e+11
0.04688,0.06458,2.9381e+0,2.3787e+11,2.5825e+11
0.04896,0.06458,2.8831e+0,2.0304e+11,3.5737e+11
0.05104,0.06458,2.8213e+0,2.3330e+11,4.4498e+11
0.05312,0.06458,2.7503e+0,2.3472e+11,3.4529e+11
0.05521,0.06458,2.6774e+0,2.2659e+11,3.3408e+11
0.05729,0.06458,2.6010e+0,2.2842e+11,2.6758e+11
0.05937,0.06458,2.5253e+0,2.5982e+11,2.6295e+11
0.06146,0.06458,2.4536e+0,2.4591e+11,3.1378e+11
0.06354,0.06458,2.3829e+0,2.1929e+11,3.8953e+11
0.06563,0.06458,2.3086e+0,2.3096e+11,4.1716e+11
0.06771,0.06458,2.2306e+0,2.0326e+11,4.6804e+11
0.06979,0.06458,2.1436e+0,1.8515e+11,5.0257e+11
0.07187,0.06458,2.0430e+0,2.3428e+11,4.3300e+11
0.07396,0.06458,1.9357e+0,2.4990e+11,3.7210e+11
0.07604,0.06458,1.8251e+0,2.0491e+11,2.8206e+11
0.07813,0.06458,1.7120e+0,1.8065e+11,2.6019e+11
0.08021,0.06458,1.5948e+0,1.7281e+11,2.7694e+11
0.08229,0.06458,1.4725e+0,1.6280e+11,3.2617e+11
0.08438,0.06458,1.3420e+0,1.3569e+11,3.1195e+11
0.08646,0.06458,1.2029e+0,1.3055e+11,3.2094e+11
0.08854,0.06458,1.0551e+0,1.0718e+11,3.4158e+11
0.09062,0.06458,8.9522e-1,3.4235e+10,3.0590e+11
0.09271,0.06458,7.1998e-1,2.2296e+9,2.6673e+11
0.09479,0.06458,5.2952e-1,3.5798e+8,2.1076e+11
0.09688,0.06458,3.2727e-1,1.2618e+8,2.0552e+11
0.09896,0.06458,1.1348e-1,8.6695e+7,2.2808e+11
0.00104,0.06875,3.7486e+0,1.3461e+10,0.0000e+0
0.00313,0.06875,3.7499e+0,2.3015e+10,2.6214e+9
0.00521,0.06875,3.7526e+0,6.3770e+10,6.3291e+10
0.00729,0.06875,3.7562e+0,7.1700e+10,4.1451e+11
0.00937,0.06875,3.7436e+0,6.9548e+10,4.1260e+11
0.01146,0.06875,3.7200e+0,9.9950e+10,4.3939e+11
0.01354,0.06875,3.6852e+0,1.0070e+11,2.5115e+11
0.01563,0.06875,3.6495e+0,1.3263e+11,2.9153e+11
0.01771,0.06875,3.6098e+0,1.6632e+11,1.8207e+11
0.01979,0.06875,3.5763e+0,1.8085e+11,1.8158e+11
0.02187,0.06875,3.5489e+0,1.7388e+11,4.4236e+11
0.02396,0.06875,3.5081e+0,1.5380e+11,2.5548e+11
0.02604,0.06875,3.4658e+0,1.7442e+11,2.2208e+11
0.02813,0.06875,3.4241e+0,1.9331e+11,2.2793e+11
0.03021,0.06875,3.3819e+0,1.9835e+11,1.9794e+11
0.03229,0.06875,3.3398e+0,2.1048e+11,1.9215e+11
0.03438,0.06875,3.2992e+0,2.1547e+11,2.9865e+11
0.03646,0.06875,3.2538e+0,2.4264e+11,3.4271e+11
0.03854,0.06875,3.2043e+0,2.6510e+11,2.2543e+11
0.04063,0.06875,3.1606e+0,2.4593e+11,3.0348e+11
0.04271,0.06875,3.1147e+0,2.5461e+11,4.0259e+11
0.04479,0.06875,3.0596e+0,2.3414e+11,2.8015e+11
0.04688,0.06875,3.0030e+0,2.3522e+11,3.2992e+11
0.04896,0.06875,2.9420e+0,2.1090e+11,3.2529e+11
0.05104,0.06875,2.8746e+0,2.3936e+11,2.9589e+11
0.05312,0.06875,2.8050e+0,2.4139e+11,2.6460e+11
0.05521,0.06875,2.7358e+0,2.4800e+11,3.6763e+11
0.05729,0.06875,2.6607e+0,2.4081e+11,3.1233e+11
0.05937,0.06875,2.5833e+0,2.6917e+11,3.1225e+11
0.06146,0.06875,2.5060e+0,2.5565e+11,3.2306e+11
0.06354,0.06875,2.4267e+0,2.3571e+11,2.6145e+11
0.06563,0.06875,2.3480e+0,2.4664e+11,3.0880e+11
0.06771,0.06875,2.2679e+0,2.1440e+11,3.7508e+11
0.06979,0.06875,2.1798e+0,1.9445e+11,3.8335e+11
0.07187,0.06875,2.0822e+0,2.2875e+11,4.1157e+11
0.07396,0.06875,1.9760e+0,2.5996e+11,3.4646e+11
0.07604,0.06875,1.8686e+0,2.1431e+11,3.6272e+11
0.07813,0.06875,1.7554e+0,1.8639e+11,3.8801e+11
0.08021,0.06875,1.6324e+0,1.7865e+11,2.9301e+11
0.08229,0.06875,1.5047e+0,1.6455e+11,3.1224e+11
0.08438,0.06875,1.3690e+0,1.4408e+11,2.8938e+11
0.08646,0.06875,1.2251e+0,1.3256e+11,2.6306e+11
0.08854,0.06875,1.0739e+0,1.0796e+11,2.7666e+11
0.09062,0.06875,9.1242e-1,3.6694e+10,2.8151e+11
0.09271,0.06875,7.3520e-1,2.6633e+9,2.6789e+11
0.09479,0.06875,5.4159e-1,3.9782e+8,2.3821e+11
0.09688,0.06875,3.3430e-1,1.0343e+8,2.0700e+11
0.09896,0.06875,1.1578e-1,8.1177e+7,2.3123e+11
0.00104,0.07292,3.8426e+0,1.8754e+10,0.0000e+0
0.00313,0.07292,3.8451e+0,2.8483e+10,1.3676e+11
0.00521,0.07292,3.8418e+0,6.3916e+10,3.1711e+11
0.00729,0.07292,3.8242e+0,7.6327e+10,2.0142e+11
0.00937,0.07292,3.8035e+0,7.3335e+10,2.2278e+11
0.01146,0.07292,3.7790e+0,9.7932e+10,1.9753e+11
0.01354,0.07292,3.7558e+0,1.0105e+11,2.9376e+11
0.01563,0.07292,3.7304e+0,1.4217e+11,5.8834e+11
0.01771,0.07292,3.6881e+0,1.7975e+11,3.2983e+11
0.01979,0.07292,3.6505e+0,1.8303e+11,3.1798e+11
0.02187,0.07292,3.6166e+0,1.7188e+11,3.6260e+11
0.02396,0.07292,3.5788e+0,1.5109e+11,3.0599e+11
0.02604,0.07292,3.5384e+0,1.8346e+11,3.1365e+11
0.02813,0.07292,3.4972e+0,1.9457e+11,3.0640e+11
0.03021,0.07292,3.4557e+0,2.0503e+11,3.0930e+11
0.03229,0.07292,3.4141e+0,2.2605e+11,3.7255e+11
0.03438,0.07292,3.3683e+0,2.1798e+11,3.5015e+11
0.03646,0.07292,3.3175e+0,2.4138e+11,2.1603e+11
0.03854,0.07292,3.2726e+0,2.6258e+11,2.6374e+11
0.04063,0.07292,3.2332e+0,2.5372e+11,4.8367e+11
0.04271,0.07292,3.1845e+0,2.6559e+11,4.8033e+11
0.04479,0.07292,3.1270e+0,2.5398e+11,3.8030e+11
0.04688,0.07292,3.0660e+0,2.3763e+11,3.4280e+11
0.04896,0.07292,3.0014e+0,2.1642e+11,3.3699e+11
0.05104,0.07292,2.9305e+0,2.5581e+11,2.7132e+11
0.05312,0.07292,2.8612e+0,2.5925e+11,3.1863e+11
0.05521,0.07292,2.7914e+0,2.5336e+11,3.6334e+11
0.05729,0.07292,2.7183e+0,2.4831e+11,4.2050e+11
0.05937,0.07292,2.6382e+0,2.8086e+11,3.8984e+11
0.06146,0.07292,2.5556e+0,2.7221e+11,3.5706e+11
0.06354,0.07292,2.4704e+0,2.3833e+11,2.9251e+11
0.06563,0.07292,2.3836e+0,2.5797e+11,2.7166e+11
0.06771,0.07292,2.2966e+0,2.2022e+11,2.6223e+11
0.06979,0.07292,2.2064e+0,1.9650e+11,2.8947e+11
0.07187,0.07292,2.1097e+0,2.2788e+11,3.5571e+11
0.07396,0.07292,2.0058e+0,2.7309e+11,3.4046e+11
0.07604,0.07292,1.9005e+0,2.2014e+11,3.7436e+11
0.07813,0.07292,1.7878e+0,1.9533e+11,3.8077e+11
0.08021,0.07292,1.6656e+0,1.8536e+11,3.4669e+11
0.08229,0.07292,1.5358e+0,1.7047e+11,3.4603e+11
0.08438,0.07292,1.3973e+0,1.5248e+11,3.3036e+11
0.08646,0.07292,1.2499e+0,1.3910e+11,2.8734e+11
0.08854,0.07292,1.0952e+0,1.1409e+11,2.8813e+11
0.09062,0.07292,9.3138e-1,3.7052e+10,3.3314e+11
0.09271,0.07292,7.4927e-1,2.6792e+9,2.6224e+11
0.09479,0.07292,5.5134e-1,5.5349e+8,2.3216e+11
0.09688,0.07292,3.3958e-1,1.4733e+8,1.9540e+11
0.09896,0.07292,1.1654e-1,3.6202e+7,1.8171e+11
0.00104,0.07708,3.9228e+0,4.2896e+10,0.0000e+0
0.00313,0.07708,3.9302e+0,3.8683e+10,3.5754e+11
0.00521,0.07708,3.9253e+0,6.6146e+10,7.5629e+11
0.00729,0.07708,3.8872e+0,8.7861e+10,2.1444e+11
0.00937,0.07708,3.8521e+0,7.7924e+10,1.1419e+11
0.01146,0.07708,3.8188e+0,1.0120e+11,8.5072e+10
0.01354,0.07708,3.7894e+0,1.0271e+11,1.4706e+11
0.01563,0.07708,3.7571e+0,1.3618e+11,1.9845e+11
0.01771,0.07708,3.7189e+0,1.8482e+11,1.4293e+11
0.01979,0.07708,3.6825e+0,1.8925e+11,6.1140e+10
0.02187,0.07708,3.6537e+0,1.7656e+11,1.5647e+11
0.02396,0.07708,3.6249e+0,1.5153e+11,2.8389e+11
0.02604,0.07708,3.5867e+0,1.8522e+11,2.3021e+11
0.02813,0.07708,3.5481e+0,2.0584e+11,2.6985e+11
0.03021,0.07708,3.5087e+0,2.2208e+11,2.7027e+11
0.03229,0.07708,3.4709e+0,2.3353e+11,4.0010e+11
0.03438,0.07708,3.4270e+0,2.2304e+11,3.8266e+11
0.03646,0.07708,3.3769e+0,2.5073e+11,3.3062e+11
0.03854,0.07708,3.3272e+0,2.6667e+11,2.8802e+11
0.04063,0.07708,3.2802e+0,2.6456e+11,2.9210e+11
0.04271,0.07708,3.2325e+0,2.6990e+11,3.4331e+11
0.04479,0.07708,3.1794e+0,2.6675e+11,3.5261e+11
0.04688,0.07708,3.1219e+0,2.4554e+11,3.7887e+11
0.04896,0.07708,3.0593e+0,2.2942e+11,4.6116e+11
0.05104,0.07708,2.9865e+0,2.8053e+11,4.1571e+11
0.05312,0.07708,2.9122e+0,2.6852e+11,3.9187e+11
0.05521,0.07708,2.8364e+0,2.6008e+11,3.4934e+11
0.05729,0.07708,2.7604e+0,2.5690e+11,3.8631e+11
0.05937,0.07708,2.6809e+0,2.9395e+11,3.9416e+11
0.06146,0.07708,2.6000e+0,2.7603e+11,4.1167e+11
0.06354,0.07708,2.5151e+0,2.4509e+11,3.8258e+11
0.06563,0.07708,2.4263e+0,2.6776e+11,3.6624e+11
0.06771,0.07708,2.3362e+0,2.1941e+11,3.5666e+11
0.06979,0.07708,2.2409e+0,1.8946e+11,3.5249e+11
0.07187,0.07708,2.1377e+0,2.2551e+11,3.0813e+11
0.07396,0.07708,2.0319e+0,2.7565e+11,3.3897e+11
0.07604,0.07708,1.9257e+0,2.2872e+11,3.8356e+11
0.07813,0.07708,1.8124e+0,1.9682e+11,3.6283e+11
0.08021,0.07708,1.6913e+0,1.8537e+11,3.9055e+11
0.08229,0.07708,1.5600e+0,1.7216e+11,3.5627e+11
0.08438,0.07708,1.4198e+0,1.5079e+11,3.2561e+11
0.08646,0.07708,1.2712e+0,1.3166e+11,3.0340e+11
0.08854,0.07708,1.1140e+0,1.1024e+11,3.0596e+11
0.09062,0.07708,9.4617e-1,3.6913e+10,3.0073e+11
0.09271,0.07708,7.6213e-1,2.3197e+9,2.6745e+11
0.09479,0.07708,5.6170e-1,5.2919e+8,2.3621e+11
0.09688,0.07708,3.4733e-1,1.7207e+8,2.3553e+11
0.09896,0.07708,1.1960e-1,5.1659e+7,2.1128e+11
0.00104,0.08125,3.9573e+0,1.2991e+11,0.0000e+0
0.00313,0.08125,3.9610e+0,6.2019e+10,8.0719e+10
0.00521,0.08125,3.9595e+0,6.4190e+10,3.0838e+11
0.00729,0.08125,3.9403e+0,8.5077e+10,2.5252e+11
0.00937,0.08125,3.9119e+0,7.4044e+10,2.8763e+11
0.01146,0.08125,3.8715e+0,9.8785e+10,4.0470e+10
0.01354,0.08125,3.8393e+0,9.9324e+10,1.1816e+11
0.01563,0.08125,3.8069e+0,1.5246e+11,1.6955e+11
0.01771,0.08125,3.7733e+0,1.8959e+11,2.2400e+11
0.01979,0.08125,3.7386e+0,1.8783e+11,1.7107e+11
0.02187,0.08125,3.7073e+0,1.8693e+11,1.6864e+11
0.02396,0.08125,3.6789e+0,1.6433e+11,4.0646e+11
0.02604,0.08125,3.6352e+0,1.8847e+11,2.1330e+11
0.02813,0.08125,3.5931e+0,2.1005e+11,2.4071e+11
0.03021,0.08125,3.5510e+0,2.1838e+11,1.9477e+11
0.03229,0.08125,3.5106e+0,2.4336e+11,2.1116e+11
0.03438,0.08125,3.4711e+0,2.3584e+11,3.8592e+11
0.03646,0.08125,3.4217e+0,2.5974e+11,2.6766e+11
0.03854,0.08125,3.3743e+0,2.7437e+11,2.5863e+11
0.04063,0.08125,3.3313e+0,2.8480e+11,3.3840e+11
0.04271,0.08125,3.2887e+0,2.8617e+11,5.3995e+11
0.04479,0.08125,3.2329e+0,2.7209e+11,4.7756e+11
0.04688,0.08125,3.1668e+0,2.5532e+11,3.5079e+11
0.04896,0.08125,3.0967e+0,2.3234e+11,3.6517e+11
0.05104,0.08125,3.0184e+0,2.9562e+11,2.8440e+11
0.05312,0.08125,2.9418e+0,2.7518e+11,2.7965e+11
0.05521,0.08125,2.8653e+0,2.6506e+11,2.7895e+11
0.05729,0.08125,2.7879e+0,2.5817e+11,2.7939e+11
0.05937,0.08125,2.7087e+0,2.9356e+11,3.1178e+11
0.06146,0.08125,2.6289e+0,2.8598e+11,3.8531e+11
0.06354,0.08125,2.5437e+0,2.6097e+11,3.5297e+11
0.06563,0.08125,2.4546e+0,2.7673e+11,3.3625e+11
0.06771,0.08125,2.3645e+0,2.2616e+11,3.6306e+11
0.06979,0.08125,2.2679e+0,1.9550e+11,3.7921e+11
0.07187,0.08125,2.1621e+0,2.3074e+11,3.4840e+11
0.07396,0.08125,2.0518e+0,2.8790e+11,3.1854e+11
0.07604,0.08125,1.9425e+0,2.3562e+11,3.3177e+11
0.07813,0.08125,1.8285e+0,1.9774e+11,3.3389e+11
0.08021,0.08125,1.7069e+0,1.9207e+11,3.6345e+11
0.08229,0.08125,1.5754e+0,1.7682e+11,3.3393e+11
0.08438,0.08125,1.4356e+0,1.4852e+11,3.0923e+11
0.08646,0.08125,1.2874e+0,1.3971e+11,3.2551e+11
0.08854,0.08125,1.1289e+0,1.1119e+11,3.0602e+11
0.09062,0.08125,9.5922e-1,3.5924e+10,2.8511e+11
0.09271,0.08125,7.7454e-1,2.2738e+9,3.0180e+11
0.09479,0.08125,5.7198e-1,4.9891e+8,2.7297e+11
0.09688,0.08125,3.5363e-1,1.9973e+8,2.3389e+11
0.09896,0.08125,1.2187e-1,9.3195e+7,2.1556e+11
0.00104,0.08542,4.0025e+0,6.5305e+10,0.0000e+0
0.00313,0.08542,4.0039e+0,3.6867e+10,0.0000e+0
0.00521,0.08542,4.0044e+0,6.4988e+10,1.1283e+10
0.00729,0.08542,4.0053e+0,8.8665e+10,4.4825e+11
0.00937,0.08542,3.9827e+0,8.0843e+10,5.5748e+11
0.01146,0.08542,3.9361e+0,1.0936e+11,7.5963e+10
0.01354,0.08542,3.9038e+0,1.0107e+11,2.0321e+11
0.01563,0.08542,3.8738e+0,1.5997e+11,3.9789e+11
0.01771,0.08542,3.8370e+0,1.9220e+11,3.0135e+11
0.01979,0.08542,3.8005e+0,1.9068e+11,2.2190e+11
0.02187,0.08542,3.7666e+0,1.9599e+11,2.8955e+11
0.02396,0.08542,3.7301e+0,1.7124e+11,3.4777e+11
0.02604,0.08542,3.6831e+0,1.9887e+11,1.3675e+11
0.02813,0.08542,3.6412e+0,2.0858e+11,1.0555e+11
0.03021,0.08542,3.6058e+0,2.2315e+11,2.6958e+11
0.03229,0.08542,3.5667e+0,2.4826e+11,4.0500e+11
0.03438,0.08542,3.5182e+0,2.3473e+11,2.9691e+11
0.03646,0.08542,3.4672e+0,2.7244e+11,2.6230e+11
0.03854,0.08542,3.4188e+0,2.8461e+11,2.9072e+11
0.04063,0.08542,3.3724e+0,2.9280e+11,3.1095e+11
0.04271,0.08542,3.3275e+0,2.9193e+11,4.4468e+11
0.04479,0.08542,3.2748e+0,2.7273e+11,5.1320e+11
0.04688,0.08542,3.2095e+0,2.5655e+11,4.1349e+11
0.04896,0.08542,3.1377e+0,2.3653e+11,3.7660e+11
0.05104,0.08542,3.0599e+0,3.0373e+11,3.7491e+11
0.05312,0.08542,2.9819e+0,2.8639e+11,3.3851e+11
0.05521,0.08542,2.9047e+0,2.8202e+11,3.3824e+11
0.05729,0.08542,2.8271e+0,2.6426e+11,3.7340e+11
0.05937,0.08542,2.7447e+0,2.9511e+11,3.7921e+11
0.06146,0.08542,2.6590e+0,2.9193e+11,3.5149e+11
0.06354,0.08542,2.5706e+0,2.6706e+11,3.1561e+11
0.06563,0.08542,2.4794e+0,2.7971e+11,3.0147e+11
0.06771,0.08542,2.3873e+0,2.2772e+11,3.5987e+11
0.06979,0.08542,2.2862e+0,2.0577e+11,2.7591e+11
0.07187,0.08542,2.1802e+0,2.3943e+11,2.9552e+11
0.07396,0.08542,2.0703e+0,2.9377e+11,2.9961e+11
0.07604,0.08542,1.9600e+0,2.3420e+11,2.9886e+11
0.07813,0.08542,1.8449e+0,1.9971e+11,3.1076e+11
0.08021,0.08542,1.7212e+0,2.0154e+11,3.1418e+11
0.08229,0.08542,1.5884e+0,1.7914e+11,2.5721e+11
0.08438,0.08542,1.4488e+0,1.5041e+11,2.4573e+11
0.08646,0.08542,1.3014e+0,1.4341e+11,3.0120e+11
0.08854,0.08542,1.1429e+0,1.1476e+11,3.3379e+11
0.09062,0.08542,9.7017e-1,3.5192e+10,2.7363e+11
0.09271,0.08542,7.8174e-1,2.2034e+9,2.3326e+11
0.09479,0.08542,5.7839e-1,4.9700e+8,2.5404e+11
0.09688,0.08542,3.5945e-1,2.0665e+8,2.7361e+11
0.09896,0.08542,1.2442e-1,7.4860e+7,2.4583e+11
0.00104,0.08958,4.0573e+0,5.3849e+10,0.0000e+0
0.00313,0.08958,4.0595e+0,4.1679e+10,1.9175e+9
0.00521,0.08958,4.0636e+0,6.8840e+10,1.5510e+11
0.00729,0.08958,4.0630e+0,8.6278e+10,6.1537e+11
0.00937,0.08958,4.0312e+0,8.2490e+10,4.7745e+11
0.01146,0.08958,3.9826e+0,1.0512e+11,7.4962e+10
0.01354,0.08958,3.9462e+0,1.0634e+11,1.7061e+11
0.01563,0.08958,3.9109e+0,1.5835e+11,1.0543e+11
0.01771,0.08958,3.8825e+0,1.8714e+11,1.9148e+11
0.01979,0.08958,3.8568e+0,1.9303e+11,4.0260e+11
0.02187,0.08958,3.8205e+0,1.8967e+11,2.7249e+11
0.02396,0.08958,3.7827e+0,1.6423e+11,2.2322e+11
0.02604,0.08958,3.7444e+0,1.9283e+11,2.7093e+11
0.02813,0.08958,3.7070e+0,2.1629e+11,3.1937e+11
0.03021,0.08958,3.6706e+0,2.3661e+11,5.0854e+11
0.03229,0.08958,3.6229e+0,2.6399e+11,4.6924e+11
0.03438,0.08958,3.5680e+0,2.3840e+11,2.8808e+11
0.03646,0.08958,3.5167e+0,2.7865e+11,3.9871e+11
0.03854,0.08958,3.4636e+0,2.8723e+11,3.2923e+11
0.04063,0.08958,3.4115e+0,2.9296e+11,3.1831e+11
0.04271,0.08958,3.3589e+0,3.0045e+11,3.4846e+11
0.04479,0.08958,3.3021e+0,2.7629e+11,3.2001e+11
0.04688,0.08958,3.2414e+0,2.5885e+11,3.9791e+11
0.04896,0.08958,3.1715e+0,2.4282e+11,3.9011e+11
0.05104,0.08958,3.0925e+0,3.1134e+11,3.2694e+11
0.05312,0.08958,3.0142e+0,2.8452e+11,2.4791e+11
0.05521,0.08958,2.9402e+0,2.8242e+11,3.5388e+11
0.05729,0.08958,2.8629e+0,2.6317e+11,3.8749e+11
0.05937,0.08958,2.7789e+0,3.0308e+11,3.7538e+11
0.06146,0.08958,2.6932e+0,3.0499e+11,3.8611e+11
0.06354,0.08958,2.6053e+0,2.6921e+11,3.7911e+11
0.06563,0.08958,2.5130e+0,2.8739e+11,3.9802e+11
0.06771,0.08958,2.4161e+0,2.2372e+11,3.2868e+11
0.06979,0.08958,2.3144e+0,2.0666e+11,2.9205e+11
0.07187,0.08958,2.2089e+0,2.4671e+11,3.2381e+11
0.07396,0.08958,2.1005e+0,2.9107e+11,3.8318e+11
0.07604,0.08958,1.9892e+0,2.4263e+11,3.6062e+11
0.07813,0.08958,1.8736e+0,2.1500e+11,3.9037e+11
0.08021,0.08958,1.7499e+0,2.0897e+11,4.0068e+11
0.08229,0.08958,1.6177e+0,1.8247e+11,3.7494e+11
0.08438,0.08958,1.4774e+0,1.5571e+11,4.1220e+11
0.08646,0.08958,1.3251e+0,1.4637e+11,3.9771e+11
0.08854,0.08958,1.1608e+0,1.1818e+11,3.4800e+11
0.09062,0.08958,9.8545e-1,3.9448e+10,3.3375e+11
0.09271,0.08958,7.9366e-1,2.6599e+9,2.8429e+11
0.09479,0.08958,5.8602e-1,5.1271e+8,2.6639e+11
0.09688,0.08958,3.6334e-1,2.1623e+8,2.6667e+11
0.09896,0.08958,1.2531e-1,9.9889e+7,2.2721e+11
0.00104,0.09375,4.1110e+0,4.5715e+10,0.0000e+0
0.00313,0.09375,4.1122e+0,4.6895e+10,3.0978e+10
0.00521,0.09375,4.1113e+0,7.1298e+10,2.1800e+11
0.00729,0.09375,4.0978e+0,9.1462e+10,4.7042e+11
0.00937,0.09375,4.0590e+0,8.9562e+10,1.4505e+11
0.01146,0.09375,4.0203e+0,1.0618e+11,1.0435e+11
0.01354,0.09375,3.9857e+0,1.0642e+11,7.3220e+10
0.01563,0.09375,3.9547e+0,1.5571e+11,1.2380e+11
0.01771,0.09375,3.9281e+0,1.8041e+11,2.1721e+11
0.01979,0.09375,3.9030e+0,1.9183e+11,3.9148e+11
0.02187,0.09375,3.8684e+0,2.0131e+11,3.2402e+11
0.02396,0.09375,3.8320e+0,1.6161e+11,3.6098e+11
0.02604,0.09375,3.7893e+0,2.0367e+11,2.9228e+11
0.02813,0.09375,3.7475e+0,2.2308e+11,2.9886e+11
0.03021,0.09375,3.7068e+0,2.5214e+11,4.6443e+11
0.03229,0.09375,3.6565e+0,2.6555e+11,4.2286e+11
0.03438,0.09375,3.6005e+0,2.4072e+11,2.8163e+11
0.03646,0.09375,3.5475e+0,2.8380e+11,2.4003e+11
0.03854,0.09375,3.5022e+0,2.9983e+11,3.8882e+11
0.04063,0.09375,3.4558e+0,2.9205e+11,4.6156e+11
0.04271,0.09375,3.4026e+0,3.0070e+11,4.5703e+11
0.04479,0.09375,3.3427e+0,2.7897e+11,4.2086e+11
0.04688,0.09375,3.2773e+0,2.6462e+11,3.7121e+11
0.04896,0.09375,3.2084e+0,2.5653e+11,4.4758e+11
0.05104,0.09375,3.1301e+0,3.0936e+11,3.6344e+11
0.05312,0.09375,3.0530e+0,2.9145e+11,3.4010e+11
0.05521,0.09375,2.9781e+0,2.8055e+11,4.4169e+11
0.05729,0.09375,2.8978e+0,2.6878e+11,4.6871e+11
0.05937,0.09375,2.8091e+0,3.1251e+11,3.8398e+11
0.06146,0.09375,2.7224e+0,3.2144e+11,4.3078e+11
0.06354,0.09375,2.6350e+0,2.7273e+11,4.4234e+11
0.06563,0.09375,2.5421e+0,2.8913e+11,4.4177e+11
0.06771,0.09375,2.4438e+0,2.2582e+11,3.1688e+11
0.06979,0.09375,2.3431e+0,2.0973e+11,3.2871e+11
0.07187,0.09375,2.2374e+0,2.6311e+11,4.0610e+11
0.07396,0.09375,2.1256e+0,2.9742e+11,3.9140e+11
0.07604,0.09375,2.0112e+0,2.4362e+11,3.5735e+11
0.07813,0.09375,1.8919e+0,2.1544e+11,3.5113e+11
0.08021,0.09375,1.7660e+0,2.1062e+11,3.6149e+11
0.08229,0.09375,1.6323e+0,1.8315e+11,3.6164e+11
0.08438,0.09375,1.4883e+0,1.5908e+11,3.4371e+11
0.08646,0.09375,1.3328e+0,1.5168e+11,3.0951e+11
0.08854,0.09375,1.1670e+0,1.2062e+11,2.7551e+11
0.09062,0.09375,9.9073e-1,3.8825e+10,2.6548e+11
0.09271,0.09375,7.9848e-1,4.0064e+9,2.5285e+11
0.09479,0.09375,5.8920e-1,7.7813e+8,2.3199e+11
0.09688,0.09375,3.6472e-1,3.1142e+8,2.3097e+11
0.09896,0.09375,1.2582e-1,1.2635e+8,2.2073e+11
0.00104,0.09792,4.1695e+0,3.8031e+10,0.0000e+0
0.00313,0.09792,4.1775e+0,4.1861e+10,3.6738e+11
0.00521,0.09792,4.1752e+0,6.6457e+10,7.2526e+11
0.00729,0.09792,4.1446e+0,1.0864e+11,5.1792e+11
0.00937,0.09792,4.1031e+0,8.7236e+10,1.8375e+11
0.01146,0.09792,4.0690e+0,1.0544e+11,1.5539e+11
0.01354,0.09792,4.0417e+0,1.0455e+11,3.4264e+11
0.01563,0.09792,4.0060e+0,1.5144e+11,2.8889e+11
0.01771,0.09792,3.9686e+0,1.7508e+11,1.7639e+11
0.01979,0.09792,3.9369e+0,1.9780e+11,3.5913e+11
0.02187,0.09792,3.8983e+0,2.0931e+11,2.8742e+11
0.02396,0.09792,3.8578e+0,1.6877e+11,2.1144e+11
0.02604,0.09792,3.8166e+0,2.0875e+11,2.9822e+11
0.02813,0.09792,3.7720e+0,2.2701e+11,2.8361e+11
0.03021,0.09792,3.7275e+0,2.4375e+11,3.8323e+11
0.03229,0.09792,3.6767e+0,2.6223e+11,3.7182e+11
0.03438,0.09792,3.6219e+0,2.4050e+11,2.0829e+11
0.03646,0.09792,3.5722e+0,2.8944e+11,2.4593e+11
0.03854,0.09792,3.5277e+0,3.1870e+11,3.3790e+11
0.04063,0.09792,3.4839e+0,3.0615e+11,4.2169e+11
0.04271,0.09792,3.4352e+0,3.0027e+11,5.6681e+11
0.04479,0.09792,3.3724e+0,2.8874e+11,4.1232e+11
0.04688,0.09792,3.3059e+0,2.7793e+11,4.0607e+11
0.04896,0.09792,3.2354e+0,2.6760e+11,4.4701e+11
0.05104,0.09792,3.1583e+0,3.1754e+11,4.5080e+11
0.05312,0.09792,3.0795e+0,2.9190e+11,4.2213e+11
0.05521,0.09792,2.9991e+0,2.8536e+11,4.1318e+11
0.05729,0.09792,2.9153e+0,2.6972e+11,4.6189e+11
0.05937,0.09792,2.8218e+0,3.1415e+11,3.1541e+11
0.06146,0.09792,2.7314e+0,3.2129e+11,2.8563e+11
0.06354,0.09792,2.6453e+0,2.7940e+11,3.2796e+11
0.06563,0.09792,2.5567e+0,3.0707e+11,3.7061e+11
0.06771,0.09792,2.4648e+0,2.4050e+11,3.6098e+11
0.06979,0.09792,2.3666e+0,2.1482e+11,3.9818e+11
0.07187,0.09792,2.2581e+0,2.7609e+11,3.7475e+11
0.07396,0.09792,2.1449e+0,3.1066e+11,3.5756e+11
0.07604,0.09792,2.0293e+0,2.4766e+11,3.4253e+11
0.07813,0.09792,1.9073e+0,2.1829e+11,2.9154e+11
0.08021,0.09792,1.7795e+0,2.1374e+11,2.8626e+11
0.08229,0.09792,1.6458e+0,1.8553e+11,3.2869e+11
0.08438,0.09792,1.5021e+0,1.6880e+11,3.4877e+11
0.08646,0.09792,1.3474e+0,1.5494e+11,3.4040e+11
0.08854,0.09792,1.1827e+0,1.2084e+11,3.5656e+11
0.09062,0.09792,1.0056e+0,3.6948e+10,3.4797e+11
0.09271,0.09792,8.1134e-1,3.0775e+9,3.2497e+11
0.09479,0.09792,5.9956e-1,6.5960e+8,3.0781e+11
0.09688,0.09792,3.7128e-1,2.1461e+8,2.7281e+11
0.09896,0.09792,1.2862e-1,6.7699e+7,2.6580e+11
0.00104,0.10208,4.1756e+0,2.6709e+10,0.0000e+0
0.00313,0.10208,4.1747e+0,4.4729e+10,1.6940e+10
0.00521,0.10208,4.1714e+0,6.8132e+10,3.3359e+11
0.00729,0.10208,4.1474e+0,9.9249e+10,1.4786e+11
0.00937,0.10208,4.1211e+0,8.8413e+10,9.2922e+10
0.01146,0.10208,4.0968e+0,1.2386e+11,1.2024e+11
0.01354,0.10208,4.0760e+0,1.1303e+11,3.7370e+11
0.01563,0.10208,4.0403e+0,1.6228e+11,2.3069e+11
0.01771,0.10208,4.0022e+0,1.9074e+11,2.1682e+11
0.01979,0.10208,3.9625e+0,2.0326e+11,1.2685e+11
0.02187,0.10208,3.9259e+0,2.1867e+11,2.2556e+11
0.02396,0.10208,3.8878e+0,1.8160e+11,2.9154e+11
0.02604,0.10208,3.8426e+0,2.0891e+11,2.9520e+11
0.02813,0.10208,3.7920e+0,2.1570e+11,1.9617e+11
0.03021,0.10208,3.7422e+0,2.4095e+11,2.0966e+11
0.03229,0.10208,3.6925e+0,2.8753e+11,2.0590e+11
0.03438,0.10208,3.6457e+0,2.4857e+11,2.0425e+11
0.03646,0.10208,3.6002e+0,2.8843e+11,3.1508e+11
0.03854,0.10208,3.5540e+0,3.2216e+11,3.9349e+11
0.04063,0.10208,3.5043e+0,3.2206e+11,3.5527e+11
0.04271,0.10208,3.4518e+0,3.0482e+11,4.1263e+11
0.04479,0.10208,3.3900e+0,2.9453e+11,3.8084e+11
0.04688,0.10208,3.3219e+0,2.8233e+11,3.9025e+11
0.04896,0.10208,3.2457e+0,2.6678e+11,3.3051e+11
0.05104,0.10208,3.1636e+0,3.1566e+11,2.5525e+11
0.05312,0.10208,3.0844e+0,2.8749e+11,2.5210e+11
0.05521,0.10208,3.0060e+0,2.8663e+11,3.1770e+11
0.05729,0.10208,2.9242e+0,2.7849e+11,3.8264e+11
0.05937,0.10208,2.8345e+0,3.1804e+11,3.1121e+11
0.06146,0.10208,2.7462e+0,3.2141e+11,2.7999e+11
0.06354,0.10208,2.6621e+0,2.8099e+11,3.1681e+11
0.06563,0.10208,2.5764e+0,3.0518e+11,4.0875e+11
0.06771,0.10208,2.4846e+0,2.5351e+11,3.6861e+11
0.06979,0.10208,2.3858e+0,2.2457e+11,3.4924e+11
0.07187,0.10208,2.2796e+0,2.7686e+11,3.4743e+11
0.07396,0.10208,2.1714e+0,3.1360e+11,4.6574e+11
0.07604,0.10208,2.0566e+0,2.4609e+11,3.9267e+11
0.07813,0.10208,1.9363e+0,2.2486e+11,4.2471e+11
0.08021,0.10208,1.8077e+0,2.1884e+11,4.6055e+11
0.08229,0.10208,1.6681e+0,1.8687e+11,4.0351e+11
0.08438,0.10208,1.5182e+0,1.6930e+11,3.6255e+11
0.08646,0.10208,1.3589e+0,1.5706e+11,3.3823e+11
0.08854,0.10208,1.1901e+0,1.1340e+11,3.3113e+11
0.09062,0.10208,1.0086e+0,3.6442e+10,2.8363e+11
0.09271,0.10208,8.1135e-1,3.2124e+9,2.4397e+11
0.09479,0.10208,5.9879e-1,6.9865e+8,2.5923e+11
0.09688,0.10208,3.6994e-1,1.7491e+8,2.3031e+11
0.09896,0.10208,1.2737e-1,3.4902e+7,2.1630e+11
0.00104,0.10625,4.1972e+0,2.2142e+10,0.0000e+0
0.00313,0.10625,4.1961e+0,5.3675e+10,9.2016e+10
0.00521,0.10625,4.1885e+0,8.6220e+10,1.5987e+11
0.00729,0.10625,4.1731e+0,8.7370e+10,1.9035e+11
0.00937,0.10625,4.1520e+0,8.2548e+10,1.5629e+11
0.01146,0.10625,4.1285e+0,1.1693e+11,1.4650e+11
0.01354,0.10625,4.1054e+0,1.1530e+11,1.4050e+11
0.01563,0.10625,4.0824e+0,1.7970e+11,3.6961e+11
0.01771,0.10625,4.0524e+0,2.0353e+11,4.4099e+11
0.01979,0.10625,4.0154e+0,1.9615e+11,4.3077e+11
0.02187,0.10625,3.9723e+0,2.1720e+11,3.9560e+11
0.02396,0.10625,3.9257e+0,1.8589e+11,2.9231e+11
0.02604,0.10625,3.8783e+0,2.1051e+11,3.2897e+11
0.02813,0.10625,3.8295e+0,2.2668e+11,3.2736e+11
0.03021,0.10625,3.7806e+0,2.5159e+11,2.8501e+11
0.03229,0.10625,3.7344e+0,2.8194e+11,3.4116e+11
0.03438,0.10625,3.6896e+0,2.4821e+11,4.9970e+11
0.03646,0.10625,3.6330e+0,2.8555e+11,2.5785e+11
0.03854,0.10625,3.5825e+0,3.1897e+11,3.0382e+11
0.04063,0.10625,3.5363e+0,3.2685e+11,4.9037e+11
0.04271,0.10625,3.4828e+0,3.1411e+11,5.4580e+11
0.04479,0.10625,3.4176e+0,3.0695e+11,4.0697e+11
0.04688,0.10625,3.3491e+0,2.9352e+11,4.5494e+11
0.04896,0.10625,3.2732e+0,2.6903e+11,4.4990e+11
0.05104,0.10625,3.1892e+0,3.1507e+11,3.2611e+11
0.05312,0.10625,3.1092e+0,2.9189e+11,3.3923e+11
0.05521,0.10625,3.0292e+0,2.9416e+11,3.8437e+11
0.05729,0.10625,2.9447e+0,2.8562e+11,3.4658e+11
0.05937,0.10625,2.8560e+0,3.2058e+11,2.9269e+11
0.06146,0.10625,2.7688e+0,3.2465e+11,2.7429e+11
0.06354,0.10625,2.6852e+0,2.7528e+11,3.1739e+11
0.06563,0.10625,2.5992e+0,3.0298e+11,4.0069e+11
0.06771,0.10625,2.5080e+0,2.5351e+11,4.1344e+11
0.06979,0.10625,2.4080e+0,2.2619e+11,3.8838e+11
0.07187,0.10625,2.2996e+0,2.8007e+11,3.8157e+11
0.07396,0.10625,2.1885e+0,3.0906e+11,4.4241e+11
0.07604,0.10625,2.0731e+0,2.3820e+11,4.2861e+11
0.07813,0.10625,1.9493e+0,2.2058e+11,3.9018e+11
0.08021,0.10625,1.8174e+0,2.1533e+11,3.5972e+11
0.08229,0.10625,1.6780e+0,1.8679e+11,3.8346e+11
0.08438,0.10625,1.5270e+0,1.7531e+11,3.4263e+11
0.08646,0.10625,1.3667e+0,1.5731e+11,3.2820e+11
0.08854,0.10625,1.1970e+0,1.1521e+11,3.3693e+11
0.09062,0.10625,1.0141e+0,3.5240e+10,2.8484e+11
0.09271,0.10625,8.1540e-1,2.8834e+9,2.4640e+11
0.09479,0.10625,6.0138e-1,4.9204e+8,2.5306e+11
0.09688,0.10625,3.7149e-1,1.2536e+8,2.3251e+11
0.09896,0.10625,1.2775e-1,3.5728e+6,2.1253e+11
0.00104,0.11042,4.2347e+0,2.1025e+10,0.0000e+0
0.00313,0.11042,4.2427e+0,4.6905e+10,5.3207e+11
0.00521,0.11042,4.2324e+0,6.8107e+10,5.2094e+11
0.00729,0.11042,4.2102e+0,7.7630e+10,2.8688e+11
0.00937,0.11042,4.1890e+0,8.1255e+10,2.5097e+11
0.01146,0.11042,4.1668e+0,1.0274e+11,3.0256e+11
0.01354,0.11042,4.1403e+0,1.1423e+11,3.5008e+11
0.01563,0.11042,4.1065e+0,1.7589e+11,3.0596e+11
0.01771,0.11042,4.0723e+0,2.0973e+11,3.4763e+11
0.01979,0.11042,4.0355e+0,2.0057e+11,3.4070e+11
0.02187,0.11042,3.9943e+0,2.1849e+11,3.3851e+11
0.02396,0.11042,3.9492e+0,1.9385e+11,3.3142e+11
0.02604,0.11042,3.8979e+0,2.1652e+11,2.0908e+11
0.02813,0.11042,3.8505e+0,2.3655e+11,1.7664e+11
0.03021,0.11042,3.8105e+0,2.5771e+11,4.0986e+11
0.03229,0.11042,3.7643e+0,2.7951e+11,4.3704e+11
0.03438,0.11042,3.7136e+0,2.5406e+11,3.4748e+11
0.03646,0.11042,3.6621e+0,2.9703e+11,4.1281e+11
0.03854,0.11042,3.6091e+0,3.3998e+11,4.2413e+11
0.04063,0.11042,3.5565e+0,3.2654e+11,4.7693e+11
0.04271,0.11042,3.4991e+0,3.1125e+11,4.2516e+11
0.04479,0.11042,3.4394e+0,3.1071e+11,5.7408e+11
0.04688,0.11042,3.3680e+0,2.9772e+11,4.8734e+11
0.04896,0.11042,3.2901e+0,2.7593e+11,4.0252e+11
0.05104,0.11042,3.2091e+0,3.2175e+11,3.5430e+11
0.05312,0.11042,3.1318e+0,2.9711e+11,3.8629e+11
0.05521,0.11042,3.0538e+0,2.9758e+11,3.7057e+11
0.05729,0.11042,2.9760e+0,2.8789e+11,4.6069e+11
0.05937,0.11042,2.8923e+0,3.2439e+11,4.8461e+11
0.06146,0.11042,2.8048e+0,3.3201e+11,4.6303e+11
0.06354,0.11042,2.7155e+0,2.7347e+11,3.9912e+11
0.06563,0.11042,2.6232e+0,2.9643e+11,3.9938e+11
0.06771,0.11042,2.5282e+0,2.5617e+11,4.2012e+11
0.06979,0.11042,2.4249e+0,2.3500e+11,4.0407e+11
0.07187,0.11042,2.3117e+0,2.7685e+11,3.7005e+11
0.07396,0.11042,2.1932e+0,3.1081e+11,3.0319e+11
0.07604,0.11042,2.0764e+0,2.3957e+11,3.0922e+11
0.07813,0.11042,1.9554e+0,2.1822e+11,3.6040e+11
0.08021,0.11042,1.8258e+0,2.1683e+11,3.6801e+11
0.08229,0.11042,1.6872e+0,1.9813e+11,3.9688e+11
0.08438,0.11042,1.5358e+0,1.7792e+11,3.4173e+11
0.08646,0.11042,1.3740e+0,1.6568e+11,2.9391e+11
0.08854,0.11042,1.2042e+0,1.2498e+11,3.1895e+11
0.09062,0.11042,1.0215e+0,3.7245e+10,2.7822e+11
0.09271,0.11042,8.2289e-1,3.0461e+9,2.6498e+11
0.09479,0.11042,6.0758e-1,4.9424e+8,2.6973e+11
0.09688,0.11042,3.7581e-1,1.2683e+8,2.5052e+11
0.09896,0.11042,1.2949e-1,1.5616e+7,2.2876e+11
0.00104,0.11458,4.2150e+0,2.0024e+10,0.0000e+0
0.00313,0.11458,4.2127e+0,4.7084e+10,5.9118e+3
0.00521,0.11458,4.2080e+0,6.7251e+10,1.8359e+10
0.00729,0.11458,4.2021e+0,7.5249e+10,5.7883e+10
0.00937,0.11458,4.1961e+0,8.5645e+10,2.9300e+11
0.01146,0.11458,4.1771e+0,1.0495e+11,2.7945e+11
0.01354,0.11458,4.1484e+0,1.1846e+11,2.6229e+11
0.01563,0.11458,4.1101e+0,1.7576e+11,1.1038e+11
0.01771,0.11458,4.0760e+0,2.0488e+11,1.3637e+11
0.01979,0.11458,4.0453e+0,2.0029e+11,2.6762e+11
0.02187,0.11458,4.0102e+0,2.1438e+11,3.0558e+11
0.02396,0.11458,3.9716e+0,1.8242e+11,4.4371e+11
0.02604,0.11458,3.9198e+0,2.2044e+11,2.2233e+11
0.02813,0.11458,3.8741e+0,2.4811e+11,3.2658e+11
0.03021,0.11458,3.8288e+0,2.6338e+11,4.4161e+11
0.03229,0.11458,3.7754e+0,2.6857e+11,2.7654e+11
0.03438,0.11458,3.7240e+0,2.6127e+11,2.7458e+11
0.03646,0.11458,3.6731e+0,2.9470e+11,3.6963e+11
0.03854,0.11458,3.6187e+0,3.3089e+11,4.2360e+11
0.04063,0.11458,3.5603e+0,3.2109e+11,3.6745e+11
0.04271,0.11458,3.5003e+0,3.0794e+11,3.4954e+11
0.04479,0.11458,3.4373e+0,3.0741e+11,4.0775e+11
0.04688,0.11458,3.3666e+0,2.9345e+11,3.3482e+11
0.04896,0.11458,3.2930e+0,2.7895e+11,3.2043e+11
0.05104,0.11458,3.2165e+0,3.3191e+11,3.2745e+11
0.05312,0.11458,3.1416e+0,2.9883e+11,3.2490e+11
0.05521,0.11458,3.0665e+0,2.9360e+11,3.6791e+11
0.05729,0.11458,2.9882e+0,2.8674e+11,3.8843e+11
0.05937,0.11458,2.9055e+0,3.3688e+11,4.4875e+11
0.06146,0.11458,2.8184e+0,3.4575e+11,4.1252e+11
0.06354,0.11458,2.7306e+0,2.7794e+11,3.9750e+11
0.06563,0.11458,2.6378e+0,2.9870e+11,3.8303e+11
0.06771,0.11458,2.5422e+0,2.6149e+11,3.6376e+11
0.06979,0.11458,2.4415e+0,2.4274e+11,4.3929e+11
0.07187,0.11458,2.3288e+0,2.8010e+11,4.2654e+11
0.07396,0.11458,2.2073e+0,3.1195e+11,3.0405e+11
0.07604,0.11458,2.0872e+0,2.4604e+11,2.6913e+11
0.07813,0.11458,1.9648e+0,2.2753e+11,3.0843e+11
0.08021,0.11458,1.8365e+0,2.2537e+11,3.7571e+11
0.08229,0.11458,1.6996e+0,1.9785e+11,4.2032e+11
0.08438,0.11458,1.5505e+0,1.8466e+11,4.3105e+11
0.08646,0.11458,1.3891e+0,1.6945e+11,3.7930e+11
0.08854,0.11458,1.2185e+0,1.2933e+11,3.9820e+11
0.09062,0.11458,1.0344e+0,3.6888e+10,3.4494e+11
0.09271,0.11458,8.3344e-1,2.8475e+9,3.1703e+11
0.09479,0.11458,6.1476e-1,5.3831e+8,2.8283e+11
0.09688,0.11458,3.8021e-1,1.5899e+8,2.5943e+11
0.09896,0.11458,1.3125e-1,2.5562e+7,2.4505e+11
0.00104,0.11875,4.2194e+0,2.4064e+10,0.0000e+0
0.00313,0.11875,4.2168e+0,5.5955e+10,0.0000e+0
0.00521,0.11875,4.2124e+0,7.3966e+10,3.3109e+7
0.00729,0.11875,4.2067e+0,7.5669e+10,7.6328e+8
0.00937,0.11875,4.2010e+0,8.9838e+10,1.1972e+11
0.01146,0.11875,4.1884e+0,1.1011e+11,1.3826e+11
0.01354,0.11875,4.1708e+0,1.1905e+11,3.3120e+11
0.01563,0.11875,4.1366e+0,1.6866e+11,1.7817e+11
0.01771,0.11875,4.1024e+0,2.0136e+11,2.4036e+11
0.01979,0.11875,4.0660e+0,2.0323e+11,2.4484e+11
0.02187,0.11875,4.0253e+0,2.1102e+11,2.4962e+11
0.02396,0.11875,3.9805e+0,1.8318e+11,1.8494e+11
0.02604,0.11875,3.9326e+0,2.2314e+11,1.9646e+11
0.02813,0.11875,3.8846e+0,2.4635e+11,2.1207e+11
0.03021,0.11875,3.8373e+0,2.6966e+11,2.5684e+11
0.03229,0.11875,3.7893e+0,2.7628e+11,2.7274e+11
0.03438,0.11875,3.7405e+0,2.7502e+11,3.2886e+11
0.03646,0.11875,3.6870e+0,3.0224e+11,3.7906e+11
0.03854,0.11875,3.6270e+0,3.2434e+11,2.9842e+11
0.04063,0.11875,3.5685e+0,3.1855e+11,2.9599e+11
0.04271,0.11875,3.5117e+0,3.0723e+11,4.2462e+11
0.04479,0.11875,3.4474e+0,3.0023e+11,3.9798e+11
0.04688,0.11875,3.3768e+0,2.9499e+11,2.9567e+11
0.04896,0.11875,3.3075e+0,2.7156e+11,4.1066e+11
0.05104,0.11875,3.2309e+0,3.3590e+11,3.5580e+11
0.05312,0.11875,3.1561e+0,3.0114e+11,3.6048e+11
0.05521,0.11875,3.0801e+0,2.9145e+11,4.0454e+11
0.05729,0.11875,2.9980e+0,2.8737e+11,3.4068e+11
0.05937,0.11875,2.9127e+0,3.4833e+11,3.6945e+11
0.06146,0.11875,2.8258e+0,3.4821e+11,3.4003e+11
0.06354,0.11875,2.7398e+0,2.7998e+11,3.5160e+11
0.06563,0.11875,2.6492e+0,3.0917e+11,3.5519e+11
0.06771,0.11875,2.5565e+0,2.6270e+11,3.7171e+11
0.06979,0.11875,2.4573e+0,2.4333e+11,4.0657e+11
0.07187,0.11875,2.3483e+0,2.8453e+11,4.3560e+11
0.07396,0.11875,2.2322e+0,3.2029e+11,4.4489e+11
0.07604,0.11875,2.1131e+0,2.5444e+11,4.7041e+11
0.07813,0.11875,1.9854e+0,2.2929e+11,4.3380e+11
0.08021,0.11875,1.8488e+0,2.3137e+11,3.9010e+11
0.08229,0.11875,1.7050e+0,1.9348e+11,3.4584e+11
0.08438,0.11875,1.5525e+0,1.8595e+11,3.3296e+11
0.08646,0.11875,1.3906e+0,1.7018e+11,3.1706e+11
0.08854,0.11875,1.2194e+0,1.3072e+11,3.2234e+11
0.09062,0.11875,1.0358e+0,3.8980e+10,2.9329e+11
0.09271,0.11875,8.3497e-1,2.8887e+9,2.6646e+11
0.09479,0.11875,6.1670e-1,6.1840e+8,2.6915e+11
0.09688,0.11875,3.8152e-1,2.7919e+8,2.4584e+11
0.09896,0.11875,1.3181e-1,7.6789e+7,2.4502e+11
0.00104,0.12292,4.2519e+0,2.9092e+10,5.0463e+9
0.00313,0.12292,4.2549e+0,5.8584e+10,1.7976e+11
0.00521,0.12292,4.2534e+0,8.5320e+10,3.3868e+11
0.00729,0.12292,4.2416e+0,8.4491e+10,1.3550e+11
0.00937,0.12292,4.2319e+0,9.5676e+10,1.1262e+11
0.01146,0.12292,4.2222e+0,1.0395e+11,1.6318e+11
0.01354,0.12292,4.2085e+0,1.1658e+11,3.7532e+11
0.01563,0.12292,4.1788e+0,1.7204e+11,3.2580e+11
0.01771,0.12292,4.1422e+0,2.0681e+11,2.3745e+11
0.01979,0.12292,4.1066e+0,2.0850e+11,3.9362e+11
0.02187,0.12292,4.0608e+0,2.1586e+11,2.4371e+11
0.02396,0.12292,4.0176e+0,1.8646e+11,3.4288e+11
0.02604,0.12292,3.9697e+0,2.2463e+11,4.0591e+11
0.02813,0.12292,3.9171e+0,2.3702e+11,3.4013e+11
0.03021,0.12292,3.8656e+0,2.7053e+11,3.1137e+11
0.03229,0.12292,3.8196e+0,2.8680e+11,4.2641e+11
0.03438,0.12292,3.7719e+0,2.7185e+11,5.0791e+11
0.03646,0.12292,3.7154e+0,3.0593e+11,5.2561e+11
0.03854,0.12292,3.6501e+0,3.3343e+11,3.4690e+11
0.04063,0.12292,3.5889e+0,3.3000e+11,3.7838e+11
0.04271,0.12292,3.5283e+0,3.2239e+11,4.1258e+11
0.04479,0.12292,3.4644e+0,3.1101e+11,4.4166e+11
0.04688,0.12292,3.3937e+0,2.9891e+11,3.5752e+11
0.04896,0.12292,3.3203e+0,2.7922e+11,3.3166e+11
0.05104,0.12292,3.2435e+0,3.4257e+11,3.2678e+11
0.05312,0.12292,3.1691e+0,3.0709e+11,3.1514e+11
0.05521,0.12292,3.0948e+0,2.8988e+11,3.7489e+11
0.05729,0.12292,3.0156e+0,2.8484e+11,3.8003e+11
0.05937,0.12292,2.9320e+0,3.4597e+11,4.6430e+11
0.06146,0.12292,2.8439e+0,3.3725e+11,3.9397e+11
0.06354,0.12292,2.7563e+0,2.8753e+11,3.7421e+11
0.06563,0.12292,2.6664e+0,3.2347e+11,4.1585e+11
0.06771,0.12292,2.5746e+0,2.6515e+11,4.5539e+11
0.06979,0.12292,2.4732e+0,2.4319e+11,4.2593e+11
0.07187,0.12292,2.3620e+0,3.0003e+11,4.5055e+11
0.07396,0.12292,2.2425e+0,3.2147e+11,3.8258e+11
0.07604,0.12292,2.1198e+0,2.5425e+11,3.3362e+11
0.07813,0.12292,1.9911e+0,2.4014e+11,3.4767e+11
0.08021,0.12292,1.8547e+0,2.3224e+11,3.3183e+11
0.08229,0.12292,1.7125e+0,1.9502e+11,3.5967e+11
0.08438,0.12292,1.5613e+0,1.8280e+11,3.8226e+11
0.08646,0.12292,1.3993e+0,1.7608e+11,3.7507e+11
0.08854,0.12292,1.2265e+0,1.3548e+11,3.2052e+11
0.09062,0.12292,1.0436e+0,3.7109e+10,3.3295e+11
0.09271,0.12292,8.4239e-1,2.8435e+9,3.1545e+11
0.09479,0.12292,6.2188e-1,7.8254e+8,2.8175e+11
0.09688,0.12292,3.8462e-1,3.8251e+8,2.5668e+11
0.09896,0.12292,1.3270e-1,8.6188e+7,2.4246e+11
0.00104,0.12708,4.2680e+0,4.7552e+10,9.7210e+9
0.00313,0.12708,4.2709e+0,6.6575e+10,2.0332e+11
0.00521,0.12708,4.2669e+0,8.4730e+10,1.1552e+11
0.00729,0.12708,4.2637e+0,9.4064e+10,4.7579e+10
0.00937,0.12708,4.2667e+0,9.1059e+10,2.5842e+11
0.01146,0.12708,4.2618e+0,9.0914e+10,4.1608e+11
0.01354,0.12708,4.2420e+0,1.1614e+11,3.2467e+11
0.01563,0.12708,4.2178e+0,1.7065e+11,4.7513e+11
0.01771,0.12708,4.1857e+0,2.0729e+11,5.2015e+11
0.01979,0.12708,4.1470e+0,2.1927e+11,6.2679e+11
0.02187,0.12708,4.0940e+0,2.1541e+11,3.9717e+11
0.02396,0.12708,4.0400e+0,1.8745e+11,3.1914e+11
0.02604,0.12708,3.9846e+0,2.2460e+11,3.0823e+11
0.02813,0.12708,3.9285e+0,2.3994e+11,2.7853e+11
0.03021,0.12708,3.8729e+0,2.6669e+11,1.8862e+11
0.03229,0.12708,3.8247e+0,2.8485e+11,2.8307e+11
0.03438,0.12708,3.7771e+0,2.6873e+11,3.5771e+11
0.03646,0.12708,3.7239e+0,3.0733e+11,3.8988e+11
0.03854,0.12708,3.6662e+0,3.2304e+11,4.3636e+11
0.04063,0.12708,3.6040e+0,3.2683e+11,3.8009e+11
0.04271,0.12708,3.5419e+0,3.2189e+11,3.6747e+11
0.04479,0.12708,3.4801e+0,3.1916e+11,4.0657e+11
0.04688,0.12708,3.4161e+0,3.0538e+11,5.1637e+11
0.04896,0.12708,3.3428e+0,2.7789e+11,4.3134e+11
0.05104,0.12708,3.2643e+0,3.5775e+11,3.6369e+11
0.05312,0.12708,3.1903e+0,3.2075e+11,4.1738e+11
0.05521,0.12708,3.1139e+0,3.0096e+11,4.2658e+11
0.05729,0.12708,3.0331e+0,2.9071e+11,4.7033e+11
0.05937,0.12708,2.9438e+0,3.4764e+11,3.9659e+11
0.06146,0.12708,2.8542e+0,3.3242e+11,3.4330e+11
0.06354,0.12708,2.7663e+0,2.8874e+11,3.8115e+11
0.06563,0.12708,2.6740e+0,3.2708e+11,3.4650e+11
0.06771,0.12708,2.5829e+0,2.7248e+11,4.2245e+11
0.06979,0.12708,2.4835e+0,2.4318e+11,4.1763e+11
0.07187,0.12708,2.3749e+0,2.9754e+11,4.3621e+11
0.07396,0.12708,2.2604e+0,3.1797e+11,4.7023e+11
0.07604,0.12708,2.1394e+0,2.4758e+11,4.4662e+11
0.07813,0.12708,2.0082e+0,2.4578e+11,4.4420e+11
0.08021,0.12708,1.8665e+0,2.2970e+11,3.4737e+11
0.08229,0.12708,1.7195e+0,2.0185e+11,3.3090e+11
0.08438,0.12708,1.5658e+0,1.8214e+11,3.2207e+11
0.08646,0.12708,1.4047e+0,1.7441e+11,3.7004e+11
0.08854,0.12708,1.2327e+0,1.3205e+11,3.3473e+11
0.09062,0.12708,1.0493e+0,3.6761e+10,3.2721e+11
0.09271,0.12708,8.4781e-1,2.7547e+9,3.2944e+11
0.09479,0.12708,6.2590e-1,6.1498e+8,2.9096e+11
0.09688,0.12708,3.8689e-1,2.4741e+8,2.6103e+11
0.09896,0.12708,1.3318e-1,5.2447e+7,2.3320e+11
0.00104,0.13125,4.2733e+0,3.8447e+10,0.0000e+0
0.00313,0.13125,4.2729e+0,6.3502e+10,0.0000e+0
0.00521,0.13125,4.2729e+0,8.4888e+10,0.0000e+0
0.00729,0.13125,4.2758e+0,8.2074e+10,2.5562e+10
0.00937,0.13125,4.2816e+0,8.0868e+10,3.6538e+11
0.01146,0.13125,4.2674e+0,9.0070e+10,2.7272e+11
0.01354,0.13125,4.2415e+0,1.1452e+11,2.9074e+11
0.01563,0.13125,4.2082e+0,1.7494e+11,2.8020e+11
0.01771,0.13125,4.1735e+0,2.0762e+11,3.2627e+11
0.01979,0.13125,4.1363e+0,2.1157e+11,3.5422e+11
0.02187,0.13125,4.0940e+0,2.1274e+11,3.6624e+11
0.02396,0.13125,4.0458e+0,1.8616e+11,3.0318e+11
0.02604,0.13125,3.9942e+0,2.2933e+11,2.8056e+11
0.02813,0.13125,3.9421e+0,2.5291e+11,2.8761e+11
0.03021,0.13125,3.8893e+0,2.5989e+11,2.4985e+11
0.03229,0.13125,3.8401e+0,2.8178e+11,3.4855e+11
0.03438,0.13125,3.7892e+0,2.5905e+11,3.1181e+11
0.03646,0.13125,3.7373e+0,3.0147e+11,4.5052e+11
0.03854,0.13125,3.6773e+0,3.2741e+11,3.8125e+11
0.04063,0.13125,3.6152e+0,3.1957e+11,3.5686e+11
0.04271,0.13125,3.5518e+0,3.3723e+11,3.5482e+11
0.04479,0.13125,3.4888e+0,3.2138e+11,4.0683e+11
0.04688,0.13125,3.4212e+0,3.0057e+11,3.4549e+11
0.04896,0.13125,3.3515e+0,2.7474e+11,3.6709e+11
0.05104,0.13125,3.2771e+0,3.4326e+11,3.9025e+11
0.05312,0.13125,3.2029e+0,3.1565e+11,4.4369e+11
0.05521,0.13125,3.1231e+0,3.0322e+11,3.8979e+11
0.05729,0.13125,3.0403e+0,2.9364e+11,3.7804e+11
0.05937,0.13125,2.9542e+0,3.5119e+11,4.2981e+11
0.06146,0.13125,2.8659e+0,3.4469e+11,4.0162e+11
0.06354,0.13125,2.7768e+0,2.9218e+11,3.8950e+11
0.06563,0.13125,2.6828e+0,3.2200e+11,3.3311e+11
0.06771,0.13125,2.5888e+0,2.7255e+11,3.6889e+11
0.06979,0.13125,2.4880e+0,2.4537e+11,3.4429e+11
0.07187,0.13125,2.3808e+0,2.9731e+11,3.7868e+11
0.07396,0.13125,2.2700e+0,3.1149e+11,4.7362e+11
0.07604,0.13125,2.1506e+0,2.5463e+11,4.6462e+11
0.07813,0.13125,2.0199e+0,2.4621e+11,4.5790e+11
0.08021,0.13125,1.8775e+0,2.3750e+11,3.7597e+11
0.08229,0.13125,1.7279e+0,2.1503e+11,3.3102e+11
0.08438,0.13125,1.5715e+0,1.9057e+11,3.0662e+11
0.08646,0.13125,1.4085e+0,1.8149e+11,3.2230e+11
0.08854,0.13125,1.2374e+0,1.3879e+11,3.5486e+11
0.09062,0.13125,1.0539e+0,3.8019e+10,3.4912e+11
0.09271,0.13125,8.5127e-1,2.9660e+9,3.4991e+11
0.09479,0.13125,6.2741e-1,6.6614e+8,2.8235e+11
0.09688,0.13125,3.8722e-1,2.5822e+8,2.4961e+11
0.09896,0.13125,1.3290e-1,3.5324e+7,2.1304e+11
0.00104,0.13542,4.2944e+0,3.9912e+10,0.0000e+0
0.00313,0.13542,4.2934e+0,5.9366e+10,1.0573e+10
0.00521,0.13542,4.2919e+0,8.6970e+10,1.0202e+11
0.00729,0.13542,4.2894e+0,8.7851e+10,6.8321e+10
0.00937,0.13542,4.2909e+0,8.3803e+10,3.6585e+11
0.01146,0.13542,4.2768e+0,1.0216e+11,6.2777e+11
0.01354,0.13542,4.2333e+0,1.2396e+11,2.1687e+11
0.01563,0.13542,4.1892e+0,1.7871e+11,1.4648e+11
0.01771,0.13542,4.1506e+0,2.1043e+11,1.3654e+11
0.01979,0.13542,4.1183e+0,2.0710e+11,1.9889e+11
0.02187,0.13542,4.0866e+0,2.1052e+11,3.4959e+11
0.02396,0.13542,4.0459e+0,1.8639e+11,2.0430e+11
0.02604,0.13542,4.0059e+0,2.3291e+11,3.0990e+11
0.02813,0.13542,3.9634e+0,2.5048e+11,4.8828e+11
0.03021,0.13542,3.9084e+0,2.7112e+11,3.1725e+11
0.03229,0.13542,3.8542e+0,2.8246e+11,2.8242e+11
0.03438,0.13542,3.8011e+0,2.5719e+11,2.4511e+11
0.03646,0.13542,3.7494e+0,3.0873e+11,3.9282e+11
0.03854,0.13542,3.6932e+0,3.4063e+11,4.5159e+11
0.04063,0.13542,3.6323e+0,3.2631e+11,4.3802e+11
0.04271,0.13542,3.5675e+0,3.3523e+11,4.1503e+11
0.04479,0.13542,3.5009e+0,3.2496e+11,3.9849e+11
0.04688,0.13542,3.4327e+0,3.0188e+11,3.8404e+11
0.04896,0.13542,3.3623e+0,2.7048e+11,4.0803e+11
0.05104,0.13542,3.2862e+0,3.3711e+11,4.0496e+11
0.05312,0.13542,3.2099e+0,3.1454e+11,4.2804e+11
0.05521,0.13542,3.1294e+0,3.0221e+11,3.9016e+11
0.05729,0.13542,3.0463e+0,2.9862e+11,3.6853e+11
0.05937,0.13542,2.9613e+0,3.5467e+11,4.2275e+11
0.06146,0.13542,2.8745e+0,3.5029e+11,3.7256e+11
0.06354,0.13542,2.7890e+0,2.9550e+11,3.8207e+11
0.06563,0.13542,2.6997e+0,3.1210e+11,4.5949e+11
0.06771,0.13542,2.6035e+0,2.7421e+11,4.2967e+11
0.06979,0.13542,2.4993e+0,2.3995e+11,3.5503e+11
0.07187,0.13542,2.3886e+0,2.9074e+11,3.3868e+11
0.07396,0.13542,2.2755e+0,3.1528e+11,4.1800e+11
0.07604,0.13542,2.1554e+0,2.5980e+11,3.9202e+11
0.07813,0.13542,2.0263e+0,2.5262e+11,3.9420e+11
0.08021,0.13542,1.8887e+0,2.3876e+11,4.0961e+11
0.08229,0.13542,1.7425e+0,2.2510e+11,4.6258e+11
0.08438,0.13542,1.5833e+0,1.9468e+11,3.6081e+11
0.08646,0.13542,1.4161e+0,1.8147e+11,3.3254e+11
0.08854,0.13542,1.2408e+0,1.4146e+11,3.1457e+11
0.09062,0.13542,1.0550e+0,3.6426e+10,3.2992e+11
0.09271,0.13542,8.4978e-1,3.3747e+9,2.8357e+11
0.09479,0.13542,6.2617e-1,8.0302e+8,2.5154e+11
0.09688,0.13542,3.8703e-1,2.3947e+8,2.4459e+11
0.09896,0.13542,1.3352e-1,3.2495e+7,2.4222e+11
0.00104,0.13958,4.3361e+0,3.3553e+10,2.0738e+11
0.00313,0.13958,4.3343e+0,5.5413e+10,5.1555e+11
0.00521,0.13958,4.3135e+0,8.0840e+10,2.0871e+11
0.00729,0.13958,4.2937e+0,9.2136e+10,6.9021e+10
0.00937,0.13958,4.2792e+0,8.2278e+10,1.5564e+11
0.01146,0.13958,4.2602e+0,1.0184e+11,3.5921e+11
0.01354,0.13958,4.2249e+0,1.3589e+11,3.4657e+11
0.01563,0.13958,4.1803e+0,1.8057e+11,1.5473e+11
0.01771,0.13958,4.1426e+0,2.1032e+11,1.2049e+11
0.01979,0.13958,4.1141e+0,2.1641e+11,2.4358e+11
0.02187,0.13958,4.0850e+0,2.1961e+11,2.7799e+11
0.02396,0.13958,4.0518e+0,1.9167e+11,2.0928e+11
0.02604,0.13958,4.0169e+0,2.3093e+11,3.5951e+11
0.02813,0.13958,3.9740e+0,2.4845e+11,3.5352e+11
0.03021,0.13958,3.9252e+0,2.7386e+11,3.1842e+11
0.03229,0.13958,3.8774e+0,2.9362e+11,4.6320e+11
0.03438,0.13958,3.8243e+0,2.6532e+11,4.5190e+11
0.03646,0.13958,3.7652e+0,3.1406e+11,3.9779e+11
0.03854,0.13958,3.7057e+0,3.3687e+11,4.3929e+11
0.04063,0.13958,3.6425e+0,3.3172e+11,3.6718e+11
0.04271,0.13958,3.5784e+0,3.2585e+11,4.1143e+11
0.04479,0.13958,3.5089e+0,3.0655e+11,3.0468e+11
0.04688,0.13958,3.4393e+0,2.9432e+11,3.3979e+11
0.04896,0.13958,3.3655e+0,2.7437e+11,3.1603e+11
0.05104,0.13958,3.2871e+0,3.4052e+11,3.0060e+11
0.05312,0.13958,3.2099e+0,3.1460e+11,3.0700e+11
0.05521,0.13958,3.1312e+0,3.0594e+11,3.1410e+11
0.05729,0.13958,3.0504e+0,2.9886e+11,3.3966e+11
0.05937,0.13958,2.9662e+0,3.5905e+11,3.6202e+11
0.06146,0.13958,2.8826e+0,3.4651e+11,3.5028e+11
0.06354,0.13958,2.8004e+0,3.0337e+11,4.4664e+11
0.06563,0.13958,2.7095e+0,3.1678e+11,4.1386e+11
0.06771,0.13958,2.6140e+0,2.8117e+11,3.9258e+11
0.06979,0.13958,2.5132e+0,2.4445e+11,4.1458e+11
0.07187,0.13958,2.4041e+0,2.9469e+11,4.3983e+11
0.07396,0.13958,2.2897e+0,3.1515e+11,4.9090e+11
0.07604,0.13958,2.1682e+0,2.6919e+11,4.8449e+11
0.07813,0.13958,2.0360e+0,2.6402e+11,4.2795e+11
0.08021,0.13958,1.8962e+0,2.4612e+11,3.9852e+11
0.08229,0.13958,1.7494e+0,2.2682e+11,4.3591e+11
0.08438,0.13958,1.5913e+0,1.9293e+11,3.6655e+11
0.08646,0.13958,1.4248e+0,1.7625e+11,3.6747e+11
0.08854,0.13958,1.2486e+0,1.4643e+11,3.6709e+11
0.09062,0.13958,1.0600e+0,3.6693e+10,3.2460e+11
0.09271,0.13958,8.5298e-1,3.5834e+9,2.7195e+11
0.09479,0.13958,6.2856e-1,1.0325e+9,2.4859e+11
0.09688,0.13958,3.8877e-1,2.5653e+8,2.5207e+11
0.09896,0.13958,1.3405e-1,3.6056e+7,2.3822e+11
0.00104,0.14375,4.3375e+0,2.8672e+10,6.7696e+10
0.00313,0.14375,4.3365e+0,5.5527e+10,2.7130e+11
0.00521,0.14375,4.3234e+0,8.0254e+10,2.4340e+11
0.00729,0.14375,4.3039e+0,8.5991e+10,2.3358e+11
0.00937,0.14375,4.2773e+0,8.3437e+10,1.1800e+11
0.01146,0.14375,4.2475e+0,1.0493e+11,1.3790e+11
0.01354,0.14375,4.2124e+0,1.2332e+11,1.3260e+11
0.01563,0.14375,4.1739e+0,1.8243e+11,6.4069e+10
0.01771,0.14375,4.1415e+0,2.0510e+11,7.3988e+10
0.01979,0.14375,4.1159e+0,2.2373e+11,1.5724e+11
0.02187,0.14375,4.0932e+0,2.2201e+11,2.2671e+11
0.02396,0.14375,4.0707e+0,1.9442e+11,4.9041e+11
0.02604,0.14375,4.0324e+0,2.3413e+11,4.0762e+11
0.02813,0.14375,3.9887e+0,2.5434e+11,4.4903e+11
0.03021,0.14375,3.9369e+0,2.6355e+11,3.7944e+11
0.03229,0.14375,3.8819e+0,2.9536e+11,3.1708e+11
0.03438,0.14375,3.8267e+0,2.7212e+11,2.7512e+11
0.03646,0.14375,3.7699e+0,3.1699e+11,2.8863e+11
0.03854,0.14375,3.7136e+0,3.2233e+11,3.1539e+11
0.04063,0.14375,3.6587e+0,3.3337e+11,4.9315e+11
0.04271,0.14375,3.5967e+0,3.2992e+11,4.6130e+11
0.04479,0.14375,3.5310e+0,3.0961e+11,4.5622e+11
0.04688,0.14375,3.4611e+0,3.0156e+11,4.4216e+11
0.04896,0.14375,3.3872e+0,2.8587e+11,4.4997e+11
0.05104,0.14375,3.3086e+0,3.4274e+11,4.5604e+11
0.05312,0.14375,3.2305e+0,3.1621e+11,4.5966e+11
0.05521,0.14375,3.1506e+0,3.1469e+11,4.6448e+11
0.05729,0.14375,3.0678e+0,2.9406e+11,4.6806e+11
0.05937,0.14375,2.9788e+0,3.5788e+11,3.4293e+11
0.06146,0.14375,2.8957e+0,3.4196e+11,3.9911e+11
0.06354,0.14375,2.8124e+0,3.0414e+11,4.8959e+11
0.06563,0.14375,2.7197e+0,3.2345e+11,4.5335e+11
0.06771,0.14375,2.6224e+0,2.8601e+11,4.2163e+11
0.06979,0.14375,2.5195e+0,2.4888e+11,4.1634e+11
0.07187,0.14375,2.4081e+0,3.0685e+11,4.3628e+11
0.07396,0.14375,2.2910e+0,3.2153e+11,4.2554e+11
0.07604,0.14375,2.1695e+0,2.6854e+11,4.4049e+11
0.07813,0.14375,2.0390e+0,2.5826e+11,4.4667e+11
0.08021,0.14375,1.8991e+0,2.4000e+11,4.0044e+11
0.08229,0.14375,1.7512e+0,2.2119e+11,3.8674e+11
0.08438,0.14375,1.5941e+0,1.9560e+11,3.3995e+11
0.08646,0.14375,1.4290e+0,1.7578e+11,3.5641e+11
0.08854,0.14375,1.2539e+0,1.4539e+11,3.6018e+11
0.09062,0.14375,1.0666e+0,3.6170e+10,3.4185e+11
0.09271,0.14375,8.6067e-1,3.4252e+9,3.2792e+11
0.09479,0.14375,6.3511e-1,1.0435e+9,2.9599e+11
0.09688,0.14375,3.9240e-1,2.1725e+8,2.5477e+11
0.09896,0.14375,1.3530e-1,2.7145e+7,2.4193e+11
0.00104,0.14792,4.3350e+0,3.0198e+10,1.7298e+9
0.00313,0.14792,4.3379e+0,5.2842e+10,2.0556e+11
0.00521,0.14792,4.3340e+0,7.6800e+10,2.7330e+11
0.00729,0.14792,4.3226e+0,8.8127e+10,3.1484e+11
0.00937,0.14792,4.3022e+0,8.8656e+10,3.4742e+11
0.01146,0.14792,4.2693e+0,9.3493e+10,1.6359e+11
0.01354,0.14792,4.2335e+0,1.1372e+11,7.8508e+10
0.01563,0.14792,4.1987e+0,1.8679e+11,8.9145e+10
0.01771,0.14792,4.1681e+0,2.0220e+11,1.7157e+11
0.01979,0.14792,4.1374e+0,2.0709e+11,1.5460e+11
0.02187,0.14792,4.1077e+0,2.0800e+11,2.8206e+11
0.02396,0.14792,4.0702e+0,1.8925e+11,2.0897e+11
0.02604,0.14792,4.0285e+0,2.2616e+11,1.7861e+11
0.02813,0.14792,3.9884e+0,2.4688e+11,3.6336e+11
0.03021,0.14792,3.9397e+0,2.6222e+11,2.3561e+11
0.03229,0.14792,3.8942e+0,2.9570e+11,3.4378e+11
0.03438,0.14792,3.8485e+0,2.7006e+11,4.6374e+11
0.03646,0.14792,3.7944e+0,3.0665e+11,5.4869e+11
0.03854,0.14792,3.7302e+0,3.1107e+11,4.1954e+11
0.04063,0.14792,3.6654e+0,3.2923e+11,4.0454e+11
0.04271,0.14792,3.6005e+0,3.3575e+11,3.7721e+11
0.04479,0.14792,3.5367e+0,3.1894e+11,4.5315e+11
0.04688,0.14792,3.4678e+0,3.0106e+11,5.1469e+11
0.04896,0.14792,3.3886e+0,2.7505e+11,3.9170e+11
0.05104,0.14792,3.3056e+0,3.3914e+11,3.4846e+11
0.05312,0.14792,3.2255e+0,3.2245e+11,3.3064e+11
0.05521,0.14792,3.1470e+0,3.1915e+11,3.5307e+11
0.05729,0.14792,3.0673e+0,2.9235e+11,3.4640e+11
0.05937,0.14792,2.9849e+0,3.5156e+11,3.8266e+11
0.06146,0.14792,2.9031e+0,3.4259e+11,4.6744e+11
0.06354,0.14792,2.8155e+0,3.0433e+11,4.5344e+11
0.06563,0.14792,2.7194e+0,3.3821e+11,3.6933e+11
0.06771,0.14792,2.6227e+0,2.8450e+11,3.8471e+11
0.06979,0.14792,2.5201e+0,2.4084e+11,3.9636e+11
0.07187,0.14792,2.4077e+0,3.1244e+11,4.1422e+11
0.07396,0.14792,2.2901e+0,3.2398e+11,4.3358e+11
0.07604,0.14792,2.1668e+0,2.5794e+11,4.0002e+11
0.07813,0.14792,2.0353e+0,2.4993e+11,3.5780e+11
0.08021,0.14792,1.8979e+0,2.4446e+11,3.7815e+11
0.08229,0.14792,1.7537e+0,2.1430e+11,4.0980e+11
0.08438,0.14792,1.5991e+0,1.9584e+11,4.0954e+11
0.08646,0.14792,1.4331e+0,1.7326e+11,3.5789e+11
0.08854,0.14792,1.2576e+0,1.4069e+11,3.5557e+11
0.09062,0.14792,1.0700e+0,3.5628e+10,3.3346e+11
0.09271,0.14792,8.6416e-1,3.6262e+9,3.3327e+11
0.09479,0.14792,6.3821e-1,1.0502e+9,2.9121e+11
0.09688,0.14792,3.9513e-1,2.3300e+8,2.6973e+11
0.09896,0.14792,1.3674e-1,5.1145e+7,2.6823e+11
0.00104,0.15208,4.3182e+0,3.0760e+10,0.0000e+0
0.00313,0.15208,4.3203e+0,5.2225e+10,2.6291e+10
0.00521,0.15208,4.3247e+0,7.9874e+10,2.0720e+11
0.00729,0.15208,4.3241e+0,8.7201e+10,2.4984e+11
0.00937,0.15208,4.3199e+0,8.2023e+10,3.8626e+11
0.01146,0.15208,4.3055e+0,9.5260e+10,3.9633e+11
0.01354,0.15208,4.2832e+0,1.1612e+11,3.9586e+11
0.01563,0.15208,4.2551e+0,1.9533e+11,4.9317e+11
0.01771,0.15208,4.2192e+0,2.1663e+11,3.6670e+11
0.01979,0.15208,4.1837e+0,2.0853e+11,4.0320e+11
0.02187,0.15208,4.1433e+0,2.1078e+11,4.2728e+11
0.02396,0.15208,4.0939e+0,2.0174e+11,2.2822e+11
0.02604,0.15208,4.0460e+0,2.3531e+11,2.4079e+11
0.02813,0.15208,3.9996e+0,2.5286e+11,3.1149e+11
0.03021,0.15208,3.9506e+0,2.6297e+11,2.6984e+11
0.03229,0.15208,3.9043e+0,2.9895e+11,3.9200e+11
0.03438,0.15208,3.8553e+0,2.8089e+11,4.5888e+11
0.03646,0.15208,3.7970e+0,3.1178e+11,5.0058e+11
0.03854,0.15208,3.7287e+0,3.1345e+11,3.3824e+11
0.04063,0.15208,3.6620e+0,3.1294e+11,2.9113e+11
0.04271,0.15208,3.5994e+0,3.3558e+11,4.3091e+11
0.04479,0.15208,3.5329e+0,3.2706e+11,4.2727e+11
0.04688,0.15208,3.4616e+0,3.0899e+11,4.3220e+11
0.04896,0.15208,3.3825e+0,2.8198e+11,3.1078e+11
0.05104,0.15208,3.3012e+0,3.4366e+11,2.7756e+11
0.05312,0.15208,3.2240e+0,3.2610e+11,2.8058e+11
0.05521,0.15208,3.1494e+0,3.1835e+11,3.5760e+11
0.05729,0.15208,3.0724e+0,2.9546e+11,3.8530e+11
0.05937,0.15208,2.9908e+0,3.4644e+11,4.4571e+11
0.06146,0.15208,2.9056e+0,3.5636e+11,4.4291e+11
0.06354,0.15208,2.8178e+0,3.1025e+11,4.4782e+11
0.06563,0.15208,2.7237e+0,3.3386e+11,4.2216e+11
0.06771,0.15208,2.6275e+0,2.8795e+11,4.5405e+11
0.06979,0.15208,2.5238e+0,2.3998e+11,4.3746e+11
0.07187,0.15208,2.4099e+0,3.0097e+11,4.2908e+11
0.07396,0.15208,2.2905e+0,3.2384e+11,4.2710e+11
0.07604,0.15208,2.1666e+0,2.5498e+11,3.7816e+11
0.07813,0.15208,2.0357e+0,2.4840e+11,3.7925e+11
0.08021,0.15208,1.8968e+0,2.4471e+11,3.4767e+11
0.08229,0.15208,1.7514e+0,2.1927e+11,3.4251e+11
0.08438,0.15208,1.5980e+0,1.9459e+11,3.6141e+11
0.08646,0.15208,1.4339e+0,1.7372e+11,3.4814e+11
0.08854,0.15208,1.2591e+0,1.4122e+11,3.6125e+11
0.09062,0.15208,1.0706e+0,3.5693e+10,3.1676e+11
0.09271,0.15208,8.6411e-1,3.5262e+9,2.9086e+11
0.09479,0.15208,6.3926e-1,8.5319e+8,3.0096e+11
0.09688,0.15208,3.9602e-1,2.8997e+8,2.7765e+11
0.09896,0.15208,1.3667e-1,5.6164e+7,2.4991e+11
0.00104,0.15625,4.2940e+0,2.5951e+10,0.0000e+0
0.00313,0.15625,4.2930e+0,5.1349e+10,0.0000e+0
0.00521,0.15625,4.2921e+0,8.2134e+10,4.5000e+9
0.00729,0.15625,4.2916e+0,8.8620e+10,4.1185e+9
0.00937,0.15625,4.2915e+0,8.0668e+10,6.4709e+9
0.01146,0.15625,4.2918e+0,9.6532e+10,2.0234e+11
0.01354,0.15625,4.2842e+0,1.1706e+11,3.3216e+11
0.01563,0.15625,4.2660e+0,1.9878e+11,4.3158e+11
0.01771,0.15625,4.2381e+0,2.2649e+11,4.0207e+11
0.01979,0.15625,4.2047e+0,2.0747e+11,3.9193e+11
0.02187,0.15625,4.1638e+0,2.1940e+11,3.2680e+11
0.02396,0.15625,4.1203e+0,2.1373e+11,3.7775e+11
0.02604,0.15625,4.0705e+0,2.3947e+11,3.6103e+11
0.02813,0.15625,4.0175e+0,2.6365e+11,3.8105e+11
0.03021,0.15625,3.9614e+0,2.7743e+11,3.0205e+11
0.03229,0.15625,3.9082e+0,2.9941e+11,3.2980e+11
0.03438,0.15625,3.8562e+0,2.7933e+11,4.5766e+11
0.03646,0.15625,3.7947e+0,3.0607e+11,4.3214e+11
0.03854,0.15625,3.7275e+0,3.1652e+11,3.2981e+11
0.04063,0.15625,3.6627e+0,3.1635e+11,3.8295e+11
0.04271,0.15625,3.5966e+0,3.3751e+11,3.7979e+11
0.04479,0.15625,3.5296e+0,3.3070e+11,3.7174e+11
0.04688,0.15625,3.4616e+0,3.0482e+11,3.7609e+11
0.04896,0.15625,3.3896e+0,2.7413e+11,3.5200e+11
0.05104,0.15625,3.3140e+0,3.3848e+11,3.8794e+11
0.05312,0.15625,3.2382e+0,3.2640e+11,3.9902e+11
0.05521,0.15625,3.1611e+0,3.1771e+11,4.6007e+11
0.05729,0.15625,3.0785e+0,2.9744e+11,4.1970e+11
0.05937,0.15625,2.9920e+0,3.4185e+11,4.4995e+11
0.06146,0.15625,2.9033e+0,3.5335e+11,4.3083e+11
0.06354,0.15625,2.8137e+0,3.0463e+11,4.0959e+11
0.06563,0.15625,2.7206e+0,3.2750e+11,4.4157e+11
0.06771,0.15625,2.6227e+0,2.9279e+11,3.9890e+11
0.06979,0.15625,2.5195e+0,2.4457e+11,3.9809e+11
0.07187,0.15625,2.4071e+0,3.0070e+11,3.9747e+11
0.07396,0.15625,2.2900e+0,3.2126e+11,3.9728e+11
0.07604,0.15625,2.1700e+0,2.6182e+11,4.2116e+11
0.07813,0.15625,2.0412e+0,2.5258e+11,4.0956e+11
0.08021,0.15625,1.9041e+0,2.4647e+11,4.1999e+11
0.08229,0.15625,1.7573e+0,2.2227e+11,3.4846e+11
0.08438,0.15625,1.6035e+0,1.9424e+11,3.6636e+11
0.08646,0.15625,1.4390e+0,1.7166e+11,3.5910e+11
0.08854,0.15625,1.2629e+0,1.3989e+11,3.5134e+11
0.09062,0.15625,1.0736e+0,3.4911e+10,3.1139e+11
0.09271,0.15625,8.6646e-1,3.5381e+9,3.0809e+11
0.09479,0.15625,6.4017e-1,9.3830e+8,2.9689e+11
0.09688,0.15625,3.9584e-1,3.2601e+8,2.5851e+11
0.09896,0.15625,1.3651e-1,7.4406e+7,2.4419e+11
0.00104,0.16042,4.2854e+0,2.2764e+10,0.0000e+0
0.00313,0.16042,4.2843e+0,5.4707e+10,0.0000e+0
0.00521,0.16042,4.2835e+0,9.3186e+10,0.0000e+0
0.00729,0.16042,4.2847e+0,8.2163e+10,1.9042e+10
0.00937,0.16042,4.2842e+0,8.0844e+10,4.4205e+10
0.01146,0.16042,4.2789e+0,9.8210e+10,5.3548e+10
0.01354,0.16042,4.2685e+0,1.1255e+11,7.3952e+10
0.01563,0.16042,4.2543e+0,1.7626e+11,1.4353e+11
0.01771,0.16042,4.2388e+0,2.3090e+11,3.9652e+11
0.01979,0.16042,4.2128e+0,2.1016e+11,4.3847e+11
0.02187,0.16042,4.1773e+0,2.1761e+11,4.2979e+11
0.02396,0.16042,4.1369e+0,2.0381e+11,4.8952e+11
0.02604,0.16042,4.0860e+0,2.2715e+11,4.6972e+11
0.02813,0.16042,4.0266e+0,2.5753e+11,3.4937e+11
0.03021,0.16042,3.9683e+0,2.8056e+11,3.6665e+11
0.03229,0.16042,3.9112e+0,3.0540e+11,4.0525e+11
0.03438,0.16042,3.8530e+0,2.8103e+11,4.0807e+11
0.03646,0.16042,3.7901e+0,3.0509e+11,3.6094e+11
0.03854,0.16042,3.7266e+0,3.2723e+11,4.0381e+11
0.04063,0.16042,3.6616e+0,3.2544e+11,3.6821e+11
0.04271,0.16042,3.5967e+0,3.4111e+11,3.9843e+11
0.04479,0.16042,3.5301e+0,3.3672e+11,2.9950e+11
0.04688,0.16042,3.4672e+0,3.0925e+11,3.9495e+11
0.04896,0.16042,3.3993e+0,2.7745e+11,3.9504e+11
0.05104,0.16042,3.3249e+0,3.4233e+11,4.4490e+11
0.05312,0.16042,3.2464e+0,3.3045e+11,4.5584e+11
0.05521,0.16042,3.1620e+0,3.1432e+11,3.8097e+11
0.05729,0.16042,3.0741e+0,2.9993e+11,3.7209e+11
0.05937,0.16042,2.9809e+0,3.5304e+11,2.7091e+11
0.06146,0.16042,2.8917e+0,3.5094e+11,3.0132e+11
0.06354,0.16042,2.8030e+0,3.1782e+11,3.0059e+11
0.06563,0.16042,2.7127e+0,3.3394e+11,3.6545e+11
0.06771,0.16042,2.6185e+0,2.9026e+11,4.0047e+11
0.06979,0.16042,2.5163e+0,2.4367e+11,3.6375e+11
0.07187,0.16042,2.4060e+0,2.9823e+11,3.7376e+11
0.07396,0.16042,2.2912e+0,3.2873e+11,4.1330e+11
0.07604,0.16042,2.1716e+0,2.6471e+11,3.7951e+11
0.07813,0.16042,2.0450e+0,2.6097e+11,4.0121e+11
0.08021,0.16042,1.9105e+0,2.4664e+11,4.1171e+11
0.08229,0.16042,1.7664e+0,2.1795e+11,3.8494e+11
0.08438,0.16042,1.6134e+0,1.9293e+11,4.0494e+11
0.08646,0.16042,1.4485e+0,1.7154e+11,4.0519e+11
0.08854,0.16042,1.2702e+0,1.3414e+11,3.6096e+11
0.09062,0.16042,1.0789e+0,3.5075e+10,3.2549e+11
0.09271,0.16042,8.6940e-1,3.4024e+9,3.0014e+11
0.09479,0.16042,6.4098e-1,8.7153e+8,2.6082e+11
0.09688,0.16042,3.9622e-1,2.6754e+8,2.4432e+11
0.09896,0.16042,1.3683e-1,1.1352e+8,2.5003e+11
0.00104,0.16458,4.2936e+0,1.5762e+10,0.0000e+0
0.00313,0.16458,4.2935e+0,6.2567e+10,0.0000e+0
0.00521,0.16458,4.2962e+0,1.0188e+11,0.0000e+0
0.00729,0.16458,4.3035e+0,8.5733e+10,7.1723e+10
0.00937,0.16458,4.3108e+0,7.3283e+10,3.1144e+11
0.01146,0.16458,4.3057e+0,1.0109e+11,4.1637e+11
0.01354,0.16458,4.2878e+0,1.2552e+11,3.1092e+11
0.01563,0.16458,4.2662e+0,1.7687e+11,3.6033e+11
0.01771,0.16458,4.2392e+0,2.2057e+11,4.5400e+11
0.01979,0.16458,4.2004e+0,2.1077e+11,2.8342e+11
0.02187,0.16458,4.1581e+0,2.2276e+11,1.6906e+11
0.02396,0.16458,4.1212e+0,2.0284e+11,3.3760e+11
0.02604,0.16458,4.0773e+0,2.2999e+11,4.6807e+11
0.02813,0.16458,4.0199e+0,2.6348e+11,3.5779e+11
0.03021,0.16458,3.9592e+0,2.8837e+11,2.7896e+11
0.03229,0.16458,3.9022e+0,3.0356e+11,3.5286e+11
0.03438,0.16458,3.8436e+0,2.7606e+11,2.7832e+11
0.03646,0.16458,3.7849e+0,3.0627e+11,3.5977e+11
0.03854,0.16458,3.7214e+0,3.2525e+11,3.0396e+11
0.04063,0.16458,3.6595e+0,3.3037e+11,3.2867e+11
0.04271,0.16458,3.5988e+0,3.4986e+11,3.6368e+11
0.04479,0.16458,3.5396e+0,3.3247e+11,4.3916e+11
0.04688,0.16458,3.4779e+0,3.0441e+11,4.7134e+11
0.04896,0.16458,3.4097e+0,2.8351e+11,4.8676e+11
0.05104,0.16458,3.3325e+0,3.4158e+11,4.8389e+11
0.05312,0.16458,3.2514e+0,3.3103e+11,4.2509e+11
0.05521,0.16458,3.1691e+0,3.2039e+11,4.5996e+11
0.05729,0.16458,3.0816e+0,3.1278e+11,4.0981e+11
0.05937,0.16458,2.9924e+0,3.6957e+11,4.2312e+11
0.06146,0.16458,2.9055e+0,3.5956e+11,4.7550e+11
0.06354,0.16458,2.8161e+0,3.2072e+11,4.6428e+11
0.06563,0.16458,2.7219e+0,3.3730e+11,4.5964e+11
0.06771,0.16458,2.6235e+0,2.9028e+11,3.8870e+11
0.06979,0.16458,2.5211e+0,2.4836e+11,3.8152e+11
0.07187,0.16458,2.4121e+0,2.9633e+11,4.1826e+11
0.07396,0.16458,2.2982e+0,3.2005e+11,4.6987e+11
0.07604,0.16458,2.1783e+0,2.6434e+11,4.3660e+11
0.07813,0.16458,2.0507e+0,2.5682e+11,3.9678e+11
0.08021,0.16458,1.9175e+0,2.4398e+11,4.4526e+11
0.08229,0.16458,1.7742e+0,2.1137e+11,4.2917e+11
0.08438,0.16458,1.6198e+0,1.9985e+11,4.1425e+11
0.08646,0.16458,1.4542e+0,1.7431e+11,4.0289e+11
0.08854,0.16458,1.2762e+0,1.3296e+11,3.9030e+11
0.09062,0.16458,1.0840e+0,3.5303e+10,3.2317e+11
0.09271,0.16458,8.7459e-1,3.1121e+9,3.1558e+11
0.09479,0.16458,6.4624e-1,8.2618e+8,3.0280e+11
0.09688,0.16458,4.0011e-1,2.7811e+8,2.7493e+11
0.09896,0.16458,1.3820e-1,8.4807e+7,2.5630e+11
0.00104,0.16875,4.3069e+0,1.3551e+10,0.0000e+0
0.00313,0.16875,4.3082e+0,6.7878e+10,3.6555e+9
0.00521,0.16875,4.3139e+0,1.1458e+11,1.2335e+11
0.00729,0.16875,4.3187e+0,8.0956e+10,2.5614e+11
0.00937,0.16875,4.3115e+0,6.4805e+10,2.2683e+11
0.01146,0.16875,4.2925e+0,1.0114e+11,6.7048e+10
0.01354,0.16875,4.2757e+0,1.2545e+11,1.9599e+11
0.01563,0.16875,4.2553e+0,1.7772e+11,3.0403e+11
0.01771,0.16875,4.2288e+0,2.1135e+11,3.2810e+11
0.01979,0.16875,4.1962e+0,2.1013e+11,4.4288e+11
0.02187,0.16875,4.1495e+0,2.1796e+11,2.2008e+11
0.02396,0.16875,4.1050e+0,2.0439e+11,1.5322e+11
0.02604,0.16875,4.0642e+0,2.3006e+11,3.7327e+11
0.02813,0.16875,4.0142e+0,2.6700e+11,4.5898e+11
0.03021,0.16875,3.9543e+0,2.8905e+11,2.7172e+11
0.03229,0.16875,3.8990e+0,2.9832e+11,2.6531e+11
0.03438,0.16875,3.8479e+0,2.8368e+11,3.2077e+11
0.03646,0.16875,3.7960e+0,3.1052e+11,5.5553e+11
0.03854,0.16875,3.7304e+0,3.1969e+11,3.6748e+11
0.04063,0.16875,3.6655e+0,3.3965e+11,3.5968e+11
0.04271,0.16875,3.6024e+0,3.5477e+11,4.1569e+11
0.04479,0.16875,3.5369e+0,3.4285e+11,3.1040e+11
0.04688,0.16875,3.4739e+0,2.9999e+11,3.7818e+11
0.04896,0.16875,3.4045e+0,2.8204e+11,4.3546e+11
0.05104,0.16875,3.3240e+0,3.3730e+11,3.2662e+11
0.05312,0.16875,3.2446e+0,3.3277e+11,3.3365e+11
0.05521,0.16875,3.1655e+0,3.2275e+11,4.4524e+11
0.05729,0.16875,3.0786e+0,3.1632e+11,3.5363e+11
0.05937,0.16875,2.9904e+0,3.6829e+11,3.5873e+11
0.06146,0.16875,2.9045e+0,3.5622e+11,4.2664e+11
0.06354,0.16875,2.8154e+0,3.1131e+11,4.0286e+11
0.06563,0.16875,2.7220e+0,3.2833e+11,3.9885e+11
0.06771,0.16875,2.6257e+0,2.8743e+11,4.0243e+11
0.06979,0.16875,2.5229e+0,2.5109e+11,3.8200e+11
0.07187,0.16875,2.4122e+0,3.0238e+11,4.1230e+11
0.07396,0.16875,2.2953e+0,3.1483e+11,3.8811e+11
0.07604,0.16875,2.1753e+0,2.5710e+11,3.8785e+11
0.07813,0.16875,2.0487e+0,2.5645e+11,3.9342e+11
0.08021,0.16875,1.9158e+0,2.4256e+11,4.3631e+11
0.08229,0.16875,1.7731e+0,2.1297e+11,4.2385e+11
0.08438,0.16875,1.6199e+0,2.0087e+11,4.4640e+11
0.08646,0.16875,1.4539e+0,1.7725e+11,4.0857e+11
0.08854,0.16875,1.2760e+0,1.3732e+11,3.7512e+11
0.09062,0.16875,1.0854e+0,3.4049e+10,3.3925e+11
0.09271,0.16875,8.7718e-1,3.5425e+9,3.4930e+11
0.09479,0.16875,6.4864e-1,1.0435e+9,3.0800e+11
0.09688,0.16875,4.0272e-1,3.6933e+8,3.0457e+11
0.09896,0.16875,1.3966e-1,7.5472e+7,2.8819e+11
0.00104,0.17292,4.3140e+0,1.4271e+10,0.0000e+0
0.00313,0.17292,4.3164e+0,6.1928e+10,8.6468e+9
0.00521,0.17292,4.3241e+0,1.0621e+11,2.0493e+11
0.00729,0.17292,4.3280e+0,8.6450e+10,3.1465e+11
0.00937,0.17292,4.3202e+0,7.0277e+10,3.7878e+11
0.01146,0.17292,4.2946e+0,1.0615e+11,1.4617e+11
0.01354,0.17292,4.2674e+0,1.2719e+11,9.5487e+10
0.01563,0.17292,4.2410e+0,1.7511e+11,4.5300e+10
0.01771,0.17292,4.2206e+0,2.2294e+11,2.9099e+11
0.01979,0.17292,4.1915e+0,2.0892e+11,3.7017e+11
0.02187,0.17292,4.1491e+0,2.2264e+11,2.4823e+11
0.02396,0.17292,4.1050e+0,2.0362e+11,2.5980e+11
0.02604,0.17292,4.0575e+0,2.2990e+11,3.0098e+11
0.02813,0.17292,4.0042e+0,2.5973e+11,2.2749e+11
0.03021,0.17292,3.9524e+0,2.9068e+11,2.6152e+11
0.03229,0.17292,3.9033e+0,2.9956e+11,2.8991e+11
0.03438,0.17292,3.8564e+0,2.8470e+11,4.7487e+11
0.03646,0.17292,3.7980e+0,3.0443e+11,3.7988e+11
0.03854,0.17292,3.7356e+0,3.1195e+11,3.5991e+11
0.04063,0.17292,3.6717e+0,3.3393e+11,3.5043e+11
0.04271,0.17292,3.6082e+0,3.5336e+11,3.3855e+11
0.04479,0.17292,3.5470e+0,3.3950e+11,4.2156e+11
0.04688,0.17292,3.4824e+0,2.9752e+11,4.6607e+11
0.04896,0.17292,3.4083e+0,2.7588e+11,3.9194e+11
0.05104,0.17292,3.3276e+0,3.3398e+11,3.4188e+11
0.05312,0.17292,3.2486e+0,3.3434e+11,3.9452e+11
0.05521,0.17292,3.1669e+0,3.3091e+11,3.8099e+11
0.05729,0.17292,3.0822e+0,3.1865e+11,3.7671e+11
0.05937,0.17292,2.9942e+0,3.5539e+11,3.7281e+11
0.06146,0.17292,2.9056e+0,3.5687e+11,3.7677e+11
0.06354,0.17292,2.8155e+0,3.2681e+11,3.4919e+11
0.06563,0.17292,2.7236e+0,3.1937e+11,3.5915e+11
0.06771,0.17292,2.6300e+0,2.8176e+11,4.3323e+11
0.06979,0.17292,2.5282e+0,2.5215e+11,4.5042e+11
0.07187,0.17292,2.4160e+0,3.0211e+11,4.8089e+11
0.07396,0.17292,2.2951e+0,3.1405e+11,4.0343e+11
0.07604,0.17292,2.1715e+0,2.5160e+11,3.5550e+11
0.07813,0.17292,2.0425e+0,2.5175e+11,3.7759e+11
0.08021,0.17292,1.9068e+0,2.4067e+11,3.8665e+11
0.08229,0.17292,1.7625e+0,2.1157e+11,3.5418e+11
0.08438,0.17292,1.6096e+0,1.9636e+11,3.7364e+11
0.08646,0.17292,1.4455e+0,1.8754e+11,3.8298e+11
0.08854,0.17292,1.2692e+0,1.4187e+11,3.5175e+11
0.09062,0.17292,1.0799e+0,3.5573e+10,3.2481e+11
0.09271,0.17292,8.7197e-1,3.6232e+9,3.0493e+11
0.09479,0.17292,6.4499e-1,1.0317e+9,2.9402e+11
0.09688,0.17292,4.0024e-1,3.5995e+8,2.8904e+11
0.09896,0.17292,1.3842e-1,9.2027e+7,2.6588e+11
0.00104,0.17708,4.3067e+0,1.4013e+10,0.0000e+0
0.00313,0.17708,4.3065e+0,6.6147e+10,0.0000e+0
0.00521,0.17708,4.3089e+0,1.1182e+11,0.0000e+0
0.00729,0.17708,4.3150e+0,8.5840e+10,7.2979e+10
0.00937,0.17708,4.3182e+0,7.1066e+10,2.3119e+11
0.01146,0.17708,4.3093e+0,1.1639e+11,4.3893e+11
0.01354,0.17708,4.2827e+0,1.3095e+11,2.2944e+11
0.01563,0.17708,4.2559e+0,1.6441e+11,1.0898e+11
0.01771,0.17708,4.2373e+0,2.2238e+11,4.6300e+11
0.01979,0.17708,4.2043e+0,2.2027e+11,3.6870e+11
0.02187,0.17708,4.1641e+0,2.3667e+11,4.2509e+11
0.02396,0.17708,4.1164e+0,2.0675e+11,2.9810e+11
0.02604,0.17708,4.0681e+0,2.2420e+11,3.7908e+11
0.02813,0.17708,4.0138e+0,2.5882e+11,2.7718e+11
0.03021,0.17708,3.9628e+0,2.8624e+11,3.0923e+11
0.03229,0.17708,3.9141e+0,3.1004e+11,3.7968e+11
0.03438,0.17708,3.8636e+0,2.8149e+11,3.8390e+11
0.03646,0.17708,3.8064e+0,3.1563e+11,3.8322e+11
0.03854,0.17708,3.7455e+0,3.1617e+11,3.5185e+11
0.04063,0.17708,3.6842e+0,3.3174e+11,3.7576e+11
0.04271,0.17708,3.6215e+0,3.5133e+11,4.1348e+11
0.04479,0.17708,3.5566e+0,3.3803e+11,4.1881e+11
0.04688,0.17708,3.4882e+0,2.9739e+11,3.9394e+11
0.04896,0.17708,3.4149e+0,2.8205e+11,4.0667e+11
0.05104,0.17708,3.3353e+0,3.4615e+11,3.7065e+11
0.05312,0.17708,3.2573e+0,3.4499e+11,4.3029e+11
0.05521,0.17708,3.1770e+0,3.3847e+11,4.5171e+11
0.05729,0.17708,3.0936e+0,3.1596e+11,4.3481e+11
0.05937,0.17708,3.0074e+0,3.6343e+11,4.9636e+11
0.06146,0.17708,2.9186e+0,3.5677e+11,4.8155e+11
0.06354,0.17708,2.8277e+0,3.1774e+11,4.8838e+11
0.06563,0.17708,2.7312e+0,3.1141e+11,4.2708e+11
0.06771,0.17708,2.6316e+0,2.9174e+11,4.2589e+11
0.06979,0.17708,2.5254e+0,2.5887e+11,3.9240e+11
0.07187,0.17708,2.4115e+0,3.0586e+11,4.1198e+11
0.07396,0.17708,2.2921e+0,3.2002e+11,3.9111e+11
0.07604,0.17708,2.1698e+0,2.5373e+11,4.0288e+11
0.07813,0.17708,2.0381e+0,2.5025e+11,3.3682e+11
0.08021,0.17708,1.9007e+0,2.3289e+11,3.2655e+11
0.08229,0.17708,1.7569e+0,2.0816e+11,3.3688e+11
0.08438,0.17708,1.6038e+0,1.9617e+11,3.3617e+11
0.08646,0.17708,1.4408e+0,1.7826e+11,3.5016e+11
0.08854,0.17708,1.2659e+0,1.3832e+11,3.5289e+11
0.09062,0.17708,1.0764e+0,3.5369e+10,3.1876e+11
0.09271,0.17708,8.6770e-1,3.6055e+9,2.6747e+11
0.09479,0.17708,6.4116e-1,9.5438e+8,2.6764e+11
0.09688,0.17708,3.9708e-1,3.4297e+8,2.6207e+11
0.09896,0.17708,1.3647e-1,1.0119e+8,2.1705e+11
0.00104,0.18125,4.3052e+0,1.0121e+10,0.0000e+0
0.00313,0.18125,4.3046e+0,6.3897e+10,0.0000e+0
0.00521,0.18125,4.3065e+0,1.1004e+11,0.0000e+0
0.00729,0.18125,4.3131e+0,7.5666e+10,6.6901e+10
0.00937,0.18125,4.3164e+0,6.5298e+10,2.1750e+11
0.01146,0.18125,4.3062e+0,1.0672e+11,2.6920e+11
0.01354,0.18125,4.2844e+0,1.3181e+11,9.1662e+10
0.01563,0.18125,4.2672e+0,1.6852e+11,2.3130e+11
0.01771,0.18125,4.2489e+0,2.2237e+11,5.0458e+11
0.01979,0.18125,4.2141e+0,2.1135e+11,4.4965e+11
0.02187,0.18125,4.1670e+0,2.1911e+11,2.8857e+11
0.02396,0.18125,4.1178e+0,1.9887e+11,1.8566e+11
0.02604,0.18125,4.0709e+0,2.2191e+11,2.8582e+11
0.02813,0.18125,4.0197e+0,2.5706e+11,2.3949e+11
0.03021,0.18125,3.9701e+0,2.7588e+11,2.5588e+11
0.03229,0.18125,3.9234e+0,3.1169e+11,3.2295e+11
0.03438,0.18125,3.8787e+0,2.8554e+11,5.3200e+11
0.03646,0.18125,3.8215e+0,3.2333e+11,4.9286e+11
0.03854,0.18125,3.7592e+0,3.3015e+11,3.8180e+11
0.04063,0.18125,3.7007e+0,3.4841e+11,5.2697e+11
0.04271,0.18125,3.6372e+0,3.6217e+11,5.5394e+11
0.04479,0.18125,3.5668e+0,3.3896e+11,4.1255e+11
0.04688,0.18125,3.4959e+0,3.1016e+11,4.0543e+11
0.04896,0.18125,3.4210e+0,2.8463e+11,3.8414e+11
0.05104,0.18125,3.3416e+0,3.5502e+11,4.2722e+11
0.05312,0.18125,3.2604e+0,3.5973e+11,4.4040e+11
0.05521,0.18125,3.1767e+0,3.3568e+11,4.0396e+11
0.05729,0.18125,3.0908e+0,3.0930e+11,3.8448e+11
0.05937,0.18125,3.0016e+0,3.6258e+11,3.8865e+11
0.06146,0.18125,2.9128e+0,3.5374e+11,4.2309e+11
0.06354,0.18125,2.8208e+0,3.1956e+11,3.5138e+11
0.06563,0.18125,2.7279e+0,3.1095e+11,4.1082e+11
0.06771,0.18125,2.6300e+0,2.8974e+11,4.3980e+11
0.06979,0.18125,2.5244e+0,2.6174e+11,4.3680e+11
0.07187,0.18125,2.4092e+0,3.1490e+11,3.7604e+11
0.07396,0.18125,2.2922e+0,3.2900e+11,4.0377e+11
0.07604,0.18125,2.1727e+0,2.5147e+11,4.3158e+11
0.07813,0.18125,2.0432e+0,2.4971e+11,3.9985e+11
0.08021,0.18125,1.9060e+0,2.3341e+11,3.5775e+11
0.08229,0.18125,1.7627e+0,2.0634e+11,3.8757e+11
0.08438,0.18125,1.6095e+0,1.8976e+11,3.7923e+11
0.08646,0.18125,1.4460e+0,1.6782e+11,3.8503e+11
0.08854,0.18125,1.2701e+0,1.3346e+11,3.7968e+11
0.09062,0.18125,1.0796e+0,3.7421e+10,3.2542e+11
0.09271,0.18125,8.7129e-1,4.0027e+9,3.1287e+11
0.09479,0.18125,6.4441e-1,1.0169e+9,3.0765e+11
0.09688,0.18125,3.9952e-1,3.7662e+8,2.8927e+11
0.09896,0.18125,1.3816e-1,7.3503e+7,2.6922e+11
0.00104,0.18542,4.3115e+0,8.4425e+9,0.0000e+0
0.00313,0.18542,4.3111e+0,6.0033e+10,0.0000e+0
0.00521,0.18542,4.3134e+0,1.0362e+11,0.0000e+0
0.00729,0.18542,4.3212e+0,7.5580e+10,1.2873e+11
0.00937,0.18542,4.3240e+0,6.8064e+10,3.1575e+11
0.01146,0.18542,4.3096e+0,1.1000e+11,1.5675e+11
0.01354,0.18542,4.2929e+0,1.3056e+11,2.0536e+11
0.01563,0.18542,4.2728e+0,1.6661e+11,2.3045e+11
0.01771,0.18542,4.2499e+0,2.1405e+11,3.8917e+11
0.01979,0.18542,4.2157e+0,2.0986e+11,3.1435e+11
0.02187,0.18542,4.1743e+0,2.1350e+11,2.1721e+11
0.02396,0.18542,4.1315e+0,2.0437e+11,2.1679e+11
0.02604,0.18542,4.0862e+0,2.4124e+11,2.3306e+11
0.02813,0.18542,4.0399e+0,2.6286e+11,3.7721e+11
0.03021,0.18542,3.9856e+0,2.8114e+11,2.7545e+11
0.03229,0.18542,3.9330e+0,3.0858e+11,3.6288e+11
0.03438,0.18542,3.8789e+0,2.8417e+11,4.0332e+11
0.03646,0.18542,3.8171e+0,3.1464e+11,3.2554e+11
0.03854,0.18542,3.7546e+0,3.3915e+11,3.2753e+11
0.04063,0.18542,3.6937e+0,3.6077e+11,3.6812e+11
0.04271,0.18542,3.6332e+0,3.6255e+11,4.2874e+11
0.04479,0.18542,3.5691e+0,3.3464e+11,3.9836e+11
0.04688,0.18542,3.5026e+0,3.0849e+11,4.7553e+11
0.04896,0.18542,3.4269e+0,2.8037e+11,4.0662e+11
0.05104,0.18542,3.3453e+0,3.5156e+11,4.2924e+11
0.05312,0.18542,3.2613e+0,3.5629e+11,4.0044e+11
0.05521,0.18542,3.1767e+0,3.3201e+11,3.9122e+11
0.05729,0.18542,3.0898e+0,3.0533e+11,3.8140e+11
0.05937,0.18542,2.9992e+0,3.5598e+11,3.7003e+11
0.06146,0.18542,2.9099e+0,3.5707e+11,4.0854e+11
0.06354,0.18542,2.8197e+0,3.2037e+11,4.3150e+11
0.06563,0.18542,2.7251e+0,3.1509e+11,4.4987e+11
0.06771,0.18542,2.6247e+0,2.8900e+11,4.0388e+11
0.06979,0.18542,2.5201e+0,2.5776e+11,4.2652e+11
0.07187,0.18542,2.4082e+0,3.1698e+11,4.6080e+11
0.07396,0.18542,2.2919e+0,3.3337e+11,4.6085e+11
0.07604,0.18542,2.1726e+0,2.6552e+11,4.4403e+11
0.07813,0.18542,2.0461e+0,2.5607e+11,4.4930e+11
0.08021,0.18542,1.9112e+0,2.4445e+11,4.4750e+11
0.08229,0.18542,1.7666e+0,2.1570e+11,4.0406e+11
0.08438,0.18542,1.6123e+0,1.9026e+11,3.6686e+11
0.08646,0.18542,1.4486e+0,1.6863e+11,3.8096e+11
0.08854,0.18542,1.2730e+0,1.2872e+11,3.9915e+11
0.09062,0.18542,1.0817e+0,3.8893e+10,3.4489e+11
0.09271,0.18542,8.7169e-1,4.0597e+9,2.9796e+11
0.09479,0.18542,6.4408e-1,1.3929e+9,3.0043e+11
0.09688,0.18542,3.9891e-1,4.1584e+8,2.8061e+11
0.09896,0.18542,1.3775e-1,7.1450e+7,2.5585e+11
0.00104,0.18958,4.3235e+0,8.6266e+9,0.0000e+0
0.00313,0.18958,4.3227e+0,5.5619e+10,0.0000e+0
0.00521,0.18958,4.3233e+0,1.0420e+11,8.1787e+7
0.00729,0.18958,4.3263e+0,1.0455e+11,6.1450e+9
0.00937,0.18958,4.3277e+0,7.9735e+10,1.0031e+11
0.01146,0.18958,4.3194e+0,1.3473e+11,2.0331e+11
0.01354,0.18958,4.3024e+0,1.3371e+11,1.9150e+11
0.01563,0.18958,4.2806e+0,1.6500e+11,2.2312e+11
0.01771,0.18958,4.2549e+0,2.1494e+11,2.1459e+11
0.01979,0.18958,4.2294e+0,2.1248e+11,2.8709e+11
0.02187,0.18958,4.2017e+0,2.2499e+11,4.5572e+11
0.02396,0.18958,4.1667e+0,2.0655e+11,5.4085e+11
0.02604,0.18958,4.1229e+0,2.5097e+11,6.2708e+11
0.02813,0.18958,4.0709e+0,2.6980e+11,6.4032e+11
0.03021,0.18958,4.0103e+0,2.8428e+11,5.5121e+11
0.03229,0.18958,3.9458e+0,3.1939e+11,3.9673e+11
0.03438,0.18958,3.8866e+0,2.9403e+11,4.2318e+11
0.03646,0.18958,3.8261e+0,3.3364e+11,5.0003e+11
0.03854,0.18958,3.7603e+0,3.5489e+11,4.0456e+11
0.04063,0.18958,3.6954e+0,3.6517e+11,3.3039e+11
0.04271,0.18958,3.6349e+0,3.5838e+11,4.1709e+11
0.04479,0.18958,3.5731e+0,3.4076e+11,4.7743e+11
0.04688,0.18958,3.5065e+0,3.0652e+11,5.2345e+11
0.04896,0.18958,3.4303e+0,2.7742e+11,4.5683e+11
0.05104,0.18958,3.3472e+0,3.4688e+11,4.3227e+11
0.05312,0.18958,3.2642e+0,3.5481e+11,4.5256e+11
0.05521,0.18958,3.1802e+0,3.2906e+11,4.5517e+11
0.05729,0.18958,3.0930e+0,3.0783e+11,4.7703e+11
0.05937,0.18958,2.9992e+0,3.5334e+11,4.0730e+11
0.06146,0.18958,2.9068e+0,3.4895e+11,4.0954e+11
0.06354,0.18958,2.8139e+0,3.0927e+11,4.2890e+11
0.06563,0.18958,2.7153e+0,3.1291e+11,4.0185e+11
0.06771,0.18958,2.6123e+0,2.7779e+11,3.4136e+11
0.06979,0.18958,2.5053e+0,2.4731e+11,3.1219e+11
0.07187,0.18958,2.3931e+0,3.0804e+11,3.6135e+11
0.07396,0.18958,2.2767e+0,3.3468e+11,3.5971e+11
0.07604,0.18958,2.1588e+0,2.7379e+11,3.4615e+11
0.07813,0.18958,2.0359e+0,2.6486e+11,3.7982e+11
0.08021,0.18958,1.9061e+0,2.4296e+11,4.4341e+11
0.08229,0.18958,1.7650e+0,2.1728e+11,4.2863e+11
0.08438,0.18958,1.6131e+0,1.9199e+11,4.3941e+11
0.08646,0.18958,1.4486e+0,1.7182e+11,4.2149e+11
0.08854,0.18958,1.2712e+0,1.2717e+11,3.7055e+11
0.09062,0.18958,1.0805e+0,3.7335e+10,3.6192e+11
0.09271,0.18958,8.7001e-1,3.9898e+9,3.1280e+11
0.09479,0.18958,6.4077e-1,1.4159e+9,2.6500e+11
0.09688,0.18958,3.9603e-1,4.7696e+8,2.4936e+11
0.09896,0.18958,1.3694e-1,8.6770e+7,2.6088e+11
0.00104,0.19375,4.3448e+0,6.6493e+9,0.0000e+0
0.00313,0.19375,4.3465e+0,5.7194e+10,0.0000e+0
0.00521,0.19375,4.3535e+0,1.1497e+11,5.9047e+10
0.00729,0.19375,4.3661e+0,8.8102e+10,3.1052e+11
0.00937,0.19375,4.3664e+0,7.9999e+10,3.6394e+11
0.01146,0.19375,4.3519e+0,1.3790e+11,4.1888e+11
0.01354,0.19375,4.3248e+0,1.4311e+11,2.3025e+11
0.01563,0.19375,4.2986e+0,1.6154e+11,2.6297e+11
0.01771,0.19375,4.2713e+0,2.1182e+11,3.4680e+11
0.01979,0.19375,4.2399e+0,2.0290e+11,4.2285e+11
0.02187,0.19375,4.1976e+0,2.3166e+11,4.0556e+11
0.02396,0.19375,4.1459e+0,2.0983e+11,2.7773e+11
0.02604,0.19375,4.0892e+0,2.4309e+11,1.4772e+11
0.02813,0.19375,4.0370e+0,2.6751e+11,2.4071e+11
0.03021,0.19375,3.9839e+0,2.8646e+11,2.9455e+11
0.03229,0.19375,3.9290e+0,3.1113e+11,3.1907e+11
0.03438,0.19375,3.8739e+0,2.8692e+11,3.2355e+11
0.03646,0.19375,3.8178e+0,3.1986e+11,3.5479e+11
0.03854,0.19375,3.7617e+0,3.3993e+11,4.4076e+11
0.04063,0.19375,3.7026e+0,3.4607e+11,5.1464e+11
0.04271,0.19375,3.6356e+0,3.4464e+11,4.2550e+11
0.04479,0.19375,3.5652e+0,3.3044e+11,3.5899e+11
0.04688,0.19375,3.4936e+0,3.0895e+11,3.7141e+11
0.04896,0.19375,3.4184e+0,2.8129e+11,4.1152e+11
0.05104,0.19375,3.3358e+0,3.4144e+11,3.7759e+11
0.05312,0.19375,3.2532e+0,3.3486e+11,3.7987e+11
0.05521,0.19375,3.1698e+0,3.2040e+11,4.0479e+11
0.05729,0.19375,3.0829e+0,3.0825e+11,4.2660e+11
0.05937,0.19375,2.9897e+0,3.6335e+11,3.5407e+11
0.06146,0.19375,2.8991e+0,3.5474e+11,4.1068e+11
0.06354,0.19375,2.8057e+0,3.0262e+11,3.6710e+11
0.06563,0.19375,2.7081e+0,3.0690e+11,3.2922e+11
0.06771,0.19375,2.6089e+0,2.7050e+11,3.6045e+11
0.06979,0.19375,2.5040e+0,2.4750e+11,3.9055e+11
0.07187,0.19375,2.3907e+0,3.0348e+11,3.9021e+11
0.07396,0.19375,2.2734e+0,3.3446e+11,3.8555e+11
0.07604,0.19375,2.1552e+0,2.6573e+11,3.8252e+11
0.07813,0.19375,2.0307e+0,2.5694e+11,4.0158e+11
0.08021,0.19375,1.8976e+0,2.3561e+11,3.8177e+11
0.08229,0.19375,1.7547e+0,2.1013e+11,3.5276e+11
0.08438,0.19375,1.6019e+0,1.8563e+11,3.4100e+11
0.08646,0.19375,1.4383e+0,1.7046e+11,3.3960e+11
0.08854,0.19375,1.2637e+0,1.2851e+11,3.5930e+11
0.09062,0.19375,1.0751e+0,3.7326e+10,3.6244e+11
0.09271,0.19375,8.6593e-1,3.9986e+9,3.1742e+11
0.09479,0.19375,6.3752e-1,1.4114e+9,2.6347e+11
0.09688,0.19375,3.9407e-1,4.5336e+8,2.6217e+11
0.09896,0.19375,1.3575e-1,1.3145e+8,2.3808e+11
0.00104,0.19792,4.3539e+0,4.5484e+9,0.0000e+0
0.00313,0.19792,4.3558e+0,5.8281e+10,0.0000e+0
0.00521,0.19792,4.3632e+0,1.1399e+11,3.6444e+10
0.00729,0.19792,4.3781e+0,8.0725e+10,3.0882e+11
0.00937,0.19792,4.3814e+0,7.7483e+10,5.2893e+11
0.01146,0.19792,4.3619e+0,1.2165e+11,4.0907e+11
0.01354,0.19792,4.3322e+0,1.2509e+11,2.4025e+11
0.01563,0.19792,4.3033e+0,1.5832e+11,2.4491e+11
0.01771,0.19792,4.2758e+0,2.1282e+11,4.1421e+11
0.01979,0.19792,4.2402e+0,2.1552e+11,4.3325e+11
0.02187,0.19792,4.1944e+0,2.2872e+11,3.8976e+11
0.02396,0.19792,4.1423e+0,1.9970e+11,3.1953e+11
0.02604,0.19792,4.0854e+0,2.3395e+11,2.2417e+11
0.02813,0.19792,4.0306e+0,2.6272e+11,2.1726e+11
0.03021,0.19792,3.9770e+0,2.7860e+11,2.4291e+11
0.03229,0.19792,3.9246e+0,3.0483e+11,3.7665e+11
0.03438,0.19792,3.8673e+0,2.8732e+11,2.6985e+11
0.03646,0.19792,3.8115e+0,3.1821e+11,3.3109e+11
0.03854,0.19792,3.7554e+0,3.3319e+11,3.1402e+11
0.04063,0.19792,3.7019e+0,3.3712e+11,5.2811e+11
0.04271,0.19792,3.6378e+0,3.3561e+11,5.0698e+11
0.04479,0.19792,3.5661e+0,3.2807e+11,4.5670e+11
0.04688,0.19792,3.4884e+0,3.0143e+11,3.5573e+11
0.04896,0.19792,3.4087e+0,2.7675e+11,3.1402e+11
0.05104,0.19792,3.3265e+0,3.4792e+11,3.5522e+11
0.05312,0.19792,3.2442e+0,3.3504e+11,3.7338e+11
0.05521,0.19792,3.1597e+0,3.1715e+11,3.3877e+11
0.05729,0.19792,3.0739e+0,3.0564e+11,3.4721e+11
0.05937,0.19792,2.9856e+0,3.6504e+11,3.8683e+11
0.06146,0.19792,2.8976e+0,3.5295e+11,4.2573e+11
0.06354,0.19792,2.8067e+0,3.0458e+11,4.0181e+11
0.06563,0.19792,2.7125e+0,3.0422e+11,4.4580e+11
0.06771,0.19792,2.6125e+0,2.7331e+11,4.3936e+11
0.06979,0.19792,2.5047e+0,2.4872e+11,3.9034e+11
0.07187,0.19792,2.3904e+0,3.0136e+11,4.2177e+11
0.07396,0.19792,2.2712e+0,3.2959e+11,3.6724e+11
0.07604,0.19792,2.1528e+0,2.6294e+11,3.8458e+11
0.07813,0.19792,2.0288e+0,2.5314e+11,4.3178e+11
0.08021,0.19792,1.8964e+0,2.3255e+11,4.4478e+11
0.08229,0.19792,1.7542e+0,2.0109e+11,4.3570e+11
0.08438,0.19792,1.6008e+0,1.8495e+11,4.3475e+11
0.08646,0.19792,1.4347e+0,1.6855e+11,3.8755e+11
0.08854,0.19792,1.2574e+0,1.2830e+11,3.5096e+11
0.09062,0.19792,1.0679e+0,3.8026e+10,3.4185e+11
0.09271,0.19792,8.5998e-1,3.9685e+9,3.2081e+11
0.09479,0.19792,6.3283e-1,1.1753e+9,2.5924e+11
0.09688,0.19792,3.9099e-1,3.0654e+8,2.5356e+11
0.09896,0.19792,1.3486e-1,7.5895e+7,2.4632e+11
0.00104,0.20208,4.3492e+0,4.4170e+9,0.0000e+0
0.00313,0.20208,4.3487e+0,5.4699e+10,0.0000e+0
0.00521,0.20208,4.3500e+0,1.0127e+11,7.9318e+9
0.00729,0.20208,4.3541e+0,8.4551e+10,9.8357e+10
0.00937,0.20208,4.3529e+0,7.7010e+10,1.8561e+11
0.01146,0.20208,4.3404e+0,1.1369e+11,2.3542e+11
0.01354,0.20208,4.3179e+0,1.2798e+11,1.9965e+11
0.01563,0.20208,4.2906e+0,1.6617e+11,1.5029e+11
0.01771,0.20208,4.2644e+0,2.2426e+11,3.4712e+11
0.01979,0.20208,4.2298e+0,2.1901e+11,3.7720e+11
0.02187,0.20208,4.1846e+0,2.1661e+11,2.1574e+11
0.02396,0.20208,4.1393e+0,1.9814e+11,2.2386e+11
0.02604,0.20208,4.0943e+0,2.2588e+11,3.0832e+11
0.02813,0.20208,4.0494e+0,2.6071e+11,5.7908e+11
0.03021,0.20208,3.9911e+0,2.7993e+11,4.5212e+11
0.03229,0.20208,3.9314e+0,3.0263e+11,4.1231e+11
0.03438,0.20208,3.8738e+0,2.8926e+11,4.3409e+11
0.03646,0.20208,3.8148e+0,3.2088e+11,4.0951e+11
0.03854,0.20208,3.7571e+0,3.3688e+11,4.8757e+11
0.04063,0.20208,3.6951e+0,3.4039e+11,4.3208e+11
0.04271,0.20208,3.6303e+0,3.3399e+11,3.9185e+11
0.04479,0.20208,3.5642e+0,3.1936e+11,5.0490e+11
0.04688,0.20208,3.4887e+0,3.0059e+11,3.8525e+11
0.04896,0.20208,3.4107e+0,2.7840e+11,3.6207e+11
0.05104,0.20208,3.3285e+0,3.4261e+11,3.8186e+11
0.05312,0.20208,3.2451e+0,3.3442e+11,3.6878e+11
0.05521,0.20208,3.1611e+0,3.1814e+11,3.7500e+11
0.05729,0.20208,3.0747e+0,3.0815e+11,3.6068e+11
0.05937,0.20208,2.9859e+0,3.6371e+11,4.0838e+11
0.06146,0.20208,2.8965e+0,3.4810e+11,4.5402e+11
0.06354,0.20208,2.8028e+0,3.1088e+11,3.8481e+11
0.06563,0.20208,2.7077e+0,3.1576e+11,4.4541e+11
0.06771,0.20208,2.6080e+0,2.8300e+11,4.6277e+11
0.06979,0.20208,2.5004e+0,2.5108e+11,4.2741e+11
0.07187,0.20208,2.3854e+0,3.0102e+11,4.2145e+11
0.07396,0.20208,2.2676e+0,3.2138e+11,4.4079e+11
0.07604,0.20208,2.1475e+0,2.5564e+11,4.5979e+11
0.07813,0.20208,2.0181e+0,2.5205e+11,3.8403e+11
0.08021,0.20208,1.8822e+0,2.2929e+11,3.4153e+11
0.08229,0.20208,1.7397e+0,1.9750e+11,3.4392e+11
0.08438,0.20208,1.5876e+0,1.7639e+11,3.5383e+11
0.08646,0.20208,1.4236e+0,1.6233e+11,3.4981e+11
0.08854,0.20208,1.2472e+0,1.2490e+11,3.2221e+11
0.09062,0.20208,1.0574e+0,3.6956e+10,2.7546e+11
0.09271,0.20208,8.5090e-1,4.4116e+9,2.6211e+11
0.09479,0.20208,6.2643e-1,1.4889e+9,2.2635e+11
0.09688,0.20208,3.8695e-1,3.4945e+8,2.2879e+11
0.09896,0.20208,1.3305e-1,9.2976e+7,2.1387e+11
0.00104,0.20625,4.3501e+0,5.3905e+9,0.0000e+0
0.00313,0.20625,4.3507e+0,5.7670e+10,8.1880e+10
0.00521,0.20625,4.3505e+0,1.0186e+11,2.0038e+11
0.00729,0.20625,4.3453e+0,8.2429e+10,6.8594e+10
0.00937,0.20625,4.3414e+0,8.2264e+10,1.3681e+11
0.01146,0.20625,4.3334e+0,1.1689e+11,2.9633e+11
0.01354,0.20625,4.3155e+0,1.2986e+11,2.5507e+11
0.01563,0.20625,4.2930e+0,1.7229e+11,3.5416e+11
0.01771,0.20625,4.2619e+0,2.3270e+11,2.9028e+11
0.01979,0.20625,4.2288e+0,2.3233e+11,3.0911e+11
0.02187,0.20625,4.1927e+0,2.1195e+11,4.5954e+11
0.02396,0.20625,4.1432e+0,1.9274e+11,2.6558e+11
0.02604,0.20625,4.0909e+0,2.3002e+11,2.5376e+11
0.02813,0.20625,4.0373e+0,2.5903e+11,3.9635e+11
0.03021,0.20625,3.9727e+0,2.7523e+11,2.0213e+11
0.03229,0.20625,3.9110e+0,3.0473e+11,1.8993e+11
0.03438,0.20625,3.8545e+0,2.7996e+11,2.4193e+11
0.03646,0.20625,3.7984e+0,3.1553e+11,3.0222e+11
0.03854,0.20625,3.7414e+0,3.4013e+11,3.2557e+11
0.04063,0.20625,3.6837e+0,3.4084e+11,3.6853e+11
0.04271,0.20625,3.6224e+0,3.3861e+11,3.9798e+11
0.04479,0.20625,3.5553e+0,3.2466e+11,3.4795e+11
0.04688,0.20625,3.4858e+0,3.1390e+11,3.2757e+11
0.04896,0.20625,3.4167e+0,2.8005e+11,4.7882e+11
0.05104,0.20625,3.3367e+0,3.3808e+11,4.8628e+11
0.05312,0.20625,3.2511e+0,3.3414e+11,3.7908e+11
0.05521,0.20625,3.1666e+0,3.1751e+11,3.8368e+11
0.05729,0.20625,3.0812e+0,3.0727e+11,4.7661e+11
0.05937,0.20625,2.9873e+0,3.5723e+11,4.2213e+11
0.06146,0.20625,2.8915e+0,3.5451e+11,3.9552e+11
0.06354,0.20625,2.7937e+0,3.2538e+11,3.5054e+11
0.06563,0.20625,2.6935e+0,3.2614e+11,3.3170e+11
0.06771,0.20625,2.5911e+0,2.7603e+11,3.2315e+11
0.06979,0.20625,2.4831e+0,2.4728e+11,3.1945e+11
0.07187,0.20625,2.3679e+0,2.9833e+11,3.3462e+11
0.07396,0.20625,2.2485e+0,3.1360e+11,2.8840e+11
0.07604,0.20625,2.1295e+0,2.5617e+11,2.9868e+11
0.07813,0.20625,2.0059e+0,2.4207e+11,3.6468e+11
0.08021,0.20625,1.8732e+0,2.2523e+11,3.4651e+11
0.08229,0.20625,1.7328e+0,2.0327e+11,3.6857e+11
0.08438,0.20625,1.5822e+0,1.7757e+11,3.7531e+11
0.08646,0.20625,1.4194e+0,1.6295e+11,3.5044e+11
0.08854,0.20625,1.2455e+0,1.2499e+11,3.6361e+11
0.09062,0.20625,1.0572e+0,3.7791e+10,3.1045e+11
0.09271,0.20625,8.5213e-1,4.5578e+9,2.8534e+11
0.09479,0.20625,6.2980e-1,1.1326e+9,2.9536e+11
0.09688,0.20625,3.9001e-1,3.6105e+8,2.7150e+11
0.09896,0.20625,1.3484e-1,1.0256e+8,2.6180e+11
0.00104,0.21042,4.3477e+0,6.7291e+9,0.0000e+0
0.00313,0.21042,4.3477e+0,5.9306e+10,1.1409e+11
0.00521,0.21042,4.3443e+0,1.0193e+11,1.0577e+11
0.00729,0.21042,4.3406e+0,8.3998e+10,9.9825e+10
0.00937,0.21042,4.3347e+0,7.6209e+10,1.9554e+11
0.01146,0.21042,4.3192e+0,1.0283e+11,7.1361e+10
0.01354,0.21042,4.3044e+0,1.3031e+11,1.6980e+11
0.01563,0.21042,4.2868e+0,1.6353e+11,2.5744e+11
0.01771,0.21042,4.2647e+0,2.3236e+11,4.7373e+11
0.01979,0.21042,4.2302e+0,2.3654e+11,3.3374e+11
0.02187,0.21042,4.1934e+0,2.0228e+11,2.8903e+11
0.02396,0.21042,4.1525e+0,1.8870e+11,3.7438e+11
0.02604,0.21042,4.1023e+0,2.3522e+11,4.5094e+11
0.02813,0.21042,4.0436e+0,2.6396e+11,3.8417e+11
0.03021,0.21042,3.9835e+0,2.7312e+11,4.3084e+11
0.03229,0.21042,3.9204e+0,3.0641e+11,3.8857e+11
0.03438,0.21042,3.8595e+0,2.9001e+11,3.1331e+11
0.03646,0.21042,3.8028e+0,3.3369e+11,4.1837e+11
0.03854,0.21042,3.7453e+0,3.4701e+11,3.7795e+11
0.04063,0.21042,3.6903e+0,3.4363e+11,4.6335e+11
0.04271,0.21042,3.6317e+0,3.4114e+11,5.9169e+11
0.04479,0.21042,3.5612e+0,3.2050e+11,4.2339e+11
0.04688,0.21042,3.4888e+0,3.0765e+11,3.6045e+11
0.04896,0.21042,3.4173e+0,2.7365e+11,4.7746e+11
0.05104,0.21042,3.3341e+0,3.4969e+11,3.8758e+11
0.05312,0.21042,3.2515e+0,3.3378e+11,4.0162e+11
0.05521,0.21042,3.1680e+0,3.2047e+11,4.1325e+11
0.05729,0.21042,3.0815e+0,3.0248e+11,4.2604e+11
0.05937,0.21042,2.9890e+0,3.5196e+11,4.1736e+11
0.06146,0.21042,2.8952e+0,3.4732e+11,4.2857e+11
0.06354,0.21042,2.7990e+0,3.2144e+11,4.1935e+11
0.06563,0.21042,2.6991e+0,3.3060e+11,4.3483e+11
0.06771,0.21042,2.5947e+0,2.6895e+11,3.7443e+11
0.06979,0.21042,2.4850e+0,2.5229e+11,3.5908e+11
0.07187,0.21042,2.3699e+0,3.0377e+11,4.2325e+11
0.07396,0.21042,2.2490e+0,3.1134e+11,3.3620e+11
0.07604,0.21042,2.1295e+0,2.6357e+11,3.6463e+11
0.07813,0.21042,2.0055e+0,2.4603e+11,4.2260e+11
0.08021,0.21042,1.8711e+0,2.2946e+11,3.6330e+11
0.08229,0.21042,1.7295e+0,2.1009e+11,3.5918e+11
0.08438,0.21042,1.5794e+0,1.8085e+11,3.9175e+11
0.08646,0.21042,1.4165e+0,1.6088e+11,3.4091e+11
0.08854,0.21042,1.2434e+0,1.2476e+11,3.4779e+11
0.09062,0.21042,1.0570e+0,3.8446e+10,3.2220e+11
0.09271,0.21042,8.5320e-1,4.3467e+9,3.1355e+11
0.09479,0.21042,6.3087e-1,1.1939e+9,3.0462e+11
0.09688,0.21042,3.9076e-1,3.8256e+8,2.8262e+11
0.09896,0.21042,1.3449e-1,1.1882e+8,2.3249e+11
0.00104,0.21458,4.3473e+0,1.0521e+10,0.0000e+0
0.00313,0.21458,4.3454e+0,6.3028e+10,0.0000e+0
0.00521,0.21458,4.3443e+0,9.2603e+10,0.0000e+0
0.00729,0.21458,4.3449e+0,7.3409e+10,9.0582e+10
0.00937,0.21458,4.3386e+0,6.6698e+10,9.4832e+10
0.01146,0.21458,4.3233e+0,1.0083e+11,1.0817e+11
0.01354,0.21458,4.3023e+0,1.3427e+11,8.3152e+10
0.01563,0.21458,4.2792e+0,1.6725e+11,1.1742e+11
0.01771,0.21458,4.2549e+0,2.3347e+11,2.6628e+11
0.01979,0.21458,4.2254e+0,2.3700e+11,2.1992e+11
0.02187,0.21458,4.1981e+0,2.0497e+11,4.5563e+11
0.02396,0.21458,4.1560e+0,1.8572e+11,4.7621e+11
0.02604,0.21458,4.0980e+0,2.3422e+11,3.8026e+11
0.02813,0.21458,4.0349e+0,2.5237e+11,2.8901e+11
0.03021,0.21458,3.9737e+0,2.8178e+11,3.3815e+11
0.03229,0.21458,3.9117e+0,3.1302e+11,2.9459e+11
0.03438,0.21458,3.8542e+0,2.9627e+11,3.3258e+11
0.03646,0.21458,3.7971e+0,3.2639e+11,3.4684e+11
0.03854,0.21458,3.7415e+0,3.5963e+11,4.0761e+11
0.04063,0.21458,3.6855e+0,3.4981e+11,4.8606e+11
0.04271,0.21458,3.6225e+0,3.3773e+11,4.0667e+11
0.04479,0.21458,3.5560e+0,3.1867e+11,4.2407e+11
0.04688,0.21458,3.4842e+0,3.0734e+11,3.4104e+11
0.04896,0.21458,3.4134e+0,2.8471e+11,4.8346e+11
0.05104,0.21458,3.3310e+0,3.5033e+11,4.1884e+11
0.05312,0.21458,3.2475e+0,3.2770e+11,3.5398e+11
0.05521,0.21458,3.1651e+0,3.2505e+11,4.0595e+11
0.05729,0.21458,3.0798e+0,3.0066e+11,4.1539e+11
0.05937,0.21458,2.9887e+0,3.5998e+11,4.3033e+11
0.06146,0.21458,2.8957e+0,3.4399e+11,4.1596e+11
0.06354,0.21458,2.8012e+0,3.0728e+11,4.1821e+11
0.06563,0.21458,2.7029e+0,3.2140e+11,4.5813e+11
0.06771,0.21458,2.5994e+0,2.7161e+11,4.2633e+11
0.06979,0.21458,2.4888e+0,2.6279e+11,4.1005e+11
0.07187,0.21458,2.3710e+0,3.0508e+11,3.9294e+11
0.07396,0.21458,2.2494e+0,3.1591e+11,3.1497e+11
0.07604,0.21458,2.1294e+0,2.5579e+11,3.3684e+11
0.07813,0.21458,2.0044e+0,2.4274e+11,3.8494e+11
0.08021,0.21458,1.8706e+0,2.3097e+11,3.8271e+11
0.08229,0.21458,1.7280e+0,2.1801e+11,3.7119e+11
0.08438,0.21458,1.5771e+0,1.8103e+11,3.8421e+11
0.08646,0.21458,1.4141e+0,1.5913e+11,3.4582e+11
0.08854,0.21458,1.2411e+0,1.2583e+11,3.5803e+11
0.09062,0.21458,1.0551e+0,3.9561e+10,3.4854e+11
0.09271,0.21458,8.5055e-1,4.5736e+9,3.0271e+11
0.09479,0.21458,6.2807e-1,1.4611e+9,2.8461e+11
0.09688,0.21458,3.8879e-1,5.3370e+8,2.6735e+11
0.09896,0.21458,1.3413e-1,1.3468e+8,2.4577e+11
0.00104,0.21875,4.3650e+0,8.7170e+9,0.0000e+0
0.00313,0.21875,4.3643e+0,6.4836e+10,0.0000e+0
0.00521,0.21875,4.3666e+0,9.7383e+10,0.0000e+0
0.00729,0.21875,4.3748e+0,7.6033e+10,1.7005e+11
0.00937,0.21875,4.3791e+0,6.3475e+10,5.0427e+11
0.01146,0.21875,4.3610e+0,1.0015e+11,3.1772e+11
0.01354,0.21875,4.3379e+0,1.3716e+11,4.1531e+11
0.01563,0.21875,4.3051e+0,1.6530e+11,3.5887e+11
0.01771,0.21875,4.2677e+0,2.1882e+11,3.3784e+11
0.01979,0.21875,4.2294e+0,2.2393e+11,2.3618e+11
0.02187,0.21875,4.1963e+0,2.0184e+11,4.5437e+11
0.02396,0.21875,4.1494e+0,1.8574e+11,4.3639e+11
0.02604,0.21875,4.0880e+0,2.3946e+11,2.9833e+11
0.02813,0.21875,4.0251e+0,2.4702e+11,2.2979e+11
0.03021,0.21875,3.9661e+0,2.7210e+11,3.2225e+11
0.03229,0.21875,3.9064e+0,3.1917e+11,3.4943e+11
0.03438,0.21875,3.8497e+0,2.9715e+11,3.9607e+11
0.03646,0.21875,3.7921e+0,3.2719e+11,3.8955e+11
0.03854,0.21875,3.7362e+0,3.4389e+11,4.5970e+11
0.04063,0.21875,3.6783e+0,3.4731e+11,4.6721e+11
0.04271,0.21875,3.6183e+0,3.3591e+11,5.3360e+11
0.04479,0.21875,3.5516e+0,3.3018e+11,5.3270e+11
0.04688,0.21875,3.4777e+0,3.0865e+11,3.6502e+11
0.04896,0.21875,3.4062e+0,2.7717e+11,4.8478e+11
0.05104,0.21875,3.3248e+0,3.4130e+11,4.0841e+11
0.05312,0.21875,3.2433e+0,3.3345e+11,3.9457e+11
0.05521,0.21875,3.1613e+0,3.1916e+11,3.6486e+11
0.05729,0.21875,3.0783e+0,3.0272e+11,4.4245e+11
0.05937,0.21875,2.9867e+0,3.5600e+11,4.0573e+11
0.06146,0.21875,2.8924e+0,3.3996e+11,3.6499e+11
0.06354,0.21875,2.7965e+0,3.0064e+11,3.3869e+11
0.06563,0.21875,2.6972e+0,3.2366e+11,3.2297e+11
0.06771,0.21875,2.5971e+0,2.7134e+11,3.8531e+11
0.06979,0.21875,2.4889e+0,2.5544e+11,3.6746e+11
0.07187,0.21875,2.3738e+0,2.9753e+11,3.5237e+11
0.07396,0.21875,2.2573e+0,3.2538e+11,4.3961e+11
0.07604,0.21875,2.1371e+0,2.5404e+11,4.3827e+11
0.07813,0.21875,2.0081e+0,2.3883e+11,4.0279e+11
0.08021,0.21875,1.8714e+0,2.2910e+11,3.8892e+11
0.08229,0.21875,1.7268e+0,2.1672e+11,3.6641e+11
0.08438,0.21875,1.5744e+0,1.8013e+11,3.8340e+11
0.08646,0.21875,1.4097e+0,1.5943e+11,3.2506e+11
0.08854,0.21875,1.2345e+0,1.2618e+11,2.8566e+11
0.09062,0.21875,1.0483e+0,3.9742e+10,2.7912e+11
0.09271,0.21875,8.4518e-1,4.4658e+9,2.7946e+11
0.09479,0.21875,6.2382e-1,1.4020e+9,2.6747e+11
0.09688,0.21875,3.8583e-1,4.6592e+8,2.5286e+11
0.09896,0.21875,1.3295e-1,1.0630e+8,2.3432e+11
0.00104,0.22292,4.3908e+0,1.6157e+10,1.1548e+7
0.00313,0.22292,4.3894e+0,6.9611e+10,1.9054e+10
0.00521,0.22292,4.3877e+0,1.0337e+11,9.5072e+10
0.00729,0.22292,4.3836e+0,8.5099e+10,7.4302e+10
0.00937,0.22292,4.3768e+0,6.8835e+10,8.5663e+10
0.01146,0.22292,4.3654e+0,1.0793e+11,2.6562e+11
0.01354,0.22292,4.3421e+0,1.4665e+11,2.9163e+11
0.01563,0.22292,4.3076e+0,1.6896e+11,2.7809e+11
0.01771,0.22292,4.2646e+0,2.2586e+11,1.9067e+11
0.01979,0.22292,4.2237e+0,2.2752e+11,2.0951e+11
0.02187,0.22292,4.1854e+0,2.0812e+11,3.0732e+11
0.02396,0.22292,4.1411e+0,1.8368e+11,3.9036e+11
0.02604,0.22292,4.0852e+0,2.2360e+11,3.8963e+11
0.02813,0.22292,4.0237e+0,2.4427e+11,3.3412e+11
0.03021,0.22292,3.9615e+0,2.6930e+11,3.9025e+11
0.03229,0.22292,3.8947e+0,3.2448e+11,3.0881e+11
0.03438,0.22292,3.8317e+0,3.0625e+11,2.4980e+11
0.03646,0.22292,3.7731e+0,3.2045e+11,3.2221e+11
0.03854,0.22292,3.7155e+0,3.3647e+11,4.0581e+11
0.04063,0.22292,3.6536e+0,3.5168e+11,3.4891e+11
0.04271,0.22292,3.5911e+0,3.3633e+11,3.5128e+11
0.04479,0.22292,3.5254e+0,3.3132e+11,3.3036e+11
0.04688,0.22292,3.4568e+0,3.1133e+11,3.0705e+11
0.04896,0.22292,3.3867e+0,2.7249e+11,3.4024e+11
0.05104,0.22292,3.3108e+0,3.3580e+11,3.5977e+11
0.05312,0.22292,3.2349e+0,3.3759e+11,3.8086e+11
0.05521,0.22292,3.1597e+0,3.2458e+11,4.6378e+11
0.05729,0.22292,3.0800e+0,3.0462e+11,4.9237e+11
0.05937,0.22292,2.9928e+0,3.5334e+11,5.1451e+11
0.06146,0.22292,2.9006e+0,3.4809e+11,4.7239e+11
0.06354,0.22292,2.8063e+0,3.0222e+11,4.6071e+11
0.06563,0.22292,2.7075e+0,3.2900e+11,4.8926e+11
0.06771,0.22292,2.6042e+0,2.7409e+11,4.3426e+11
0.06979,0.22292,2.4952e+0,2.5438e+11,4.4225e+11
0.07187,0.22292,2.3781e+0,3.0539e+11,4.3325e+11
0.07396,0.22292,2.2572e+0,3.2357e+11,4.0065e+11
0.07604,0.22292,2.1355e+0,2.5673e+11,4.1349e+11
0.07813,0.22292,2.0056e+0,2.4312e+11,3.7025e+11
0.08021,0.22292,1.8684e+0,2.2541e+11,3.3436e+11
0.08229,0.22292,1.7247e+0,2.1025e+11,3.4650e+11
0.08438,0.22292,1.5726e+0,1.7749e+11,3.2171e+11
0.08646,0.22292,1.4115e+0,1.6255e+11,3.5191e+11
0.08854,0.22292,1.2391e+0,1.3002e+11,3.8815e+11
0.09062,0.22292,1.0515e+0,3.9366e+10,3.3235e+11
0.09271,0.22292,8.4567e-1,4.3059e+9,2.7175e+11
0.09479,0.22292,6.2266e-1,1.4080e+9,2.4091e+11
0.09688,0.22292,3.8424e-1,5.0606e+8,2.2094e+11
0.09896,0.22292,1.3208e-1,1.1205e+8,2.1154e+11
0.00104,0.22708,4.4328e+0,1.3001e+10,5.1320e+10
0.00313,0.22708,4.4357e+0,7.5067e+10,3.9103e+11
0.00521,0.22708,4.4257e+0,1.0703e+11,2.7230e+11
0.00729,0.22708,4.4129e+0,8.1162e+10,2.2391e+11
0.00937,0.22708,4.3958e+0,6.7957e+10,8.9821e+10
0.01146,0.22708,4.3803e+0,1.1247e+11,1.6632e+11
0.01354,0.22708,4.3630e+0,1.3952e+11,4.1871e+11
0.01563,0.22708,4.3308e+0,1.6747e+11,4.8803e+11
0.01771,0.22708,4.2838e+0,2.1264e+11,4.4061e+11
0.01979,0.22708,4.2297e+0,2.4535e+11,2.2904e+11
0.02187,0.22708,4.1831e+0,2.2343e+11,3.3470e+11
0.02396,0.22708,4.1319e+0,1.8889e+11,3.5837e+11
0.02604,0.22708,4.0714e+0,2.2534e+11,2.1326e+11
0.02813,0.22708,4.0151e+0,2.4253e+11,3.6647e+11
0.03021,0.22708,3.9547e+0,2.6578e+11,3.8882e+11
0.03229,0.22708,3.8900e+0,3.0529e+11,3.1895e+11
0.03438,0.22708,3.8279e+0,2.9695e+11,3.4992e+11
0.03646,0.22708,3.7637e+0,3.1724e+11,2.8976e+11
0.03854,0.22708,3.7026e+0,3.3638e+11,2.9552e+11
0.04063,0.22708,3.6448e+0,3.5095e+11,3.8653e+11
0.04271,0.22708,3.5847e+0,3.4599e+11,3.6453e+11
0.04479,0.22708,3.5239e+0,3.2358e+11,4.7774e+11
0.04688,0.22708,3.4550e+0,3.1048e+11,4.2065e+11
0.04896,0.22708,3.3820e+0,2.7955e+11,4.2206e+11
0.05104,0.22708,3.3015e+0,3.5216e+11,3.4390e+11
0.05312,0.22708,3.2219e+0,3.4196e+11,2.9456e+11
0.05521,0.22708,3.1438e+0,3.2672e+11,3.0687e+11
0.05729,0.22708,3.0649e+0,3.0372e+11,3.4458e+11
0.05937,0.22708,2.9812e+0,3.5154e+11,4.4121e+11
0.06146,0.22708,2.8906e+0,3.4473e+11,3.8590e+11
0.06354,0.22708,2.7967e+0,3.0741e+11,3.6598e+11
0.06563,0.22708,2.6983e+0,3.2760e+11,3.7122e+11
0.06771,0.22708,2.5966e+0,2.7232e+11,3.6427e+11
0.06979,0.22708,2.4886e+0,2.6001e+11,3.9598e+11
0.07187,0.22708,2.3710e+0,3.0937e+11,3.6145e+11
0.07396,0.22708,2.2503e+0,3.2754e+11,3.2399e+11
0.07604,0.22708,2.1311e+0,2.6279e+11,3.5980e+11
0.07813,0.22708,2.0062e+0,2.4245e+11,4.0532e+11
0.08021,0.22708,1.8719e+0,2.1752e+11,3.8915e+11
0.08229,0.22708,1.7286e+0,2.0972e+11,3.7039e+11
0.08438,0.22708,1.5773e+0,1.8681e+11,3.9515e+11
0.08646,0.22708,1.4148e+0,1.6326e+11,3.7358e+11
0.08854,0.22708,1.2404e+0,1.2309e+11,3.3033e+11
0.09062,0.22708,1.0538e+0,3.8435e+10,3.0988e+11
0.09271,0.22708,8.5012e-1,4.1177e+9,3.0020e+11
0.09479,0.22708,6.2817e-1,1.5636e+9,2.8614e+11
0.09688,0.22708,3.8950e-1,6.7087e+8,2.8738e+11
0.09896,0.22708,1.3452e-1,1.4395e+8,2.5801e+11
0.00104,0.23125,4.4400e+0,1.6627e+10,4.2882e+10
0.00313,0.23125,4.4435e+0,1.0656e+11,2.9983e+11
0.00521,0.23125,4.4415e+0,1.1490e+11,4.1549e+11
0.00729,0.23125,4.4313e+0,8.1993e+10,3.6242e+11
0.00937,0.23125,4.4162e+0,6.9082e+10,3.7109e+11
0.01146,0.23125,4.3970e+0,1.1086e+11,4.8980e+11
0.01354,0.23125,4.3716e+0,1.4197e+11,6.1536e+11
0.01563,0.23125,4.3332e+0,1.7130e+11,5.8825e+11
0.01771,0.23125,4.2840e+0,2.1262e+11,4.7868e+11
0.01979,0.23125,4.2319e+0,2.3852e+11,3.8914e+11
0.02187,0.23125,4.1826e+0,2.2723e+11,4.7742e+11
0.02396,0.23125,4.1264e+0,1.9991e+11,4.0034e+11
0.02604,0.23125,4.0631e+0,2.3682e+11,2.7525e+11
0.02813,0.23125,4.0014e+0,2.4371e+11,2.2510e+11
0.03021,0.23125,3.9436e+0,2.6261e+11,2.8754e+11
0.03229,0.23125,3.8872e+0,3.0261e+11,3.5340e+11
0.03438,0.23125,3.8310e+0,3.0051e+11,4.8909e+11
0.03646,0.23125,3.7649e+0,3.1673e+11,3.1751e+11
0.03854,0.23125,3.7019e+0,3.3440e+11,2.5998e+11
0.04063,0.23125,3.6464e+0,3.4485e+11,4.2969e+11
0.04271,0.23125,3.5868e+0,3.5587e+11,5.0777e+11
0.04479,0.23125,3.5187e+0,3.2989e+11,4.0156e+11
0.04688,0.23125,3.4472e+0,3.1036e+11,3.1642e+11
0.04896,0.23125,3.3762e+0,2.7983e+11,3.1731e+11
0.05104,0.23125,3.3038e+0,3.3592e+11,3.9351e+11
0.05312,0.23125,3.2305e+0,3.3612e+11,5.1869e+11
0.05521,0.23125,3.1491e+0,3.2736e+11,3.7884e+11
0.05729,0.23125,3.0678e+0,3.0525e+11,4.0384e+11
0.05937,0.23125,2.9816e+0,3.4171e+11,4.0002e+11
0.06146,0.23125,2.8934e+0,3.3016e+11,4.4569e+11
0.06354,0.23125,2.7996e+0,3.0563e+11,4.1362e+11
0.06563,0.23125,2.7007e+0,3.1583e+11,3.8923e+11
0.06771,0.23125,2.5990e+0,2.7024e+11,3.9438e+11
0.06979,0.23125,2.4906e+0,2.5586e+11,4.0173e+11
0.07187,0.23125,2.3736e+0,2.9725e+11,3.8813e+11
0.07396,0.23125,2.2524e+0,3.2864e+11,3.4925e+11
0.07604,0.23125,2.1321e+0,2.7086e+11,3.6169e+11
0.07813,0.23125,2.0067e+0,2.4502e+11,3.7950e+11
0.08021,0.23125,1.8726e+0,2.1944e+11,3.7242e+11
0.08229,0.23125,1.7285e+0,2.0910e+11,3.3016e+11
0.08438,0.23125,1.5769e+0,1.9235e+11,3.4242e+11
0.08646,0.23125,1.4157e+0,1.6134e+11,3.4130e+11
0.08854,0.23125,1.2424e+0,1.2442e+11,3.0754e+11
0.09062,0.23125,1.0568e+0,3.9851e+10,2.9355e+11
0.09271,0.23125,8.5394e-1,4.0498e+9,3.0781e+11
0.09479,0.23125,6.3139e-1,1.3997e+9,2.8937e+11
0.09688,0.23125,3.9115e-1,7.1883e+8,2.7887e+11
0.09896,0.23125,1.3429e-1,1.6018e+8,2.1575e+11
0.00104,0.23542,4.4109e+0,2.0749e+10,3.8071e+9
0.00313,0.23542,4.4109e+0,1.0072e+11,1.6680e+11
0.00521,0.23542,4.4050e+0,1.0735e+11,1.4898e+11
0.00729,0.23542,4.3960e+0,8.7959e+10,3.1422e+11
0.00937,0.23542,4.3730e+0,7.0840e+10,3.2160e+11
0.01146,0.23542,4.3362e+0,1.0806e+11,8.2912e+10
0.01354,0.23542,4.3030e+0,1.3633e+11,1.2151e+11
0.01563,0.23542,4.2710e+0,1.6989e+11,2.3563e+11
0.01771,0.23542,4.2363e+0,2.2347e+11,3.6293e+11
0.01979,0.23542,4.1969e+0,2.3423e+11,4.1014e+11
0.02187,0.23542,4.1513e+0,2.1643e+11,2.7822e+11
0.02396,0.23542,4.1068e+0,2.0000e+11,3.6299e+11
0.02604,0.23542,4.0566e+0,2.4291e+11,5.1085e+11
0.02813,0.23542,3.9957e+0,2.4075e+11,3.5064e+11
0.03021,0.23542,3.9349e+0,2.6194e+11,2.3812e+11
0.03229,0.23542,3.8823e+0,2.9898e+11,3.9708e+11
0.03438,0.23542,3.8288e+0,3.0293e+11,4.6178e+11
0.03646,0.23542,3.7685e+0,3.2176e+11,3.9807e+11
0.03854,0.23542,3.7074e+0,3.3470e+11,3.5995e+11
0.04063,0.23542,3.6497e+0,3.4145e+11,4.7764e+11
0.04271,0.23542,3.5875e+0,3.5324e+11,5.1396e+11
0.04479,0.23542,3.5178e+0,3.2962e+11,3.6960e+11
0.04688,0.23542,3.4476e+0,3.2572e+11,3.6707e+11
0.04896,0.23542,3.3771e+0,2.9493e+11,3.9291e+11
0.05104,0.23542,3.3029e+0,3.2804e+11,4.0522e+11
0.05312,0.23542,3.2266e+0,3.3523e+11,3.7697e+11
0.05521,0.23542,3.1502e+0,3.1534e+11,3.9672e+11
0.05729,0.23542,3.0713e+0,2.9625e+11,4.6776e+11
0.05937,0.23542,2.9835e+0,3.3408e+11,4.0589e+11
0.06146,0.23542,2.8950e+0,3.3052e+11,4.6124e+11
0.06354,0.23542,2.8019e+0,2.9384e+11,4.3709e+11
0.06563,0.23542,2.7036e+0,3.1753e+11,4.3766e+11
0.06771,0.23542,2.6021e+0,2.7510e+11,4.1927e+11
0.06979,0.23542,2.4949e+0,2.6266e+11,4.5099e+11
0.07187,0.23542,2.3785e+0,3.0098e+11,4.2691e+11
0.07396,0.23542,2.2578e+0,3.3295e+11,3.7610e+11
0.07604,0.23542,2.1385e+0,2.7030e+11,3.9859e+11
0.07813,0.23542,2.0140e+0,2.5139e+11,4.5885e+11
0.08021,0.23542,1.8792e+0,2.2130e+11,4.1382e+11
0.08229,0.23542,1.7353e+0,2.1212e+11,3.8865e+11
0.08438,0.23542,1.5837e+0,1.9027e+11,3.7504e+11
0.08646,0.23542,1.4243e+0,1.5732e+11,3.9965e+11
0.08854,0.23542,1.2530e+0,1.2933e+11,4.1009e+11
0.09062,0.23542,1.0670e+0,3.7478e+10,3.9362e+11
0.09271,0.23542,8.6024e-1,3.8883e+9,3.1268e+11
0.09479,0.23542,6.3523e-1,1.2824e+9,2.8766e+11
0.09688,0.23542,3.9327e-1,6.0696e+8,2.7338e+11
0.09896,0.23542,1.3540e-1,1.3367e+8,2.3392e+11
0.00104,0.23958,4.3869e+0,1.9290e+10,5.0720e+9
0.00313,0.23958,4.3888e+0,7.9417e+10,2.8440e+11
0.00521,0.23958,4.3799e+0,1.0632e+11,2.5433e+11
0.00729,0.23958,4.3638e+0,8.4390e+10,3.1445e+11
0.00937,0.23958,4.3330e+0,7.3582e+10,2.2762e+11
0.01146,0.23958,4.2938e+0,1.0833e+11,1.2918e+11
0.01354,0.23958,4.2546e+0,1.4009e+11,1.0045e+11
0.01563,0.23958,4.2167e+0,1.7955e+11,1.0019e+11
0.01771,0.23958,4.1810e+0,2.1889e+11,1.1344e+11
0.01979,0.23958,4.1496e+0,2.2776e+11,2.6768e+11
0.02187,0.23958,4.1131e+0,2.1881e+11,2.3234e+11
0.02396,0.23958,4.0748e+0,1.9873e+11,3.2843e+11
0.02604,0.23958,4.0272e+0,2.4606e+11,3.5425e+11
0.02813,0.23958,3.9728e+0,2.3673e+11,3.0542e+11
0.03021,0.23958,3.9164e+0,2.5872e+11,2.4930e+11
0.03229,0.23958,3.8642e+0,2.9090e+11,2.5344e+11
0.03438,0.23958,3.8173e+0,2.9038e+11,4.2219e+11
0.03646,0.23958,3.7656e+0,3.1136e+11,5.5882e+11
0.03854,0.23958,3.7038e+0,3.3757e+11,4.7219e+11
0.04063,0.23958,3.6409e+0,3.4157e+11,3.9775e+11
0.04271,0.23958,3.5803e+0,3.4221e+11,4.1315e+11
0.04479,0.23958,3.5197e+0,3.2703e+11,5.5206e+11
0.04688,0.23958,3.4486e+0,3.1768e+11,4.1902e+11
0.04896,0.23958,3.3744e+0,3.0046e+11,3.4769e+11
0.05104,0.23958,3.2986e+0,3.4279e+11,3.8343e+11
0.05312,0.23958,3.2215e+0,3.4927e+11,3.2755e+11
0.05521,0.23958,3.1480e+0,3.1574e+11,4.4006e+11
0.05729,0.23958,3.0680e+0,2.9217e+11,4.4943e+11
0.05937,0.23958,2.9786e+0,3.3873e+11,4.1316e+11
0.06146,0.23958,2.8861e+0,3.3721e+11,3.9005e+11
0.06354,0.23958,2.7922e+0,2.9962e+11,3.8548e+11
0.06563,0.23958,2.6946e+0,3.1568e+11,3.7441e+11
0.06771,0.23958,2.5954e+0,2.7313e+11,4.0515e+11
0.06979,0.23958,2.4896e+0,2.6222e+11,4.2010e+11
0.07187,0.23958,2.3752e+0,3.0381e+11,3.8679e+11
0.07396,0.23958,2.2577e+0,3.2802e+11,3.9349e+11
0.07604,0.23958,2.1384e+0,2.6416e+11,4.0332e+11
0.07813,0.23958,2.0115e+0,2.5505e+11,3.9875e+11
0.08021,0.23958,1.8764e+0,2.2357e+11,3.8386e+11
0.08229,0.23958,1.7318e+0,2.0601e+11,3.3306e+11
0.08438,0.23958,1.5793e+0,1.9554e+11,3.0121e+11
0.08646,0.23958,1.4205e+0,1.6067e+11,3.3023e+11
0.08854,0.23958,1.2509e+0,1.3422e+11,3.6833e+11
0.09062,0.23958,1.0665e+0,3.7356e+10,3.5366e+11
0.09271,0.23958,8.6191e-1,3.7918e+9,3.2765e+11
0.09479,0.23958,6.3742e-1,1.1512e+9,3.1036e+11
0.09688,0.23958,3.9483e-1,4.9045e+8,2.7473e+11
0.09896,0.23958,1.3705e-1,1.3151e+8,2.8973e+11
0.00104,0.24375,4.3530e+0,1.6534e+10,0.0000e+0
0.00313,0.24375,4.3543e+0,6.5273e+10,4.5865e+10
0.00521,0.24375,4.3572e+0,9.3402e+10,3.6054e+11
0.00729,0.24375,4.3449e+0,7.9884e+10,5.0257e+11
0.00937,0.24375,4.3096e+0,7.8482e+10,2.0387e+11
0.01146,0.24375,4.2736e+0,1.0031e+11,2.1366e+11
0.01354,0.24375,4.2370e+0,1.4339e+11,2.7475e+11
0.01563,0.24375,4.1977e+0,1.8955e+11,2.6781e+11
0.01771,0.24375,4.1576e+0,2.1165e+11,1.3996e+11
0.01979,0.24375,4.1247e+0,2.2501e+11,2.0554e+11
0.02187,0.24375,4.0923e+0,2.1729e+11,2.9274e+11
0.02396,0.24375,4.0540e+0,1.9544e+11,3.0009e+11
0.02604,0.24375,4.0073e+0,2.5634e+11,3.7807e+11
0.02813,0.24375,3.9523e+0,2.4911e+11,2.4183e+11
0.03021,0.24375,3.8996e+0,2.5036e+11,2.7352e+11
0.03229,0.24375,3.8489e+0,2.7878e+11,3.7564e+11
0.03438,0.24375,3.7959e+0,2.7948e+11,3.7736e+11
0.03646,0.24375,3.7388e+0,3.1431e+11,4.0788e+11
0.03854,0.24375,3.6753e+0,3.4315e+11,2.3377e+11
0.04063,0.24375,3.6178e+0,3.3894e+11,2.6394e+11
0.04271,0.24375,3.5630e+0,3.3274e+11,3.5580e+11
0.04479,0.24375,3.5048e+0,3.2294e+11,3.5423e+11
0.04688,0.24375,3.4431e+0,3.0742e+11,3.9823e+11
0.04896,0.24375,3.3760e+0,2.8314e+11,4.5163e+11
0.05104,0.24375,3.2994e+0,3.4467e+11,4.2247e+11
0.05312,0.24375,3.2204e+0,3.5512e+11,3.5490e+11
0.05521,0.24375,3.1444e+0,3.1481e+11,4.0046e+11
0.05729,0.24375,3.0650e+0,2.8306e+11,4.6390e+11
0.05937,0.24375,2.9757e+0,3.3569e+11,4.7813e+11
0.06146,0.24375,2.8790e+0,3.4138e+11,3.5859e+11
0.06354,0.24375,2.7829e+0,3.0093e+11,3.1831e+11
0.06563,0.24375,2.6859e+0,3.1400e+11,3.2860e+11
0.06771,0.24375,2.5865e+0,2.7240e+11,3.1083e+11
0.06979,0.24375,2.4825e+0,2.6013e+11,3.4355e+11
0.07187,0.24375,2.3716e+0,3.0994e+11,3.6074e+11
0.07396,0.24375,2.2572e+0,3.3097e+11,4.0683e+11
0.07604,0.24375,2.1383e+0,2.6704e+11,4.0086e+11
0.07813,0.24375,2.0110e+0,2.4984e+11,3.7609e+11
0.08021,0.24375,1.8760e+0,2.2407e+11,3.3292e+11
0.08229,0.24375,1.7345e+0,2.0786e+11,3.7881e+11
0.08438,0.24375,1.5828e+0,1.9284e+11,3.4925e+11
0.08646,0.24375,1.4222e+0,1.6609e+11,3.4726e+11
0.08854,0.24375,1.2511e+0,1.3033e+11,3.7461e+11
0.09062,0.24375,1.0654e+0,3.7884e+10,3.4192e+11
0.09271,0.24375,8.6068e-1,3.4756e+9,3.3880e+11
0.09479,0.24375,6.3541e-1,9.6391e+8,2.9777e+11
0.09688,0.24375,3.9250e-1,4.7990e+8,2.4933e+11
0.09896,0.24375,1.3538e-1,1.2878e+8,2.4105e+11
0.00104,0.24792,4.3136e+0,1.8581e+10,0.0000e+0
0.00313,0.24792,4.3143e+0,6.8744e+10,1.9519e+8
0.00521,0.24792,4.3188e+0,9.1994e+10,2.5973e+11
0.00729,0.24792,4.3121e+0,7.9660e+10,4.8251e+11
0.00937,0.24792,4.2815e+0,8.0638e+10,2.1268e+11
0.01146,0.24792,4.2465e+0,9.8082e+10,1.3536e+11
0.01354,0.24792,4.2125e+0,1.3583e+11,1.7895e+11
0.01563,0.24792,4.1779e+0,1.6918e+11,1.7555e+11
0.01771,0.24792,4.1457e+0,2.1712e+11,2.0604e+11
0.01979,0.24792,4.1176e+0,2.3168e+11,3.4793e+11
0.02187,0.24792,4.0844e+0,2.1599e+11,3.0968e+11
0.02396,0.24792,4.0490e+0,1.9047e+11,4.7755e+11
0.02604,0.24792,3.9988e+0,2.4262e+11,4.2562e+11
0.02813,0.24792,3.9407e+0,2.4903e+11,3.1311e+11
0.03021,0.24792,3.8815e+0,2.5010e+11,2.0507e+11
0.03229,0.24792,3.8262e+0,2.8624e+11,2.3242e+11
0.03438,0.24792,3.7734e+0,2.8505e+11,2.4435e+11
0.03646,0.24792,3.7219e+0,3.1385e+11,2.9867e+11
0.03854,0.24792,3.6701e+0,3.4791e+11,3.4719e+11
0.04063,0.24792,3.6186e+0,3.4467e+11,4.0038e+11
0.04271,0.24792,3.5637e+0,3.3432e+11,4.0476e+11
0.04479,0.24792,3.5049e+0,3.1418e+11,3.9615e+11
0.04688,0.24792,3.4420e+0,3.1156e+11,4.0306e+11
0.04896,0.24792,3.3750e+0,2.7533e+11,4.6290e+11
0.05104,0.24792,3.2982e+0,3.3735e+11,4.3522e+11
0.05312,0.24792,3.2195e+0,3.4535e+11,4.3806e+11
0.05521,0.24792,3.1392e+0,3.1184e+11,3.8375e+11
0.05729,0.24792,3.0572e+0,2.8423e+11,3.7747e+11
0.05937,0.24792,2.9707e+0,3.2728e+11,4.7498e+11
0.06146,0.24792,2.8767e+0,3.5028e+11,3.7196e+11
0.06354,0.24792,2.7851e+0,3.0613e+11,3.5609e+11
0.06563,0.24792,2.6940e+0,3.0772e+11,4.5558e+11
0.06771,0.24792,2.5964e+0,2.6894e+11,4.4138e+11
0.06979,0.24792,2.4900e+0,2.6284e+11,3.7748e+11
0.07187,0.24792,2.3787e+0,3.0783e+11,4.0692e+11
0.07396,0.24792,2.2641e+0,3.3520e+11,4.6364e+11
0.07604,0.24792,2.1437e+0,2.7912e+11,4.2383e+11
0.07813,0.24792,2.0153e+0,2.5189e+11,3.5635e+11
0.08021,0.24792,1.8815e+0,2.1842e+11,3.6427e+11
0.08229,0.24792,1.7396e+0,2.0870e+11,3.8363e+11
0.08438,0.24792,1.5879e+0,1.8777e+11,3.9405e+11
0.08646,0.24792,1.4249e+0,1.6536e+11,3.7912e+11
0.08854,0.24792,1.2500e+0,1.3111e+11,3.4935e+11
0.09062,0.24792,1.0623e+0,4.3586e+10,3.3596e+11
0.09271,0.24792,8.5587e-1,3.6338e+9,2.8678e+11
0.09479,0.24792,6.3126e-1,1.1925e+9,2.6559e+11
0.09688,0.24792,3.9033e-1,6.4109e+8,2.5030e+11
0.09896,0.24792,1.3480e-1,1.3145e+8,2.4883e+11
0.00104,0.25208,4.2739e+0,2.6342e+10,0.0000e+0
0.00313,0.25208,4.2741e+0,6.7835e+10,5.3473e+10
0.00521,0.25208,4.2737e+0,9.3356e+10,9.4039e+10
0.00729,0.25208,4.2702e+0,8.0861e+10,1.4958e+11
0.00937,0.25208,4.2586e+0,6.0259e+10,3.4655e+11
0.01146,0.25208,4.2289e+0,9.5141e+10,1.8560e+11
0.01354,0.25208,4.1983e+0,1.3794e+11,2.8623e+11
0.01563,0.25208,4.1638e+0,1.6305e+11,1.7682e+11
0.01771,0.25208,4.1351e+0,2.1562e+11,2.7683e+11
0.01979,0.25208,4.1075e+0,2.2770e+11,4.4580e+11
0.02187,0.25208,4.0689e+0,2.0195e+11,2.9120e+11
0.02396,0.25208,4.0276e+0,1.8777e+11,2.7784e+11
0.02604,0.25208,3.9818e+0,2.3834e+11,3.5519e+11
0.02813,0.25208,3.9310e+0,2.5386e+11,3.5097e+11
0.03021,0.25208,3.8775e+0,2.4247e+11,2.9564e+11
0.03229,0.25208,3.8240e+0,2.7799e+11,3.0219e+11
0.03438,0.25208,3.7713e+0,2.9136e+11,2.6570e+11
0.03646,0.25208,3.7230e+0,3.3014e+11,3.5871e+11
0.03854,0.25208,3.6754e+0,3.5052e+11,4.1635e+11
0.04063,0.25208,3.6261e+0,3.6027e+11,5.1746e+11
0.04271,0.25208,3.5694e+0,3.3623e+11,4.8673e+11
0.04479,0.25208,3.5067e+0,3.2366e+11,4.4136e+11
0.04688,0.25208,3.4401e+0,3.1612e+11,4.5565e+11
0.04896,0.25208,3.3664e+0,2.7199e+11,3.7956e+11
0.05104,0.25208,3.2865e+0,3.3774e+11,3.2127e+11
0.05312,0.25208,3.2085e+0,3.4514e+11,3.5631e+11
0.05521,0.25208,3.1304e+0,3.1572e+11,3.6041e+11
0.05729,0.25208,3.0505e+0,2.9597e+11,4.3225e+11
0.05937,0.25208,2.9622e+0,3.2729e+11,4.0031e+11
0.06146,0.25208,2.8704e+0,3.6109e+11,3.5163e+11
0.06354,0.25208,2.7817e+0,3.0581e+11,3.3553e+11
0.06563,0.25208,2.6940e+0,3.0441e+11,4.5677e+11
0.06771,0.25208,2.5993e+0,2.6643e+11,4.6920e+11
0.06979,0.25208,2.4945e+0,2.5774e+11,4.4014e+11
0.07187,0.25208,2.3813e+0,3.0728e+11,3.9773e+11
0.07396,0.25208,2.2667e+0,3.3397e+11,4.5084e+11
0.07604,0.25208,2.1490e+0,2.8331e+11,4.8857e+11
0.07813,0.25208,2.0225e+0,2.5676e+11,4.5906e+11
0.08021,0.25208,1.8877e+0,2.2089e+11,4.2168e+11
0.08229,0.25208,1.7441e+0,2.0536e+11,4.4797e+11
0.08438,0.25208,1.5889e+0,1.8120e+11,3.9097e+11
0.08646,0.25208,1.4240e+0,1.6650e+11,3.7764e+11
0.08854,0.25208,1.2490e+0,1.3249e+11,3.8268e+11
0.09062,0.25208,1.0605e+0,4.3433e+10,3.4641e+11
0.09271,0.25208,8.5410e-1,3.5380e+9,3.0165e+11
0.09479,0.25208,6.2979e-1,9.5689e+8,2.6994e+11
0.09688,0.25208,3.8950e-1,5.1459e+8,2.5574e+11
0.09896,0.25208,1.3451e-1,1.8314e+8,2.5033e+11
0.00104,0.25625,4.2409e+0,2.3101e+10,0.0000e+0
0.00313,0.25625,4.2412e+0,6.3659e+10,9.9356e+9
0.00521,0.25625,4.2439e+0,9.3126e+10,7.1489e+10
0.00729,0.25625,4.2475e+0,7.9702e+10,3.2077e+11
0.00937,0.25625,4.2363e+0,6.1271e+10,3.5243e+11
0.01146,0.25625,4.2083e+0,9.6846e+10,2.5779e+11
0.01354,0.25625,4.1731e+0,1.3678e+11,1.4991e+11
0.01563,0.25625,4.1393e+0,1.7212e+11,4.9378e+10
0.01771,0.25625,4.1142e+0,2.1536e+11,2.3506e+11
0.01979,0.25625,4.0868e+0,2.2744e+11,3.3723e+11
0.02187,0.25625,4.0515e+0,2.0911e+11,2.8872e+11
0.02396,0.25625,4.0111e+0,1.8372e+11,2.7157e+11
0.02604,0.25625,3.9635e+0,2.3610e+11,1.8249e+11
0.02813,0.25625,3.9170e+0,2.6745e+11,2.0151e+11
0.03021,0.25625,3.8718e+0,2.5675e+11,2.8336e+11
0.03229,0.25625,3.8246e+0,2.8505e+11,3.9262e+11
0.03438,0.25625,3.7722e+0,2.8738e+11,2.9061e+11
0.03646,0.25625,3.7231e+0,3.2642e+11,3.4256e+11
0.03854,0.25625,3.6769e+0,3.5808e+11,5.1269e+11
0.04063,0.25625,3.6248e+0,3.5256e+11,5.6535e+11
0.04271,0.25625,3.5633e+0,3.3220e+11,4.3024e+11
0.04479,0.25625,3.4994e+0,3.2806e+11,3.9754e+11
0.04688,0.25625,3.4353e+0,3.1114e+11,4.9834e+11
0.04896,0.25625,3.3623e+0,2.6585e+11,3.8889e+11
0.05104,0.25625,3.2847e+0,3.1878e+11,3.9706e+11
0.05312,0.25625,3.2066e+0,3.3863e+11,4.3301e+11
0.05521,0.25625,3.1270e+0,3.1464e+11,3.9068e+11
0.05729,0.25625,3.0467e+0,2.9141e+11,4.7761e+11
0.05937,0.25625,2.9572e+0,3.2368e+11,3.8834e+11
0.06146,0.25625,2.8669e+0,3.4992e+11,4.0885e+11
0.06354,0.25625,2.7765e+0,2.9466e+11,3.6459e+11
0.06563,0.25625,2.6855e+0,3.0217e+11,3.9770e+11
0.06771,0.25625,2.5915e+0,2.7289e+11,4.6145e+11
0.06979,0.25625,2.4881e+0,2.6618e+11,4.6832e+11
0.07187,0.25625,2.3744e+0,3.0773e+11,4.0156e+11
0.07396,0.25625,2.2578e+0,3.2552e+11,4.0014e+11
0.07604,0.25625,2.1389e+0,2.7108e+11,3.9015e+11
0.07813,0.25625,2.0134e+0,2.4649e+11,3.8408e+11
0.08021,0.25625,1.8799e+0,2.1944e+11,4.1378e+11
0.08229,0.25625,1.7344e+0,2.0575e+11,3.6923e+11
0.08438,0.25625,1.5786e+0,1.8050e+11,3.2251e+11
0.08646,0.25625,1.4135e+0,1.6658e+11,2.9603e+11
0.08854,0.25625,1.2401e+0,1.2757e+11,3.2598e+11
0.09062,0.25625,1.0537e+0,3.9092e+10,3.0321e+11
0.09271,0.25625,8.4956e-1,3.2080e+9,2.7158e+11
0.09479,0.25625,6.2821e-1,7.6000e+8,2.9629e+11
0.09688,0.25625,3.8855e-1,4.0961e+8,2.5621e+11
0.09896,0.25625,1.3382e-1,1.9311e+8,2.3141e+11
0.00104,0.26042,4.2129e+0,2.4983e+10,0.0000e+0
0.00313,0.26042,4.2119e+0,6.1635e+10,0.0000e+0
0.00521,0.26042,4.2117e+0,9.1882e+10,0.0000e+0
0.00729,0.26042,4.2130e+0,8.3131e+10,9.3484e+10
0.00937,0.26042,4.2074e+0,6.3627e+10,1.8663e+11
0.01146,0.26042,4.1889e+0,9.2272e+10,2.3022e+11
0.01354,0.26042,4.1593e+0,1.4064e+11,7.0188e+10
0.01563,0.26042,4.1342e+0,1.7181e+11,1.9066e+11
0.01771,0.26042,4.1084e+0,2.1734e+11,3.2994e+11
0.01979,0.26042,4.0765e+0,2.2972e+11,2.6538e+11
0.02187,0.26042,4.0439e+0,2.1524e+11,2.3363e+11
0.02396,0.26042,4.0111e+0,1.8464e+11,2.9172e+11
0.02604,0.26042,3.9730e+0,2.2806e+11,3.3319e+11
0.02813,0.26042,3.9318e+0,2.5154e+11,5.0482e+11
0.03021,0.26042,3.8787e+0,2.6017e+11,3.5674e+11
0.03229,0.26042,3.8250e+0,2.9555e+11,3.6095e+11
0.03438,0.26042,3.7710e+0,2.9389e+11,3.4718e+11
0.03646,0.26042,3.7174e+0,3.2068e+11,3.6678e+11
0.03854,0.26042,3.6641e+0,3.5454e+11,4.5268e+11
0.04063,0.26042,3.6064e+0,3.4255e+11,3.8717e+11
0.04271,0.26042,3.5479e+0,3.3106e+11,4.6953e+11
0.04479,0.26042,3.4827e+0,3.2057e+11,3.4119e+11
0.04688,0.26042,3.4195e+0,3.0070e+11,4.2353e+11
0.04896,0.26042,3.3513e+0,2.6982e+11,4.8015e+11
0.05104,0.26042,3.2724e+0,3.1250e+11,3.6254e+11
0.05312,0.26042,3.1940e+0,3.3640e+11,4.0015e+11
0.05521,0.26042,3.1139e+0,3.1247e+11,3.3295e+11
0.05729,0.26042,3.0341e+0,2.9094e+11,4.0241e+11
0.05937,0.26042,2.9475e+0,3.2772e+11,4.0970e+11
0.06146,0.26042,2.8572e+0,3.3317e+11,3.8836e+11
0.06354,0.26042,2.7641e+0,2.9752e+11,3.1909e+11
0.06563,0.26042,2.6702e+0,3.0386e+11,3.4447e+11
0.06771,0.26042,2.5743e+0,2.7609e+11,3.7007e+11
0.06979,0.26042,2.4729e+0,2.6263e+11,4.1410e+11
0.07187,0.26042,2.3624e+0,2.9929e+11,3.9262e+11
0.07396,0.26042,2.2479e+0,3.2539e+11,3.9331e+11
0.07604,0.26042,2.1314e+0,2.6797e+11,4.2186e+11
0.07813,0.26042,2.0066e+0,2.4761e+11,3.9627e+11
0.08021,0.26042,1.8736e+0,2.1989e+11,4.0102e+11
0.08229,0.26042,1.7300e+0,2.2087e+11,3.9750e+11
0.08438,0.26042,1.5764e+0,1.8171e+11,3.6439e+11
0.08646,0.26042,1.4123e+0,1.6157e+11,3.4831e+11
0.08854,0.26042,1.2377e+0,1.3293e+11,3.2511e+11
0.09062,0.26042,1.0524e+0,4.2084e+10,3.3733e+11
0.09271,0.26042,8.4883e-1,3.2829e+9,2.9765e+11
0.09479,0.26042,6.2728e-1,7.4404e+8,2.8684e+11
0.09688,0.26042,3.8878e-1,3.7541e+8,2.8162e+11
0.09896,0.26042,1.3413e-1,2.7878e+8,2.4756e+11
0.00104,0.26458,4.2005e+0,2.8576e+10,0.0000e+0
0.00313,0.26458,4.2004e+0,5.9736e+10,0.0000e+0
0.00521,0.26458,4.2018e+0,7.9060e+10,0.0000e+0
0.00729,0.26458,4.2052e+0,7.3604e+10,1.1020e+11
0.00937,0.26458,4.2018e+0,6.0574e+10,2.0709e+11
0.01146,0.26458,4.1884e+0,8.6852e+10,3.0926e+11
0.01354,0.26458,4.1660e+0,1.3671e+11,3.4814e+11
0.01563,0.26458,4.1399e+0,1.7091e+11,4.4363e+11
0.01771,0.26458,4.1050e+0,2.2949e+11,3.0391e+11
0.01979,0.26458,4.0719e+0,2.2380e+11,2.2320e+11
0.02187,0.26458,4.0436e+0,2.0817e+11,3.2667e+11
0.02396,0.26458,4.0105e+0,1.8711e+11,2.7665e+11
0.02604,0.26458,3.9748e+0,2.2838e+11,4.3580e+11
0.02813,0.26458,3.9287e+0,2.4455e+11,4.5586e+11
0.03021,0.26458,3.8725e+0,2.6062e+11,2.8244e+11
0.03229,0.26458,3.8199e+0,2.9244e+11,3.8593e+11
0.03438,0.26458,3.7646e+0,2.7761e+11,3.1910e+11
0.03646,0.26458,3.7081e+0,3.1966e+11,3.3821e+11
0.03854,0.26458,3.6500e+0,3.4470e+11,3.6763e+11
0.04063,0.26458,3.5888e+0,3.5034e+11,3.3027e+11
0.04271,0.26458,3.5281e+0,3.2919e+11,3.5487e+11
0.04479,0.26458,3.4639e+0,3.0088e+11,3.2707e+11
0.04688,0.26458,3.3964e+0,2.8866e+11,2.6704e+11
0.04896,0.26458,3.3292e+0,2.6979e+11,3.5420e+11
0.05104,0.26458,3.2559e+0,3.2101e+11,3.7978e+11
0.05312,0.26458,3.1802e+0,3.4029e+11,3.7033e+11
0.05521,0.26458,3.1051e+0,3.0408e+11,4.1226e+11
0.05729,0.26458,3.0260e+0,2.9329e+11,4.4467e+11
0.05937,0.26458,2.9396e+0,3.4198e+11,3.8537e+11
0.06146,0.26458,2.8535e+0,3.2672e+11,4.6629e+11
0.06354,0.26458,2.7609e+0,2.9392e+11,4.2340e+11
0.06563,0.26458,2.6618e+0,3.0117e+11,3.3338e+11
0.06771,0.26458,2.5619e+0,2.7241e+11,3.1505e+11
0.06979,0.26458,2.4593e+0,2.5843e+11,3.4995e+11
0.07187,0.26458,2.3502e+0,3.0154e+11,3.7520e+11
0.07396,0.26458,2.2373e+0,3.2718e+11,3.8796e+11
0.07604,0.26458,2.1226e+0,2.6784e+11,4.2339e+11
0.07813,0.26458,1.9994e+0,2.5188e+11,4.3529e+11
0.08021,0.26458,1.8671e+0,2.2213e+11,4.1281e+11
0.08229,0.26458,1.7254e+0,2.2046e+11,4.2569e+11
0.08438,0.26458,1.5742e+0,1.8268e+11,4.3847e+11
0.08646,0.26458,1.4105e+0,1.6159e+11,4.0620e+11
0.08854,0.26458,1.2350e+0,1.3329e+11,3.4499e+11
0.09062,0.26458,1.0495e+0,4.1330e+10,3.4427e+11
0.09271,0.26458,8.4653e-1,4.0766e+9,3.2054e+11
0.09479,0.26458,6.2449e-1,9.5512e+8,2.6810e+11
0.09688,0.26458,3.8650e-1,3.0585e+8,2.6005e+11
0.09896,0.26458,1.3318e-1,2.2896e+8,2.3299e+11
0.00104,0.26875,4.1980e+0,2.4224e+10,0.0000e+0
0.00313,0.26875,4.1998e+0,5.6417e+10,0.0000e+0
0.00521,0.26875,4.2053e+0,8.2679e+10,5.9456e+10
0.00729,0.26875,4.2125e+0,8.7763e+10,5.0080e+11
0.00937,0.26875,4.1983e+0,6.8355e+10,4.8834e+11
0.01146,0.26875,4.1665e+0,8.4157e+10,2.0862e+11
0.01354,0.26875,4.1365e+0,1.3262e+11,1.8678e+11
0.01563,0.26875,4.1108e+0,1.6401e+11,2.3466e+11
0.01771,0.26875,4.0873e+0,2.1924e+11,3.7475e+11
0.01979,0.26875,4.0613e+0,2.2325e+11,3.3545e+11
0.02187,0.26875,4.0365e+0,1.9354e+11,4.1004e+11
0.02396,0.26875,4.0045e+0,1.8581e+11,3.7998e+11
0.02604,0.26875,3.9661e+0,2.2894e+11,4.8530e+11
0.02813,0.26875,3.9146e+0,2.4382e+11,3.2086e+11
0.03021,0.26875,3.8599e+0,2.5983e+11,2.0349e+11
0.03229,0.26875,3.8105e+0,2.8959e+11,2.6908e+11
0.03438,0.26875,3.7635e+0,2.8878e+11,3.8734e+11
0.03646,0.26875,3.7122e+0,3.3031e+11,4.8958e+11
0.03854,0.26875,3.6542e+0,3.5157e+11,5.3171e+11
0.04063,0.26875,3.5883e+0,3.4655e+11,3.6720e+11
0.04271,0.26875,3.5262e+0,3.2585e+11,4.1858e+11
0.04479,0.26875,3.4621e+0,2.9813e+11,4.6529e+11
0.04688,0.26875,3.3910e+0,2.7994e+11,3.7953e+11
0.04896,0.26875,3.3170e+0,2.7113e+11,3.0881e+11
0.05104,0.26875,3.2427e+0,3.2338e+11,3.7477e+11
0.05312,0.26875,3.1659e+0,3.4008e+11,3.1787e+11
0.05521,0.26875,3.0903e+0,3.0354e+11,3.1559e+11
0.05729,0.26875,3.0119e+0,2.9145e+11,3.4822e+11
0.05937,0.26875,2.9284e+0,3.3754e+11,3.4846e+11
0.06146,0.26875,2.8444e+0,3.2830e+11,4.0938e+11
0.06354,0.26875,2.7556e+0,2.9767e+11,4.4556e+11
0.06563,0.26875,2.6587e+0,3.2003e+11,3.9230e+11
0.06771,0.26875,2.5596e+0,2.7260e+11,3.8854e+11
0.06979,0.26875,2.4554e+0,2.6002e+11,4.1784e+11
0.07187,0.26875,2.3428e+0,2.9817e+11,3.6349e+11
0.07396,0.26875,2.2283e+0,3.1707e+11,3.8596e+11
0.07604,0.26875,2.1115e+0,2.6641e+11,4.2963e+11
0.07813,0.26875,1.9847e+0,2.5850e+11,3.6502e+11
0.08021,0.26875,1.8520e+0,2.2661e+11,3.8166e+11
0.08229,0.26875,1.7097e+0,2.1365e+11,3.7079e+11
0.08438,0.26875,1.5573e+0,1.8106e+11,3.2164e+11
0.08646,0.26875,1.3954e+0,1.5528e+11,3.0819e+11
0.08854,0.26875,1.2227e+0,1.2388e+11,2.7799e+11
0.09062,0.26875,1.0395e+0,3.9136e+10,2.7696e+11
0.09271,0.26875,8.4002e-1,4.0486e+9,2.9063e+11
0.09479,0.26875,6.2175e-1,1.0254e+9,2.9796e+11
0.09688,0.26875,3.8508e-1,2.6313e+8,2.6478e+11
0.09896,0.26875,1.3314e-1,1.9225e+8,2.5551e+11
0.00104,0.27292,4.1886e+0,2.3878e+10,0.0000e+0
0.00313,0.27292,4.1920e+0,6.1513e+10,4.0859e+10
0.00521,0.27292,4.1994e+0,9.4821e+10,5.6334e+11
0.00729,0.27292,4.1796e+0,7.4403e+10,2.3832e+11
0.00937,0.27292,4.1535e+0,6.8993e+10,1.9713e+11
0.01146,0.27292,4.1210e+0,8.5981e+10,7.8051e+10
0.01354,0.27292,4.0899e+0,1.3454e+11,2.8001e+10
0.01563,0.27292,4.0643e+0,1.7301e+11,7.9069e+10
0.01771,0.27292,4.0419e+0,2.1444e+11,1.4191e+11
0.01979,0.27292,4.0217e+0,2.2483e+11,2.0599e+11
0.02187,0.27292,4.0012e+0,1.9494e+11,2.6869e+11
0.02396,0.27292,3.9750e+0,1.8303e+11,2.8215e+11
0.02604,0.27292,3.9436e+0,2.3550e+11,3.7204e+11
0.02813,0.27292,3.9052e+0,2.5344e+11,4.3630e+11
0.03021,0.27292,3.8580e+0,2.5923e+11,3.5572e+11
0.03229,0.27292,3.8099e+0,2.8006e+11,3.5343e+11
0.03438,0.27292,3.7611e+0,2.8585e+11,4.1973e+11
0.03646,0.27292,3.7058e+0,3.2155e+11,4.3289e+11
0.03854,0.27292,3.6462e+0,3.4411e+11,4.9748e+11
0.04063,0.27292,3.5797e+0,3.5735e+11,3.9428e+11
0.04271,0.27292,3.5149e+0,3.2966e+11,3.9175e+11
0.04479,0.27292,3.4490e+0,3.0673e+11,4.0290e+11
0.04688,0.27292,3.3781e+0,2.9037e+11,3.0745e+11
0.04896,0.27292,3.3075e+0,2.7962e+11,3.3459e+11
0.05104,0.27292,3.2352e+0,3.2611e+11,3.2817e+11
0.05312,0.27292,3.1663e+0,3.3343e+11,4.5453e+11
0.05521,0.27292,3.0942e+0,3.0212e+11,5.2040e+11
0.05729,0.27292,3.0121e+0,2.9127e+11,4.0032e+11
0.05937,0.27292,2.9273e+0,3.3170e+11,4.2544e+11
0.06146,0.27292,2.8409e+0,3.2910e+11,4.7054e+11
0.06354,0.27292,2.7488e+0,2.9804e+11,3.8293e+11
0.06563,0.27292,2.6539e+0,3.1587e+11,4.4667e+11
0.06771,0.27292,2.5537e+0,2.6476e+11,3.8692e+11
0.06979,0.27292,2.4483e+0,2.5313e+11,3.9800e+11
0.07187,0.27292,2.3356e+0,2.9656e+11,3.7888e+11
0.07396,0.27292,2.2200e+0,3.1877e+11,3.8855e+11
0.07604,0.27292,2.1022e+0,2.6634e+11,4.4729e+11
0.07813,0.27292,1.9740e+0,2.4895e+11,3.4415e+11
0.08021,0.27292,1.8413e+0,2.2184e+11,3.7844e+11
0.08229,0.27292,1.6995e+0,2.0606e+11,3.4378e+11
0.08438,0.27292,1.5499e+0,1.7448e+11,3.3896e+11
0.08646,0.27292,1.3910e+0,1.4672e+11,3.3796e+11
0.08854,0.27292,1.2212e+0,1.2507e+11,3.6492e+11
0.09062,0.27292,1.0376e+0,4.1106e+10,3.1580e+11
0.09271,0.27292,8.3729e-1,3.5888e+9,2.8902e+11
0.09479,0.27292,6.1934e-1,9.3635e+8,3.0242e+11
0.09688,0.27292,3.8270e-1,2.3986e+8,2.4160e+11
0.09896,0.27292,1.3204e-1,1.5968e+8,2.3774e+11
0.00104,0.27708,4.1589e+0,2.2775e+10,0.0000e+0
0.00313,0.27708,4.1606e+0,5.7605e+10,1.4176e+10
0.00521,0.27708,4.1654e+0,9.5058e+10,4.6034e+11
0.00729,0.27708,4.1461e+0,7.3936e+10,2.1026e+11
0.00937,0.27708,4.1204e+0,6.5938e+10,5.3367e+10
0.01146,0.27708,4.0956e+0,8.1187e+10,4.4679e+10
0.01354,0.27708,4.0720e+0,1.3712e+11,1.4161e+11
0.01563,0.27708,4.0473e+0,1.7492e+11,2.0255e+11
0.01771,0.27708,4.0201e+0,1.9932e+11,1.1306e+11
0.01979,0.27708,3.9979e+0,2.2001e+11,2.2206e+11
0.02187,0.27708,3.9745e+0,2.0069e+11,2.5591e+11
0.02396,0.27708,3.9457e+0,1.7546e+11,1.5462e+11
0.02604,0.27708,3.9171e+0,2.3914e+11,2.8326e+11
0.02813,0.27708,3.8859e+0,2.6806e+11,4.6975e+11
0.03021,0.27708,3.8429e+0,2.6269e+11,3.1031e+11
0.03229,0.27708,3.8012e+0,2.7695e+11,4.1906e+11
0.03438,0.27708,3.7555e+0,2.7089e+11,5.9905e+11
0.03646,0.27708,3.6945e+0,3.2437e+11,4.5879e+11
0.03854,0.27708,3.6313e+0,3.4295e+11,4.6804e+11
0.04063,0.27708,3.5661e+0,3.5036e+11,4.3277e+11
0.04271,0.27708,3.5017e+0,3.3393e+11,4.0840e+11
0.04479,0.27708,3.4378e+0,3.0918e+11,4.1101e+11
0.04688,0.27708,3.3719e+0,2.9398e+11,4.6827e+11
0.04896,0.27708,3.2991e+0,2.6843e+11,3.7132e+11
0.05104,0.27708,3.2251e+0,3.1078e+11,3.8013e+11
0.05312,0.27708,3.1527e+0,3.2686e+11,3.9804e+11
0.05521,0.27708,3.0806e+0,2.9663e+11,4.5887e+11
0.05729,0.27708,3.0015e+0,2.8295e+11,4.5826e+11
0.05937,0.27708,2.9150e+0,3.3381e+11,4.1027e+11
0.06146,0.27708,2.8281e+0,3.3184e+11,4.2534e+11
0.06354,0.27708,2.7385e+0,2.9089e+11,4.3724e+11
0.06563,0.27708,2.6418e+0,3.0922e+11,3.9308e+11
0.06771,0.27708,2.5430e+0,2.5907e+11,3.9538e+11
0.06979,0.27708,2.4382e+0,2.5036e+11,3.8248e+11
0.07187,0.27708,2.3275e+0,3.0740e+11,4.2693e+11
0.07396,0.27708,2.2111e+0,3.2584e+11,3.9206e+11
0.07604,0.27708,2.0919e+0,2.6125e+11,3.7507e+11
0.07813,0.27708,1.9647e+0,2.4343e+11,3.1927e+11
0.08021,0.27708,1.8324e+0,2.2134e+11,3.4191e+11
0.08229,0.27708,1.6918e+0,2.0606e+11,3.2735e+11
0.08438,0.27708,1.5435e+0,1.7504e+11,3.2030e+11
0.08646,0.27708,1.3861e+0,1.4478e+11,3.5272e+11
0.08854,0.27708,1.2158e+0,1.2214e+11,3.1257e+11
0.09062,0.27708,1.0338e+0,4.0222e+10,3.1481e+11
0.09271,0.27708,8.3436e-1,3.4585e+9,2.9308e+11
0.09479,0.27708,6.1693e-1,7.3072e+8,2.9590e+11
0.09688,0.27708,3.8154e-1,2.6575e+8,2.5190e+11
0.09896,0.27708,1.3165e-1,1.6038e+8,2.4010e+11
0.00104,0.28125,4.1227e+0,2.4766e+10,0.0000e+0
0.00313,0.28125,4.1223e+0,7.0287e+10,0.0000e+0
0.00521,0.28125,4.1240e+0,8.7150e+10,1.0485e+11
0.00729,0.28125,4.1216e+0,8.4704e+10,2.5135e+11
0.00937,0.28125,4.1099e+0,7.5964e+10,2.0429e+11
0.01146,0.28125,4.0950e+0,9.3519e+10,3.2441e+11
0.01354,0.28125,4.0714e+0,1.4179e+11,2.8264e+11
0.01563,0.28125,4.0459e+0,1.8150e+11,3.3173e+11
0.01771,0.28125,4.0166e+0,1.9850e+11,2.5310e+11
0.01979,0.28125,3.9883e+0,2.0308e+11,1.9802e+11
0.02187,0.28125,3.9621e+0,1.9814e+11,2.4482e+11
0.02396,0.28125,3.9318e+0,1.7490e+11,2.2751e+11
0.02604,0.28125,3.8963e+0,2.3000e+11,1.8421e+11
0.02813,0.28125,3.8620e+0,2.6083e+11,3.5339e+11
0.03021,0.28125,3.8191e+0,2.5889e+11,2.7632e+11
0.03229,0.28125,3.7750e+0,2.6660e+11,4.1957e+11
0.03438,0.28125,3.7214e+0,2.6126e+11,3.5662e+11
0.03646,0.28125,3.6633e+0,3.2090e+11,4.4595e+11
0.03854,0.28125,3.5996e+0,3.3787e+11,3.6635e+11
0.04063,0.28125,3.5365e+0,3.3289e+11,3.3860e+11
0.04271,0.28125,3.4752e+0,3.3366e+11,3.4900e+11
0.04479,0.28125,3.4153e+0,3.1495e+11,4.2626e+11
0.04688,0.28125,3.3506e+0,2.8461e+11,4.7820e+11
0.04896,0.28125,3.2759e+0,2.5929e+11,3.4722e+11
0.05104,0.28125,3.1984e+0,3.0885e+11,2.5757e+11
0.05312,0.28125,3.1272e+0,3.2991e+11,3.5898e+11
0.05521,0.28125,3.0557e+0,2.9698e+11,4.0956e+11
0.05729,0.28125,2.9771e+0,2.7964e+11,3.7324e+11
0.05937,0.28125,2.8924e+0,3.3361e+11,3.2624e+11
0.06146,0.28125,2.8087e+0,3.2627e+11,3.6464e+11
0.06354,0.28125,2.7225e+0,2.7931e+11,4.4863e+11
0.06563,0.28125,2.6246e+0,3.1156e+11,3.3430e+11
0.06771,0.28125,2.5255e+0,2.5831e+11,3.0615e+11
0.06979,0.28125,2.4235e+0,2.4508e+11,3.3199e+11
0.07187,0.28125,2.3173e+0,2.9137e+11,4.0740e+11
0.07396,0.28125,2.2062e+0,3.1926e+11,4.3558e+11
0.07604,0.28125,2.0910e+0,2.5387e+11,4.4705e+11
0.07813,0.28125,1.9663e+0,2.3214e+11,4.2037e+11
0.08021,0.28125,1.8328e+0,2.1958e+11,4.0090e+11
0.08229,0.28125,1.6912e+0,2.0276e+11,3.5312e+11
0.08438,0.28125,1.5431e+0,1.6551e+11,3.7234e+11
0.08646,0.28125,1.3838e+0,1.4083e+11,3.3685e+11
0.08854,0.28125,1.2135e+0,1.1252e+11,3.2588e+11
0.09062,0.28125,1.0311e+0,3.6349e+10,3.2083e+11
0.09271,0.28125,8.3116e-1,3.0036e+9,2.8981e+11
0.09479,0.28125,6.1361e-1,6.6003e+8,2.6529e+11
0.09688,0.28125,3.8017e-1,2.7279e+8,2.6942e+11
0.09896,0.28125,1.3110e-1,1.6275e+8,2.3747e+11
0.00104,0.28542,4.0975e+0,2.1546e+10,0.0000e+0
0.00313,0.28542,4.0958e+0,5.4154e+10,0.0000e+0
0.00521,0.28542,4.0937e+0,8.3596e+10,2.7075e+10
0.00729,0.28542,4.0903e+0,8.1110e+10,3.8985e+10
0.00937,0.28542,4.0835e+0,7.6968e+10,7.1142e+10
0.01146,0.28542,4.0707e+0,9.5413e+10,1.5291e+11
0.01354,0.28542,4.0490e+0,1.3833e+11,9.1132e+10
0.01563,0.28542,4.0272e+0,1.8402e+11,1.3252e+11
0.01771,0.28542,4.0052e+0,2.0094e+11,1.3459e+11
0.01979,0.28542,3.9839e+0,1.9784e+11,1.8225e+11
0.02187,0.28542,3.9616e+0,2.1067e+11,3.0077e+11
0.02396,0.28542,3.9339e+0,1.7999e+11,3.7444e+11
0.02604,0.28542,3.8964e+0,2.2318e+11,3.5291e+11
0.02813,0.28542,3.8546e+0,2.4931e+11,3.6676e+11
0.03021,0.28542,3.8072e+0,2.5379e+11,4.0328e+11
0.03229,0.28542,3.7509e+0,2.6553e+11,3.4345e+11
0.03438,0.28542,3.6892e+0,2.6203e+11,2.3204e+11
0.03646,0.28542,3.6288e+0,3.0134e+11,2.5970e+11
0.03854,0.28542,3.5703e+0,3.2043e+11,3.3389e+11
0.04063,0.28542,3.5108e+0,3.1378e+11,3.1618e+11
0.04271,0.28542,3.4503e+0,3.2549e+11,3.2490e+11
0.04479,0.28542,3.3883e+0,3.0768e+11,3.4262e+11
0.04688,0.28542,3.3211e+0,2.8230e+11,3.0465e+11
0.04896,0.28542,3.2492e+0,2.5636e+11,2.6214e+11
0.05104,0.28542,3.1746e+0,3.1008e+11,2.2372e+11
0.05312,0.28542,3.1051e+0,3.3060e+11,3.3428e+11
0.05521,0.28542,3.0347e+0,2.8826e+11,3.5040e+11
0.05729,0.28542,2.9599e+0,2.6831e+11,3.5187e+11
0.05937,0.28542,2.8799e+0,3.2804e+11,3.6724e+11
0.06146,0.28542,2.7989e+0,3.1841e+11,4.2529e+11
0.06354,0.28542,2.7125e+0,2.7403e+11,4.2441e+11
0.06563,0.28542,2.6172e+0,3.1260e+11,4.2069e+11
0.06771,0.28542,2.5172e+0,2.6161e+11,3.8403e+11
0.06979,0.28542,2.4109e+0,2.4405e+11,3.0074e+11
0.07187,0.28542,2.3028e+0,2.7942e+11,3.2358e+11
0.07396,0.28542,2.1937e+0,3.1724e+11,4.0917e+11
0.07604,0.28542,2.0809e+0,2.5229e+11,4.4974e+11
0.07813,0.28542,1.9572e+0,2.2732e+11,4.2236e+11
0.08021,0.28542,1.8234e+0,2.1220e+11,3.4035e+11
0.08229,0.28542,1.6841e+0,1.9762e+11,3.5144e+11
0.08438,0.28542,1.5374e+0,1.6073e+11,3.6354e+11
0.08646,0.28542,1.3797e+0,1.4850e+11,3.7507e+11
0.08854,0.28542,1.2095e+0,1.1603e+11,3.4288e+11
0.09062,0.28542,1.0265e+0,3.6056e+10,3.0342e+11
0.09271,0.28542,8.2719e-1,2.9822e+9,2.8287e+11
0.09479,0.28542,6.1049e-1,6.8992e+8,2.6814e+11
0.09688,0.28542,3.7750e-1,3.0695e+8,2.4364e+11
0.09896,0.28542,1.3012e-1,1.6085e+8,2.2892e+11
0.00104,0.28958,4.0929e+0,3.9268e+10,0.0000e+0
0.00313,0.28958,4.0925e+0,4.0974e+10,0.0000e+0
0.00521,0.28958,4.0914e+0,8.9437e+10,0.0000e+0
0.00729,0.28958,4.0916e+0,8.6391e+10,2.7807e+9
0.00937,0.28958,4.0912e+0,7.1654e+10,1.9868e+11
0.01146,0.28958,4.0768e+0,9.1428e+10,1.6212e+11
0.01354,0.28958,4.0551e+0,1.3322e+11,6.0261e+10
0.01563,0.28958,4.0373e+0,1.9834e+11,1.4486e+11
0.01771,0.28958,4.0223e+0,1.9609e+11,3.5707e+11
0.01979,0.28958,3.9974e+0,1.8412e+11,3.6692e+11
0.02187,0.28958,3.9640e+0,1.9457e+11,3.4011e+11
0.02396,0.28958,3.9252e+0,1.8404e+11,2.4496e+11
0.02604,0.28958,3.8857e+0,2.2283e+11,2.7746e+11
0.02813,0.28958,3.8462e+0,2.4120e+11,4.2894e+11
0.03021,0.28958,3.7976e+0,2.4816e+11,4.5105e+11
0.03229,0.28958,3.7395e+0,2.6644e+11,4.1025e+11
0.03438,0.28958,3.6763e+0,2.6444e+11,3.2549e+11
0.03646,0.28958,3.6130e+0,2.9630e+11,2.7714e+11
0.03854,0.28958,3.5538e+0,3.2254e+11,2.6378e+11
0.04063,0.28958,3.5010e+0,3.1087e+11,4.0013e+11
0.04271,0.28958,3.4430e+0,3.2158e+11,3.4984e+11
0.04479,0.28958,3.3835e+0,2.9993e+11,4.3116e+11
0.04688,0.28958,3.3159e+0,2.8469e+11,3.6967e+11
0.04896,0.28958,3.2436e+0,2.6899e+11,3.2298e+11
0.05104,0.28958,3.1690e+0,3.0403e+11,2.9886e+11
0.05312,0.28958,3.0970e+0,3.1003e+11,3.6477e+11
0.05521,0.28958,3.0223e+0,2.8772e+11,2.9175e+11
0.05729,0.28958,2.9488e+0,2.6961e+11,3.7660e+11
0.05937,0.28958,2.8702e+0,3.3406e+11,4.3649e+11
0.06146,0.28958,2.7889e+0,3.2719e+11,4.7750e+11
0.06354,0.28958,2.7023e+0,2.6878e+11,4.5096e+11
0.06563,0.28958,2.6074e+0,2.9810e+11,4.2321e+11
0.06771,0.28958,2.5080e+0,2.6064e+11,4.2192e+11
0.06979,0.28958,2.4006e+0,2.3621e+11,3.1722e+11
0.07187,0.28958,2.2908e+0,2.7014e+11,3.2941e+11
0.07396,0.28958,2.1795e+0,3.0723e+11,3.7903e+11
0.07604,0.28958,2.0652e+0,2.4702e+11,4.0470e+11
0.07813,0.28958,1.9415e+0,2.2630e+11,3.6399e+11
0.08021,0.28958,1.8096e+0,2.1151e+11,3.0816e+11
0.08229,0.28958,1.6726e+0,1.9785e+11,3.3985e+11
0.08438,0.28958,1.5272e+0,1.6309e+11,3.4696e+11
0.08646,0.28958,1.3702e+0,1.5537e+11,3.3895e+11
0.08854,0.28958,1.2017e+0,1.1679e+11,3.1594e+11
0.09062,0.28958,1.0209e+0,3.5233e+10,2.9844e+11
0.09271,0.28958,8.2353e-1,3.0339e+9,2.9320e+11
0.09479,0.28958,6.0830e-1,6.9672e+8,2.7906e+11
0.09688,0.28958,3.7665e-1,3.4047e+8,2.6252e+11
0.09896,0.28958,1.3003e-1,1.5141e+8,2.4118e+11
0.00104,0.29375,4.1044e+0,3.2396e+10,0.0000e+0
0.00313,0.29375,4.1069e+0,4.1620e+10,7.0742e+9
0.00521,0.29375,4.1125e+0,7.9289e+10,6.1227e+10
0.00729,0.29375,4.1216e+0,8.8617e+10,2.9841e+11
0.00937,0.29375,4.1215e+0,5.9933e+10,4.5602e+11
0.01146,0.29375,4.1031e+0,8.5884e+10,2.9370e+11
0.01354,0.29375,4.0805e+0,1.2563e+11,2.0516e+11
0.01563,0.29375,4.0618e+0,1.8876e+11,3.7640e+11
0.01771,0.29375,4.0381e+0,1.9579e+11,4.6500e+11
0.01979,0.29375,3.9999e+0,1.9347e+11,3.1686e+11
0.02187,0.29375,3.9558e+0,1.9884e+11,1.8090e+11
0.02396,0.29375,3.9136e+0,1.8079e+11,1.9328e+11
0.02604,0.29375,3.8705e+0,2.1968e+11,2.1251e+11
0.02813,0.29375,3.8284e+0,2.3627e+11,3.8011e+11
0.03021,0.29375,3.7769e+0,2.4569e+11,3.4898e+11
0.03229,0.29375,3.7190e+0,2.6593e+11,3.1190e+11
0.03438,0.29375,3.6597e+0,2.6251e+11,2.8508e+11
0.03646,0.29375,3.6013e+0,2.9056e+11,3.4757e+11
0.03854,0.29375,3.5421e+0,3.2649e+11,1.9750e+11
0.04063,0.29375,3.4951e+0,3.1197e+11,4.0770e+11
0.04271,0.29375,3.4443e+0,3.2379e+11,5.7399e+11
0.04479,0.29375,3.3812e+0,3.0135e+11,4.2059e+11
0.04688,0.29375,3.3156e+0,2.7838e+11,4.5249e+11
0.04896,0.29375,3.2428e+0,2.6790e+11,3.7720e+11
0.05104,0.29375,3.1670e+0,3.1269e+11,3.4610e+11
0.05312,0.29375,3.0934e+0,3.0538e+11,4.2317e+11
0.05521,0.29375,3.0155e+0,2.7501e+11,3.5316e+11
0.05729,0.29375,2.9355e+0,2.6923e+11,3.7272e+11
0.05937,0.29375,2.8498e+0,3.3111e+11,3.3016e+11
0.06146,0.29375,2.7648e+0,3.1834e+11,3.1468e+11
0.06354,0.29375,2.6798e+0,2.7094e+11,3.6430e+11
0.06563,0.29375,2.5884e+0,2.9118e+11,3.6994e+11
0.06771,0.29375,2.4927e+0,2.5329e+11,4.0557e+11
0.06979,0.29375,2.3879e+0,2.3372e+11,3.2656e+11
0.07187,0.29375,2.2790e+0,2.7188e+11,3.5842e+11
0.07396,0.29375,2.1672e+0,3.0788e+11,4.1586e+11
0.07604,0.29375,2.0509e+0,2.4058e+11,3.4892e+11
0.07813,0.29375,1.9288e+0,2.2163e+11,3.4545e+11
0.08021,0.29375,1.8001e+0,2.2097e+11,3.7002e+11
0.08229,0.29375,1.6641e+0,1.9966e+11,3.5761e+11
0.08438,0.29375,1.5208e+0,1.6585e+11,4.0508e+11
0.08646,0.29375,1.3648e+0,1.4871e+11,3.7985e+11
0.08854,0.29375,1.1970e+0,1.1242e+11,3.5700e+11
0.09062,0.29375,1.0165e+0,3.6142e+10,3.3260e+11
0.09271,0.29375,8.1862e-1,2.7152e+9,2.7977e+11
0.09479,0.29375,6.0395e-1,6.3107e+8,2.5961e+11
0.09688,0.29375,3.7388e-1,3.5577e+8,2.5129e+11
0.09896,0.29375,1.2930e-1,9.9071e+7,2.4928e+11
0.00104,0.29792,4.1060e+0,2.5003e+10,0.0000e+0
0.00313,0.29792,4.1088e+0,4.6757e+10,4.2041e+10
0.00521,0.29792,4.1135e+0,7.1065e+10,1.2572e+11
0.00729,0.29792,4.1174e+0,6.9242e+10,3.0379e+11
0.00937,0.29792,4.1089e+0,5.4885e+10,1.6394e+11
0.01146,0.29792,4.0963e+0,7.9876e+10,2.2224e+11
0.01354,0.29792,4.0774e+0,1.2722e+11,1.9864e+11
0.01563,0.29792,4.0593e+0,1.9473e+11,2.9464e+11
0.01771,0.29792,4.0412e+0,1.9560e+11,5.7596e+11
0.01979,0.29792,4.0050e+0,1.9549e+11,4.3030e+11
0.02187,0.29792,3.9618e+0,1.9858e+11,3.3970e+11
0.02396,0.29792,3.9170e+0,1.8196e+11,3.5169e+11
0.02604,0.29792,3.8666e+0,2.1195e+11,2.6187e+11
0.02813,0.29792,3.8172e+0,2.3133e+11,3.3007e+11
0.03021,0.29792,3.7641e+0,2.4328e+11,3.6772e+11
0.03229,0.29792,3.7050e+0,2.5721e+11,2.8105e+11
0.03438,0.29792,3.6471e+0,2.5408e+11,3.1039e+11
0.03646,0.29792,3.5880e+0,2.8802e+11,2.6364e+11
0.03854,0.29792,3.5336e+0,3.2368e+11,3.0353e+11
0.04063,0.29792,3.4846e+0,3.0160e+11,4.7087e+11
0.04271,0.29792,3.4270e+0,3.2110e+11,4.5808e+11
0.04479,0.29792,3.3639e+0,3.0195e+11,3.6990e+11
0.04688,0.29792,3.3013e+0,2.7926e+11,4.3398e+11
0.04896,0.29792,3.2327e+0,2.6622e+11,4.3431e+11
0.05104,0.29792,3.1577e+0,3.0410e+11,4.0243e+11
0.05312,0.29792,3.0815e+0,3.1281e+11,3.8824e+11
0.05521,0.29792,3.0049e+0,2.7497e+11,3.9671e+11
0.05729,0.29792,2.9245e+0,2.5902e+11,3.9867e+11
0.05937,0.29792,2.8387e+0,3.2814e+11,3.8810e+11
0.06146,0.29792,2.7535e+0,3.2356e+11,4.2201e+11
0.06354,0.29792,2.6654e+0,2.6480e+11,3.5902e+11
0.06563,0.29792,2.5736e+0,2.9055e+11,3.7536e+11
0.06771,0.29792,2.4787e+0,2.5011e+11,4.2391e+11
0.06979,0.29792,2.3748e+0,2.3550e+11,3.8717e+11
0.07187,0.29792,2.2642e+0,2.7339e+11,3.6168e+11
0.07396,0.29792,2.1520e+0,3.0615e+11,3.8948e+11
0.07604,0.29792,2.0389e+0,2.4157e+11,4.3598e+11
0.07813,0.29792,1.9174e+0,2.2331e+11,4.4432e+11
0.08021,0.29792,1.7862e+0,2.2294e+11,3.7730e+11
0.08229,0.29792,1.6494e+0,1.9997e+11,3.7723e+11
0.08438,0.29792,1.5049e+0,1.6657e+11,3.7596e+11
0.08646,0.29792,1.3493e+0,1.3987e+11,3.4674e+11
0.08854,0.29792,1.1829e+0,1.1250e+11,3.2723e+11
0.09062,0.29792,1.0056e+0,3.5618e+10,3.2296e+11
0.09271,0.29792,8.1247e-1,2.5252e+9,3.5521e+11
0.09479,0.29792,5.9935e-1,5.7201e+8,2.8900e+11
0.09688,0.29792,3.7075e-1,2.4735e+8,2.6841e+11
0.09896,0.29792,1.2759e-1,7.0598e+7,2.2593e+11
0.00104,0.30208,4.0925e+0,2.8412e+10,0.0000e+0
0.00313,0.30208,4.0948e+0,4.2913e+10,1.1248e+11
0.00521,0.30208,4.0939e+0,6.4691e+10,1.1222e+11
0.00729,0.30208,4.0911e+0,6.4606e+10,6.6904e+10
0.00937,0.30208,4.0885e+0,5.2068e+10,1.5975e+11
0.01146,0.30208,4.0807e+0,7.6561e+10,3.2439e+11
0.01354,0.30208,4.0605e+0,1.2764e+11,2.9692e+11
0.01563,0.30208,4.0351e+0,2.0122e+11,2.8949e+11
0.01771,0.30208,4.0099e+0,2.0031e+11,3.1358e+11
0.01979,0.30208,3.9808e+0,1.9872e+11,3.3490e+11
0.02187,0.30208,3.9467e+0,1.9899e+11,3.8691e+11
0.02396,0.30208,3.9057e+0,1.8460e+11,3.5463e+11
0.02604,0.30208,3.8593e+0,2.2230e+11,4.2469e+11
0.02813,0.30208,3.8055e+0,2.3294e+11,3.2278e+11
0.03021,0.30208,3.7512e+0,2.4041e+11,3.6144e+11
0.03229,0.30208,3.6939e+0,2.6276e+11,3.6559e+11
0.03438,0.30208,3.6355e+0,2.4504e+11,3.2761e+11
0.03646,0.30208,3.5767e+0,2.7705e+11,3.1141e+11
0.03854,0.30208,3.5209e+0,3.1802e+11,3.7825e+11
0.04063,0.30208,3.4663e+0,3.0232e+11,5.3693e+11
0.04271,0.30208,3.4001e+0,3.1718e+11,3.4840e+11
0.04479,0.30208,3.3352e+0,3.0256e+11,2.8090e+11
0.04688,0.30208,3.2740e+0,2.7084e+11,3.6380e+11
0.04896,0.30208,3.2077e+0,2.6300e+11,3.8903e+11
0.05104,0.30208,3.1341e+0,2.9459e+11,3.3665e+11
0.05312,0.30208,3.0600e+0,3.0775e+11,3.9468e+11
0.05521,0.30208,2.9833e+0,2.6547e+11,3.6562e+11
0.05729,0.30208,2.9027e+0,2.5936e+11,3.5547e+11
0.05937,0.30208,2.8185e+0,3.2511e+11,3.6883e+11
0.06146,0.30208,2.7348e+0,3.1594e+11,4.1493e+11
0.06354,0.30208,2.6483e+0,2.6006e+11,4.0684e+11
0.06563,0.30208,2.5560e+0,2.8636e+11,4.2945e+11
0.06771,0.30208,2.4583e+0,2.4984e+11,4.0805e+11
0.06979,0.30208,2.3537e+0,2.2505e+11,3.9313e+11
0.07187,0.30208,2.2412e+0,2.6515e+11,3.4174e+11
0.07396,0.30208,2.1269e+0,2.9772e+11,3.5764e+11
0.07604,0.30208,2.0118e+0,2.4466e+11,3.9167e+11
0.07813,0.30208,1.8891e+0,2.2371e+11,3.4758e+11
0.08021,0.30208,1.7599e+0,2.0775e+11,3.2676e+11
0.08229,0.30208,1.6244e+0,1.9980e+11,3.2551e+11
0.08438,0.30208,1.4823e+0,1.6690e+11,3.7041e+11
0.08646,0.30208,1.3276e+0,1.3770e+11,3.2054e+11
0.08854,0.30208,1.1615e+0,1.1059e+11,2.8611e+11
0.09062,0.30208,9.8436e-1,3.6828e+10,2.3845e+11
0.09271,0.30208,7.9382e-1,2.1120e+9,2.6561e+11
0.09479,0.30208,5.8554e-1,5.4006e+8,2.4420e+11
0.09688,0.30208,3.6189e-1,2.1439e+8,2.3831e+11
0.09896,0.30208,1.2397e-1,4.4994e+7,1.8932e+11
0.00104,0.30625,4.0697e+0,2.4339e+10,0.0000e+0
0.00313,0.30625,4.0698e+0,5.0521e+10,8.3500e+9
0.00521,0.30625,4.0701e+0,6.3530e+10,7.0145e+10
0.00729,0.30625,4.0664e+0,5.6568e+10,9.3882e+10
0.00937,0.30625,4.0597e+0,5.3829e+10,1.5515e+11
0.01146,0.30625,4.0465e+0,8.1661e+10,1.9517e+11
0.01354,0.30625,4.0258e+0,1.2684e+11,2.7673e+11
0.01563,0.30625,3.9958e+0,2.0672e+11,1.4709e+11
0.01771,0.30625,3.9716e+0,2.0736e+11,2.2001e+11
0.01979,0.30625,3.9466e+0,2.0375e+11,2.9999e+11
0.02187,0.30625,3.9149e+0,1.9289e+11,2.9283e+11
0.02396,0.30625,3.8778e+0,1.8289e+11,3.3064e+11
0.02604,0.30625,3.8341e+0,2.2628e+11,3.9571e+11
0.02813,0.30625,3.7833e+0,2.3511e+11,3.8863e+11
0.03021,0.30625,3.7277e+0,2.4243e+11,3.6674e+11
0.03229,0.30625,3.6698e+0,2.5688e+11,3.2300e+11
0.03438,0.30625,3.6133e+0,2.4868e+11,3.3857e+11
0.03646,0.30625,3.5565e+0,2.6650e+11,4.1164e+11
0.03854,0.30625,3.4958e+0,3.1107e+11,4.0018e+11
0.04063,0.30625,3.4333e+0,3.0444e+11,3.3527e+11
0.04271,0.30625,3.3706e+0,3.1711e+11,3.0904e+11
0.04479,0.30625,3.3106e+0,2.9034e+11,3.4819e+11
0.04688,0.30625,3.2494e+0,2.6233e+11,3.6244e+11
0.04896,0.30625,3.1843e+0,2.5391e+11,4.1501e+11
0.05104,0.30625,3.1112e+0,2.8764e+11,4.0103e+11
0.05312,0.30625,3.0335e+0,3.0815e+11,3.3393e+11
0.05521,0.30625,2.9572e+0,2.7022e+11,3.5270e+11
0.05729,0.30625,2.8776e+0,2.5371e+11,3.3802e+11
0.05937,0.30625,2.7942e+0,3.1941e+11,3.9848e+11
0.06146,0.30625,2.7077e+0,3.0926e+11,3.6915e+11
0.06354,0.30625,2.6196e+0,2.4669e+11,3.4045e+11
0.06563,0.30625,2.5272e+0,2.7921e+11,4.0325e+11
0.06771,0.30625,2.4283e+0,2.4554e+11,3.2851e+11
0.06979,0.30625,2.3249e+0,2.1917e+11,3.3827e+11
0.07187,0.30625,2.2140e+0,2.4791e+11,3.2518e+11
0.07396,0.30625,2.0988e+0,2.8901e+11,3.1613e+11
0.07604,0.30625,1.9824e+0,2.4280e+11,3.0002e+11
0.07813,0.30625,1.8616e+0,2.1977e+11,2.9678e+11
0.08021,0.30625,1.7348e+0,1.9095e+11,2.9152e+11
0.08229,0.30625,1.6005e+0,1.9439e+11,2.6832e+11
0.08438,0.30625,1.4606e+0,1.6492e+11,3.2870e+11
0.08646,0.30625,1.3091e+0,1.3335e+11,3.1040e+11
0.08854,0.30625,1.1457e+0,1.0838e+11,2.9246e+11
0.09062,0.30625,9.7023e-1,3.8033e+10,2.4094e+11
0.09271,0.30625,7.8125e-1,2.1792e+9,2.5058e+11
0.09479,0.30625,5.7566e-1,5.8215e+8,2.3370e+11
0.09688,0.30625,3.5514e-1,2.2252e+8,2.1520e+11
0.09896,0.30625,1.2148e-1,2.6819e+7,1.7306e+11
0.00104,0.31042,4.0535e+0,2.4970e+10,0.0000e+0
0.00313,0.31042,4.0570e+0,4.3767e+10,5.0660e+10
0.00521,0.31042,4.0628e+0,4.7735e+10,4.3403e+11
0.00729,0.31042,4.0476e+0,4.5189e+10,1.3562e+11
0.00937,0.31042,4.0341e+0,5.1109e+10,1.6053e+11
0.01146,0.31042,4.0194e+0,8.3087e+10,2.9647e+11
0.01354,0.31042,3.9965e+0,1.2001e+11,3.2390e+11
0.01563,0.31042,3.9660e+0,1.8015e+11,1.4330e+11
0.01771,0.31042,3.9447e+0,1.8535e+11,2.9172e+11
0.01979,0.31042,3.9206e+0,1.9745e+11,3.9922e+11
0.02187,0.31042,3.8865e+0,1.9377e+11,3.7760e+11
0.02396,0.31042,3.8440e+0,1.7919e+11,2.5840e+11
0.02604,0.31042,3.7997e+0,2.1803e+11,3.8425e+11
0.02813,0.31042,3.7471e+0,2.3262e+11,3.4543e+11
0.03021,0.31042,3.6905e+0,2.4297e+11,2.9580e+11
0.03229,0.31042,3.6341e+0,2.5493e+11,3.0821e+11
0.03438,0.31042,3.5777e+0,2.4161e+11,3.0096e+11
0.03646,0.31042,3.5200e+0,2.6366e+11,2.8405e+11
0.03854,0.31042,3.4633e+0,3.0688e+11,3.6155e+11
0.04063,0.31042,3.4042e+0,3.0538e+11,3.2839e+11
0.04271,0.31042,3.3453e+0,3.0769e+11,3.8164e+11
0.04479,0.31042,3.2832e+0,2.7932e+11,3.0438e+11
0.04688,0.31042,3.2202e+0,2.5630e+11,2.8911e+11
0.04896,0.31042,3.1546e+0,2.4803e+11,3.1542e+11
0.05104,0.31042,3.0828e+0,2.9141e+11,3.4694e+11
0.05312,0.31042,3.0057e+0,2.9942e+11,2.6899e+11
0.05521,0.31042,2.9300e+0,2.7959e+11,2.8698e+11
0.05729,0.31042,2.8533e+0,2.5610e+11,3.6929e+11
0.05937,0.31042,2.7695e+0,3.0997e+11,4.1782e+11
0.06146,0.31042,2.6801e+0,3.1024e+11,3.4685e+11
0.06354,0.31042,2.5905e+0,2.4430e+11,3.1675e+11
0.06563,0.31042,2.4976e+0,2.7862e+11,3.2977e+11
0.06771,0.31042,2.4027e+0,2.4919e+11,3.6748e+11
0.06979,0.31042,2.3013e+0,2.1907e+11,3.4638e+11
0.07187,0.31042,2.1930e+0,2.4776e+11,3.5539e+11
0.07396,0.31042,2.0798e+0,2.9122e+11,3.5317e+11
0.07604,0.31042,1.9658e+0,2.3847e+11,3.4261e+11
0.07813,0.31042,1.8471e+0,2.1352e+11,3.5010e+11
0.08021,0.31042,1.7215e+0,1.9160e+11,3.1457e+11
0.08229,0.31042,1.5896e+0,1.9098e+11,3.5150e+11
0.08438,0.31042,1.4487e+0,1.6054e+11,3.3354e+11
0.08646,0.31042,1.2974e+0,1.3209e+11,2.8454e+11
0.08854,0.31042,1.1366e+0,1.0803e+11,3.1133e+11
0.09062,0.31042,9.6306e-1,3.6982e+10,2.6895e+11
0.09271,0.31042,7.7477e-1,2.2809e+9,2.4509e+11
0.09479,0.31042,5.7104e-1,5.7563e+8,2.3537e+11
0.09688,0.31042,3.5298e-1,1.8133e+8,2.2984e+11
0.09896,0.31042,1.2183e-1,2.4363e+7,2.2818e+11
0.00104,0.31458,4.0174e+0,1.7573e+10,0.0000e+0
0.00313,0.31458,4.0205e+0,4.4291e+10,5.1713e+10
0.00521,0.31458,4.0256e+0,5.0157e+10,4.1237e+11
0.00729,0.31458,4.0101e+0,5.2010e+10,1.6715e+11
0.00937,0.31458,3.9915e+0,5.3103e+10,8.2095e+10
0.01146,0.31458,3.9719e+0,8.7736e+10,1.1314e+11
0.01354,0.31458,3.9497e+0,1.1881e+11,1.6985e+11
0.01563,0.31458,3.9247e+0,1.4583e+11,1.0480e+11
0.01771,0.31458,3.9065e+0,1.6768e+11,3.0624e+11
0.01979,0.31458,3.8834e+0,1.9424e+11,4.5158e+11
0.02187,0.31458,3.8481e+0,1.9618e+11,3.3512e+11
0.02396,0.31458,3.8082e+0,1.6832e+11,3.0760e+11
0.02604,0.31458,3.7611e+0,2.1361e+11,3.2676e+11
0.02813,0.31458,3.7079e+0,2.2176e+11,2.9953e+11
0.03021,0.31458,3.6518e+0,2.2805e+11,2.6236e+11
0.03229,0.31458,3.5959e+0,2.4850e+11,2.4384e+11
0.03438,0.31458,3.5421e+0,2.3550e+11,2.7336e+11
0.03646,0.31458,3.4868e+0,2.5985e+11,2.3104e+11
0.03854,0.31458,3.4351e+0,2.8906e+11,3.7202e+11
0.04063,0.31458,3.3795e+0,2.9771e+11,3.7134e+11
0.04271,0.31458,3.3212e+0,3.0485e+11,3.3588e+11
0.04479,0.31458,3.2634e+0,2.7947e+11,3.5781e+11
0.04688,0.31458,3.2028e+0,2.5632e+11,3.2763e+11
0.04896,0.31458,3.1397e+0,2.4103e+11,3.5956e+11
0.05104,0.31458,3.0705e+0,2.8266e+11,4.2576e+11
0.05312,0.31458,2.9939e+0,2.9527e+11,3.6377e+11
0.05521,0.31458,2.9158e+0,2.6096e+11,3.4750e+11
0.05729,0.31458,2.8339e+0,2.4443e+11,3.6864e+11
0.05937,0.31458,2.7448e+0,2.8476e+11,3.1364e+11
0.06146,0.31458,2.6541e+0,3.0761e+11,2.9780e+11
0.06354,0.31458,2.5641e+0,2.4827e+11,2.7583e+11
0.06563,0.31458,2.4719e+0,2.7468e+11,3.1280e+11
0.06771,0.31458,2.3779e+0,2.4682e+11,3.5435e+11
0.06979,0.31458,2.2779e+0,2.2055e+11,3.5366e+11
0.07187,0.31458,2.1702e+0,2.4389e+11,3.4289e+11
0.07396,0.31458,2.0579e+0,2.8290e+11,2.9413e+11
0.07604,0.31458,1.9474e+0,2.3229e+11,3.5249e+11
0.07813,0.31458,1.8309e+0,2.0932e+11,3.3286e+11
0.08021,0.31458,1.7081e+0,1.9211e+11,3.3412e+11
0.08229,0.31458,1.5779e+0,1.9055e+11,3.5395e+11
0.08438,0.31458,1.4389e+0,1.5744e+11,3.2748e+11
0.08646,0.31458,1.2904e+0,1.3193e+11,3.3252e+11
0.08854,0.31458,1.1304e+0,1.0334e+11,3.0405e+11
0.09062,0.31458,9.5872e-1,3.6885e+10,2.9168e+11
0.09271,0.31458,7.7138e-1,2.3102e+9,2.5350e+11
0.09479,0.31458,5.6848e-1,6.9445e+8,2.4966e+11
0.09688,0.31458,3.5039e-1,2.0737e+8,2.0283e+11
0.09896,0.31458,1.2057e-1,2.4914e+7,2.0256e+11
0.00104,0.31875,3.9617e+0,8.6987e+9,0.0000e+0
0.00313,0.31875,3.9627e+0,3.6119e+10,1.2361e+7
0.00521,0.31875,3.9657e+0,5.5516e+10,5.1162e+10
0.00729,0.31875,3.9679e+0,5.9116e+10,2.2720e+11
0.00937,0.31875,3.9604e+0,5.5105e+10,2.6910e+11
0.01146,0.31875,3.9427e+0,8.3662e+10,3.5708e+11
0.01354,0.31875,3.9120e+0,1.1737e+11,1.9041e+11
0.01563,0.31875,3.8807e+0,1.4273e+11,1.1370e+11
0.01771,0.31875,3.8545e+0,1.5830e+11,1.9196e+11
0.01979,0.31875,3.8263e+0,1.9366e+11,1.9327e+11
0.02187,0.31875,3.7987e+0,1.9282e+11,2.0715e+11
0.02396,0.31875,3.7725e+0,1.7258e+11,4.9493e+11
0.02604,0.31875,3.7279e+0,2.1068e+11,4.3813e+11
0.02813,0.31875,3.6720e+0,2.1847e+11,2.8198e+11
0.03021,0.31875,3.6168e+0,2.2110e+11,2.4640e+11
0.03229,0.31875,3.5649e+0,2.3589e+11,2.9228e+11
0.03438,0.31875,3.5136e+0,2.3023e+11,3.1349e+11
0.03646,0.31875,3.4604e+0,2.6761e+11,3.1682e+11
0.03854,0.31875,3.4083e+0,2.7937e+11,3.6744e+11
0.04063,0.31875,3.3542e+0,2.9494e+11,4.1763e+11
0.04271,0.31875,3.2964e+0,3.0202e+11,3.4657e+11
0.04479,0.31875,3.2409e+0,2.7872e+11,3.7848e+11
0.04688,0.31875,3.1842e+0,2.5358e+11,4.0307e+11
0.04896,0.31875,3.1237e+0,2.4030e+11,4.7095e+11
0.05104,0.31875,3.0543e+0,2.7430e+11,4.6435e+11
0.05312,0.31875,2.9792e+0,2.8481e+11,4.3664e+11
0.05521,0.31875,2.9015e+0,2.4972e+11,4.5787e+11
0.05729,0.31875,2.8165e+0,2.4618e+11,3.5548e+11
0.05937,0.31875,2.7298e+0,2.7803e+11,3.8230e+11
0.06146,0.31875,2.6411e+0,2.9472e+11,4.0597e+11
0.06354,0.31875,2.5497e+0,2.4478e+11,3.6976e+11
0.06563,0.31875,2.4530e+0,2.6883e+11,3.0944e+11
0.06771,0.31875,2.3557e+0,2.4654e+11,3.0177e+11
0.06979,0.31875,2.2552e+0,2.2031e+11,3.1269e+11
0.07187,0.31875,2.1482e+0,2.3999e+11,3.0458e+11
0.07396,0.31875,2.0373e+0,2.6326e+11,2.6721e+11
0.07604,0.31875,1.9279e+0,2.2136e+11,3.1717e+11
0.07813,0.31875,1.8135e+0,2.0724e+11,3.3231e+11
0.08021,0.31875,1.6929e+0,1.9111e+11,3.5682e+11
0.08229,0.31875,1.5638e+0,1.8805e+11,3.3394e+11
0.08438,0.31875,1.4278e+0,1.5411e+11,3.4561e+11
0.08646,0.31875,1.2814e+0,1.3134e+11,3.3735e+11
0.08854,0.31875,1.1233e+0,1.0510e+11,3.0562e+11
0.09062,0.31875,9.5354e-1,3.5479e+10,2.8111e+11
0.09271,0.31875,7.6889e-1,2.3130e+9,2.8560e+11
0.09479,0.31875,5.6695e-1,6.4551e+8,2.5267e+11
0.09688,0.31875,3.5032e-1,1.9677e+8,2.2830e+11
0.09896,0.31875,1.2076e-1,2.4683e+7,2.1556e+11
0.00104,0.32292,3.9014e+0,7.0044e+9,0.0000e+0
0.00313,0.32292,3.9025e+0,3.1729e+10,0.0000e+0
0.00521,0.32292,3.9063e+0,5.6879e+10,0.0000e+0
0.00729,0.32292,3.9149e+0,4.9860e+10,2.2551e+11
0.00937,0.32292,3.9143e+0,5.5645e+10,3.9675e+11
0.01146,0.32292,3.8969e+0,9.6130e+10,3.4151e+11
0.01354,0.32292,3.8728e+0,1.3293e+11,4.0627e+11
0.01563,0.32292,3.8411e+0,1.4837e+11,2.4266e+11
0.01771,0.32292,3.8128e+0,1.5083e+11,3.6407e+11
0.01979,0.32292,3.7785e+0,1.9080e+11,2.2774e+11
0.02187,0.32292,3.7495e+0,1.8260e+11,2.5436e+11
0.02396,0.32292,3.7212e+0,1.6335e+11,3.4217e+11
0.02604,0.32292,3.6842e+0,2.1274e+11,5.0161e+11
0.02813,0.32292,3.6305e+0,2.2628e+11,2.8895e+11
0.03021,0.32292,3.5750e+0,2.2439e+11,1.4947e+11
0.03229,0.32292,3.5270e+0,2.3970e+11,2.7359e+11
0.03438,0.32292,3.4795e+0,2.2186e+11,3.5591e+11
0.03646,0.32292,3.4262e+0,2.6738e+11,3.2156e+11
0.03854,0.32292,3.3734e+0,2.8137e+11,4.0159e+11
0.04063,0.32292,3.3168e+0,2.8477e+11,3.6946e+11
0.04271,0.32292,3.2593e+0,2.9100e+11,3.5228e+11
0.04479,0.32292,3.2025e+0,2.6700e+11,3.6017e+11
0.04688,0.32292,3.1442e+0,2.5062e+11,3.7514e+11
0.04896,0.32292,3.0816e+0,2.3956e+11,3.8731e+11
0.05104,0.32292,3.0126e+0,2.5654e+11,3.7465e+11
0.05312,0.32292,2.9395e+0,2.8143e+11,3.8681e+11
0.05521,0.32292,2.8635e+0,2.4160e+11,3.5794e+11
0.05729,0.32292,2.7839e+0,2.4491e+11,3.4942e+11
0.05937,0.32292,2.7023e+0,2.7053e+11,4.1456e+11
0.06146,0.32292,2.6166e+0,2.8475e+11,4.0085e+11
0.06354,0.32292,2.5293e+0,2.4528e+11,4.2674e+11
0.06563,0.32292,2.4358e+0,2.6538e+11,3.8408e+11
0.06771,0.32292,2.3413e+0,2.4739e+11,4.2214e+11
0.06979,0.32292,2.2419e+0,2.1339e+11,4.2593e+11
0.07187,0.32292,2.1342e+0,2.2864e+11,3.8097e+11
0.07396,0.32292,2.0221e+0,2.6244e+11,3.4015e+11
0.07604,0.32292,1.9102e+0,2.2084e+11,3.2551e+11
0.07813,0.32292,1.7944e+0,1.9907e+11,3.1080e+11
0.08021,0.32292,1.6729e+0,1.8523e+11,2.9825e+11
0.08229,0.32292,1.5447e+0,1.8442e+11,2.7905e+11
0.08438,0.32292,1.4119e+0,1.5369e+11,3.2715e+11
0.08646,0.32292,1.2693e+0,1.3008e+11,3.4922e+11
0.08854,0.32292,1.1149e+0,1.0351e+11,3.5050e+11
0.09062,0.32292,9.4727e-1,3.3243e+10,3.1673e+11
0.09271,0.32292,7.6391e-1,2.0106e+9,3.0116e+11
0.09479,0.32292,5.6346e-1,5.6686e+8,2.5308e+11
0.09688,0.32292,3.4946e-1,2.1697e+8,2.6642e+11
0.09896,0.32292,1.2089e-1,2.9426e+7,2.3956e+11
0.00104,0.32708,3.8345e+0,7.0611e+9,0.0000e+0
0.00313,0.32708,3.8346e+0,3.1723e+10,0.0000e+0
0.00521,0.32708,3.8359e+0,4.7815e+10,0.0000e+0
0.00729,0.32708,3.8387e+0,4.2216e+10,8.5990e+10
0.00937,0.32708,3.8367e+0,6.0486e+10,3.5313e+11
0.01146,0.32708,3.8154e+0,9.8476e+10,1.1027e+11
0.01354,0.32708,3.7959e+0,1.3808e+11,2.1204e+11
0.01563,0.32708,3.7738e+0,1.5752e+11,3.3200e+11
0.01771,0.32708,3.7429e+0,1.5528e+11,2.1916e+11
0.01979,0.32708,3.7111e+0,1.7960e+11,1.5227e+11
0.02187,0.32708,3.6858e+0,1.7463e+11,2.5734e+11
0.02396,0.32708,3.6599e+0,1.6237e+11,2.7637e+11
0.02604,0.32708,3.6314e+0,2.0256e+11,4.5099e+11
0.02813,0.32708,3.5924e+0,2.2656e+11,5.2889e+11
0.03021,0.32708,3.5414e+0,2.1890e+11,3.8318e+11
0.03229,0.32708,3.4881e+0,2.4116e+11,2.8353e+11
0.03438,0.32708,3.4392e+0,2.2179e+11,3.8965e+11
0.03646,0.32708,3.3850e+0,2.5453e+11,3.9214e+11
0.03854,0.32708,3.3277e+0,2.7780e+11,3.9514e+11
0.04063,0.32708,3.2682e+0,2.6906e+11,3.1097e+11
0.04271,0.32708,3.2110e+0,2.7406e+11,3.6405e+11
0.04479,0.32708,3.1519e+0,2.4427e+11,2.9217e+11
0.04688,0.32708,3.0926e+0,2.4437e+11,3.1887e+11
0.04896,0.32708,3.0304e+0,2.4302e+11,3.6840e+11
0.05104,0.32708,2.9617e+0,2.5181e+11,3.3493e+11
0.05312,0.32708,2.8900e+0,2.6183e+11,3.5178e+11
0.05521,0.32708,2.8151e+0,2.3996e+11,3.3033e+11
0.05729,0.32708,2.7384e+0,2.3931e+11,3.8114e+11
0.05937,0.32708,2.6578e+0,2.5831e+11,4.1661e+11
0.06146,0.32708,2.5731e+0,2.7983e+11,3.7040e+11
0.06354,0.32708,2.4891e+0,2.4137e+11,4.3564e+11
0.06563,0.32708,2.3971e+0,2.6261e+11,3.7427e+11
0.06771,0.32708,2.3035e+0,2.3769e+11,3.5814e+11
0.06979,0.32708,2.2071e+0,2.0607e+11,3.8940e+11
0.07187,0.32708,2.1030e+0,2.2304e+11,3.6292e+11
0.07396,0.32708,1.9946e+0,2.4968e+11,3.1712e+11
0.07604,0.32708,1.8873e+0,2.1382e+11,3.4990e+11
0.07813,0.32708,1.7758e+0,2.0173e+11,3.9175e+11
0.08021,0.32708,1.6566e+0,1.8199e+11,3.9285e+11
0.08229,0.32708,1.5281e+0,1.8026e+11,3.3597e+11
0.08438,0.32708,1.3939e+0,1.5578e+11,3.5411e+11
0.08646,0.32708,1.2504e+0,1.2600e+11,3.2963e+11
0.08854,0.32708,1.0967e+0,1.0021e+11,3.2427e+11
0.09062,0.32708,9.3106e-1,3.3139e+10,2.9511e+11
0.09271,0.32708,7.5057e-1,1.8701e+9,2.9441e+11
0.09479,0.32708,5.5308e-1,5.7773e+8,2.3859e+11
0.09688,0.32708,3.4231e-1,2.8145e+8,2.3306e+11
0.09896,0.32708,1.1836e-1,3.2346e+7,2.2803e+11
0.00104,0.33125,3.7687e+0,7.7352e+9,0.0000e+0
0.00313,0.33125,3.7701e+0,3.5418e+10,5.3861e+10
0.00521,0.33125,3.7713e+0,4.7302e+10,1.2846e+11
0.00729,0.33125,3.7676e+0,4.2179e+10,1.7871e+11
0.00937,0.33125,3.7546e+0,6.1981e+10,1.2225e+11
0.01146,0.33125,3.7373e+0,8.8878e+10,1.4120e+11
0.01354,0.33125,3.7194e+0,1.3128e+11,1.9769e+11
0.01563,0.33125,3.7013e+0,1.6122e+11,4.1100e+11
0.01771,0.33125,3.6710e+0,1.5441e+11,2.7809e+11
0.01979,0.33125,3.6380e+0,1.6498e+11,1.8103e+11
0.02187,0.33125,3.6086e+0,1.8223e+11,1.6629e+11
0.02396,0.33125,3.5829e+0,1.6926e+11,2.3760e+11
0.02604,0.33125,3.5534e+0,2.0806e+11,2.7181e+11
0.02813,0.33125,3.5206e+0,2.1562e+11,3.8946e+11
0.03021,0.33125,3.4792e+0,2.1048e+11,3.8982e+11
0.03229,0.33125,3.4321e+0,2.3135e+11,3.9927e+11
0.03438,0.33125,3.3795e+0,2.2617e+11,3.0435e+11
0.03646,0.33125,3.3260e+0,2.4769e+11,3.8729e+11
0.03854,0.33125,3.2668e+0,2.6491e+11,3.0707e+11
0.04063,0.33125,3.2088e+0,2.5430e+11,2.8907e+11
0.04271,0.33125,3.1536e+0,2.6349e+11,3.6210e+11
0.04479,0.33125,3.0978e+0,2.3005e+11,3.6302e+11
0.04688,0.33125,3.0402e+0,2.2615e+11,4.2575e+11
0.04896,0.33125,2.9767e+0,2.3321e+11,4.1752e+11
0.05104,0.33125,2.9081e+0,2.4089e+11,3.9103e+11
0.05312,0.33125,2.8365e+0,2.5369e+11,4.5994e+11
0.05521,0.33125,2.7570e+0,2.3945e+11,3.5337e+11
0.05729,0.33125,2.6748e+0,2.4077e+11,2.9248e+11
0.05937,0.33125,2.5920e+0,2.5841e+11,2.6937e+11
0.06146,0.33125,2.5100e+0,2.6402e+11,2.4738e+11
0.06354,0.33125,2.4310e+0,2.2454e+11,3.8933e+11
0.06563,0.33125,2.3419e+0,2.5877e+11,3.1566e+11
0.06771,0.33125,2.2505e+0,2.1801e+11,2.6031e+11
0.06979,0.33125,2.1573e+0,1.9498e+11,2.9076e+11
0.07187,0.33125,2.0579e+0,2.1128e+11,3.0387e+11
0.07396,0.33125,1.9533e+0,2.4195e+11,2.5976e+11
0.07604,0.33125,1.8501e+0,2.0782e+11,3.3317e+11
0.07813,0.33125,1.7412e+0,1.9431e+11,3.5584e+11
0.08021,0.33125,1.6242e+0,1.7455e+11,3.4828e+11
0.08229,0.33125,1.4982e+0,1.7204e+11,3.1392e+11
0.08438,0.33125,1.3651e+0,1.4918e+11,3.1943e+11
0.08646,0.33125,1.2223e+0,1.2656e+11,2.6584e+11
0.08854,0.33125,1.0708e+0,9.9511e+10,2.6183e+11
0.09062,0.33125,9.0794e-1,3.2514e+10,2.4314e+11
0.09271,0.33125,7.3034e-1,1.7585e+9,2.0597e+11
0.09479,0.33125,5.3895e-1,5.4783e+8,2.2319e+11
0.09688,0.33125,3.3346e-1,2.6925e+8,2.2014e+11
0.09896,0.33125,1.1467e-1,2.9740e+7,1.8625e+11
0.00104,0.33542,3.6940e+0,9.4352e+9,0.0000e+0
0.00313,0.33542,3.6975e+0,3.9787e+10,7.1590e+10
0.00521,0.33542,3.7028e+0,5.0970e+10,2.5138e+11
0.00729,0.33542,3.7003e+0,4.4196e+10,3.3939e+11
0.00937,0.33542,3.6838e+0,6.8527e+10,2.6282e+11
0.01146,0.33542,3.6586e+0,7.6340e+10,1.3647e+11
0.01354,0.33542,3.6339e+0,1.2106e+11,1.4486e+11
0.01563,0.33542,3.6117e+0,1.5198e+11,2.5164e+11
0.01771,0.33542,3.5858e+0,1.5518e+11,2.2001e+11
0.01979,0.33542,3.5589e+0,1.5178e+11,1.9797e+11
0.02187,0.33542,3.5322e+0,1.6796e+11,1.6537e+11
0.02396,0.33542,3.5091e+0,1.7358e+11,3.4694e+11
0.02604,0.33542,3.4780e+0,1.9849e+11,3.8215e+11
0.02813,0.33542,3.4402e+0,2.1631e+11,4.0753e+11
0.03021,0.33542,3.3952e+0,2.1362e+11,1.9381e+11
0.03229,0.33542,3.3585e+0,2.2597e+11,4.8166e+11
0.03438,0.33542,3.3118e+0,2.2200e+11,4.2519e+11
0.03646,0.33542,3.2588e+0,2.3999e+11,4.1368e+11
0.03854,0.33542,3.2003e+0,2.6010e+11,3.7681e+11
0.04063,0.33542,3.1389e+0,2.5503e+11,2.8793e+11
0.04271,0.33542,3.0786e+0,2.5556e+11,2.6182e+11
0.04479,0.33542,3.0197e+0,2.1684e+11,2.4713e+11
0.04688,0.33542,2.9596e+0,2.2028e+11,2.6242e+11
0.04896,0.33542,2.8968e+0,2.1493e+11,2.5999e+11
0.05104,0.33542,2.8311e+0,2.2808e+11,3.0423e+11
0.05312,0.33542,2.7609e+0,2.5372e+11,3.2958e+11
0.05521,0.33542,2.6866e+0,2.2916e+11,2.9204e+11
0.05729,0.33542,2.6095e+0,2.3257e+11,2.6651e+11
0.05937,0.33542,2.5312e+0,2.5273e+11,2.9145e+11
0.06146,0.33542,2.4507e+0,2.5403e+11,2.2234e+11
0.06354,0.33542,2.3728e+0,2.1158e+11,3.0579e+11
0.06563,0.33542,2.2890e+0,2.4733e+11,3.0608e+11
0.06771,0.33542,2.2033e+0,1.9799e+11,3.0094e+11
0.06979,0.33542,2.1137e+0,1.8185e+11,3.5565e+11
0.07187,0.33542,2.0158e+0,2.0234e+11,3.3419e+11
0.07396,0.33542,1.9128e+0,2.3422e+11,3.1674e+11
0.07604,0.33542,1.8084e+0,2.0182e+11,3.0973e+11
0.07813,0.33542,1.6997e+0,1.9043e+11,2.9975e+11
0.08021,0.33542,1.5860e+0,1.7310e+11,3.1383e+11
0.08229,0.33542,1.4649e+0,1.6701e+11,3.2291e+11
0.08438,0.33542,1.3355e+0,1.4632e+11,2.7436e+11
0.08646,0.33542,1.1997e+0,1.1900e+11,3.1030e+11
0.08854,0.33542,1.0538e+0,9.9098e+10,3.5705e+11
0.09062,0.33542,8.9337e-1,3.1816e+10,2.9846e+11
0.09271,0.33542,7.1773e-1,1.7486e+9,2.4437e+11
0.09479,0.33542,5.2870e-1,4.9941e+8,2.3250e+11
0.09688,0.33542,3.2698e-1,2.1656e+8,2.1618e+11
0.09896,0.33542,1.1356e-1,2.6338e+7,2.4276e+11
0.00104,0.33958,3.5941e+0,8.8427e+9,0.0000e+0
0.00313,0.33958,3.5959e+0,3.7042e+10,7.1844e+7
0.00521,0.33958,3.6003e+0,4.4688e+10,4.4550e+7
0.00729,0.33958,3.6071e+0,4.8928e+10,1.9163e+11
0.00937,0.33958,3.6055e+0,8.6772e+10,5.2798e+11
0.01146,0.33958,3.5770e+0,6.7079e+10,1.9065e+11
0.01354,0.33958,3.5454e+0,1.1051e+11,1.2648e+11
0.01563,0.33958,3.5183e+0,1.3791e+11,1.2547e+11
0.01771,0.33958,3.4967e+0,1.3929e+11,2.0108e+11
0.01979,0.33958,3.4758e+0,1.4915e+11,2.7010e+11
0.02187,0.33958,3.4518e+0,1.5719e+11,3.3452e+11
0.02396,0.33958,3.4219e+0,1.5567e+11,3.7290e+11
0.02604,0.33958,3.3829e+0,1.8288e+11,3.0164e+11
0.02813,0.33958,3.3409e+0,2.0446e+11,3.0444e+11
0.03021,0.33958,3.2953e+0,2.1003e+11,1.7948e+11
0.03229,0.33958,3.2556e+0,2.2432e+11,2.3777e+11
0.03438,0.33958,3.2174e+0,2.1990e+11,3.8438e+11
0.03646,0.33958,3.1716e+0,2.2691e+11,3.7300e+11
0.03854,0.33958,3.1216e+0,2.5319e+11,4.2682e+11
0.04063,0.33958,3.0673e+0,2.4778e+11,4.5103e+11
0.04271,0.33958,3.0072e+0,2.5234e+11,3.4470e+11
0.04479,0.33958,2.9481e+0,2.0800e+11,3.1819e+11
0.04688,0.33958,2.8872e+0,2.0579e+11,2.8897e+11
0.04896,0.33958,2.8255e+0,2.0599e+11,3.3488e+11
0.05104,0.33958,2.7594e+0,2.2787e+11,3.4335e+11
0.05312,0.33958,2.6893e+0,2.4937e+11,3.1353e+11
0.05521,0.33958,2.6193e+0,2.2384e+11,2.9601e+11
0.05729,0.33958,2.5491e+0,2.2440e+11,3.2836e+11
0.05937,0.33958,2.4785e+0,2.3884e+11,4.3497e+11
0.06146,0.33958,2.4016e+0,2.4052e+11,4.1695e+11
0.06354,0.33958,2.3196e+0,2.1005e+11,3.1796e+11
0.06563,0.33958,2.2358e+0,2.3231e+11,3.2710e+11
0.06771,0.33958,2.1499e+0,1.9023e+11,2.9721e+11
0.06979,0.33958,2.0598e+0,1.7860e+11,2.8561e+11
0.07187,0.33958,1.9645e+0,1.9507e+11,3.0112e+11
0.07396,0.33958,1.8640e+0,2.3014e+11,2.9216e+11
0.07604,0.33958,1.7616e+0,1.9496e+11,2.7664e+11
0.07813,0.33958,1.6555e+0,1.8162e+11,2.7242e+11
0.08021,0.33958,1.5455e+0,1.7137e+11,3.0118e+11
0.08229,0.33958,1.4288e+0,1.6270e+11,3.1883e+11
0.08438,0.33958,1.3042e+0,1.3558e+11,3.0485e+11
0.08646,0.33958,1.1714e+0,1.2127e+11,3.3562e+11
0.08854,0.33958,1.0278e+0,9.7441e+10,3.3235e+11
0.09062,0.33958,8.7146e-1,3.0739e+10,3.0491e+11
0.09271,0.33958,6.9885e-1,1.9116e+9,2.2284e+11
0.09479,0.33958,5.1350e-1,4.9764e+8,1.9175e+11
0.09688,0.33958,3.1734e-1,2.3835e+8,2.0487e+11
0.09896,0.33958,1.0953e-1,2.8420e+7,1.9971e+11
0.00104,0.34375,3.4825e+0,1.4630e+10,0.0000e+0
0.00313,0.34375,3.4871e+0,3.3335e+10,8.6920e+10
0.00521,0.34375,3.4932e+0,4.5617e+10,1.3330e+11
0.00729,0.34375,3.5000e+0,4.2247e+10,1.1231e+11
0.00937,0.34375,3.5094e+0,7.0038e+10,6.3210e+11
0.01146,0.34375,3.4907e+0,6.4771e+10,5.7756e+11
0.01354,0.34375,3.4524e+0,9.9747e+10,2.1772e+11
0.01563,0.34375,3.4192e+0,1.1540e+11,1.1056e+11
0.01771,0.34375,3.3959e+0,1.3489e+11,1.8973e+11
0.01979,0.34375,3.3762e+0,1.4182e+11,3.4995e+11
0.02187,0.34375,3.3497e+0,1.3837e+11,3.6965e+11
0.02396,0.34375,3.3150e+0,1.4799e+11,3.1698e+11
0.02604,0.34375,3.2756e+0,1.6171e+11,2.4191e+11
0.02813,0.34375,3.2370e+0,1.8734e+11,3.3883e+11
0.03021,0.34375,3.1937e+0,1.8675e+11,2.4695e+11
0.03229,0.34375,3.1524e+0,2.0705e+11,2.6265e+11
0.03438,0.34375,3.1121e+0,2.1289e+11,3.5291e+11
0.03646,0.34375,3.0663e+0,2.2099e+11,3.5224e+11
0.03854,0.34375,3.0168e+0,2.3152e+11,3.1629e+11
0.04063,0.34375,2.9667e+0,2.2402e+11,3.3077e+11
0.04271,0.34375,2.9143e+0,2.3584e+11,3.4138e+11
0.04479,0.34375,2.8600e+0,2.0010e+11,3.2436e+11
0.04688,0.34375,2.8028e+0,1.9509e+11,3.2917e+11
0.04896,0.34375,2.7426e+0,1.9994e+11,3.4067e+11
0.05104,0.34375,2.6779e+0,2.1173e+11,3.4329e+11
0.05312,0.34375,2.6086e+0,2.2988e+11,2.7665e+11
0.05521,0.34375,2.5402e+0,2.1008e+11,3.1549e+11
0.05729,0.34375,2.4681e+0,2.1854e+11,2.0727e+11
0.05937,0.34375,2.3999e+0,2.3205e+11,3.2788e+11
0.06146,0.34375,2.3281e+0,2.3144e+11,3.7864e+11
0.06354,0.34375,2.2503e+0,2.0548e+11,2.8079e+11
0.06563,0.34375,2.1720e+0,2.1811e+11,3.3502e+11
0.06771,0.34375,2.0910e+0,1.8260e+11,3.4451e+11
0.06979,0.34375,2.0043e+0,1.6592e+11,3.3658e+11
0.07187,0.34375,1.9116e+0,1.9160e+11,3.3712e+11
0.07396,0.34375,1.8147e+0,2.1945e+11,3.3815e+11
0.07604,0.34375,1.7150e+0,1.8019e+11,3.1476e+11
0.07813,0.34375,1.6106e+0,1.7601e+11,2.9556e+11
0.08021,0.34375,1.5021e+0,1.6450e+11,3.0439e+11
0.08229,0.34375,1.3881e+0,1.6051e+11,3.5510e+11
0.08438,0.34375,1.2645e+0,1.2741e+11,2.9656e+11
0.08646,0.34375,1.1326e+0,1.1332e+11,2.6425e+11
0.08854,0.34375,9.9303e-1,8.8134e+10,2.6897e+11
0.09062,0.34375,8.4362e-1,3.0921e+10,3.0693e+11
0.09271,0.34375,6.7764e-1,2.1623e+9,2.3982e+11
0.09479,0.34375,4.9821e-1,4.9018e+8,2.1050e+11
0.09688,0.34375,3.0741e-1,2.1095e+8,2.0309e+11
0.09896,0.34375,1.0574e-1,8.4777e+6,1.8412e+11
0.00104,0.34792,3.3386e+0,1.1222e+10,0.0000e+0
0.00313,0.34792,3.3411e+0,2.5896e+10,1.4434e+10
0.00521,0.34792,3.3459e+0,3.8667e+10,6.2702e+10
0.00729,0.34792,3.3508e+0,3.9118e+10,9.1805e+10
0.00937,0.34792,3.3533e+0,4.8951e+10,2.4495e+11
0.01146,0.34792,3.3422e+0,6.0235e+10,2.0059e+11
0.01354,0.34792,3.3245e+0,9.2351e+10,3.2714e+11
0.01563,0.34792,3.2967e+0,1.1554e+11,1.5931e+11
0.01771,0.34792,3.2738e+0,1.2588e+11,2.5036e+11
0.01979,0.34792,3.2484e+0,1.4152e+11,2.9267e+11
0.02187,0.34792,3.2193e+0,1.2804e+11,2.8282e+11
0.02396,0.34792,3.1867e+0,1.3819e+11,2.6714e+11
0.02604,0.34792,3.1523e+0,1.4655e+11,2.8218e+11
0.02813,0.34792,3.1168e+0,1.6767e+11,3.5881e+11
0.03021,0.34792,3.0764e+0,1.7798e+11,2.7571e+11
0.03229,0.34792,3.0382e+0,1.9057e+11,3.8936e+11
0.03438,0.34792,2.9952e+0,1.9180e+11,4.0081e+11
0.03646,0.34792,2.9455e+0,2.1239e+11,2.8126e+11
0.03854,0.34792,2.8982e+0,2.1997e+11,3.0555e+11
0.04063,0.34792,2.8523e+0,2.1420e+11,3.2184e+11
0.04271,0.34792,2.8065e+0,2.0747e+11,3.9558e+11
0.04479,0.34792,2.7549e+0,1.9102e+11,3.4246e+11
0.04688,0.34792,2.6988e+0,1.8792e+11,2.6302e+11
0.04896,0.34792,2.6437e+0,1.8499e+11,3.2962e+11
0.05104,0.34792,2.5850e+0,2.0012e+11,3.9093e+11
0.05312,0.34792,2.5199e+0,2.1496e+11,3.3518e+11
0.05521,0.34792,2.4535e+0,2.0262e+11,3.0964e+11
0.05729,0.34792,2.3855e+0,2.0943e+11,3.1581e+11
0.05937,0.34792,2.3149e+0,2.1870e+11,2.7384e+11
0.06146,0.34792,2.2428e+0,2.1629e+11,2.6170e+11
0.06354,0.34792,2.1693e+0,1.9779e+11,2.6680e+11
0.06563,0.34792,2.0928e+0,2.0685e+11,2.7092e+11
0.06771,0.34792,2.0136e+0,1.8046e+11,2.6455e+11
0.06979,0.34792,1.9304e+0,1.6070e+11,2.7277e+11
0.07187,0.34792,1.8411e+0,1.8179e+11,2.4418e+11
0.07396,0.34792,1.7499e+0,2.0292e+11,2.9274e+11
0.07604,0.34792,1.6566e+0,1.6728e+11,3.5121e+11
0.07813,0.34792,1.5552e+0,1.6372e+11,3.0838e+11
0.08021,0.34792,1.4488e+0,1.5490e+11,3.0190e+11
0.08229,0.34792,1.3368e+0,1.4605e+11,3.0905e+11
0.08438,0.34792,1.2175e+0,1.1514e+11,2.8028e+11
0.08646,0.34792,1.0901e+0,1.0887e+11,2.7098e+11
0.08854,0.34792,9.5442e-1,8.1287e+10,2.4173e+11
0.09062,0.34792,8.0983e-1,2.6636e+10,2.5367e+11
0.09271,0.34792,6.5106e-1,2.0536e+9,2.2660e+11
0.09479,0.34792,4.7870e-1,6.3439e+8,2.1035e+11
0.09688,0.34792,2.9416e-1,2.2985e+8,1.6216e+11
0.09896,0.34792,1.0068e-1,4.5979e+6,1.4837e+11
0.00104,0.35208,3.1779e+0,1.0174e+10,0.0000e+0
0.00313,0.35208,3.1795e+0,2.9125e+10,0.0000e+0
0.00521,0.35208,3.1836e+0,4.2505e+10,0.0000e+0
0.00729,0.35208,3.1900e+0,3.6019e+10,6.1855e+10
0.00937,0.35208,3.1936e+0,3.6005e+10,1.9190e+11
0.01146,0.35208,3.1869e+0,6.2816e+10,1.5972e+11
0.01354,0.35208,3.1770e+0,8.8218e+10,3.4897e+11
0.01563,0.35208,3.1544e+0,1.0557e+11,2.0564e+11
0.01771,0.35208,3.1335e+0,1.2132e+11,4.2924e+11
0.01979,0.35208,3.0998e+0,1.4864e+11,2.7266e+11
0.02187,0.35208,3.0655e+0,1.2982e+11,1.5290e+11
0.02396,0.35208,3.0367e+0,1.3179e+11,3.1061e+11
0.02604,0.35208,3.0026e+0,1.4241e+11,2.6106e+11
0.02813,0.35208,2.9667e+0,1.6467e+11,2.3820e+11
0.03021,0.35208,2.9308e+0,1.6846e+11,2.9024e+11
0.03229,0.35208,2.8913e+0,1.7754e+11,2.5066e+11
0.03438,0.35208,2.8506e+0,1.7351e+11,2.9858e+11
0.03646,0.35208,2.8048e+0,1.8913e+11,2.7325e+11
0.03854,0.35208,2.7573e+0,2.0291e+11,2.0503e+11
0.04063,0.35208,2.7131e+0,2.0267e+11,2.0222e+11
0.04271,0.35208,2.6725e+0,1.8768e+11,2.6914e+11
0.04479,0.35208,2.6299e+0,1.7654e+11,3.9094e+11
0.04688,0.35208,2.5772e+0,1.7709e+11,2.6818e+11
0.04896,0.35208,2.5236e+0,1.7506e+11,2.7593e+11
0.05104,0.35208,2.4677e+0,1.8978e+11,2.9989e+11
0.05312,0.35208,2.4087e+0,2.0673e+11,2.8230e+11
0.05521,0.35208,2.3500e+0,2.0113e+11,3.0075e+11
0.05729,0.35208,2.2902e+0,1.9424e+11,3.1653e+11
0.05937,0.35208,2.2285e+0,1.9317e+11,4.0687e+11
0.06146,0.35208,2.1587e+0,1.8978e+11,2.9207e+11
0.06354,0.35208,2.0887e+0,1.7916e+11,3.4342e+11
0.06563,0.35208,2.0137e+0,1.9495e+11,3.1838e+11
0.06771,0.35208,1.9360e+0,1.7319e+11,2.8791e+11
0.06979,0.35208,1.8562e+0,1.5446e+11,3.5542e+11
0.07187,0.35208,1.7686e+0,1.6584e+11,3.2916e+11
0.07396,0.35208,1.6761e+0,1.8637e+11,2.8215e+11
0.07604,0.35208,1.5828e+0,1.5471e+11,2.7529e+11
0.07813,0.35208,1.4862e+0,1.5380e+11,3.2540e+11
0.08021,0.35208,1.3826e+0,1.5121e+11,2.7851e+11
0.08229,0.35208,1.2752e+0,1.3754e+11,2.7973e+11
0.08438,0.35208,1.1631e+0,1.1255e+11,3.0590e+11
0.08646,0.35208,1.0429e+0,1.0677e+11,3.1242e+11
0.08854,0.35208,9.1406e-1,8.0957e+10,3.0026e+11
0.09062,0.35208,7.7537e-1,2.4417e+10,2.8101e+11
0.09271,0.35208,6.2318e-1,1.8426e+9,2.4666e+11
0.09479,0.35208,4.5776e-1,6.7856e+8,1.9717e+11
0.09688,0.35208,2.8201e-1,2.6400e+8,1.7575e+11
0.09896,0.35208,9.7210e-2,3.5711e+6,1.7964e+11
0.00104,0.35625,3.0074e+0,8.2663e+9,0.0000e+0
0.00313,0.35625,3.0101e+0,1.6629e+10,0.0000e+0
0.00521,0.35625,3.0162e+0,4.4888e+10,1.0395e+8
0.00729,0.35625,3.0273e+0,3.5568e+10,2.4615e+11
0.00937,0.35625,3.0272e+0,3.3923e+10,2.1601e+11
0.01146,0.35625,3.0198e+0,5.3382e+10,2.0436e+11
0.01354,0.35625,3.0084e+0,8.4724e+10,3.3709e+11
0.01563,0.35625,2.9856e+0,1.0813e+11,2.4118e+11
0.01771,0.35625,2.9608e+0,1.1154e+11,3.0133e+11
0.01979,0.35625,2.9288e+0,1.3447e+11,2.6736e+11
0.02187,0.35625,2.8945e+0,1.3720e+11,2.0414e+11
0.02396,0.35625,2.8630e+0,1.2299e+11,1.7014e+11
0.02604,0.35625,2.8340e+0,1.3848e+11,2.5077e+11
0.02813,0.35625,2.8037e+0,1.6204e+11,2.8418e+11
0.03021,0.35625,2.7720e+0,1.6074e+11,3.1820e+11
0.03229,0.35625,2.7369e+0,1.6889e+11,3.3391e+11
0.03438,0.35625,2.6974e+0,1.5932e+11,2.9337e+11
0.03646,0.35625,2.6547e+0,1.6552e+11,2.4241e+11
0.03854,0.35625,2.6126e+0,1.8309e+11,2.9053e+11
0.04063,0.35625,2.5684e+0,1.8463e+11,2.0095e+11
0.04271,0.35625,2.5285e+0,1.7709e+11,2.6244e+11
0.04479,0.35625,2.4872e+0,1.6424e+11,3.0428e+11
0.04688,0.35625,2.4404e+0,1.5857e+11,2.8483e+11
0.04896,0.35625,2.3898e+0,1.6809e+11,2.5788e+11
0.05104,0.35625,2.3379e+0,1.8583e+11,3.0886e+11
0.05312,0.35625,2.2820e+0,1.9267e+11,2.4305e+11
0.05521,0.35625,2.2282e+0,1.8335e+11,2.9151e+11
0.05729,0.35625,2.1735e+0,1.7842e+11,3.2743e+11
0.05937,0.35625,2.1161e+0,1.7925e+11,3.8623e+11
0.06146,0.35625,2.0527e+0,1.7468e+11,3.5364e+11
0.06354,0.35625,1.9863e+0,1.6376e+11,3.4921e+11
0.06563,0.35625,1.9164e+0,1.8793e+11,4.0482e+11
0.06771,0.35625,1.8402e+0,1.5419e+11,3.2997e+11
0.06979,0.35625,1.7601e+0,1.3147e+11,3.0823e+11
0.07187,0.35625,1.6751e+0,1.5304e+11,3.2446e+11
0.07396,0.35625,1.5854e+0,1.6861e+11,2.7141e+11
0.07604,0.35625,1.4951e+0,1.4554e+11,2.5354e+11
0.07813,0.35625,1.4023e+0,1.4549e+11,3.2290e+11
0.08021,0.35625,1.3020e+0,1.3990e+11,2.4376e+11
0.08229,0.35625,1.1991e+0,1.2933e+11,2.4871e+11
0.08438,0.35625,1.0918e+0,1.0473e+11,2.6167e+11
0.08646,0.35625,9.7746e-1,9.5469e+10,2.4459e+11
0.08854,0.35625,8.5688e-1,7.3370e+10,2.5915e+11
0.09062,0.35625,7.2764e-1,2.2269e+10,2.6398e+11
0.09271,0.35625,5.8559e-1,1.3532e+9,2.3107e+11
0.09479,0.35625,4.3142e-1,6.3380e+8,2.0745e+11
0.09688,0.35625,2.6645e-1,3.6775e+8,1.8663e+11
0.09896,0.35625,9.1750e-2,1.5076e+7,1.6550e+11
0.00104,0.36042,2.8171e+0,8.2432e+9,0.0000e+0
0.00313,0.36042,2.8209e+0,1.9899e+10,0.0000e+0
0.00521,0.36042,2.8293e+0,3.9474e+10,1.0427e+11
0.00729,0.36042,2.8371e+0,3.2993e+10,2.1903e+11
0.00937,0.36042,2.8355e+0,2.8174e+10,1.5417e+11
0.01146,0.36042,2.8285e+0,3.9185e+10,1.8818e+11
0.01354,0.36042,2.8169e+0,7.2800e+10,3.2340e+11
0.01563,0.36042,2.7954e+0,1.0170e+11,2.7397e+11
0.01771,0.36042,2.7708e+0,1.0512e+11,3.3216e+11
0.01979,0.36042,2.7387e+0,1.1083e+11,2.5677e+11
0.02187,0.36042,2.7046e+0,1.1526e+11,1.6678e+11
0.02396,0.36042,2.6744e+0,1.0057e+11,1.8145e+11
0.02604,0.36042,2.6449e+0,1.1971e+11,1.8085e+11
0.02813,0.36042,2.6168e+0,1.4178e+11,2.4128e+11
0.03021,0.36042,2.5871e+0,1.4584e+11,2.1484e+11
0.03229,0.36042,2.5575e+0,1.5493e+11,2.7481e+11
0.03438,0.36042,2.5251e+0,1.4780e+11,3.1144e+11
0.03646,0.36042,2.4882e+0,1.5423e+11,2.6871e+11
0.03854,0.36042,2.4511e+0,1.5683e+11,3.1689e+11
0.04063,0.36042,2.4107e+0,1.5980e+11,2.7005e+11
0.04271,0.36042,2.3708e+0,1.6133e+11,2.7081e+11
0.04479,0.36042,2.3307e+0,1.5060e+11,2.8026e+11
0.04688,0.36042,2.2879e+0,1.3658e+11,2.7599e+11
0.04896,0.36042,2.2418e+0,1.4660e+11,2.7236e+11
0.05104,0.36042,2.1940e+0,1.6080e+11,3.4532e+11
0.05312,0.36042,2.1397e+0,1.6553e+11,2.6896e+11
0.05521,0.36042,2.0842e+0,1.5796e+11,2.2830e+11
0.05729,0.36042,2.0286e+0,1.5809e+11,2.4753e+11
0.05937,0.36042,1.9713e+0,1.7098e+11,2.7697e+11
0.06146,0.36042,1.9114e+0,1.5894e+11,2.6771e+11
0.06354,0.36042,1.8489e+0,1.4797e+11,2.5280e+11
0.06563,0.36042,1.7850e+0,1.6177e+11,3.4348e+11
0.06771,0.36042,1.7147e+0,1.3294e+11,3.2066e+11
0.06979,0.36042,1.6377e+0,1.1867e+11,2.6347e+11
0.07187,0.36042,1.5567e+0,1.3809e+11,2.2951e+11
0.07396,0.36042,1.4752e+0,1.5289e+11,2.5664e+11
0.07604,0.36042,1.3928e+0,1.3083e+11,3.2026e+11
0.07813,0.36042,1.3033e+0,1.3331e+11,2.7206e+11
0.08021,0.36042,1.2101e+0,1.2529e+11,2.5815e+11
0.08229,0.36042,1.1135e+0,1.1490e+11,2.8844e+11
0.08438,0.36042,1.0104e+0,9.0304e+10,2.4427e+11
0.08646,0.36042,9.0144e-1,8.2263e+10,2.1286e+11
0.08854,0.36042,7.8772e-1,6.7955e+10,2.1176e+11
0.09062,0.36042,6.6768e-1,2.0851e+10,2.0982e+11
0.09271,0.36042,5.3762e-1,1.3155e+9,1.9220e+11
0.09479,0.36042,3.9733e-1,4.6227e+8,2.0798e+11
0.09688,0.36042,2.4591e-1,1.8136e+8,1.8810e+11
0.09896,0.36042,8.4579e-2,3.3909e+5,1.5167e+11
0.00104,0.36458,2.5994e+0,7.3351e+9,0.0000e+0
0.00313,0.36458,2.6032e+0,1.4718e+10,0.0000e+0
0.00521,0.36458,2.6116e+0,3.1473e+10,5.8542e+10
0.00729,0.36458,2.6223e+0,2.3343e+10,1.5558e+11
0.00937,0.36458,2.6297e+0,2.9635e+10,4.5258e+11
0.01146,0.36458,2.6158e+0,3.8663e+10,2.5537e+11
0.01354,0.36458,2.5964e+0,6.3385e+10,1.9613e+11
0.01563,0.36458,2.5755e+0,8.2208e+10,1.9793e+11
0.01771,0.36458,2.5532e+0,1.0163e+11,2.7089e+11
0.01979,0.36458,2.5248e+0,1.0458e+11,2.1049e+11
0.02187,0.36458,2.4947e+0,1.0184e+11,1.3351e+11
0.02396,0.36458,2.4683e+0,9.1157e+10,1.9054e+11
0.02604,0.36458,2.4400e+0,1.0528e+11,1.5165e+11
0.02813,0.36458,2.4137e+0,1.3439e+11,1.8701e+11
0.03021,0.36458,2.3880e+0,1.2903e+11,2.2530e+11
0.03229,0.36458,2.3596e+0,1.3127e+11,2.3362e+11
0.03438,0.36458,2.3281e+0,1.3634e+11,2.2009e+11
0.03646,0.36458,2.2948e+0,1.3570e+11,1.9860e+11
0.03854,0.36458,2.2610e+0,1.3517e+11,2.3167e+11
0.04063,0.36458,2.2246e+0,1.3465e+11,2.1209e+11
0.04271,0.36458,2.1875e+0,1.3829e+11,1.8968e+11
0.04479,0.36458,2.1519e+0,1.3488e+11,2.6524e+11
0.04688,0.36458,2.1127e+0,1.2347e+11,2.6091e+11
0.04896,0.36458,2.0693e+0,1.3114e+11,2.0014e+11
0.05104,0.36458,2.0261e+0,1.3419e+11,2.6453e+11
0.05312,0.36458,1.9783e+0,1.5132e+11,2.7672e+11
0.05521,0.36458,1.9269e+0,1.4018e+11,2.8992e+11
0.05729,0.36458,1.8703e+0,1.3788e+11,2.1779e+11
0.05937,0.36458,1.8122e+0,1.5117e+11,1.9406e+11
0.06146,0.36458,1.7543e+0,1.3665e+11,2.3786e+11
0.06354,0.36458,1.6924e+0,1.2938e+11,1.7183e+11
0.06563,0.36458,1.6307e+0,1.3804e+11,2.1941e+11
0.06771,0.36458,1.5660e+0,1.1934e+11,2.5111e+11
0.06979,0.36458,1.4952e+0,1.0659e+11,2.0528e+11
0.07187,0.36458,1.4213e+0,1.2158e+11,2.0711e+11
0.07396,0.36458,1.3452e+0,1.4137e+11,1.8901e+11
0.07604,0.36458,1.2688e+0,1.2015e+11,2.5915e+11
0.07813,0.36458,1.1854e+0,1.1717e+11,1.9326e+11
0.08021,0.36458,1.0996e+0,1.1444e+11,2.1924e+11
0.08229,0.36458,1.0096e+0,1.0260e+11,2.1427e+11
0.08438,0.36458,9.1444e-1,8.0497e+10,1.8506e+11
0.08646,0.36458,8.1423e-1,7.5652e+10,1.6406e+11
0.08854,0.36458,7.0966e-1,6.2649e+10,1.5815e+11
0.09062,0.36458,5.9995e-1,1.9842e+10,1.4578e+11
0.09271,0.36458,4.8276e-1,1.3469e+9,1.6728e+11
0.09479,0.36458,3.5543e-1,4.4785e+8,1.4601e+11
0.09688,0.36458,2.1938e-1,1.4907e+8,1.4083e+11
0.09896,0.36458,7.5000e-2,0.0000e+0,1.0673e+11
0.00104,0.36875,2.3533e+0,7.6153e+9,0.0000e+0
0.00313,0.36875,2.3557e+0,1.1616e+10,0.0000e+0
0.00521,0.36875,2.3607e+0,2.6156e+10,0.0000e+0
0.00729,0.36875,2.3689e+0,1.9357e+10,8.7886e+9
0.00937,0.36875,2.3790e+0,2.5660e+10,3.5397e+11
0.01146,0.36875,2.3687e+0,4.1597e+10,1.8620e+11
0.01354,0.36875,2.3531e+0,6.5214e+10,1.4552e+11
0.01563,0.36875,2.3364e+0,7.3136e+10,1.6926e+11
0.01771,0.36875,2.3183e+0,9.0930e+10,2.2848e+11
0.01979,0.36875,2.2967e+0,9.5630e+10,2.3805e+11
0.02187,0.36875,2.2712e+0,9.4391e+10,1.4164e+11
0.02396,0.36875,2.2478e+0,8.1270e+10,1.8082e+11
0.02604,0.36875,2.2218e+0,9.2402e+10,1.2491e+11
0.02813,0.36875,2.1989e+0,1.2004e+11,1.7984e+11
0.03021,0.36875,2.1771e+0,1.0995e+11,2.6020e+11
0.03229,0.36875,2.1496e+0,1.1119e+11,1.9474e+11
0.03438,0.36875,2.1201e+0,1.1691e+11,1.5362e+11
0.03646,0.36875,2.0912e+0,1.2068e+11,2.3173e+11
0.03854,0.36875,2.0584e+0,1.2147e+11,1.9042e+11
0.04063,0.36875,2.0246e+0,1.2399e+11,1.9942e+11
0.04271,0.36875,1.9886e+0,1.1647e+11,1.3092e+11
0.04479,0.36875,1.9541e+0,1.1038e+11,1.5820e+11
0.04688,0.36875,1.9182e+0,1.1029e+11,1.6048e+11
0.04896,0.36875,1.8817e+0,1.2164e+11,2.0378e+11
0.05104,0.36875,1.8434e+0,1.1500e+11,2.4831e+11
0.05312,0.36875,1.7996e+0,1.3124e+11,2.5631e+11
0.05521,0.36875,1.7518e+0,1.2566e+11,2.2758e+11
0.05729,0.36875,1.7012e+0,1.2203e+11,2.3723e+11
0.05937,0.36875,1.6469e+0,1.3195e+11,2.3443e+11
0.06146,0.36875,1.5895e+0,1.1776e+11,1.9390e+11
0.06354,0.36875,1.5303e+0,1.1391e+11,1.6648e+11
0.06563,0.36875,1.4705e+0,1.2394e+11,1.9364e+11
0.06771,0.36875,1.4084e+0,1.0264e+11,1.8264e+11
0.06979,0.36875,1.3428e+0,8.9473e+10,1.1501e+11
0.07187,0.36875,1.2769e+0,9.8069e+10,1.4718e+11
0.07396,0.36875,1.2095e+0,1.1986e+11,2.0759e+11
0.07604,0.36875,1.1382e+0,1.0539e+11,1.9630e+11
0.07813,0.36875,1.0623e+0,1.0553e+11,1.8239e+11
0.08021,0.36875,9.8224e-1,1.0286e+11,1.3361e+11
0.08229,0.36875,9.0064e-1,9.4181e+10,1.4390e+11
0.08438,0.36875,8.1546e-1,7.7439e+10,1.2452e+11
0.08646,0.36875,7.2652e-1,6.8674e+10,1.4120e+11
0.08854,0.36875,6.3223e-1,5.4866e+10,1.2089e+11
0.09062,0.36875,5.3301e-1,1.7303e+10,1.0343e+11
0.09271,0.36875,4.2731e-1,1.5003e+9,1.0163e+11
0.09479,0.36875,3.1425e-1,5.5108e+8,1.1038e+11
0.09688,0.36875,1.9403e-1,2.0282e+8,1.2128e+11
0.09896,0.36875,6.6778e-2,1.5549e+6,1.1892e+11
0.00104,0.37292,2.0900e+0,3.3678e+9,0.0000e+0
0.00313,0.37292,2.0916e+0,8.7298e+9,0.0000e+0
0.00521,0.37292,2.0950e+0,2.3805e+10,0.0000e+0
0.00729,0.37292,2.1006e+0,1.3668e+10,9.6715e+6
0.00937,0.37292,2.1067e+0,1.8612e+10,8.8716e+10
0.01146,0.37292,2.1071e+0,3.5572e+10,1.8747e+11
0.01354,0.37292,2.0991e+0,5.7153e+10,2.5328e+11
0.01563,0.37292,2.0816e+0,6.0209e+10,1.2090e+11
0.01771,0.37292,2.0637e+0,7.6601e+10,6.3734e+10
0.01979,0.37292,2.0497e+0,8.5252e+10,1.6507e+11
0.02187,0.37292,2.0338e+0,8.7230e+10,2.1808e+11
0.02396,0.37292,2.0144e+0,7.7711e+10,2.4731e+11
0.02604,0.37292,1.9893e+0,8.5820e+10,1.3960e+11
0.02813,0.37292,1.9675e+0,1.0015e+11,1.5381e+11
0.03021,0.37292,1.9485e+0,8.8718e+10,1.9428e+11
0.03229,0.37292,1.9287e+0,9.7452e+10,2.5312e+11
0.03438,0.37292,1.9053e+0,9.9282e+10,3.0043e+11
0.03646,0.37292,1.8752e+0,1.0856e+11,2.0228e+11
0.03854,0.37292,1.8452e+0,1.0656e+11,1.6671e+11
0.04063,0.37292,1.8169e+0,1.0090e+11,2.0389e+11
0.04271,0.37292,1.7864e+0,9.9187e+10,2.1366e+11
0.04479,0.37292,1.7532e+0,9.1321e+10,2.0379e+11
0.04688,0.37292,1.7169e+0,9.5692e+10,1.3312e+11
0.04896,0.37292,1.6821e+0,1.0136e+11,1.6421e+11
0.05104,0.37292,1.6468e+0,9.4065e+10,2.2957e+11
0.05312,0.37292,1.6052e+0,1.1618e+11,1.6508e+11
0.05521,0.37292,1.5633e+0,1.1446e+11,1.9652e+11
0.05729,0.37292,1.5186e+0,1.0349e+11,2.0689e+11
0.05937,0.37292,1.4689e+0,1.0946e+11,1.8013e+11
0.06146,0.37292,1.4165e+0,1.0370e+11,1.7080e+11
0.06354,0.37292,1.3616e+0,9.9596e+10,1.4596e+11
0.06563,0.37292,1.3052e+0,1.0778e+11,1.3294e+11
0.06771,0.37292,1.2482e+0,8.9971e+10,1.1544e+11
0.06979,0.37292,1.1906e+0,7.7981e+10,1.2438e+11
0.07187,0.37292,1.1315e+0,8.3394e+10,1.5610e+11
0.07396,0.37292,1.0691e+0,1.0661e+11,1.4426e+11
0.07604,0.37292,1.0055e+0,9.2823e+10,1.3485e+11
0.07813,0.37292,9.4009e-1,8.4807e+10,1.8135e+11
0.08021,0.37292,8.6972e-1,8.3963e+10,1.2739e+11
0.08229,0.37292,7.9876e-1,7.9710e+10,1.4880e+11
0.08438,0.37292,7.2539e-1,6.3077e+10,1.8158e+11
0.08646,0.37292,6.4624e-1,5.9409e+10,1.5236e+11
0.08854,0.37292,5.6287e-1,4.8067e+10,1.5125e+11
0.09062,0.37292,4.7432e-1,1.4684e+10,1.2390e+11
0.09271,0.37292,3.7972e-1,1.4264e+9,1.2797e+11
0.09479,0.37292,2.7746e-1,3.6166e+8,9.6957e+10
0.09688,0.37292,1.6938e-1,8.5997e+7,6.3639e+10
0.09896,0.37292,5.7420e-2,1.6969e+6,5.6467e+10
0.00104,0.37708,1.8147e+0,3.2618e+9,0.0000e+0
0.00313,0.37708,1.8167e+0,6.6756e+9,0.0000e+0
0.00521,0.37708,1.8209e+0,1.2671e+10,0.0000e+0
0.00729,0.37708,1.8274e+0,1.2511e+10,4.9123e+10
0.00937,0.37708,1.8325e+0,2.0921e+10,9.3559e+10
0.01146,0.37708,1.8343e+0,2.0680e+10,1.6309e+11
0.01354,0.37708,1.8293e+0,3.5095e+10,1.7575e+11
0.01563,0.37708,1.8183e+0,4.5636e+10,1.3071e+11
0.01771,0.37708,1.8055e+0,6.1725e+10,1.5053e+11
0.01979,0.37708,1.7911e+0,7.3604e+10,1.4811e+11
0.02187,0.37708,1.7764e+0,7.4657e+10,1.8211e+11
0.02396,0.37708,1.7584e+0,7.0970e+10,2.1998e+11
0.02604,0.37708,1.7341e+0,7.5536e+10,8.4464e+10
0.02813,0.37708,1.7137e+0,8.7651e+10,1.1351e+11
0.03021,0.37708,1.6958e+0,6.8102e+10,1.0977e+11
0.03229,0.37708,1.6788e+0,8.0244e+10,1.6461e+11
0.03438,0.37708,1.6602e+0,8.9347e+10,2.3304e+11
0.03646,0.37708,1.6364e+0,1.0223e+11,1.8127e+11
0.03854,0.37708,1.6127e+0,9.3571e+10,1.3200e+11
0.04063,0.37708,1.5916e+0,8.2925e+10,2.3700e+11
0.04271,0.37708,1.5649e+0,8.9129e+10,1.9393e+11
0.04479,0.37708,1.5361e+0,8.4345e+10,1.9487e+11
0.04688,0.37708,1.5039e+0,8.3411e+10,1.5643e+11
0.04896,0.37708,1.4713e+0,9.1867e+10,1.5073e+11
0.05104,0.37708,1.4387e+0,8.6389e+10,1.7560e+11
0.05312,0.37708,1.4034e+0,1.0036e+11,1.7308e+11
0.05521,0.37708,1.3668e+0,9.0068e+10,1.3878e+11
0.05729,0.37708,1.3302e+0,8.9336e+10,2.3651e+11
0.05937,0.37708,1.2869e+0,9.5246e+10,2.0628e+11
0.06146,0.37708,1.2399e+0,8.7055e+10,1.6708e+11
0.06354,0.37708,1.1912e+0,8.4272e+10,1.4696e+11
0.06563,0.37708,1.1418e+0,9.2202e+10,1.8086e+11
0.06771,0.37708,1.0894e+0,7.5669e+10,1.0901e+11
0.06979,0.37708,1.0371e+0,6.6760e+10,1.2392e+11
0.07187,0.37708,9.8332e-1,7.4215e+10,1.1682e+11
0.07396,0.37708,9.2922e-1,8.5218e+10,1.4523e+11
0.07604,0.37708,8.7353e-1,8.2434e+10,1.5354e+11
0.07813,0.37708,8.1473e-1,7.3762e+10,1.3114e+11
0.08021,0.37708,7.5323e-1,7.2511e+10,9.1265e+10
0.08229,0.37708,6.9214e-1,6.8148e+10,1.2821e+11
0.08438,0.37708,6.2873e-1,5.3782e+10,1.3776e+11
0.08646,0.37708,5.6150e-1,5.1433e+10,1.4512e+11
0.08854,0.37708,4.8991e-1,3.9629e+10,1.3193e+11
0.09062,0.37708,4.1398e-1,1.2674e+10,1.2791e+11
0.09271,0.37708,3.3182e-1,1.2798e+9,1.2072e+11
0.09479,0.37708,2.4287e-1,2.9554e+8,8.4729e+10
0.09688,0.37708,1.4971e-1,4.5432e+7,9.8839e+10
0.09896,0.37708,5.1417e-2,1.5959e+6,8.8959e+10
0.00104,0.38125,1.5242e+0,3.4833e+9,0.0000e+0
0.00313,0.38125,1.5269e+0,7.4529e+9,0.0000e+0
0.00521,0.38125,1.5326e+0,7.8102e+9,0.0000e+0
0.00729,0.38125,1.5419e+0,1.0915e+10,1.4577e+11
0.00937,0.38125,1.5457e+0,1.7556e+10,1.5173e+11
0.01146,0.38125,1.5447e+0,1.7218e+10,5.4688e+10
0.01354,0.38125,1.5446e+0,3.2156e+10,1.1321e+11
0.01563,0.38125,1.5421e+0,3.8623e+10,2.2245e+11
0.01771,0.38125,1.5320e+0,4.8209e+10,2.2300e+11
0.01979,0.38125,1.5162e+0,5.6945e+10,8.4615e+10
0.02187,0.38125,1.5046e+0,6.6658e+10,2.1074e+11
0.02396,0.38125,1.4883e+0,5.8889e+10,2.0556e+11
0.02604,0.38125,1.4672e+0,6.5967e+10,1.1712e+11
0.02813,0.38125,1.4481e+0,7.9409e+10,1.2129e+11
0.03021,0.38125,1.4307e+0,6.0332e+10,1.0941e+11
0.03229,0.38125,1.4137e+0,7.0101e+10,1.1783e+11
0.03438,0.38125,1.3963e+0,7.6429e+10,1.3153e+11
0.03646,0.38125,1.3776e+0,8.4908e+10,8.4379e+10
0.03854,0.38125,1.3622e+0,7.8755e+10,1.6107e+11
0.04063,0.38125,1.3454e+0,6.5041e+10,1.7793e+11
0.04271,0.38125,1.3247e+0,7.6130e+10,1.5159e+11
0.04479,0.38125,1.3032e+0,7.0137e+10,2.1488e+11
0.04688,0.38125,1.2757e+0,6.8686e+10,1.4309e+11
0.04896,0.38125,1.2472e+0,7.5236e+10,1.2453e+11
0.05104,0.38125,1.2192e+0,7.0136e+10,1.5512e+11
0.05312,0.38125,1.1893e+0,8.3078e+10,1.3627e+11
0.05521,0.38125,1.1603e+0,7.2594e+10,1.7617e+11
0.05729,0.38125,1.1283e+0,7.7360e+10,2.0057e+11
0.05937,0.38125,1.0912e+0,7.8447e+10,1.6168e+11
0.06146,0.38125,1.0519e+0,7.3379e+10,1.6137e+11
0.06354,0.38125,1.0099e+0,7.0714e+10,9.5083e+10
0.06563,0.38125,9.6922e-1,7.7996e+10,1.5346e+11
0.06771,0.38125,9.2576e-1,6.3835e+10,1.5766e+11
0.06979,0.38125,8.7820e-1,5.6263e+10,1.1087e+11
0.07187,0.38125,8.2915e-1,6.5504e+10,5.3376e+10
0.07396,0.38125,7.8300e-1,6.9153e+10,8.1038e+10
0.07604,0.38125,7.3799e-1,6.7579e+10,1.6050e+11
0.07813,0.38125,6.8852e-1,6.6084e+10,1.4046e+11
0.08021,0.38125,6.3562e-1,6.1743e+10,9.2607e+10
0.08229,0.38125,5.8218e-1,5.1964e+10,8.5289e+10
0.08438,0.38125,5.2745e-1,4.6917e+10,8.0058e+10
0.08646,0.38125,4.7146e-1,4.7053e+10,1.0899e+11
0.08854,0.38125,4.1225e-1,3.3336e+10,1.0763e+11
0.09062,0.38125,3.4960e-1,1.2105e+10,1.2629e+11
0.09271,0.38125,2.8127e-1,1.2005e+9,1.2956e+11
0.09479,0.38125,2.0659e-1,3.0511e+8,9.6681e+10
0.09688,0.38125,1.2777e-1,4.5805e+7,1.0232e+11
0.09896,0.38125,4.4097e-2,1.6947e+6,8.8476e+10
0.00104,0.38542,1.2136e+0,4.0832e+9,0.0000e+0
0.00313,0.38542,1.2160e+0,9.6078e+9,0.0000e+0
0.00521,0.38542,1.2209e+0,5.8260e+9,0.0000e+0
0.00729,0.38542,1.2280e+0,8.5753e+9,2.6367e+10
0.00937,0.38542,1.2351e+0,1.4638e+10,7.1999e+10
0.01146,0.38542,1.2401e+0,1.8886e+10,8.4921e+10
0.01354,0.38542,1.2446e+0,2.9078e+10,2.0270e+11
0.01563,0.38542,1.2421e+0,3.4031e+10,2.1754e+11
0.01771,0.38542,1.2322e+0,3.8256e+10,1.3738e+11
0.01979,0.38542,1.2216e+0,4.6766e+10,1.3513e+11
0.02187,0.38542,1.2120e+0,5.1972e+10,1.9988e+11
0.02396,0.38542,1.1979e+0,4.7645e+10,1.3515e+11
0.02604,0.38542,1.1825e+0,4.6790e+10,1.0865e+11
0.02813,0.38542,1.1682e+0,5.7558e+10,1.4361e+11
0.03021,0.38542,1.1531e+0,5.4003e+10,1.0919e+11
0.03229,0.38542,1.1395e+0,6.0069e+10,1.5220e+11
0.03438,0.38542,1.1247e+0,5.9068e+10,1.3677e+11
0.03646,0.38542,1.1095e+0,6.2369e+10,1.1952e+11
0.03854,0.38542,1.0953e+0,6.2654e+10,1.0837e+11
0.04063,0.38542,1.0826e+0,5.7301e+10,1.4438e+11
0.04271,0.38542,1.0686e+0,6.1272e+10,1.5751e+11
0.04479,0.38542,1.0531e+0,5.6711e+10,1.9339e+11
0.04688,0.38542,1.0329e+0,5.2766e+10,1.5911e+11
0.04896,0.38542,1.0105e+0,5.1766e+10,1.6964e+11
0.05104,0.38542,9.8535e-1,5.3508e+10,1.4232e+11
0.05312,0.38542,9.5931e-1,6.5141e+10,6.2716e+10
0.05521,0.38542,9.3830e-1,5.7276e+10,1.8283e+11
0.05729,0.38542,9.1266e-1,6.3134e+10,1.6609e+11
0.05937,0.38542,8.8356e-1,6.4366e+10,1.4112e+11
0.06146,0.38542,8.5277e-1,6.0305e+10,1.4039e+11
0.06354,0.38542,8.2079e-1,5.7965e+10,1.1733e+11
0.06563,0.38542,7.8951e-1,5.9432e+10,1.8062e+11
0.06771,0.38542,7.5469e-1,4.6263e+10,2.0245e+11
0.06979,0.38542,7.1388e-1,4.5093e+10,1.1547e+11
0.07187,0.38542,6.7269e-1,4.5637e+10,7.5774e+10
0.07396,0.38542,6.3358e-1,5.6328e+10,8.2506e+10
0.07604,0.38542,5.9633e-1,5.7253e+10,1.1336e+11
0.07813,0.38542,5.5808e-1,5.0523e+10,1.4714e+11
0.08021,0.38542,5.1602e-1,4.8396e+10,1.1559e+11
0.08229,0.38542,4.7240e-1,4.1717e+10,1.1822e+11
0.08438,0.38542,4.2627e-1,3.6557e+10,6.5272e+10
0.08646,0.38542,3.8043e-1,3.6524e+10,1.1693e+11
0.08854,0.38542,3.3071e-1,3.0648e+10,9.3884e+10
0.09062,0.38542,2.7809e-1,1.0866e+10,6.6992e+10
0.09271,0.38542,2.2222e-1,1.2832e+9,4.6093e+10
0.09479,0.38542,1.6336e-1,2.8134e+8,6.3976e+10
0.09688,0.38542,1.0011e-1,5.1679e+7,3.6796e+10
0.09896,0.38542,3.4299e-2,1.7707e+6,4.7533e+10
0.00104,0.38958,8.8562e-1,5.0517e+9,0.0000e+0
0.00313,0.38958,8.8787e-1,1.2396e+10,0.0000e+0
0.00521,0.38958,8.9284e-1,6.5671e+9,0.0000e+0
0.00729,0.38958,9.0019e-1,1.0238e+10,9.2489e+9
0.00937,0.38958,9.0987e-1,1.4782e+10,1.5357e+11
0.01146,0.38958,9.1322e-1,1.9688e+10,7.2375e+10
0.01354,0.38958,9.1716e-1,2.4469e+10,1.4297e+11
0.01563,0.38958,9.1745e-1,2.4797e+10,2.1543e+11
0.01771,0.38958,9.0897e-1,3.5317e+10,1.1881e+11
0.01979,0.38958,8.9974e-1,3.7099e+10,4.4142e+10
0.02187,0.38958,8.9492e-1,4.1375e+10,9.9383e+10
0.02396,0.38958,8.9062e-1,3.7597e+10,2.1653e+11
0.02604,0.38958,8.7849e-1,3.4561e+10,7.7742e+10
0.02813,0.38958,8.6856e-1,4.3065e+10,1.4186e+11
0.03021,0.38958,8.5656e-1,4.2720e+10,1.1456e+11
0.03229,0.38958,8.4480e-1,5.1074e+10,1.0369e+11
0.03438,0.38958,8.3404e-1,5.0084e+10,1.1694e+11
0.03646,0.38958,8.2293e-1,4.4596e+10,1.2359e+11
0.03854,0.38958,8.1105e-1,4.2202e+10,9.7822e+10
0.04063,0.38958,8.0020e-1,4.6800e+10,8.7030e+10
0.04271,0.38958,7.9137e-1,4.8502e+10,1.2571e+11
0.04479,0.38958,7.8203e-1,4.0830e+10,1.5866e+11
0.04688,0.38958,7.6955e-1,3.7602e+10,1.9651e+11
0.04896,0.38958,7.5135e-1,3.7507e+10,1.3438e+11
0.05104,0.38958,7.3159e-1,4.2288e+10,8.5406e+10
0.05312,0.38958,7.1371e-1,4.9996e+10,7.7489e+10
0.05521,0.38958,6.9883e-1,4.8041e+10,1.3203e+11
0.05729,0.38958,6.8255e-1,4.5038e+10,1.6723e+11
0.05937,0.38958,6.6278e-1,4.7358e+10,2.0410e+11
0.06146,0.38958,6.3752e-1,5.1713e+10,1.0557e+11
0.06354,0.38958,6.1440e-1,5.0293e+10,1.5100e+11
0.06563,0.38958,5.9005e-1,4.5371e+10,1.5316e+11
0.06771,0.38958,5.6316e-1,3.6582e+10,1.3429e+11
0.06979,0.38958,5.3390e-1,3.5845e+10,1.2075e+11
0.07187,0.38958,5.0309e-1,3.5498e+10,8.8224e+10
0.07396,0.38958,4.7281e-1,4.5210e+10,6.7557e+10
0.07604,0.38958,4.4513e-1,4.2720e+10,1.0516e+11
0.07813,0.38958,4.1686e-1,3.8941e+10,1.2402e+11
0.08021,0.38958,3.8598e-1,4.2111e+10,1.1410e+11
0.08229,0.38958,3.5322e-1,3.3053e+10,8.8946e+10
0.08438,0.38958,3.1941e-1,2.7693e+10,8.5433e+10
0.08646,0.38958,2.8424e-1,3.3628e+10,1.0753e+11
0.08854,0.38958,2.4573e-1,2.7019e+10,5.1330e+10
0.09062,0.38958,2.0698e-1,1.0262e+10,5.1442e+10
0.09271,0.38958,1.6616e-1,1.4451e+9,4.0622e+10
0.09479,0.38958,1.2307e-1,2.2244e+8,5.7612e+10
0.09688,0.38958,7.6675e-2,7.0006e+7,7.0188e+10
0.09896,0.38958,2.6388e-2,1.1927e+7,4.8596e+10
0.00104,0.39375,5.4122e-1,6.2405e+9,0.0000e+0
0.00313,0.39375,5.4317e-1,1.0255e+10,0.0000e+0
0.00521,0.39375,5.4742e-1,3.5023e+9,0.0000e+0
0.00729,0.39375,5.5364e-1,7.0110e+9,2.3529e+10
0.00937,0.39375,5.6058e-1,1.7052e+10,8.7720e+10
0.01146,0.39375,5.6479e-1,2.0299e+10,1.2433e+11
0.01354,0.39375,5.6580e-1,1.7201e+10,3.4970e+10
0.01563,0.39375,5.7019e-1,1.4962e+10,2.0435e+11
0.01771,0.39375,5.6668e-1,2.4465e+10,1.5282e+11
0.01979,0.39375,5.6094e-1,2.4724e+10,6.6507e+10
0.02187,0.39375,5.5932e-1,2.8643e+10,7.0779e+10
0.02396,0.39375,5.6135e-1,3.0063e+10,2.3521e+11
0.02604,0.39375,5.5564e-1,3.0367e+10,1.4828e+11
0.02813,0.39375,5.4946e-1,3.4539e+10,1.9247e+11
0.03021,0.39375,5.3969e-1,3.1809e+10,9.8494e+10
0.03229,0.39375,5.3242e-1,3.7611e+10,1.1999e+11
0.03438,0.39375,5.2644e-1,3.8997e+10,1.9121e+11
0.03646,0.39375,5.1719e-1,3.5856e+10,1.3693e+11
0.03854,0.39375,5.0768e-1,3.3399e+10,1.1053e+11
0.04063,0.39375,4.9906e-1,3.1374e+10,6.5898e+10
0.04271,0.39375,4.9371e-1,3.3349e+10,1.0409e+11
0.04479,0.39375,4.8849e-1,2.9254e+10,1.2185e+11
0.04688,0.39375,4.8195e-1,2.6252e+10,1.5929e+11
0.04896,0.39375,4.7125e-1,2.9429e+10,1.1549e+11
0.05104,0.39375,4.5981e-1,3.1938e+10,9.0936e+10
0.05312,0.39375,4.5006e-1,3.4245e+10,1.1551e+11
0.05521,0.39375,4.4092e-1,3.1525e+10,1.3449e+11
0.05729,0.39375,4.3066e-1,3.0679e+10,1.4804e+11
0.05937,0.39375,4.1786e-1,3.3511e+10,1.7530e+11
0.06146,0.39375,4.0008e-1,3.5366e+10,8.2098e+10
0.06354,0.39375,3.8434e-1,3.6741e+10,8.1064e+10
0.06563,0.39375,3.7021e-1,3.3505e+10,1.2796e+11
0.06771,0.39375,3.5386e-1,2.9021e+10,1.0029e+11
0.06979,0.39375,3.3703e-1,2.4139e+10,1.1736e+11
0.07187,0.39375,3.1831e-1,2.5277e+10,1.1823e+11
0.07396,0.39375,2.9792e-1,3.4526e+10,7.0746e+10
0.07604,0.39375,2.7974e-1,3.2274e+10,7.7723e+10
0.07813,0.39375,2.6253e-1,3.3124e+10,1.0218e+11
0.08021,0.39375,2.4413e-1,3.5634e+10,1.1105e+11
0.08229,0.39375,2.2402e-1,3.0726e+10,8.5748e+10
0.08438,0.39375,2.0331e-1,2.2784e+10,7.9283e+10
0.08646,0.39375,1.8171e-1,2.3331e+10,1.0016e+11
0.08854,0.39375,1.5770e-1,2.1417e+10,5.1880e+10
0.09062,0.39375,1.3488e-1,8.8300e+9,7.6850e+10
0.09271,0.39375,1.1064e-1,1.4565e+9,1.0709e+11
0.09479,0.39375,8.1933e-2,2.3143e+8,6.2382e+10
0.09688,0.39375,5.0930e-2,1.5152e+8,5.6375e+10
0.09896,0.39375,1.7503e-2,7.0084e+7,3.5417e+10
0.00104,0.39792,1.8311e-1,4.1390e+9,0.0000e+0
0.00313,0.39792,1.8429e-1,2.5020e+9,0.0000e+0
0.00521,0.39792,1.8684e-1,3.5598e+9,0.0000e+0
0.00729,0.39792,1.9150e-1,4.9704e+9,7.0838e+10
0.00937,0.39792,1.9503e-1,1.1482e+10,1.3618e+11
0.01146,0.39792,1.9456e-1,1.5218e+10,8.1938e+10
0.01354,0.39792,1.9370e-1,1.3431e+10,3.6675e+10
0.01563,0.39792,1.9481e-1,1.0177e+10,6.3550e+10
0.01771,0.39792,1.9518e-1,1.5077e+10,9.4728e+10
0.01979,0.39792,1.9406e-1,1.3309e+10,4.4328e+10
0.02187,0.39792,1.9579e-1,1.9110e+10,8.3829e+10
0.02396,0.39792,1.9920e-1,2.2935e+10,1.7491e+11
0.02604,0.39792,1.9958e-1,2.0824e+10,1.9036e+11
0.02813,0.39792,1.9748e-1,2.5410e+10,1.8000e+11
0.03021,0.39792,1.9419e-1,2.0370e+10,1.6209e+11
0.03229,0.39792,1.9072e-1,2.1206e+10,1.6786e+11
0.03438,0.39792,1.8593e-1,2.2039e+10,1.0335e+11
0.03646,0.39792,1.8284e-1,2.2591e+10,1.4069e+11
0.03854,0.39792,1.7852e-1,2.3158e+10,9.8454e+10
0.04063,0.39792,1.7545e-1,2.4179e+10,8.8313e+10
0.04271,0.39792,1.7429e-1,2.3711e+10,1.2817e+11
0.04479,0.39792,1.7228e-1,2.0500e+10,1.0593e+11
0.04688,0.39792,1.7073e-1,1.6129e+10,1.1547e+11
0.04896,0.39792,1.6900e-1,1.8054e+10,1.6973e+11
0.05104,0.39792,1.6444e-1,1.9597e+10,1.2802e+11
0.05312,0.39792,1.5992e-1,2.4738e+10,1.0559e+11
0.05521,0.39792,1.5662e-1,2.0635e+10,1.0925e+11
0.05729,0.39792,1.5372e-1,1.9821e+10,1.2282e+11
0.05937,0.39792,1.5046e-1,2.3742e+10,1.9860e+11
0.06146,0.39792,1.4206e-1,2.4093e+10,8.1881e+10
0.06354,0.39792,1.3590e-1,2.2568e+10,7.6254e+10
0.06563,0.39792,1.3153e-1,2.0024e+10,1.1316e+11
0.06771,0.39792,1.2609e-1,1.9106e+10,9.9695e+10
0.06979,0.39792,1.2059e-1,1.6171e+10,1.2054e+11
0.07187,0.39792,1.1328e-1,1.9430e+10,1.0355e+11
0.07396,0.39792,1.0497e-1,2.3105e+10,6.1404e+10
0.07604,0.39792,9.8110e-2,2.3446e+10,4.7332e+10
0.07813,0.39792,9.3185e-2,2.2674e+10,8.9862e+10
0.08021,0.39792,8.7384e-2,2.3353e+10,7.6727e+10
0.08229,0.39792,8.2042e-2,2.0663e+10,1.1355e+11
0.08438,0.39792,7.5085e-2,1.6196e+10,1.0373e+11
0.08646,0.39792,6.6928e-2,1.8287e+10,9.7784e+10
0.08854,0.39792,5.7507e-2,1.6859e+10,5.2054e+10
0.09062,0.39792,4.9236e-2,6.9789e+9,3.4127e+10
0.09271,0.39792,4.2216e-2,1.2247e+9,8.1659e+10
0.09479,0.39792,3.3063e-2,2.1150e+8,1.0815e+11
0.09688,0.39792,1.9991e-2,4.3987e+7,3.5012e+10
0.09896,0.39792,6.7161e-3,4.4468e+7,1.4050e+10