r_m,z_m,phi_V,ne_m3,ni_m3
0.00104,0.00208,1.5453e-1,6.6873e+9,0.0000e+0
0.00313,0.00208,1.5451e-1,2.8006e+9,0.0000e+0
0.00521,0.00208,1.5425e-1,1.5638e+10,0.0000e+0
0.00729,0.00208,1.5446e-1,1.6038e+10,0.0000e+0
0.00937,0.00208,1.5503e-1,1.3252e+10,0.0000e+0
0.01146,0.00208,1.5584e-1,1.4795e+10,0.0000e+0
0.01354,0.00208,1.5710e-1,9.6407e+9,2.6895e+9
0.01563,0.00208,1.5857e-1,1.0064e+10,2.3945e+10
0.01771,0.00208,1.5916e-1,1.5457e+10,1.8796e+10
0.01979,0.00208,1.5952e-1,1.5700e+10,3.3989e+10
0.02187,0.00208,1.5852e-1,1.3773e+10,1.7371e+9
0.02396,0.00208,1.5809e-1,1.3221e+10,4.5782e+9
0.02604,0.00208,1.5788e-1,1.8948e+10,1.0027e+10
0.02813,0.00208,1.5800e-1,2.6567e+10,1.5684e+10
0.03021,0.00208,1.5878e-1,2.6356e+10,2.7407e+10
0.03229,0.00208,1.5994e-1,3.1074e+10,4.6727e+10
0.03438,0.00208,1.6129e-1,1.9990e+10,9.2939e+10
0.03646,0.00208,1.5970e-1,2.4768e+10,4.8449e+10
0.03854,0.00208,1.5847e-1,2.1546e+10,2.8987e+10
0.04063,0.00208,1.5819e-1,2.1772e+10,4.6107e+10
0.04271,0.00208,1.5786e-1,2.5934e+10,6.0949e+10
0.04479,0.00208,1.5675e-1,2.0669e+10,4.6527e+10
0.04688,0.00208,1.5537e-1,2.2384e+10,2.4824e+10
0.04896,0.00208,1.5518e-1,2.1605e+10,4.6202e+10
0.05104,0.00208,1.5492e-1,2.6375e+10,6.1674e+10
0.05312,0.00208,1.5446e-1,2.3049e+10,6.6895e+10
0.05521,0.00208,1.5380e-1,2.9850e+10,7.7479e+10
0.05729,0.00208,1.5320e-1,2.1703e+10,7.7270e+10
0.05937,0.00208,1.5238e-1,2.4234e+10,9.2123e+10
0.06146,0.00208,1.5061e-1,1.7329e+10,8.3597e+10
0.06354,0.00208,1.4787e-1,2.0271e+10,1.0334e+11
0.06563,0.00208,1.4290e-1,3.0999e+10,5.5337e+10
0.06771,0.00208,1.3927e-1,3.7245e+10,6.6887e+10
0.06979,0.00208,1.3636e-1,3.0579e+10,1.0876e+11
0.07187,0.00208,1.3150e-1,2.5765e+10,1.1916e+11
0.07396,0.00208,1.2390e-1,2.1422e+10,8.6886e+10
0.07604,0.00208,1.1506e-1,2.5892e+10,6.2131e+10
0.07813,0.00208,1.0663e-1,2.6699e+10,5.7109e+10
0.08021,0.00208,9.8839e-2,3.4788e+10,9.0855e+10
0.08229,0.00208,8.9918e-2,2.9375e+10,7.9347e+10
0.08438,0.00208,8.0026e-2,2.4666e+10,6.6162e+10
0.08646,0.00208,6.9477e-2,2.5310e+10,3.9534e+10
0.08854,0.00208,5.9917e-2,2.8349e+10,6.5236e+10
0.09062,0.00208,5.0162e-2,1.4678e+10,7.8422e+10
0.09271,0.00208,3.8564e-2,1.4315e+9,3.7202e+10
0.09479,0.00208,2.6520e-2,6.6149e+7,2.3513e+9
0.09688,0.00208,1.5485e-2,6.6169e+7,0.0000e+0
0.09896,0.00208,5.0568e-3,0.0000e+0,0.0000e+0
0.00104,0.00625,4.6580e-1,6.1208e+9,0.0000e+0
0.00313,0.00625,4.6577e-1,7.2918e+9,0.0000e+0
0.00521,0.00625,4.6579e-1,1.8211e+10,0.0000e+0
0.00729,0.00625,4.6653e-1,1.7583e+10,0.0000e+0
0.00937,0.00625,4.6774e-1,2.0780e+10,0.0000e+0
0.01146,0.00625,4.6956e-1,1.8214e+10,0.0000e+0
0.01354,0.00625,4.7185e-1,1.1534e+10,0.0000e+0
0.01563,0.00625,4.7428e-1,1.5197e+10,2.1887e+9
0.01771,0.00625,4.7711e-1,2.2573e+10,4.0430e+10
0.01979,0.00625,4.7839e-1,2.3979e+10,5.1048e+10
0.02187,0.00625,4.7735e-1,1.4548e+10,1.3449e+10
0.02396,0.00625,4.7618e-1,1.6472e+10,1.4559e+10
0.02604,0.00625,4.7520e-1,2.4502e+10,2.1029e+10
0.02813,0.00625,4.7458e-1,3.2223e+10,3.5652e+10
0.03021,0.00625,4.7425e-1,3.4020e+10,4.4023e+10
0.03229,0.00625,4.7385e-1,3.3667e+10,5.7964e+10
0.03438,0.00625,4.7278e-1,3.1578e+10,6.2124e+10
0.03646,0.00625,4.7047e-1,3.4183e+10,3.4633e+10
0.03854,0.00625,4.6948e-1,3.1811e+10,7.2688e+10
0.04063,0.00625,4.6720e-1,3.6983e+10,4.6991e+10
0.04271,0.00625,4.6581e-1,3.3242e+10,6.9418e+10
0.04479,0.00625,4.6339e-1,3.4701e+10,6.1016e+10
0.04688,0.00625,4.6077e-1,3.7858e+10,6.8678e+10
0.04896,0.00625,4.5814e-1,3.3018e+10,8.0505e+10
0.05104,0.00625,4.5455e-1,3.2592e+10,7.2336e+10
0.05312,0.00625,4.5043e-1,3.2043e+10,5.7424e+10
0.05521,0.00625,4.4633e-1,4.6098e+10,5.2004e+10
0.05729,0.00625,4.4318e-1,3.3418e+10,5.6058e+10
0.05937,0.00625,4.3975e-1,3.4520e+10,7.3990e+10
0.06146,0.00625,4.3516e-1,2.1922e+10,1.0347e+11
0.06354,0.00625,4.2697e-1,3.1974e+10,9.9972e+10
0.06563,0.00625,4.1627e-1,4.1785e+10,7.2537e+10
0.06771,0.00625,4.0600e-1,4.4082e+10,1.2528e+11
0.06979,0.00625,3.9279e-1,4.7273e+10,1.2546e+11
0.07187,0.00625,3.7684e-1,3.4716e+10,1.3071e+11
0.07396,0.00625,3.5698e-1,2.6378e+10,1.2160e+11
0.07604,0.00625,3.3313e-1,3.4157e+10,7.4403e+10
0.07813,0.00625,3.0860e-1,3.8141e+10,5.3191e+10
0.08021,0.00625,2.8431e-1,5.2916e+10,8.5730e+10
0.08229,0.00625,2.5889e-1,3.9690e+10,1.0144e+11
0.08438,0.00625,2.3068e-1,3.2832e+10,7.7252e+10
0.08646,0.00625,2.0097e-1,3.2959e+10,7.4065e+10
0.08854,0.00625,1.6985e-1,4.4150e+10,5.5626e+10
0.09062,0.00625,1.3882e-1,1.9716e+10,2.9786e+10
0.09271,0.00625,1.0730e-1,2.1094e+9,6.9394e+9
0.09479,0.00625,7.5821e-2,1.2896e+8,0.0000e+0
0.09688,0.00625,4.4969e-2,6.8979e+7,0.0000e+0
0.09896,0.00625,1.4778e-2,0.0000e+0,0.0000e+0
0.00104,0.01042,7.7921e-1,5.2977e+9,0.0000e+0
0.00313,0.01042,7.7917e-1,1.4978e+10,0.0000e+0
0.00521,0.01042,7.7955e-1,2.9172e+10,0.0000e+0
0.00729,0.01042,7.8114e-1,1.8899e+10,0.0000e+0
0.00937,0.01042,7.8314e-1,1.9769e+10,1.3400e+7
0.01146,0.01042,7.8566e-1,2.1315e+10,7.7307e+9
0.01354,0.01042,7.8823e-1,1.1741e+10,6.9896e+8
0.01563,0.01042,7.9103e-1,1.8081e+10,6.0244e+7
0.01771,0.01042,7.9471e-1,2.9245e+10,3.0860e+10
0.01979,0.01042,7.9801e-1,2.8682e+10,8.6559e+10
0.02187,0.01042,7.9745e-1,2.0603e+10,6.6899e+10
0.02396,0.01042,7.9453e-1,2.3360e+10,2.8516e+10
0.02604,0.01042,7.9237e-1,3.5519e+10,6.8316e+10
0.02813,0.01042,7.8908e-1,4.5934e+10,4.6538e+10
0.03021,0.01042,7.8695e-1,4.7347e+10,9.0196e+10
0.03229,0.01042,7.8298e-1,4.7879e+10,4.6570e+10
0.03438,0.01042,7.8005e-1,4.6669e+10,7.1486e+10
0.03646,0.01042,7.7617e-1,4.5043e+10,4.3305e+10
0.03854,0.01042,7.7319e-1,4.3208e+10,5.8624e+10
0.04063,0.01042,7.6985e-1,4.9390e+10,5.9640e+10
0.04271,0.01042,7.6692e-1,4.6099e+10,7.8092e+10
0.04479,0.01042,7.6304e-1,4.8159e+10,9.4398e+10
0.04688,0.01042,7.5696e-1,4.2729e+10,5.6786e+10
0.04896,0.01042,7.5058e-1,4.2182e+10,4.4046e+10
0.05104,0.01042,7.4439e-1,5.0258e+10,4.0201e+10
0.05312,0.01042,7.3904e-1,5.0781e+10,5.6580e+10
0.05521,0.01042,7.3376e-1,5.6701e+10,8.1309e+10
0.05729,0.01042,7.2760e-1,4.4093e+10,8.1489e+10
0.05937,0.01042,7.1993e-1,4.0075e+10,9.4996e+10
0.06146,0.01042,7.0940e-1,3.5789e+10,8.5154e+10
0.06354,0.01042,6.9598e-1,4.2728e+10,9.0025e+10
0.06563,0.01042,6.7959e-1,4.9141e+10,1.0123e+11
0.06771,0.01042,6.6039e-1,5.5578e+10,1.2301e+11
0.06979,0.01042,6.3740e-1,5.1143e+10,1.2954e+11
0.07187,0.01042,6.0972e-1,4.1836e+10,9.7145e+10
0.07396,0.01042,5.7861e-1,3.8490e+10,9.8603e+10
0.07604,0.01042,5.4387e-1,5.0952e+10,8.6120e+10
0.07813,0.01042,5.0754e-1,4.8159e+10,1.3007e+11
0.08021,0.01042,4.6653e-1,5.8416e+10,1.1330e+11
0.08229,0.01042,4.2238e-1,5.7199e+10,8.7090e+10
0.08438,0.01042,3.7625e-1,4.3830e+10,6.7983e+10
0.08646,0.01042,3.2809e-1,4.5306e+10,5.8165e+10
0.08854,0.01042,2.7881e-1,4.7353e+10,5.4266e+10
0.09062,0.01042,2.2910e-1,2.0331e+10,5.4331e+10
0.09271,0.01042,1.7718e-1,2.2232e+9,7.2705e+9
0.09479,0.01042,1.2540e-1,2.3827e+8,3.8593e+7
0.09688,0.01042,7.4454e-2,6.8602e+7,0.0000e+0
0.09896,0.01042,2.4480e-2,0.0000e+0,0.0000e+0
0.00104,0.01458,1.0946e+0,1.4924e+10,0.0000e+0
0.00313,0.01458,1.0951e+0,1.4900e+10,0.0000e+0
0.00521,0.01458,1.0961e+0,2.3557e+10,0.0000e+0
0.00729,0.01458,1.0980e+0,2.1411e+10,0.0000e+0
0.00937,0.01458,1.1007e+0,2.5588e+10,5.3425e+9
0.01146,0.01458,1.1040e+0,2.3087e+10,4.1755e+10
0.01354,0.01458,1.1055e+0,2.0862e+10,1.0424e+9
0.01563,0.01458,1.1082e+0,2.3248e+10,1.9627e+8
0.01771,0.01458,1.1117e+0,3.6051e+10,3.8093e+10
0.01979,0.01458,1.1143e+0,3.5262e+10,8.6578e+10
0.02187,0.01458,1.1131e+0,3.1115e+10,8.5587e+10
0.02396,0.01458,1.1091e+0,3.4533e+10,5.8935e+10
0.02604,0.01458,1.1046e+0,5.0207e+10,6.6858e+10
0.02813,0.01458,1.0996e+0,4.9631e+10,5.9372e+10
0.03021,0.01458,1.0944e+0,5.4910e+10,5.7640e+10
0.03229,0.01458,1.0893e+0,5.6586e+10,6.7326e+10
0.03438,0.01458,1.0841e+0,6.2109e+10,6.3660e+10
0.03646,0.01458,1.0796e+0,5.9532e+10,8.5590e+10
0.03854,0.01458,1.0742e+0,5.7583e+10,7.9742e+10
0.04063,0.01458,1.0683e+0,5.3626e+10,6.1967e+10
0.04271,0.01458,1.0625e+0,5.7447e+10,4.6085e+10
0.04479,0.01458,1.0579e+0,5.9966e+10,9.5764e+10
0.04688,0.01458,1.0510e+0,4.8112e+10,7.0140e+10
0.04896,0.01458,1.0427e+0,4.9312e+10,3.8063e+10
0.05104,0.01458,1.0350e+0,6.8179e+10,7.2717e+10
0.05312,0.01458,1.0264e+0,7.6175e+10,7.6089e+10
0.05521,0.01458,1.0178e+0,6.8760e+10,9.9933e+10
0.05729,0.01458,1.0073e+0,5.8254e+10,8.5303e+10
0.05937,0.01458,9.9555e-1,5.9431e+10,1.0619e+11
0.06146,0.01458,9.8133e-1,5.8934e+10,1.2872e+11
0.06354,0.01458,9.6395e-1,5.4873e+10,1.8386e+11
0.06563,0.01458,9.4004e-1,6.3246e+10,1.7125e+11
0.06771,0.01458,9.1133e-1,7.1270e+10,1.5904e+11
0.06979,0.01458,8.7920e-1,5.5619e+10,1.6633e+11
0.07187,0.01458,8.4237e-1,5.2630e+10,1.8536e+11
0.07396,0.01458,7.9957e-1,5.5463e+10,1.4131e+11
0.07604,0.01458,7.5378e-1,6.9054e+10,1.7222e+11
0.07813,0.01458,7.0365e-1,5.5879e+10,1.5991e+11
0.08021,0.01458,6.4846e-1,5.6782e+10,1.3733e+11
0.08229,0.01458,5.8893e-1,6.7841e+10,1.1570e+11
0.08438,0.01458,5.2702e-1,5.5829e+10,1.3968e+11
0.08646,0.01458,4.6037e-1,5.6115e+10,1.0364e+11
0.08854,0.01458,3.9194e-1,4.8492e+10,9.8424e+10
0.09062,0.01458,3.2221e-1,1.8905e+10,9.2325e+10
0.09271,0.01458,2.4957e-1,1.7551e+9,4.3936e+10
0.09479,0.01458,1.7626e-1,2.2220e+8,9.3137e+9
0.09688,0.01458,1.0440e-1,6.8437e+7,0.0000e+0
0.09896,0.01458,3.4292e-2,0.0000e+0,0.0000e+0
0.00104,0.01875,1.4107e+0,3.4260e+10,0.0000e+0
0.00313,0.01875,1.4119e+0,2.1825e+10,0.0000e+0
0.00521,0.01875,1.4137e+0,2.1040e+10,0.0000e+0
0.00729,0.01875,1.4162e+0,1.9348e+10,6.4289e+8
0.00937,0.01875,1.4194e+0,2.3795e+10,3.3427e+10
0.01146,0.01875,1.4214e+0,2.3039e+10,1.7579e+10
0.01354,0.01875,1.4236e+0,2.4735e+10,1.0768e+8
0.01563,0.01875,1.4272e+0,3.1196e+10,3.3428e+10
0.01771,0.01875,1.4305e+0,4.5188e+10,1.1362e+11
0.01979,0.01875,1.4290e+0,4.0152e+10,9.1455e+10
0.02187,0.01875,1.4243e+0,3.7324e+10,5.2670e+10
0.02396,0.01875,1.4192e+0,4.6018e+10,3.9941e+10
0.02604,0.01875,1.4154e+0,5.6148e+10,1.0090e+11
0.02813,0.01875,1.4094e+0,5.4407e+10,9.1307e+10
0.03021,0.01875,1.4017e+0,6.0186e+10,8.4307e+10
0.03229,0.01875,1.3938e+0,6.1683e+10,7.6101e+10
0.03438,0.01875,1.3867e+0,6.8566e+10,1.0337e+11
0.03646,0.01875,1.3790e+0,7.2030e+10,8.4902e+10
0.03854,0.01875,1.3717e+0,6.1780e+10,6.8878e+10
0.04063,0.01875,1.3650e+0,5.9788e+10,8.3871e+10
0.04271,0.01875,1.3575e+0,6.4300e+10,4.7704e+10
0.04479,0.01875,1.3516e+0,7.2892e+10,7.8865e+10
0.04688,0.01875,1.3455e+0,5.8278e+10,9.1379e+10
0.04896,0.01875,1.3375e+0,6.6574e+10,8.3854e+10
0.05104,0.01875,1.3288e+0,8.6113e+10,1.5953e+11
0.05312,0.01875,1.3152e+0,8.4952e+10,1.0080e+11
0.05521,0.01875,1.3010e+0,7.1784e+10,8.5990e+10
0.05729,0.01875,1.2855e+0,6.9552e+10,9.3450e+10
0.05937,0.01875,1.2680e+0,7.7115e+10,1.3268e+11
0.06146,0.01875,1.2462e+0,7.4445e+10,1.3024e+11
0.06354,0.01875,1.2202e+0,7.2124e+10,1.4722e+11
0.06563,0.01875,1.1891e+0,7.1845e+10,1.7228e+11
0.06771,0.01875,1.1521e+0,7.2968e+10,1.9562e+11
0.06979,0.01875,1.1091e+0,6.4937e+10,1.7547e+11
0.07187,0.01875,1.0618e+0,5.8407e+10,1.7428e+11
0.07396,0.01875,1.0105e+0,6.3693e+10,2.1333e+11
0.07604,0.01875,9.5387e-1,7.7495e+10,2.1946e+11
0.07813,0.01875,8.9295e-1,6.4015e+10,2.0382e+11
0.08021,0.01875,8.2845e-1,6.7952e+10,2.8223e+11
0.08229,0.01875,7.5607e-1,7.7367e+10,2.8322e+11
0.08438,0.01875,6.7678e-1,6.6906e+10,2.5127e+11
0.08646,0.01875,5.9137e-1,6.8866e+10,2.2125e+11
0.08854,0.01875,5.0109e-1,6.2299e+10,1.3005e+11
0.09062,0.01875,4.1043e-1,2.5798e+10,9.1483e+10
0.09271,0.01875,3.1797e-1,1.4068e+9,3.9507e+10
0.09479,0.01875,2.2486e-1,1.8039e+8,2.8366e+9
0.09688,0.01875,1.3342e-1,6.8114e+7,0.0000e+0
0.09896,0.01875,4.3861e-2,0.0000e+0,0.0000e+0
0.00104,0.02292,1.7281e+0,2.0801e+10,0.0000e+0
0.00313,0.02292,1.7292e+0,1.8557e+10,0.0000e+0
0.00521,0.02292,1.7314e+0,1.8630e+10,0.0000e+0
0.00729,0.02292,1.7347e+0,1.9960e+10,3.5947e+10
0.00937,0.02292,1.7370e+0,2.9685e+10,4.7232e+10
0.01146,0.02292,1.7384e+0,2.7497e+10,2.1866e+9
0.01354,0.02292,1.7420e+0,2.4149e+10,4.0128e+10
0.01563,0.02292,1.7452e+0,3.8646e+10,9.0494e+10
0.01771,0.02292,1.7463e+0,5.1992e+10,1.4928e+11
0.01979,0.02292,1.7418e+0,4.1854e+10,1.0660e+11
0.02187,0.02292,1.7342e+0,4.4449e+10,5.2094e+10
0.02396,0.02292,1.7274e+0,5.2397e+10,4.1128e+10
0.02604,0.02292,1.7224e+0,6.5311e+10,8.8876e+10
0.02813,0.02292,1.7164e+0,6.7016e+10,1.6938e+11
0.03021,0.02292,1.7045e+0,7.8199e+10,1.0246e+11
0.03229,0.02292,1.6922e+0,7.7987e+10,5.2645e+10
0.03438,0.02292,1.6828e+0,7.5777e+10,6.3006e+10
0.03646,0.02292,1.6748e+0,8.4365e+10,9.3663e+10
0.03854,0.02292,1.6660e+0,7.8807e+10,5.3789e+10
0.04063,0.02292,1.6586e+0,7.8384e+10,4.3708e+10
0.04271,0.02292,1.6525e+0,7.4424e+10,6.9357e+10
0.04479,0.02292,1.6458e+0,8.7486e+10,7.9766e+10
0.04688,0.02292,1.6384e+0,7.1794e+10,6.3261e+10
0.04896,0.02292,1.6307e+0,8.9941e+10,1.1814e+11
0.05104,0.02292,1.6208e+0,9.6017e+10,1.9049e+11
0.05312,0.02292,1.6043e+0,1.0113e+11,1.3084e+11
0.05521,0.02292,1.5864e+0,9.4217e+10,1.3266e+11
0.05729,0.02292,1.5673e+0,9.0797e+10,2.0693e+11
0.05937,0.02292,1.5427e+0,9.5253e+10,2.1598e+11
0.06146,0.02292,1.5133e+0,8.7032e+10,2.4534e+11
0.06354,0.02292,1.4772e+0,8.9304e+10,2.3917e+11
0.06563,0.02292,1.4344e+0,8.2092e+10,2.4877e+11
0.06771,0.02292,1.3833e+0,9.3371e+10,2.0093e+11
0.06979,0.02292,1.3272e+0,7.9842e+10,1.7191e+11
0.07187,0.02292,1.2661e+0,7.8929e+10,1.3002e+11
0.07396,0.02292,1.2023e+0,8.3779e+10,1.6755e+11
0.07604,0.02292,1.1327e+0,8.2337e+10,1.3273e+11
0.07813,0.02292,1.0593e+0,7.6657e+10,1.5640e+11
0.08021,0.02292,9.7978e-1,8.7211e+10,1.6433e+11
0.08229,0.02292,8.9385e-1,8.1786e+10,1.6905e+11
0.08438,0.02292,8.0118e-1,7.4260e+10,1.6179e+11
0.08646,0.02292,7.0251e-1,7.8463e+10,1.6223e+11
0.08854,0.02292,5.9898e-1,7.3156e+10,1.2448e+11
0.09062,0.02292,4.9360e-1,3.4146e+10,9.8176e+10
0.09271,0.02292,3.8535e-1,1.5916e+9,6.8800e+10
0.09479,0.02292,2.7401e-1,1.4075e+8,2.5416e+10
0.09688,0.02292,1.6278e-1,6.7822e+7,7.5727e+8
0.09896,0.02292,5.3536e-2,0.0000e+0,0.0000e+0
0.00104,0.02708,2.0429e+0,1.6646e+10,0.0000e+0
0.00313,0.02708,2.0438e+0,2.2843e+10,0.0000e+0
0.00521,0.02708,2.0460e+0,2.3148e+10,0.0000e+0
0.00729,0.02708,2.0493e+0,2.7013e+10,4.5846e+10
0.00937,0.02708,2.0507e+0,3.3432e+10,1.2923e+10
0.01146,0.02708,2.0528e+0,3.1108e+10,2.6020e+10
0.01354,0.02708,2.0549e+0,2.5750e+10,6.2911e+10
0.01563,0.02708,2.0544e+0,4.1548e+10,3.4842e+10
0.01771,0.02708,2.0545e+0,4.8225e+10,1.2095e+11
0.01979,0.02708,2.0495e+0,5.0760e+10,1.1835e+11
0.02187,0.02708,2.0407e+0,5.3365e+10,3.1384e+10
0.02396,0.02708,2.0344e+0,5.8317e+10,6.3110e+10
0.02604,0.02708,2.0278e+0,7.2052e+10,1.2364e+11
0.02813,0.02708,2.0178e+0,7.4318e+10,1.3016e+11
0.03021,0.02708,2.0042e+0,8.8669e+10,1.1649e+11
0.03229,0.02708,1.9897e+0,8.9988e+10,4.0642e+10
0.03438,0.02708,1.9794e+0,8.5224e+10,3.9988e+10
0.03646,0.02708,1.9723e+0,9.6052e+10,9.7691e+10
0.03854,0.02708,1.9651e+0,9.0186e+10,7.9830e+10
0.04063,0.02708,1.9587e+0,9.1873e+10,9.0493e+10
0.04271,0.02708,1.9533e+0,9.4567e+10,1.4657e+11
0.04479,0.02708,1.9459e+0,1.0679e+11,1.6011e+11
0.04688,0.02708,1.9369e+0,9.3506e+10,1.6620e+11
0.04896,0.02708,1.9256e+0,1.0006e+11,1.8305e+11
0.05104,0.02708,1.9115e+0,9.7871e+10,2.1277e+11
0.05312,0.02708,1.8921e+0,1.1871e+11,2.4079e+11
0.05521,0.02708,1.8674e+0,1.1362e+11,2.3898e+11
0.05729,0.02708,1.8375e+0,1.0061e+11,2.1585e+11
0.05937,0.02708,1.8024e+0,1.1270e+11,2.1285e+11
0.06146,0.02708,1.7625e+0,1.0565e+11,1.8471e+11
0.06354,0.02708,1.7185e+0,1.0840e+11,2.3932e+11
0.06563,0.02708,1.6667e+0,9.4232e+10,2.2636e+11
0.06771,0.02708,1.6074e+0,9.8544e+10,1.9423e+11
0.06979,0.02708,1.5434e+0,9.6435e+10,2.1754e+11
0.07187,0.02708,1.4726e+0,1.0527e+11,1.7493e+11
0.07396,0.02708,1.3983e+0,9.7781e+10,1.9078e+11
0.07604,0.02708,1.3188e+0,9.5064e+10,2.0015e+11
0.07813,0.02708,1.2336e+0,9.2331e+10,2.1682e+11
0.08021,0.02708,1.1409e+0,1.0059e+11,2.2372e+11
0.08229,0.02708,1.0402e+0,9.5979e+10,2.0012e+11
0.08438,0.02708,9.3152e-1,9.0979e+10,1.4745e+11
0.08646,0.02708,8.1646e-1,9.4233e+10,1.0758e+11
0.08854,0.02708,6.9803e-1,8.6104e+10,8.7955e+10
0.09062,0.02708,5.7799e-1,3.7389e+10,9.2023e+10
0.09271,0.02708,4.5383e-1,2.3523e+9,9.0204e+10
0.09479,0.02708,3.2455e-1,1.0221e+8,5.4250e+10
0.09688,0.02708,1.9347e-1,6.7701e+7,1.5677e+10
0.09896,0.02708,6.3634e-2,0.0000e+0,4.2963e+7
0.00104,0.03125,2.3553e+0,1.4449e+10,0.0000e+0
0.00313,0.03125,2.3565e+0,1.8106e+10,0.0000e+0
0.00521,0.03125,2.3590e+0,2.1064e+10,0.0000e+0
0.00729,0.03125,2.3629e+0,2.6556e+10,2.9759e+10
0.00937,0.03125,2.3663e+0,3.6604e+10,6.1052e+10
0.01146,0.03125,2.3675e+0,3.3377e+10,8.9793e+10
0.01354,0.03125,2.3659e+0,3.5989e+10,6.0799e+10
0.01563,0.03125,2.3637e+0,4.9433e+10,7.1189e+10
0.01771,0.03125,2.3616e+0,5.9129e+10,1.6873e+11
0.01979,0.03125,2.3537e+0,5.8230e+10,5.8052e+10
0.02187,0.03125,2.3473e+0,6.3567e+10,5.0430e+10
0.02396,0.03125,2.3431e+0,6.4590e+10,1.6822e+11
0.02604,0.03125,2.3334e+0,7.8692e+10,1.6819e+11
0.02813,0.03125,2.3195e+0,8.4333e+10,1.4388e+11
0.03021,0.03125,2.3030e+0,9.6941e+10,8.3444e+10
0.03229,0.03125,2.2890e+0,9.9491e+10,6.4857e+10
0.03438,0.03125,2.2793e+0,9.6922e+10,9.5087e+10
0.03646,0.03125,2.2717e+0,1.0645e+11,1.2163e+11
0.03854,0.03125,2.2654e+0,1.0906e+11,1.9679e+11
0.04063,0.03125,2.2565e+0,1.0672e+11,1.6774e+11
0.04271,0.03125,2.2472e+0,1.1441e+11,1.8145e+11
0.04479,0.03125,2.2367e+0,1.1084e+11,1.9319e+11
0.04688,0.03125,2.2237e+0,1.0932e+11,1.8213e+11
0.04896,0.03125,2.2080e+0,1.1656e+11,1.8436e+11
0.05104,0.03125,2.1900e+0,1.0850e+11,2.2548e+11
0.05312,0.03125,2.1662e+0,1.2199e+11,2.7445e+11
0.05521,0.03125,2.1343e+0,1.1775e+11,2.2857e+11
0.05729,0.03125,2.0967e+0,1.1160e+11,1.9652e+11
0.05937,0.03125,2.0549e+0,1.3153e+11,2.0903e+11
0.06146,0.03125,2.0092e+0,1.2148e+11,2.3896e+11
0.06354,0.03125,1.9561e+0,1.1726e+11,2.3562e+11
0.06563,0.03125,1.8947e+0,1.1289e+11,1.7924e+11
0.06771,0.03125,1.8276e+0,1.1790e+11,1.5198e+11
0.06979,0.03125,1.7568e+0,1.2165e+11,2.0440e+11
0.07187,0.03125,1.6792e+0,1.2383e+11,2.2848e+11
0.07396,0.03125,1.5947e+0,1.1487e+11,2.2407e+11
0.07604,0.03125,1.5041e+0,1.1026e+11,2.2069e+11
0.07813,0.03125,1.4078e+0,1.1506e+11,2.3810e+11
0.08021,0.03125,1.3054e+0,1.2257e+11,2.6459e+11
0.08229,0.03125,1.1968e+0,1.1692e+11,2.9393e+11
0.08438,0.03125,1.0805e+0,8.9615e+10,3.5137e+11
0.08646,0.03125,9.5094e-1,1.0241e+11,2.5512e+11
0.08854,0.03125,8.1414e-1,9.9015e+10,1.8340e+11
0.09062,0.03125,6.7291e-1,3.9529e+10,1.1686e+11
0.09271,0.03125,5.2657e-1,2.4487e+9,5.9841e+10
0.09479,0.03125,3.7674e-1,9.5158e+7,4.3849e+10
0.09688,0.03125,2.2551e-1,6.7477e+7,3.6356e+10
0.09896,0.03125,7.4259e-2,0.0000e+0,2.9369e+9
0.00104,0.03542,2.6628e+0,1.3071e+10,0.0000e+0
0.00313,0.03542,2.6645e+0,1.9387e+10,0.0000e+0
0.00521,0.03542,2.6681e+0,2.5158e+10,0.0000e+0
0.00729,0.03542,2.6736e+0,2.8463e+10,1.6527e+10
0.00937,0.03542,2.6805e+0,3.6784e+10,2.2604e+11
0.01146,0.03542,2.6761e+0,3.5148e+10,6.5688e+10
0.01354,0.03542,2.6726e+0,4.0823e+10,1.1728e+11
0.01563,0.03542,2.6666e+0,6.3799e+10,1.2316e+11
0.01771,0.03542,2.6597e+0,6.9877e+10,7.4128e+10
0.01979,0.03542,2.6549e+0,5.9321e+10,8.7744e+10
0.02187,0.03542,2.6517e+0,6.6133e+10,2.1237e+11
0.02396,0.03542,2.6434e+0,6.8141e+10,1.9106e+11
0.02604,0.03542,2.6313e+0,8.5886e+10,1.6722e+11
0.02813,0.03542,2.6175e+0,9.3454e+10,2.0066e+11
0.03021,0.03542,2.6004e+0,1.0804e+11,1.5486e+11
0.03229,0.03542,2.5849e+0,1.1549e+11,1.2082e+11
0.03438,0.03542,2.5735e+0,1.0432e+11,1.5318e+11
0.03646,0.03542,2.5625e+0,1.2241e+11,1.8168e+11
0.03854,0.03542,2.5507e+0,1.2541e+11,1.7639e+11
0.04063,0.03542,2.5381e+0,1.1693e+11,1.3339e+11
0.04271,0.03542,2.5267e+0,1.2236e+11,1.6566e+11
0.04479,0.03542,2.5143e+0,1.2358e+11,1.6170e+11
0.04688,0.03542,2.5009e+0,1.2224e+11,2.3580e+11
0.04896,0.03542,2.4812e+0,1.4124e+11,2.1438e+11
0.05104,0.03542,2.4585e+0,1.3455e+11,2.4923e+11
0.05312,0.03542,2.4291e+0,1.3655e+11,2.3447e+11
0.05521,0.03542,2.3940e+0,1.2719e+11,2.3155e+11
0.05729,0.03542,2.3523e+0,1.3645e+11,2.1908e+11
0.05937,0.03542,2.3048e+0,1.5415e+11,1.7153e+11
0.06146,0.03542,2.2552e+0,1.4159e+11,2.3094e+11
0.06354,0.03542,2.1973e+0,1.4035e+11,2.0778e+11
0.06563,0.03542,2.1328e+0,1.3167e+11,2.2398e+11
0.06771,0.03542,2.0606e+0,1.4125e+11,2.5971e+11
0.06979,0.03542,1.9798e+0,1.3692e+11,2.5416e+11
0.07187,0.03542,1.8903e+0,1.3684e+11,2.6890e+11
0.07396,0.03542,1.7912e+0,1.4847e+11,2.0110e+11
0.07604,0.03542,1.6878e+0,1.3184e+11,2.1342e+11
0.07813,0.03542,1.5781e+0,1.3295e+11,2.2489e+11
0.08021,0.03542,1.4612e+0,1.4307e+11,1.9635e+11
0.08229,0.03542,1.3395e+0,1.2156e+11,1.8103e+11
0.08438,0.03542,1.2130e+0,9.5986e+10,2.1180e+11
0.08646,0.03542,1.0791e+0,1.0676e+11,3.0645e+11
0.08854,0.03542,9.3458e-1,1.1484e+11,3.6709e+11
0.09062,0.03542,7.7718e-1,4.6115e+10,2.6670e+11
0.09271,0.03542,6.0853e-1,1.9905e+9,1.3420e+11
0.09479,0.03542,4.3406e-1,5.3272e+7,5.0013e+10
0.09688,0.03542,2.5924e-1,6.7105e+7,2.9268e+10
0.09896,0.03542,8.5637e-2,0.0000e+0,1.7191e+10
0.00104,0.03958,2.9612e+0,1.5530e+10,0.0000e+0
0.00313,0.03958,2.9638e+0,2.6172e+10,1.7369e+9
0.00521,0.03958,2.9701e+0,2.3465e+10,8.7323e+10
0.00729,0.03958,2.9753e+0,3.6599e+10,1.3897e+11
0.00937,0.03958,2.9793e+0,4.7958e+10,2.6702e+11
0.01146,0.03958,2.9747e+0,4.0417e+10,1.8379e+11
0.01354,0.03958,2.9676e+0,4.5646e+10,1.7519e+11
0.01563,0.03958,2.9584e+0,6.4212e+10,1.2554e+11
0.01771,0.03958,2.9505e+0,7.6890e+10,1.4351e+11
0.01979,0.03958,2.9428e+0,6.1764e+10,1.7733e+11
0.02187,0.03958,2.9326e+0,8.2811e+10,1.3898e+11
0.02396,0.03958,2.9239e+0,8.3308e+10,1.7605e+11
0.02604,0.03958,2.9141e+0,9.6546e+10,2.3823e+11
0.02813,0.03958,2.9000e+0,1.0201e+11,2.5025e+11
0.03021,0.03958,2.8812e+0,1.2417e+11,1.5029e+11
0.03229,0.03958,2.8662e+0,1.2927e+11,1.7320e+11
0.03438,0.03958,2.8532e+0,1.1708e+11,1.7023e+11
0.03646,0.03958,2.8407e+0,1.4041e+11,2.3043e+11
0.03854,0.03958,2.8255e+0,1.3463e+11,1.6103e+11
0.04063,0.03958,2.8123e+0,1.3035e+11,1.9801e+11
0.04271,0.03958,2.7989e+0,1.4156e+11,2.0500e+11
0.04479,0.03958,2.7861e+0,1.4549e+11,2.6080e+11
0.04688,0.03958,2.7705e+0,1.4482e+11,3.3190e+11
0.04896,0.03958,2.7473e+0,1.7026e+11,2.8211e+11
0.05104,0.03958,2.7215e+0,1.5481e+11,3.0731e+11
0.05312,0.03958,2.6896e+0,1.5831e+11,2.9465e+11
0.05521,0.03958,2.6528e+0,1.5018e+11,2.7623e+11
0.05729,0.03958,2.6115e+0,1.5949e+11,2.9620e+11
0.05937,0.03958,2.5650e+0,1.6603e+11,3.0938e+11
0.06146,0.03958,2.5130e+0,1.5658e+11,3.3963e+11
0.06354,0.03958,2.4520e+0,1.4782e+11,3.3421e+11
0.06563,0.03958,2.3815e+0,1.5464e+11,3.5479e+11
0.06771,0.03958,2.3005e+0,1.5546e+11,3.2973e+11
0.06979,0.03958,2.2106e+0,1.5481e+11,3.4711e+11
0.07187,0.03958,2.1093e+0,1.5583e+11,2.9175e+11
0.07396,0.03958,1.9992e+0,1.7016e+11,2.4737e+11
0.07604,0.03958,1.8833e+0,1.4439e+11,2.1596e+11
0.07813,0.03958,1.7604e+0,1.5172e+11,1.9654e+11
0.08021,0.03958,1.6317e+0,1.5647e+11,2.3290e+11
0.08229,0.03958,1.4951e+0,1.2833e+11,1.9312e+11
0.08438,0.03958,1.3516e+0,1.1545e+11,1.9872e+11
0.08646,0.03958,1.2003e+0,1.3676e+11,2.1857e+11
0.08854,0.03958,1.0416e+0,1.2738e+11,2.7196e+11
0.09062,0.03958,8.7209e-1,4.7138e+10,2.6251e+11
0.09271,0.03958,6.8772e-1,2.1283e+9,1.7608e+11
0.09479,0.03958,4.9241e-1,3.3163e+7,7.8349e+10
0.09688,0.03958,2.9395e-1,6.6708e+7,2.1736e+10
0.09896,0.03958,9.6811e-2,0.0000e+0,1.4770e+9
0.00104,0.04375,3.2429e+0,2.3447e+10,1.3817e+10
0.00313,0.04375,3.2445e+0,3.4259e+10,3.5331e+10
0.00521,0.04375,3.2476e+0,3.1934e+10,1.9144e+11
0.00729,0.04375,3.2439e+0,4.3481e+10,5.1399e+10
0.00937,0.04375,3.2443e+0,5.3874e+10,1.3443e+11
0.01146,0.04375,3.2425e+0,4.1213e+10,1.8447e+11
0.01354,0.04375,3.2357e+0,5.1942e+10,1.1875e+11
0.01563,0.04375,3.2301e+0,7.1325e+10,1.9615e+11
0.01771,0.04375,3.2229e+0,8.4469e+10,3.0258e+11
0.01979,0.04375,3.2088e+0,6.1328e+10,2.0861e+11
0.02187,0.04375,3.1927e+0,8.1896e+10,9.4691e+10
0.02396,0.04375,3.1834e+0,9.4968e+10,2.0749e+11
0.02604,0.04375,3.1732e+0,1.0886e+11,2.4837e+11
0.02813,0.04375,3.1598e+0,1.1354e+11,2.3801e+11
0.03021,0.04375,3.1433e+0,1.2583e+11,1.7573e+11
0.03229,0.04375,3.1292e+0,1.3659e+11,1.9413e+11
0.03438,0.04375,3.1176e+0,1.2352e+11,2.3906e+11
0.03646,0.04375,3.1045e+0,1.5906e+11,3.2092e+11
0.03854,0.04375,3.0873e+0,1.5562e+11,2.7898e+11
0.04063,0.04375,3.0688e+0,1.5419e+11,2.1166e+11
0.04271,0.04375,3.0518e+0,1.6447e+11,2.3699e+11
0.04479,0.04375,3.0349e+0,1.6517e+11,2.7011e+11
0.04688,0.04375,3.0155e+0,1.6148e+11,2.7022e+11
0.04896,0.04375,2.9928e+0,1.7723e+11,3.0569e+11
0.05104,0.04375,2.9657e+0,1.7271e+11,3.2768e+11
0.05312,0.04375,2.9326e+0,1.7633e+11,3.0504e+11
0.05521,0.04375,2.8958e+0,1.7013e+11,3.0051e+11
0.05729,0.04375,2.8544e+0,1.8711e+11,2.9986e+11
0.05937,0.04375,2.8097e+0,1.9561e+11,3.8553e+11
0.06146,0.04375,2.7569e+0,1.7678e+11,4.0519e+11
0.06354,0.04375,2.6945e+0,1.7560e+11,4.6364e+11
0.06563,0.04375,2.6187e+0,1.8679e+11,4.1797e+11
0.06771,0.04375,2.5325e+0,1.7204e+11,3.7581e+11
0.06979,0.04375,2.4374e+0,1.9051e+11,3.8569e+11
0.07187,0.04375,2.3333e+0,1.9568e+11,3.9448e+11
0.07396,0.04375,2.2192e+0,1.8265e+11,3.5264e+11
0.07604,0.04375,2.0970e+0,1.6625e+11,3.5772e+11
0.07813,0.04375,1.9654e+0,1.7158e+11,3.7846e+11
0.08021,0.04375,1.8239e+0,1.7230e+11,3.7476e+11
0.08229,0.04375,1.6719e+0,1.4909e+11,3.2658e+11
0.08438,0.04375,1.5102e+0,1.4137e+11,2.9485e+11
0.08646,0.04375,1.3399e+0,1.6273e+11,2.9934e+11
0.08854,0.04375,1.1619e+0,1.4350e+11,2.9490e+11
0.09062,0.04375,9.7515e-1,4.8032e+10,2.9658e+11
0.09271,0.04375,7.7309e-1,2.3042e+9,2.5339e+11
0.09479,0.04375,5.5603e-1,3.2187e+7,1.2810e+11
0.09688,0.04375,3.3356e-1,6.6464e+7,7.4492e+10
0.09896,0.04375,1.0992e-1,0.0000e+0,9.2692e+9
0.00104,0.04792,3.5149e+0,2.7961e+10,1.9484e+11
0.00313,0.04792,3.5124e+0,4.0418e+10,2.6525e+11
0.00521,0.04792,3.5025e+0,3.2733e+10,6.5841e+10
0.00729,0.04792,3.4959e+0,4.0030e+10,1.9833e+10
0.00937,0.04792,3.4933e+0,5.3565e+10,1.0142e+11
0.01146,0.04792,3.4880e+0,5.0956e+10,5.4961e+10
0.01354,0.04792,3.4819e+0,5.2080e+10,1.1067e+11
0.01563,0.04792,3.4725e+0,7.2384e+10,1.5137e+11
0.01771,0.04792,3.4594e+0,8.2122e+10,1.7015e+11
0.01979,0.04792,3.4425e+0,6.3778e+10,8.2790e+10
0.02187,0.04792,3.4271e+0,9.6894e+10,1.1638e+11
0.02396,0.04792,3.4137e+0,1.0468e+11,7.2960e+10
0.02604,0.04792,3.4054e+0,1.2259e+11,1.5493e+11
0.02813,0.04792,3.3978e+0,1.3671e+11,2.9439e+11
0.03021,0.04792,3.3836e+0,1.3716e+11,2.5017e+11
0.03229,0.04792,3.3678e+0,1.5200e+11,2.0376e+11
0.03438,0.04792,3.3546e+0,1.4163e+11,2.8395e+11
0.03646,0.04792,3.3368e+0,1.7430e+11,2.2909e+11
0.03854,0.04792,3.3200e+0,1.7305e+11,2.2465e+11
0.04063,0.04792,3.3043e+0,1.5780e+11,2.7694e+11
0.04271,0.04792,3.2854e+0,1.6280e+11,2.6409e+11
0.04479,0.04792,3.2637e+0,1.8681e+11,2.1588e+11
0.04688,0.04792,3.2433e+0,1.8562e+11,2.6685e+11
0.04896,0.04792,3.2197e+0,1.8501e+11,3.0258e+11
0.05104,0.04792,3.1899e+0,1.8414e+11,2.6486e+11
0.05312,0.04792,3.1560e+0,1.8939e+11,2.2226e+11
0.05521,0.04792,3.1216e+0,1.7824e+11,3.0952e+11
0.05729,0.04792,3.0815e+0,2.0257e+11,3.9129e+11
0.05937,0.04792,3.0337e+0,2.1082e+11,4.5610e+11
0.06146,0.04792,2.9755e+0,2.1379e+11,4.4979e+11
0.06354,0.04792,2.9090e+0,2.1150e+11,4.5128e+11
0.06563,0.04792,2.8351e+0,2.2605e+11,5.9051e+11
0.06771,0.04792,2.7469e+0,2.0065e+11,4.7604e+11
0.06979,0.04792,2.6511e+0,2.0578e+11,4.9917e+11
0.07187,0.04792,2.5472e+0,2.1969e+11,5.7707e+11
0.07396,0.04792,2.4315e+0,2.0233e+11,5.8113e+11
0.07604,0.04792,2.3020e+0,1.9795e+11,5.3935e+11
0.07813,0.04792,2.1600e+0,1.9408e+11,4.5251e+11
0.08021,0.04792,2.0094e+0,2.0404e+11,4.9249e+11
0.08229,0.04792,1.8475e+0,1.6752e+11,4.9178e+11
0.08438,0.04792,1.6719e+0,1.6126e+11,4.5795e+11
0.08646,0.04792,1.4838e+0,1.8278e+11,4.1562e+11
0.08854,0.04792,1.2869e+0,1.7261e+11,4.2105e+11
0.09062,0.04792,1.0793e+0,5.8860e+10,3.2482e+11
0.09271,0.04792,8.5842e-1,3.2572e+9,3.2294e+11
0.09479,0.04792,6.2039e-1,2.7437e+7,2.0162e+11
0.09688,0.04792,3.7365e-1,6.1109e+7,1.2421e+11
0.09896,0.04792,1.2363e-1,0.0000e+0,3.5334e+10
0.00104,0.05208,3.7548e+0,1.8012e+10,7.3447e+9
0.00313,0.05208,3.7557e+0,4.4383e+10,2.1666e+11
0.00521,0.05208,3.7470e+0,3.5192e+10,2.8228e+10
0.00729,0.05208,3.7432e+0,4.2602e+10,4.3578e+10
0.00937,0.05208,3.7418e+0,6.0142e+10,1.0438e+11
0.01146,0.05208,3.7396e+0,5.5278e+10,2.4587e+11
0.01354,0.05208,3.7280e+0,5.8317e+10,2.1510e+11
0.01563,0.05208,3.7102e+0,6.8532e+10,1.4844e+11
0.01771,0.05208,3.6911e+0,8.3569e+10,1.4959e+11
0.01979,0.05208,3.6707e+0,6.9736e+10,7.3268e+10
0.02187,0.05208,3.6532e+0,1.0733e+11,1.2620e+11
0.02396,0.05208,3.6373e+0,1.2212e+11,7.2773e+10
0.02604,0.05208,3.6273e+0,1.2261e+11,1.7716e+11
0.02813,0.05208,3.6155e+0,1.4221e+11,2.4300e+11
0.03021,0.05208,3.5993e+0,1.5494e+11,1.8213e+11
0.03229,0.05208,3.5837e+0,1.6208e+11,1.8021e+11
0.03438,0.05208,3.5686e+0,1.4818e+11,1.7878e+11
0.03646,0.05208,3.5520e+0,1.8505e+11,2.0138e+11
0.03854,0.05208,3.5354e+0,1.9043e+11,2.0124e+11
0.04063,0.05208,3.5192e+0,1.6846e+11,1.9315e+11
0.04271,0.05208,3.5018e+0,1.7359e+11,2.1374e+11
0.04479,0.05208,3.4822e+0,1.9608e+11,2.1191e+11
0.04688,0.05208,3.4625e+0,2.1026e+11,2.6997e+11
0.04896,0.05208,3.4391e+0,2.1657e+11,3.0768e+11
0.05104,0.05208,3.4098e+0,2.1453e+11,2.8651e+11
0.05312,0.05208,3.3768e+0,2.1962e+11,3.8412e+11
0.05521,0.05208,3.3348e+0,1.9966e+11,3.2628e+11
0.05729,0.05208,3.2866e+0,2.1964e+11,3.8444e+11
0.05937,0.05208,3.2296e+0,2.3587e+11,4.2569e+11
0.06146,0.05208,3.1615e+0,2.4216e+11,3.7888e+11
0.06354,0.05208,3.0870e+0,2.3073e+11,3.8223e+11
0.06563,0.05208,3.0049e+0,2.4392e+11,3.7976e+11
0.06771,0.05208,2.9162e+0,2.2109e+11,4.2644e+11
0.06979,0.05208,2.8171e+0,2.4336e+11,4.3937e+11
0.07187,0.05208,2.7091e+0,2.4717e+11,4.4384e+11
0.07396,0.05208,2.5932e+0,2.1706e+11,5.0056e+11
0.07604,0.05208,2.4651e+0,2.1479e+11,5.4919e+11
0.07813,0.05208,2.3232e+0,2.1715e+11,5.8779e+11
0.08021,0.05208,2.1656e+0,2.2316e+11,5.7586e+11
0.08229,0.05208,1.9930e+0,1.8906e+11,4.8832e+11
0.08438,0.05208,1.8086e+0,2.0121e+11,5.5453e+11
0.08646,0.05208,1.6081e+0,2.0617e+11,4.8169e+11
0.08854,0.05208,1.3958e+0,1.8761e+11,4.3206e+11
0.09062,0.05208,1.1723e+0,6.5676e+10,3.6107e+11
0.09271,0.05208,9.3275e-1,3.0058e+9,2.9304e+11
0.09479,0.05208,6.7751e-1,3.6199e+7,2.5701e+11
0.09688,0.05208,4.0925e-1,7.6830e+7,1.4680e+11
0.09896,0.05208,1.3614e-1,0.0000e+0,6.6896e+10
0.00104,0.05625,3.9908e+0,1.8150e+10,3.0704e+9
0.00313,0.05625,3.9938e+0,4.2667e+10,2.9882e+11
0.00521,0.05625,3.9842e+0,4.2137e+10,1.6231e+10
0.00729,0.05625,3.9833e+0,4.7160e+10,1.4245e+11
0.00937,0.05625,3.9811e+0,6.8079e+10,2.2547e+11
0.01146,0.05625,3.9742e+0,5.8643e+10,2.6368e+11
0.01354,0.05625,3.9589e+0,6.6174e+10,2.3846e+11
0.01563,0.05625,3.9378e+0,7.9906e+10,1.6742e+11
0.01771,0.05625,3.9164e+0,9.2212e+10,1.7638e+11
0.01979,0.05625,3.8944e+0,7.5126e+10,1.2542e+11
0.02187,0.05625,3.8730e+0,1.2109e+11,8.9399e+10
0.02396,0.05625,3.8576e+0,1.2804e+11,1.7242e+11
0.02604,0.05625,3.8427e+0,1.3478e+11,2.4224e+11
0.02813,0.05625,3.8233e+0,1.6007e+11,1.1605e+11
0.03021,0.05625,3.8081e+0,1.6142e+11,1.2449e+11
0.03229,0.05625,3.7959e+0,1.5647e+11,1.7487e+11
0.03438,0.05625,3.7830e+0,1.5193e+11,2.2926e+11
0.03646,0.05625,3.7660e+0,1.9300e+11,1.9579e+11
0.03854,0.05625,3.7496e+0,2.0780e+11,1.9021e+11
0.04063,0.05625,3.7344e+0,1.9662e+11,2.1244e+11
0.04271,0.05625,3.7180e+0,2.0268e+11,2.3532e+11
0.04479,0.05625,3.6998e+0,2.1130e+11,2.4526e+11
0.04688,0.05625,3.6811e+0,2.2726e+11,3.2265e+11
0.04896,0.05625,3.6586e+0,2.3462e+11,4.2907e+11
0.05104,0.05625,3.6267e+0,2.3271e+11,4.0176e+11
0.05312,0.05625,3.5878e+0,2.2780e+11,4.2994e+11
0.05521,0.05625,3.5396e+0,2.2782e+11,4.1916e+11
0.05729,0.05625,3.4832e+0,2.3993e+11,4.3759e+11
0.05937,0.05625,3.4188e+0,2.5460e+11,5.3355e+11
0.06146,0.05625,3.3399e+0,2.6851e+11,3.6356e+11
0.06354,0.05625,3.2585e+0,2.5300e+11,4.0555e+11
0.06563,0.05625,3.1688e+0,2.6427e+11,3.6597e+11
0.06771,0.05625,3.0742e+0,2.4571e+11,4.3224e+11
0.06979,0.05625,2.9693e+0,2.6261e+11,4.5996e+11
0.07187,0.05625,2.8542e+0,2.4967e+11,4.7901e+11
0.07396,0.05625,2.7280e+0,2.2338e+11,4.2000e+11
0.07604,0.05625,2.5933e+0,2.2882e+11,4.5328e+11
0.07813,0.05625,2.4490e+0,2.3514e+11,5.6921e+11
0.08021,0.05625,2.2880e+0,2.3233e+11,5.8856e+11
0.08229,0.05625,2.1100e+0,2.1497e+11,5.4227e+11
0.08438,0.05625,1.9174e+0,2.1845e+11,4.9375e+11
0.08646,0.05625,1.7132e+0,2.2145e+11,5.5659e+11
0.08854,0.05625,1.4934e+0,2.0109e+11,5.2466e+11
0.09062,0.05625,1.2580e+0,6.5377e+10,4.5455e+11
0.09271,0.05625,1.0009e+0,2.6567e+9,2.9569e+11
0.09479,0.05625,7.2899e-1,9.1742e+7,3.0363e+11
0.09688,0.05625,4.4146e-1,1.7737e+8,1.7750e+11
0.09896,0.05625,1.4724e-1,0.0000e+0,8.5911e+10
0.00104,0.06042,4.2077e+0,2.2135e+10,2.0177e+10
0.00313,0.06042,4.2108e+0,4.9961e+10,2.8428e+11
0.00521,0.06042,4.2033e+0,4.0651e+10,9.6628e+10
0.00729,0.06042,4.2000e+0,4.9907e+10,1.7674e+11
0.00937,0.06042,4.1942e+0,7.8046e+10,2.0009e+11
0.01146,0.06042,4.1859e+0,6.1250e+10,2.2903e+11
0.01354,0.06042,4.1701e+0,7.7598e+10,1.8650e+11
0.01563,0.06042,4.1499e+0,9.1764e+10,1.7531e+11
0.01771,0.06042,4.1285e+0,1.0287e+11,1.4947e+11
0.01979,0.06042,4.1085e+0,8.1668e+10,1.7126e+11
0.02187,0.06042,4.0865e+0,1.2190e+11,1.5538e+11
0.02396,0.06042,4.0667e+0,1.2411e+11,1.5511e+11
0.02604,0.06042,4.0479e+0,1.3244e+11,1.0126e+11
0.02813,0.06042,4.0330e+0,1.6948e+11,1.6206e+11
0.03021,0.06042,4.0203e+0,1.7394e+11,1.9856e+11
0.03229,0.06042,4.0086e+0,1.6477e+11,2.6040e+11
0.03438,0.06042,3.9933e+0,1.6820e+11,1.7547e+11
0.03646,0.06042,3.9801e+0,2.1091e+11,2.3805e+11
0.03854,0.06042,3.9682e+0,2.1502e+11,3.3050e+11
0.04063,0.06042,3.9524e+0,2.0886e+11,3.1103e+11
0.04271,0.06042,3.9346e+0,2.0970e+11,3.3684e+11
0.04479,0.06042,3.9126e+0,2.1600e+11,3.2776e+11
0.04688,0.06042,3.8880e+0,2.2787e+11,3.5298e+11
0.04896,0.06042,3.8597e+0,2.5734e+11,4.2606e+11
0.05104,0.06042,3.8244e+0,2.3542e+11,4.5897e+11
0.05312,0.06042,3.7789e+0,2.3878e+11,4.3137e+11
0.05521,0.06042,3.7250e+0,2.3585e+11,4.8024e+11
0.05729,0.06042,3.6585e+0,2.7935e+11,3.8886e+11
0.05937,0.06042,3.5882e+0,2.7493e+11,4.4019e+11
0.06146,0.06042,3.5094e+0,2.9060e+11,4.0495e+11
0.06354,0.06042,3.4265e+0,2.6433e+11,4.8947e+11
0.06563,0.06042,3.3320e+0,2.7222e+11,4.8197e+11
0.06771,0.06042,3.2275e+0,2.6438e+11,4.4809e+11
0.06979,0.06042,3.1131e+0,2.8387e+11,5.0205e+11
0.07187,0.06042,2.9859e+0,2.6863e+11,4.2828e+11
0.07396,0.06042,2.8494e+0,2.4467e+11,3.8073e+11
0.07604,0.06042,2.7051e+0,2.5325e+11,4.0325e+11
0.07813,0.06042,2.5524e+0,2.4122e+11,4.8887e+11
0.08021,0.06042,2.3844e+0,2.3844e+11,5.0252e+11
0.08229,0.06042,2.2012e+0,2.4183e+11,4.8060e+11
0.08438,0.06042,2.0058e+0,2.2698e+11,5.1121e+11
0.08646,0.06042,1.7958e+0,2.2620e+11,4.9513e+11
0.08854,0.06042,1.5729e+0,1.9517e+11,5.6162e+11
0.09062,0.06042,1.3309e+0,6.5705e+10,5.4990e+11
0.09271,0.06042,1.0604e+0,2.3523e+9,3.3888e+11
0.09479,0.06042,7.7199e-1,1.0050e+8,2.7414e+11
0.09688,0.06042,4.6976e-1,1.9322e+8,2.2679e+11
0.09896,0.06042,1.5719e-1,0.0000e+0,1.1035e+11
0.00104,0.06458,4.4002e+0,2.2439e+10,2.8816e+10
0.00313,0.06458,4.4026e+0,5.2191e+10,2.4773e+11
0.00521,0.06458,4.3964e+0,4.6526e+10,9.0398e+10
0.00729,0.06458,4.3923e+0,4.7422e+10,1.1122e+11
0.00937,0.06458,4.3856e+0,8.3327e+10,2.9328e+10
0.01146,0.06458,4.3833e+0,7.7848e+10,1.8493e+11
0.01354,0.06458,4.3753e+0,8.3610e+10,3.6600e+11
0.01563,0.06458,4.3523e+0,9.2079e+10,1.5379e+11
0.01771,0.06458,4.3302e+0,1.1514e+11,1.3137e+11
0.01979,0.06458,4.3110e+0,1.0588e+11,1.9838e+11
0.02187,0.06458,4.2886e+0,1.2312e+11,1.3561e+11
0.02396,0.06458,4.2686e+0,1.2539e+11,1.1124e+11
0.02604,0.06458,4.2530e+0,1.5308e+11,1.6359e+11
0.02813,0.06458,4.2407e+0,1.7710e+11,3.1122e+11
0.03021,0.06458,4.2240e+0,1.8740e+11,2.4136e+11
0.03229,0.06458,4.2086e+0,1.7814e+11,1.8323e+11
0.03438,0.06458,4.1967e+0,1.7913e+11,2.5878e+11
0.03646,0.06458,4.1834e+0,2.1728e+11,3.1249e+11
0.03854,0.06458,4.1689e+0,2.2914e+11,3.6768e+11
0.04063,0.06458,4.1502e+0,2.3187e+11,2.9856e+11
0.04271,0.06458,4.1315e+0,2.2667e+11,3.8127e+11
0.04479,0.06458,4.1054e+0,2.2770e+11,3.1980e+11
0.04688,0.06458,4.0750e+0,2.6133e+11,3.1391e+11
0.04896,0.06458,4.0409e+0,2.8781e+11,3.8614e+11
0.05104,0.06458,3.9992e+0,2.4120e+11,3.3007e+11
0.05312,0.06458,3.9511e+0,2.6477e+11,4.0299e+11
0.05521,0.06458,3.8933e+0,2.5909e+11,4.1782e+11
0.05729,0.06458,3.8244e+0,2.7222e+11,3.6738e+11
0.05937,0.06458,3.7506e+0,2.8402e+11,4.1623e+11
0.06146,0.06458,3.6701e+0,3.1480e+11,4.8879e+11
0.06354,0.06458,3.5817e+0,2.7931e+11,5.0083e+11
0.06563,0.06458,3.4820e+0,2.9090e+11,4.4970e+11
0.06771,0.06458,3.3758e+0,2.9521e+11,5.8906e+11
0.06979,0.06458,3.2545e+0,3.0510e+11,5.7224e+11
0.07187,0.06458,3.1195e+0,2.8998e+11,4.7343e+11
0.07396,0.06458,2.9750e+0,2.7139e+11,4.6130e+11
0.07604,0.06458,2.8198e+0,2.7064e+11,4.2928e+11
0.07813,0.06458,2.6560e+0,2.5245e+11,4.8649e+11
0.08021,0.06458,2.4772e+0,2.4996e+11,4.5788e+11
0.08229,0.06458,2.2851e+0,2.7180e+11,4.5105e+11
0.08438,0.06458,2.0831e+0,2.4610e+11,5.0253e+11
0.08646,0.06458,1.8665e+0,2.3393e+11,4.8452e+11
0.08854,0.06458,1.6359e+0,1.9918e+11,4.8562e+11
0.09062,0.06458,1.3893e+0,7.2323e+10,5.8185e+11
0.09271,0.06458,1.1105e+0,2.9582e+9,3.7452e+11
0.09479,0.06458,8.1031e-1,1.3680e+8,2.9420e+11
0.09688,0.06458,4.9469e-1,2.6598e+8,2.6215e+11
0.09896,0.06458,1.6611e-1,0.0000e+0,1.3723e+11
0.00104,0.06875,4.5714e+0,2.5250e+10,0.0000e+0
0.00313,0.06875,4.5723e+0,5.2077e+10,0.0000e+0
0.00521,0.06875,4.5754e+0,5.4214e+10,1.2204e+10
0.00729,0.06875,4.5812e+0,4.4750e+10,1.7417e+11
0.00937,0.06875,4.5799e+0,7.3112e+10,2.0150e+11
0.01146,0.06875,4.5739e+0,8.0296e+10,2.5533e+11
0.01354,0.06875,4.5617e+0,8.8534e+10,2.6673e+11
0.01563,0.06875,4.5433e+0,1.0148e+11,1.9440e+11
0.01771,0.06875,4.5250e+0,1.2583e+11,2.2578e+11
0.01979,0.06875,4.5059e+0,1.0744e+11,2.1523e+11
0.02187,0.06875,4.4849e+0,1.1928e+11,2.0151e+11
0.02396,0.06875,4.4640e+0,1.3632e+11,1.7923e+11
0.02604,0.06875,4.4458e+0,1.6850e+11,2.3355e+11
0.02813,0.06875,4.4281e+0,1.8147e+11,2.4552e+11
0.03021,0.06875,4.4099e+0,1.9559e+11,1.7877e+11
0.03229,0.06875,4.3965e+0,1.8734e+11,2.2745e+11
0.03438,0.06875,4.3837e+0,1.7998e+11,3.1266e+11
0.03646,0.06875,4.3649e+0,2.3379e+11,2.7686e+11
0.03854,0.06875,4.3467e+0,2.4494e+11,2.5203e+11
0.04063,0.06875,4.3306e+0,2.4583e+11,2.7670e+11
0.04271,0.06875,4.3138e+0,2.4102e+11,3.3355e+11
0.04479,0.06875,4.2920e+0,2.4616e+11,3.6495e+11
0.04688,0.06875,4.2659e+0,2.9276e+11,5.6156e+11
0.04896,0.06875,4.2278e+0,3.0955e+11,5.7270e+11
0.05104,0.06875,4.1792e+0,2.6854e+11,4.3415e+11
0.05312,0.06875,4.1272e+0,2.8320e+11,5.4251e+11
0.05521,0.06875,4.0654e+0,2.9110e+11,5.9453e+11
0.05729,0.06875,3.9903e+0,2.9724e+11,4.8593e+11
0.05937,0.06875,3.9092e+0,3.0653e+11,5.2571e+11
0.06146,0.06875,3.8191e+0,3.3939e+11,4.7732e+11
0.06354,0.06875,3.7251e+0,3.0869e+11,5.2435e+11
0.06563,0.06875,3.6209e+0,3.2010e+11,5.4592e+11
0.06771,0.06875,3.5064e+0,3.0631e+11,5.2744e+11
0.06979,0.06875,3.3822e+0,3.1327e+11,5.4809e+11
0.07187,0.06875,3.2495e+0,3.0785e+11,6.7499e+11
0.07396,0.06875,3.1009e+0,2.9730e+11,6.6198e+11
0.07604,0.06875,2.9363e+0,2.8419e+11,5.1476e+11
0.07813,0.06875,2.7645e+0,2.5509e+11,5.8843e+11
0.08021,0.06875,2.5773e+0,2.7006e+11,6.3032e+11
0.08229,0.06875,2.3719e+0,2.8746e+11,4.7597e+11
0.08438,0.06875,2.1594e+0,2.4921e+11,4.8979e+11
0.08646,0.06875,1.9353e+0,2.5086e+11,5.3122e+11
0.08854,0.06875,1.6959e+0,2.1122e+11,4.9197e+11
0.09062,0.06875,1.4405e+0,7.1204e+10,5.3615e+11
0.09271,0.06875,1.1552e+0,2.6366e+9,4.0808e+11
0.09479,0.06875,8.4514e-1,9.7990e+8,3.2673e+11
0.09688,0.06875,5.1691e-1,2.1954e+9,2.8110e+11
0.09896,0.06875,1.7427e-1,0.0000e+0,1.6960e+11
0.00104,0.07292,4.7432e+0,2.8884e+10,0.0000e+0
0.00313,0.07292,4.7446e+0,6.1163e+10,0.0000e+0
0.00521,0.07292,4.7494e+0,5.3590e+10,1.8698e+10
0.00729,0.07292,4.7557e+0,4.5980e+10,1.3775e+11
0.00937,0.07292,4.7557e+0,7.4730e+10,3.1954e+11
0.01146,0.07292,4.7414e+0,8.7873e+10,1.5139e+11
0.01354,0.07292,4.7260e+0,8.4735e+10,6.8786e+10
0.01563,0.07292,4.7141e+0,1.0472e+11,1.5760e+11
0.01771,0.07292,4.7011e+0,1.3997e+11,2.6085e+11
0.01979,0.07292,4.6828e+0,1.1726e+11,1.7559e+11
0.02187,0.07292,4.6634e+0,1.2340e+11,2.0300e+11
0.02396,0.07292,4.6414e+0,1.4507e+11,1.5321e+11
0.02604,0.07292,4.6221e+0,1.7197e+11,2.1402e+11
0.02813,0.07292,4.6031e+0,1.8689e+11,1.9342e+11
0.03021,0.07292,4.5860e+0,2.1128e+11,1.8947e+11
0.03229,0.07292,4.5730e+0,2.0060e+11,2.8006e+11
0.03438,0.07292,4.5568e+0,1.7786e+11,2.9122e+11
0.03646,0.07292,4.5344e+0,2.3951e+11,1.7276e+11
0.03854,0.07292,4.5176e+0,2.6225e+11,1.6935e+11
0.04063,0.07292,4.5077e+0,2.5230e+11,3.6341e+11
0.04271,0.07292,4.4907e+0,2.6010e+11,4.4142e+11
0.04479,0.07292,4.4631e+0,2.5666e+11,4.3096e+11
0.04688,0.07292,4.4264e+0,3.0109e+11,4.8365e+11
0.04896,0.07292,4.3809e+0,3.1886e+11,4.6843e+11
0.05104,0.07292,4.3290e+0,2.7287e+11,4.2661e+11
0.05312,0.07292,4.2702e+0,2.9633e+11,4.1670e+11
0.05521,0.07292,4.2059e+0,3.3304e+11,5.0893e+11
0.05729,0.07292,4.1320e+0,3.1827e+11,5.1934e+11
0.05937,0.07292,4.0471e+0,3.4191e+11,5.2226e+11
0.06146,0.07292,3.9526e+0,3.7437e+11,4.6219e+11
0.06354,0.07292,3.8551e+0,3.3033e+11,5.7319e+11
0.06563,0.07292,3.7435e+0,3.3766e+11,5.5135e+11
0.06771,0.07292,3.6206e+0,3.2486e+11,5.3952e+11
0.06979,0.07292,3.4859e+0,3.3436e+11,4.8615e+11
0.07187,0.07292,3.3438e+0,3.3332e+11,5.0242e+11
0.07396,0.07292,3.1939e+0,3.0112e+11,5.9996e+11
0.07604,0.07292,3.0277e+0,3.1481e+11,5.6660e+11
0.07813,0.07292,2.8493e+0,2.6747e+11,5.1536e+11
0.08021,0.07292,2.6572e+0,2.8109e+11,5.6939e+11
0.08229,0.07292,2.4493e+0,3.0373e+11,5.7292e+11
0.08438,0.07292,2.2285e+0,2.6034e+11,4.6458e+11
0.08646,0.07292,1.9990e+0,2.8242e+11,5.6787e+11
0.08854,0.07292,1.7552e+0,2.3364e+11,6.0624e+11
0.09062,0.07292,1.4904e+0,7.7725e+10,5.2002e+11
0.09271,0.07292,1.1982e+0,2.3927e+9,4.5636e+11
0.09479,0.07292,8.7839e-1,8.5087e+8,3.7192e+11
0.09688,0.07292,5.3801e-1,1.9909e+9,3.1216e+11
0.09896,0.07292,1.8180e-1,0.0000e+0,1.9729e+11
0.00104,0.07708,4.9128e+0,3.0108e+10,0.0000e+0
0.00313,0.07708,4.9144e+0,6.0941e+10,0.0000e+0
0.00521,0.07708,4.9194e+0,6.4122e+10,6.8045e+10
0.00729,0.07708,4.9229e+0,5.6707e+10,1.5200e+11
0.00937,0.07708,4.9181e+0,7.8847e+10,2.0499e+11
0.01146,0.07708,4.9039e+0,9.8860e+10,1.2531e+11
0.01354,0.07708,4.8900e+0,9.0269e+10,7.8030e+10
0.01563,0.07708,4.8791e+0,9.9547e+10,1.4517e+11
0.01771,0.07708,4.8677e+0,1.4647e+11,2.3833e+11
0.01979,0.07708,4.8535e+0,1.2359e+11,2.4809e+11
0.02187,0.07708,4.8351e+0,1.3142e+11,2.6510e+11
0.02396,0.07708,4.8124e+0,1.6342e+11,2.1809e+11
0.02604,0.07708,4.7907e+0,1.8464e+11,1.7212e+11
0.02813,0.07708,4.7731e+0,1.9845e+11,2.0595e+11
0.03021,0.07708,4.7571e+0,2.1894e+11,2.6309e+11
0.03229,0.07708,4.7408e+0,2.0019e+11,2.3820e+11
0.03438,0.07708,4.7242e+0,1.9077e+11,2.3733e+11
0.03646,0.07708,4.7069e+0,2.5889e+11,2.8354e+11
0.03854,0.07708,4.6930e+0,2.7517e+11,3.4573e+11
0.04063,0.07708,4.6806e+0,2.6216e+11,5.1407e+11
0.04271,0.07708,4.6576e+0,2.7021e+11,5.6334e+11
0.04479,0.07708,4.6216e+0,2.7453e+11,5.5254e+11
0.04688,0.07708,4.5723e+0,3.1191e+11,3.9563e+11
0.04896,0.07708,4.5210e+0,3.4744e+11,4.0559e+11
0.05104,0.07708,4.4672e+0,2.8879e+11,3.9512e+11
0.05312,0.07708,4.4070e+0,3.1621e+11,4.3832e+11
0.05521,0.07708,4.3397e+0,3.5258e+11,4.7199e+11
0.05729,0.07708,4.2659e+0,3.3957e+11,5.6545e+11
0.05937,0.07708,4.1796e+0,3.6099e+11,5.7043e+11
0.06146,0.07708,4.0836e+0,4.0179e+11,6.2924e+11
0.06354,0.07708,3.9787e+0,3.6302e+11,6.6588e+11
0.06563,0.07708,3.8593e+0,3.6881e+11,5.8650e+11
0.06771,0.07708,3.7305e+0,3.5127e+11,6.1485e+11
0.06979,0.07708,3.5880e+0,3.4304e+11,5.6768e+11
0.07187,0.07708,3.4335e+0,3.4989e+11,4.2380e+11
0.07396,0.07708,3.2755e+0,3.0244e+11,4.6745e+11
0.07604,0.07708,3.1081e+0,3.2022e+11,5.3380e+11
0.07813,0.07708,2.9306e+0,2.7822e+11,6.9352e+11
0.08021,0.07708,2.7302e+0,3.0186e+11,5.8810e+11
0.08229,0.07708,2.5157e+0,3.0954e+11,5.5269e+11
0.08438,0.07708,2.2901e+0,2.7426e+11,5.2466e+11
0.08646,0.07708,2.0529e+0,3.1186e+11,5.3688e+11
0.08854,0.07708,1.8057e+0,2.3565e+11,6.2731e+11
0.09062,0.07708,1.5364e+0,7.4185e+10,5.8008e+11
0.09271,0.07708,1.2365e+0,2.3645e+9,5.0506e+11
0.09479,0.07708,9.0632e-1,8.5539e+8,3.7699e+11
0.09688,0.07708,5.5498e-1,1.8604e+9,3.1555e+11
0.09896,0.07708,1.8720e-1,0.0000e+0,1.8449e+11
0.00104,0.08125,5.0791e+0,3.0069e+10,0.0000e+0
0.00313,0.08125,5.0811e+0,6.3822e+10,0.0000e+0
0.00521,0.08125,5.0872e+0,7.3527e+10,5.8835e+10
0.00729,0.08125,5.0941e+0,5.1504e+10,2.6907e+11
0.00937,0.08125,5.0869e+0,7.8029e+10,3.0790e+11
0.01146,0.08125,5.0677e+0,1.0536e+11,1.0949e+11
0.01354,0.08125,5.0530e+0,8.6221e+10,1.3708e+11
0.01563,0.08125,5.0377e+0,1.1022e+11,1.3749e+11
0.01771,0.08125,5.0229e+0,1.4830e+11,1.6126e+11
0.01979,0.08125,5.0089e+0,1.2281e+11,2.2289e+11
0.02187,0.08125,4.9899e+0,1.3313e+11,1.8239e+11
0.02396,0.08125,4.9696e+0,1.5959e+11,1.2878e+11
0.02604,0.08125,4.9537e+0,1.8719e+11,2.1425e+11
0.02813,0.08125,4.9388e+0,2.0616e+11,3.1156e+11
0.03021,0.08125,4.9204e+0,2.2701e+11,2.9554e+11
0.03229,0.08125,4.9017e+0,2.1645e+11,2.8066e+11
0.03438,0.08125,4.8835e+0,2.0549e+11,3.1927e+11
0.03646,0.08125,4.8622e+0,2.5941e+11,3.0441e+11
0.03854,0.08125,4.8430e+0,2.9310e+11,4.0634e+11
0.04063,0.08125,4.8203e+0,2.7964e+11,4.2533e+11
0.04271,0.08125,4.7902e+0,2.8395e+11,3.9967e+11
0.04479,0.08125,4.7536e+0,2.8600e+11,4.1939e+11
0.04688,0.08125,4.7093e+0,3.2367e+11,4.1043e+11
0.04896,0.08125,4.6615e+0,3.6086e+11,5.0371e+11
0.05104,0.08125,4.6068e+0,3.1408e+11,4.8455e+11
0.05312,0.08125,4.5440e+0,3.4615e+11,5.4303e+11
0.05521,0.08125,4.4726e+0,3.6187e+11,5.8294e+11
0.05729,0.08125,4.3908e+0,3.3838e+11,5.7454e+11
0.05937,0.08125,4.2976e+0,3.7101e+11,6.2048e+11
0.06146,0.08125,4.1923e+0,4.1850e+11,5.8291e+11
0.06354,0.08125,4.0802e+0,3.7520e+11,5.5530e+11
0.06563,0.08125,3.9597e+0,3.9271e+11,6.3718e+11
0.06771,0.08125,3.8290e+0,3.6920e+11,6.7185e+11
0.06979,0.08125,3.6857e+0,3.6117e+11,6.5419e+11
0.07187,0.08125,3.5314e+0,3.7478e+11,7.2853e+11
0.07396,0.08125,3.3618e+0,3.2375e+11,5.8041e+11
0.07604,0.08125,3.1806e+0,3.4512e+11,5.0294e+11
0.07813,0.08125,2.9930e+0,2.8856e+11,5.3421e+11
0.08021,0.08125,2.7911e+0,3.0875e+11,5.9351e+11
0.08229,0.08125,2.5728e+0,3.1248e+11,5.3871e+11
0.08438,0.08125,2.3420e+0,2.7477e+11,4.8626e+11
0.08646,0.08125,2.0994e+0,3.2657e+11,5.3202e+11
0.08854,0.08125,1.8460e+0,2.4417e+11,5.8018e+11
0.09062,0.08125,1.5722e+0,7.4127e+10,5.6029e+11
0.09271,0.08125,1.2666e+0,2.0327e+9,4.8388e+11
0.09479,0.08125,9.3045e-1,8.4873e+8,4.1267e+11
0.09688,0.08125,5.7013e-1,2.2687e+9,3.2843e+11
0.09896,0.08125,1.9236e-1,5.4231e+4,1.9107e+11
0.00104,0.08542,5.2384e+0,2.7396e+10,0.0000e+0
0.00313,0.08542,5.2405e+0,6.3833e+10,0.0000e+0
0.00521,0.08542,5.2466e+0,6.7413e+10,5.2516e+10
0.00729,0.08542,5.2533e+0,5.1540e+10,3.1645e+11
0.00937,0.08542,5.2427e+0,7.6207e+10,2.4896e+11
0.01146,0.08542,5.2250e+0,9.7075e+10,1.2379e+11
0.01354,0.08542,5.2117e+0,8.1596e+10,2.3339e+11
0.01563,0.08542,5.1935e+0,1.2388e+11,1.7107e+11
0.01771,0.08542,5.1778e+0,1.5107e+11,2.5747e+11
0.01979,0.08542,5.1601e+0,1.2985e+11,2.1166e+11
0.02187,0.08542,5.1414e+0,1.3998e+11,1.6533e+11
0.02396,0.08542,5.1256e+0,1.6677e+11,2.6270e+11
0.02604,0.08542,5.1089e+0,1.8684e+11,2.9612e+11
0.02813,0.08542,5.0901e+0,1.9597e+11,3.1413e+11
0.03021,0.08542,5.0685e+0,2.3326e+11,3.2026e+11
0.03229,0.08542,5.0456e+0,2.3885e+11,2.8305e+11
0.03438,0.08542,5.0241e+0,2.3565e+11,3.1876e+11
0.03646,0.08542,4.9997e+0,2.7364e+11,3.0456e+11
0.03854,0.08542,4.9757e+0,3.0509e+11,3.7799e+11
0.04063,0.08542,4.9495e+0,2.9469e+11,4.1003e+11
0.04271,0.08542,4.9185e+0,2.9980e+11,4.2666e+11
0.04479,0.08542,4.8824e+0,3.0761e+11,4.4833e+11
0.04688,0.08542,4.8411e+0,3.4202e+11,5.1683e+11
0.04896,0.08542,4.7938e+0,3.6630e+11,6.5035e+11
0.05104,0.08542,4.7343e+0,3.3639e+11,6.0569e+11
0.05312,0.08542,4.6645e+0,3.7020e+11,5.8141e+11
0.05521,0.08542,4.5888e+0,3.5974e+11,6.6848e+11
0.05729,0.08542,4.5001e+0,3.4215e+11,6.1466e+11
0.05937,0.08542,4.3995e+0,3.9392e+11,5.8477e+11
0.06146,0.08542,4.2917e+0,4.3098e+11,6.5262e+11
0.06354,0.08542,4.1734e+0,3.7737e+11,6.1880e+11
0.06563,0.08542,4.0402e+0,4.0121e+11,5.0457e+11
0.06771,0.08542,3.8999e+0,3.8593e+11,4.7082e+11
0.06979,0.08542,3.7530e+0,3.8967e+11,4.8653e+11
0.07187,0.08542,3.5985e+0,3.9800e+11,5.5783e+11
0.07396,0.08542,3.4332e+0,3.5457e+11,6.3067e+11
0.07604,0.08542,3.2498e+0,3.5578e+11,5.3522e+11
0.07813,0.08542,3.0559e+0,3.1213e+11,5.1537e+11
0.08021,0.08542,2.8500e+0,3.3408e+11,5.4843e+11
0.08229,0.08542,2.6317e+0,3.5306e+11,6.2744e+11
0.08438,0.08542,2.3978e+0,2.8530e+11,5.6031e+11
0.08646,0.08542,2.1482e+0,3.3483e+11,5.5007e+11
0.08854,0.08542,1.8877e+0,2.5670e+11,5.7169e+11
0.09062,0.08542,1.6086e+0,8.2025e+10,5.8642e+11
0.09271,0.08542,1.2966e+0,1.9982e+9,5.0368e+11
0.09479,0.08542,9.5241e-1,5.6383e+8,4.0543e+11
0.09688,0.08542,5.8438e-1,1.1568e+9,3.5855e+11
0.09896,0.08542,1.9739e-1,1.1071e+5,2.0763e+11
0.00104,0.08958,5.3902e+0,2.2778e+10,0.0000e+0
0.00313,0.08958,5.3924e+0,6.7045e+10,6.2541e+9
0.00521,0.08958,5.3984e+0,6.8216e+10,1.2088e+11
0.00729,0.08958,5.4004e+0,6.7491e+10,3.4715e+11
0.00937,0.08958,5.3859e+0,8.1688e+10,2.4202e+11
0.01146,0.08958,5.3670e+0,1.0112e+11,1.3427e+11
0.01354,0.08958,5.3522e+0,8.5660e+10,2.2824e+11
0.01563,0.08958,5.3336e+0,1.2204e+11,2.1572e+11
0.01771,0.08958,5.3150e+0,1.6328e+11,2.4122e+11
0.01979,0.08958,5.2969e+0,1.3218e+11,1.9252e+11
0.02187,0.08958,5.2801e+0,1.4352e+11,2.6342e+11
0.02396,0.08958,5.2609e+0,1.8888e+11,2.3199e+11
0.02604,0.08958,5.2439e+0,2.1148e+11,3.6278e+11
0.02813,0.08958,5.2215e+0,1.9908e+11,2.5328e+11
0.03021,0.08958,5.2011e+0,2.3613e+11,4.0028e+11
0.03229,0.08958,5.1750e+0,2.6470e+11,2.4046e+11
0.03438,0.08958,5.1561e+0,2.6535e+11,4.2613e+11
0.03646,0.08958,5.1314e+0,2.7875e+11,4.4668e+11
0.03854,0.08958,5.1002e+0,3.0976e+11,3.8575e+11
0.04063,0.08958,5.0672e+0,2.9852e+11,3.3466e+11
0.04271,0.08958,5.0337e+0,3.1496e+11,3.9884e+11
0.04479,0.08958,4.9954e+0,3.3543e+11,4.7826e+11
0.04688,0.08958,4.9496e+0,3.6170e+11,5.4555e+11
0.04896,0.08958,4.8950e+0,3.6112e+11,5.8435e+11
0.05104,0.08958,4.8288e+0,3.3455e+11,5.0803e+11
0.05312,0.08958,4.7533e+0,3.6660e+11,4.4565e+11
0.05521,0.08958,4.6729e+0,3.8556e+11,4.9025e+11
0.05729,0.08958,4.5852e+0,3.7716e+11,5.9240e+11
0.05937,0.08958,4.4844e+0,4.0880e+11,5.5129e+11
0.06146,0.08958,4.3790e+0,4.3783e+11,6.6452e+11
0.06354,0.08958,4.2666e+0,3.9002e+11,8.2537e+11
0.06563,0.08958,4.1343e+0,4.1192e+11,7.4839e+11
0.06771,0.08958,3.9885e+0,4.0779e+11,6.0151e+11
0.06979,0.08958,3.8377e+0,3.9776e+11,6.3586e+11
0.07187,0.08958,3.6775e+0,4.0414e+11,5.9272e+11
0.07396,0.08958,3.5098e+0,3.5749e+11,6.6398e+11
0.07604,0.08958,3.3254e+0,3.6256e+11,6.8082e+11
0.07813,0.08958,3.1238e+0,3.3080e+11,5.1850e+11
0.08021,0.08958,2.9135e+0,3.5717e+11,6.0343e+11
0.08229,0.08958,2.6901e+0,3.6335e+11,6.2075e+11
0.08438,0.08958,2.4534e+0,3.0914e+11,6.5127e+11
0.08646,0.08958,2.1977e+0,3.4211e+11,5.8714e+11
0.08854,0.08958,1.9304e+0,2.6325e+11,5.8934e+11
0.09062,0.08958,1.6450e+0,9.3705e+10,6.0024e+11
0.09271,0.08958,1.3276e+0,1.9873e+9,5.8012e+11
0.09479,0.08958,9.7370e-1,4.6086e+8,4.2346e+11
0.09688,0.08958,5.9464e-1,9.5822e+8,2.7342e+11
0.09896,0.08958,2.0129e-1,8.8973e+4,2.2020e+11
0.00104,0.09375,5.5320e+0,1.9969e+10,0.0000e+0
0.00313,0.09375,5.5371e+0,6.6689e+10,1.3268e+11
0.00521,0.09375,5.5435e+0,7.4138e+10,4.5248e+11
0.00729,0.09375,5.5326e+0,7.0908e+10,3.3786e+11
0.00937,0.09375,5.5109e+0,7.9621e+10,1.0765e+11
0.01146,0.09375,5.4944e+0,9.7744e+10,2.7520e+11
0.01354,0.09375,5.4735e+0,9.0158e+10,1.7478e+11
0.01563,0.09375,5.4539e+0,1.2126e+11,2.1307e+11
0.01771,0.09375,5.4344e+0,1.6818e+11,2.2474e+11
0.01979,0.09375,5.4168e+0,1.3786e+11,2.3309e+11
0.02187,0.09375,5.3981e+0,1.5352e+11,2.2521e+11
0.02396,0.09375,5.3796e+0,1.7621e+11,2.8794e+11
0.02604,0.09375,5.3593e+0,2.0630e+11,3.5325e+11
0.02813,0.09375,5.3346e+0,2.0697e+11,2.7297e+11
0.03021,0.09375,5.3111e+0,2.3565e+11,2.8440e+11
0.03229,0.09375,5.2886e+0,2.6765e+11,3.2410e+11
0.03438,0.09375,5.2667e+0,2.7144e+11,3.4107e+11
0.03646,0.09375,5.2425e+0,2.8391e+11,3.8515e+11
0.03854,0.09375,5.2145e+0,3.0896e+11,4.2189e+11
0.04063,0.09375,5.1830e+0,2.9817e+11,4.2089e+11
0.04271,0.09375,5.1483e+0,3.2606e+11,5.8831e+11
0.04479,0.09375,5.1014e+0,3.4925e+11,5.6395e+11
0.04688,0.09375,5.0445e+0,3.7401e+11,4.8588e+11
0.04896,0.09375,4.9827e+0,3.6237e+11,4.3587e+11
0.05104,0.09375,4.9172e+0,3.4703e+11,4.2122e+11
0.05312,0.09375,4.8496e+0,3.6903e+11,6.9908e+11
0.05521,0.09375,4.7654e+0,4.1924e+11,6.9345e+11
0.05729,0.09375,4.6694e+0,3.9154e+11,6.9082e+11
0.05937,0.09375,4.5570e+0,4.1156e+11,5.5182e+11
0.06146,0.09375,4.4380e+0,4.4597e+11,4.7566e+11
0.06354,0.09375,4.3188e+0,4.0273e+11,5.0033e+11
0.06563,0.09375,4.1941e+0,4.2536e+11,6.8863e+11
0.06771,0.09375,4.0543e+0,4.2125e+11,6.4838e+11
0.06979,0.09375,3.9038e+0,4.1613e+11,5.8148e+11
0.07187,0.09375,3.7463e+0,4.1995e+11,6.4808e+11
0.07396,0.09375,3.5769e+0,3.6187e+11,6.4908e+11
0.07604,0.09375,3.3912e+0,3.8817e+11,6.9301e+11
0.07813,0.09375,3.1891e+0,3.3921e+11,6.0314e+11
0.08021,0.09375,2.9746e+0,3.5737e+11,6.8343e+11
0.08229,0.09375,2.7441e+0,3.7045e+11,6.4261e+11
0.08438,0.09375,2.5018e+0,3.1138e+11,6.5236e+11
0.08646,0.09375,2.2422e+0,3.3193e+11,6.2570e+11
0.08854,0.09375,1.9688e+0,2.6637e+11,5.9965e+11
0.09062,0.09375,1.6779e+0,9.8050e+10,6.3200e+11
0.09271,0.09375,1.3536e+0,2.1341e+9,5.4469e+11
0.09479,0.09375,9.9480e-1,4.1096e+8,4.4651e+11
0.09688,0.09375,6.0973e-1,7.3583e+8,3.4934e+11
0.09896,0.09375,2.0639e-1,4.9961e+3,2.3347e+11
0.00104,0.09792,5.6396e+0,1.8815e+10,0.0000e+0
0.00313,0.09792,5.6402e+0,5.9357e+10,0.0000e+0
0.00521,0.09792,5.6427e+0,7.3912e+10,4.3289e+10
0.00729,0.09792,5.6428e+0,7.8305e+10,3.5510e+11
0.00937,0.09792,5.6235e+0,8.3113e+10,2.5881e+11
0.01146,0.09792,5.5972e+0,9.6101e+10,8.1361e+10
0.01354,0.09792,5.5756e+0,9.2647e+10,9.7629e+10
0.01563,0.09792,5.5554e+0,1.2723e+11,1.1479e+11
0.01771,0.09792,5.5372e+0,1.7353e+11,2.0111e+11
0.01979,0.09792,5.5188e+0,1.4097e+11,1.6390e+11
0.02187,0.09792,5.5000e+0,1.7196e+11,2.5201e+11
0.02396,0.09792,5.4771e+0,1.8090e+11,2.0996e+11
0.02604,0.09792,5.4532e+0,2.0290e+11,2.0271e+11
0.02813,0.09792,5.4293e+0,2.1487e+11,1.6164e+11
0.03021,0.09792,5.4085e+0,2.5685e+11,2.3655e+11
0.03229,0.09792,5.3875e+0,2.8227e+11,2.2218e+11
0.03438,0.09792,5.3699e+0,2.7059e+11,3.9017e+11
0.03646,0.09792,5.3432e+0,2.8738e+11,3.0789e+11
0.03854,0.09792,5.3140e+0,3.1625e+11,3.7256e+11
0.04063,0.09792,5.2798e+0,3.0389e+11,4.0717e+11
0.04271,0.09792,5.2373e+0,3.3734e+11,3.9976e+11
0.04479,0.09792,5.1894e+0,3.6369e+11,4.5092e+11
0.04688,0.09792,5.1345e+0,3.9578e+11,4.9860e+11
0.04896,0.09792,5.0731e+0,3.6265e+11,5.4397e+11
0.05104,0.09792,5.0013e+0,3.5680e+11,5.2271e+11
0.05312,0.09792,4.9206e+0,3.7674e+11,5.0305e+11
0.05521,0.09792,4.8329e+0,4.2267e+11,5.3921e+11
0.05729,0.09792,4.7400e+0,3.9143e+11,7.1391e+11
0.05937,0.09792,4.6286e+0,4.1769e+11,6.5747e+11
0.06146,0.09792,4.5047e+0,4.7291e+11,5.5423e+11
0.06354,0.09792,4.3782e+0,4.2383e+11,4.9973e+11
0.06563,0.09792,4.2481e+0,4.3250e+11,5.7549e+11
0.06771,0.09792,4.1101e+0,4.0746e+11,5.7711e+11
0.06979,0.09792,3.9637e+0,4.1670e+11,5.8875e+11
0.07187,0.09792,3.8103e+0,4.3125e+11,7.6263e+11
0.07396,0.09792,3.6387e+0,3.8552e+11,7.0491e+11
0.07604,0.09792,3.4485e+0,4.0504e+11,6.6838e+11
0.07813,0.09792,3.2433e+0,3.6263e+11,6.7722e+11
0.08021,0.09792,3.0200e+0,3.6877e+11,6.1263e+11
0.08229,0.09792,2.7838e+0,3.6677e+11,5.8092e+11
0.08438,0.09792,2.5374e+0,3.2272e+11,6.1322e+11
0.08646,0.09792,2.2751e+0,3.4278e+11,6.1660e+11
0.08854,0.09792,1.9988e+0,2.7462e+11,5.9840e+11
0.09062,0.09792,1.7053e+0,9.0781e+10,6.4514e+11
0.09271,0.09792,1.3774e+0,2.2413e+9,5.7619e+11
0.09479,0.09792,1.0137e+0,3.6025e+8,4.7573e+11
0.09688,0.09792,6.2227e-1,5.6052e+8,3.8452e+11
0.09896,0.09792,2.1030e-1,0.0000e+0,2.2318e+11
0.00104,0.10208,5.7480e+0,1.8249e+10,0.0000e+0
0.00313,0.10208,5.7507e+0,5.4201e+10,0.0000e+0
0.00521,0.10208,5.7589e+0,6.3874e+10,3.0968e+11
0.00729,0.10208,5.7545e+0,7.4012e+10,4.6268e+11
0.00937,0.10208,5.7287e+0,8.1845e+10,1.3596e+11
0.01146,0.10208,5.7038e+0,9.5948e+10,7.8916e+10
0.01354,0.10208,5.6829e+0,1.0034e+11,1.1418e+11
0.01563,0.10208,5.6633e+0,1.3927e+11,2.1126e+11
0.01771,0.10208,5.6412e+0,1.7922e+11,1.7263e+11
0.01979,0.10208,5.6223e+0,1.4263e+11,2.0161e+11
0.02187,0.10208,5.6015e+0,1.6623e+11,2.3280e+11
0.02396,0.10208,5.5776e+0,1.8135e+11,1.8160e+11
0.02604,0.10208,5.5546e+0,2.1289e+11,1.6672e+11
0.02813,0.10208,5.5353e+0,2.2890e+11,2.0964e+11
0.03021,0.10208,5.5186e+0,2.6387e+11,3.7437e+11
0.03229,0.10208,5.4965e+0,2.7863e+11,2.8421e+11
0.03438,0.10208,5.4774e+0,2.6547e+11,3.8197e+11
0.03646,0.10208,5.4542e+0,2.9383e+11,4.9786e+11
0.03854,0.10208,5.4224e+0,3.2006e+11,5.0128e+11
0.04063,0.10208,5.3849e+0,3.1373e+11,5.4980e+11
0.04271,0.10208,5.3373e+0,3.3090e+11,4.3568e+11
0.04479,0.10208,5.2876e+0,3.5836e+11,5.4802e+11
0.04688,0.10208,5.2284e+0,3.9681e+11,5.6542e+11
0.04896,0.10208,5.1596e+0,3.6899e+11,5.1725e+11
0.05104,0.10208,5.0818e+0,3.6611e+11,5.4448e+11
0.05312,0.10208,4.9929e+0,3.7925e+11,4.7533e+11
0.05521,0.10208,4.8980e+0,4.2082e+11,4.9432e+11
0.05729,0.10208,4.7986e+0,3.9447e+11,5.1507e+11
0.05937,0.10208,4.6910e+0,4.1816e+11,5.8907e+11
0.06146,0.10208,4.5731e+0,4.9240e+11,6.8610e+11
0.06354,0.10208,4.4449e+0,4.2985e+11,6.2883e+11
0.06563,0.10208,4.3060e+0,4.4775e+11,5.3051e+11
0.06771,0.10208,4.1636e+0,4.1452e+11,5.1886e+11
0.06979,0.10208,4.0160e+0,4.2736e+11,5.7364e+11
0.07187,0.10208,3.8611e+0,4.4300e+11,6.5003e+11
0.07396,0.10208,3.6956e+0,3.8984e+11,8.3553e+11
0.07604,0.10208,3.5041e+0,4.1220e+11,7.6009e+11
0.07813,0.10208,3.2943e+0,3.7052e+11,7.3624e+11
0.08021,0.10208,3.0645e+0,3.7436e+11,6.3891e+11
0.08229,0.10208,2.8213e+0,3.8232e+11,5.6378e+11
0.08438,0.10208,2.5704e+0,3.3214e+11,6.1260e+11
0.08646,0.10208,2.3037e+0,3.5840e+11,6.1022e+11
0.08854,0.10208,2.0226e+0,2.8448e+11,5.5569e+11
0.09062,0.10208,1.7254e+0,9.1457e+10,6.0248e+11
0.09271,0.10208,1.3947e+0,2.5952e+9,5.6807e+11
0.09479,0.10208,1.0273e+0,3.5749e+8,4.7597e+11
0.09688,0.10208,6.3104e-1,5.5578e+8,3.8255e+11
0.09896,0.10208,2.1364e-1,0.0000e+0,2.4242e+11
0.00104,0.10625,5.8406e+0,1.8554e+10,0.0000e+0
0.00313,0.10625,5.8415e+0,5.9659e+10,0.0000e+0
0.00521,0.10625,5.8455e+0,6.6581e+10,7.8662e+10
0.00729,0.10625,5.8468e+0,6.9723e+10,2.4909e+11
0.00937,0.10625,5.8363e+0,8.3009e+10,2.9654e+11
0.01146,0.10625,5.8158e+0,1.0434e+11,2.1971e+11
0.01354,0.10625,5.7936e+0,1.0405e+11,2.1970e+11
0.01563,0.10625,5.7691e+0,1.4029e+11,2.2186e+11
0.01771,0.10625,5.7442e+0,1.8697e+11,1.7686e+11
0.01979,0.10625,5.7238e+0,1.4247e+11,2.0249e+11
0.02187,0.10625,5.7025e+0,1.6886e+11,1.9114e+11
0.02396,0.10625,5.6827e+0,1.8730e+11,2.5272e+11
0.02604,0.10625,5.6622e+0,2.2236e+11,2.7074e+11
0.02813,0.10625,5.6427e+0,2.4128e+11,3.3287e+11
0.03021,0.10625,5.6207e+0,2.6911e+11,3.3599e+11
0.03229,0.10625,5.5969e+0,2.7312e+11,3.7103e+11
0.03438,0.10625,5.5701e+0,2.6594e+11,3.3419e+11
0.03646,0.10625,5.5417e+0,3.0128e+11,4.6605e+11
0.03854,0.10625,5.5041e+0,3.5043e+11,3.9765e+11
0.04063,0.10625,5.4650e+0,3.4022e+11,3.9380e+11
0.04271,0.10625,5.4223e+0,3.5537e+11,4.2251e+11
0.04479,0.10625,5.3747e+0,3.7229e+11,4.9415e+11
0.04688,0.10625,5.3187e+0,3.8892e+11,6.2200e+11
0.04896,0.10625,5.2481e+0,3.7793e+11,6.0595e+11
0.05104,0.10625,5.1640e+0,3.7876e+11,4.8538e+11
0.05312,0.10625,5.0732e+0,3.7809e+11,5.1614e+11
0.05521,0.10625,4.9729e+0,4.3008e+11,5.3110e+11
0.05729,0.10625,4.8668e+0,4.1142e+11,5.0487e+11
0.05937,0.10625,4.7567e+0,4.4653e+11,6.0445e+11
0.06146,0.10625,4.6389e+0,4.9036e+11,7.0105e+11
0.06354,0.10625,4.5093e+0,4.4074e+11,6.2835e+11
0.06563,0.10625,4.3695e+0,4.6682e+11,6.1325e+11
0.06771,0.10625,4.2232e+0,4.2647e+11,5.7522e+11
0.06979,0.10625,4.0691e+0,4.5268e+11,5.7531e+11
0.07187,0.10625,3.9082e+0,4.6742e+11,6.4259e+11
0.07396,0.10625,3.7370e+0,4.0906e+11,7.2197e+11
0.07604,0.10625,3.5452e+0,4.1447e+11,7.4684e+11
0.07813,0.10625,3.3338e+0,3.7891e+11,6.9947e+11
0.08021,0.10625,3.1039e+0,3.8078e+11,6.7983e+11
0.08229,0.10625,2.8575e+0,4.0069e+11,5.7319e+11
0.08438,0.10625,2.6041e+0,3.4516e+11,6.0098e+11
0.08646,0.10625,2.3376e+0,3.6881e+11,7.1007e+11
0.08854,0.10625,2.0524e+0,2.8298e+11,6.2590e+11
0.09062,0.10625,1.7479e+0,8.7761e+10,5.6905e+11
0.09271,0.10625,1.4126e+0,3.2759e+9,5.6467e+11
0.09479,0.10625,1.0406e+0,3.9308e+8,4.8352e+11
0.09688,0.10625,6.3925e-1,5.5576e+8,4.0440e+11
0.09896,0.10625,2.1595e-1,1.6957e+3,2.2729e+11
0.00104,0.11042,5.9317e+0,2.3279e+10,0.0000e+0
0.00313,0.11042,5.9322e+0,5.9582e+10,2.8506e+7
0.00521,0.11042,5.9351e+0,6.3052e+10,7.5633e+10
0.00729,0.11042,5.9350e+0,9.6051e+10,1.6015e+11
0.00937,0.11042,5.9305e+0,1.0359e+11,3.4059e+11
0.01146,0.11042,5.9143e+0,1.1945e+11,3.3849e+11
0.01354,0.11042,5.8909e+0,1.0696e+11,2.5169e+11
0.01563,0.11042,5.8644e+0,1.3868e+11,1.3759e+11
0.01771,0.11042,5.8432e+0,1.9143e+11,2.8132e+11
0.01979,0.11042,5.8190e+0,1.5319e+11,1.2906e+11
0.02187,0.11042,5.7979e+0,1.6985e+11,1.6153e+11
0.02396,0.11042,5.7775e+0,1.9331e+11,1.9849e+11
0.02604,0.11042,5.7563e+0,2.4310e+11,2.2158e+11
0.02813,0.11042,5.7380e+0,2.4603e+11,3.4377e+11
0.03021,0.11042,5.7153e+0,2.7498e+11,4.2023e+11
0.03229,0.11042,5.6849e+0,2.8116e+11,2.8916e+11
0.03438,0.11042,5.6544e+0,2.6765e+11,2.8407e+11
0.03646,0.11042,5.6219e+0,3.0664e+11,3.3910e+11
0.03854,0.11042,5.5853e+0,3.5996e+11,2.9926e+11
0.04063,0.11042,5.5514e+0,3.6482e+11,3.9361e+11
0.04271,0.11042,5.5139e+0,3.9640e+11,5.2707e+11
0.04479,0.11042,5.4671e+0,4.0258e+11,6.4357e+11
0.04688,0.11042,5.4055e+0,3.9624e+11,6.0013e+11
0.04896,0.11042,5.3324e+0,3.9201e+11,5.2676e+11
0.05104,0.11042,5.2536e+0,3.7951e+11,6.1458e+11
0.05312,0.11042,5.1635e+0,3.8731e+11,7.2620e+11
0.05521,0.11042,5.0548e+0,4.4251e+11,6.1631e+11
0.05729,0.11042,4.9374e+0,4.2215e+11,4.4864e+11
0.05937,0.11042,4.8200e+0,4.6099e+11,4.8371e+11
0.06146,0.11042,4.7021e+0,4.9344e+11,6.7712e+11
0.06354,0.11042,4.5731e+0,4.4456e+11,6.4553e+11
0.06563,0.11042,4.4317e+0,4.8614e+11,5.8756e+11
0.06771,0.11042,4.2857e+0,4.3377e+11,6.4734e+11
0.06979,0.11042,4.1292e+0,4.6685e+11,7.0194e+11
0.07187,0.11042,3.9611e+0,4.9065e+11,7.0886e+11
0.07396,0.11042,3.7826e+0,4.3090e+11,7.7666e+11
0.07604,0.11042,3.5829e+0,4.4625e+11,6.7501e+11
0.07813,0.11042,3.3696e+0,3.8728e+11,6.4725e+11
0.08021,0.11042,3.1404e+0,3.8502e+11,6.8713e+11
0.08229,0.11042,2.8930e+0,4.0001e+11,5.9345e+11
0.08438,0.11042,2.6357e+0,3.5668e+11,5.9864e+11
0.08646,0.11042,2.3655e+0,3.8081e+11,6.8504e+11
0.08854,0.11042,2.0792e+0,3.0539e+11,6.8715e+11
0.09062,0.11042,1.7719e+0,9.8540e+10,6.2399e+11
0.09271,0.11042,1.4329e+0,3.5958e+9,6.3281e+11
0.09479,0.11042,1.0538e+0,4.1326e+8,5.1374e+11
0.09688,0.11042,6.4363e-1,5.7516e+8,3.1539e+11
0.09896,0.11042,2.1730e-1,2.1238e+5,2.2131e+11
0.00104,0.11458,6.0259e+0,2.1747e+10,0.0000e+0
0.00313,0.11458,6.0272e+0,5.5203e+10,1.4587e+10
0.00521,0.11458,6.0309e+0,6.3416e+10,2.3075e+11
0.00729,0.11458,6.0230e+0,9.5612e+10,2.3724e+11
0.00937,0.11458,6.0064e+0,1.0694e+11,1.6629e+11
0.01146,0.11458,5.9871e+0,1.2163e+11,1.0843e+11
0.01354,0.11458,5.9707e+0,1.1433e+11,1.9340e+11
0.01563,0.11458,5.9516e+0,1.4853e+11,1.4850e+11
0.01771,0.11458,5.9369e+0,2.0032e+11,3.1808e+11
0.01979,0.11458,5.9184e+0,1.6037e+11,2.1846e+11
0.02187,0.11458,5.9012e+0,1.6964e+11,2.8475e+11
0.02396,0.11458,5.8810e+0,1.9263e+11,3.6456e+11
0.02604,0.11458,5.8521e+0,2.4634e+11,2.2711e+11
0.02813,0.11458,5.8264e+0,2.4806e+11,2.2248e+11
0.03021,0.11458,5.8025e+0,2.7716e+11,2.8365e+11
0.03229,0.11458,5.7784e+0,2.7584e+11,3.6819e+11
0.03438,0.11458,5.7491e+0,2.7498e+11,3.4767e+11
0.03646,0.11458,5.7167e+0,3.0434e+11,3.9185e+11
0.03854,0.11458,5.6821e+0,3.6458e+11,4.1875e+11
0.04063,0.11458,5.6501e+0,3.7005e+11,5.8184e+11
0.04271,0.11458,5.6103e+0,3.9723e+11,7.6456e+11
0.04479,0.11458,5.5532e+0,4.0208e+11,6.6497e+11
0.04688,0.11458,5.4859e+0,4.0214e+11,6.1190e+11
0.04896,0.11458,5.4102e+0,4.1223e+11,5.8928e+11
0.05104,0.11458,5.3282e+0,3.8622e+11,5.9158e+11
0.05312,0.11458,5.2372e+0,4.0568e+11,6.5797e+11
0.05521,0.11458,5.1339e+0,4.6823e+11,7.6163e+11
0.05729,0.11458,5.0167e+0,4.1500e+11,5.9892e+11
0.05937,0.11458,4.8943e+0,4.7163e+11,6.3501e+11
0.06146,0.11458,4.7693e+0,5.0596e+11,6.6564e+11
0.06354,0.11458,4.6407e+0,4.4728e+11,7.2976e+11
0.06563,0.11458,4.4985e+0,4.8781e+11,7.6826e+11
0.06771,0.11458,4.3420e+0,4.5136e+11,5.8086e+11
0.06979,0.11458,4.1814e+0,4.6249e+11,7.3729e+11
0.07187,0.11458,4.0066e+0,5.0093e+11,6.6852e+11
0.07396,0.11458,3.8262e+0,4.3472e+11,7.8623e+11
0.07604,0.11458,3.6258e+0,4.5269e+11,7.3973e+11
0.07813,0.11458,3.4106e+0,3.9415e+11,6.8630e+11
0.08021,0.11458,3.1801e+0,3.8190e+11,7.0107e+11
0.08229,0.11458,2.9324e+0,3.9382e+11,6.9298e+11
0.08438,0.11458,2.6691e+0,3.4163e+11,6.5521e+11
0.08646,0.11458,2.3888e+0,3.8202e+11,6.0469e+11
0.08854,0.11458,2.0978e+0,2.9496e+11,6.2563e+11
0.09062,0.11458,1.7878e+0,1.0344e+11,5.8809e+11
0.09271,0.11458,1.4476e+0,3.7271e+9,6.5672e+11
0.09479,0.11458,1.0651e+0,2.8337e+8,5.3524e+11
0.09688,0.11458,6.4964e-1,4.4056e+8,3.1003e+11
0.09896,0.11458,2.1841e-1,6.3921e+5,1.7960e+11
0.00104,0.11875,6.1164e+0,1.9181e+10,0.0000e+0
0.00313,0.11875,6.1190e+0,5.7128e+10,5.2942e+10
0.00521,0.11875,6.1233e+0,7.7813e+10,3.2016e+11
0.00729,0.11875,6.1156e+0,9.2849e+10,4.4951e+11
0.00937,0.11875,6.0905e+0,1.0102e+11,2.1669e+11
0.01146,0.11875,6.0652e+0,1.1996e+11,9.4127e+10
0.01354,0.11875,6.0475e+0,1.1459e+11,1.6838e+11
0.01563,0.11875,6.0299e+0,1.5400e+11,1.3943e+11
0.01771,0.11875,6.0164e+0,2.0271e+11,2.3975e+11
0.01979,0.11875,6.0024e+0,1.6023e+11,1.9899e+11
0.02187,0.11875,5.9874e+0,1.7372e+11,1.8240e+11
0.02396,0.11875,5.9732e+0,1.9954e+11,3.3753e+11
0.02604,0.11875,5.9506e+0,2.4349e+11,3.4337e+11
0.02813,0.11875,5.9225e+0,2.4502e+11,2.4849e+11
0.03021,0.11875,5.8951e+0,2.6449e+11,2.3455e+11
0.03229,0.11875,5.8706e+0,2.7800e+11,3.8587e+11
0.03438,0.11875,5.8410e+0,2.9241e+11,5.1688e+11
0.03646,0.11875,5.7998e+0,3.2580e+11,3.7100e+11
0.03854,0.11875,5.7592e+0,3.6932e+11,3.8407e+11
0.04063,0.11875,5.7208e+0,3.8876e+11,6.0580e+11
0.04271,0.11875,5.6701e+0,3.9666e+11,5.8030e+11
0.04479,0.11875,5.6089e+0,4.0843e+11,4.4266e+11
0.04688,0.11875,5.5469e+0,4.1565e+11,6.0866e+11
0.04896,0.11875,5.4710e+0,4.2040e+11,5.0143e+11
0.05104,0.11875,5.3882e+0,4.1485e+11,5.2012e+11
0.05312,0.11875,5.2965e+0,4.0625e+11,5.8821e+11
0.05521,0.11875,5.1928e+0,4.6016e+11,6.8931e+11
0.05729,0.11875,5.0762e+0,4.1311e+11,6.6828e+11
0.05937,0.11875,4.9455e+0,5.0367e+11,5.0491e+11
0.06146,0.11875,4.8178e+0,5.0846e+11,5.1888e+11
0.06354,0.11875,4.6921e+0,4.6037e+11,7.1517e+11
0.06563,0.11875,4.5531e+0,4.8426e+11,8.6975e+11
0.06771,0.11875,4.3933e+0,4.6302e+11,6.9261e+11
0.06979,0.11875,4.2240e+0,4.7295e+11,7.0366e+11
0.07187,0.11875,4.0428e+0,4.9181e+11,5.6910e+11
0.07396,0.11875,3.8602e+0,4.2947e+11,7.2382e+11
0.07604,0.11875,3.6609e+0,4.5326e+11,7.5628e+11
0.07813,0.11875,3.4450e+0,4.1071e+11,7.0474e+11
0.08021,0.11875,3.2131e+0,3.9784e+11,6.8117e+11
0.08229,0.11875,2.9659e+0,3.9314e+11,7.5502e+11
0.08438,0.11875,2.6984e+0,3.3097e+11,6.5899e+11
0.08646,0.11875,2.4132e+0,3.7371e+11,6.1501e+11
0.08854,0.11875,2.1165e+0,2.8553e+11,6.0248e+11
0.09062,0.11875,1.8022e+0,1.0080e+11,5.7658e+11
0.09271,0.11875,1.4589e+0,3.4085e+9,6.2738e+11
0.09479,0.11875,1.0753e+0,2.7892e+8,5.4560e+11
0.09688,0.11875,6.5789e-1,6.4829e+8,3.5387e+11
0.09896,0.11875,2.2200e-1,4.9117e+6,2.2348e+11
0.00104,0.12292,6.1924e+0,1.8488e+10,0.0000e+0
0.00313,0.12292,6.1960e+0,5.3678e+10,2.6269e+11
0.00521,0.12292,6.1905e+0,6.8039e+10,1.5682e+11
0.00729,0.12292,6.1845e+0,8.3652e+10,4.1482e+11
0.00937,0.12292,6.1615e+0,9.8413e+10,2.4307e+11
0.01146,0.12292,6.1364e+0,1.0361e+11,7.9602e+10
0.01354,0.12292,6.1181e+0,1.1916e+11,7.1267e+10
0.01563,0.12292,6.1046e+0,1.6780e+11,1.4664e+11
0.01771,0.12292,6.0931e+0,2.1498e+11,2.0260e+11
0.01979,0.12292,6.0836e+0,1.7253e+11,1.9558e+11
0.02187,0.12292,6.0738e+0,1.8229e+11,2.3992e+11
0.02396,0.12292,6.0623e+0,2.1084e+11,3.1170e+11
0.02604,0.12292,6.0474e+0,2.5771e+11,4.6651e+11
0.02813,0.12292,6.0229e+0,2.5257e+11,4.0267e+11
0.03021,0.12292,5.9928e+0,2.8128e+11,4.2809e+11
0.03229,0.12292,5.9560e+0,2.9916e+11,3.4195e+11
0.03438,0.12292,5.9174e+0,3.0665e+11,3.4295e+11
0.03646,0.12292,5.8760e+0,3.4465e+11,4.1122e+11
0.03854,0.12292,5.8310e+0,4.0045e+11,4.6978e+11
0.04063,0.12292,5.7818e+0,3.9388e+11,4.6742e+11
0.04271,0.12292,5.7255e+0,4.1344e+11,3.7405e+11
0.04479,0.12292,5.6682e+0,4.3526e+11,3.4331e+11
0.04688,0.12292,5.6149e+0,4.4239e+11,6.3660e+11
0.04896,0.12292,5.5476e+0,4.4722e+11,7.1397e+11
0.05104,0.12292,5.4652e+0,4.2188e+11,7.7387e+11
0.05312,0.12292,5.3621e+0,4.2267e+11,6.1072e+11
0.05521,0.12292,5.2478e+0,4.7725e+11,5.4178e+11
0.05729,0.12292,5.1300e+0,4.2281e+11,5.8535e+11
0.05937,0.12292,5.0025e+0,5.1625e+11,6.2227e+11
0.06146,0.12292,4.8722e+0,5.2760e+11,7.0437e+11
0.06354,0.12292,4.7342e+0,4.7043e+11,6.0869e+11
0.06563,0.12292,4.5886e+0,4.8884e+11,6.9398e+11
0.06771,0.12292,4.4305e+0,4.7824e+11,6.6188e+11
0.06979,0.12292,4.2631e+0,4.9463e+11,7.6527e+11
0.07187,0.12292,4.0811e+0,5.0005e+11,6.9277e+11
0.07396,0.12292,3.8904e+0,4.4938e+11,6.3978e+11
0.07604,0.12292,3.6897e+0,4.5767e+11,7.1173e+11
0.07813,0.12292,3.4752e+0,4.0360e+11,7.3369e+11
0.08021,0.12292,3.2427e+0,4.0148e+11,7.2180e+11
0.08229,0.12292,2.9934e+0,3.8630e+11,7.6395e+11
0.08438,0.12292,2.7230e+0,3.4248e+11,6.6805e+11
0.08646,0.12292,2.4355e+0,3.7400e+11,6.3999e+11
0.08854,0.12292,2.1344e+0,2.9666e+11,6.3721e+11
0.09062,0.12292,1.8141e+0,1.0486e+11,5.1862e+11
0.09271,0.12292,1.4677e+0,3.4175e+9,5.6412e+11
0.09479,0.12292,1.0844e+0,2.8463e+8,5.6146e+11
0.09688,0.12292,6.6592e-1,7.1981e+8,4.1649e+11
0.09896,0.12292,2.2489e-1,6.3638e+6,2.3371e+11
0.00104,0.12708,6.2455e+0,1.6444e+10,1.2523e+10
0.00313,0.12708,6.2460e+0,5.2172e+10,1.3831e+11
0.00521,0.12708,6.2412e+0,6.3871e+10,1.2774e+11
0.00729,0.12708,6.2339e+0,7.6559e+10,2.3022e+11
0.00937,0.12708,6.2168e+0,9.7412e+10,5.1906e+10
0.01146,0.12708,6.2033e+0,1.0282e+11,2.4153e+10
0.01354,0.12708,6.1948e+0,1.1038e+11,1.3490e+11
0.01563,0.12708,6.1845e+0,1.5430e+11,1.9270e+11
0.01771,0.12708,6.1706e+0,2.1156e+11,8.2313e+10
0.01979,0.12708,6.1632e+0,1.8223e+11,1.7606e+11
0.02187,0.12708,6.1527e+0,1.8852e+11,2.0432e+11
0.02396,0.12708,6.1375e+0,2.1478e+11,1.5414e+11
0.02604,0.12708,6.1238e+0,2.6187e+11,2.9559e+11
0.02813,0.12708,6.1067e+0,2.5378e+11,3.8869e+11
0.03021,0.12708,6.0805e+0,2.9375e+11,4.3449e+11
0.03229,0.12708,6.0452e+0,3.1256e+11,4.3761e+11
0.03438,0.12708,6.0027e+0,3.1373e+11,4.1346e+11
0.03646,0.12708,5.9561e+0,3.4663e+11,4.1995e+11
0.03854,0.12708,5.9076e+0,4.1330e+11,4.7020e+11
0.04063,0.12708,5.8586e+0,3.8660e+11,4.4436e+11
0.04271,0.12708,5.8087e+0,4.2380e+11,6.1309e+11
0.04479,0.12708,5.7506e+0,4.4802e+11,5.7718e+11
0.04688,0.12708,5.6886e+0,4.5006e+11,6.7615e+11
0.04896,0.12708,5.6139e+0,4.6115e+11,6.3918e+11
0.05104,0.12708,5.5292e+0,4.3085e+11,6.7742e+11
0.05312,0.12708,5.4304e+0,4.3880e+11,7.5255e+11
0.05521,0.12708,5.3139e+0,4.9230e+11,6.7775e+11
0.05729,0.12708,5.1892e+0,4.4566e+11,6.2079e+11
0.05937,0.12708,5.0555e+0,5.2145e+11,5.8298e+11
0.06146,0.12708,4.9205e+0,5.3958e+11,6.4488e+11
0.06354,0.12708,4.7811e+0,4.7635e+11,6.9799e+11
0.06563,0.12708,4.6294e+0,5.1692e+11,7.0406e+11
0.06771,0.12708,4.4676e+0,5.0549e+11,7.0060e+11
0.06979,0.12708,4.2957e+0,4.9876e+11,6.7735e+11
0.07187,0.12708,4.1159e+0,5.2265e+11,7.8849e+11
0.07396,0.12708,3.9222e+0,4.8167e+11,7.1982e+11
0.07604,0.12708,3.7168e+0,4.7154e+11,7.3784e+11
0.07813,0.12708,3.4978e+0,4.0023e+11,6.8077e+11
0.08021,0.12708,3.2638e+0,4.0578e+11,7.2610e+11
0.08229,0.12708,3.0126e+0,4.0014e+11,7.4273e+11
0.08438,0.12708,2.7419e+0,3.5529e+11,6.2797e+11
0.08646,0.12708,2.4565e+0,3.8732e+11,7.2894e+11
0.08854,0.12708,2.1518e+0,3.0038e+11,6.0497e+11
0.09062,0.12708,1.8307e+0,1.0443e+11,5.8098e+11
0.09271,0.12708,1.4805e+0,4.0543e+9,5.8326e+11
0.09479,0.12708,1.0935e+0,3.1285e+8,5.7353e+11
0.09688,0.12708,6.7046e-1,4.5818e+8,3.7698e+11
0.09896,0.12708,2.2681e-1,3.1444e+6,2.4933e+11
0.00104,0.13125,6.2959e+0,1.5632e+10,1.1077e+10
0.00313,0.13125,6.2959e+0,5.1406e+10,1.1561e+11
0.00521,0.13125,6.2919e+0,6.2329e+10,7.7101e+10
0.00729,0.13125,6.2876e+0,7.8827e+10,4.1425e+10
0.00937,0.13125,6.2861e+0,9.1344e+10,1.4304e+11
0.01146,0.13125,6.2831e+0,1.0725e+11,2.1449e+11
0.01354,0.13125,6.2762e+0,1.1660e+11,9.5082e+10
0.01563,0.13125,6.2738e+0,1.5458e+11,2.4579e+11
0.01771,0.13125,6.2674e+0,2.1336e+11,2.6672e+11
0.01979,0.13125,6.2606e+0,1.7936e+11,2.9435e+11
0.02187,0.13125,6.2505e+0,1.8542e+11,4.0885e+11
0.02396,0.13125,6.2306e+0,2.0712e+11,3.0651e+11
0.02604,0.13125,6.2085e+0,2.6781e+11,2.6823e+11
0.02813,0.13125,6.1904e+0,2.5934e+11,3.5209e+11
0.03021,0.13125,6.1689e+0,2.8867e+11,5.3449e+11
0.03229,0.13125,6.1340e+0,3.0648e+11,5.8120e+11
0.03438,0.13125,6.0842e+0,3.2085e+11,4.1883e+11
0.03646,0.13125,6.0311e+0,3.6304e+11,3.8756e+11
0.03854,0.13125,5.9794e+0,4.2064e+11,4.1901e+11
0.04063,0.13125,5.9307e+0,3.9955e+11,5.2780e+11
0.04271,0.13125,5.8762e+0,4.1577e+11,5.0345e+11
0.04479,0.13125,5.8189e+0,4.5782e+11,6.1742e+11
0.04688,0.13125,5.7545e+0,4.7040e+11,7.1797e+11
0.04896,0.13125,5.6774e+0,4.5583e+11,7.0449e+11
0.05104,0.13125,5.5875e+0,4.3131e+11,6.4453e+11
0.05312,0.13125,5.4876e+0,4.4608e+11,7.3726e+11
0.05521,0.13125,5.3725e+0,4.9792e+11,7.0751e+11
0.05729,0.13125,5.2488e+0,4.5318e+11,6.8808e+11
0.05937,0.13125,5.1129e+0,5.4056e+11,6.7211e+11
0.06146,0.13125,4.9719e+0,5.4702e+11,6.4726e+11
0.06354,0.13125,4.8270e+0,4.8368e+11,6.6677e+11
0.06563,0.13125,4.6712e+0,5.1661e+11,7.1351e+11
0.06771,0.13125,4.5044e+0,5.3611e+11,7.6889e+11
0.06979,0.13125,4.3253e+0,5.0036e+11,5.9259e+11
0.07187,0.13125,4.1437e+0,5.1789e+11,7.5380e+11
0.07396,0.13125,3.9490e+0,4.8310e+11,7.5355e+11
0.07604,0.13125,3.7379e+0,4.7523e+11,6.5791e+11
0.07813,0.13125,3.5163e+0,4.0896e+11,6.7828e+11
0.08021,0.13125,3.2786e+0,4.0672e+11,6.2172e+11
0.08229,0.13125,3.0285e+0,4.1248e+11,6.9300e+11
0.08438,0.13125,2.7613e+0,3.6818e+11,6.8946e+11
0.08646,0.13125,2.4756e+0,4.1777e+11,7.8396e+11
0.08854,0.13125,2.1686e+0,3.2037e+11,6.2556e+11
0.09062,0.13125,1.8452e+0,1.0765e+11,6.0741e+11
0.09271,0.13125,1.4915e+0,3.9712e+9,5.7566e+11
0.09479,0.13125,1.1024e+0,1.1990e+9,6.0077e+11
0.09688,0.13125,6.7640e-1,2.3633e+8,4.0523e+11
0.09896,0.13125,2.2809e-1,1.4871e+4,2.1968e+11
0.00104,0.13542,6.3478e+0,1.5049e+10,0.0000e+0
0.00313,0.13542,6.3466e+0,5.0334e+10,0.0000e+0
0.00521,0.13542,6.3457e+0,6.1789e+10,3.7678e+8
0.00729,0.13542,6.3456e+0,8.5447e+10,1.5903e+10
0.00937,0.13542,6.3467e+0,9.6432e+10,4.0996e+10
0.01146,0.13542,6.3482e+0,1.1005e+11,7.3773e+10
0.01354,0.13542,6.3496e+0,1.2341e+11,1.0520e+11
0.01563,0.13542,6.3525e+0,1.6308e+11,2.3923e+11
0.01771,0.13542,6.3524e+0,2.3209e+11,5.0046e+11
0.01979,0.13542,6.3387e+0,2.0214e+11,2.9329e+11
0.02187,0.13542,6.3233e+0,2.0237e+11,2.4593e+11
0.02396,0.13542,6.3084e+0,2.1529e+11,4.0045e+11
0.02604,0.13542,6.2837e+0,2.7966e+11,2.6773e+11
0.02813,0.13542,6.2642e+0,2.6189e+11,3.5701e+11
0.03021,0.13542,6.2414e+0,2.9334e+11,4.8498e+11
0.03229,0.13542,6.2076e+0,3.1455e+11,5.5927e+11
0.03438,0.13542,6.1599e+0,3.3336e+11,5.0206e+11
0.03646,0.13542,6.1053e+0,3.8462e+11,4.8401e+11
0.03854,0.13542,6.0503e+0,4.3505e+11,5.0371e+11
0.04063,0.13542,5.9962e+0,4.0250e+11,5.0840e+11
0.04271,0.13542,5.9383e+0,4.2194e+11,5.1821e+11
0.04479,0.13542,5.8763e+0,4.5823e+11,6.1288e+11
0.04688,0.13542,5.8063e+0,4.9233e+11,6.4448e+11
0.04896,0.13542,5.7285e+0,4.5892e+11,7.2709e+11
0.05104,0.13542,5.6343e+0,4.5773e+11,6.1758e+11
0.05312,0.13542,5.5308e+0,4.4689e+11,6.2187e+11
0.05521,0.13542,5.4176e+0,5.2138e+11,6.1240e+11
0.05729,0.13542,5.3023e+0,4.6700e+11,8.0347e+11
0.05937,0.13542,5.1690e+0,5.5077e+11,7.6736e+11
0.06146,0.13542,5.0267e+0,5.9107e+11,7.6860e+11
0.06354,0.13542,4.8787e+0,5.0090e+11,8.0297e+11
0.06563,0.13542,4.7153e+0,5.1440e+11,7.5583e+11
0.06771,0.13542,4.5391e+0,5.3984e+11,6.6737e+11
0.06979,0.13542,4.3571e+0,5.1986e+11,6.2144e+11
0.07187,0.13542,4.1719e+0,5.4382e+11,7.1480e+11
0.07396,0.13542,3.9788e+0,4.8643e+11,7.9899e+11
0.07604,0.13542,3.7672e+0,4.6898e+11,7.4450e+11
0.07813,0.13542,3.5394e+0,4.2282e+11,6.2151e+11
0.08021,0.13542,3.3007e+0,4.1000e+11,6.3484e+11
0.08229,0.13542,3.0509e+0,4.1060e+11,7.5650e+11
0.08438,0.13542,2.7814e+0,3.6814e+11,6.8939e+11
0.08646,0.13542,2.4934e+0,4.3427e+11,7.9398e+11
0.08854,0.13542,2.1845e+0,3.2708e+11,6.7584e+11
0.09062,0.13542,1.8554e+0,1.0380e+11,5.6265e+11
0.09271,0.13542,1.4973e+0,2.5753e+9,5.1175e+11
0.09479,0.13542,1.1068e+0,5.7412e+8,5.5546e+11
0.09688,0.13542,6.8182e-1,1.1936e+8,4.7045e+11
0.09896,0.13542,2.2991e-1,0.0000e+0,2.2150e+11
0.00104,0.13958,6.4144e+0,1.3585e+10,0.0000e+0
0.00313,0.13958,6.4144e+0,4.7759e+10,0.0000e+0
0.00521,0.13958,6.4167e+0,6.0724e+10,3.6299e+10
0.00729,0.13958,6.4201e+0,8.3366e+10,1.2007e+11
0.00937,0.13958,6.4222e+0,1.0949e+11,1.5579e+11
0.01146,0.13958,6.4239e+0,1.3118e+11,2.3200e+11
0.01354,0.13958,6.4216e+0,1.2505e+11,1.6625e+11
0.01563,0.13958,6.4181e+0,1.6628e+11,2.4282e+11
0.01771,0.13958,6.4108e+0,2.3043e+11,2.8471e+11
0.01979,0.13958,6.4012e+0,1.9489e+11,3.0900e+11
0.02187,0.13958,6.3863e+0,2.0755e+11,2.2782e+11
0.02396,0.13958,6.3740e+0,2.2146e+11,4.5305e+11
0.02604,0.13958,6.3487e+0,2.8446e+11,2.9369e+11
0.02813,0.13958,6.3278e+0,2.6644e+11,3.4838e+11
0.03021,0.13958,6.3050e+0,3.1449e+11,5.4575e+11
0.03229,0.13958,6.2710e+0,3.3838e+11,6.2676e+11
0.03438,0.13958,6.2220e+0,3.3826e+11,5.4253e+11
0.03646,0.13958,6.1627e+0,3.8134e+11,3.4031e+11
0.03854,0.13958,6.1079e+0,4.2864e+11,3.8848e+11
0.04063,0.13958,6.0556e+0,4.2462e+11,5.1482e+11
0.04271,0.13958,5.9977e+0,4.4725e+11,6.3516e+11
0.04479,0.13958,5.9298e+0,4.6733e+11,6.2570e+11
0.04688,0.13958,5.8541e+0,5.1632e+11,6.1107e+11
0.04896,0.13958,5.7757e+0,4.7121e+11,7.2588e+11
0.05104,0.13958,5.6845e+0,4.6919e+11,8.3737e+11
0.05312,0.13958,5.5747e+0,4.7281e+11,6.4747e+11
0.05521,0.13958,5.4595e+0,5.2282e+11,6.2237e+11
0.05729,0.13958,5.3406e+0,4.7608e+11,6.2659e+11
0.05937,0.13958,5.2120e+0,5.4488e+11,7.9112e+11
0.06146,0.13958,5.0683e+0,6.0802e+11,7.5112e+11
0.06354,0.13958,4.9177e+0,5.2238e+11,7.1627e+11
0.06563,0.13958,4.7564e+0,5.0965e+11,7.8670e+11
0.06771,0.13958,4.5790e+0,5.4207e+11,7.4892e+11
0.06979,0.13958,4.3916e+0,5.4570e+11,6.7715e+11
0.07187,0.13958,4.2000e+0,5.5022e+11,6.3600e+11
0.07396,0.13958,4.0076e+0,4.8415e+11,7.9081e+11
0.07604,0.13958,3.7985e+0,4.6013e+11,8.3827e+11
0.07813,0.13958,3.5682e+0,4.2796e+11,7.2660e+11
0.08021,0.13958,3.3224e+0,4.2893e+11,5.9386e+11
0.08229,0.13958,3.0698e+0,4.1817e+11,7.0886e+11
0.08438,0.13958,2.8014e+0,3.8615e+11,7.7000e+11
0.08646,0.13958,2.5112e+0,4.3479e+11,7.8385e+11
0.08854,0.13958,2.2013e+0,3.2084e+11,7.0768e+11
0.09062,0.13958,1.8691e+0,1.1014e+11,6.0248e+11
0.09271,0.13958,1.5063e+0,2.8252e+9,5.1651e+11
0.09479,0.13958,1.1110e+0,2.4152e+8,5.0181e+11
0.09688,0.13958,6.8474e-1,1.2346e+7,4.5448e+11
0.09896,0.13958,2.3222e-1,0.0000e+0,2.7702e+11
0.00104,0.14375,6.4852e+0,1.3768e+10,0.0000e+0
0.00313,0.14375,6.4848e+0,4.6428e+10,0.0000e+0
0.00521,0.14375,6.4860e+0,6.5535e+10,6.9628e+10
0.00729,0.14375,6.4856e+0,7.9260e+10,8.6453e+10
0.00937,0.14375,6.4828e+0,1.0389e+11,3.1473e+9
0.01146,0.14375,6.4843e+0,1.4017e+11,7.8900e+10
0.01354,0.14375,6.4869e+0,1.2994e+11,2.7154e+11
0.01563,0.14375,6.4781e+0,1.5722e+11,2.2028e+11
0.01771,0.14375,6.4650e+0,2.1629e+11,1.7451e+11
0.01979,0.14375,6.4544e+0,1.9588e+11,2.7466e+11
0.02187,0.14375,6.4380e+0,2.1465e+11,1.6095e+11
0.02396,0.14375,6.4249e+0,2.2973e+11,3.5476e+11
0.02604,0.14375,6.4012e+0,2.7884e+11,2.4616e+11
0.02813,0.14375,6.3791e+0,2.6736e+11,3.6597e+11
0.03021,0.14375,6.3491e+0,3.2410e+11,3.8252e+11
0.03229,0.14375,6.3143e+0,3.4891e+11,4.1225e+11
0.03438,0.14375,6.2743e+0,3.3851e+11,4.5057e+11
0.03646,0.14375,6.2280e+0,3.9752e+11,4.9643e+11
0.03854,0.14375,6.1798e+0,4.4652e+11,6.9336e+11
0.04063,0.14375,6.1202e+0,4.3147e+11,6.3144e+11
0.04271,0.14375,6.0503e+0,4.3886e+11,4.8622e+11
0.04479,0.14375,5.9784e+0,4.6953e+11,6.3729e+11
0.04688,0.14375,5.8966e+0,5.2300e+11,6.2735e+11
0.04896,0.14375,5.8085e+0,4.7891e+11,6.0923e+11
0.05104,0.14375,5.7098e+0,4.6983e+11,5.6596e+11
0.05312,0.14375,5.6031e+0,4.8126e+11,4.2863e+11
0.05521,0.14375,5.5027e+0,5.0278e+11,7.6545e+11
0.05729,0.14375,5.3884e+0,4.6117e+11,7.5897e+11
0.05937,0.14375,5.2572e+0,5.5259e+11,7.8723e+11
0.06146,0.14375,5.1124e+0,6.1385e+11,7.6866e+11
0.06354,0.14375,4.9594e+0,5.2875e+11,7.1585e+11
0.06563,0.14375,4.7960e+0,5.1605e+11,7.9768e+11
0.06771,0.14375,4.6161e+0,5.3849e+11,7.5208e+11
0.06979,0.14375,4.4244e+0,5.4485e+11,6.7543e+11
0.07187,0.14375,4.2265e+0,5.3333e+11,5.6558e+11
0.07396,0.14375,4.0297e+0,4.7576e+11,6.9739e+11
0.07604,0.14375,3.8201e+0,4.7473e+11,8.0847e+11
0.07813,0.14375,3.5905e+0,4.4768e+11,7.4482e+11
0.08021,0.14375,3.3450e+0,4.4206e+11,7.0410e+11
0.08229,0.14375,3.0871e+0,4.4503e+11,7.0480e+11
0.08438,0.14375,2.8161e+0,4.0771e+11,7.2365e+11
0.08646,0.14375,2.5265e+0,4.3879e+11,7.8759e+11
0.08854,0.14375,2.2162e+0,3.1926e+11,7.0781e+11
0.09062,0.14375,1.8828e+0,1.1073e+11,6.2795e+11
0.09271,0.14375,1.5175e+0,3.5609e+9,5.6772e+11
0.09479,0.14375,1.1178e+0,2.6385e+8,5.1383e+11
0.09688,0.14375,6.8765e-1,1.2373e+7,4.2231e+11
0.09896,0.14375,2.3383e-1,0.0000e+0,2.9932e+11
0.00104,0.14792,6.5635e+0,1.4285e+10,0.0000e+0
0.00313,0.14792,6.5619e+0,4.4821e+10,0.0000e+0
0.00521,0.14792,6.5605e+0,7.1875e+10,7.7813e+9
0.00729,0.14792,6.5601e+0,8.4388e+10,5.8945e+10
0.00937,0.14792,6.5580e+0,9.6004e+10,1.2588e+10
0.01146,0.14792,6.5584e+0,1.3037e+11,1.1810e+11
0.01354,0.14792,6.5552e+0,1.2349e+11,2.2556e+11
0.01563,0.14792,6.5414e+0,1.7178e+11,1.5909e+11
0.01771,0.14792,6.5275e+0,2.1906e+11,2.3681e+11
0.01979,0.14792,6.5120e+0,1.9616e+11,1.3514e+11
0.02187,0.14792,6.4989e+0,2.1402e+11,1.7817e+11
0.02396,0.14792,6.4858e+0,2.3416e+11,2.9977e+11
0.02604,0.14792,6.4645e+0,2.9317e+11,3.5449e+11
0.02813,0.14792,6.4386e+0,2.6925e+11,4.0757e+11
0.03021,0.14792,6.4032e+0,3.3708e+11,3.2169e+11
0.03229,0.14792,6.3683e+0,3.7037e+11,4.4901e+11
0.03438,0.14792,6.3272e+0,3.4483e+11,4.1730e+11
0.03646,0.14792,6.2804e+0,4.1009e+11,4.4827e+11
0.03854,0.14792,6.2312e+0,4.6150e+11,5.7180e+11
0.04063,0.14792,6.1763e+0,4.4232e+11,6.6368e+11
0.04271,0.14792,6.1097e+0,4.5847e+11,7.3815e+11
0.04479,0.14792,6.0288e+0,5.0525e+11,5.8849e+11
0.04688,0.14792,5.9461e+0,5.3588e+11,6.5826e+11
0.04896,0.14792,5.8587e+0,4.8648e+11,7.8445e+11
0.05104,0.14792,5.7540e+0,4.8188e+11,6.8121e+11
0.05312,0.14792,5.6387e+0,4.8214e+11,3.6449e+11
0.05521,0.14792,5.5353e+0,4.9596e+11,5.7898e+11
0.05729,0.14792,5.4283e+0,4.6193e+11,7.5446e+11
0.05937,0.14792,5.3025e+0,5.5831e+11,8.4265e+11
0.06146,0.14792,5.1608e+0,6.1294e+11,9.0209e+11
0.06354,0.14792,5.0048e+0,5.2120e+11,8.1439e+11
0.06563,0.14792,4.8345e+0,5.4281e+11,7.3119e+11
0.06771,0.14792,4.6562e+0,5.3234e+11,7.9480e+11
0.06979,0.14792,4.4648e+0,5.3764e+11,7.9554e+11
0.07187,0.14792,4.2610e+0,5.4537e+11,6.3807e+11
0.07396,0.14792,4.0559e+0,4.7976e+11,6.7419e+11
0.07604,0.14792,3.8410e+0,4.8817e+11,7.8248e+11
0.07813,0.14792,3.6089e+0,4.3681e+11,7.4052e+11
0.08021,0.14792,3.3603e+0,4.5784e+11,6.7096e+11
0.08229,0.14792,3.1026e+0,4.7870e+11,7.3239e+11
0.08438,0.14792,2.8334e+0,4.3076e+11,8.1090e+11
0.08646,0.14792,2.5439e+0,4.3895e+11,8.6004e+11
0.08854,0.14792,2.2314e+0,3.1353e+11,7.5004e+11
0.09062,0.14792,1.8940e+0,1.0879e+11,6.3564e+11
0.09271,0.14792,1.5237e+0,4.6797e+9,5.1655e+11
0.09479,0.14792,1.1213e+0,3.6107e+8,4.7641e+11
0.09688,0.14792,6.9064e-1,1.2439e+7,4.3395e+11
0.09896,0.14792,2.3555e-1,0.0000e+0,3.2981e+11
0.00104,0.15208,6.6593e+0,1.4269e+10,1.4791e+10
0.00313,0.15208,6.6562e+0,4.4247e+10,4.7528e+9
0.00521,0.15208,6.6525e+0,7.3988e+10,0.0000e+0
0.00729,0.15208,6.6506e+0,8.5109e+10,0.0000e+0
0.00937,0.15208,6.6506e+0,9.7943e+10,2.3860e+10
0.01146,0.15208,6.6516e+0,1.3108e+11,2.9721e+11
0.01354,0.15208,6.6388e+0,1.2347e+11,2.3384e+11
0.01563,0.15208,6.6166e+0,1.7797e+11,1.0029e+11
0.01771,0.15208,6.5981e+0,2.2179e+11,8.7433e+10
0.01979,0.15208,6.5850e+0,1.9172e+11,6.3906e+10
0.02187,0.15208,6.5761e+0,2.0768e+11,1.9450e+11
0.02396,0.15208,6.5647e+0,2.2950e+11,4.7605e+11
0.02604,0.15208,6.5343e+0,3.0749e+11,3.3924e+11
0.02813,0.15208,6.5023e+0,2.7340e+11,2.9834e+11
0.03021,0.15208,6.4691e+0,3.5207e+11,4.3810e+11
0.03229,0.15208,6.4325e+0,3.6342e+11,4.9391e+11
0.03438,0.15208,6.3908e+0,3.6573e+11,5.5176e+11
0.03646,0.15208,6.3414e+0,4.4002e+11,6.3030e+11
0.03854,0.15208,6.2824e+0,4.6823e+11,5.3540e+11
0.04063,0.15208,6.2218e+0,4.4582e+11,5.8363e+11
0.04271,0.15208,6.1532e+0,4.6394e+11,6.0574e+11
0.04479,0.15208,6.0754e+0,5.2030e+11,6.3873e+11
0.04688,0.15208,5.9909e+0,5.5003e+11,6.5814e+11
0.04896,0.15208,5.9007e+0,5.0354e+11,7.4117e+11
0.05104,0.15208,5.7959e+0,4.8917e+11,6.7837e+11
0.05312,0.15208,5.6809e+0,4.8470e+11,4.4450e+11
0.05521,0.15208,5.5723e+0,4.9669e+11,4.8055e+11
0.05729,0.15208,5.4682e+0,4.7111e+11,8.6177e+11
0.05937,0.15208,5.3405e+0,5.6305e+11,8.6802e+11
0.06146,0.15208,5.1963e+0,6.1090e+11,9.0754e+11
0.06354,0.15208,5.0363e+0,5.3245e+11,7.3637e+11
0.06563,0.15208,4.8680e+0,5.5570e+11,7.9965e+11
0.06771,0.15208,4.6893e+0,5.2985e+11,8.1393e+11
0.06979,0.15208,4.4971e+0,5.4671e+11,7.8566e+11
0.07187,0.15208,4.2952e+0,5.5317e+11,7.9444e+11
0.07396,0.15208,4.0840e+0,4.9297e+11,7.2228e+11
0.07604,0.15208,3.8628e+0,4.8384e+11,7.8941e+11
0.07813,0.15208,3.6240e+0,4.5013e+11,6.9382e+11
0.08021,0.15208,3.3708e+0,4.5751e+11,5.7693e+11
0.08229,0.15208,3.1111e+0,4.7470e+11,6.5767e+11
0.08438,0.15208,2.8403e+0,4.5511e+11,7.5030e+11
0.08646,0.15208,2.5502e+0,4.3382e+11,7.5860e+11
0.08854,0.15208,2.2396e+0,3.1252e+11,7.3096e+11
0.09062,0.15208,1.9038e+0,1.0751e+11,6.8459e+11
0.09271,0.15208,1.5320e+0,5.7701e+9,5.7248e+11
0.09479,0.15208,1.1252e+0,3.8444e+8,4.4923e+11
0.09688,0.15208,6.9302e-1,1.2488e+7,4.3831e+11
0.09896,0.15208,2.3668e-1,0.0000e+0,3.4722e+11
0.00104,0.15625,6.7796e+0,1.7335e+10,2.2112e+11
0.00313,0.15625,6.7742e+0,4.6629e+10,1.9274e+11
0.00521,0.15625,6.7652e+0,7.8127e+10,4.5661e+10
0.00729,0.15625,6.7613e+0,8.6379e+10,2.2895e+10
0.00937,0.15625,6.7616e+0,1.1147e+11,2.6288e+11
0.01146,0.15625,6.7525e+0,1.4292e+11,2.9149e+11
0.01354,0.15625,6.7361e+0,1.2009e+11,2.7434e+11
0.01563,0.15625,6.7125e+0,1.6722e+11,1.2670e+11
0.01771,0.15625,6.6964e+0,2.1874e+11,2.1250e+11
0.01979,0.15625,6.6859e+0,1.9465e+11,3.3184e+11
0.02187,0.15625,6.6714e+0,2.0514e+11,4.0942e+11
0.02396,0.15625,6.6496e+0,2.3923e+11,5.8887e+11
0.02604,0.15625,6.6104e+0,3.0714e+11,3.8298e+11
0.02813,0.15625,6.5723e+0,2.8090e+11,3.6316e+11
0.03021,0.15625,6.5317e+0,3.5259e+11,4.7197e+11
0.03229,0.15625,6.4859e+0,3.6157e+11,4.2143e+11
0.03438,0.15625,6.4382e+0,3.6426e+11,3.6115e+11
0.03646,0.15625,6.3931e+0,4.3582e+11,7.1939e+11
0.03854,0.15625,6.3316e+0,4.9969e+11,5.8871e+11
0.04063,0.15625,6.2696e+0,4.5493e+11,5.8463e+11
0.04271,0.15625,6.2028e+0,4.8142e+11,6.6952e+11
0.04479,0.15625,6.1270e+0,5.2113e+11,7.6439e+11
0.04688,0.15625,6.0398e+0,5.4419e+11,7.6185e+11
0.04896,0.15625,5.9432e+0,5.0024e+11,7.0786e+11
0.05104,0.15625,5.8374e+0,4.9031e+11,6.2861e+11
0.05312,0.15625,5.7276e+0,5.0394e+11,6.8960e+11
0.05521,0.15625,5.6121e+0,5.1979e+11,6.0993e+11
0.05729,0.15625,5.4968e+0,4.8573e+11,7.3626e+11
0.05937,0.15625,5.3676e+0,5.7136e+11,8.5754e+11
0.06146,0.15625,5.2224e+0,5.9335e+11,9.1336e+11
0.06354,0.15625,5.0589e+0,5.3975e+11,7.1220e+11
0.06563,0.15625,4.8882e+0,5.6891e+11,7.5342e+11
0.06771,0.15625,4.7098e+0,5.4464e+11,8.1351e+11
0.06979,0.15625,4.5171e+0,5.4834e+11,7.4517e+11
0.07187,0.15625,4.3144e+0,5.7894e+11,7.1390e+11
0.07396,0.15625,4.1050e+0,4.9496e+11,6.9199e+11
0.07604,0.15625,3.8837e+0,4.7988e+11,7.3484e+11
0.07813,0.15625,3.6466e+0,4.6268e+11,6.9877e+11
0.08021,0.15625,3.3960e+0,4.7145e+11,7.0368e+11
0.08229,0.15625,3.1339e+0,4.9192e+11,7.4080e+11
0.08438,0.15625,2.8589e+0,4.7113e+11,7.9351e+11
0.08646,0.15625,2.5653e+0,4.3153e+11,8.3876e+11
0.08854,0.15625,2.2476e+0,3.1511e+11,6.6716e+11
0.09062,0.15625,1.9093e+0,1.0531e+11,6.2944e+11
0.09271,0.15625,1.5368e+0,5.0289e+9,5.8150e+11
0.09479,0.15625,1.1268e+0,3.8496e+8,4.1340e+11
0.09688,0.15625,6.9248e-1,1.2448e+7,3.9893e+11
0.09896,0.15625,2.3593e-1,0.0000e+0,3.1973e+11
0.00104,0.16042,6.8795e+0,1.9133e+10,1.1369e+10
0.00313,0.16042,6.8795e+0,4.5409e+10,6.7363e+10
0.00521,0.16042,6.8785e+0,7.0544e+10,1.2474e+11
0.00729,0.16042,6.8767e+0,9.4573e+10,3.0317e+11
0.00937,0.16042,6.8670e+0,1.3005e+11,4.0768e+11
0.01146,0.16042,6.8451e+0,1.4377e+11,1.7642e+11
0.01354,0.16042,6.8260e+0,1.3050e+11,2.6747e+11
0.01563,0.16042,6.8015e+0,1.7376e+11,1.9998e+11
0.01771,0.16042,6.7805e+0,2.4287e+11,2.3627e+11
0.01979,0.16042,6.7645e+0,2.1973e+11,3.9068e+11
0.02187,0.16042,6.7390e+0,2.1486e+11,3.5187e+11
0.02396,0.16042,6.7049e+0,2.3770e+11,2.2645e+11
0.02604,0.16042,6.6708e+0,3.0976e+11,2.9013e+11
0.02813,0.16042,6.6381e+0,2.7987e+11,5.1246e+11
0.03021,0.16042,6.5896e+0,3.3786e+11,3.5194e+11
0.03229,0.16042,6.5399e+0,3.6074e+11,4.0372e+11
0.03438,0.16042,6.4878e+0,3.6649e+11,4.1575e+11
0.03646,0.16042,6.4333e+0,4.3349e+11,5.7631e+11
0.03854,0.16042,6.3682e+0,4.9787e+11,4.2217e+11
0.04063,0.16042,6.3088e+0,4.5776e+11,5.6103e+11
0.04271,0.16042,6.2435e+0,4.6543e+11,7.3872e+11
0.04479,0.16042,6.1630e+0,5.0018e+11,6.7765e+11
0.04688,0.16042,6.0741e+0,5.3541e+11,7.3188e+11
0.04896,0.16042,5.9744e+0,5.0643e+11,6.1091e+11
0.05104,0.16042,5.8691e+0,4.9307e+11,6.2740e+11
0.05312,0.16042,5.7565e+0,5.2399e+11,6.2719e+11
0.05521,0.16042,5.6403e+0,5.2980e+11,6.4538e+11
0.05729,0.16042,5.5202e+0,4.9455e+11,7.2584e+11
0.05937,0.16042,5.3877e+0,5.6470e+11,8.0254e+11
0.06146,0.16042,5.2426e+0,5.8809e+11,9.1486e+11
0.06354,0.16042,5.0776e+0,5.5456e+11,7.1772e+11
0.06563,0.16042,4.9037e+0,5.6298e+11,6.5347e+11
0.06771,0.16042,4.7253e+0,5.5141e+11,6.8774e+11
0.06979,0.16042,4.5394e+0,5.5125e+11,7.6850e+11
0.07187,0.16042,4.3420e+0,5.6977e+11,7.7981e+11
0.07396,0.16042,4.1354e+0,4.8916e+11,7.8440e+11
0.07604,0.16042,3.9130e+0,4.8006e+11,7.6987e+11
0.07813,0.16042,3.6748e+0,4.5852e+11,7.5523e+11
0.08021,0.16042,3.4211e+0,4.8212e+11,7.0482e+11
0.08229,0.16042,3.1574e+0,4.7337e+11,7.6271e+11
0.08438,0.16042,2.8786e+0,4.2990e+11,7.8829e+11
0.08646,0.16042,2.5786e+0,4.1426e+11,7.5759e+11
0.08854,0.16042,2.2580e+0,3.1786e+11,6.3209e+11
0.09062,0.16042,1.9198e+0,1.0275e+11,6.7233e+11
0.09271,0.16042,1.5456e+0,4.5940e+9,6.1363e+11
0.09479,0.16042,1.1330e+0,2.7777e+8,4.6569e+11
0.09688,0.16042,6.9388e-1,1.5868e+7,3.6688e+11
0.09896,0.16042,2.3504e-1,0.0000e+0,2.6096e+11
0.00104,0.16458,6.9822e+0,1.9970e+10,0.0000e+0
0.00313,0.16458,6.9828e+0,4.7754e+10,8.0082e+10
0.00521,0.16458,6.9803e+0,8.8834e+10,2.9700e+11
0.00729,0.16458,6.9646e+0,9.8541e+10,1.3313e+11
0.00937,0.16458,6.9482e+0,1.1529e+11,1.4579e+11
0.01146,0.16458,6.9312e+0,1.3988e+11,2.8827e+11
0.01354,0.16458,6.9082e+0,1.3349e+11,2.7790e+11
0.01563,0.16458,6.8801e+0,1.9484e+11,2.3036e+11
0.01771,0.16458,6.8557e+0,2.4987e+11,2.6808e+11
0.01979,0.16458,6.8362e+0,2.0811e+11,3.5787e+11
0.02187,0.16458,6.8093e+0,2.1341e+11,3.3956e+11
0.02396,0.16458,6.7760e+0,2.3822e+11,2.9570e+11
0.02604,0.16458,6.7420e+0,3.2367e+11,3.9903e+11
0.02813,0.16458,6.7060e+0,2.8109e+11,4.5188e+11
0.03021,0.16458,6.6614e+0,3.3640e+11,6.0356e+11
0.03229,0.16458,6.6030e+0,3.6199e+11,4.2782e+11
0.03438,0.16458,6.5449e+0,3.8221e+11,4.9714e+11
0.03646,0.16458,6.4841e+0,4.4400e+11,5.8519e+11
0.03854,0.16458,6.4196e+0,4.9657e+11,6.4580e+11
0.04063,0.16458,6.3520e+0,4.5720e+11,6.7372e+11
0.04271,0.16458,6.2738e+0,4.7149e+11,5.6653e+11
0.04479,0.16458,6.1919e+0,4.9130e+11,5.6876e+11
0.04688,0.16458,6.1071e+0,5.2550e+11,7.1450e+11
0.04896,0.16458,6.0127e+0,4.9237e+11,7.5585e+11
0.05104,0.16458,5.9049e+0,4.8977e+11,7.3948e+11
0.05312,0.16458,5.7861e+0,5.1684e+11,6.4321e+11
0.05521,0.16458,5.6649e+0,5.4124e+11,6.8131e+11
0.05729,0.16458,5.5393e+0,5.1354e+11,7.1621e+11
0.05937,0.16458,5.4030e+0,5.7072e+11,7.0692e+11
0.06146,0.16458,5.2603e+0,6.0446e+11,8.4904e+11
0.06354,0.16458,5.1034e+0,5.6365e+11,8.4585e+11
0.06563,0.16458,4.9306e+0,5.7969e+11,7.4574e+11
0.06771,0.16458,4.7510e+0,5.4919e+11,7.4109e+11
0.06979,0.16458,4.5618e+0,5.6233e+11,7.3475e+11
0.07187,0.16458,4.3641e+0,5.7266e+11,7.1213e+11
0.07396,0.16458,4.1607e+0,4.9038e+11,7.9404e+11
0.07604,0.16458,3.9400e+0,4.7899e+11,8.5001e+11
0.07813,0.16458,3.6975e+0,4.4399e+11,6.9190e+11
0.08021,0.16458,3.4431e+0,4.7214e+11,7.1694e+11
0.08229,0.16458,3.1782e+0,4.7303e+11,7.7566e+11
0.08438,0.16458,2.8987e+0,4.2726e+11,8.3485e+11
0.08646,0.16458,2.5964e+0,4.1799e+11,8.3443e+11
0.08854,0.16458,2.2714e+0,3.2171e+11,6.7587e+11
0.09062,0.16458,1.9280e+0,1.0685e+11,6.3910e+11
0.09271,0.16458,1.5517e+0,4.1113e+9,6.0318e+11
0.09479,0.16458,1.1371e+0,2.7423e+8,4.3161e+11
0.09688,0.16458,6.9735e-1,2.1637e+7,3.9724e+11
0.09896,0.16458,2.3626e-1,0.0000e+0,2.7227e+11
0.00104,0.16875,7.0863e+0,1.8962e+10,0.0000e+0
0.00313,0.16875,7.0910e+0,5.0155e+10,3.2163e+11
0.00521,0.16875,7.0841e+0,1.0091e+11,4.3096e+11
0.00729,0.16875,7.0629e+0,1.0993e+11,3.0951e+11
0.00937,0.16875,7.0373e+0,1.2899e+11,3.1469e+11
0.01146,0.16875,7.0087e+0,1.4376e+11,2.5802e+11
0.01354,0.16875,6.9816e+0,1.3673e+11,3.7905e+11
0.01563,0.16875,6.9462e+0,1.9181e+11,2.2919e+11
0.01771,0.16875,6.9164e+0,2.4465e+11,1.5115e+11
0.01979,0.16875,6.9002e+0,2.1269e+11,4.0695e+11
0.02187,0.16875,6.8764e+0,2.2482e+11,4.2403e+11
0.02396,0.16875,6.8441e+0,2.4617e+11,3.6229e+11
0.02604,0.16875,6.8084e+0,3.2805e+11,4.7028e+11
0.02813,0.16875,6.7668e+0,2.8658e+11,4.4581e+11
0.03021,0.16875,6.7188e+0,3.5670e+11,6.1312e+11
0.03229,0.16875,6.6591e+0,3.7347e+11,5.7941e+11
0.03438,0.16875,6.5914e+0,3.8299e+11,4.8781e+11
0.03646,0.16875,6.5196e+0,4.4229e+11,4.3045e+11
0.03854,0.16875,6.4503e+0,5.0215e+11,4.5538e+11
0.04063,0.16875,6.3850e+0,4.4997e+11,6.8307e+11
0.04271,0.16875,6.3048e+0,5.0074e+11,5.7639e+11
0.04479,0.16875,6.2232e+0,5.0795e+11,6.6259e+11
0.04688,0.16875,6.1352e+0,5.2018e+11,6.8585e+11
0.04896,0.16875,6.0391e+0,4.9605e+11,7.8203e+11
0.05104,0.16875,5.9248e+0,5.2695e+11,6.1865e+11
0.05312,0.16875,5.8045e+0,5.1132e+11,5.4904e+11
0.05521,0.16875,5.6819e+0,5.5272e+11,6.0560e+11
0.05729,0.16875,5.5560e+0,4.9737e+11,6.3443e+11
0.05937,0.16875,5.4208e+0,5.7138e+11,6.9437e+11
0.06146,0.16875,5.2786e+0,5.9641e+11,7.9116e+11
0.06354,0.16875,5.1258e+0,5.6218e+11,8.7863e+11
0.06563,0.16875,4.9547e+0,5.9195e+11,7.5565e+11
0.06771,0.16875,4.7776e+0,5.6430e+11,8.3861e+11
0.06979,0.16875,4.5872e+0,5.6697e+11,7.6873e+11
0.07187,0.16875,4.3882e+0,5.6156e+11,7.2124e+11
0.07396,0.16875,4.1834e+0,5.0179e+11,7.7768e+11
0.07604,0.16875,3.9634e+0,4.6515e+11,8.9059e+11
0.07813,0.16875,3.7164e+0,4.4865e+11,6.7641e+11
0.08021,0.16875,3.4573e+0,4.6938e+11,6.5335e+11
0.08229,0.16875,3.1897e+0,4.7601e+11,7.1050e+11
0.08438,0.16875,2.9104e+0,4.2790e+11,8.6010e+11
0.08646,0.16875,2.6050e+0,4.3588e+11,8.0059e+11
0.08854,0.16875,2.2782e+0,3.3503e+11,6.4902e+11
0.09062,0.16875,1.9337e+0,1.1423e+11,5.9657e+11
0.09271,0.16875,1.5584e+0,4.0950e+9,6.2662e+11
0.09479,0.16875,1.1434e+0,2.5265e+8,4.8639e+11
0.09688,0.16875,7.0030e-1,2.0315e+7,3.8290e+11
0.09896,0.16875,2.3701e-1,0.0000e+0,2.6196e+11
0.00104,0.17292,7.1590e+0,1.8317e+10,0.0000e+0
0.00313,0.17292,7.1630e+0,4.9766e+10,1.4214e+11
0.00521,0.17292,7.1637e+0,9.5588e+10,5.3031e+11
0.00729,0.17292,7.1428e+0,1.1431e+11,5.5467e+11
0.00937,0.17292,7.1043e+0,1.2941e+11,3.1284e+11
0.01146,0.17292,7.0645e+0,1.4261e+11,1.3686e+11
0.01354,0.17292,7.0310e+0,1.3280e+11,1.9635e+11
0.01563,0.17292,6.9953e+0,1.9932e+11,1.8463e+11
0.01771,0.17292,6.9635e+0,2.4708e+11,1.5364e+11
0.01979,0.17292,6.9414e+0,2.3322e+11,1.6341e+11
0.02187,0.17292,6.9259e+0,2.3328e+11,4.1491e+11
0.02396,0.17292,6.9014e+0,2.5015e+11,5.0486e+11
0.02604,0.17292,6.8659e+0,3.2169e+11,6.3478e+11
0.02813,0.17292,6.8161e+0,2.9995e+11,5.2220e+11
0.03021,0.17292,6.7576e+0,3.6517e+11,4.4567e+11
0.03229,0.17292,6.6988e+0,3.7234e+11,4.6131e+11
0.03438,0.17292,6.6380e+0,3.8210e+11,5.8970e+11
0.03646,0.17292,6.5653e+0,4.4375e+11,4.5848e+11
0.03854,0.17292,6.4940e+0,5.0711e+11,5.7887e+11
0.04063,0.17292,6.4192e+0,4.4611e+11,5.9636e+11
0.04271,0.17292,6.3331e+0,4.9491e+11,4.8227e+11
0.04479,0.17292,6.2474e+0,5.0734e+11,5.2890e+11
0.04688,0.17292,6.1601e+0,5.4443e+11,6.6461e+11
0.04896,0.17292,6.0665e+0,5.0951e+11,7.4962e+11
0.05104,0.17292,5.9590e+0,5.3488e+11,7.5675e+11
0.05312,0.17292,5.8397e+0,5.1361e+11,6.3746e+11
0.05521,0.17292,5.7135e+0,5.4067e+11,5.7495e+11
0.05729,0.17292,5.5865e+0,5.0035e+11,7.0558e+11
0.05937,0.17292,5.4472e+0,5.9587e+11,7.7945e+11
0.06146,0.17292,5.2985e+0,6.0176e+11,7.5633e+11
0.06354,0.17292,5.1431e+0,5.5703e+11,8.2256e+11
0.06563,0.17292,4.9731e+0,5.8913e+11,7.9388e+11
0.06771,0.17292,4.7939e+0,5.5653e+11,7.3819e+11
0.06979,0.17292,4.6071e+0,5.6908e+11,8.1927e+11
0.07187,0.17292,4.4090e+0,5.8716e+11,7.8797e+11
0.07396,0.17292,4.2039e+0,4.9779e+11,7.6530e+11
0.07604,0.17292,3.9865e+0,4.7540e+11,9.5677e+11
0.07813,0.17292,3.7397e+0,4.6349e+11,7.8656e+11
0.08021,0.17292,3.4745e+0,4.7888e+11,6.4293e+11
0.08229,0.17292,3.2026e+0,4.7369e+11,7.0579e+11
0.08438,0.17292,2.9192e+0,4.3378e+11,7.7402e+11
0.08646,0.17292,2.6152e+0,4.4216e+11,8.1293e+11
0.08854,0.17292,2.2887e+0,3.3713e+11,6.5765e+11
0.09062,0.17292,1.9438e+0,1.1751e+11,6.6443e+11
0.09271,0.17292,1.5641e+0,3.8569e+9,5.7773e+11
0.09479,0.17292,1.1476e+0,2.8312e+8,4.7640e+11
0.09688,0.17292,7.0247e-1,8.6436e+6,3.6318e+11
0.09896,0.17292,2.3789e-1,0.0000e+0,2.6756e+11
0.00104,0.17708,7.2053e+0,1.8248e+10,0.0000e+0
0.00313,0.17708,7.2133e+0,5.0063e+10,4.1720e+11
0.00521,0.17708,7.2089e+0,9.6122e+10,5.5590e+11
0.00729,0.17708,7.1890e+0,1.1970e+11,5.6111e+11
0.00937,0.17708,7.1535e+0,1.4614e+11,2.0997e+11
0.01146,0.17708,7.1240e+0,1.4519e+11,2.6917e+11
0.01354,0.17708,7.0904e+0,1.2811e+11,2.6697e+11
0.01563,0.17708,7.0516e+0,2.0298e+11,2.7037e+11
0.01771,0.17708,7.0134e+0,2.6000e+11,1.3689e+11
0.01979,0.17708,6.9867e+0,2.2961e+11,2.3295e+11
0.02187,0.17708,6.9616e+0,2.3758e+11,3.0386e+11
0.02396,0.17708,6.9327e+0,2.5441e+11,3.7602e+11
0.02604,0.17708,6.8963e+0,3.2429e+11,5.2774e+11
0.02813,0.17708,6.8464e+0,2.9542e+11,3.9522e+11
0.03021,0.17708,6.7885e+0,3.7917e+11,3.1812e+11
0.03229,0.17708,6.7344e+0,3.7764e+11,3.5707e+11
0.03438,0.17708,6.6827e+0,3.8615e+11,6.1975e+11
0.03646,0.17708,6.6177e+0,4.6243e+11,6.5564e+11
0.03854,0.17708,6.5445e+0,5.1395e+11,6.3298e+11
0.04063,0.17708,6.4681e+0,4.4988e+11,6.7099e+11
0.04271,0.17708,6.3809e+0,5.0542e+11,6.7217e+11
0.04479,0.17708,6.2873e+0,5.1979e+11,6.4348e+11
0.04688,0.17708,6.1884e+0,5.5490e+11,5.5592e+11
0.04896,0.17708,6.0912e+0,5.1236e+11,5.9702e+11
0.05104,0.17708,5.9890e+0,5.2772e+11,6.3712e+11
0.05312,0.17708,5.8829e+0,5.2287e+11,8.9034e+11
0.05521,0.17708,5.7569e+0,5.4781e+11,7.9660e+11
0.05729,0.17708,5.6209e+0,5.1834e+11,7.5300e+11
0.05937,0.17708,5.4736e+0,6.1127e+11,8.0181e+11
0.06146,0.17708,5.3172e+0,6.2338e+11,7.4485e+11
0.06354,0.17708,5.1566e+0,5.4855e+11,7.3541e+11
0.06563,0.17708,4.9865e+0,5.8764e+11,7.9422e+11
0.06771,0.17708,4.8063e+0,5.6372e+11,7.6569e+11
0.06979,0.17708,4.6161e+0,5.9668e+11,7.5201e+11
0.07187,0.17708,4.4186e+0,5.9266e+11,7.5422e+11
0.07396,0.17708,4.2131e+0,5.0685e+11,6.5052e+11
0.07604,0.17708,4.0013e+0,4.8540e+11,9.2644e+11
0.07813,0.17708,3.7621e+0,4.7507e+11,9.3979e+11
0.08021,0.17708,3.4953e+0,4.8041e+11,7.3993e+11
0.08229,0.17708,3.2169e+0,4.7330e+11,6.5567e+11
0.08438,0.17708,2.9321e+0,4.3770e+11,7.7017e+11
0.08646,0.17708,2.6298e+0,4.3296e+11,8.6226e+11
0.08854,0.17708,2.3035e+0,3.3164e+11,7.3876e+11
0.09062,0.17708,1.9550e+0,1.1786e+11,6.7596e+11
0.09271,0.17708,1.5721e+0,3.6938e+9,5.7124e+11
0.09479,0.17708,1.1543e+0,3.1865e+8,4.9598e+11
0.09688,0.17708,7.0765e-1,6.0855e+6,4.0467e+11
0.09896,0.17708,2.3915e-1,0.0000e+0,2.4877e+11
0.00104,0.18125,7.1938e+0,1.7913e+10,0.0000e+0
0.00313,0.18125,7.1928e+0,4.9632e+10,7.3486e+8
0.00521,0.18125,7.1909e+0,9.1441e+10,1.1910e+10
0.00729,0.18125,7.1906e+0,1.1806e+11,1.4837e+11
0.00937,0.18125,7.1880e+0,1.3470e+11,2.7157e+11
0.01146,0.18125,7.1834e+0,1.5563e+11,7.7582e+11
0.01354,0.18125,7.1490e+0,1.3949e+11,4.8653e+11
0.01563,0.18125,7.1054e+0,1.9853e+11,2.5057e+11
0.01771,0.18125,7.0708e+0,2.4772e+11,3.7354e+11
0.01979,0.18125,7.0358e+0,2.1973e+11,2.6875e+11
0.02187,0.18125,7.0020e+0,2.3621e+11,2.8820e+11
0.02396,0.18125,6.9671e+0,2.6787e+11,3.2178e+11
0.02604,0.18125,6.9306e+0,3.3456e+11,4.0829e+11
0.02813,0.18125,6.8935e+0,2.8902e+11,6.3185e+11
0.03021,0.18125,6.8383e+0,3.6213e+11,4.9603e+11
0.03229,0.18125,6.7809e+0,3.7114e+11,4.9417e+11
0.03438,0.18125,6.7210e+0,4.0238e+11,5.0570e+11
0.03646,0.18125,6.6583e+0,4.7328e+11,6.6353e+11
0.03854,0.18125,6.5865e+0,5.0829e+11,6.8115e+11
0.04063,0.18125,6.5074e+0,4.4652e+11,6.4625e+11
0.04271,0.18125,6.4194e+0,5.2565e+11,6.8946e+11
0.04479,0.18125,6.3277e+0,5.3807e+11,7.8811e+11
0.04688,0.18125,6.2270e+0,5.5726e+11,6.8813e+11
0.04896,0.18125,6.1257e+0,5.4023e+11,7.3094e+11
0.05104,0.18125,6.0181e+0,5.2941e+11,6.5681e+11
0.05312,0.18125,5.9078e+0,5.3120e+11,8.1817e+11
0.05521,0.18125,5.7821e+0,5.7188e+11,7.9797e+11
0.05729,0.18125,5.6476e+0,5.4161e+11,8.5110e+11
0.05937,0.18125,5.4977e+0,6.1550e+11,8.6522e+11
0.06146,0.18125,5.3359e+0,6.3027e+11,7.4793e+11
0.06354,0.18125,5.1712e+0,5.4966e+11,7.4022e+11
0.06563,0.18125,4.9975e+0,5.8512e+11,7.3411e+11
0.06771,0.18125,4.8178e+0,5.7170e+11,7.6411e+11
0.06979,0.18125,4.6292e+0,6.0263e+11,7.9502e+11
0.07187,0.18125,4.4322e+0,5.7489e+11,7.8441e+11
0.07396,0.18125,4.2261e+0,5.1574e+11,7.0898e+11
0.07604,0.18125,4.0116e+0,4.9535e+11,8.4744e+11
0.07813,0.18125,3.7763e+0,4.7160e+11,9.8513e+11
0.08021,0.18125,3.5092e+0,4.6941e+11,7.5302e+11
0.08229,0.18125,3.2278e+0,4.7113e+11,6.4713e+11
0.08438,0.18125,2.9391e+0,4.4378e+11,6.9384e+11
0.08646,0.18125,2.6362e+0,4.5327e+11,8.0061e+11
0.08854,0.18125,2.3111e+0,3.2486e+11,7.0314e+11
0.09062,0.18125,1.9622e+0,1.1093e+11,6.6170e+11
0.09271,0.18125,1.5770e+0,3.7069e+9,5.1846e+11
0.09479,0.18125,1.1591e+0,3.0818e+8,4.8607e+11
0.09688,0.18125,7.1231e-1,6.1085e+6,4.3979e+11
0.09896,0.18125,2.4135e-1,0.0000e+0,2.8135e+11
0.00104,0.18542,7.1962e+0,2.0411e+10,0.0000e+0
0.00313,0.18542,7.1947e+0,5.3271e+10,0.0000e+0
0.00521,0.18542,7.1936e+0,9.0129e+10,1.1303e+10
0.00729,0.18542,7.1936e+0,1.0461e+11,7.5581e+10
0.00937,0.18542,7.1905e+0,1.1851e+11,1.4774e+11
0.01146,0.18542,7.1814e+0,1.4384e+11,2.7958e+11
0.01354,0.18542,7.1597e+0,1.3952e+11,3.1596e+11
0.01563,0.18542,7.1277e+0,2.0979e+11,1.3426e+11
0.01771,0.18542,7.1062e+0,2.4733e+11,3.8542e+11
0.01979,0.18542,7.0796e+0,2.2566e+11,4.4264e+11
0.02187,0.18542,7.0437e+0,2.4363e+11,3.8284e+11
0.02396,0.18542,7.0029e+0,2.8043e+11,3.9072e+11
0.02604,0.18542,6.9563e+0,3.5455e+11,2.4451e+11
0.02813,0.18542,6.9184e+0,3.0229e+11,4.2745e+11
0.03021,0.18542,6.8709e+0,3.6249e+11,5.2364e+11
0.03229,0.18542,6.8141e+0,3.6623e+11,4.7611e+11
0.03438,0.18542,6.7526e+0,4.1025e+11,4.5988e+11
0.03646,0.18542,6.6909e+0,4.6886e+11,6.5399e+11
0.03854,0.18542,6.6200e+0,5.1226e+11,7.5654e+11
0.04063,0.18542,6.5366e+0,4.4936e+11,7.2613e+11
0.04271,0.18542,6.4388e+0,5.1250e+11,5.2610e+11
0.04479,0.18542,6.3434e+0,5.3839e+11,6.0632e+11
0.04688,0.18542,6.2449e+0,5.9279e+11,6.6609e+11
0.04896,0.18542,6.1431e+0,5.4275e+11,6.3488e+11
0.05104,0.18542,6.0360e+0,5.2903e+11,6.2551e+11
0.05312,0.18542,5.9226e+0,5.4664e+11,8.0403e+11
0.05521,0.18542,5.7912e+0,5.8057e+11,6.0494e+11
0.05729,0.18542,5.6591e+0,5.3349e+11,7.4557e+11
0.05937,0.18542,5.5130e+0,5.9713e+11,8.5434e+11
0.06146,0.18542,5.3509e+0,6.3083e+11,7.2323e+11
0.06354,0.18542,5.1846e+0,5.6706e+11,7.2542e+11
0.06563,0.18542,5.0083e+0,5.7764e+11,6.8113e+11
0.06771,0.18542,4.8266e+0,5.7501e+11,7.0494e+11
0.06979,0.18542,4.6390e+0,5.7808e+11,8.0492e+11
0.07187,0.18542,4.4394e+0,5.8152e+11,6.8790e+11
0.07396,0.18542,4.2360e+0,5.2077e+11,7.5426e+11
0.07604,0.18542,4.0193e+0,4.8904e+11,8.1572e+11
0.07813,0.18542,3.7826e+0,4.6266e+11,8.6405e+11
0.08021,0.18542,3.5201e+0,4.6987e+11,7.6761e+11
0.08229,0.18542,3.2417e+0,4.6803e+11,7.0115e+11
0.08438,0.18542,2.9535e+0,4.4179e+11,7.2754e+11
0.08646,0.18542,2.6519e+0,4.4271e+11,8.6767e+11
0.08854,0.18542,2.3273e+0,3.1374e+11,8.0093e+11
0.09062,0.18542,1.9752e+0,1.0825e+11,7.0022e+11
0.09271,0.18542,1.5872e+0,3.2907e+9,5.6730e+11
0.09479,0.18542,1.1649e+0,2.5497e+8,4.7241e+11
0.09688,0.18542,7.1493e-1,6.0249e+6,4.0835e+11
0.09896,0.18542,2.4228e-1,0.0000e+0,2.7767e+11
0.00104,0.18958,7.2163e+0,2.1150e+10,0.0000e+0
0.00313,0.18958,7.2159e+0,5.3901e+10,0.0000e+0
0.00521,0.18958,7.2170e+0,8.0527e+10,2.0381e+10
0.00729,0.18958,7.2199e+0,1.0426e+11,1.9204e+11
0.00937,0.18958,7.2137e+0,1.2166e+11,2.5098e+11
0.01146,0.18958,7.1978e+0,1.3693e+11,2.7248e+11
0.01354,0.18958,7.1728e+0,1.4239e+11,1.5457e+11
0.01563,0.18958,7.1464e+0,2.2264e+11,9.1069e+10
0.01771,0.18958,7.1295e+0,2.5180e+11,3.3668e+11
0.01979,0.18958,7.1057e+0,2.2973e+11,2.9702e+11
0.02187,0.18958,7.0761e+0,2.5793e+11,3.3295e+11
0.02396,0.18958,7.0421e+0,2.6809e+11,4.8257e+11
0.02604,0.18958,6.9955e+0,3.6250e+11,3.2493e+11
0.02813,0.18958,6.9550e+0,3.0770e+11,4.7697e+11
0.03021,0.18958,6.9045e+0,3.6501e+11,5.1390e+11
0.03229,0.18958,6.8468e+0,3.6573e+11,4.8142e+11
0.03438,0.18958,6.7842e+0,4.2461e+11,4.9864e+11
0.03646,0.18958,6.7173e+0,4.6880e+11,5.6383e+11
0.03854,0.18958,6.6432e+0,5.1854e+11,6.9141e+11
0.04063,0.18958,6.5555e+0,4.6468e+11,5.0043e+11
0.04271,0.18958,6.4627e+0,5.1992e+11,5.3756e+11
0.04479,0.18958,6.3686e+0,5.4289e+11,6.0156e+11
0.04688,0.18958,6.2707e+0,6.1047e+11,6.5520e+11
0.04896,0.18958,6.1704e+0,5.6481e+11,6.2555e+11
0.05104,0.18958,6.0670e+0,5.2947e+11,7.7910e+11
0.05312,0.18958,5.9473e+0,5.5092e+11,7.3374e+11
0.05521,0.18958,5.8156e+0,5.8576e+11,6.6978e+11
0.05729,0.18958,5.6798e+0,5.4136e+11,7.1674e+11
0.05937,0.18958,5.5336e+0,6.1729e+11,8.1563e+11
0.06146,0.18958,5.3758e+0,6.5200e+11,7.9706e+11
0.06354,0.18958,5.2108e+0,5.8335e+11,8.3300e+11
0.06563,0.18958,5.0309e+0,5.8189e+11,7.6710e+11
0.06771,0.18958,4.8406e+0,6.0011e+11,6.5717e+11
0.06979,0.18958,4.6485e+0,5.8089e+11,6.8165e+11
0.07187,0.18958,4.4521e+0,5.8841e+11,7.4229e+11
0.07396,0.18958,4.2493e+0,5.2482e+11,8.3296e+11
0.07604,0.18958,4.0292e+0,4.8553e+11,7.7708e+11
0.07813,0.18958,3.7928e+0,4.6940e+11,9.1365e+11
0.08021,0.18958,3.5293e+0,4.8579e+11,7.7878e+11
0.08229,0.18958,3.2500e+0,4.7588e+11,6.9460e+11
0.08438,0.18958,2.9611e+0,4.5268e+11,7.5865e+11
0.08646,0.18958,2.6566e+0,4.5288e+11,8.2015e+11
0.08854,0.18958,2.3318e+0,3.1050e+11,7.5699e+11
0.09062,0.18958,1.9804e+0,1.1393e+11,6.8035e+11
0.09271,0.18958,1.5932e+0,4.2939e+9,5.5843e+11
0.09479,0.18958,1.1716e+0,2.4902e+8,5.1650e+11
0.09688,0.18958,7.1960e-1,6.1094e+6,4.3473e+11
0.09896,0.18958,2.4395e-1,0.0000e+0,2.8655e+11
0.00104,0.19375,7.2466e+0,1.9984e+10,0.0000e+0
0.00313,0.19375,7.2468e+0,5.6601e+10,0.0000e+0
0.00521,0.19375,7.2495e+0,9.6187e+10,4.6984e+9
0.00729,0.19375,7.2564e+0,1.0994e+11,3.6940e+11
0.00937,0.19375,7.2448e+0,1.4427e+11,3.5554e+11
0.01146,0.19375,7.2235e+0,1.5433e+11,2.0206e+11
0.01354,0.19375,7.2030e+0,1.4895e+11,2.1752e+11
0.01563,0.19375,7.1799e+0,2.1880e+11,1.4276e+11
0.01771,0.19375,7.1637e+0,2.5891e+11,3.3647e+11
0.01979,0.19375,7.1449e+0,2.2869e+11,4.6289e+11
0.02187,0.19375,7.1145e+0,2.4130e+11,3.9106e+11
0.02396,0.19375,7.0782e+0,2.6770e+11,3.9272e+11
0.02604,0.19375,7.0362e+0,3.5949e+11,4.5065e+11
0.02813,0.19375,6.9917e+0,2.9973e+11,4.9285e+11
0.03021,0.19375,6.9348e+0,3.6646e+11,3.4296e+11
0.03229,0.19375,6.8788e+0,3.8203e+11,3.3124e+11
0.03438,0.19375,6.8253e+0,4.3196e+11,6.2902e+11
0.03646,0.19375,6.7585e+0,4.7775e+11,6.1408e+11
0.03854,0.19375,6.6840e+0,5.2709e+11,6.8087e+11
0.04063,0.19375,6.6023e+0,4.7598e+11,7.8346e+11
0.04271,0.19375,6.5045e+0,5.4251e+11,6.0039e+11
0.04479,0.19375,6.4086e+0,5.5683e+11,6.7726e+11
0.04688,0.19375,6.3093e+0,6.2136e+11,7.0210e+11
0.04896,0.19375,6.2086e+0,5.8054e+11,7.1130e+11
0.05104,0.19375,6.1029e+0,5.3767e+11,7.9274e+11
0.05312,0.19375,5.9826e+0,5.6936e+11,8.1537e+11
0.05521,0.19375,5.8501e+0,5.8575e+11,8.2448e+11
0.05729,0.19375,5.7076e+0,5.6295e+11,7.1567e+11
0.05937,0.19375,5.5596e+0,6.4806e+11,8.0884e+11
0.06146,0.19375,5.4061e+0,6.3475e+11,8.9610e+11
0.06354,0.19375,5.2407e+0,5.6594e+11,8.6604e+11
0.06563,0.19375,5.0600e+0,6.1197e+11,8.5874e+11
0.06771,0.19375,4.8676e+0,6.2719e+11,8.1345e+11
0.06979,0.19375,4.6672e+0,5.8549e+11,6.7840e+11
0.07187,0.19375,4.4646e+0,5.9876e+11,6.9100e+11
0.07396,0.19375,4.2594e+0,5.3230e+11,8.1914e+11
0.07604,0.19375,4.0373e+0,4.9290e+11,7.8543e+11
0.07813,0.19375,3.7984e+0,4.8821e+11,8.4967e+11
0.08021,0.19375,3.5380e+0,4.8933e+11,8.5448e+11
0.08229,0.19375,3.2566e+0,4.8011e+11,7.1318e+11
0.08438,0.19375,2.9644e+0,4.6730e+11,7.4671e+11
0.08646,0.19375,2.6574e+0,4.4809e+11,7.4965e+11
0.08854,0.19375,2.3337e+0,3.1795e+11,7.2801e+11
0.09062,0.19375,1.9852e+0,1.1819e+11,7.0439e+11
0.09271,0.19375,1.5993e+0,5.1774e+9,5.9980e+11
0.09479,0.19375,1.1762e+0,2.8683e+8,5.1392e+11
0.09688,0.19375,7.2204e-1,6.0812e+6,4.0129e+11
0.09896,0.19375,2.4523e-1,0.0000e+0,3.0057e+11
0.00104,0.19792,7.2811e+0,1.6367e+10,0.0000e+0
0.00313,0.19792,7.2817e+0,8.2586e+10,0.0000e+0
0.00521,0.19792,7.2865e+0,1.2321e+11,1.3617e+11
0.00729,0.19792,7.2881e+0,1.1875e+11,4.8972e+11
0.00937,0.19792,7.2624e+0,1.5497e+11,2.2647e+10
0.01146,0.19792,7.2468e+0,1.5542e+11,7.4301e+10
0.01354,0.19792,7.2355e+0,1.4932e+11,1.9371e+11
0.01563,0.19792,7.2200e+0,2.0886e+11,4.1038e+11
0.01771,0.19792,7.1918e+0,2.7215e+11,2.1402e+11
0.01979,0.19792,7.1680e+0,2.3589e+11,2.5688e+11
0.02187,0.19792,7.1418e+0,2.4096e+11,3.3032e+11
0.02396,0.19792,7.1117e+0,2.7933e+11,4.8617e+11
0.02604,0.19792,7.0721e+0,3.5766e+11,4.3738e+11
0.02813,0.19792,7.0322e+0,2.9356e+11,4.6068e+11
0.03021,0.19792,6.9847e+0,3.6399e+11,5.2732e+11
0.03229,0.19792,6.9308e+0,3.8670e+11,5.0210e+11
0.03438,0.19792,6.8723e+0,4.4148e+11,6.0846e+11
0.03646,0.19792,6.8039e+0,4.8853e+11,7.3708e+11
0.03854,0.19792,6.7217e+0,5.4317e+11,6.6981e+11
0.04063,0.19792,6.6357e+0,4.8138e+11,7.0522e+11
0.04271,0.19792,6.5391e+0,5.5312e+11,6.2424e+11
0.04479,0.19792,6.4429e+0,5.4765e+11,6.2916e+11
0.04688,0.19792,6.3457e+0,5.9325e+11,7.5134e+11
0.04896,0.19792,6.2433e+0,5.9700e+11,7.6836e+11
0.05104,0.19792,6.1354e+0,5.5141e+11,8.9450e+11
0.05312,0.19792,6.0088e+0,5.7797e+11,8.1783e+11
0.05521,0.19792,5.8710e+0,5.8341e+11,6.9688e+11
0.05729,0.19792,5.7303e+0,5.6198e+11,7.8501e+11
0.05937,0.19792,5.5783e+0,6.5051e+11,7.4837e+11
0.06146,0.19792,5.4233e+0,6.3204e+11,8.0310e+11
0.06354,0.19792,5.2603e+0,5.7917e+11,8.5919e+11
0.06563,0.19792,5.0824e+0,6.3376e+11,8.9508e+11
0.06771,0.19792,4.8917e+0,6.2534e+11,8.7070e+11
0.06979,0.19792,4.6902e+0,5.9501e+11,7.8901e+11
0.07187,0.19792,4.4816e+0,6.3647e+11,7.3171e+11
0.07396,0.19792,4.2715e+0,5.3087e+11,7.9830e+11
0.07604,0.19792,4.0456e+0,5.0252e+11,7.8462e+11
0.07813,0.19792,3.8033e+0,4.9703e+11,7.9290e+11
0.08021,0.19792,3.5440e+0,4.8500e+11,8.5835e+11
0.08229,0.19792,3.2626e+0,4.7599e+11,7.3931e+11
0.08438,0.19792,2.9682e+0,4.6279e+11,7.2607e+11
0.08646,0.19792,2.6608e+0,4.6172e+11,7.6101e+11
0.08854,0.19792,2.3381e+0,3.2237e+11,7.8377e+11
0.09062,0.19792,1.9886e+0,1.1688e+11,6.8384e+11
0.09271,0.19792,1.6039e+0,5.9791e+9,6.0425e+11
0.09479,0.19792,1.1823e+0,3.3388e+8,5.4491e+11
0.09688,0.19792,7.2902e-1,6.1218e+6,5.1211e+11
0.09896,0.19792,2.4738e-1,0.0000e+0,3.0231e+11
0.00104,0.20208,7.3164e+0,1.6162e+10,0.0000e+0
0.00313,0.20208,7.3186e+0,6.7793e+10,0.0000e+0
0.00521,0.20208,7.3269e+0,1.0739e+11,2.9840e+11
0.00729,0.20208,7.3262e+0,1.1547e+11,5.8524e+11
0.00937,0.20208,7.2996e+0,1.4637e+11,2.3290e+10
0.01146,0.20208,7.2881e+0,1.5144e+11,1.4056e+11
0.01354,0.20208,7.2786e+0,1.4597e+11,3.0374e+11
0.01563,0.20208,7.2599e+0,2.1293e+11,3.8226e+11
0.01771,0.20208,7.2329e+0,2.8056e+11,3.5539e+11
0.01979,0.20208,7.2043e+0,2.3336e+11,3.7609e+11
0.02187,0.20208,7.1673e+0,2.4370e+11,2.5744e+11
0.02396,0.20208,7.1300e+0,2.6696e+11,2.0729e+11
0.02604,0.20208,7.0971e+0,3.4876e+11,4.1214e+11
0.02813,0.20208,7.0637e+0,2.9288e+11,4.9828e+11
0.03021,0.20208,7.0230e+0,3.7436e+11,5.3607e+11
0.03229,0.20208,6.9796e+0,4.0039e+11,7.2534e+11
0.03438,0.20208,6.9216e+0,4.4726e+11,8.3702e+11
0.03646,0.20208,6.8435e+0,4.8860e+11,7.5522e+11
0.03854,0.20208,6.7531e+0,5.3911e+11,6.4289e+11
0.04063,0.20208,6.6598e+0,4.8837e+11,4.6458e+11
0.04271,0.20208,6.5689e+0,5.4159e+11,6.1804e+11
0.04479,0.20208,6.4736e+0,5.4629e+11,6.5095e+11
0.04688,0.20208,6.3710e+0,5.8661e+11,6.4260e+11
0.04896,0.20208,6.2645e+0,5.7830e+11,6.5665e+11
0.05104,0.20208,6.1537e+0,5.6055e+11,8.3580e+11
0.05312,0.20208,6.0253e+0,5.7858e+11,7.5786e+11
0.05521,0.20208,5.8884e+0,5.7815e+11,6.6978e+11
0.05729,0.20208,5.7499e+0,5.4393e+11,7.7365e+11
0.05937,0.20208,5.5997e+0,6.5130e+11,8.4898e+11
0.06146,0.20208,5.4402e+0,6.3048e+11,7.8468e+11
0.06354,0.20208,5.2738e+0,5.9776e+11,7.9461e+11
0.06563,0.20208,5.0974e+0,6.4244e+11,9.1772e+11
0.06771,0.20208,4.9062e+0,6.2462e+11,8.3288e+11
0.06979,0.20208,4.7052e+0,6.0471e+11,7.4922e+11
0.07187,0.20208,4.4990e+0,6.2454e+11,7.8275e+11
0.07396,0.20208,4.2869e+0,5.1889e+11,8.3925e+11
0.07604,0.20208,4.0567e+0,5.0192e+11,7.8858e+11
0.07813,0.20208,3.8102e+0,5.0277e+11,7.5311e+11
0.08021,0.20208,3.5491e+0,4.8124e+11,8.1734e+11
0.08229,0.20208,3.2669e+0,4.7890e+11,7.2448e+11
0.08438,0.20208,2.9710e+0,4.5927e+11,6.9607e+11
0.08646,0.20208,2.6619e+0,4.5951e+11,7.3248e+11
0.08854,0.20208,2.3367e+0,3.3528e+11,7.1026e+11
0.09062,0.20208,1.9882e+0,1.1504e+11,6.5880e+11
0.09271,0.20208,1.6041e+0,4.3681e+9,5.8928e+11
0.09479,0.20208,1.1830e+0,2.6777e+8,5.5988e+11
0.09688,0.20208,7.2857e-1,6.0297e+6,4.6939e+11
0.09896,0.20208,2.4816e-1,0.0000e+0,3.4323e+11
0.00104,0.20625,7.3394e+0,1.5227e+10,0.0000e+0
0.00313,0.20625,7.3380e+0,6.5550e+10,0.0000e+0
0.00521,0.20625,7.3376e+0,9.5056e+10,3.2709e+10
0.00729,0.20625,7.3359e+0,9.6228e+10,4.5287e+10
0.00937,0.20625,7.3321e+0,1.2461e+11,5.7860e+10
0.01146,0.20625,7.3322e+0,1.4263e+11,3.8988e+11
0.01354,0.20625,7.3177e+0,1.4055e+11,3.5013e+11
0.01563,0.20625,7.2920e+0,2.1843e+11,2.1395e+11
0.01771,0.20625,7.2699e+0,2.7120e+11,4.0304e+11
0.01979,0.20625,7.2428e+0,2.3734e+11,4.8422e+11
0.02187,0.20625,7.2040e+0,2.5563e+11,3.8111e+11
0.02396,0.20625,7.1619e+0,2.6950e+11,3.6740e+11
0.02604,0.20625,7.1151e+0,3.5691e+11,3.0694e+11
0.02813,0.20625,7.0704e+0,3.0417e+11,1.4563e+11
0.03021,0.20625,7.0332e+0,3.8388e+11,3.3773e+11
0.03229,0.20625,6.9974e+0,3.9530e+11,6.3846e+11
0.03438,0.20625,6.9453e+0,4.5608e+11,8.4384e+11
0.03646,0.20625,6.8684e+0,4.8928e+11,6.5691e+11
0.03854,0.20625,6.7830e+0,5.2512e+11,5.6434e+11
0.04063,0.20625,6.7006e+0,4.9222e+11,7.0634e+11
0.04271,0.20625,6.6103e+0,5.3546e+11,6.7638e+11
0.04479,0.20625,6.5186e+0,5.4869e+11,8.6512e+11
0.04688,0.20625,6.4136e+0,5.9232e+11,8.5383e+11
0.04896,0.20625,6.2961e+0,5.8666e+11,6.6236e+11
0.05104,0.20625,6.1761e+0,5.6847e+11,8.1045e+11
0.05312,0.20625,6.0399e+0,5.8080e+11,6.0332e+11
0.05521,0.20625,5.9041e+0,5.8762e+11,6.5795e+11
0.05729,0.20625,5.7653e+0,5.5372e+11,6.8771e+11
0.05937,0.20625,5.6181e+0,6.6759e+11,8.6490e+11
0.06146,0.20625,5.4581e+0,6.2676e+11,7.8335e+11
0.06354,0.20625,5.2884e+0,5.8142e+11,7.5197e+11
0.06563,0.20625,5.1081e+0,6.3010e+11,7.8613e+11
0.06771,0.20625,4.9186e+0,6.2056e+11,7.9392e+11
0.06979,0.20625,4.7197e+0,6.0661e+11,7.4944e+11
0.07187,0.20625,4.5143e+0,6.0981e+11,7.9782e+11
0.07396,0.20625,4.2993e+0,4.9282e+11,7.4415e+11
0.07604,0.20625,4.0693e+0,4.9240e+11,7.7272e+11
0.07813,0.20625,3.8237e+0,5.0820e+11,8.1819e+11
0.08021,0.20625,3.5614e+0,4.7434e+11,8.2547e+11
0.08229,0.20625,3.2783e+0,4.9131e+11,7.4188e+11
0.08438,0.20625,2.9821e+0,4.6691e+11,7.4218e+11
0.08646,0.20625,2.6719e+0,4.4723e+11,7.9646e+11
0.08854,0.20625,2.3428e+0,3.3968e+11,7.0482e+11
0.09062,0.20625,1.9925e+0,1.1462e+11,6.8906e+11
0.09271,0.20625,1.6051e+0,3.9086e+9,6.0424e+11
0.09479,0.20625,1.1795e+0,2.6790e+8,4.8241e+11
0.09688,0.20625,7.2483e-1,6.0254e+6,4.2794e+11
0.09896,0.20625,2.4591e-1,0.0000e+0,2.9265e+11
0.00104,0.21042,7.3784e+0,1.1870e+10,0.0000e+0
0.00313,0.21042,7.3764e+0,5.9300e+10,0.0000e+0
0.00521,0.21042,7.3745e+0,8.6607e+10,0.0000e+0
0.00729,0.21042,7.3733e+0,9.3769e+10,7.3817e+9
0.00937,0.21042,7.3713e+0,1.2110e+11,1.4962e+11
0.01146,0.21042,7.3629e+0,1.4116e+11,2.0159e+11
0.01354,0.21042,7.3477e+0,1.3638e+11,2.3024e+11
0.01563,0.21042,7.3240e+0,2.2206e+11,2.6683e+11
0.01771,0.21042,7.2970e+0,2.7006e+11,3.3951e+11
0.01979,0.21042,7.2645e+0,2.4514e+11,2.5943e+11
0.02187,0.21042,7.2300e+0,2.5566e+11,2.0949e+11
0.02396,0.21042,7.1971e+0,2.8123e+11,3.7195e+11
0.02604,0.21042,7.1552e+0,3.6174e+11,3.9835e+11
0.02813,0.21042,7.1086e+0,2.9564e+11,2.6300e+11
0.03021,0.21042,7.0630e+0,3.7343e+11,3.8631e+11
0.03229,0.21042,7.0149e+0,3.9482e+11,4.3699e+11
0.03438,0.21042,6.9622e+0,4.4410e+11,6.7806e+11
0.03646,0.21042,6.8927e+0,5.0722e+11,7.4674e+11
0.03854,0.21042,6.8075e+0,5.4135e+11,5.6414e+11
0.04063,0.21042,6.7231e+0,4.9773e+11,6.6303e+11
0.04271,0.21042,6.6306e+0,5.5814e+11,6.6851e+11
0.04479,0.21042,6.5362e+0,5.6958e+11,6.4733e+11
0.04688,0.21042,6.4432e+0,5.9765e+11,9.5470e+11
0.04896,0.21042,6.3343e+0,5.8119e+11,9.7299e+11
0.05104,0.21042,6.2085e+0,5.6004e+11,8.8765e+11
0.05312,0.21042,6.0673e+0,5.7899e+11,6.0754e+11
0.05521,0.21042,5.9303e+0,6.0119e+11,6.5842e+11
0.05729,0.21042,5.7929e+0,5.6543e+11,7.1415e+11
0.05937,0.21042,5.6473e+0,6.7562e+11,8.9960e+11
0.06146,0.21042,5.4880e+0,6.2798e+11,8.7482e+11
0.06354,0.21042,5.3146e+0,5.9384e+11,8.2164e+11
0.06563,0.21042,5.1300e+0,6.3895e+11,8.2801e+11
0.06771,0.21042,4.9384e+0,6.1482e+11,8.0978e+11
0.06979,0.21042,4.7394e+0,6.0962e+11,7.9543e+11
0.07187,0.21042,4.5334e+0,5.9931e+11,8.2173e+11
0.07396,0.21042,4.3178e+0,4.8310e+11,8.4005e+11
0.07604,0.21042,4.0821e+0,4.9536e+11,7.4946e+11
0.07813,0.21042,3.8336e+0,5.0854e+11,7.3037e+11
0.08021,0.21042,3.5745e+0,4.8322e+11,8.7160e+11
0.08229,0.21042,3.2931e+0,4.8758e+11,8.2470e+11
0.08438,0.21042,2.9928e+0,4.7940e+11,7.3510e+11
0.08646,0.21042,2.6785e+0,4.5277e+11,6.9892e+11
0.08854,0.21042,2.3511e+0,3.3850e+11,7.5232e+11
0.09062,0.21042,1.9985e+0,1.1321e+11,7.1020e+11
0.09271,0.21042,1.6069e+0,3.9996e+9,5.5616e+11
0.09479,0.21042,1.1799e+0,5.4916e+8,4.7826e+11
0.09688,0.21042,7.2357e-1,6.1877e+6,4.1194e+11
0.09896,0.21042,2.4427e-1,0.0000e+0,2.4341e+11
0.00104,0.21458,7.4379e+0,1.0877e+10,0.0000e+0
0.00313,0.21458,7.4375e+0,5.7497e+10,0.0000e+0
0.00521,0.21458,7.4390e+0,9.1679e+10,5.4756e+9
0.00729,0.21458,7.4426e+0,1.0179e+11,2.5415e+11
0.00937,0.21458,7.4317e+0,1.2862e+11,2.4344e+11
0.01146,0.21458,7.4105e+0,1.4857e+11,5.5641e+10
0.01354,0.21458,7.3937e+0,1.4879e+11,2.4272e+11
0.01563,0.21458,7.3690e+0,2.2098e+11,3.2226e+11
0.01771,0.21458,7.3380e+0,2.7790e+11,3.4878e+11
0.01979,0.21458,7.3041e+0,2.4127e+11,1.7278e+11
0.02187,0.21458,7.2771e+0,2.5721e+11,2.4840e+11
0.02396,0.21458,7.2528e+0,2.8132e+11,5.0675e+11
0.02604,0.21458,7.2169e+0,3.5100e+11,6.4665e+11
0.02813,0.21458,7.1666e+0,2.8317e+11,4.5739e+11
0.03021,0.21458,7.1114e+0,3.8529e+11,5.5645e+11
0.03229,0.21458,7.0508e+0,4.0249e+11,5.3167e+11
0.03438,0.21458,6.9877e+0,4.4590e+11,5.5773e+11
0.03646,0.21458,6.9224e+0,5.1024e+11,8.3851e+11
0.03854,0.21458,6.8395e+0,5.4536e+11,7.8602e+11
0.04063,0.21458,6.7447e+0,4.9554e+11,6.1912e+11
0.04271,0.21458,6.6422e+0,5.6447e+11,5.4367e+11
0.04479,0.21458,6.5407e+0,5.6820e+11,5.0536e+11
0.04688,0.21458,6.4426e+0,6.1355e+11,7.1364e+11
0.04896,0.21458,6.3368e+0,5.8416e+11,7.3185e+11
0.05104,0.21458,6.2211e+0,5.4459e+11,7.7967e+11
0.05312,0.21458,6.0911e+0,5.7701e+11,6.5106e+11
0.05521,0.21458,5.9603e+0,6.1640e+11,7.0866e+11
0.05729,0.21458,5.8276e+0,5.6797e+11,8.3588e+11
0.05937,0.21458,5.6820e+0,6.6916e+11,9.9299e+11
0.06146,0.21458,5.5198e+0,6.3325e+11,9.9368e+11
0.06354,0.21458,5.3375e+0,5.8108e+11,7.9857e+11
0.06563,0.21458,5.1442e+0,6.3012e+11,6.8524e+11
0.06771,0.21458,4.9504e+0,6.2792e+11,7.2055e+11
0.06979,0.21458,4.7532e+0,6.1489e+11,8.0162e+11
0.07187,0.21458,4.5457e+0,5.8260e+11,7.4375e+11
0.07396,0.21458,4.3299e+0,4.9152e+11,8.3921e+11
0.07604,0.21458,4.0928e+0,5.0034e+11,7.4874e+11
0.07813,0.21458,3.8430e+0,5.2016e+11,7.2683e+11
0.08021,0.21458,3.5835e+0,5.0248e+11,8.1715e+11
0.08229,0.21458,3.3067e+0,4.8927e+11,8.6722e+11
0.08438,0.21458,3.0091e+0,4.7332e+11,8.2724e+11
0.08646,0.21458,2.6917e+0,4.5316e+11,6.9905e+11
0.08854,0.21458,2.3618e+0,3.3401e+11,7.4657e+11
0.09062,0.21458,2.0069e+0,1.0798e+11,6.9523e+11
0.09271,0.21458,1.6142e+0,4.7432e+9,5.8076e+11
0.09479,0.21458,1.1858e+0,8.2403e+8,5.4206e+11
0.09688,0.21458,7.2522e-1,6.8211e+6,3.8634e+11
0.09896,0.21458,2.4386e-1,0.0000e+0,2.0125e+11
0.00104,0.21875,7.5043e+0,1.0577e+10,0.0000e+0
0.00313,0.21875,7.5076e+0,5.8512e+10,0.0000e+0
0.00521,0.21875,7.5180e+0,1.0119e+11,2.1593e+11
0.00729,0.21875,7.5260e+0,9.3332e+10,5.2601e+11
0.00937,0.21875,7.5115e+0,1.1493e+11,4.3847e+11
0.01146,0.21875,7.4838e+0,1.6157e+11,2.6811e+11
0.01354,0.21875,7.4548e+0,1.6263e+11,2.4707e+11
0.01563,0.21875,7.4223e+0,2.3828e+11,3.6671e+11
0.01771,0.21875,7.3837e+0,2.9977e+11,2.4978e+11
0.01979,0.21875,7.3504e+0,2.4220e+11,1.5192e+11
0.02187,0.21875,7.3255e+0,2.5414e+11,3.6614e+11
0.02396,0.21875,7.2951e+0,2.7147e+11,4.4121e+11
0.02604,0.21875,7.2564e+0,3.4248e+11,5.8430e+11
0.02813,0.21875,7.2056e+0,2.9087e+11,5.5123e+11
0.03021,0.21875,7.1437e+0,3.7974e+11,6.2363e+11
0.03229,0.21875,7.0718e+0,4.1516e+11,4.4626e+11
0.03438,0.21875,7.0024e+0,4.6059e+11,4.3982e+11
0.03646,0.21875,6.9362e+0,5.0292e+11,6.0686e+11
0.03854,0.21875,6.8628e+0,5.3415e+11,7.1502e+11
0.04063,0.21875,6.7783e+0,4.8555e+11,7.7436e+11
0.04271,0.21875,6.6761e+0,5.6807e+11,6.7807e+11
0.04479,0.21875,6.5698e+0,5.8542e+11,6.8291e+11
0.04688,0.21875,6.4598e+0,6.2312e+11,6.0955e+11
0.04896,0.21875,6.3513e+0,6.1442e+11,6.7218e+11
0.05104,0.21875,6.2375e+0,5.6600e+11,6.7226e+11
0.05312,0.21875,6.1149e+0,5.6910e+11,6.6564e+11
0.05521,0.21875,5.9887e+0,6.2337e+11,8.9071e+11
0.05729,0.21875,5.8503e+0,5.7567e+11,8.0341e+11
0.05937,0.21875,5.7028e+0,6.8976e+11,9.8551e+11
0.06146,0.21875,5.5416e+0,6.4449e+11,1.0126e+12
0.06354,0.21875,5.3614e+0,5.9308e+11,8.8939e+11
0.06563,0.21875,5.1672e+0,6.3431e+11,7.5986e+11
0.06771,0.21875,4.9711e+0,6.3828e+11,7.5413e+11
0.06979,0.21875,4.7738e+0,6.3043e+11,8.8026e+11
0.07187,0.21875,4.5651e+0,5.8338e+11,8.5369e+11
0.07396,0.21875,4.3434e+0,5.0166e+11,8.2411e+11
0.07604,0.21875,4.1030e+0,5.1633e+11,7.1286e+11
0.07813,0.21875,3.8534e+0,5.3511e+11,7.9273e+11
0.08021,0.21875,3.5904e+0,5.1185e+11,7.6098e+11
0.08229,0.21875,3.3143e+0,4.9167e+11,7.6608e+11
0.08438,0.21875,3.0237e+0,4.5632e+11,8.8657e+11
0.08646,0.21875,2.7088e+0,4.5226e+11,8.1236e+11
0.08854,0.21875,2.3753e+0,3.3222e+11,7.6707e+11
0.09062,0.21875,2.0165e+0,1.0684e+11,7.0401e+11
0.09271,0.21875,1.6202e+0,3.9129e+9,5.6911e+11
0.09479,0.21875,1.1891e+0,4.4128e+8,4.9377e+11
0.09688,0.21875,7.2930e-1,6.8051e+6,4.3154e+11
0.09896,0.21875,2.4651e-1,0.0000e+0,2.6653e+11
0.00104,0.22292,7.5478e+0,1.0513e+10,0.0000e+0
0.00313,0.22292,7.5494e+0,7.0768e+10,0.0000e+0
0.00521,0.22292,7.5558e+0,1.2168e+11,3.1832e+10
0.00729,0.22292,7.5669e+0,1.0124e+11,3.1245e+11
0.00937,0.22292,7.5618e+0,1.2235e+11,2.6124e+11
0.01146,0.22292,7.5492e+0,1.6143e+11,4.6871e+11
0.01354,0.22292,7.5220e+0,1.6373e+11,5.5993e+11
0.01563,0.22292,7.4786e+0,2.3328e+11,3.0470e+11
0.01771,0.22292,7.4407e+0,3.0183e+11,4.1957e+11
0.01979,0.22292,7.4034e+0,2.5119e+11,2.5657e+11
0.02187,0.22292,7.3717e+0,2.5886e+11,4.4550e+11
0.02396,0.22292,7.3291e+0,2.6902e+11,3.4380e+11
0.02604,0.22292,7.2825e+0,3.3837e+11,5.3409e+11
0.02813,0.22292,7.2240e+0,2.9465e+11,4.1320e+11
0.03021,0.22292,7.1581e+0,3.7849e+11,3.6654e+11
0.03229,0.22292,7.0914e+0,4.1738e+11,3.6625e+11
0.03438,0.22292,7.0268e+0,4.5544e+11,4.4593e+11
0.03646,0.22292,6.9622e+0,5.1064e+11,6.1016e+11
0.03854,0.22292,6.8908e+0,5.4065e+11,6.8078e+11
0.04063,0.22292,6.8115e+0,4.9126e+11,8.4102e+11
0.04271,0.22292,6.7117e+0,5.7284e+11,7.7862e+11
0.04479,0.22292,6.6036e+0,5.9952e+11,6.9923e+11
0.04688,0.22292,6.4946e+0,6.2995e+11,6.7622e+11
0.04896,0.22292,6.3878e+0,6.0008e+11,7.5805e+11
0.05104,0.22292,6.2747e+0,5.5908e+11,9.1022e+11
0.05312,0.22292,6.1423e+0,5.8264e+11,7.6730e+11
0.05521,0.22292,6.0022e+0,6.6169e+11,7.5164e+11
0.05729,0.22292,5.8590e+0,5.7266e+11,7.3143e+11
0.05937,0.22292,5.7068e+0,6.9373e+11,8.2966e+11
0.06146,0.22292,5.5468e+0,6.6659e+11,9.0042e+11
0.06354,0.22292,5.3730e+0,5.8538e+11,8.6876e+11
0.06563,0.22292,5.1829e+0,6.1375e+11,8.1052e+11
0.06771,0.22292,4.9849e+0,6.4868e+11,7.6779e+11
0.06979,0.22292,4.7853e+0,6.5032e+11,8.7392e+11
0.07187,0.22292,4.5766e+0,5.8305e+11,8.3833e+11
0.07396,0.22292,4.3562e+0,5.1691e+11,8.8789e+11
0.07604,0.22292,4.1150e+0,5.2289e+11,7.4167e+11
0.07813,0.22292,3.8643e+0,5.4319e+11,8.2814e+11
0.08021,0.22292,3.5991e+0,5.1637e+11,7.6634e+11
0.08229,0.22292,3.3223e+0,4.9029e+11,7.8301e+11
0.08438,0.22292,3.0305e+0,4.5640e+11,8.2581e+11
0.08646,0.22292,2.7182e+0,4.3668e+11,8.2426e+11
0.08854,0.22292,2.3857e+0,3.3067e+11,8.5146e+11
0.09062,0.22292,2.0235e+0,1.0729e+11,6.9091e+11
0.09271,0.22292,1.6247e+0,3.7548e+9,5.4682e+11
0.09479,0.22292,1.1918e+0,5.0410e+8,4.8091e+11
0.09688,0.22292,7.3023e-1,6.7123e+6,3.8981e+11
0.09896,0.22292,2.4736e-1,0.0000e+0,2.8002e+11
0.00104,0.22708,7.5818e+0,1.3314e+10,0.0000e+0
0.00313,0.22708,7.5833e+0,7.4678e+10,0.0000e+0
0.00521,0.22708,7.5896e+0,1.1403e+11,5.8849e+7
0.00729,0.22708,7.6024e+0,1.0704e+11,1.9392e+11
0.00937,0.22708,7.6065e+0,1.3814e+11,4.5492e+11
0.01146,0.22708,7.5906e+0,1.7688e+11,5.4660e+11
0.01354,0.22708,7.5515e+0,1.5912e+11,2.3785e+11
0.01563,0.22708,7.5119e+0,2.3486e+11,2.6479e+11
0.01771,0.22708,7.4763e+0,2.9356e+11,2.9159e+11
0.01979,0.22708,7.4469e+0,2.5173e+11,3.3024e+11
0.02187,0.22708,7.4173e+0,2.6477e+11,5.7803e+11
0.02396,0.22708,7.3710e+0,2.7618e+11,5.4955e+11
0.02604,0.22708,7.3112e+0,3.4161e+11,3.6450e+11
0.02813,0.22708,7.2534e+0,2.8301e+11,2.8777e+11
0.03021,0.22708,7.1974e+0,3.7867e+11,4.9336e+11
0.03229,0.22708,7.1360e+0,4.3022e+11,5.6574e+11
0.03438,0.22708,7.0698e+0,4.6790e+11,6.2200e+11
0.03646,0.22708,6.9996e+0,5.0533e+11,6.8914e+11
0.03854,0.22708,6.9229e+0,5.2913e+11,7.6117e+11
0.04063,0.22708,6.8353e+0,5.0054e+11,7.1467e+11
0.04271,0.22708,6.7355e+0,5.6594e+11,6.8596e+11
0.04479,0.22708,6.6302e+0,6.0231e+11,6.6438e+11
0.04688,0.22708,6.5255e+0,6.2948e+11,7.6625e+11
0.04896,0.22708,6.4182e+0,5.9467e+11,8.5101e+11
0.05104,0.22708,6.2993e+0,5.5476e+11,8.6592e+11
0.05312,0.22708,6.1635e+0,5.8496e+11,7.5390e+11
0.05521,0.22708,6.0211e+0,6.5231e+11,7.6469e+11
0.05729,0.22708,5.8753e+0,5.7541e+11,7.5241e+11
0.05937,0.22708,5.7209e+0,6.5667e+11,8.6026e+11
0.06146,0.22708,5.5569e+0,6.5796e+11,8.6159e+11
0.06354,0.22708,5.3842e+0,5.9177e+11,9.5070e+11
0.06563,0.22708,5.1934e+0,6.0485e+11,8.7642e+11
0.06771,0.22708,4.9916e+0,6.5099e+11,7.8115e+11
0.06979,0.22708,4.7879e+0,6.5009e+11,7.9599e+11
0.07187,0.22708,4.5792e+0,5.9303e+11,7.7746e+11
0.07396,0.22708,4.3618e+0,5.0840e+11,8.5856e+11
0.07604,0.22708,4.1236e+0,5.2730e+11,8.0608e+11
0.07813,0.22708,3.8708e+0,5.5063e+11,8.2451e+11
0.08021,0.22708,3.6043e+0,5.2344e+11,7.4790e+11
0.08229,0.22708,3.3269e+0,4.9745e+11,7.8458e+11
0.08438,0.22708,3.0332e+0,4.5328e+11,8.2499e+11
0.08646,0.22708,2.7174e+0,4.2635e+11,7.3254e+11
0.08854,0.22708,2.3843e+0,3.3526e+11,7.1738e+11
0.09062,0.22708,2.0287e+0,1.1182e+11,7.5283e+11
0.09271,0.22708,1.6322e+0,3.7693e+9,6.1929e+11
0.09479,0.22708,1.1977e+0,4.7747e+8,4.9669e+11
0.09688,0.22708,7.3445e-1,6.7185e+6,4.1738e+11
0.09896,0.22708,2.4875e-1,0.0000e+0,2.8270e+11
0.00104,0.23125,7.6085e+0,1.2295e+10,0.0000e+0
0.00313,0.23125,7.6105e+0,7.0378e+10,0.0000e+0
0.00521,0.23125,7.6184e+0,1.0524e+11,2.7028e+8
0.00729,0.23125,7.6352e+0,1.1180e+11,3.9271e+11
0.00937,0.23125,7.6370e+0,1.5129e+11,3.9165e+11
0.01146,0.23125,7.6289e+0,1.8921e+11,8.3969e+11
0.01354,0.23125,7.5827e+0,1.6812e+11,2.3519e+11
0.01563,0.23125,7.5399e+0,2.7647e+11,2.6535e+11
0.01771,0.23125,7.5029e+0,3.0691e+11,1.6546e+11
0.01979,0.23125,7.4785e+0,2.5379e+11,3.8598e+11
0.02187,0.23125,7.4463e+0,2.7216e+11,5.1304e+11
0.02396,0.23125,7.3991e+0,2.9109e+11,4.1983e+11
0.02604,0.23125,7.3437e+0,3.5957e+11,3.3221e+11
0.02813,0.23125,7.2913e+0,2.9874e+11,3.6509e+11
0.03021,0.23125,7.2378e+0,3.9810e+11,6.6476e+11
0.03229,0.23125,7.1742e+0,4.2927e+11,7.6771e+11
0.03438,0.23125,7.0965e+0,4.6186e+11,5.2548e+11
0.03646,0.23125,7.0223e+0,5.0552e+11,6.3739e+11
0.03854,0.23125,6.9436e+0,5.1253e+11,6.5315e+11
0.04063,0.23125,6.8595e+0,4.9343e+11,7.4049e+11
0.04271,0.23125,6.7639e+0,5.5723e+11,8.4537e+11
0.04479,0.23125,6.6547e+0,5.9963e+11,7.4089e+11
0.04688,0.23125,6.5424e+0,6.3193e+11,6.7103e+11
0.04896,0.23125,6.4337e+0,6.1171e+11,8.4203e+11
0.05104,0.23125,6.3148e+0,5.6640e+11,8.6903e+11
0.05312,0.23125,6.1797e+0,5.6457e+11,7.0123e+11
0.05521,0.23125,6.0401e+0,6.3268e+11,8.2919e+11
0.05729,0.23125,5.8918e+0,5.7977e+11,8.1663e+11
0.05937,0.23125,5.7322e+0,6.5020e+11,9.0395e+11
0.06146,0.23125,5.5607e+0,6.6358e+11,8.7981e+11
0.06354,0.23125,5.3791e+0,6.0900e+11,7.9701e+11
0.06563,0.23125,5.1872e+0,6.4378e+11,7.7498e+11
0.06771,0.23125,4.9899e+0,6.5489e+11,7.6607e+11
0.06979,0.23125,4.7894e+0,6.7033e+11,8.2623e+11
0.07187,0.23125,4.5828e+0,6.0799e+11,8.1191e+11
0.07396,0.23125,4.3671e+0,5.0395e+11,8.7323e+11
0.07604,0.23125,4.1291e+0,5.4301e+11,8.4508e+11
0.07813,0.23125,3.8741e+0,5.6674e+11,7.3944e+11
0.08021,0.23125,3.6113e+0,5.2158e+11,7.9886e+11
0.08229,0.23125,3.3348e+0,4.7793e+11,8.4426e+11
0.08438,0.23125,3.0379e+0,4.6920e+11,8.2282e+11
0.08646,0.23125,2.7205e+0,4.4407e+11,7.5545e+11
0.08854,0.23125,2.3858e+0,3.4671e+11,6.9790e+11
0.09062,0.23125,2.0302e+0,1.0870e+11,6.9665e+11
0.09271,0.23125,1.6361e+0,3.6769e+9,6.2449e+11
0.09479,0.23125,1.2022e+0,4.7819e+8,5.0851e+11
0.09688,0.23125,7.3805e-1,6.6900e+6,4.3379e+11
0.09896,0.23125,2.4994e-1,0.0000e+0,2.8233e+11
0.00104,0.23542,7.6233e+0,1.0660e+10,0.0000e+0
0.00313,0.23542,7.6229e+0,6.2200e+10,0.0000e+0
0.00521,0.23542,7.6247e+0,1.0084e+11,0.0000e+0
0.00729,0.23542,7.6295e+0,1.1381e+11,1.8072e+9
0.00937,0.23542,7.6346e+0,1.6272e+11,1.3680e+11
0.01146,0.23542,7.6343e+0,1.7553e+11,4.7730e+11
0.01354,0.23542,7.6072e+0,1.7068e+11,2.9831e+11
0.01563,0.23542,7.5693e+0,2.8116e+11,1.5898e+11
0.01771,0.23542,7.5375e+0,3.0305e+11,1.9070e+11
0.01979,0.23542,7.5122e+0,2.5575e+11,4.0521e+11
0.02187,0.23542,7.4747e+0,2.8014e+11,2.7792e+11
0.02396,0.23542,7.4375e+0,3.0756e+11,4.9340e+11
0.02604,0.23542,7.3901e+0,3.7921e+11,6.5699e+11
0.02813,0.23542,7.3280e+0,3.0135e+11,5.5389e+11
0.03021,0.23542,7.2513e+0,4.0099e+11,3.3629e+11
0.03229,0.23542,7.1804e+0,4.1978e+11,4.5129e+11
0.03438,0.23542,7.1081e+0,4.5179e+11,4.4769e+11
0.03646,0.23542,7.0387e+0,5.0842e+11,6.8116e+11
0.03854,0.23542,6.9594e+0,5.3504e+11,6.8494e+11
0.04063,0.23542,6.8703e+0,4.9215e+11,5.6402e+11
0.04271,0.23542,6.7764e+0,5.2839e+11,7.4005e+11
0.04479,0.23542,6.6675e+0,5.9421e+11,6.7956e+11
0.04688,0.23542,6.5528e+0,6.3083e+11,6.5770e+11
0.04896,0.23542,6.4366e+0,6.2689e+11,6.3013e+11
0.05104,0.23542,6.3209e+0,5.8244e+11,7.7536e+11
0.05312,0.23542,6.1928e+0,5.6411e+11,7.7206e+11
0.05521,0.23542,6.0536e+0,6.3030e+11,8.8392e+11
0.05729,0.23542,5.9014e+0,5.9625e+11,8.7413e+11
0.05937,0.23542,5.7349e+0,6.6960e+11,8.4061e+11
0.06146,0.23542,5.5605e+0,6.5578e+11,7.7824e+11
0.06354,0.23542,5.3809e+0,6.0808e+11,8.6902e+11
0.06563,0.23542,5.1859e+0,6.4964e+11,7.0172e+11
0.06771,0.23542,4.9909e+0,6.7771e+11,7.9830e+11
0.06979,0.23542,4.7904e+0,6.7341e+11,8.0097e+11
0.07187,0.23542,4.5834e+0,6.1787e+11,7.5344e+11
0.07396,0.23542,4.3707e+0,5.0334e+11,8.7334e+11
0.07604,0.23542,4.1353e+0,5.2791e+11,8.3875e+11
0.07813,0.23542,3.8814e+0,5.4518e+11,7.9760e+11
0.08021,0.23542,3.6145e+0,5.1965e+11,7.4492e+11
0.08229,0.23542,3.3380e+0,4.6706e+11,8.0964e+11
0.08438,0.23542,3.0434e+0,4.6552e+11,8.5720e+11
0.08646,0.23542,2.7272e+0,4.5632e+11,8.0027e+11
0.08854,0.23542,2.3924e+0,3.5446e+11,7.3218e+11
0.09062,0.23542,2.0358e+0,1.0849e+11,6.9902e+11
0.09271,0.23542,1.6414e+0,3.1616e+9,6.2190e+11
0.09479,0.23542,1.2075e+0,5.4884e+8,5.2360e+11
0.09688,0.23542,7.4218e-1,6.6280e+6,4.6302e+11
0.09896,0.23542,2.5113e-1,0.0000e+0,2.7523e+11
0.00104,0.23958,7.6448e+0,9.5986e+9,0.0000e+0
0.00313,0.23958,7.6440e+0,5.7835e+10,0.0000e+0
0.00521,0.23958,7.6455e+0,1.0106e+11,0.0000e+0
0.00729,0.23958,7.6519e+0,1.0597e+11,5.5141e+10
0.00937,0.23958,7.6602e+0,1.4425e+11,2.4077e+11
0.01146,0.23958,7.6618e+0,1.7498e+11,3.2868e+11
0.01354,0.23958,7.6547e+0,1.6745e+11,4.9374e+11
0.01563,0.23958,7.6314e+0,2.7298e+11,6.2074e+11
0.01771,0.23958,7.5950e+0,2.9945e+11,4.2565e+11
0.01979,0.23958,7.5606e+0,2.4535e+11,4.8753e+11
0.02187,0.23958,7.5166e+0,2.8354e+11,3.6959e+11
0.02396,0.23958,7.4733e+0,3.1594e+11,4.6610e+11
0.02604,0.23958,7.4258e+0,3.8140e+11,6.9514e+11
0.02813,0.23958,7.3641e+0,2.9925e+11,7.0548e+11
0.03021,0.23958,7.2825e+0,4.0072e+11,5.1891e+11
0.03229,0.23958,7.2012e+0,4.2196e+11,4.2825e+11
0.03438,0.23958,7.1259e+0,4.7386e+11,4.4271e+11
0.03646,0.23958,7.0580e+0,5.1495e+11,6.5112e+11
0.03854,0.23958,6.9852e+0,5.4274e+11,8.5313e+11
0.04063,0.23958,6.8962e+0,5.2046e+11,6.7480e+11
0.04271,0.23958,6.8026e+0,5.3268e+11,7.9322e+11
0.04479,0.23958,6.6975e+0,6.0200e+11,8.9399e+11
0.04688,0.23958,6.5807e+0,6.2718e+11,8.4357e+11
0.04896,0.23958,6.4566e+0,6.2398e+11,6.6482e+11
0.05104,0.23958,6.3360e+0,5.9671e+11,7.9449e+11
0.05312,0.23958,6.2055e+0,5.6459e+11,8.0502e+11
0.05521,0.23958,6.0618e+0,6.2963e+11,8.8639e+11
0.05729,0.23958,5.9044e+0,5.9598e+11,7.7602e+11
0.05937,0.23958,5.7389e+0,6.6119e+11,8.2433e+11
0.06146,0.23958,5.5668e+0,6.4239e+11,8.2536e+11
0.06354,0.23958,5.3869e+0,5.9374e+11,8.4405e+11
0.06563,0.23958,5.1931e+0,6.3302e+11,6.7941e+11
0.06771,0.23958,5.0008e+0,6.8314e+11,8.6443e+11
0.06979,0.23958,4.8010e+0,6.5481e+11,9.0545e+11
0.07187,0.23958,4.5888e+0,6.2125e+11,7.1870e+11
0.07396,0.23958,4.3743e+0,5.2140e+11,7.7279e+11
0.07604,0.23958,4.1449e+0,5.2800e+11,9.5050e+11
0.07813,0.23958,3.8887e+0,5.4360e+11,8.5545e+11
0.08021,0.23958,3.6139e+0,5.3168e+11,6.1884e+11
0.08229,0.23958,3.3352e+0,4.8092e+11,7.1001e+11
0.08438,0.23958,3.0421e+0,4.6391e+11,7.3801e+11
0.08646,0.23958,2.7318e+0,4.5559e+11,8.1403e+11
0.08854,0.23958,2.3997e+0,3.6988e+11,7.9806e+11
0.09062,0.23958,2.0420e+0,1.1402e+11,6.9718e+11
0.09271,0.23958,1.6472e+0,3.1962e+9,6.1449e+11
0.09479,0.23958,1.2135e+0,5.2619e+8,5.6477e+11
0.09688,0.23958,7.4508e-1,6.5391e+6,4.3078e+11
0.09896,0.23958,2.5246e-1,0.0000e+0,2.8872e+11
0.00104,0.24375,7.6751e+0,9.8101e+9,0.0000e+0
0.00313,0.24375,7.6733e+0,5.8836e+10,0.0000e+0
0.00521,0.24375,7.6724e+0,1.0106e+11,0.0000e+0
0.00729,0.24375,7.6742e+0,1.0133e+11,1.5701e+9
0.00937,0.24375,7.6774e+0,1.4487e+11,9.9629e+10
0.01146,0.24375,7.6782e+0,1.8225e+11,2.0198e+11
0.01354,0.24375,7.6736e+0,1.6841e+11,3.6797e+11
0.01563,0.24375,7.6525e+0,2.7546e+11,4.3263e+11
0.01771,0.24375,7.6219e+0,3.2661e+11,4.4471e+11
0.01979,0.24375,7.5878e+0,2.6021e+11,4.6234e+11
0.02187,0.24375,7.5450e+0,2.7898e+11,4.4800e+11
0.02396,0.24375,7.4949e+0,3.0917e+11,4.7324e+11
0.02604,0.24375,7.4365e+0,3.8704e+11,4.9037e+11
0.02813,0.24375,7.3740e+0,3.0025e+11,5.2190e+11
0.03021,0.24375,7.2974e+0,4.1428e+11,4.9936e+11
0.03229,0.24375,7.2168e+0,4.3364e+11,3.8222e+11
0.03438,0.24375,7.1410e+0,4.7236e+11,4.0028e+11
0.03646,0.24375,7.0698e+0,5.0644e+11,5.2173e+11
0.03854,0.24375,6.9963e+0,5.3580e+11,7.1242e+11
0.04063,0.24375,6.9104e+0,5.2031e+11,7.3058e+11
0.04271,0.24375,6.8119e+0,5.3220e+11,7.0134e+11
0.04479,0.24375,6.7038e+0,5.9106e+11,7.0373e+11
0.04688,0.24375,6.5910e+0,6.2460e+11,7.8903e+11
0.04896,0.24375,6.4710e+0,6.0957e+11,7.3173e+11
0.05104,0.24375,6.3484e+0,5.8997e+11,7.6404e+11
0.05312,0.24375,6.2175e+0,5.6645e+11,8.9002e+11
0.05521,0.24375,6.0668e+0,6.3244e+11,7.9969e+11
0.05729,0.24375,5.9063e+0,6.1416e+11,6.8739e+11
0.05937,0.24375,5.7422e+0,6.4851e+11,7.8937e+11
0.06146,0.24375,5.5705e+0,6.4504e+11,7.3916e+11
0.06354,0.24375,5.3943e+0,6.1622e+11,8.3414e+11
0.06563,0.24375,5.2046e+0,6.6253e+11,8.2295e+11
0.06771,0.24375,5.0072e+0,6.8182e+11,7.6497e+11
0.06979,0.24375,4.8077e+0,6.5448e+11,8.6259e+11
0.07187,0.24375,4.5970e+0,6.1718e+11,7.0753e+11
0.07396,0.24375,4.3838e+0,5.3872e+11,8.0080e+11
0.07604,0.24375,4.1552e+0,5.3285e+11,9.3399e+11
0.07813,0.24375,3.9012e+0,5.8244e+11,8.7194e+11
0.08021,0.24375,3.6299e+0,5.4608e+11,7.7060e+11
0.08229,0.24375,3.3472e+0,4.9792e+11,7.1688e+11
0.08438,0.24375,3.0530e+0,4.4946e+11,7.4949e+11
0.08646,0.24375,2.7419e+0,4.4994e+11,8.4773e+11
0.08854,0.24375,2.4073e+0,3.6327e+11,7.8235e+11
0.09062,0.24375,2.0479e+0,1.1939e+11,6.7510e+11
0.09271,0.24375,1.6541e+0,3.2933e+9,6.4747e+11
0.09479,0.24375,1.2210e+0,7.0613e+8,6.3259e+11
0.09688,0.24375,7.5062e-1,6.7137e+6,4.7910e+11
0.09896,0.24375,2.5434e-1,0.0000e+0,2.9537e+11
0.00104,0.24792,7.7229e+0,1.2060e+10,0.0000e+0
0.00313,0.24792,7.7210e+0,5.9050e+10,0.0000e+0
0.00521,0.24792,7.7195e+0,1.0789e+11,4.9540e+8
0.00729,0.24792,7.7194e+0,1.0248e+11,1.5646e+10
0.00937,0.24792,7.7169e+0,1.5191e+11,1.0976e+11
0.01146,0.24792,7.7113e+0,1.8823e+11,1.6617e+11
0.01354,0.24792,7.7042e+0,1.7950e+11,4.9723e+11
0.01563,0.24792,7.6754e+0,2.9038e+11,3.8633e+11
0.01771,0.24792,7.6413e+0,3.1643e+11,3.9093e+11
0.01979,0.24792,7.6026e+0,2.4733e+11,2.2919e+11
0.02187,0.24792,7.5668e+0,2.6723e+11,5.0328e+11
0.02396,0.24792,7.5173e+0,3.0070e+11,6.2262e+11
0.02604,0.24792,7.4503e+0,4.0299e+11,3.5828e+11
0.02813,0.24792,7.3915e+0,3.1609e+11,5.1781e+11
0.03021,0.24792,7.3231e+0,4.1150e+11,5.8901e+11
0.03229,0.24792,7.2494e+0,4.2031e+11,5.0877e+11
0.03438,0.24792,7.1780e+0,4.7409e+11,6.5038e+11
0.03646,0.24792,7.1028e+0,5.1125e+11,7.4183e+11
0.03854,0.24792,7.0187e+0,5.5144e+11,7.1178e+11
0.04063,0.24792,6.9284e+0,5.2583e+11,7.5276e+11
0.04271,0.24792,6.8259e+0,5.3589e+11,7.1916e+11
0.04479,0.24792,6.7149e+0,5.9613e+11,7.4445e+11
0.04688,0.24792,6.5983e+0,6.4902e+11,7.3974e+11
0.04896,0.24792,6.4789e+0,6.2621e+11,6.6017e+11
0.05104,0.24792,6.3596e+0,5.9129e+11,7.8059e+11
0.05312,0.24792,6.2289e+0,5.7157e+11,8.1958e+11
0.05521,0.24792,6.0823e+0,6.5251e+11,8.8861e+11
0.05729,0.24792,5.9230e+0,6.2722e+11,8.0904e+11
0.05937,0.24792,5.7556e+0,6.5705e+11,7.5118e+11
0.06146,0.24792,5.5860e+0,6.4750e+11,7.8344e+11
0.06354,0.24792,5.4112e+0,6.2194e+11,8.8533e+11
0.06563,0.24792,5.2209e+0,6.7662e+11,8.7837e+11
0.06771,0.24792,5.0204e+0,6.9465e+11,7.8949e+11
0.06979,0.24792,4.8184e+0,6.7500e+11,8.1700e+11
0.07187,0.24792,4.6111e+0,6.1234e+11,7.7009e+11
0.07396,0.24792,4.3974e+0,5.2000e+11,8.0087e+11
0.07604,0.24792,4.1678e+0,5.2974e+11,8.4473e+11
0.07813,0.24792,3.9197e+0,5.9094e+11,9.8161e+11
0.08021,0.24792,3.6499e+0,5.3184e+11,8.2055e+11
0.08229,0.24792,3.3659e+0,4.8447e+11,7.8108e+11
0.08438,0.24792,3.0668e+0,4.6779e+11,7.5273e+11
0.08646,0.24792,2.7527e+0,4.4640e+11,8.5761e+11
0.08854,0.24792,2.4146e+0,3.4191e+11,7.7341e+11
0.09062,0.24792,2.0514e+0,1.1462e+11,6.7065e+11
0.09271,0.24792,1.6536e+0,2.9383e+9,5.9494e+11
0.09479,0.24792,1.2182e+0,6.4258e+8,5.2139e+11
0.09688,0.24792,7.5097e-1,6.6045e+6,4.9740e+11
0.09896,0.24792,2.5533e-1,0.0000e+0,3.3053e+11
0.00104,0.25208,7.7891e+0,1.6272e+10,0.0000e+0
0.00313,0.25208,7.7904e+0,7.4665e+10,0.0000e+0
0.00521,0.25208,7.7964e+0,1.2761e+11,1.1697e+11
0.00729,0.25208,7.8026e+0,1.0967e+11,4.3391e+11
0.00937,0.25208,7.7859e+0,1.6537e+11,2.9329e+11
0.01146,0.25208,7.7616e+0,2.0908e+11,3.2704e+11
0.01354,0.25208,7.7330e+0,1.9711e+11,2.2991e+11
0.01563,0.25208,7.7057e+0,2.8298e+11,4.3175e+11
0.01771,0.25208,7.6732e+0,3.0349e+11,5.8711e+11
0.01979,0.25208,7.6273e+0,2.4329e+11,2.7247e+11
0.02187,0.25208,7.5848e+0,2.7468e+11,4.5341e+11
0.02396,0.25208,7.5296e+0,3.0035e+11,4.1023e+11
0.02604,0.25208,7.4651e+0,3.8707e+11,3.4890e+11
0.02813,0.25208,7.4029e+0,3.1914e+11,3.8900e+11
0.03021,0.25208,7.3338e+0,4.1550e+11,4.2245e+11
0.03229,0.25208,7.2635e+0,4.2470e+11,4.5041e+11
0.03438,0.25208,7.1929e+0,4.9460e+11,5.9003e+11
0.03646,0.25208,7.1173e+0,5.0938e+11,6.5004e+11
0.03854,0.25208,7.0347e+0,5.4176e+11,7.2128e+11
0.04063,0.25208,6.9433e+0,5.0970e+11,7.4336e+11
0.04271,0.25208,6.8370e+0,5.2358e+11,6.3656e+11
0.04479,0.25208,6.7229e+0,5.8647e+11,5.8512e+11
0.04688,0.25208,6.6094e+0,6.4591e+11,6.8125e+11
0.04896,0.25208,6.4956e+0,6.3480e+11,7.4390e+11
0.05104,0.25208,6.3779e+0,5.9898e+11,8.5472e+11
0.05312,0.25208,6.2473e+0,5.7027e+11,9.1190e+11
0.05521,0.25208,6.0978e+0,6.5867e+11,8.8259e+11
0.05729,0.25208,5.9383e+0,6.3175e+11,8.0148e+11
0.05937,0.25208,5.7720e+0,6.7794e+11,7.9602e+11
0.06146,0.25208,5.6034e+0,6.5008e+11,7.8700e+11
0.06354,0.25208,5.4309e+0,6.1887e+11,9.7133e+11
0.06563,0.25208,5.2393e+0,6.4717e+11,9.2127e+11
0.06771,0.25208,5.0351e+0,7.0485e+11,8.1376e+11
0.06979,0.25208,4.8296e+0,6.8311e+11,7.1847e+11
0.07187,0.25208,4.6260e+0,6.0114e+11,8.1384e+11
0.07396,0.25208,4.4113e+0,5.0861e+11,7.6971e+11
0.07604,0.25208,4.1815e+0,5.2145e+11,8.8223e+11
0.07813,0.25208,3.9302e+0,5.9943e+11,8.7144e+11
0.08021,0.25208,3.6643e+0,5.2950e+11,8.4120e+11
0.08229,0.25208,3.3816e+0,4.9429e+11,8.1912e+11
0.08438,0.25208,3.0811e+0,4.8223e+11,8.1267e+11
0.08646,0.25208,2.7620e+0,4.7957e+11,8.6086e+11
0.08854,0.25208,2.4201e+0,3.5150e+11,7.7437e+11
0.09062,0.25208,2.0533e+0,1.1742e+11,6.3371e+11
0.09271,0.25208,1.6547e+0,2.8711e+9,5.9933e+11
0.09479,0.25208,1.2192e+0,6.4417e+8,5.6934e+11
0.09688,0.25208,7.5002e-1,6.5750e+6,4.6711e+11
0.09896,0.25208,2.5488e-1,0.0000e+0,3.2274e+11
0.00104,0.25625,7.8497e+0,1.6732e+10,0.0000e+0
0.00313,0.25625,7.8548e+0,6.7961e+10,5.6126e+10
0.00521,0.25625,7.8660e+0,1.1746e+11,1.7260e+11
0.00729,0.25625,7.8816e+0,1.0498e+11,8.2954e+11
0.00937,0.25625,7.8631e+0,1.6253e+11,9.7202e+11
0.01146,0.25625,7.8111e+0,1.9419e+11,4.0271e+11
0.01354,0.25625,7.7639e+0,1.9496e+11,2.1590e+11
0.01563,0.25625,7.7259e+0,2.6069e+11,3.4989e+11
0.01771,0.25625,7.6880e+0,2.8256e+11,3.6599e+11
0.01979,0.25625,7.6481e+0,2.4097e+11,1.7617e+11
0.02187,0.25625,7.6159e+0,2.8287e+11,5.7871e+11
0.02396,0.25625,7.5656e+0,3.0638e+11,5.3241e+11
0.02604,0.25625,7.5027e+0,3.9725e+11,4.4318e+11
0.02813,0.25625,7.4394e+0,3.1043e+11,4.7774e+11
0.03021,0.25625,7.3666e+0,4.2288e+11,5.1568e+11
0.03229,0.25625,7.2891e+0,4.2222e+11,3.9358e+11
0.03438,0.25625,7.2152e+0,4.8134e+11,6.1460e+11
0.03646,0.25625,7.1339e+0,5.0760e+11,6.2302e+11
0.03854,0.25625,7.0478e+0,5.4942e+11,5.6929e+11
0.04063,0.25625,6.9649e+0,5.1912e+11,8.2529e+11
0.04271,0.25625,6.8653e+0,5.3765e+11,8.4928e+11
0.04479,0.25625,6.7506e+0,5.9337e+11,7.9795e+11
0.04688,0.25625,6.6305e+0,6.5990e+11,7.2556e+11
0.04896,0.25625,6.5132e+0,6.5111e+11,8.3828e+11
0.05104,0.25625,6.3878e+0,6.1437e+11,7.5995e+11
0.05312,0.25625,6.2556e+0,5.8923e+11,8.5929e+11
0.05521,0.25625,6.1069e+0,6.6753e+11,8.2615e+11
0.05729,0.25625,5.9509e+0,6.3614e+11,8.4538e+11
0.05937,0.25625,5.7838e+0,6.9613e+11,7.5397e+11
0.06146,0.25625,5.6164e+0,6.6133e+11,8.3089e+11
0.06354,0.25625,5.4405e+0,5.9675e+11,8.8008e+11
0.06563,0.25625,5.2473e+0,6.5006e+11,8.1949e+11
0.06771,0.25625,5.0461e+0,7.0024e+11,7.6107e+11
0.06979,0.25625,4.8459e+0,6.8649e+11,7.9972e+11
0.07187,0.25625,4.6432e+0,6.1483e+11,8.5581e+11
0.07396,0.25625,4.4284e+0,5.0270e+11,8.5260e+11
0.07604,0.25625,4.1943e+0,5.1870e+11,8.6564e+11
0.07813,0.25625,3.9412e+0,6.0667e+11,8.5380e+11
0.08021,0.25625,3.6765e+0,5.5416e+11,8.5307e+11
0.08229,0.25625,3.3960e+0,5.0171e+11,8.3304e+11
0.08438,0.25625,3.0971e+0,4.5909e+11,8.7364e+11
0.08646,0.25625,2.7739e+0,4.5119e+11,8.6588e+11
0.08854,0.25625,2.4259e+0,3.5600e+11,7.4083e+11
0.09062,0.25625,2.0555e+0,1.2783e+11,6.3532e+11
0.09271,0.25625,1.6536e+0,4.6054e+9,5.6736e+11
0.09479,0.25625,1.2161e+0,8.3229e+8,5.1345e+11
0.09688,0.25625,7.4758e-1,7.0912e+6,4.5116e+11
0.09896,0.25625,2.5379e-1,0.0000e+0,3.0982e+11
0.00104,0.26042,7.8746e+0,1.8830e+10,0.0000e+0
0.00313,0.26042,7.8772e+0,6.5570e+10,1.0745e+11
0.00521,0.26042,7.8790e+0,1.0852e+11,2.7956e+11
0.00729,0.26042,7.8709e+0,1.0438e+11,2.3420e+11
0.00937,0.26042,7.8515e+0,1.6940e+11,4.2036e+11
0.01146,0.26042,7.8122e+0,1.9728e+11,1.4020e+11
0.01354,0.26042,7.7774e+0,1.8992e+11,2.5366e+11
0.01563,0.26042,7.7379e+0,2.6392e+11,2.0828e+11
0.01771,0.26042,7.7029e+0,2.8530e+11,2.2006e+11
0.01979,0.26042,7.6739e+0,2.4454e+11,3.4113e+11
0.02187,0.26042,7.6422e+0,2.8384e+11,4.8866e+11
0.02396,0.26042,7.6004e+0,3.0996e+11,5.6022e+11
0.02604,0.26042,7.5480e+0,4.0554e+11,7.8924e+11
0.02813,0.26042,7.4808e+0,3.0738e+11,5.6091e+11
0.03021,0.26042,7.4104e+0,4.3323e+11,8.0619e+11
0.03229,0.26042,7.3286e+0,4.3222e+11,6.3497e+11
0.03438,0.26042,7.2438e+0,4.7702e+11,6.6134e+11
0.03646,0.26042,7.1528e+0,5.1628e+11,5.8666e+11
0.03854,0.26042,7.0600e+0,5.4061e+11,4.4189e+11
0.04063,0.26042,6.9762e+0,5.1376e+11,8.0234e+11
0.04271,0.26042,6.8764e+0,5.4782e+11,9.2000e+11
0.04479,0.26042,6.7579e+0,6.1425e+11,6.9615e+11
0.04688,0.26042,6.6410e+0,6.6337e+11,7.4425e+11
0.04896,0.26042,6.5245e+0,6.3846e+11,8.1938e+11
0.05104,0.26042,6.4007e+0,6.0369e+11,8.1622e+11
0.05312,0.26042,6.2671e+0,5.7311e+11,8.3465e+11
0.05521,0.26042,6.1187e+0,6.5278e+11,7.8315e+11
0.05729,0.26042,5.9651e+0,6.4549e+11,8.2210e+11
0.05937,0.26042,5.8023e+0,6.7462e+11,8.3081e+11
0.06146,0.26042,5.6335e+0,6.5679e+11,8.6626e+11
0.06354,0.26042,5.4546e+0,5.9536e+11,9.0520e+11
0.06563,0.26042,5.2585e+0,6.6090e+11,7.8459e+11
0.06771,0.26042,5.0591e+0,7.2157e+11,7.8046e+11
0.06979,0.26042,4.8609e+0,7.0141e+11,8.4849e+11
0.07187,0.26042,4.6567e+0,6.0397e+11,8.6056e+11
0.07396,0.26042,4.4385e+0,4.9534e+11,8.1622e+11
0.07604,0.26042,4.2009e+0,5.2643e+11,7.7513e+11
0.07813,0.26042,3.9487e+0,5.9465e+11,8.0081e+11
0.08021,0.26042,3.6861e+0,5.2842e+11,8.0046e+11
0.08229,0.26042,3.4092e+0,5.0061e+11,9.0043e+11
0.08438,0.26042,3.1105e+0,4.6040e+11,9.1895e+11
0.08646,0.26042,2.7869e+0,4.4976e+11,9.5667e+11
0.08854,0.26042,2.4348e+0,3.6193e+11,7.8727e+11
0.09062,0.26042,2.0593e+0,1.3124e+11,5.9592e+11
0.09271,0.26042,1.6560e+0,4.3471e+9,5.9140e+11
0.09479,0.26042,1.2158e+0,6.5170e+8,4.9286e+11
0.09688,0.26042,7.4593e-1,1.8372e+6,4.1909e+11
0.09896,0.26042,2.5264e-1,0.0000e+0,2.8277e+11
0.00104,0.26458,7.8848e+0,1.8470e+10,0.0000e+0
0.00313,0.26458,7.8836e+0,6.0456e+10,0.0000e+0
0.00521,0.26458,7.8831e+0,1.0866e+11,8.7771e+10
0.00729,0.26458,7.8804e+0,1.1234e+11,2.5796e+11
0.00937,0.26458,7.8667e+0,1.6359e+11,3.9550e+11
0.01146,0.26458,7.8399e+0,1.8398e+11,3.4047e+11
0.01354,0.26458,7.8127e+0,1.9682e+11,6.1357e+11
0.01563,0.26458,7.7696e+0,2.7291e+11,4.1689e+11
0.01771,0.26458,7.7288e+0,2.9717e+11,3.2855e+11
0.01979,0.26458,7.6928e+0,2.5184e+11,2.8436e+11
0.02187,0.26458,7.6592e+0,2.9185e+11,5.2621e+11
0.02396,0.26458,7.6148e+0,3.1439e+11,7.0322e+11
0.02604,0.26458,7.5511e+0,4.0312e+11,6.8764e+11
0.02813,0.26458,7.4762e+0,3.1827e+11,4.1163e+11
0.03021,0.26458,7.4036e+0,4.3470e+11,4.5597e+11
0.03229,0.26458,7.3375e+0,4.4960e+11,7.3593e+11
0.03438,0.26458,7.2608e+0,4.8463e+11,7.0905e+11
0.03646,0.26458,7.1783e+0,5.2883e+11,8.1562e+11
0.03854,0.26458,7.0858e+0,5.3998e+11,8.6455e+11
0.04063,0.26458,6.9803e+0,5.1665e+11,7.2524e+11
0.04271,0.26458,6.8660e+0,5.6458e+11,5.5565e+11
0.04479,0.26458,6.7551e+0,6.1078e+11,6.5522e+11
0.04688,0.26458,6.6456e+0,6.4302e+11,8.3285e+11
0.04896,0.26458,6.5286e+0,6.4320e+11,7.8587e+11
0.05104,0.26458,6.4068e+0,5.9581e+11,7.8156e+11
0.05312,0.26458,6.2776e+0,5.6343e+11,8.7018e+11
0.05521,0.26458,6.1333e+0,6.5934e+11,8.3729e+11
0.05729,0.26458,5.9839e+0,6.5784e+11,9.7630e+11
0.05937,0.26458,5.8190e+0,6.8682e+11,8.6247e+11
0.06146,0.26458,5.6484e+0,6.5088e+11,9.1005e+11
0.06354,0.26458,5.4652e+0,6.1474e+11,8.6111e+11
0.06563,0.26458,5.2689e+0,6.6262e+11,7.2878e+11
0.06771,0.26458,5.0736e+0,7.1693e+11,8.3089e+11
0.06979,0.26458,4.8774e+0,6.9229e+11,9.5429e+11
0.07187,0.26458,4.6702e+0,6.0316e+11,8.6276e+11
0.07396,0.26458,4.4514e+0,4.9717e+11,8.3661e+11
0.07604,0.26458,4.2144e+0,5.2425e+11,8.5569e+11
0.07813,0.26458,3.9601e+0,5.9594e+11,8.2723e+11
0.08021,0.26458,3.6959e+0,5.2302e+11,8.8207e+11
0.08229,0.26458,3.4128e+0,5.0826e+11,8.6606e+11
0.08438,0.26458,3.1108e+0,4.7046e+11,8.5402e+11
0.08646,0.26458,2.7867e+0,4.7907e+11,9.0059e+11
0.08854,0.26458,2.4379e+0,3.8180e+11,8.2042e+11
0.09062,0.26458,2.0644e+0,1.2158e+11,6.4683e+11
0.09271,0.26458,1.6595e+0,3.2520e+9,5.7544e+11
0.09479,0.26458,1.2192e+0,5.0273e+8,5.2617e+11
0.09688,0.26458,7.4787e-1,0.0000e+0,4.4104e+11
0.09896,0.26458,2.5264e-1,0.0000e+0,2.6233e+11
0.00104,0.26875,7.9101e+0,1.8030e+10,2.0262e+9
0.00313,0.26875,7.9088e+0,6.9213e+10,6.8132e+10
0.00521,0.26875,7.9046e+0,9.3891e+10,1.1566e+11
0.00729,0.26875,7.8976e+0,9.7205e+10,2.3697e+11
0.00937,0.26875,7.8797e+0,1.4976e+11,4.8164e+11
0.01146,0.26875,7.8397e+0,1.8020e+11,2.0957e+11
0.01354,0.26875,7.8021e+0,1.8692e+11,1.5473e+11
0.01563,0.26875,7.7695e+0,2.7291e+11,2.4587e+11
0.01771,0.26875,7.7435e+0,3.1999e+11,5.6885e+11
0.01979,0.26875,7.7067e+0,2.5160e+11,4.3962e+11
0.02187,0.26875,7.6606e+0,2.9473e+11,4.5588e+11
0.02396,0.26875,7.6032e+0,3.0644e+11,4.7942e+11
0.02604,0.26875,7.5315e+0,3.9450e+11,4.1907e+11
0.02813,0.26875,7.4553e+0,3.3191e+11,2.2951e+11
0.03021,0.26875,7.3830e+0,4.3530e+11,2.9517e+11
0.03229,0.26875,7.3169e+0,4.5341e+11,4.1930e+11
0.03438,0.26875,7.2502e+0,4.8350e+11,6.3579e+11
0.03646,0.26875,7.1733e+0,5.2818e+11,7.6011e+11
0.03854,0.26875,7.0831e+0,5.2939e+11,8.0652e+11
0.04063,0.26875,6.9761e+0,5.1684e+11,5.6772e+11
0.04271,0.26875,6.8674e+0,5.5493e+11,6.6391e+11
0.04479,0.26875,6.7531e+0,6.0355e+11,6.0049e+11
0.04688,0.26875,6.6408e+0,6.5860e+11,6.9895e+11
0.04896,0.26875,6.5273e+0,6.5065e+11,8.2136e+11
0.05104,0.26875,6.4043e+0,5.9134e+11,7.3739e+11
0.05312,0.26875,6.2739e+0,5.5995e+11,7.4046e+11
0.05521,0.26875,6.1345e+0,6.5433e+11,8.2853e+11
0.05729,0.26875,5.9877e+0,6.4729e+11,9.2928e+11
0.05937,0.26875,5.8262e+0,6.8794e+11,8.8828e+11
0.06146,0.26875,5.6571e+0,6.6520e+11,9.2468e+11
0.06354,0.26875,5.4753e+0,6.0028e+11,8.8196e+11
0.06563,0.26875,5.2793e+0,6.4049e+11,7.8897e+11
0.06771,0.26875,5.0799e+0,7.1786e+11,8.1517e+11
0.06979,0.26875,4.8796e+0,6.9429e+11,8.5057e+11
0.07187,0.26875,4.6730e+0,6.1566e+11,8.2868e+11
0.07396,0.26875,4.4561e+0,5.1382e+11,8.4472e+11
0.07604,0.26875,4.2202e+0,5.2971e+11,8.7160e+11
0.07813,0.26875,3.9663e+0,5.9279e+11,9.1492e+11
0.08021,0.26875,3.6966e+0,5.2327e+11,8.4760e+11
0.08229,0.26875,3.4098e+0,4.9627e+11,7.5601e+11
0.08438,0.26875,3.1096e+0,4.5947e+11,8.6773e+11
0.08646,0.26875,2.7850e+0,4.6100e+11,8.5578e+11
0.08854,0.26875,2.4364e+0,3.8538e+11,7.6588e+11
0.09062,0.26875,2.0657e+0,1.2282e+11,6.5129e+11
0.09271,0.26875,1.6628e+0,3.3207e+9,6.1546e+11
0.09479,0.26875,1.2220e+0,5.0615e+8,5.4514e+11
0.09688,0.26875,7.4832e-1,0.0000e+0,4.1009e+11
0.09896,0.26875,2.5251e-1,0.0000e+0,2.4864e+11
0.00104,0.27292,7.9510e+0,2.0410e+10,1.1519e+11
0.00313,0.27292,7.9537e+0,9.2875e+10,5.4985e+11
0.00521,0.27292,7.9394e+0,9.3518e+10,2.4240e+11
0.00729,0.27292,7.9286e+0,9.4495e+10,4.6945e+11
0.00937,0.27292,7.9021e+0,1.5315e+11,6.9085e+11
0.01146,0.27292,7.8492e+0,1.8374e+11,2.2047e+11
0.01354,0.27292,7.8031e+0,1.9175e+11,8.3163e+10
0.01563,0.27292,7.7673e+0,2.7155e+11,1.9147e+11
0.01771,0.27292,7.7385e+0,3.0908e+11,2.3126e+11
0.01979,0.27292,7.7156e+0,2.5278e+11,5.1755e+11
0.02187,0.27292,7.6764e+0,3.0973e+11,6.7587e+11
0.02396,0.27292,7.6166e+0,3.0348e+11,5.4560e+11
0.02604,0.27292,7.5461e+0,3.7900e+11,5.0435e+11
0.02813,0.27292,7.4732e+0,3.3180e+11,4.2188e+11
0.03021,0.27292,7.4003e+0,4.2153e+11,5.2015e+11
0.03229,0.27292,7.3269e+0,4.3506e+11,5.5427e+11
0.03438,0.27292,7.2503e+0,4.7902e+11,6.0771e+11
0.03646,0.27292,7.1675e+0,5.2679e+11,5.9100e+11
0.03854,0.27292,7.0819e+0,5.3085e+11,7.2801e+11
0.04063,0.27292,6.9847e+0,5.1514e+11,7.0248e+11
0.04271,0.27292,6.8786e+0,5.5023e+11,7.0580e+11
0.04479,0.27292,6.7654e+0,6.1700e+11,7.2056e+11
0.04688,0.27292,6.6486e+0,6.6092e+11,7.2642e+11
0.04896,0.27292,6.5301e+0,6.4691e+11,7.6578e+11
0.05104,0.27292,6.4061e+0,5.7670e+11,7.6556e+11
0.05312,0.27292,6.2710e+0,5.5975e+11,6.4759e+11
0.05521,0.27292,6.1318e+0,6.6326e+11,8.1789e+11
0.05729,0.27292,5.9845e+0,6.5834e+11,8.7847e+11
0.05937,0.27292,5.8240e+0,6.8410e+11,8.0953e+11
0.06146,0.27292,5.6585e+0,6.6235e+11,9.3509e+11
0.06354,0.27292,5.4787e+0,5.9660e+11,9.1891e+11
0.06563,0.27292,5.2819e+0,6.4371e+11,7.5772e+11
0.06771,0.27292,5.0834e+0,7.3671e+11,8.6750e+11
0.06979,0.27292,4.8827e+0,7.0619e+11,8.9557e+11
0.07187,0.27292,4.6744e+0,6.2312e+11,8.1284e+11
0.07396,0.27292,4.4582e+0,5.3248e+11,9.3596e+11
0.07604,0.27292,4.2179e+0,5.3725e+11,8.3303e+11
0.07813,0.27292,3.9618e+0,5.7041e+11,8.2474e+11
0.08021,0.27292,3.6932e+0,5.1795e+11,8.3599e+11
0.08229,0.27292,3.4079e+0,5.0082e+11,7.7150e+11
0.08438,0.27292,3.1092e+0,4.6516e+11,8.6973e+11
0.08646,0.27292,2.7875e+0,4.6323e+11,9.5427e+11
0.08854,0.27292,2.4373e+0,3.7709e+11,7.5980e+11
0.09062,0.27292,2.0655e+0,1.2044e+11,5.9730e+11
0.09271,0.27292,1.6636e+0,2.6737e+9,5.8260e+11
0.09479,0.27292,1.2251e+0,8.0316e+8,6.0965e+11
0.09688,0.27292,7.5014e-1,0.0000e+0,4.2121e+11
0.09896,0.27292,2.5334e-1,0.0000e+0,2.6229e+11
0.00104,0.27708,7.9404e+0,1.6295e+10,1.2354e+10
0.00313,0.27708,7.9382e+0,9.4946e+10,7.3918e+10
0.00521,0.27708,7.9333e+0,1.0015e+11,7.3717e+10
0.00729,0.27708,7.9263e+0,1.0135e+11,4.2260e+11
0.00937,0.27708,7.8963e+0,1.6481e+11,3.7707e+11
0.01146,0.27708,7.8565e+0,1.7894e+11,2.2705e+11
0.01354,0.27708,7.8216e+0,2.0170e+11,4.1926e+11
0.01563,0.27708,7.7797e+0,2.9303e+11,2.5522e+11
0.01771,0.27708,7.7461e+0,3.0451e+11,2.3103e+11
0.01979,0.27708,7.7201e+0,2.5164e+11,4.5600e+11
0.02187,0.27708,7.6782e+0,3.0078e+11,5.3388e+11
0.02396,0.27708,7.6193e+0,3.0065e+11,4.0435e+11
0.02604,0.27708,7.5537e+0,3.6608e+11,4.1319e+11
0.02813,0.27708,7.4845e+0,3.2639e+11,4.0537e+11
0.03021,0.27708,7.4090e+0,4.1858e+11,4.4658e+11
0.03229,0.27708,7.3318e+0,4.3660e+11,4.4136e+11
0.03438,0.27708,7.2537e+0,4.9284e+11,5.4473e+11
0.03646,0.27708,7.1719e+0,5.2682e+11,6.1811e+11
0.03854,0.27708,7.0852e+0,5.3032e+11,6.5489e+11
0.04063,0.27708,6.9913e+0,5.0412e+11,6.3153e+11
0.04271,0.27708,6.8905e+0,5.4591e+11,7.4502e+11
0.04479,0.27708,6.7807e+0,6.0893e+11,8.0895e+11
0.04688,0.27708,6.6634e+0,6.3551e+11,8.2704e+11
0.04896,0.27708,6.5384e+0,6.4097e+11,7.0560e+11
0.05104,0.27708,6.4138e+0,5.6577e+11,7.9363e+11
0.05312,0.27708,6.2782e+0,5.5413e+11,7.4111e+11
0.05521,0.27708,6.1352e+0,6.7369e+11,8.1463e+11
0.05729,0.27708,5.9870e+0,6.6791e+11,9.1797e+11
0.05937,0.27708,5.8252e+0,6.9501e+11,8.8057e+11
0.06146,0.27708,5.6550e+0,6.6556e+11,8.8416e+11
0.06354,0.27708,5.4736e+0,5.9364e+11,8.3093e+11
0.06563,0.27708,5.2803e+0,6.5053e+11,8.4830e+11
0.06771,0.27708,5.0795e+0,7.2971e+11,8.0191e+11
0.06979,0.27708,4.8807e+0,6.9332e+11,9.1101e+11
0.07187,0.27708,4.6729e+0,6.1669e+11,8.3971e+11
0.07396,0.27708,4.4555e+0,5.3203e+11,9.6213e+11
0.07604,0.27708,4.2132e+0,5.3187e+11,8.5063e+11
0.07813,0.27708,3.9553e+0,5.7063e+11,8.3377e+11
0.08021,0.27708,3.6856e+0,5.3280e+11,7.9238e+11
0.08229,0.27708,3.4039e+0,4.8171e+11,8.0897e+11
0.08438,0.27708,3.1046e+0,4.6263e+11,8.5316e+11
0.08646,0.27708,2.7820e+0,4.7114e+11,8.3222e+11
0.08854,0.27708,2.4382e+0,3.7007e+11,7.7412e+11
0.09062,0.27708,2.0718e+0,1.1813e+11,7.5036e+11
0.09271,0.27708,1.6665e+0,2.5146e+9,6.2324e+11
0.09479,0.27708,1.2230e+0,1.1792e+9,5.1835e+11
0.09688,0.27708,7.4868e-1,0.0000e+0,3.9775e+11
0.09896,0.27708,2.5354e-1,0.0000e+0,2.8980e+11
0.00104,0.28125,7.9487e+0,1.2560e+10,0.0000e+0
0.00313,0.28125,7.9499e+0,6.4328e+10,3.8920e+10
0.00521,0.28125,7.9535e+0,1.0113e+11,4.5253e+11
0.00729,0.28125,7.9359e+0,1.0202e+11,5.0745e+11
0.00937,0.28125,7.8942e+0,1.5791e+11,1.5937e+11
0.01146,0.28125,7.8559e+0,1.7782e+11,1.0746e+11
0.01354,0.28125,7.8240e+0,1.8891e+11,2.6253e+11
0.01563,0.28125,7.7903e+0,2.7059e+11,3.1535e+11
0.01771,0.28125,7.7611e+0,3.0312e+11,3.4449e+11
0.01979,0.28125,7.7378e+0,2.5586e+11,6.5262e+11
0.02187,0.28125,7.6942e+0,2.9216e+11,6.0622e+11
0.02396,0.28125,7.6377e+0,3.0529e+11,4.3462e+11
0.02604,0.28125,7.5825e+0,3.6172e+11,6.4705e+11
0.02813,0.28125,7.5179e+0,3.2225e+11,7.4717e+11
0.03021,0.28125,7.4367e+0,4.3758e+11,6.0462e+11
0.03229,0.28125,7.3585e+0,4.6596e+11,6.9549e+11
0.03438,0.28125,7.2753e+0,5.1926e+11,7.0799e+11
0.03646,0.28125,7.1863e+0,5.4415e+11,6.3099e+11
0.03854,0.28125,7.0975e+0,5.3619e+11,6.6612e+11
0.04063,0.28125,7.0052e+0,5.0190e+11,8.1476e+11
0.04271,0.28125,6.8966e+0,5.5180e+11,6.9719e+11
0.04479,0.28125,6.7842e+0,6.4131e+11,7.5844e+11
0.04688,0.28125,6.6705e+0,6.4605e+11,9.0610e+11
0.04896,0.28125,6.5462e+0,6.2105e+11,8.2254e+11
0.05104,0.28125,6.4156e+0,5.6479e+11,7.4307e+11
0.05312,0.28125,6.2779e+0,5.5968e+11,6.7997e+11
0.05521,0.28125,6.1366e+0,6.7674e+11,8.4111e+11
0.05729,0.28125,5.9881e+0,6.5107e+11,9.1638e+11
0.05937,0.28125,5.8253e+0,6.7456e+11,9.1810e+11
0.06146,0.28125,5.6512e+0,6.7260e+11,9.0748e+11
0.06354,0.28125,5.4665e+0,5.9850e+11,8.1504e+11
0.06563,0.28125,5.2713e+0,6.6447e+11,8.2182e+11
0.06771,0.28125,5.0692e+0,7.0149e+11,7.2121e+11
0.06979,0.28125,4.8707e+0,6.8387e+11,8.5828e+11
0.07187,0.28125,4.6645e+0,6.1536e+11,8.8631e+11
0.07396,0.28125,4.4436e+0,5.4763e+11,9.3155e+11
0.07604,0.28125,4.1976e+0,5.4326e+11,7.3367e+11
0.07813,0.28125,3.9415e+0,5.8621e+11,8.2598e+11
0.08021,0.28125,3.6732e+0,5.5976e+11,7.3979e+11
0.08229,0.28125,3.3968e+0,4.9424e+11,8.2730e+11
0.08438,0.28125,3.1016e+0,4.6694e+11,9.2538e+11
0.08646,0.28125,2.7797e+0,4.6132e+11,8.7027e+11
0.08854,0.28125,2.4360e+0,3.4530e+11,7.5468e+11
0.09062,0.28125,2.0701e+0,1.1082e+11,7.2570e+11
0.09271,0.28125,1.6657e+0,2.1789e+9,6.3802e+11
0.09479,0.28125,1.2217e+0,3.9648e+8,5.2036e+11
0.09688,0.28125,7.4734e-1,0.0000e+0,3.8854e+11
0.09896,0.28125,2.5268e-1,0.0000e+0,2.6690e+11
0.00104,0.28542,7.9513e+0,1.4081e+10,0.0000e+0
0.00313,0.28542,7.9533e+0,5.8641e+10,1.4285e+10
0.00521,0.28542,7.9594e+0,1.0881e+11,3.9194e+11
0.00729,0.28542,7.9486e+0,1.0225e+11,5.3425e+11
0.00937,0.28542,7.9132e+0,1.4887e+11,3.0159e+11
0.01146,0.28542,7.8778e+0,1.7774e+11,5.1576e+11
0.01354,0.28542,7.8305e+0,1.7899e+11,2.6190e+11
0.01563,0.28542,7.7858e+0,2.4748e+11,1.5313e+11
0.01771,0.28542,7.7515e+0,3.1052e+11,1.7868e+11
0.01979,0.28542,7.7263e+0,2.4733e+11,4.8346e+11
0.02187,0.28542,7.6820e+0,2.9275e+11,3.7165e+11
0.02396,0.28542,7.6301e+0,3.0633e+11,3.2017e+11
0.02604,0.28542,7.5781e+0,3.6778e+11,6.8805e+11
0.02813,0.28542,7.5058e+0,3.2352e+11,5.2595e+11
0.03021,0.28542,7.4224e+0,4.5256e+11,3.3618e+11
0.03229,0.28542,7.3533e+0,4.7047e+11,5.9765e+11
0.03438,0.28542,7.2824e+0,5.2393e+11,9.0607e+11
0.03646,0.28542,7.1923e+0,5.5144e+11,6.4386e+11
0.03854,0.28542,7.1030e+0,5.5821e+11,7.5140e+11
0.04063,0.28542,7.0065e+0,5.1239e+11,8.0336e+11
0.04271,0.28542,6.8940e+0,5.5775e+11,6.7748e+11
0.04479,0.28542,6.7771e+0,6.5547e+11,7.1560e+11
0.04688,0.28542,6.6590e+0,6.5783e+11,7.3056e+11
0.04896,0.28542,6.5378e+0,6.1873e+11,7.2772e+11
0.05104,0.28542,6.4119e+0,5.7183e+11,7.8091e+11
0.05312,0.28542,6.2757e+0,5.6356e+11,6.7154e+11
0.05521,0.28542,6.1371e+0,6.6419e+11,9.1735e+11
0.05729,0.28542,5.9856e+0,6.3342e+11,9.4257e+11
0.05937,0.28542,5.8179e+0,6.8511e+11,8.9928e+11
0.06146,0.28542,5.6404e+0,6.9413e+11,8.1940e+11
0.06354,0.28542,5.4587e+0,6.1954e+11,8.4406e+11
0.06563,0.28542,5.2651e+0,6.6973e+11,8.4342e+11
0.06771,0.28542,5.0632e+0,6.8236e+11,7.4835e+11
0.06979,0.28542,4.8610e+0,6.9250e+11,7.9317e+11
0.07187,0.28542,4.6547e+0,6.3428e+11,8.2723e+11
0.07396,0.28542,4.4374e+0,5.5145e+11,1.0115e+12
0.07604,0.28542,4.1901e+0,5.5437e+11,8.0137e+11
0.07813,0.28542,3.9294e+0,5.9752e+11,7.0173e+11
0.08021,0.28542,3.6650e+0,5.3769e+11,7.5818e+11
0.08229,0.28542,3.3891e+0,4.7173e+11,8.4297e+11
0.08438,0.28542,3.0915e+0,4.5254e+11,8.7111e+11
0.08646,0.28542,2.7686e+0,4.5796e+11,7.8518e+11
0.08854,0.28542,2.4274e+0,3.4855e+11,7.2223e+11
0.09062,0.28542,2.0648e+0,1.1013e+11,7.3931e+11
0.09271,0.28542,1.6617e+0,1.6720e+9,6.2136e+11
0.09479,0.28542,1.2191e+0,2.8529e+6,4.9823e+11
0.09688,0.28542,7.4669e-1,0.0000e+0,3.9845e+11
0.09896,0.28542,2.5287e-1,0.0000e+0,2.8529e+11
0.00104,0.28958,7.9421e+0,1.6174e+10,0.0000e+0
0.00313,0.28958,7.9434e+0,4.6182e+10,1.1064e+8
0.00521,0.28958,7.9479e+0,9.9279e+10,1.3262e+11
0.00729,0.28958,7.9507e+0,1.1500e+11,7.4141e+11
0.00937,0.28958,7.9153e+0,1.5385e+11,4.0482e+11
0.01146,0.28958,7.8712e+0,1.8271e+11,2.3451e+11
0.01354,0.28958,7.8290e+0,1.7912e+11,2.2298e+11
0.01563,0.28958,7.7904e+0,2.5037e+11,2.4432e+11
0.01771,0.28958,7.7606e+0,3.2372e+11,4.1494e+11
0.01979,0.28958,7.7323e+0,2.4938e+11,4.9668e+11
0.02187,0.28958,7.6930e+0,3.0464e+11,6.3867e+11
0.02396,0.28958,7.6372e+0,3.0964e+11,5.0160e+11
0.02604,0.28958,7.5740e+0,3.7419e+11,6.3230e+11
0.02813,0.28958,7.4975e+0,3.2652e+11,5.7644e+11
0.03021,0.28958,7.4085e+0,4.6402e+11,3.5548e+11
0.03229,0.28958,7.3339e+0,4.6036e+11,4.2367e+11
0.03438,0.28958,7.2653e+0,4.8861e+11,6.8122e+11
0.03646,0.28958,7.1865e+0,5.4641e+11,7.7041e+11
0.03854,0.28958,7.0970e+0,5.6562e+11,7.2872e+11
0.04063,0.28958,7.0012e+0,5.1936e+11,7.6395e+11
0.04271,0.28958,6.8942e+0,5.4904e+11,7.9504e+11
0.04479,0.28958,6.7779e+0,6.4382e+11,8.1285e+11
0.04688,0.28958,6.6581e+0,6.6564e+11,8.0714e+11
0.04896,0.28958,6.5349e+0,6.2208e+11,7.8109e+11
0.05104,0.28958,6.4052e+0,5.8278e+11,7.0910e+11
0.05312,0.28958,6.2711e+0,5.6353e+11,7.0973e+11
0.05521,0.28958,6.1314e+0,6.7067e+11,9.5957e+11
0.05729,0.28958,5.9740e+0,6.4624e+11,8.1528e+11
0.05937,0.28958,5.8068e+0,7.0810e+11,8.7176e+11
0.06146,0.28958,5.6315e+0,6.9624e+11,8.3246e+11
0.06354,0.28958,5.4520e+0,6.2630e+11,8.1622e+11
0.06563,0.28958,5.2632e+0,6.7655e+11,9.1274e+11
0.06771,0.28958,5.0619e+0,6.9252e+11,7.6319e+11
0.06979,0.28958,4.8608e+0,6.7864e+11,8.4654e+11
0.07187,0.28958,4.6530e+0,6.3843e+11,8.8507e+11
0.07396,0.28958,4.4323e+0,5.5360e+11,9.5977e+11
0.07604,0.28958,4.1869e+0,5.6633e+11,8.5208e+11
0.07813,0.28958,3.9271e+0,5.9665e+11,7.7398e+11
0.08021,0.28958,3.6620e+0,5.4605e+11,8.5607e+11
0.08229,0.28958,3.3804e+0,4.7925e+11,7.8108e+11
0.08438,0.28958,3.0814e+0,4.5311e+11,8.1417e+11
0.08646,0.28958,2.7602e+0,4.4492e+11,7.6550e+11
0.08854,0.28958,2.4203e+0,3.4042e+11,7.1075e+11
0.09062,0.28958,2.0586e+0,1.0530e+11,6.9366e+11
0.09271,0.28958,1.6592e+0,1.3396e+9,6.3457e+11
0.09479,0.28958,1.2194e+0,0.0000e+0,5.3052e+11
0.09688,0.28958,7.4806e-1,0.0000e+0,4.3329e+11
0.09896,0.28958,2.5317e-1,0.0000e+0,2.7968e+11
0.00104,0.29375,7.9279e+0,2.2437e+10,0.0000e+0
0.00313,0.29375,7.9274e+0,4.4606e+10,0.0000e+0
0.00521,0.29375,7.9270e+0,9.6908e+10,1.9289e+10
0.00729,0.29375,7.9272e+0,1.1602e+11,2.9230e+11
0.00937,0.29375,7.9084e+0,1.5954e+11,4.2710e+11
0.01146,0.29375,7.8721e+0,1.7289e+11,4.1520e+11
0.01354,0.29375,7.8246e+0,1.8147e+11,2.2574e+11
0.01563,0.29375,7.7798e+0,2.7078e+11,1.4904e+11
0.01771,0.29375,7.7486e+0,3.1595e+11,3.4534e+11
0.01979,0.29375,7.7188e+0,2.4921e+11,3.7301e+11
0.02187,0.29375,7.6835e+0,3.0193e+11,5.6158e+11
0.02396,0.29375,7.6338e+0,3.0278e+11,6.3582e+11
0.02604,0.29375,7.5647e+0,3.7418e+11,5.7013e+11
0.02813,0.29375,7.4848e+0,3.4054e+11,5.2090e+11
0.03021,0.29375,7.3942e+0,4.6533e+11,2.9561e+11
0.03229,0.29375,7.3199e+0,4.4708e+11,5.0572e+11
0.03438,0.29375,7.2464e+0,4.7130e+11,5.4278e+11
0.03646,0.29375,7.1729e+0,5.3612e+11,8.3441e+11
0.03854,0.29375,7.0846e+0,5.6272e+11,8.1756e+11
0.04063,0.29375,6.9847e+0,5.0010e+11,6.8439e+11
0.04271,0.29375,6.8763e+0,5.3802e+11,7.0388e+11
0.04479,0.29375,6.7616e+0,6.3929e+11,7.1153e+11
0.04688,0.29375,6.6478e+0,6.6075e+11,8.0656e+11
0.04896,0.29375,6.5292e+0,6.3339e+11,8.6295e+11
0.05104,0.29375,6.3983e+0,5.9172e+11,6.8090e+11
0.05312,0.29375,6.2646e+0,5.6944e+11,6.6894e+11
0.05521,0.29375,6.1276e+0,6.7072e+11,9.7426e+11
0.05729,0.29375,5.9724e+0,6.4348e+11,9.3753e+11
0.05937,0.29375,5.8005e+0,6.8439e+11,8.4058e+11
0.06146,0.29375,5.6210e+0,7.0060e+11,6.8768e+11
0.06354,0.29375,5.4464e+0,6.3043e+11,8.2026e+11
0.06563,0.29375,5.2624e+0,6.7658e+11,9.6720e+11
0.06771,0.29375,5.0624e+0,6.9420e+11,8.1727e+11
0.06979,0.29375,4.8592e+0,6.7342e+11,8.3170e+11
0.07187,0.29375,4.6499e+0,6.3342e+11,9.0913e+11
0.07396,0.29375,4.4254e+0,5.4077e+11,9.0595e+11
0.07604,0.29375,4.1784e+0,5.5266e+11,7.9184e+11
0.07813,0.29375,3.9188e+0,5.9243e+11,7.0492e+11
0.08021,0.29375,3.6562e+0,5.6267e+11,8.7520e+11
0.08229,0.29375,3.3756e+0,4.9088e+11,8.1419e+11
0.08438,0.29375,3.0773e+0,4.4610e+11,8.1483e+11
0.08646,0.29375,2.7579e+0,4.4265e+11,8.2804e+11
0.08854,0.29375,2.4167e+0,3.5921e+11,7.3637e+11
0.09062,0.29375,2.0535e+0,1.1225e+11,6.2767e+11
0.09271,0.29375,1.6567e+0,1.1423e+9,6.2472e+11
0.09479,0.29375,1.2197e+0,0.0000e+0,5.5918e+11
0.09688,0.29375,7.4892e-1,0.0000e+0,4.4492e+11
0.09896,0.29375,2.5354e-1,0.0000e+0,2.8397e+11
0.00104,0.29792,7.9254e+0,1.4983e+10,0.0000e+0
0.00313,0.29792,7.9258e+0,4.1183e+10,0.0000e+0
0.00521,0.29792,7.9285e+0,9.3871e+10,4.0280e+10
0.00729,0.29792,7.9345e+0,1.0788e+11,5.2733e+11
0.00937,0.29792,7.9124e+0,1.6052e+11,4.9366e+11
0.01146,0.29792,7.8723e+0,1.6601e+11,3.8586e+11
0.01354,0.29792,7.8234e+0,1.7250e+11,2.7102e+11
0.01563,0.29792,7.7734e+0,2.5995e+11,1.2698e+11
0.01771,0.29792,7.7362e+0,3.0354e+11,2.8614e+11
0.01979,0.29792,7.7024e+0,2.4739e+11,3.0681e+11
0.02187,0.29792,7.6664e+0,2.9998e+11,4.4475e+11
0.02396,0.29792,7.6236e+0,2.9490e+11,6.6472e+11
0.02604,0.29792,7.5614e+0,3.5718e+11,7.1915e+11
0.02813,0.29792,7.4831e+0,3.2900e+11,6.4098e+11
0.03021,0.29792,7.3910e+0,4.3312e+11,4.7449e+11
0.03229,0.29792,7.3039e+0,4.3607e+11,4.1617e+11
0.03438,0.29792,7.2223e+0,4.6777e+11,4.6928e+11
0.03646,0.29792,7.1430e+0,5.2919e+11,5.9733e+11
0.03854,0.29792,7.0595e+0,5.5170e+11,7.4154e+11
0.04063,0.29792,6.9654e+0,4.9990e+11,8.0190e+11
0.04271,0.29792,6.8531e+0,5.4195e+11,5.7787e+11
0.04479,0.29792,6.7404e+0,6.4083e+11,6.3355e+11
0.04688,0.29792,6.6319e+0,6.6007e+11,7.6056e+11
0.04896,0.29792,6.5219e+0,6.1036e+11,9.3804e+11
0.05104,0.29792,6.3957e+0,5.8045e+11,8.0774e+11
0.05312,0.29792,6.2613e+0,5.7821e+11,7.3782e+11
0.05521,0.29792,6.1235e+0,6.7402e+11,1.0136e+12
0.05729,0.29792,5.9694e+0,6.3193e+11,9.4313e+11
0.05937,0.29792,5.8000e+0,6.6235e+11,9.2462e+11
0.06146,0.29792,5.6188e+0,6.8529e+11,7.2224e+11
0.06354,0.29792,5.4424e+0,6.2233e+11,8.0930e+11
0.06563,0.29792,5.2585e+0,6.8062e+11,9.3354e+11
0.06771,0.29792,5.0619e+0,7.0716e+11,8.9881e+11
0.06979,0.29792,4.8568e+0,6.9448e+11,8.4737e+11
0.07187,0.29792,4.6462e+0,6.3022e+11,9.1585e+11
0.07396,0.29792,4.4199e+0,5.4015e+11,8.8870e+11
0.07604,0.29792,4.1734e+0,5.2263e+11,7.6633e+11
0.07813,0.29792,3.9149e+0,5.7556e+11,7.3131e+11
0.08021,0.29792,3.6520e+0,5.4900e+11,8.9568e+11
0.08229,0.29792,3.3701e+0,4.9098e+11,8.0237e+11
0.08438,0.29792,3.0715e+0,4.5063e+11,7.7870e+11
0.08646,0.29792,2.7539e+0,4.5560e+11,7.9940e+11
0.08854,0.29792,2.4161e+0,3.7562e+11,7.7675e+11
0.09062,0.29792,2.0551e+0,1.1661e+11,7.0616e+11
0.09271,0.29792,1.6571e+0,1.1892e+9,6.2635e+11
0.09479,0.29792,1.2195e+0,0.0000e+0,5.4297e+11
0.09688,0.29792,7.4976e-1,0.0000e+0,4.7430e+11
0.09896,0.29792,2.5375e-1,0.0000e+0,2.8349e+11
0.00104,0.30208,7.9236e+0,8.7780e+9,0.0000e+0
0.00313,0.30208,7.9242e+0,3.7975e+10,0.0000e+0
0.00521,0.30208,7.9266e+0,1.0118e+11,1.9803e+10
0.00729,0.30208,7.9321e+0,1.1579e+11,4.5555e+11
0.00937,0.30208,7.9109e+0,1.7444e+11,4.6795e+11
0.01146,0.30208,7.8713e+0,1.8634e+11,3.5485e+11
0.01354,0.30208,7.8258e+0,1.6904e+11,2.5554e+11
0.01563,0.30208,7.7811e+0,2.5141e+11,4.3021e+11
0.01771,0.30208,7.7324e+0,2.9110e+11,3.0922e+11
0.01979,0.30208,7.6905e+0,2.3445e+11,3.5467e+11
0.02187,0.30208,7.6458e+0,2.9352e+11,4.5763e+11
0.02396,0.30208,7.5931e+0,2.9561e+11,4.4864e+11
0.02604,0.30208,7.5313e+0,3.5932e+11,4.6343e+11
0.02813,0.30208,7.4636e+0,3.3318e+11,5.8690e+11
0.03021,0.30208,7.3795e+0,4.3848e+11,5.2430e+11
0.03229,0.30208,7.2936e+0,4.4287e+11,4.9835e+11
0.03438,0.30208,7.2086e+0,4.7357e+11,5.0016e+11
0.03646,0.30208,7.1266e+0,5.2592e+11,7.0218e+11
0.03854,0.30208,7.0370e+0,5.5298e+11,6.6017e+11
0.04063,0.30208,6.9447e+0,5.1198e+11,7.1983e+11
0.04271,0.30208,6.8423e+0,5.4899e+11,8.3055e+11
0.04479,0.30208,6.7252e+0,6.3659e+11,6.7556e+11
0.04688,0.30208,6.6096e+0,6.5289e+11,6.5340e+11
0.04896,0.30208,6.4970e+0,6.0487e+11,7.5616e+11
0.05104,0.30208,6.3759e+0,5.6374e+11,7.9249e+11
0.05312,0.30208,6.2424e+0,5.7128e+11,7.5537e+11
0.05521,0.30208,6.1003e+0,6.8994e+11,8.1508e+11
0.05729,0.30208,5.9531e+0,6.2750e+11,9.3068e+11
0.05937,0.30208,5.7890e+0,6.3995e+11,9.3158e+11
0.06146,0.30208,5.6100e+0,6.9095e+11,7.5436e+11
0.06354,0.30208,5.4330e+0,6.3146e+11,7.8496e+11
0.06563,0.30208,5.2506e+0,6.9892e+11,8.9774e+11
0.06771,0.30208,5.0595e+0,7.1190e+11,1.0058e+12
0.06979,0.30208,4.8535e+0,6.9745e+11,8.6667e+11
0.07187,0.30208,4.6409e+0,6.1321e+11,9.0296e+11
0.07396,0.30208,4.4127e+0,5.3435e+11,8.4627e+11
0.07604,0.30208,4.1669e+0,5.3707e+11,7.9763e+11
0.07813,0.30208,3.9078e+0,5.7152e+11,7.1723e+11
0.08021,0.30208,3.6430e+0,5.5187e+11,8.1594e+11
0.08229,0.30208,3.3629e+0,5.0498e+11,7.4553e+11
0.08438,0.30208,3.0694e+0,4.4532e+11,8.0989e+11
0.08646,0.30208,2.7541e+0,4.3142e+11,8.2898e+11
0.08854,0.30208,2.4153e+0,3.7140e+11,7.5900e+11
0.09062,0.30208,2.0546e+0,1.2268e+11,7.1156e+11
0.09271,0.30208,1.6568e+0,1.2400e+9,6.5645e+11
0.09479,0.30208,1.2175e+0,0.0000e+0,5.1045e+11
0.09688,0.30208,7.4810e-1,0.0000e+0,4.5528e+11
0.09896,0.30208,2.5307e-1,0.0000e+0,2.7527e+11
0.00104,0.30625,7.9202e+0,9.4638e+9,0.0000e+0
0.00313,0.30625,7.9232e+0,3.8982e+10,0.0000e+0
0.00521,0.30625,7.9313e+0,1.0758e+11,1.6316e+11
0.00729,0.30625,7.9391e+0,1.2171e+11,6.5107e+11
0.00937,0.30625,7.9172e+0,1.7315e+11,6.9950e+11
0.01146,0.30625,7.8725e+0,1.6891e+11,4.5180e+11
0.01354,0.30625,7.8253e+0,1.6243e+11,4.6549e+11
0.01563,0.30625,7.7735e+0,2.4859e+11,4.9931e+11
0.01771,0.30625,7.7172e+0,2.9622e+11,3.0558e+11
0.01979,0.30625,7.6703e+0,2.4295e+11,3.1410e+11
0.02187,0.30625,7.6246e+0,2.8818e+11,4.9774e+11
0.02396,0.30625,7.5707e+0,2.9783e+11,4.7032e+11
0.02604,0.30625,7.5130e+0,3.6378e+11,5.2374e+11
0.02813,0.30625,7.4527e+0,3.4320e+11,7.5106e+11
0.03021,0.30625,7.3713e+0,4.3888e+11,6.1792e+11
0.03229,0.30625,7.2844e+0,4.4484e+11,5.5774e+11
0.03438,0.30625,7.1947e+0,4.7878e+11,5.4331e+11
0.03646,0.30625,7.1048e+0,5.1639e+11,5.9396e+11
0.03854,0.30625,7.0110e+0,5.4773e+11,5.2237e+11
0.04063,0.30625,6.9193e+0,4.9759e+11,5.5894e+11
0.04271,0.30625,6.8238e+0,5.4860e+11,8.1995e+11
0.04479,0.30625,6.7128e+0,6.3586e+11,8.1533e+11
0.04688,0.30625,6.5960e+0,6.6067e+11,7.7780e+11
0.04896,0.30625,6.4782e+0,5.9969e+11,7.6337e+11
0.05104,0.30625,6.3545e+0,5.6261e+11,7.5862e+11
0.05312,0.30625,6.2216e+0,5.6844e+11,7.7132e+11
0.05521,0.30625,6.0799e+0,6.8385e+11,8.5422e+11
0.05729,0.30625,5.9316e+0,6.3047e+11,8.8326e+11
0.05937,0.30625,5.7701e+0,6.4649e+11,8.7537e+11
0.06146,0.30625,5.5977e+0,6.9460e+11,8.6938e+11
0.06354,0.30625,5.4205e+0,6.5245e+11,8.3265e+11
0.06563,0.30625,5.2385e+0,7.0663e+11,9.3144e+11
0.06771,0.30625,5.0488e+0,7.0100e+11,9.6448e+11
0.06979,0.30625,4.8480e+0,6.6997e+11,9.8706e+11
0.07187,0.30625,4.6330e+0,6.0360e+11,8.9313e+11
0.07396,0.30625,4.4043e+0,5.4460e+11,8.5166e+11
0.07604,0.30625,4.1601e+0,5.3919e+11,7.8770e+11
0.07813,0.30625,3.9052e+0,5.7371e+11,8.1903e+11
0.08021,0.30625,3.6405e+0,5.5873e+11,8.4597e+11
0.08229,0.30625,3.3625e+0,4.8922e+11,7.9442e+11
0.08438,0.30625,3.0704e+0,4.4513e+11,8.7739e+11
0.08646,0.30625,2.7547e+0,4.2820e+11,8.7000e+11
0.08854,0.30625,2.4136e+0,3.6960e+11,7.2633e+11
0.09062,0.30625,2.0522e+0,1.1800e+11,6.7803e+11
0.09271,0.30625,1.6540e+0,1.3054e+9,6.0934e+11
0.09479,0.30625,1.2155e+0,0.0000e+0,4.8787e+11
0.09688,0.30625,7.4749e-1,0.0000e+0,4.7648e+11
0.09896,0.30625,2.5244e-1,0.0000e+0,2.5912e+11
0.00104,0.31042,7.8963e+0,9.2787e+9,0.0000e+0
0.00313,0.31042,7.8992e+0,3.9150e+10,2.4535e+9
0.00521,0.31042,7.9067e+0,8.9093e+10,2.4561e+11
0.00729,0.31042,7.9069e+0,1.0990e+11,6.4713e+11
0.00937,0.31042,7.8787e+0,1.7331e+11,6.6519e+11
0.01146,0.31042,7.8287e+0,1.7014e+11,3.3025e+11
0.01354,0.31042,7.7779e+0,1.6547e+11,1.6238e+11
0.01563,0.31042,7.7342e+0,2.5009e+11,4.0372e+11
0.01771,0.31042,7.6860e+0,3.0633e+11,3.5900e+11
0.01979,0.31042,7.6421e+0,2.4249e+11,4.6277e+11
0.02187,0.31042,7.5892e+0,2.7936e+11,4.4767e+11
0.02396,0.31042,7.5284e+0,2.9364e+11,2.3092e+11
0.02604,0.31042,7.4739e+0,3.6603e+11,3.9602e+11
0.02813,0.31042,7.4186e+0,3.4331e+11,5.2481e+11
0.03021,0.31042,7.3525e+0,4.2378e+11,6.7634e+11
0.03229,0.31042,7.2739e+0,4.5503e+11,7.2898e+11
0.03438,0.31042,7.1833e+0,4.7649e+11,5.6153e+11
0.03646,0.31042,7.0951e+0,5.2211e+11,6.7822e+11
0.03854,0.31042,7.0047e+0,5.4562e+11,7.5119e+11
0.04063,0.31042,6.9091e+0,4.8788e+11,7.6354e+11
0.04271,0.31042,6.8020e+0,5.3197e+11,7.1606e+11
0.04479,0.31042,6.6883e+0,6.3244e+11,7.9186e+11
0.04688,0.31042,6.5703e+0,6.6178e+11,7.5937e+11
0.04896,0.31042,6.4519e+0,5.9165e+11,7.3100e+11
0.05104,0.31042,6.3293e+0,5.5520e+11,8.1640e+11
0.05312,0.31042,6.1941e+0,5.5511e+11,7.0548e+11
0.05521,0.31042,6.0544e+0,6.6398e+11,8.7924e+11
0.05729,0.31042,5.9062e+0,6.2613e+11,8.9318e+11
0.05937,0.31042,5.7460e+0,6.3594e+11,9.0783e+11
0.06146,0.31042,5.5734e+0,6.7514e+11,8.4805e+11
0.06354,0.31042,5.3944e+0,6.1558e+11,7.4672e+11
0.06563,0.31042,5.2106e+0,6.9619e+11,8.1395e+11
0.06771,0.31042,5.0230e+0,6.8351e+11,8.9586e+11
0.06979,0.31042,4.8253e+0,6.5769e+11,9.2338e+11
0.07187,0.31042,4.6143e+0,6.0716e+11,9.0521e+11
0.07396,0.31042,4.3883e+0,5.2236e+11,8.4434e+11
0.07604,0.31042,4.1448e+0,5.3566e+11,7.4361e+11
0.07813,0.31042,3.8930e+0,5.7624e+11,8.2711e+11
0.08021,0.31042,3.6292e+0,5.3701e+11,8.1935e+11
0.08229,0.31042,3.3510e+0,4.7192e+11,7.3886e+11
0.08438,0.31042,3.0603e+0,4.3961e+11,8.0281e+11
0.08646,0.31042,2.7495e+0,4.3826e+11,8.7209e+11
0.08854,0.31042,2.4144e+0,3.7689e+11,8.0804e+11
0.09062,0.31042,2.0560e+0,1.1719e+11,7.3780e+11
0.09271,0.31042,1.6590e+0,1.2351e+9,6.9036e+11
0.09479,0.31042,1.2180e+0,0.0000e+0,5.1556e+11
0.09688,0.31042,7.4678e-1,0.0000e+0,4.2741e+11
0.09896,0.31042,2.5187e-1,0.0000e+0,2.4152e+11
0.00104,0.31458,7.8526e+0,9.5211e+9,0.0000e+0
0.00313,0.31458,7.8543e+0,3.9407e+10,5.1614e+10
0.00521,0.31458,7.8562e+0,8.3971e+10,4.4112e+11
0.00729,0.31458,7.8352e+0,1.0565e+11,1.6067e+11
0.00937,0.31458,7.8077e+0,1.7035e+11,2.1781e+11
0.01146,0.31458,7.7742e+0,1.5866e+11,3.1086e+11
0.01354,0.31458,7.7329e+0,1.6668e+11,2.6272e+11
0.01563,0.31458,7.6887e+0,2.4727e+11,3.0140e+11
0.01771,0.31458,7.6425e+0,3.0095e+11,2.5763e+11
0.01979,0.31458,7.6012e+0,2.4270e+11,3.3927e+11
0.02187,0.31458,7.5543e+0,2.8584e+11,4.0989e+11
0.02396,0.31458,7.5009e+0,2.9941e+11,3.7838e+11
0.02604,0.31458,7.4462e+0,3.6386e+11,4.7032e+11
0.02813,0.31458,7.3891e+0,3.3303e+11,5.3327e+11
0.03021,0.31458,7.3238e+0,4.0507e+11,6.8769e+11
0.03229,0.31458,7.2474e+0,4.4612e+11,7.9572e+11
0.03438,0.31458,7.1567e+0,4.5899e+11,6.1341e+11
0.03646,0.31458,7.0657e+0,5.2738e+11,6.3039e+11
0.03854,0.31458,6.9751e+0,5.5112e+11,7.2685e+11
0.04063,0.31458,6.8790e+0,4.8571e+11,7.6064e+11
0.04271,0.31458,6.7700e+0,5.4250e+11,7.4938e+11
0.04479,0.31458,6.6530e+0,6.2864e+11,6.8894e+11
0.04688,0.31458,6.5367e+0,6.3790e+11,7.1455e+11
0.04896,0.31458,6.4189e+0,5.8221e+11,7.2720e+11
0.05104,0.31458,6.2934e+0,5.8231e+11,7.2730e+11
0.05312,0.31458,6.1594e+0,5.5938e+11,6.9896e+11
0.05521,0.31458,6.0165e+0,6.4560e+11,7.5595e+11
0.05729,0.31458,5.8676e+0,6.1871e+11,7.7702e+11
0.05937,0.31458,5.7095e+0,6.4947e+11,7.9968e+11
0.06146,0.31458,5.5440e+0,6.7934e+11,8.7407e+11
0.06354,0.31458,5.3704e+0,6.0821e+11,8.7464e+11
0.06563,0.31458,5.1842e+0,6.7111e+11,8.0070e+11
0.06771,0.31458,4.9947e+0,6.6792e+11,8.6761e+11
0.06979,0.31458,4.7963e+0,6.7251e+11,8.8818e+11
0.07187,0.31458,4.5877e+0,6.2308e+11,8.6543e+11
0.07396,0.31458,4.3672e+0,5.3090e+11,9.1224e+11
0.07604,0.31458,4.1252e+0,5.3799e+11,7.1798e+11
0.07813,0.31458,3.8770e+0,5.6315e+11,8.4826e+11
0.08021,0.31458,3.6149e+0,5.3164e+11,8.6368e+11
0.08229,0.31458,3.3347e+0,4.7072e+11,6.6093e+11
0.08438,0.31458,3.0462e+0,4.3472e+11,8.0019e+11
0.08646,0.31458,2.7367e+0,4.3799e+11,8.2082e+11
0.08854,0.31458,2.4054e+0,3.6469e+11,7.3641e+11
0.09062,0.31458,2.0537e+0,1.1427e+11,7.7041e+11
0.09271,0.31458,1.6610e+0,1.0316e+9,7.6593e+11
0.09479,0.31458,1.2199e+0,0.0000e+0,5.3167e+11
0.09688,0.31458,7.4802e-1,0.0000e+0,4.3345e+11
0.09896,0.31458,2.5276e-1,0.0000e+0,2.6756e+11
0.00104,0.31875,7.7990e+0,9.5323e+9,0.0000e+0
0.00313,0.31875,7.7996e+0,4.0992e+10,3.0480e+10
0.00521,0.31875,7.8000e+0,8.9662e+10,8.4701e+10
0.00729,0.31875,7.8002e+0,1.1213e+11,5.8492e+11
0.00937,0.31875,7.7731e+0,1.8344e+11,5.4323e+11
0.01146,0.31875,7.7304e+0,1.6091e+11,1.6076e+11
0.01354,0.31875,7.6953e+0,1.6975e+11,2.8895e+11
0.01563,0.31875,7.6580e+0,2.4736e+11,4.4631e+11
0.01771,0.31875,7.6144e+0,3.0875e+11,4.1890e+11
0.01979,0.31875,7.5705e+0,2.4658e+11,3.5152e+11
0.02187,0.31875,7.5255e+0,2.7123e+11,4.9601e+11
0.02396,0.31875,7.4725e+0,3.0903e+11,5.4236e+11
0.02604,0.31875,7.4124e+0,3.6302e+11,5.4656e+11
0.02813,0.31875,7.3477e+0,3.2245e+11,5.5309e+11
0.03021,0.31875,7.2701e+0,3.8382e+11,4.4803e+11
0.03229,0.31875,7.1898e+0,4.1880e+11,4.9150e+11
0.03438,0.31875,7.1052e+0,4.5333e+11,4.5675e+11
0.03646,0.31875,7.0229e+0,5.1380e+11,6.7782e+11
0.03854,0.31875,6.9326e+0,5.2861e+11,6.8736e+11
0.04063,0.31875,6.8349e+0,4.9209e+11,6.9192e+11
0.04271,0.31875,6.7268e+0,5.3355e+11,6.1058e+11
0.04479,0.31875,6.6179e+0,6.1561e+11,7.4753e+11
0.04688,0.31875,6.5056e+0,6.2048e+11,7.4373e+11
0.04896,0.31875,6.3918e+0,5.6753e+11,8.1389e+11
0.05104,0.31875,6.2674e+0,5.8656e+11,7.4634e+11
0.05312,0.31875,6.1380e+0,5.7095e+11,9.2223e+11
0.05521,0.31875,5.9901e+0,6.4655e+11,7.9376e+11
0.05729,0.31875,5.8377e+0,6.2498e+11,7.8497e+11
0.05937,0.31875,5.6786e+0,6.4653e+11,8.5455e+11
0.06146,0.31875,5.5090e+0,6.7513e+11,7.6105e+11
0.06354,0.31875,5.3364e+0,5.9162e+11,7.7112e+11
0.06563,0.31875,5.1544e+0,6.5316e+11,8.4538e+11
0.06771,0.31875,4.9632e+0,6.7396e+11,8.3607e+11
0.06979,0.31875,4.7646e+0,6.6070e+11,8.3098e+11
0.07187,0.31875,4.5575e+0,6.0312e+11,8.3148e+11
0.07396,0.31875,4.3386e+0,5.4043e+11,8.6181e+11
0.07604,0.31875,4.1004e+0,5.5621e+11,7.4486e+11
0.07813,0.31875,3.8541e+0,5.6081e+11,7.7433e+11
0.08021,0.31875,3.5970e+0,5.2508e+11,8.4381e+11
0.08229,0.31875,3.3206e+0,4.7465e+11,7.2313e+11
0.08438,0.31875,3.0308e+0,4.5282e+11,7.7086e+11
0.08646,0.31875,2.7218e+0,4.1455e+11,7.4489e+11
0.08854,0.31875,2.3930e+0,3.3875e+11,7.0085e+11
0.09062,0.31875,2.0436e+0,1.0839e+11,7.3425e+11
0.09271,0.31875,1.6541e+0,1.0741e+9,7.1725e+11
0.09479,0.31875,1.2180e+0,0.0000e+0,5.6375e+11
0.09688,0.31875,7.4814e-1,0.0000e+0,4.6358e+11
0.09896,0.31875,2.5276e-1,0.0000e+0,2.6402e+11
0.00104,0.32292,7.7436e+0,9.8896e+9,0.0000e+0
0.00313,0.32292,7.7479e+0,4.3565e+10,2.3007e+11
0.00521,0.32292,7.7458e+0,9.2363e+10,2.2775e+11
0.00729,0.32292,7.7413e+0,1.1231e+11,5.0077e+11
0.00937,0.32292,7.7187e+0,1.6551e+11,4.9963e+11
0.01146,0.32292,7.6848e+0,1.6143e+11,3.2571e+11
0.01354,0.32292,7.6512e+0,1.6980e+11,4.0225e+11
0.01563,0.32292,7.6114e+0,2.4311e+11,3.5918e+11
0.01771,0.32292,7.5733e+0,2.8720e+11,4.8942e+11
0.01979,0.32292,7.5305e+0,2.4354e+11,5.1578e+11
0.02187,0.32292,7.4767e+0,2.6426e+11,4.2346e+11
0.02396,0.32292,7.4184e+0,2.8687e+11,3.7029e+11
0.02604,0.32292,7.3598e+0,3.4858e+11,3.8407e+11
0.02813,0.32292,7.3060e+0,3.1771e+11,7.5305e+11
0.03021,0.32292,7.2292e+0,3.8716e+11,5.7856e+11
0.03229,0.32292,7.1481e+0,4.1924e+11,5.7999e+11
0.03438,0.32292,7.0635e+0,4.5603e+11,5.3046e+11
0.03646,0.32292,6.9802e+0,4.9765e+11,6.7674e+11
0.03854,0.32292,6.8902e+0,4.9034e+11,7.1065e+11
0.04063,0.32292,6.7913e+0,4.7487e+11,6.9451e+11
0.04271,0.32292,6.6832e+0,5.2738e+11,6.3215e+11
0.04479,0.32292,6.5758e+0,5.9650e+11,7.9677e+11
0.04688,0.32292,6.4619e+0,5.8843e+11,6.5152e+11
0.04896,0.32292,6.3502e+0,5.5891e+11,7.2127e+11
0.05104,0.32292,6.2315e+0,5.8428e+11,8.0392e+11
0.05312,0.32292,6.1025e+0,5.5026e+11,8.5784e+11
0.05521,0.32292,5.9577e+0,6.0965e+11,7.9914e+11
0.05729,0.32292,5.8074e+0,6.1143e+11,8.5488e+11
0.05937,0.32292,5.6474e+0,6.6661e+11,8.5121e+11
0.06146,0.32292,5.4823e+0,6.5371e+11,9.1971e+11
0.06354,0.32292,5.3065e+0,5.8198e+11,7.7204e+11
0.06563,0.32292,5.1247e+0,6.5154e+11,8.6127e+11
0.06771,0.32292,4.9344e+0,6.5022e+11,8.3923e+11
0.06979,0.32292,4.7372e+0,6.5567e+11,9.0844e+11
0.07187,0.32292,4.5279e+0,6.2149e+11,7.8469e+11
0.07396,0.32292,4.3118e+0,5.2733e+11,8.5939e+11
0.07604,0.32292,4.0754e+0,5.5475e+11,6.8212e+11
0.07813,0.32292,3.8344e+0,5.4883e+11,7.5767e+11
0.08021,0.32292,3.5834e+0,4.8332e+11,8.5470e+11
0.08229,0.32292,3.3112e+0,4.8283e+11,8.0709e+11
0.08438,0.32292,3.0216e+0,4.4486e+11,7.9201e+11
0.08646,0.32292,2.7126e+0,4.2672e+11,8.2515e+11
0.08854,0.32292,2.3815e+0,3.4147e+11,6.9937e+11
0.09062,0.32292,2.0315e+0,1.1189e+11,6.9686e+11
0.09271,0.32292,1.6453e+0,1.1424e+9,7.0480e+11
0.09479,0.32292,1.2142e+0,0.0000e+0,6.1109e+11
0.09688,0.32292,7.4614e-1,0.0000e+0,4.6491e+11
0.09896,0.32292,2.5244e-1,0.0000e+0,2.7692e+11
0.00104,0.32708,7.6571e+0,9.8295e+9,0.0000e+0
0.00313,0.32708,7.6602e+0,4.7835e+10,8.3282e+10
0.00521,0.32708,7.6640e+0,8.0167e+10,4.7100e+11
0.00729,0.32708,7.6481e+0,9.0596e+10,2.2244e+11
0.00937,0.32708,7.6296e+0,1.3008e+11,2.2509e+11
0.01146,0.32708,7.6107e+0,1.6215e+11,4.1502e+11
0.01354,0.32708,7.5817e+0,1.6790e+11,4.2241e+11
0.01563,0.32708,7.5423e+0,2.2436e+11,2.7950e+11
0.01771,0.32708,7.5066e+0,2.8966e+11,4.1483e+11
0.01979,0.32708,7.4690e+0,2.3910e+11,5.3206e+11
0.02187,0.32708,7.4172e+0,2.5478e+11,4.6029e+11
0.02396,0.32708,7.3598e+0,2.8546e+11,5.2537e+11
0.02604,0.32708,7.2950e+0,3.5943e+11,3.5595e+11
0.02813,0.32708,7.2388e+0,3.0769e+11,6.1930e+11
0.03021,0.32708,7.1674e+0,3.8941e+11,5.9135e+11
0.03229,0.32708,7.0909e+0,4.2054e+11,5.7846e+11
0.03438,0.32708,7.0132e+0,4.4419e+11,6.7766e+11
0.03646,0.32708,6.9286e+0,4.8271e+11,7.4874e+11
0.03854,0.32708,6.8341e+0,4.8126e+11,6.4633e+11
0.04063,0.32708,6.7363e+0,4.8864e+11,7.8667e+11
0.04271,0.32708,6.6256e+0,5.1680e+11,5.8630e+11
0.04479,0.32708,6.5170e+0,5.8464e+11,6.4665e+11
0.04688,0.32708,6.4098e+0,5.7589e+11,6.3076e+11
0.04896,0.32708,6.3050e+0,5.6122e+11,8.1445e+11
0.05104,0.32708,6.1883e+0,5.7253e+11,8.9906e+11
0.05312,0.32708,6.0547e+0,5.5669e+11,7.8585e+11
0.05521,0.32708,5.9105e+0,6.1053e+11,7.4858e+11
0.05729,0.32708,5.7617e+0,5.8478e+11,8.1198e+11
0.05937,0.32708,5.6015e+0,6.6875e+11,7.7965e+11
0.06146,0.32708,5.4375e+0,6.5315e+11,8.3810e+11
0.06354,0.32708,5.2649e+0,5.8475e+11,7.4665e+11
0.06563,0.32708,5.0865e+0,6.5934e+11,8.8495e+11
0.06771,0.32708,4.8978e+0,6.3031e+11,8.0326e+11
0.06979,0.32708,4.7030e+0,6.2455e+11,8.3226e+11
0.07187,0.32708,4.4992e+0,6.0848e+11,8.2111e+11
0.07396,0.32708,4.2869e+0,4.8551e+11,8.5372e+11
0.07604,0.32708,4.0550e+0,5.2836e+11,7.4806e+11
0.07813,0.32708,3.8152e+0,5.4054e+11,7.8273e+11
0.08021,0.32708,3.5653e+0,4.6724e+11,8.0467e+11
0.08229,0.32708,3.2981e+0,4.5280e+11,8.4392e+11
0.08438,0.32708,3.0107e+0,4.3401e+11,8.9792e+11
0.08646,0.32708,2.6976e+0,4.4110e+11,7.9894e+11
0.08854,0.32708,2.3649e+0,3.3633e+11,6.4976e+11
0.09062,0.32708,2.0148e+0,1.0649e+11,6.2520e+11
0.09271,0.32708,1.6315e+0,1.1959e+9,6.5306e+11
0.09479,0.32708,1.2059e+0,0.0000e+0,6.1934e+11
0.09688,0.32708,7.4198e-1,0.0000e+0,4.7286e+11
0.09896,0.32708,2.5185e-1,0.0000e+0,3.1052e+11
0.00104,0.33125,7.5494e+0,1.0424e+10,0.0000e+0
0.00313,0.33125,7.5488e+0,5.4057e+10,1.6041e+10
0.00521,0.33125,7.5482e+0,8.8297e+10,9.8462e+10
0.00729,0.33125,7.5437e+0,9.4073e+10,2.5306e+11
0.00937,0.33125,7.5284e+0,1.3410e+11,1.2868e+11
0.01146,0.33125,7.5153e+0,1.6005e+11,2.8494e+11
0.01354,0.33125,7.4949e+0,1.6780e+11,4.1058e+11
0.01563,0.33125,7.4609e+0,2.2294e+11,3.3749e+11
0.01771,0.33125,7.4260e+0,2.9442e+11,4.1905e+11
0.01979,0.33125,7.3904e+0,2.3652e+11,6.0521e+11
0.02187,0.33125,7.3367e+0,2.6566e+11,4.7589e+11
0.02396,0.33125,7.2768e+0,2.9399e+11,4.2601e+11
0.02604,0.33125,7.2160e+0,3.5238e+11,4.9278e+11
0.02813,0.33125,7.1534e+0,3.0179e+11,5.0275e+11
0.03021,0.33125,7.0828e+0,3.6083e+11,5.0142e+11
0.03229,0.33125,7.0088e+0,4.0239e+11,4.7463e+11
0.03438,0.33125,6.9368e+0,4.3477e+11,6.8913e+11
0.03646,0.33125,6.8535e+0,4.8393e+11,7.4388e+11
0.03854,0.33125,6.7603e+0,4.7240e+11,6.9529e+11
0.04063,0.33125,6.6609e+0,4.7433e+11,6.3192e+11
0.04271,0.33125,6.5586e+0,5.1134e+11,6.8244e+11
0.04479,0.33125,6.4537e+0,5.6729e+11,6.8545e+11
0.04688,0.33125,6.3494e+0,5.7545e+11,6.5804e+11
0.04896,0.33125,6.2468e+0,5.6777e+11,8.7319e+11
0.05104,0.33125,6.1302e+0,5.7199e+11,8.8391e+11
0.05312,0.33125,5.9992e+0,5.5571e+11,7.7343e+11
0.05521,0.33125,5.8605e+0,5.9634e+11,8.3756e+11
0.05729,0.33125,5.7131e+0,5.8218e+11,7.9883e+11
0.05937,0.33125,5.5583e+0,6.5503e+11,9.1694e+11
0.06146,0.33125,5.3925e+0,6.5494e+11,8.6391e+11
0.06354,0.33125,5.2183e+0,5.8283e+11,7.0159e+11
0.06563,0.33125,5.0417e+0,6.3354e+11,8.6012e+11
0.06771,0.33125,4.8551e+0,6.1914e+11,7.9619e+11
0.06979,0.33125,4.6628e+0,6.1015e+11,8.2050e+11
0.07187,0.33125,4.4623e+0,5.8660e+11,8.4720e+11
0.07396,0.33125,4.2497e+0,4.8760e+11,7.6880e+11
0.07604,0.33125,4.0235e+0,5.0986e+11,7.5699e+11
0.07813,0.33125,3.7859e+0,5.3386e+11,7.6971e+11
0.08021,0.33125,3.5372e+0,4.6943e+11,7.8753e+11
0.08229,0.33125,3.2716e+0,4.4570e+11,8.0280e+11
0.08438,0.33125,2.9861e+0,4.3403e+11,8.0646e+11
0.08646,0.33125,2.6795e+0,4.2599e+11,8.1209e+11
0.08854,0.33125,2.3514e+0,3.0664e+11,7.0114e+11
0.09062,0.33125,2.0016e+0,1.0046e+11,6.4590e+11
0.09271,0.33125,1.6184e+0,9.5976e+8,6.3016e+11
0.09479,0.33125,1.1954e+0,0.0000e+0,5.9605e+11
0.09688,0.33125,7.3517e-1,0.0000e+0,4.4656e+11
0.09896,0.33125,2.4983e-1,0.0000e+0,3.1642e+11
0.00104,0.33542,7.4494e+0,9.8851e+9,0.0000e+0
0.00313,0.33542,7.4511e+0,4.4866e+10,1.3206e+11
0.00521,0.33542,7.4488e+0,8.9476e+10,1.5604e+11
0.00729,0.33542,7.4440e+0,9.7336e+10,2.2009e+11
0.00937,0.33542,7.4326e+0,1.4358e+11,1.7778e+11
0.01146,0.33542,7.4224e+0,1.6463e+11,3.5327e+11
0.01354,0.33542,7.4028e+0,1.6098e+11,4.9588e+11
0.01563,0.33542,7.3657e+0,2.3113e+11,3.7752e+11
0.01771,0.33542,7.3253e+0,2.9067e+11,3.3638e+11
0.01979,0.33542,7.2874e+0,2.3887e+11,4.6842e+11
0.02187,0.33542,7.2369e+0,2.5526e+11,4.7336e+11
0.02396,0.33542,7.1763e+0,2.8898e+11,2.8566e+11
0.02604,0.33542,7.1202e+0,3.3332e+11,4.8813e+11
0.02813,0.33542,7.0571e+0,3.0104e+11,4.5789e+11
0.03021,0.33542,6.9870e+0,3.5018e+11,4.4840e+11
0.03229,0.33542,6.9150e+0,3.8333e+11,4.4899e+11
0.03438,0.33542,6.8446e+0,4.1416e+11,7.3809e+11
0.03646,0.33542,6.7565e+0,5.0089e+11,6.7768e+11
0.03854,0.33542,6.6622e+0,4.7005e+11,5.6877e+11
0.04063,0.33542,6.5682e+0,4.7156e+11,6.6927e+11
0.04271,0.33542,6.4684e+0,5.0404e+11,5.8032e+11
0.04479,0.33542,6.3706e+0,5.5785e+11,6.2388e+11
0.04688,0.33542,6.2746e+0,5.7591e+11,8.1642e+11
0.04896,0.33542,6.1669e+0,5.6113e+11,7.2624e+11
0.05104,0.33542,6.0526e+0,5.5640e+11,8.0947e+11
0.05312,0.33542,5.9268e+0,5.3680e+11,7.9939e+11
0.05521,0.33542,5.7910e+0,5.7716e+11,8.0386e+11
0.05729,0.33542,5.6481e+0,5.5176e+11,7.5519e+11
0.05937,0.33542,5.4992e+0,6.3292e+11,9.3088e+11
0.06146,0.33542,5.3383e+0,6.4167e+11,9.3966e+11
0.06354,0.33542,5.1670e+0,5.7177e+11,8.1839e+11
0.06563,0.33542,4.9890e+0,6.0975e+11,8.6818e+11
0.06771,0.33542,4.8027e+0,5.9433e+11,7.6046e+11
0.06979,0.33542,4.6132e+0,5.6863e+11,7.9646e+11
0.07187,0.33542,4.4156e+0,5.4923e+11,8.6006e+11
0.07396,0.33542,4.2037e+0,4.7282e+11,6.7323e+11
0.07604,0.33542,3.9849e+0,4.9395e+11,8.1336e+11
0.07813,0.33542,3.7524e+0,5.0811e+11,8.7046e+11
0.08021,0.33542,3.5042e+0,4.6975e+11,8.2586e+11
0.08229,0.33542,3.2400e+0,4.4185e+11,8.0040e+11
0.08438,0.33542,2.9581e+0,4.3513e+11,7.9661e+11
0.08646,0.33542,2.6571e+0,4.2250e+11,8.3903e+11
0.08854,0.33542,2.3328e+0,3.1036e+11,7.3811e+11
0.09062,0.33542,1.9842e+0,9.5910e+10,6.1754e+11
0.09271,0.33542,1.6034e+0,8.9929e+8,6.0936e+11
0.09479,0.33542,1.1850e+0,0.0000e+0,6.2562e+11
0.09688,0.33542,7.2928e-1,0.0000e+0,4.8045e+11
0.09896,0.33542,2.4720e-1,0.0000e+0,2.9053e+11
0.00104,0.33958,7.3385e+0,1.0563e+10,0.0000e+0
0.00313,0.33958,7.3432e+0,4.2789e+10,1.9422e+11
0.00521,0.33958,7.3437e+0,8.7629e+10,2.3161e+11
0.00729,0.33958,7.3417e+0,9.6792e+10,3.3067e+11
0.00937,0.33958,7.3312e+0,1.3972e+11,3.1724e+11
0.01146,0.33958,7.3183e+0,1.6309e+11,4.8298e+11
0.01354,0.33958,7.2927e+0,1.5202e+11,4.1023e+11
0.01563,0.33958,7.2585e+0,2.1071e+11,4.2754e+11
0.01771,0.33958,7.2190e+0,2.6066e+11,3.8237e+11
0.01979,0.33958,7.1807e+0,2.2201e+11,4.9888e+11
0.02187,0.33958,7.1307e+0,2.3403e+11,3.6149e+11
0.02396,0.33958,7.0789e+0,2.6941e+11,4.3299e+11
0.02604,0.33958,7.0229e+0,3.2553e+11,5.5578e+11
0.02813,0.33958,6.9591e+0,2.9586e+11,5.1292e+11
0.03021,0.33958,6.8879e+0,3.3722e+11,5.0431e+11
0.03229,0.33958,6.8123e+0,3.8848e+11,4.3333e+11
0.03438,0.33958,6.7406e+0,3.9758e+11,7.7410e+11
0.03646,0.33958,6.6496e+0,4.8194e+11,6.8646e+11
0.03854,0.33958,6.5525e+0,4.5662e+11,5.4528e+11
0.04063,0.33958,6.4564e+0,4.5878e+11,4.7516e+11
0.04271,0.33958,6.3656e+0,5.0243e+11,5.6435e+11
0.04479,0.33958,6.2775e+0,5.4114e+11,6.6359e+11
0.04688,0.33958,6.1891e+0,5.6218e+11,9.8027e+11
0.04896,0.33958,6.0807e+0,5.4463e+11,8.5583e+11
0.05104,0.33958,5.9607e+0,5.1488e+11,7.5520e+11
0.05312,0.33958,5.8329e+0,5.1549e+11,7.0451e+11
0.05521,0.33958,5.6997e+0,5.4714e+11,6.9552e+11
0.05729,0.33958,5.5642e+0,5.0246e+11,8.0716e+11
0.05937,0.33958,5.4160e+0,5.9080e+11,8.9388e+11
0.06146,0.33958,5.2551e+0,6.2093e+11,8.3573e+11
0.06354,0.33958,5.0879e+0,5.7071e+11,8.2234e+11
0.06563,0.33958,4.9115e+0,6.0570e+11,7.4683e+11
0.06771,0.33958,4.7335e+0,5.7608e+11,8.0695e+11
0.06979,0.33958,4.5476e+0,5.4856e+11,7.9293e+11
0.07187,0.33958,4.3526e+0,5.2930e+11,7.9886e+11
0.07396,0.33958,4.1462e+0,4.6409e+11,7.7477e+11
0.07604,0.33958,3.9258e+0,4.7585e+11,7.3461e+11
0.07813,0.33958,3.6936e+0,4.9930e+11,7.3844e+11
0.08021,0.33958,3.4500e+0,4.7361e+11,7.3580e+11
0.08229,0.33958,3.1940e+0,4.4208e+11,7.6807e+11
0.08438,0.33958,2.9217e+0,4.3980e+11,8.6644e+11
0.08646,0.33958,2.6272e+0,4.2578e+11,8.8436e+11
0.08854,0.33958,2.3087e+0,3.2127e+11,7.9117e+11
0.09062,0.33958,1.9651e+0,9.7592e+10,7.3316e+11
0.09271,0.33958,1.5836e+0,9.1134e+8,5.9687e+11
0.09479,0.33958,1.1662e+0,0.0000e+0,5.1914e+11
0.09688,0.33958,7.1811e-1,0.0000e+0,4.7250e+11
0.09896,0.33958,2.4363e-1,0.0000e+0,2.9448e+11
0.00104,0.34375,7.1934e+0,1.0779e+10,0.0000e+0
0.00313,0.34375,7.1970e+0,4.3939e+10,1.3327e+10
0.00521,0.34375,7.2052e+0,7.8631e+10,2.3528e+11
0.00729,0.34375,7.2066e+0,7.9322e+10,3.5566e+11
0.00937,0.34375,7.1945e+0,1.2906e+11,2.7470e+11
0.01146,0.34375,7.1780e+0,1.5254e+11,3.0529e+11
0.01354,0.34375,7.1545e+0,1.4283e+11,2.7704e+11
0.01563,0.34375,7.1242e+0,2.1495e+11,3.5857e+11
0.01771,0.34375,7.0877e+0,2.5406e+11,3.3659e+11
0.01979,0.34375,7.0522e+0,2.1579e+11,3.8573e+11
0.02187,0.34375,7.0116e+0,2.3127e+11,4.4522e+11
0.02396,0.34375,6.9652e+0,2.5724e+11,6.2752e+11
0.02604,0.34375,6.9040e+0,3.1316e+11,4.7844e+11
0.02813,0.34375,6.8421e+0,2.8506e+11,5.1402e+11
0.03021,0.34375,6.7742e+0,3.1692e+11,5.7506e+11
0.03229,0.34375,6.6987e+0,3.7885e+11,6.3665e+11
0.03438,0.34375,6.6157e+0,4.0118e+11,6.4221e+11
0.03646,0.34375,6.5239e+0,4.4970e+11,5.6859e+11
0.03854,0.34375,6.4317e+0,4.3439e+11,5.7016e+11
0.04063,0.34375,6.3376e+0,4.4607e+11,4.6198e+11
0.04271,0.34375,6.2500e+0,4.8091e+11,5.7316e+11
0.04479,0.34375,6.1636e+0,5.2703e+11,7.5213e+11
0.04688,0.34375,6.0700e+0,5.4536e+11,8.5852e+11
0.04896,0.34375,5.9623e+0,5.1751e+11,7.7328e+11
0.05104,0.34375,5.8451e+0,5.0363e+11,7.1964e+11
0.05312,0.34375,5.7211e+0,4.9748e+11,6.8674e+11
0.05521,0.34375,5.5915e+0,5.2482e+11,7.1446e+11
0.05729,0.34375,5.4564e+0,4.9996e+11,7.7378e+11
0.05937,0.34375,5.3095e+0,5.6298e+11,8.2796e+11
0.06146,0.34375,5.1520e+0,5.9194e+11,7.8120e+11
0.06354,0.34375,4.9891e+0,5.3264e+11,7.4021e+11
0.06563,0.34375,4.8186e+0,5.6433e+11,6.9543e+11
0.06771,0.34375,4.6459e+0,5.5404e+11,7.7137e+11
0.06979,0.34375,4.4649e+0,5.4990e+11,8.0220e+11
0.07187,0.34375,4.2730e+0,5.1145e+11,7.3998e+11
0.07396,0.34375,4.0716e+0,4.6565e+11,7.4514e+11
0.07604,0.34375,3.8576e+0,4.5775e+11,7.5346e+11
0.07813,0.34375,3.6304e+0,4.7034e+11,7.8955e+11
0.08021,0.34375,3.3889e+0,4.5131e+11,7.0117e+11
0.08229,0.34375,3.1376e+0,4.1970e+11,7.7168e+11
0.08438,0.34375,2.8685e+0,4.2203e+11,7.9589e+11
0.08646,0.34375,2.5785e+0,4.3183e+11,7.8522e+11
0.08854,0.34375,2.2686e+0,3.1792e+11,7.8388e+11
0.09062,0.34375,1.9311e+0,9.2665e+10,6.9049e+11
0.09271,0.34375,1.5561e+0,9.1943e+8,5.9055e+11
0.09479,0.34375,1.1447e+0,0.0000e+0,5.0098e+11
0.09688,0.34375,7.0391e-1,0.0000e+0,4.3311e+11
0.09896,0.34375,2.3919e-1,0.0000e+0,3.0483e+11
0.00104,0.34792,7.0224e+0,1.2964e+10,0.0000e+0
0.00313,0.34792,7.0269e+0,5.2199e+10,2.3876e+10
0.00521,0.34792,7.0367e+0,9.1682e+10,1.6358e+11
0.00729,0.34792,7.0446e+0,8.1823e+10,2.8344e+11
0.00937,0.34792,7.0426e+0,1.2606e+11,3.3116e+11
0.01146,0.34792,7.0324e+0,1.4145e+11,3.1381e+11
0.01354,0.34792,7.0178e+0,1.4178e+11,5.4144e+11
0.01563,0.34792,6.9871e+0,2.0721e+11,5.8720e+11
0.01771,0.34792,6.9433e+0,2.5918e+11,3.2475e+11
0.01979,0.34792,6.9073e+0,2.0930e+11,4.6234e+11
0.02187,0.34792,6.8646e+0,2.1832e+11,5.0229e+11
0.02396,0.34792,6.8130e+0,2.5315e+11,4.6749e+11
0.02604,0.34792,6.7562e+0,2.9696e+11,5.1577e+11
0.02813,0.34792,6.6960e+0,2.8337e+11,5.3781e+11
0.03021,0.34792,6.6298e+0,3.1008e+11,6.1272e+11
0.03229,0.34792,6.5547e+0,3.5120e+11,6.3444e+11
0.03438,0.34792,6.4717e+0,3.8430e+11,6.0918e+11
0.03646,0.34792,6.3835e+0,4.1796e+11,5.6043e+11
0.03854,0.34792,6.2957e+0,4.0539e+11,5.6500e+11
0.04063,0.34792,6.2066e+0,4.2375e+11,5.7812e+11
0.04271,0.34792,6.1175e+0,4.5433e+11,6.4915e+11
0.04479,0.34792,6.0242e+0,5.0747e+11,6.7857e+11
0.04688,0.34792,5.9269e+0,5.3242e+11,7.7878e+11
0.04896,0.34792,5.8206e+0,4.7765e+11,6.9251e+11
0.05104,0.34792,5.7085e+0,4.5723e+11,6.4530e+11
0.05312,0.34792,5.5923e+0,4.6977e+11,7.3784e+11
0.05521,0.34792,5.4657e+0,5.2114e+11,7.7225e+11
0.05729,0.34792,5.3300e+0,4.7829e+11,7.4426e+11
0.05937,0.34792,5.1840e+0,5.4298e+11,7.3621e+11
0.06146,0.34792,5.0326e+0,5.8530e+11,7.6726e+11
0.06354,0.34792,4.8770e+0,5.1525e+11,7.2795e+11
0.06563,0.34792,4.7156e+0,5.3860e+11,8.1660e+11
0.06771,0.34792,4.5448e+0,5.1942e+11,7.3448e+11
0.06979,0.34792,4.3686e+0,5.1586e+11,7.9056e+11
0.07187,0.34792,4.1825e+0,4.8920e+11,8.1530e+11
0.07396,0.34792,3.9828e+0,4.5657e+11,7.2599e+11
0.07604,0.34792,3.7733e+0,4.5933e+11,7.8340e+11
0.07813,0.34792,3.5492e+0,4.5821e+11,7.2786e+11
0.08021,0.34792,3.3142e+0,4.1413e+11,6.8545e+11
0.08229,0.34792,3.0682e+0,3.9925e+11,6.8731e+11
0.08438,0.34792,2.8090e+0,4.1319e+11,8.2736e+11
0.08646,0.34792,2.5270e+0,3.9450e+11,7.9206e+11
0.08854,0.34792,2.2233e+0,2.9587e+11,7.6783e+11
0.09062,0.34792,1.8923e+0,8.5759e+10,6.8713e+11
0.09271,0.34792,1.5242e+0,9.4536e+8,5.7587e+11
0.09479,0.34792,1.1210e+0,0.0000e+0,5.0930e+11
0.09688,0.34792,6.8829e-1,0.0000e+0,4.1668e+11
0.09896,0.34792,2.3333e-1,0.0000e+0,2.7461e+11
0.00104,0.35208,6.8196e+0,1.8766e+10,0.0000e+0
0.00313,0.35208,6.8253e+0,6.2573e+10,5.3221e+8
0.00521,0.35208,6.8394e+0,9.3414e+10,1.4433e+11
0.00729,0.35208,6.8551e+0,8.6550e+10,2.9269e+11
0.00937,0.35208,6.8648e+0,1.2019e+11,5.1069e+11
0.01146,0.35208,6.8592e+0,1.3706e+11,6.5101e+11
0.01354,0.35208,6.8338e+0,1.2917e+11,4.5318e+11
0.01563,0.35208,6.8028e+0,1.8641e+11,4.8672e+11
0.01771,0.35208,6.7661e+0,2.4056e+11,4.9952e+11
0.01979,0.35208,6.7262e+0,2.0358e+11,4.5724e+11
0.02187,0.35208,6.6824e+0,2.0295e+11,4.5803e+11
0.02396,0.35208,6.6327e+0,2.4031e+11,5.6430e+11
0.02604,0.35208,6.5719e+0,2.8293e+11,4.3120e+11
0.02813,0.35208,6.5126e+0,2.7309e+11,5.2905e+11
0.03021,0.35208,6.4454e+0,3.0048e+11,5.0719e+11
0.03229,0.35208,6.3737e+0,3.4060e+11,5.5472e+11
0.03438,0.35208,6.2981e+0,3.5278e+11,6.0309e+11
0.03646,0.35208,6.2171e+0,3.6955e+11,5.9030e+11
0.03854,0.35208,6.1340e+0,3.7815e+11,6.4387e+11
0.04063,0.35208,6.0458e+0,4.1322e+11,5.9013e+11
0.04271,0.35208,5.9582e+0,4.4796e+11,6.9019e+11
0.04479,0.35208,5.8649e+0,4.8838e+11,7.9264e+11
0.04688,0.35208,5.7603e+0,4.9934e+11,6.8457e+11
0.04896,0.35208,5.6531e+0,4.6750e+11,5.7590e+11
0.05104,0.35208,5.5483e+0,4.3828e+11,6.3007e+11
0.05312,0.35208,5.4395e+0,4.5981e+11,8.0095e+11
0.05521,0.35208,5.3175e+0,4.8341e+11,8.5111e+11
0.05729,0.35208,5.1813e+0,4.4529e+11,6.7236e+11
0.05937,0.35208,5.0407e+0,5.1665e+11,7.7184e+11
0.06146,0.35208,4.8936e+0,5.5586e+11,7.6005e+11
0.06354,0.35208,4.7421e+0,4.7946e+11,6.9092e+11
0.06563,0.35208,4.5839e+0,5.2447e+11,7.1375e+11
0.06771,0.35208,4.4191e+0,4.9431e+11,7.0771e+11
0.06979,0.35208,4.2468e+0,4.8256e+11,7.1331e+11
0.07187,0.35208,4.0668e+0,4.6135e+11,7.9437e+11
0.07396,0.35208,3.8715e+0,4.3272e+11,6.5685e+11
0.07604,0.35208,3.6693e+0,4.3703e+11,7.8654e+11
0.07813,0.35208,3.4515e+0,4.3468e+11,7.1414e+11
0.08021,0.35208,3.2233e+0,4.0413e+11,6.4882e+11
0.08229,0.35208,2.9868e+0,3.8152e+11,6.8521e+11
0.08438,0.35208,2.7372e+0,3.7155e+11,7.8394e+11
0.08646,0.35208,2.4657e+0,3.7377e+11,8.4713e+11
0.08854,0.35208,2.1685e+0,2.8816e+11,7.6895e+11
0.09062,0.35208,1.8451e+0,8.6521e+10,6.6667e+11
0.09271,0.35208,1.4872e+0,9.9616e+8,6.2448e+11
0.09479,0.35208,1.0915e+0,0.0000e+0,4.6916e+11
0.09688,0.35208,6.6920e-1,0.0000e+0,3.8056e+11
0.09896,0.35208,2.2673e-1,0.0000e+0,2.6070e+11
0.00104,0.35625,6.5769e+0,1.0976e+10,0.0000e+0
0.00313,0.35625,6.5829e+0,4.1778e+10,8.8091e+9
0.00521,0.35625,6.5962e+0,6.0661e+10,1.1895e+11
0.00729,0.35625,6.6105e+0,7.0402e+10,2.0345e+11
0.00937,0.35625,6.6235e+0,1.1117e+11,5.8014e+11
0.01146,0.35625,6.6148e+0,1.2433e+11,5.7169e+11
0.01354,0.35625,6.5878e+0,1.2247e+11,2.6220e+11
0.01563,0.35625,6.5651e+0,1.8756e+11,4.3765e+11
0.01771,0.35625,6.5385e+0,2.4220e+11,6.6481e+11
0.01979,0.35625,6.4984e+0,1.9958e+11,3.8703e+11
0.02187,0.35625,6.4617e+0,1.9520e+11,5.7844e+11
0.02396,0.35625,6.4146e+0,2.2747e+11,6.4543e+11
0.02604,0.35625,6.3539e+0,2.6902e+11,3.9218e+11
0.02813,0.35625,6.2990e+0,2.6067e+11,5.8858e+11
0.03021,0.35625,6.2336e+0,2.8733e+11,5.8329e+11
0.03229,0.35625,6.1600e+0,3.3579e+11,5.2294e+11
0.03438,0.35625,6.0867e+0,3.2386e+11,5.8316e+11
0.03646,0.35625,6.0083e+0,3.4992e+11,5.6794e+11
0.03854,0.35625,5.9277e+0,3.6476e+11,5.7621e+11
0.04063,0.35625,5.8446e+0,3.8776e+11,5.4821e+11
0.04271,0.35625,5.7635e+0,4.1541e+11,7.3225e+11
0.04479,0.35625,5.6735e+0,4.4784e+11,8.9417e+11
0.04688,0.35625,5.5652e+0,4.4835e+11,5.9379e+11
0.04896,0.35625,5.4595e+0,4.4982e+11,5.0796e+11
0.05104,0.35625,5.3615e+0,4.0785e+11,7.3623e+11
0.05312,0.35625,5.2508e+0,4.2484e+11,7.3013e+11
0.05521,0.35625,5.1295e+0,4.6875e+11,7.5110e+11
0.05729,0.35625,4.9993e+0,4.2225e+11,6.6209e+11
0.05937,0.35625,4.8636e+0,4.8683e+11,6.3955e+11
0.06146,0.35625,4.7283e+0,5.1103e+11,7.5094e+11
0.06354,0.35625,4.5875e+0,4.6126e+11,7.2487e+11
0.06563,0.35625,4.4399e+0,4.8019e+11,8.6904e+11
0.06771,0.35625,4.2770e+0,4.6330e+11,7.7116e+11
0.06979,0.35625,4.1049e+0,4.6704e+11,6.9247e+11
0.07187,0.35625,3.9290e+0,4.2773e+11,7.7468e+11
0.07396,0.35625,3.7399e+0,3.8611e+11,6.8478e+11
0.07604,0.35625,3.5407e+0,4.1106e+11,6.9787e+11
0.07813,0.35625,3.3312e+0,3.9783e+11,6.4756e+11
0.08021,0.35625,3.1131e+0,3.9156e+11,6.2449e+11
0.08229,0.35625,2.8868e+0,3.7249e+11,6.3892e+11
0.08438,0.35625,2.6494e+0,3.4268e+11,8.2164e+11
0.08646,0.35625,2.3857e+0,3.4158e+11,8.1081e+11
0.08854,0.35625,2.0967e+0,2.6190e+11,6.8486e+11
0.09062,0.35625,1.7852e+0,7.9052e+10,6.6430e+11
0.09271,0.35625,1.4390e+0,1.1482e+9,6.0156e+11
0.09479,0.35625,1.0571e+0,0.0000e+0,4.9323e+11
0.09688,0.35625,6.4845e-1,0.0000e+0,3.9640e+11
0.09896,0.35625,2.1994e-1,0.0000e+0,2.7155e+11
0.00104,0.36042,6.2896e+0,5.9921e+9,0.0000e+0
0.00313,0.36042,6.2963e+0,4.1342e+10,6.1248e+10
0.00521,0.36042,6.3084e+0,5.7964e+10,2.7153e+11
0.00729,0.36042,6.3134e+0,6.7362e+10,1.6284e+11
0.00937,0.36042,6.3198e+0,1.0137e+11,3.3781e+11
0.01146,0.36042,6.3163e+0,1.1323e+11,4.9134e+11
0.01354,0.36042,6.2959e+0,1.0991e+11,2.7505e+11
0.01563,0.36042,6.2777e+0,1.6612e+11,5.2314e+11
0.01771,0.36042,6.2482e+0,2.2259e+11,4.9051e+11
0.01979,0.36042,6.2138e+0,1.9391e+11,4.1358e+11
0.02187,0.36042,6.1785e+0,1.8401e+11,4.5449e+11
0.02396,0.36042,6.1377e+0,2.1707e+11,4.6285e+11
0.02604,0.36042,6.0931e+0,2.4882e+11,5.5964e+11
0.02813,0.36042,6.0419e+0,2.4347e+11,6.0624e+11
0.03021,0.36042,5.9808e+0,2.6739e+11,6.9881e+11
0.03229,0.36042,5.9055e+0,3.1764e+11,5.3286e+11
0.03438,0.36042,5.8323e+0,3.0073e+11,5.2006e+11
0.03646,0.36042,5.7586e+0,3.3660e+11,5.6165e+11
0.03854,0.36042,5.6823e+0,3.3868e+11,5.8603e+11
0.04063,0.36042,5.6020e+0,3.5615e+11,5.6159e+11
0.04271,0.36042,5.5214e+0,3.7687e+11,6.6768e+11
0.04479,0.36042,5.4339e+0,3.9234e+11,7.6666e+11
0.04688,0.36042,5.3328e+0,3.9714e+11,5.3977e+11
0.04896,0.36042,5.2346e+0,4.2029e+11,5.7753e+11
0.05104,0.36042,5.1388e+0,3.7681e+11,7.8842e+11
0.05312,0.36042,5.0270e+0,3.9652e+11,6.9370e+11
0.05521,0.36042,4.9071e+0,4.3074e+11,6.4968e+11
0.05729,0.36042,4.7838e+0,3.9563e+11,6.4089e+11
0.05937,0.36042,4.6556e+0,4.5296e+11,6.1320e+11
0.06146,0.36042,4.5284e+0,4.7019e+11,7.0676e+11
0.06354,0.36042,4.3960e+0,4.3028e+11,7.4021e+11
0.06563,0.36042,4.2547e+0,4.1800e+11,8.5409e+11
0.06771,0.36042,4.0960e+0,4.2305e+11,7.4382e+11
0.06979,0.36042,3.9277e+0,4.1073e+11,6.2656e+11
0.07187,0.36042,3.7562e+0,4.0272e+11,6.6134e+11
0.07396,0.36042,3.5768e+0,3.6428e+11,6.5568e+11
0.07604,0.36042,3.3858e+0,3.7915e+11,5.8284e+11
0.07813,0.36042,3.1898e+0,3.7538e+11,6.3421e+11
0.08021,0.36042,2.9852e+0,3.7357e+11,6.3512e+11
0.08229,0.36042,2.7714e+0,3.5083e+11,6.9989e+11
0.08438,0.36042,2.5411e+0,3.0672e+11,7.5588e+11
0.08646,0.36042,2.2859e+0,3.1281e+11,6.9347e+11
0.08854,0.36042,2.0104e+0,2.5304e+11,7.0108e+11
0.09062,0.36042,1.7104e+0,7.3319e+10,6.3113e+11
0.09271,0.36042,1.3777e+0,1.1624e+9,5.9122e+11
0.09479,0.36042,1.0096e+0,0.0000e+0,4.1580e+11
0.09688,0.36042,6.1861e-1,0.0000e+0,3.4443e+11
0.09896,0.36042,2.0987e-1,0.0000e+0,2.5511e+11
0.00104,0.36458,5.9505e+0,6.3489e+9,0.0000e+0
0.00313,0.36458,5.9574e+0,5.1312e+10,1.0498e+11
0.00521,0.36458,5.9676e+0,6.5131e+10,2.4611e+11
0.00729,0.36458,5.9743e+0,7.0317e+10,2.3376e+11
0.00937,0.36458,5.9805e+0,9.6770e+10,4.2732e+11
0.01146,0.36458,5.9749e+0,9.5704e+10,4.8610e+11
0.01354,0.36458,5.9550e+0,9.6462e+10,2.7878e+11
0.01563,0.36458,5.9366e+0,1.4108e+11,4.7345e+11
0.01771,0.36458,5.9077e+0,2.0053e+11,3.9216e+11
0.01979,0.36458,5.8787e+0,1.8296e+11,3.9771e+11
0.02187,0.36458,5.8470e+0,1.6853e+11,3.6136e+11
0.02396,0.36458,5.8136e+0,1.9565e+11,4.2866e+11
0.02604,0.36458,5.7759e+0,2.2218e+11,5.7736e+11
0.02813,0.36458,5.7276e+0,2.1887e+11,6.0550e+11
0.03021,0.36458,5.6677e+0,2.6157e+11,6.7632e+11
0.03229,0.36458,5.5941e+0,2.9369e+11,3.9496e+11
0.03438,0.36458,5.5290e+0,2.7625e+11,4.5766e+11
0.03646,0.36458,5.4654e+0,3.0193e+11,6.4752e+11
0.03854,0.36458,5.3922e+0,3.0395e+11,6.2297e+11
0.04063,0.36458,5.3121e+0,3.2070e+11,5.2277e+11
0.04271,0.36458,5.2323e+0,3.5949e+11,6.1055e+11
0.04479,0.36458,5.1489e+0,3.4592e+11,6.1603e+11
0.04688,0.36458,5.0614e+0,3.4743e+11,6.7703e+11
0.04896,0.36458,4.9671e+0,3.6751e+11,6.7677e+11
0.05104,0.36458,4.8677e+0,3.3652e+11,6.5273e+11
0.05312,0.36458,4.7606e+0,3.5259e+11,6.3059e+11
0.05521,0.36458,4.6480e+0,3.7744e+11,6.6143e+11
0.05729,0.36458,4.5290e+0,3.6401e+11,5.3532e+11
0.05937,0.36458,4.4113e+0,4.0054e+11,6.0291e+11
0.06146,0.36458,4.2922e+0,4.1781e+11,7.5874e+11
0.06354,0.36458,4.1608e+0,3.9661e+11,6.6182e+11
0.06563,0.36458,4.0216e+0,3.7766e+11,6.6203e+11
0.06771,0.36458,3.8725e+0,3.8211e+11,6.4379e+11
0.06979,0.36458,3.7154e+0,3.6337e+11,5.5980e+11
0.07187,0.36458,3.5548e+0,3.6704e+11,5.8074e+11
0.07396,0.36458,3.3888e+0,3.3691e+11,6.7665e+11
0.07604,0.36458,3.2083e+0,3.6001e+11,5.6729e+11
0.07813,0.36458,3.0233e+0,3.3921e+11,5.4330e+11
0.08021,0.36458,2.8334e+0,3.3369e+11,5.9096e+11
0.08229,0.36458,2.6346e+0,3.1732e+11,7.3052e+11
0.08438,0.36458,2.4153e+0,2.8240e+11,7.1286e+11
0.08646,0.36458,2.1733e+0,2.9149e+11,7.3076e+11
0.08854,0.36458,1.9081e+0,2.2831e+11,6.4217e+11
0.09062,0.36458,1.6209e+0,6.0841e+10,5.7766e+11
0.09271,0.36458,1.3037e+0,8.6529e+8,5.1114e+11
0.09479,0.36458,9.5657e-1,0.0000e+0,4.2928e+11
0.09688,0.36458,5.8591e-1,0.0000e+0,3.2895e+11
0.09896,0.36458,1.9861e-1,0.0000e+0,2.3730e+11
0.00104,0.36875,5.5580e+0,5.7912e+9,1.6708e+8
0.00313,0.36875,5.5655e+0,4.4330e+10,1.9294e+11
0.00521,0.36875,5.5708e+0,5.8629e+10,1.4777e+11
0.00729,0.36875,5.5781e+0,6.6690e+10,2.2050e+11
0.00937,0.36875,5.5844e+0,8.9368e+10,4.3815e+11
0.01146,0.36875,5.5775e+0,8.6074e+10,3.8048e+11
0.01354,0.36875,5.5631e+0,9.3019e+10,3.4658e+11
0.01563,0.36875,5.5451e+0,1.4184e+11,4.2496e+11
0.01771,0.36875,5.5213e+0,1.8246e+11,3.4665e+11
0.01979,0.36875,5.4995e+0,1.5566e+11,3.7584e+11
0.02187,0.36875,5.4745e+0,1.4057e+11,3.9045e+11
0.02396,0.36875,5.4457e+0,1.7392e+11,5.7967e+11
0.02604,0.36875,5.4038e+0,1.9768e+11,5.4941e+11
0.02813,0.36875,5.3535e+0,2.1226e+11,5.1552e+11
0.03021,0.36875,5.2981e+0,2.4272e+11,5.7633e+11
0.03229,0.36875,5.2350e+0,2.8190e+11,4.2888e+11
0.03438,0.36875,5.1782e+0,2.5944e+11,5.5601e+11
0.03646,0.36875,5.1173e+0,2.6855e+11,6.4306e+11
0.03854,0.36875,5.0467e+0,2.6414e+11,5.2786e+11
0.04063,0.36875,4.9739e+0,2.7523e+11,5.9622e+11
0.04271,0.36875,4.8946e+0,3.3423e+11,6.0098e+11
0.04479,0.36875,4.8112e+0,3.1890e+11,4.9598e+11
0.04688,0.36875,4.7294e+0,3.1080e+11,6.1793e+11
0.04896,0.36875,4.6398e+0,3.2411e+11,5.9836e+11
0.05104,0.36875,4.5446e+0,2.9173e+11,5.2494e+11
0.05312,0.36875,4.4463e+0,3.1742e+11,5.7634e+11
0.05521,0.36875,4.3431e+0,3.3159e+11,6.2575e+11
0.05729,0.36875,4.2321e+0,3.1857e+11,4.3864e+11
0.05937,0.36875,4.1255e+0,3.5677e+11,5.8086e+11
0.06146,0.36875,4.0155e+0,3.7413e+11,7.4507e+11
0.06354,0.36875,3.8910e+0,3.3740e+11,6.4212e+11
0.06563,0.36875,3.7570e+0,3.2623e+11,5.6816e+11
0.06771,0.36875,3.6173e+0,3.2997e+11,5.2726e+11
0.06979,0.36875,3.4747e+0,3.2614e+11,5.5957e+11
0.07187,0.36875,3.3269e+0,3.2377e+11,5.8951e+11
0.07396,0.36875,3.1717e+0,2.8609e+11,6.1378e+11
0.07604,0.36875,3.0037e+0,3.0534e+11,5.0769e+11
0.07813,0.36875,2.8320e+0,3.0129e+11,4.8860e+11
0.08021,0.36875,2.6567e+0,2.9968e+11,5.6391e+11
0.08229,0.36875,2.4716e+0,2.8129e+11,6.6747e+11
0.08438,0.36875,2.2673e+0,2.6767e+11,7.0447e+11
0.08646,0.36875,2.0404e+0,2.6117e+11,7.2640e+11
0.08854,0.36875,1.7895e+0,2.0512e+11,6.3027e+11
0.09062,0.36875,1.5170e+0,5.6724e+10,5.2282e+11
0.09271,0.36875,1.2188e+0,8.6732e+8,4.5807e+11
0.09479,0.36875,8.9439e-1,0.0000e+0,3.8542e+11
0.09688,0.36875,5.4904e-1,0.0000e+0,3.4851e+11
0.09896,0.36875,1.8553e-1,0.0000e+0,2.0040e+11
0.00104,0.37292,5.1074e+0,5.7038e+9,1.0608e+9
0.00313,0.37292,5.1189e+0,3.7122e+10,2.9954e+11
0.00521,0.37292,5.1275e+0,4.7311e+10,3.8923e+11
0.00729,0.37292,5.1301e+0,6.2461e+10,3.3487e+11
0.00937,0.37292,5.1315e+0,8.3730e+10,4.1425e+11
0.01146,0.37292,5.1256e+0,7.9030e+10,3.7976e+11
0.01354,0.37292,5.1154e+0,8.6059e+10,4.3224e+11
0.01563,0.37292,5.0993e+0,1.2542e+11,3.3980e+11
0.01771,0.37292,5.0860e+0,1.5620e+11,3.8193e+11
0.01979,0.37292,5.0738e+0,1.3429e+11,5.7400e+11
0.02187,0.37292,5.0486e+0,1.2580e+11,5.0331e+11
0.02396,0.37292,5.0152e+0,1.5423e+11,5.8454e+11
0.02604,0.37292,4.9694e+0,1.8831e+11,4.7304e+11
0.02813,0.37292,4.9202e+0,2.0119e+11,4.2034e+11
0.03021,0.37292,4.8709e+0,2.1770e+11,4.6596e+11
0.03229,0.37292,4.8199e+0,2.4967e+11,5.5744e+11
0.03438,0.37292,4.7647e+0,2.3198e+11,5.3327e+11
0.03646,0.37292,4.7053e+0,2.4275e+11,5.1797e+11
0.03854,0.37292,4.6425e+0,2.3409e+11,5.0431e+11
0.04063,0.37292,4.5767e+0,2.4900e+11,5.5112e+11
0.04271,0.37292,4.5050e+0,2.9321e+11,6.0935e+11
0.04479,0.37292,4.4270e+0,2.8673e+11,5.3022e+11
0.04688,0.37292,4.3477e+0,2.7626e+11,5.4158e+11
0.04896,0.37292,4.2646e+0,2.8870e+11,5.7688e+11
0.05104,0.37292,4.1763e+0,2.8121e+11,5.1674e+11
0.05312,0.37292,4.0862e+0,2.8983e+11,5.3623e+11
0.05521,0.37292,3.9929e+0,2.8983e+11,5.3599e+11
0.05729,0.37292,3.8955e+0,2.7745e+11,4.7565e+11
0.05937,0.37292,3.7983e+0,3.1928e+11,6.0184e+11
0.06146,0.37292,3.6958e+0,3.3410e+11,7.1304e+11
0.06354,0.37292,3.5806e+0,2.8929e+11,6.1356e+11
0.06563,0.37292,3.4566e+0,2.7138e+11,5.0791e+11
0.06771,0.37292,3.3294e+0,2.9161e+11,5.2029e+11
0.06979,0.37292,3.1985e+0,3.0992e+11,5.3673e+11
0.07187,0.37292,3.0628e+0,2.9308e+11,5.4349e+11
0.07396,0.37292,2.9206e+0,2.4175e+11,5.3015e+11
0.07604,0.37292,2.7694e+0,2.5929e+11,4.7938e+11
0.07813,0.37292,2.6146e+0,2.6999e+11,4.9467e+11
0.08021,0.37292,2.4548e+0,2.5989e+11,5.6423e+11
0.08229,0.37292,2.2838e+0,2.4439e+11,6.5861e+11
0.08438,0.37292,2.0936e+0,2.2816e+11,6.9237e+11
0.08646,0.37292,1.8805e+0,2.3052e+11,6.2987e+11
0.08854,0.37292,1.6481e+0,1.8578e+11,5.7490e+11
0.09062,0.37292,1.3960e+0,4.7522e+10,4.4417e+11
0.09271,0.37292,1.1231e+0,9.0558e+8,4.6873e+11
0.09479,0.37292,8.2427e-1,0.0000e+0,3.8108e+11
0.09688,0.37292,5.0580e-1,0.0000e+0,3.2909e+11
0.09896,0.37292,1.7065e-1,0.0000e+0,1.7762e+11
0.00104,0.37708,4.5658e+0,5.2822e+9,0.0000e+0
0.00313,0.37708,4.5749e+0,3.1066e+10,4.7977e+10
0.00521,0.37708,4.5914e+0,3.6414e+10,3.1737e+11
0.00729,0.37708,4.5997e+0,4.9234e+10,2.9382e+11
0.00937,0.37708,4.6054e+0,7.7126e+10,4.2525e+11
0.01146,0.37708,4.6023e+0,6.3625e+10,4.3459e+11
0.01354,0.37708,4.5912e+0,7.0106e+10,2.9987e+11
0.01563,0.37708,4.5825e+0,9.6775e+10,2.4177e+11
0.01771,0.37708,4.5815e+0,1.3828e+11,5.4927e+11
0.01979,0.37708,4.5698e+0,1.3023e+11,5.4904e+11
0.02187,0.37708,4.5477e+0,1.0257e+11,5.4956e+11
0.02396,0.37708,4.5132e+0,1.2929e+11,4.5600e+11
0.02604,0.37708,4.4745e+0,1.5517e+11,4.6102e+11
0.02813,0.37708,4.4330e+0,1.7688e+11,5.2768e+11
0.03021,0.37708,4.3862e+0,1.9658e+11,4.8129e+11
0.03229,0.37708,4.3388e+0,2.1408e+11,5.4898e+11
0.03438,0.37708,4.2876e+0,1.9501e+11,5.0391e+11
0.03646,0.37708,4.2338e+0,2.2453e+11,4.8040e+11
0.03854,0.37708,4.1801e+0,2.1515e+11,5.3329e+11
0.04063,0.37708,4.1216e+0,2.2882e+11,5.8261e+11
0.04271,0.37708,4.0566e+0,2.4604e+11,5.8849e+11
0.04479,0.37708,3.9857e+0,2.3350e+11,5.3404e+11
0.04688,0.37708,3.9118e+0,2.3370e+11,5.2001e+11
0.04896,0.37708,3.8349e+0,2.4466e+11,5.1797e+11
0.05104,0.37708,3.7552e+0,2.4362e+11,4.6497e+11
0.05312,0.37708,3.6760e+0,2.4951e+11,4.7599e+11
0.05521,0.37708,3.5964e+0,2.4217e+11,5.6515e+11
0.05729,0.37708,3.5102e+0,2.4791e+11,5.8731e+11
0.05937,0.37708,3.4172e+0,2.6944e+11,5.2254e+11
0.06146,0.37708,3.3229e+0,2.7782e+11,6.3060e+11
0.06354,0.37708,3.2191e+0,2.4229e+11,5.1970e+11
0.06563,0.37708,3.1106e+0,2.2698e+11,4.6327e+11
0.06771,0.37708,3.0002e+0,2.3480e+11,4.9921e+11
0.06979,0.37708,2.8859e+0,2.6065e+11,5.9854e+11
0.07187,0.37708,2.7625e+0,2.4253e+11,5.4688e+11
0.07396,0.37708,2.6314e+0,2.1319e+11,4.2425e+11
0.07604,0.37708,2.4971e+0,2.2873e+11,3.8517e+11
0.07813,0.37708,2.3631e+0,2.2810e+11,5.1678e+11
0.08021,0.37708,2.2199e+0,2.2880e+11,6.1119e+11
0.08229,0.37708,2.0606e+0,2.1000e+11,5.7106e+11
0.08438,0.37708,1.8860e+0,1.9258e+11,5.7155e+11
0.08646,0.37708,1.6941e+0,2.0292e+11,5.6808e+11
0.08854,0.37708,1.4855e+0,1.6338e+11,5.6321e+11
0.09062,0.37708,1.2578e+0,3.9291e+10,4.4359e+11
0.09271,0.37708,1.0101e+0,1.1225e+9,4.1489e+11
0.09479,0.37708,7.4006e-1,0.0000e+0,3.2078e+11
0.09688,0.37708,4.5400e-1,0.0000e+0,2.8962e+11
0.09896,0.37708,1.5304e-1,0.0000e+0,1.5174e+11
0.00104,0.38125,3.9530e+0,5.9101e+9,1.1417e+7
0.00313,0.38125,3.9618e+0,3.3901e+10,2.8160e+10
0.00521,0.38125,3.9799e+0,3.5361e+10,2.1633e+11
0.00729,0.38125,3.9952e+0,4.0539e+10,3.4859e+11
0.00937,0.38125,4.0038e+0,5.4179e+10,5.0298e+11
0.01146,0.38125,4.0000e+0,4.9197e+10,4.2499e+11
0.01354,0.38125,3.9906e+0,6.1488e+10,1.8968e+11
0.01563,0.38125,3.9926e+0,8.8116e+10,3.7892e+11
0.01771,0.38125,3.9932e+0,1.2546e+11,5.4103e+11
0.01979,0.38125,3.9833e+0,1.1721e+11,4.9440e+11
0.02187,0.38125,3.9663e+0,9.2139e+10,5.4552e+11
0.02396,0.38125,3.9385e+0,1.1005e+11,4.7636e+11
0.02604,0.38125,3.9074e+0,1.2017e+11,5.1851e+11
0.02813,0.38125,3.8698e+0,1.5377e+11,5.2832e+11
0.03021,0.38125,3.8277e+0,1.7024e+11,5.5558e+11
0.03229,0.38125,3.7802e+0,1.8174e+11,4.3259e+11
0.03438,0.38125,3.7366e+0,1.5683e+11,4.3823e+11
0.03646,0.38125,3.6941e+0,1.7493e+11,5.0952e+11
0.03854,0.38125,3.6489e+0,1.7593e+11,6.0836e+11
0.04063,0.38125,3.5938e+0,1.9367e+11,5.1017e+11
0.04271,0.38125,3.5372e+0,1.8282e+11,5.4187e+11
0.04479,0.38125,3.4759e+0,1.8032e+11,5.2591e+11
0.04688,0.38125,3.4115e+0,1.7944e+11,5.1952e+11
0.04896,0.38125,3.3439e+0,1.9417e+11,4.9501e+11
0.05104,0.38125,3.2755e+0,1.9696e+11,4.5462e+11
0.05312,0.38125,3.2086e+0,2.0436e+11,5.4191e+11
0.05521,0.38125,3.1375e+0,1.9726e+11,5.7867e+11
0.05729,0.38125,3.0586e+0,2.0344e+11,5.3512e+11
0.05937,0.38125,2.9744e+0,2.2726e+11,4.5385e+11
0.06146,0.38125,2.8912e+0,2.3007e+11,5.2756e+11
0.06354,0.38125,2.8031e+0,1.9804e+11,4.6975e+11
0.06563,0.38125,2.7121e+0,1.7121e+11,4.5857e+11
0.06771,0.38125,2.6170e+0,1.8254e+11,4.6956e+11
0.06979,0.38125,2.5178e+0,2.0326e+11,5.1516e+11
0.07187,0.38125,2.4124e+0,1.8174e+11,4.4946e+11
0.07396,0.38125,2.3037e+0,1.7832e+11,4.7030e+11
0.07604,0.38125,2.1893e+0,1.8778e+11,4.3296e+11
0.07813,0.38125,2.0721e+0,1.9203e+11,5.3185e+11
0.08021,0.38125,1.9450e+0,1.8271e+11,5.9088e+11
0.08229,0.38125,1.8021e+0,1.6551e+11,5.0679e+11
0.08438,0.38125,1.6465e+0,1.5329e+11,4.6069e+11
0.08646,0.38125,1.4789e+0,1.7603e+11,5.5587e+11
0.08854,0.38125,1.2942e+0,1.3953e+11,4.7242e+11
0.09062,0.38125,1.0950e+0,3.1757e+10,3.7636e+11
0.09271,0.38125,8.7917e-1,1.2989e+9,3.7984e+11
0.09479,0.38125,6.4373e-1,0.0000e+0,2.6804e+11
0.09688,0.38125,3.9608e-1,0.0000e+0,2.9048e+11
0.09896,0.38125,1.3379e-1,0.0000e+0,1.5057e+11
0.00104,0.38542,3.2717e+0,6.7919e+9,1.3995e+11
0.00313,0.38542,3.2778e+0,3.5546e+10,7.6953e+10
0.00521,0.38542,3.2955e+0,2.7863e+10,3.3532e+11
0.00729,0.38542,3.3071e+0,3.0264e+10,4.3226e+11
0.00937,0.38542,3.3090e+0,3.4799e+10,3.8410e+11
0.01146,0.38542,3.3069e+0,3.7256e+10,3.1567e+11
0.01354,0.38542,3.3063e+0,6.2216e+10,2.2463e+11
0.01563,0.38542,3.3157e+0,7.7683e+10,4.7006e+11
0.01771,0.38542,3.3193e+0,9.5283e+10,5.8662e+11
0.01979,0.38542,3.3119e+0,8.6347e+10,5.8266e+11
0.02187,0.38542,3.2943e+0,6.8299e+10,4.9602e+11
0.02396,0.38542,3.2725e+0,8.6002e+10,4.4858e+11
0.02604,0.38542,3.2518e+0,9.2286e+10,6.4805e+11
0.02813,0.38542,3.2188e+0,1.1408e+11,5.5058e+11
0.03021,0.38542,3.1820e+0,1.3267e+11,6.0083e+11
0.03229,0.38542,3.1391e+0,1.3474e+11,4.0523e+11
0.03438,0.38542,3.1033e+0,1.2385e+11,4.3825e+11
0.03646,0.38542,3.0699e+0,1.2210e+11,5.2028e+11
0.03854,0.38542,3.0322e+0,1.2790e+11,6.0403e+11
0.04063,0.38542,2.9847e+0,1.4884e+11,5.3136e+11
0.04271,0.38542,2.9347e+0,1.4492e+11,5.1627e+11
0.04479,0.38542,2.8821e+0,1.4520e+11,4.8203e+11
0.04688,0.38542,2.8282e+0,1.4635e+11,4.6875e+11
0.04896,0.38542,2.7738e+0,1.5258e+11,4.7105e+11
0.05104,0.38542,2.7193e+0,1.4964e+11,4.9670e+11
0.05312,0.38542,2.6629e+0,1.5728e+11,5.3302e+11
0.05521,0.38542,2.6015e+0,1.5015e+11,4.9538e+11
0.05729,0.38542,2.5359e+0,1.5882e+11,4.6604e+11
0.05937,0.38542,2.4684e+0,1.7088e+11,5.0359e+11
0.06146,0.38542,2.3969e+0,1.6505e+11,4.4123e+11
0.06354,0.38542,2.3250e+0,1.5867e+11,4.3918e+11
0.06563,0.38542,2.2514e+0,1.3993e+11,4.7204e+11
0.06771,0.38542,2.1719e+0,1.4655e+11,4.3722e+11
0.06979,0.38542,2.0888e+0,1.6514e+11,4.1494e+11
0.07187,0.38542,2.0040e+0,1.4590e+11,3.6905e+11
0.07396,0.38542,1.9196e+0,1.3516e+11,4.5530e+11
0.07604,0.38542,1.8286e+0,1.4448e+11,5.1769e+11
0.07813,0.38542,1.7271e+0,1.6107e+11,4.5755e+11
0.08021,0.38542,1.6188e+0,1.5212e+11,4.4834e+11
0.08229,0.38542,1.5023e+0,1.2737e+11,4.6618e+11
0.08438,0.38542,1.3744e+0,1.1840e+11,5.4381e+11
0.08646,0.38542,1.2295e+0,1.4377e+11,4.5892e+11
0.08854,0.38542,1.0746e+0,1.0568e+11,4.0001e+11
0.09062,0.38542,9.0981e-1,2.3070e+10,4.0474e+11
0.09271,0.38542,7.2789e-1,3.2540e+8,2.9578e+11
0.09479,0.38542,5.3327e-1,0.0000e+0,2.5954e+11
0.09688,0.38542,3.2745e-1,0.0000e+0,2.3612e+11
0.09896,0.38542,1.1063e-1,0.0000e+0,1.3218e+11
0.00104,0.38958,2.4998e+0,6.4214e+9,3.4812e+11
0.00313,0.38958,2.5026e+0,2.8636e+10,2.0514e+11
0.00521,0.38958,2.5159e+0,2.2657e+10,4.1062e+11
0.00729,0.38958,2.5236e+0,2.5890e+10,5.1471e+11
0.00937,0.38958,2.5200e+0,2.6715e+10,2.9987e+11
0.01146,0.38958,2.5219e+0,2.9398e+10,3.1825e+11
0.01354,0.38958,2.5280e+0,4.5661e+10,3.7987e+11
0.01563,0.38958,2.5357e+0,5.1198e+10,4.9797e+11
0.01771,0.38958,2.5358e+0,6.5417e+10,4.8944e+11
0.01979,0.38958,2.5301e+0,5.5266e+10,5.8134e+11
0.02187,0.38958,2.5126e+0,5.2925e+10,4.2034e+11
0.02396,0.38958,2.4957e+0,6.1946e+10,4.1997e+11
0.02604,0.38958,2.4797e+0,6.9434e+10,5.4200e+11
0.02813,0.38958,2.4558e+0,8.4565e+10,5.6603e+11
0.03021,0.38958,2.4247e+0,1.0049e+11,4.7294e+11
0.03229,0.38958,2.3942e+0,9.8661e+10,3.8297e+11
0.03438,0.38958,2.3707e+0,8.7060e+10,4.8256e+11
0.03646,0.38958,2.3455e+0,8.3653e+10,5.1910e+11
0.03854,0.38958,2.3148e+0,9.0876e+10,5.6673e+11
0.04063,0.38958,2.2750e+0,1.0444e+11,4.3845e+11
0.04271,0.38958,2.2362e+0,1.1086e+11,4.5845e+11
0.04479,0.38958,2.1974e+0,1.0705e+11,4.9558e+11
0.04688,0.38958,2.1556e+0,1.0691e+11,4.7617e+11
0.04896,0.38958,2.1126e+0,1.2105e+11,4.4156e+11
0.05104,0.38958,2.0714e+0,1.1372e+11,4.6057e+11
0.05312,0.38958,2.0283e+0,1.1818e+11,4.5824e+11
0.05521,0.38958,1.9831e+0,1.1446e+11,4.7290e+11
0.05729,0.38958,1.9343e+0,1.0983e+11,4.5423e+11
0.05937,0.38958,1.8831e+0,1.1176e+11,4.6391e+11
0.06146,0.38958,1.8278e+0,1.1652e+11,3.7036e+11
0.06354,0.38958,1.7745e+0,1.1234e+11,3.9269e+11
0.06563,0.38958,1.7204e+0,1.0735e+11,4.6749e+11
0.06771,0.38958,1.6598e+0,1.0819e+11,4.0171e+11
0.06979,0.38958,1.5977e+0,1.2831e+11,4.1454e+11
0.07187,0.38958,1.5342e+0,1.0769e+11,3.6307e+11
0.07396,0.38958,1.4708e+0,1.0229e+11,4.0557e+11
0.07604,0.38958,1.4030e+0,1.1417e+11,4.5837e+11
0.07813,0.38958,1.3274e+0,1.2013e+11,4.5773e+11
0.08021,0.38958,1.2445e+0,1.1498e+11,4.5346e+11
0.08229,0.38958,1.1538e+0,9.7518e+10,5.0430e+11
0.08438,0.38958,1.0498e+0,9.5348e+10,4.2588e+11
0.08646,0.38958,9.3595e-1,1.0493e+11,3.5072e+11
0.08854,0.38958,8.1707e-1,8.0920e+10,3.6067e+11
0.09062,0.38958,6.8913e-1,1.9083e+10,2.7992e+11
0.09271,0.38958,5.5147e-1,3.0149e+8,2.4785e+11
0.09479,0.38958,4.0373e-1,0.0000e+0,2.1421e+11
0.09688,0.38958,2.4676e-1,0.0000e+0,1.7295e+11
0.09896,0.38958,8.2182e-2,0.0000e+0,4.8990e+10
0.00104,0.39375,1.5980e+0,7.7359e+9,1.4900e+11
0.00313,0.39375,1.6087e+0,2.3514e+10,3.6004e+11
0.00521,0.39375,1.6200e+0,2.2670e+10,4.3580e+11
0.00729,0.39375,1.6292e+0,1.7050e+10,6.2621e+11
0.00937,0.39375,1.6240e+0,1.8803e+10,3.5239e+11
0.01146,0.39375,1.6262e+0,2.1121e+10,3.7630e+11
0.01354,0.39375,1.6342e+0,3.5222e+10,4.5675e+11
0.01563,0.39375,1.6437e+0,4.4443e+10,6.2751e+11
0.01771,0.39375,1.6439e+0,4.5963e+10,6.3705e+11
0.01979,0.39375,1.6349e+0,3.9265e+10,5.7671e+11
0.02187,0.39375,1.6199e+0,3.5426e+10,4.3571e+11
0.02396,0.39375,1.6083e+0,3.7496e+10,4.6956e+11
0.02604,0.39375,1.5972e+0,4.4414e+10,5.7664e+11
0.02813,0.39375,1.5786e+0,5.9868e+10,5.3735e+11
0.03021,0.39375,1.5561e+0,7.3975e+10,4.1137e+11
0.03229,0.39375,1.5394e+0,6.4282e+10,4.2774e+11
0.03438,0.39375,1.5266e+0,4.9007e+10,4.8296e+11
0.03646,0.39375,1.5122e+0,4.9530e+10,5.3187e+11
0.03854,0.39375,1.4924e+0,6.0850e+10,5.9137e+11
0.04063,0.39375,1.4641e+0,7.2908e+10,4.7160e+11
0.04271,0.39375,1.4366e+0,7.5668e+10,4.5809e+11
0.04479,0.39375,1.4097e+0,7.7019e+10,4.9675e+11
0.04688,0.39375,1.3796e+0,7.7343e+10,4.1537e+11
0.04896,0.39375,1.3511e+0,8.1318e+10,3.5348e+11
0.05104,0.39375,1.3284e+0,7.3254e+10,4.6425e+11
0.05312,0.39375,1.3026e+0,7.8090e+10,4.7310e+11
0.05521,0.39375,1.2734e+0,6.8794e+10,4.3504e+11
0.05729,0.39375,1.2420e+0,7.2988e+10,4.0292e+11
0.05937,0.39375,1.2104e+0,6.4857e+10,3.9191e+11
0.06146,0.39375,1.1785e+0,7.0048e+10,4.0400e+11
0.06354,0.39375,1.1463e+0,7.4091e+10,4.6849e+11
0.06563,0.39375,1.1094e+0,6.5523e+10,4.3727e+11
0.06771,0.39375,1.0687e+0,6.6111e+10,3.3690e+11
0.06979,0.39375,1.0304e+0,7.9639e+10,3.9609e+11
0.07187,0.39375,9.9069e-1,7.0270e+10,3.4227e+11
0.07396,0.39375,9.5192e-1,7.1699e+10,4.1572e+11
0.07604,0.39375,9.0817e-1,8.0332e+10,4.1127e+11
0.07813,0.39375,8.5953e-1,8.2313e+10,4.3076e+11
0.08021,0.39375,8.0382e-1,8.3086e+10,4.1936e+11
0.08229,0.39375,7.4097e-1,6.9524e+10,3.7352e+11
0.08438,0.39375,6.7116e-1,7.4906e+10,3.2228e+11
0.08646,0.39375,5.9664e-1,6.8466e+10,2.6633e+11
0.08854,0.39375,5.1949e-1,4.9230e+10,2.4784e+11
0.09062,0.39375,4.3756e-1,1.3766e+10,1.9794e+11
0.09271,0.39375,3.5044e-1,2.0909e+8,1.7883e+11
0.09479,0.39375,2.5723e-1,0.0000e+0,1.8996e+11
0.09688,0.39375,1.5603e-1,0.0000e+0,1.0822e+11
0.09896,0.39375,5.1324e-2,0.0000e+0,1.0581e+10
0.00104,0.39792,5.6607e-1,1.0503e+10,4.9496e+10
0.00313,0.39792,5.7707e-1,2.5826e+10,3.4178e+11
0.00521,0.39792,5.8694e-1,2.1610e+10,3.9805e+11
0.00729,0.39792,5.9820e-1,1.1469e+10,7.0546e+11
0.00937,0.39792,5.9514e-1,1.0107e+10,5.2926e+11
0.01146,0.39792,5.9231e-1,1.4251e+10,4.0170e+11
0.01354,0.39792,5.9658e-1,2.5558e+10,4.8584e+11
0.01563,0.39792,6.0279e-1,3.1343e+10,5.9375e+11
0.01771,0.39792,6.0542e-1,2.6821e+10,6.8305e+11
0.01979,0.39792,5.9977e-1,2.2339e+10,5.7356e+11
0.02187,0.39792,5.9261e-1,1.8644e+10,5.0601e+11
0.02396,0.39792,5.8727e-1,1.8964e+10,5.0557e+11
0.02604,0.39792,5.8252e-1,2.0357e+10,5.7074e+11
0.02813,0.39792,5.7272e-1,3.2863e+10,4.7447e+11
0.03021,0.39792,5.6383e-1,3.5619e+10,4.2316e+11
0.03229,0.39792,5.5882e-1,3.3333e+10,4.4627e+11
0.03438,0.39792,5.5589e-1,2.8468e+10,4.8617e+11
0.03646,0.39792,5.5247e-1,2.3240e+10,5.6425e+11
0.03854,0.39792,5.4324e-1,3.3613e+10,5.2890e+11
0.04063,0.39792,5.3002e-1,4.0668e+10,4.1401e+11
0.04271,0.39792,5.1960e-1,3.8296e+10,4.4654e+11
0.04479,0.39792,5.0821e-1,4.8262e+10,4.3308e+11
0.04688,0.39792,4.9590e-1,4.2817e+10,3.6561e+11
0.04896,0.39792,4.8577e-1,4.5623e+10,3.5196e+11
0.05104,0.39792,4.7849e-1,4.0965e+10,3.9306e+11
0.05312,0.39792,4.7064e-1,4.4499e+10,4.0221e+11
0.05521,0.39792,4.6236e-1,3.5148e+10,4.4361e+11
0.05729,0.39792,4.5079e-1,4.1604e+10,3.7480e+11
0.05937,0.39792,4.4104e-1,3.5159e+10,4.1228e+11
0.06146,0.39792,4.3020e-1,3.6351e+10,4.2712e+11
0.06354,0.39792,4.1708e-1,4.0298e+10,4.0735e+11
0.06563,0.39792,4.0186e-1,3.3544e+10,3.3712e+11
0.06771,0.39792,3.8732e-1,3.5826e+10,3.1625e+11
0.06979,0.39792,3.7449e-1,4.1759e+10,3.3314e+11
0.07187,0.39792,3.6242e-1,3.7611e+10,3.6030e+11
0.07396,0.39792,3.4951e-1,4.6526e+10,3.9230e+11
0.07604,0.39792,3.3399e-1,4.4274e+10,3.7940e+11
0.07813,0.39792,3.1606e-1,4.4467e+10,4.0863e+11
0.08021,0.39792,2.9225e-1,4.5432e+10,3.0252e+11
0.08229,0.39792,2.6711e-1,4.7063e+10,2.6137e+11
0.08438,0.39792,2.4088e-1,4.8303e+10,2.4197e+11
0.08646,0.39792,2.1297e-1,4.3702e+10,1.7344e+11
0.08854,0.39792,1.8610e-1,2.9835e+10,1.9434e+11
0.09062,0.39792,1.5668e-1,8.6812e+9,1.3954e+11
0.09271,0.39792,1.2579e-1,2.3067e+8,1.3731e+11
0.09479,0.39792,9.1586e-2,0.0000e+0,1.0728e+11
0.09688,0.39792,5.4131e-2,0.0000e+0,1.7891e+10
0.09896,0.39792,1.7657e-2,0.0000e+0,7.3120e+7