r_m,z_m,phi_V,ne_m3,ni_m3
0.00104,0.00208,1.3113e-1,1.0201e+10,0.0000e+0
0.00313,0.00208,1.3150e-1,9.9154e+9,0.0000e+0
0.00521,0.00208,1.3220e-1,1.3676e+10,0.0000e+0
0.00729,0.00208,1.3346e-1,1.5346e+10,0.0000e+0
0.00937,0.00208,1.3543e-1,1.6305e+10,0.0000e+0
0.01146,0.00208,1.3840e-1,1.1600e+10,3.2095e+10
0.01354,0.00208,1.4017e-1,8.4444e+9,1.8021e+10
0.01563,0.00208,1.4188e-1,1.4824e+10,1.7463e+10
0.01771,0.00208,1.4425e-1,2.2350e+10,4.9671e+10
0.01979,0.00208,1.4680e-1,1.7228e+10,1.4674e+11
0.02187,0.00208,1.4421e-1,1.6699e+10,1.2834e+11
0.02396,0.00208,1.3851e-1,2.1015e+10,5.0015e+10
0.02604,0.00208,1.3413e-1,2.0117e+10,2.0275e+10
0.02813,0.00208,1.3224e-1,2.0920e+10,5.4873e+10
0.03021,0.00208,1.2995e-1,2.1007e+10,3.4984e+10
0.03229,0.00208,1.2809e-1,1.9683e+10,3.8448e+10
0.03438,0.00208,1.2653e-1,2.5544e+10,3.9740e+10
0.03646,0.00208,1.2581e-1,2.3492e+10,4.4688e+10
0.03854,0.00208,1.2595e-1,1.9427e+10,1.2136e+11
0.04063,0.00208,1.2250e-1,2.0357e+10,1.0349e+11
0.04271,0.00208,1.1702e-1,2.5853e+10,4.5107e+10
0.04479,0.00208,1.1322e-1,2.2760e+10,2.1697e+10
0.04688,0.00208,1.1196e-1,2.6594e+10,8.9968e+10
0.04896,0.00208,1.0889e-1,2.6172e+10,6.0312e+10
0.05104,0.00208,1.0579e-1,2.5713e+10,3.6350e+10
0.05312,0.00208,1.0428e-1,2.6810e+10,8.9079e+10
0.05521,0.00208,1.0146e-1,2.6982e+10,9.5501e+10
0.05729,0.00208,9.7305e-2,2.8816e+10,7.0673e+10
0.05937,0.00208,9.2998e-2,3.1170e+10,4.5680e+10
0.06146,0.00208,9.0210e-2,3.4803e+10,8.2140e+10
0.06354,0.00208,8.7293e-2,3.0937e+10,9.7864e+10
0.06563,0.00208,8.3100e-2,3.1803e+10,9.7801e+10
0.06771,0.00208,7.7117e-2,3.2438e+10,3.0096e+10
0.06979,0.00208,7.2905e-2,3.1993e+10,3.1510e+10
0.07187,0.00208,6.9453e-2,3.2263e+10,3.2791e+10
0.07396,0.00208,6.6333e-2,3.3627e+10,3.4803e+10
0.07604,0.00208,6.3764e-2,3.1040e+10,5.3363e+10
0.07813,0.00208,6.0885e-2,3.0847e+10,7.2719e+10
0.08021,0.00208,5.6893e-2,3.2425e+10,6.9687e+10
0.08229,0.00208,5.2723e-2,3.0127e+10,9.0932e+10
0.08438,0.00208,4.7120e-2,3.0971e+10,8.5068e+10
0.08646,0.00208,4.0355e-2,2.9175e+10,6.6634e+10
0.08854,0.00208,3.2756e-2,2.9523e+10,1.5972e+10
0.09062,0.00208,2.6956e-2,1.6784e+10,1.6203e+10
0.09271,0.00208,2.1462e-2,6.1052e+9,1.3575e+9
0.09479,0.00208,1.6265e-2,2.1755e+9,5.9758e+9
0.09688,0.00208,1.0694e-2,3.9264e+8,2.1323e+10
0.09896,0.00208,3.7665e-3,2.3705e+8,1.1851e+10
0.00104,0.00625,3.9365e-1,2.1923e+10,0.0000e+0
0.00313,0.00625,3.9482e-1,1.9943e+10,0.0000e+0
0.00521,0.00625,3.9714e-1,1.4991e+10,0.0000e+0
0.00729,0.00625,4.0046e-1,1.8686e+10,0.0000e+0
0.00937,0.00625,4.0524e-1,2.0996e+10,0.0000e+0
0.01146,0.00625,4.1181e-1,1.7138e+10,4.6322e+10
0.01354,0.00625,4.1671e-1,1.4704e+10,3.5249e+10
0.01563,0.00625,4.2110e-1,2.0030e+10,9.7216e+10
0.01771,0.00625,4.2229e-1,2.4945e+10,1.1727e+11
0.01979,0.00625,4.2030e-1,2.3074e+10,1.7082e+11
0.02187,0.00625,4.1153e-1,2.2674e+10,7.0495e+10
0.02396,0.00625,4.0286e-1,2.6523e+10,8.1598e+10
0.02604,0.00625,3.9342e-1,2.5867e+10,3.8161e+9
0.02813,0.00625,3.8830e-1,2.4872e+10,4.0380e+10
0.03021,0.00625,3.8435e-1,2.3179e+10,1.0213e+11
0.03229,0.00625,3.7755e-1,2.8485e+10,5.2780e+10
0.03438,0.00625,3.7208e-1,2.9665e+10,6.4278e+10
0.03646,0.00625,3.6738e-1,2.7787e+10,1.0573e+11
0.03854,0.00625,3.6059e-1,3.0658e+10,1.2878e+11
0.04063,0.00625,3.5037e-1,3.7833e+10,1.0098e+11
0.04271,0.00625,3.3924e-1,3.5501e+10,5.2578e+10
0.04479,0.00625,3.3026e-1,3.4045e+10,4.1349e+10
0.04688,0.00625,3.2365e-1,3.7378e+10,7.7917e+10
0.04896,0.00625,3.1659e-1,3.8450e+10,9.1758e+10
0.05104,0.00625,3.0800e-1,3.8786e+10,7.7378e+10
0.05312,0.00625,2.9885e-1,3.9347e+10,8.1088e+10
0.05521,0.00625,2.8875e-1,3.7988e+10,4.8372e+10
0.05729,0.00625,2.7998e-1,4.6129e+10,1.1526e+11
0.05937,0.00625,2.6886e-1,4.3034e+10,9.3570e+10
0.06146,0.00625,2.5667e-1,4.6251e+10,3.9769e+10
0.06354,0.00625,2.4642e-1,4.3660e+10,5.0612e+10
0.06563,0.00625,2.3637e-1,4.3726e+10,5.9899e+10
0.06771,0.00625,2.2563e-1,4.2868e+10,3.6385e+10
0.06979,0.00625,2.1628e-1,4.9536e+10,6.4049e+10
0.07187,0.00625,2.0725e-1,4.4959e+10,8.9929e+10
0.07396,0.00625,1.9675e-1,5.2878e+10,8.8955e+10
0.07604,0.00625,1.8581e-1,4.4878e+10,8.3064e+10
0.07813,0.00625,1.7432e-1,4.4213e+10,1.1351e+11
0.08021,0.00625,1.6011e-1,4.2067e+10,7.7127e+10
0.08229,0.00625,1.4529e-1,3.5427e+10,6.7866e+10
0.08438,0.00625,1.2963e-1,3.9822e+10,6.5774e+10
0.08646,0.00625,1.1332e-1,3.4305e+10,6.1037e+10
0.08854,0.00625,9.5968e-2,3.1635e+10,2.1023e+10
0.09062,0.00625,8.0341e-2,2.3645e+10,2.9444e+10
0.09271,0.00625,6.5169e-2,1.1157e+10,3.1460e+10
0.09479,0.00625,4.9574e-2,2.7320e+9,5.3393e+10
0.09688,0.00625,3.1472e-2,5.2555e+8,4.9465e+10
0.09896,0.00625,1.0680e-2,2.2184e+8,1.5796e+10
0.00104,0.01042,6.5368e-1,1.1339e+10,0.0000e+0
0.00313,0.01042,6.5519e-1,1.3141e+10,0.0000e+0
0.00521,0.01042,6.5827e-1,1.1879e+10,0.0000e+0
0.00729,0.01042,6.6282e-1,2.0779e+10,0.0000e+0
0.00937,0.01042,6.6950e-1,2.4686e+10,0.0000e+0
0.01146,0.01042,6.7854e-1,1.9083e+10,5.2649e+10
0.01354,0.01042,6.8593e-1,1.6466e+10,1.3066e+11
0.01563,0.01042,6.8745e-1,2.5275e+10,1.2831e+11
0.01771,0.01042,6.8418e-1,3.1688e+10,1.2803e+11
0.01979,0.01042,6.7676e-1,3.2013e+10,9.7750e+10
0.02187,0.01042,6.6679e-1,3.5391e+10,7.8140e+10
0.02396,0.01042,6.5615e-1,3.2956e+10,8.1209e+10
0.02604,0.01042,6.4469e-1,2.8632e+10,2.6545e+10
0.02813,0.01042,6.3614e-1,3.0746e+10,7.8233e+10
0.03021,0.01042,6.2680e-1,3.0277e+10,9.2138e+10
0.03229,0.01042,6.1566e-1,3.9174e+10,7.6489e+10
0.03438,0.01042,6.0494e-1,3.5107e+10,8.1237e+10
0.03646,0.01042,5.9410e-1,3.4469e+10,1.2512e+11
0.03854,0.01042,5.7995e-1,4.2433e+10,1.0359e+11
0.04063,0.01042,5.6427e-1,5.0309e+10,7.2670e+10
0.04271,0.01042,5.4946e-1,4.9867e+10,5.1800e+10
0.04479,0.01042,5.3694e-1,4.8691e+10,6.2100e+10
0.04688,0.01042,5.2564e-1,4.7681e+10,6.0016e+10
0.04896,0.01042,5.1500e-1,4.7945e+10,1.0484e+11
0.05104,0.01042,5.0179e-1,4.5895e+10,1.1406e+11
0.05312,0.01042,4.8558e-1,4.9903e+10,7.7871e+10
0.05521,0.01042,4.6887e-1,5.0037e+10,7.2744e+10
0.05729,0.01042,4.5185e-1,5.5408e+10,6.6647e+10
0.05937,0.01042,4.3472e-1,5.6963e+10,4.2429e+10
0.06146,0.01042,4.1889e-1,5.2591e+10,3.8343e+10
0.06354,0.01042,4.0393e-1,5.7123e+10,5.7133e+10
0.06563,0.01042,3.8861e-1,5.3063e+10,7.0913e+10
0.06771,0.01042,3.7189e-1,5.1808e+10,5.9396e+10
0.06979,0.01042,3.5494e-1,5.8476e+10,6.9785e+10
0.07187,0.01042,3.3789e-1,5.6557e+10,1.0056e+11
0.07396,0.01042,3.1878e-1,6.7500e+10,9.0152e+10
0.07604,0.01042,2.9932e-1,5.8834e+10,9.4072e+10
0.07813,0.01042,2.7828e-1,5.4662e+10,7.8039e+10
0.08021,0.01042,2.5621e-1,4.9247e+10,8.1111e+10
0.08229,0.01042,2.3257e-1,4.8602e+10,6.3272e+10
0.08438,0.01042,2.0820e-1,4.5446e+10,5.2387e+10
0.08646,0.01042,1.8364e-1,3.8580e+10,7.2007e+10
0.08854,0.01042,1.5717e-1,4.1373e+10,3.8334e+10
0.09062,0.01042,1.3150e-1,2.8407e+10,3.4523e+10
0.09271,0.01042,1.0557e-1,1.4325e+10,2.9584e+10
0.09479,0.01042,7.8473e-2,4.8553e+9,3.1493e+10
0.09688,0.01042,4.9311e-2,8.5327e+8,4.7599e+10
0.09896,0.01042,1.6752e-2,2.3163e+8,1.7631e+10
0.00104,0.01458,9.0521e-1,2.1336e+10,0.0000e+0
0.00313,0.01458,9.0726e-1,1.5444e+10,0.0000e+0
0.00521,0.01458,9.1111e-1,1.5676e+10,0.0000e+0
0.00729,0.01458,9.1682e-1,2.6127e+10,0.0000e+0
0.00937,0.01458,9.2508e-1,2.4170e+10,3.0686e+9
0.01146,0.01458,9.3536e-1,2.0502e+10,1.0444e+11
0.01354,0.01458,9.4000e-1,1.6940e+10,8.3001e+10
0.01563,0.01458,9.4104e-1,2.9566e+10,1.5886e+11
0.01771,0.01458,9.3496e-1,3.4588e+10,1.0236e+11
0.01979,0.01458,9.2640e-1,4.0259e+10,1.1505e+11
0.02187,0.01458,9.1523e-1,4.6354e+10,1.3195e+11
0.02396,0.01458,9.0139e-1,4.3743e+10,8.7396e+10
0.02604,0.01458,8.8818e-1,4.3170e+10,1.0324e+11
0.02813,0.01458,8.7485e-1,4.6911e+10,1.2501e+11
0.03021,0.01458,8.5984e-1,4.4049e+10,1.1812e+11
0.03229,0.01458,8.4315e-1,4.8798e+10,9.0679e+10
0.03438,0.01458,8.2645e-1,5.1049e+10,1.0816e+11
0.03646,0.01458,8.0845e-1,4.9360e+10,9.7696e+10
0.03854,0.01458,7.8939e-1,5.6973e+10,8.5168e+10
0.04063,0.01458,7.7082e-1,5.6466e+10,8.3742e+10
0.04271,0.01458,7.5256e-1,5.3730e+10,4.3516e+10
0.04479,0.01458,7.3679e-1,5.4384e+10,4.2702e+10
0.04688,0.01458,7.2302e-1,5.1113e+10,8.3202e+10
0.04896,0.01458,7.0790e-1,5.5228e+10,1.3352e+11
0.05104,0.01458,6.8853e-1,5.7019e+10,9.6188e+10
0.05312,0.01458,6.6812e-1,5.8258e+10,1.1449e+11
0.05521,0.01458,6.4561e-1,6.0662e+10,8.2882e+10
0.05729,0.01458,6.2312e-1,6.7319e+10,6.6776e+10
0.05937,0.01458,6.0228e-1,7.2458e+10,5.9543e+10
0.06146,0.01458,5.8422e-1,6.1143e+10,1.0715e+11
0.06354,0.01458,5.6482e-1,5.8559e+10,1.3323e+11
0.06563,0.01458,5.4289e-1,5.9305e+10,1.2952e+11
0.06771,0.01458,5.1879e-1,5.7608e+10,1.2346e+11
0.06979,0.01458,4.9245e-1,6.4943e+10,1.0705e+11
0.07187,0.01458,4.6502e-1,6.6971e+10,8.5887e+10
0.07396,0.01458,4.3732e-1,7.3765e+10,7.1730e+10
0.07604,0.01458,4.1025e-1,6.4060e+10,8.9725e+10
0.07813,0.01458,3.8132e-1,6.1071e+10,7.8070e+10
0.08021,0.01458,3.5095e-1,6.0232e+10,5.6475e+10
0.08229,0.01458,3.2057e-1,5.6564e+10,8.5004e+10
0.08438,0.01458,2.8777e-1,6.1222e+10,7.2831e+10
0.08646,0.01458,2.5358e-1,5.2139e+10,5.0503e+10
0.08854,0.01458,2.1862e-1,5.1598e+10,3.5726e+10
0.09062,0.01458,1.8409e-1,3.0896e+10,4.3105e+10
0.09271,0.01458,1.4828e-1,1.4645e+10,5.1013e+10
0.09479,0.01458,1.0972e-1,5.5262e+9,3.9138e+10
0.09688,0.01458,6.8702e-2,1.1835e+9,5.5485e+10
0.09896,0.01458,2.3918e-2,2.6700e+8,5.0697e+10
0.00104,0.01875,1.1470e+0,2.4491e+10,0.0000e+0
0.00313,0.01875,1.1492e+0,2.9577e+10,0.0000e+0
0.00521,0.01875,1.1538e+0,2.5110e+10,0.0000e+0
0.00729,0.01875,1.1608e+0,3.2727e+10,0.0000e+0
0.00937,0.01875,1.1710e+0,3.1086e+10,2.8687e+10
0.01146,0.01875,1.1829e+0,3.1776e+10,1.8525e+11
0.01354,0.01875,1.1860e+0,2.9055e+10,1.5537e+11
0.01563,0.01875,1.1838e+0,3.6171e+10,1.4264e+11
0.01771,0.01875,1.1778e+0,3.7668e+10,1.6676e+11
0.01979,0.01875,1.1672e+0,4.5325e+10,1.7147e+11
0.02187,0.01875,1.1523e+0,5.3731e+10,1.4907e+11
0.02396,0.01875,1.1351e+0,5.1879e+10,1.1708e+11
0.02604,0.01875,1.1175e+0,5.7604e+10,1.0319e+11
0.02813,0.01875,1.1000e+0,6.2013e+10,1.2204e+11
0.03021,0.01875,1.0808e+0,5.5146e+10,7.7801e+10
0.03229,0.01875,1.0618e+0,5.4914e+10,1.2304e+11
0.03438,0.01875,1.0395e+0,6.2440e+10,1.0310e+11
0.03646,0.01875,1.0161e+0,6.2329e+10,9.6527e+10
0.03854,0.01875,9.9207e-1,6.5146e+10,4.5501e+10
0.04063,0.01875,9.7132e-1,6.1779e+10,6.0984e+10
0.04271,0.01875,9.5228e-1,6.3954e+10,6.5708e+10
0.04479,0.01875,9.3503e-1,5.8528e+10,8.8293e+10
0.04688,0.01875,9.1824e-1,5.7331e+10,1.7260e+11
0.04896,0.01875,8.9616e-1,6.5779e+10,1.6093e+11
0.05104,0.01875,8.7040e-1,6.9553e+10,1.1442e+11
0.05312,0.01875,8.4476e-1,7.2234e+10,1.1996e+11
0.05521,0.01875,8.1868e-1,7.0406e+10,1.2965e+11
0.05729,0.01875,7.9113e-1,8.2457e+10,9.4292e+10
0.05937,0.01875,7.6545e-1,8.0275e+10,7.4443e+10
0.06146,0.01875,7.4307e-1,7.0723e+10,1.9176e+11
0.06354,0.01875,7.1501e-1,6.6741e+10,1.0547e+11
0.06563,0.01875,6.8675e-1,6.4895e+10,1.1339e+11
0.06771,0.01875,6.5704e-1,6.5677e+10,1.2884e+11
0.06979,0.01875,6.2431e-1,6.8532e+10,9.6604e+10
0.07187,0.01875,5.9050e-1,6.6710e+10,6.4772e+10
0.07396,0.01875,5.5706e-1,8.4312e+10,8.6400e+10
0.07604,0.01875,5.2362e-1,7.3927e+10,1.0427e+11
0.07813,0.01875,4.8800e-1,6.6177e+10,9.5314e+10
0.08021,0.01875,4.5003e-1,6.8658e+10,6.6349e+10
0.08229,0.01875,4.1250e-1,6.2925e+10,1.0897e+11
0.08438,0.01875,3.7260e-1,6.8989e+10,1.2023e+11
0.08646,0.01875,3.3045e-1,6.6337e+10,1.1295e+11
0.08854,0.01875,2.8655e-1,6.1449e+10,9.8840e+10
0.09062,0.01875,2.4122e-1,4.3273e+10,8.1162e+10
0.09271,0.01875,1.9390e-1,1.9025e+10,6.8249e+10
0.09479,0.01875,1.4377e-1,7.2279e+9,7.2208e+10
0.09688,0.01875,8.9767e-2,1.4266e+9,7.6423e+10
0.09896,0.01875,3.1354e-2,3.9392e+8,7.4556e+10
0.00104,0.02292,1.3791e+0,3.1373e+10,0.0000e+0
0.00313,0.02292,1.3813e+0,3.0765e+10,0.0000e+0
0.00521,0.02292,1.3858e+0,2.3895e+10,0.0000e+0
0.00729,0.02292,1.3922e+0,3.0727e+10,0.0000e+0
0.00937,0.02292,1.4010e+0,3.6854e+10,5.5977e+9
0.01146,0.02292,1.4123e+0,3.3655e+10,1.9362e+11
0.01354,0.02292,1.4131e+0,3.7270e+10,1.1556e+11
0.01563,0.02292,1.4105e+0,4.5770e+10,1.4556e+11
0.01771,0.02292,1.4029e+0,4.4540e+10,1.2986e+11
0.01979,0.02292,1.3905e+0,5.2812e+10,1.2996e+11
0.02187,0.02292,1.3746e+0,6.3589e+10,1.4034e+11
0.02396,0.02292,1.3557e+0,6.4681e+10,7.8906e+10
0.02604,0.02292,1.3383e+0,6.4141e+10,1.2389e+11
0.02813,0.02292,1.3182e+0,6.1529e+10,6.2994e+10
0.03021,0.02292,1.2990e+0,5.9465e+10,1.0281e+11
0.03229,0.02292,1.2775e+0,6.3326e+10,1.8344e+11
0.03438,0.02292,1.2495e+0,6.8434e+10,1.0610e+11
0.03646,0.02292,1.2212e+0,6.7971e+10,1.0501e+11
0.03854,0.02292,1.1926e+0,6.7839e+10,2.7943e+10
0.04063,0.02292,1.1693e+0,6.6306e+10,7.7330e+10
0.04271,0.02292,1.1478e+0,7.7587e+10,1.4100e+11
0.04479,0.02292,1.1253e+0,8.1045e+10,1.3940e+11
0.04688,0.02292,1.1019e+0,6.9464e+10,1.8431e+11
0.04896,0.02292,1.0733e+0,7.8913e+10,1.5306e+11
0.05104,0.02292,1.0419e+0,8.4651e+10,8.9500e+10
0.05312,0.02292,1.0122e+0,8.4748e+10,9.6802e+10
0.05521,0.02292,9.8304e-1,8.3263e+10,1.2829e+11
0.05729,0.02292,9.5188e-1,9.0953e+10,1.1788e+11
0.05937,0.02292,9.2060e-1,9.0593e+10,1.0598e+11
0.06146,0.02292,8.9001e-1,8.3216e+10,1.2103e+11
0.06354,0.02292,8.5758e-1,8.0090e+10,9.5616e+10
0.06563,0.02292,8.2487e-1,8.1284e+10,1.0647e+11
0.06771,0.02292,7.9131e-1,8.6307e+10,1.3212e+11
0.06979,0.02292,7.5567e-1,8.0196e+10,1.1677e+11
0.07187,0.02292,7.1901e-1,7.1001e+10,1.2796e+11
0.07396,0.02292,6.7990e-1,9.3989e+10,1.3101e+11
0.07604,0.02292,6.3997e-1,8.8191e+10,1.2601e+11
0.07813,0.02292,5.9883e-1,8.7702e+10,1.8664e+11
0.08021,0.02292,5.5198e-1,8.5031e+10,1.2735e+11
0.08229,0.02292,5.0335e-1,6.6680e+10,7.6551e+10
0.08438,0.02292,4.5443e-1,7.4611e+10,1.0180e+11
0.08646,0.02292,4.0382e-1,7.1881e+10,8.5959e+10
0.08854,0.02292,3.5263e-1,6.4118e+10,1.1527e+11
0.09062,0.02292,2.9869e-1,4.6961e+10,1.3318e+11
0.09271,0.02292,2.3969e-1,1.9753e+10,7.9154e+10
0.09479,0.02292,1.7748e-1,8.3650e+9,9.7073e+10
0.09688,0.02292,1.0974e-1,2.2632e+9,7.1337e+10
0.09896,0.02292,3.7765e-2,5.4866e+8,6.2331e+10
0.00104,0.02708,1.6034e+0,2.4633e+10,0.0000e+0
0.00313,0.02708,1.6052e+0,3.4261e+10,0.0000e+0
0.00521,0.02708,1.6091e+0,3.0532e+10,0.0000e+0
0.00729,0.02708,1.6147e+0,3.0778e+10,0.0000e+0
0.00937,0.02708,1.6219e+0,3.5597e+10,1.2731e+10
0.01146,0.02708,1.6294e+0,4.1211e+10,1.2392e+11
0.01354,0.02708,1.6294e+0,4.8148e+10,5.9031e+10
0.01563,0.02708,1.6285e+0,6.0477e+10,1.1223e+11
0.01771,0.02708,1.6247e+0,5.6070e+10,2.3870e+11
0.01979,0.02708,1.6100e+0,5.9103e+10,1.6058e+11
0.02187,0.02708,1.5915e+0,6.9806e+10,1.2199e+11
0.02396,0.02708,1.5719e+0,7.0364e+10,2.6672e+10
0.02604,0.02708,1.5574e+0,6.6633e+10,1.6170e+11
0.02813,0.02708,1.5383e+0,6.3891e+10,1.2223e+11
0.03021,0.02708,1.5180e+0,6.2803e+10,2.4207e+11
0.03229,0.02708,1.4882e+0,6.4856e+10,1.6215e+11
0.03438,0.02708,1.4556e+0,7.8268e+10,1.4656e+11
0.03646,0.02708,1.4222e+0,8.0821e+10,1.2385e+11
0.03854,0.02708,1.3902e+0,7.8367e+10,9.8376e+10
0.04063,0.02708,1.3609e+0,7.7392e+10,1.1831e+11
0.04271,0.02708,1.3323e+0,8.5209e+10,1.1038e+11
0.04479,0.02708,1.3046e+0,9.6261e+10,1.4502e+11
0.04688,0.02708,1.2753e+0,8.4749e+10,1.3916e+11
0.04896,0.02708,1.2430e+0,9.8508e+10,1.1323e+11
0.05104,0.02708,1.2104e+0,9.8444e+10,1.0932e+11
0.05312,0.02708,1.1782e+0,1.0112e+11,1.2364e+11
0.05521,0.02708,1.1458e+0,1.0305e+11,1.8316e+11
0.05729,0.02708,1.1092e+0,1.0944e+11,1.2913e+11
0.05937,0.02708,1.0725e+0,1.1303e+11,1.1141e+11
0.06146,0.02708,1.0367e+0,9.7016e+10,1.1012e+11
0.06354,0.02708,1.0006e+0,8.6220e+10,1.2487e+11
0.06563,0.02708,9.6270e-1,9.9589e+10,1.2517e+11
0.06771,0.02708,9.2380e-1,1.1186e+11,1.3771e+11
0.06979,0.02708,8.8395e-1,1.0333e+11,1.1816e+11
0.07187,0.02708,8.4380e-1,8.8537e+10,1.6059e+11
0.07396,0.02708,7.9886e-1,1.0353e+11,1.1335e+11
0.07604,0.02708,7.5372e-1,9.4206e+10,1.3307e+11
0.07813,0.02708,7.0610e-1,1.0108e+11,1.8137e+11
0.08021,0.02708,6.5278e-1,1.0301e+11,1.3395e+11
0.08229,0.02708,5.9716e-1,9.5845e+10,1.2968e+11
0.08438,0.02708,5.3940e-1,9.5671e+10,1.1996e+11
0.08646,0.02708,4.7995e-1,8.1395e+10,1.0744e+11
0.08854,0.02708,4.1862e-1,7.2162e+10,1.1143e+11
0.09062,0.02708,3.5451e-1,5.1794e+10,1.2933e+11
0.09271,0.02708,2.8507e-1,2.3419e+10,9.3886e+10
0.09479,0.02708,2.1120e-1,9.8325e+9,1.1015e+11
0.09688,0.02708,1.3093e-1,2.6271e+9,9.4294e+10
0.09896,0.02708,4.5211e-2,6.0622e+8,8.5950e+10
0.00104,0.03125,1.8214e+0,3.1968e+10,0.0000e+0
0.00313,0.03125,1.8235e+0,2.9687e+10,0.0000e+0
0.00521,0.03125,1.8274e+0,3.4026e+10,0.0000e+0
0.00729,0.03125,1.8336e+0,3.8252e+10,6.5041e+8
0.00937,0.03125,1.8421e+0,4.0687e+10,8.6822e+10
0.01146,0.03125,1.8477e+0,4.4046e+10,1.5377e+11
0.01354,0.03125,1.8465e+0,5.1222e+10,1.1362e+11
0.01563,0.03125,1.8430e+0,6.5895e+10,1.4277e+11
0.01771,0.03125,1.8367e+0,6.1073e+10,2.4354e+11
0.01979,0.03125,1.8202e+0,6.2103e+10,1.0436e+11
0.02187,0.03125,1.8038e+0,7.1627e+10,1.1617e+11
0.02396,0.03125,1.7871e+0,7.6029e+10,1.1847e+11
0.02604,0.03125,1.7701e+0,7.3666e+10,1.5116e+11
0.02813,0.03125,1.7509e+0,7.2023e+10,2.3318e+11
0.03021,0.03125,1.7255e+0,6.6221e+10,3.2028e+11
0.03229,0.03125,1.6881e+0,7.4662e+10,1.5681e+11
0.03438,0.03125,1.6507e+0,8.2300e+10,1.7612e+11
0.03646,0.03125,1.6124e+0,8.4860e+10,1.1434e+11
0.03854,0.03125,1.5768e+0,8.8777e+10,1.1544e+11
0.04063,0.03125,1.5430e+0,8.7833e+10,1.0237e+11
0.04271,0.03125,1.5110e+0,9.7279e+10,1.1849e+11
0.04479,0.03125,1.4798e+0,1.0434e+11,1.2168e+11
0.04688,0.03125,1.4493e+0,1.0549e+11,1.8219e+11
0.04896,0.03125,1.4151e+0,1.1204e+11,1.8295e+11
0.05104,0.03125,1.3786e+0,1.1576e+11,1.4324e+11
0.05312,0.03125,1.3432e+0,1.2157e+11,1.8925e+11
0.05521,0.03125,1.3057e+0,1.1802e+11,1.8071e+11
0.05729,0.03125,1.2659e+0,1.2082e+11,1.4578e+11
0.05937,0.03125,1.2262e+0,1.1396e+11,1.4928e+11
0.06146,0.03125,1.1854e+0,1.0727e+11,1.2746e+11
0.06354,0.03125,1.1438e+0,1.0169e+11,1.2352e+11
0.06563,0.03125,1.1013e+0,1.1778e+11,1.6225e+11
0.06771,0.03125,1.0568e+0,1.2245e+11,1.2745e+11
0.06979,0.03125,1.0135e+0,1.2201e+11,1.4721e+11
0.07187,0.03125,9.7008e-1,9.8615e+10,2.0632e+11
0.07396,0.03125,9.2059e-1,1.0596e+11,1.4963e+11
0.07604,0.03125,8.7027e-1,1.0047e+11,1.8383e+11
0.07813,0.03125,8.1632e-1,1.0338e+11,1.8824e+11
0.08021,0.03125,7.5867e-1,1.1145e+11,2.4233e+11
0.08229,0.03125,6.9468e-1,1.1976e+11,1.7907e+11
0.08438,0.03125,6.2932e-1,1.0791e+11,1.8642e+11
0.08646,0.03125,5.6124e-1,9.6999e+10,1.8824e+11
0.08854,0.03125,4.8927e-1,8.3618e+10,1.6813e+11
0.09062,0.03125,4.1342e-1,6.0419e+10,1.5283e+11
0.09271,0.03125,3.3248e-1,2.9176e+10,1.2397e+11
0.09479,0.03125,2.4578e-1,1.1035e+10,1.1623e+11
0.09688,0.03125,1.5224e-1,2.1497e+9,1.0501e+11
0.09896,0.03125,5.2086e-2,4.2387e+8,7.2335e+10
0.00104,0.03542,2.0333e+0,3.3684e+10,0.0000e+0
0.00313,0.03542,2.0354e+0,3.5530e+10,0.0000e+0
0.00521,0.03542,2.0397e+0,3.7779e+10,0.0000e+0
0.00729,0.03542,2.0461e+0,4.3829e+10,1.7176e+10
0.00937,0.03542,2.0536e+0,4.8201e+10,8.9473e+10
0.01146,0.03542,2.0570e+0,5.7447e+10,1.5004e+11
0.01354,0.03542,2.0546e+0,6.0916e+10,1.8552e+11
0.01563,0.03542,2.0473e+0,7.2637e+10,1.8109e+11
0.01771,0.03542,2.0377e+0,7.1392e+10,2.1195e+11
0.01979,0.03542,2.0232e+0,6.8690e+10,1.2231e+11
0.02187,0.03542,2.0102e+0,8.4191e+10,1.9026e+11
0.02396,0.03542,1.9955e+0,8.8763e+10,2.8530e+11
0.02604,0.03542,1.9731e+0,8.1230e+10,2.6655e+11
0.02813,0.03542,1.9446e+0,8.2850e+10,2.8257e+11
0.03021,0.03542,1.9096e+0,7.8519e+10,1.9915e+11
0.03229,0.03542,1.8718e+0,8.6486e+10,2.2781e+11
0.03438,0.03542,1.8294e+0,8.9787e+10,1.0766e+11
0.03646,0.03542,1.7906e+0,9.7189e+10,1.0270e+11
0.03854,0.03542,1.7554e+0,1.0233e+11,1.5497e+11
0.04063,0.03542,1.7200e+0,1.0059e+11,1.3776e+11
0.04271,0.03542,1.6855e+0,1.0688e+11,1.1758e+11
0.04479,0.03542,1.6532e+0,1.1390e+11,1.7599e+11
0.04688,0.03542,1.6194e+0,1.1983e+11,2.3971e+11
0.04896,0.03542,1.5800e+0,1.3752e+11,1.9327e+11
0.05104,0.03542,1.5396e+0,1.3392e+11,1.4136e+11
0.05312,0.03542,1.5013e+0,1.3410e+11,1.8350e+11
0.05521,0.03542,1.4609e+0,1.3625e+11,1.4856e+11
0.05729,0.03542,1.4205e+0,1.3417e+11,1.7077e+11
0.05937,0.03542,1.3785e+0,1.2695e+11,1.5067e+11
0.06146,0.03542,1.3365e+0,1.1730e+11,2.2141e+11
0.06354,0.03542,1.2892e+0,1.2135e+11,1.8064e+11
0.06563,0.03542,1.2393e+0,1.4048e+11,1.6374e+11
0.06771,0.03542,1.1888e+0,1.4895e+11,1.2174e+11
0.06979,0.03542,1.1409e+0,1.4084e+11,1.5738e+11
0.07187,0.03542,1.0922e+0,1.1606e+11,2.0709e+11
0.07396,0.03542,1.0375e+0,1.1484e+11,1.5709e+11
0.07604,0.03542,9.8084e-1,1.0693e+11,1.6857e+11
0.07813,0.03542,9.2069e-1,1.1477e+11,2.0854e+11
0.08021,0.03542,8.5509e-1,1.3037e+11,1.9417e+11
0.08229,0.03542,7.8555e-1,1.2794e+11,1.8168e+11
0.08438,0.03542,7.1209e-1,1.1558e+11,1.4285e+11
0.08646,0.03542,6.3616e-1,1.0100e+11,1.5442e+11
0.08854,0.03542,5.5587e-1,9.3004e+10,1.5844e+11
0.09062,0.03542,4.7084e-1,6.4594e+10,1.4216e+11
0.09271,0.03542,3.8064e-1,3.1890e+10,1.5476e+11
0.09479,0.03542,2.8265e-1,1.0600e+10,1.5400e+11
0.09688,0.03542,1.7602e-1,2.8525e+9,1.4752e+11
0.09896,0.03542,6.1042e-2,5.0292e+8,1.2732e+11
0.00104,0.03958,2.2387e+0,4.1637e+10,0.0000e+0
0.00313,0.03958,2.2414e+0,4.3609e+10,0.0000e+0
0.00521,0.03958,2.2466e+0,4.4522e+10,0.0000e+0
0.00729,0.03958,2.2544e+0,4.7697e+10,9.8861e+9
0.00937,0.03958,2.2642e+0,4.8719e+10,2.4250e+11
0.01146,0.03958,2.2596e+0,5.9068e+10,2.1865e+11
0.01354,0.03958,2.2462e+0,6.9574e+10,1.5138e+11
0.01563,0.03958,2.2309e+0,7.8955e+10,5.7948e+10
0.01771,0.03958,2.2204e+0,7.5825e+10,1.4566e+11
0.01979,0.03958,2.2087e+0,7.4317e+10,1.7128e+11
0.02187,0.03958,2.1956e+0,9.8647e+10,2.2776e+11
0.02396,0.03958,2.1798e+0,9.4558e+10,4.0023e+11
0.02604,0.03958,2.1497e+0,9.3891e+10,3.1381e+11
0.02813,0.03958,2.1115e+0,9.3514e+10,1.1594e+11
0.03021,0.03958,2.0772e+0,9.5949e+10,2.2028e+11
0.03229,0.03958,2.0393e+0,1.0153e+11,2.2362e+11
0.03438,0.03958,1.9982e+0,1.0122e+11,1.0539e+11
0.03646,0.03958,1.9615e+0,1.0797e+11,1.5108e+11
0.03854,0.03958,1.9255e+0,1.1515e+11,1.6932e+11
0.04063,0.03958,1.8891e+0,1.1259e+11,1.2184e+11
0.04271,0.03958,1.8549e+0,1.1818e+11,1.7125e+11
0.04479,0.03958,1.8190e+0,1.2825e+11,1.9744e+11
0.04688,0.03958,1.7804e+0,1.3967e+11,2.1519e+11
0.04896,0.03958,1.7385e+0,1.5175e+11,1.9977e+11
0.05104,0.03958,1.6965e+0,1.5053e+11,1.5676e+11
0.05312,0.03958,1.6580e+0,1.4576e+11,2.2131e+11
0.05521,0.03958,1.6182e+0,1.5393e+11,2.6075e+11
0.05729,0.03958,1.5761e+0,1.5373e+11,3.0287e+11
0.05937,0.03958,1.5291e+0,1.5602e+11,2.2051e+11
0.06146,0.03958,1.4826e+0,1.4252e+11,2.5345e+11
0.06354,0.03958,1.4325e+0,1.4647e+11,2.5861e+11
0.06563,0.03958,1.3790e+0,1.5890e+11,2.3066e+11
0.06771,0.03958,1.3252e+0,1.7007e+11,2.3831e+11
0.06979,0.03958,1.2718e+0,1.5208e+11,2.6607e+11
0.07187,0.03958,1.2156e+0,1.2900e+11,2.5611e+11
0.07396,0.03958,1.1556e+0,1.2244e+11,2.4446e+11
0.07604,0.03958,1.0923e+0,1.1574e+11,2.4298e+11
0.07813,0.03958,1.0241e+0,1.3291e+11,2.0920e+11
0.08021,0.03958,9.5426e-1,1.4583e+11,2.2961e+11
0.08229,0.03958,8.8245e-1,1.4143e+11,3.0369e+11
0.08438,0.03958,8.0357e-1,1.2413e+11,2.6090e+11
0.08646,0.03958,7.1925e-1,1.0592e+11,2.4556e+11
0.08854,0.03958,6.2866e-1,1.0303e+11,2.2177e+11
0.09062,0.03958,5.3267e-1,6.7838e+10,2.0064e+11
0.09271,0.03958,4.2980e-1,3.0625e+10,1.8465e+11
0.09479,0.03958,3.1806e-1,1.0912e+10,1.6270e+11
0.09688,0.03958,1.9725e-1,3.4698e+9,1.3721e+11
0.09896,0.03958,6.8563e-2,6.5498e+8,1.4452e+11
0.00104,0.04375,2.4358e+0,5.0369e+10,0.0000e+0
0.00313,0.04375,2.4401e+0,3.9080e+10,1.0206e+10
0.00521,0.04375,2.4473e+0,4.8283e+10,4.2891e+10
0.00729,0.04375,2.4561e+0,5.8177e+10,2.4369e+10
0.00937,0.04375,2.4696e+0,5.7925e+10,5.4497e+11
0.01146,0.04375,2.4539e+0,6.9052e+10,3.4353e+11
0.01354,0.04375,2.4284e+0,8.2688e+10,1.2740e+11
0.01563,0.04375,2.4086e+0,8.8149e+10,1.5138e+11
0.01771,0.04375,2.3909e+0,9.0583e+10,1.4511e+11
0.01979,0.04375,2.3748e+0,8.4582e+10,1.8703e+11
0.02187,0.04375,2.3569e+0,9.9914e+10,2.6252e+11
0.02396,0.04375,2.3333e+0,9.8309e+10,3.0074e+11
0.02604,0.04375,2.3005e+0,1.0985e+11,2.0377e+11
0.02813,0.04375,2.2665e+0,9.9756e+10,2.2977e+11
0.03021,0.04375,2.2296e+0,1.0678e+11,1.9693e+11
0.03229,0.04375,2.1920e+0,1.1436e+11,1.4331e+11
0.03438,0.04375,2.1572e+0,1.1698e+11,1.5424e+11
0.03646,0.04375,2.1245e+0,1.2284e+11,2.4800e+11
0.03854,0.04375,2.0881e+0,1.2272e+11,1.7101e+11
0.04063,0.04375,2.0536e+0,1.2838e+11,1.8088e+11
0.04271,0.04375,2.0210e+0,1.2588e+11,3.1423e+11
0.04479,0.04375,1.9808e+0,1.4119e+11,2.6400e+11
0.04688,0.04375,1.9377e+0,1.5522e+11,3.0241e+11
0.04896,0.04375,1.8899e+0,1.6483e+11,2.1011e+11
0.05104,0.04375,1.8438e+0,1.6784e+11,1.5905e+11
0.05312,0.04375,1.8026e+0,1.6116e+11,2.6690e+11
0.05521,0.04375,1.7575e+0,1.6579e+11,2.3707e+11
0.05729,0.04375,1.7108e+0,1.6679e+11,2.2205e+11
0.05937,0.04375,1.6639e+0,1.7011e+11,2.7014e+11
0.06146,0.04375,1.6148e+0,1.4707e+11,2.7908e+11
0.06354,0.04375,1.5611e+0,1.7808e+11,2.9586e+11
0.06563,0.04375,1.5040e+0,1.8752e+11,2.8431e+11
0.06771,0.04375,1.4453e+0,2.0173e+11,3.0317e+11
0.06979,0.04375,1.3844e+0,1.7581e+11,2.6456e+11
0.07187,0.04375,1.3209e+0,1.4427e+11,1.9971e+11
0.07396,0.04375,1.2561e+0,1.4497e+11,1.9610e+11
0.07604,0.04375,1.1900e+0,1.4049e+11,2.6673e+11
0.07813,0.04375,1.1177e+0,1.4863e+11,2.4342e+11
0.08021,0.04375,1.0423e+0,1.5792e+11,2.5142e+11
0.08229,0.04375,9.6426e-1,1.5832e+11,2.7794e+11
0.08438,0.04375,8.8191e-1,1.2843e+11,3.0221e+11
0.08646,0.04375,7.9195e-1,1.1797e+11,2.8751e+11
0.08854,0.04375,6.9456e-1,1.1141e+11,2.8445e+11
0.09062,0.04375,5.8941e-1,7.1083e+10,2.5310e+11
0.09271,0.04375,4.7566e-1,3.0144e+10,2.1785e+11
0.09479,0.04375,3.5234e-1,1.0056e+10,2.0206e+11
0.09688,0.04375,2.1868e-1,2.8787e+9,1.7380e+11
0.09896,0.04375,7.5844e-2,5.7086e+8,1.5874e+11
0.00104,0.04792,2.6145e+0,5.3324e+10,3.1010e+10
0.00313,0.04792,2.6210e+0,3.8855e+10,9.7377e+10
0.00521,0.04792,2.6304e+0,5.0191e+10,2.3034e+11
0.00729,0.04792,2.6369e+0,6.4305e+10,2.7867e+11
0.00937,0.04792,2.6396e+0,6.4230e+10,6.0725e+11
0.01146,0.04792,2.6162e+0,7.6287e+10,3.0453e+11
0.01354,0.04792,2.5882e+0,8.7131e+10,1.0928e+11
0.01563,0.04792,2.5673e+0,1.0052e+11,1.9147e+11
0.01771,0.04792,2.5464e+0,1.0305e+11,2.0796e+11
0.01979,0.04792,2.5228e+0,9.6151e+10,1.6679e+11
0.02187,0.04792,2.4981e+0,1.1436e+11,2.0307e+11
0.02396,0.04792,2.4695e+0,1.1095e+11,1.9216e+11
0.02604,0.04792,2.4371e+0,1.1720e+11,1.8110e+11
0.02813,0.04792,2.4029e+0,1.1442e+11,1.9421e+11
0.03021,0.04792,2.3670e+0,1.2561e+11,1.4451e+11
0.03229,0.04792,2.3342e+0,1.2703e+11,1.6188e+11
0.03438,0.04792,2.3036e+0,1.2251e+11,2.2524e+11
0.03646,0.04792,2.2712e+0,1.2971e+11,2.5794e+11
0.03854,0.04792,2.2356e+0,1.3451e+11,2.1734e+11
0.04063,0.04792,2.2007e+0,1.4778e+11,2.3380e+11
0.04271,0.04792,2.1659e+0,1.3557e+11,3.1042e+11
0.04479,0.04792,2.1233e+0,1.4556e+11,2.8164e+11
0.04688,0.04792,2.0757e+0,1.5216e+11,2.1544e+11
0.04896,0.04792,2.0278e+0,1.6595e+11,1.9594e+11
0.05104,0.04792,1.9816e+0,1.7350e+11,2.1234e+11
0.05312,0.04792,1.9362e+0,1.7863e+11,2.6386e+11
0.05521,0.04792,1.8880e+0,1.8096e+11,3.0681e+11
0.05729,0.04792,1.8354e+0,1.7330e+11,2.4722e+11
0.05937,0.04792,1.7833e+0,1.9101e+11,2.8007e+11
0.06146,0.04792,1.7303e+0,1.6853e+11,2.9544e+11
0.06354,0.04792,1.6740e+0,2.0071e+11,3.6521e+11
0.06563,0.04792,1.6118e+0,2.0994e+11,2.7939e+11
0.06771,0.04792,1.5501e+0,2.2076e+11,3.0171e+11
0.06979,0.04792,1.4871e+0,1.9293e+11,2.8326e+11
0.07187,0.04792,1.4218e+0,1.6959e+11,2.7892e+11
0.07396,0.04792,1.3527e+0,1.6196e+11,2.6521e+11
0.07604,0.04792,1.2801e+0,1.5916e+11,2.6777e+11
0.07813,0.04792,1.2023e+0,1.6427e+11,2.6730e+11
0.08021,0.04792,1.1194e+0,1.6662e+11,2.3274e+11
0.08229,0.04792,1.0338e+0,1.6803e+11,2.4776e+11
0.08438,0.04792,9.4460e-1,1.4318e+11,2.4695e+11
0.08646,0.04792,8.5014e-1,1.2094e+11,2.8373e+11
0.08854,0.04792,7.4670e-1,1.0710e+11,2.8332e+11
0.09062,0.04792,6.3345e-1,7.0374e+10,2.2654e+11
0.09271,0.04792,5.1145e-1,3.3747e+10,2.1192e+11
0.09479,0.04792,3.7899e-1,8.1385e+9,2.0227e+11
0.09688,0.04792,2.3497e-1,2.7599e+9,1.6960e+11
0.09896,0.04792,8.1265e-2,7.0167e+8,1.5460e+11
0.00104,0.05208,2.7477e+0,4.2143e+10,7.8251e+10
0.00313,0.05208,2.7514e+0,3.3198e+10,1.2701e+11
0.00521,0.05208,2.7552e+0,4.6149e+10,1.0987e+11
0.00729,0.05208,2.7607e+0,6.0047e+10,3.4696e+11
0.00937,0.05208,2.7520e+0,6.5961e+10,1.1116e+11
0.01146,0.05208,2.7441e+0,7.8413e+10,2.8477e+11
0.01354,0.05208,2.7281e+0,9.3552e+10,2.7453e+11
0.01563,0.05208,2.7082e+0,1.0525e+11,1.7749e+11
0.01771,0.05208,2.6903e+0,1.0584e+11,3.1915e+11
0.01979,0.05208,2.6632e+0,1.0073e+11,1.6714e+11
0.02187,0.05208,2.6375e+0,1.1118e+11,2.7201e+11
0.02396,0.05208,2.6059e+0,1.1826e+11,2.3615e+11
0.02604,0.05208,2.5713e+0,1.2421e+11,2.5684e+11
0.02813,0.05208,2.5316e+0,1.2294e+11,1.2014e+11
0.03021,0.05208,2.4954e+0,1.3898e+11,1.1125e+11
0.03229,0.05208,2.4644e+0,1.3308e+11,1.7731e+11
0.03438,0.05208,2.4327e+0,1.2822e+11,2.1480e+11
0.03646,0.05208,2.3981e+0,1.4773e+11,2.1693e+11
0.03854,0.05208,2.3620e+0,1.5184e+11,1.7780e+11
0.04063,0.05208,2.3276e+0,1.6113e+11,1.9961e+11
0.04271,0.05208,2.2942e+0,1.5550e+11,3.3954e+11
0.04479,0.05208,2.2517e+0,1.6421e+11,3.1961e+11
0.04688,0.05208,2.2035e+0,1.6977e+11,2.3420e+11
0.04896,0.05208,2.1576e+0,1.8472e+11,2.8429e+11
0.05104,0.05208,2.1119e+0,1.8119e+11,3.6607e+11
0.05312,0.05208,2.0609e+0,1.9001e+11,3.7196e+11
0.05521,0.05208,2.0044e+0,2.0120e+11,3.5821e+11
0.05729,0.05208,1.9429e+0,2.0368e+11,2.1835e+11
0.05937,0.05208,1.8851e+0,2.0374e+11,2.5346e+11
0.06146,0.05208,1.8271e+0,1.9464e+11,2.8252e+11
0.06354,0.05208,1.7660e+0,2.2095e+11,2.7023e+11
0.06563,0.05208,1.7040e+0,2.2152e+11,2.5733e+11
0.06771,0.05208,1.6421e+0,2.3217e+11,2.8979e+11
0.06979,0.05208,1.5783e+0,2.0501e+11,2.8720e+11
0.07187,0.05208,1.5110e+0,1.8507e+11,2.9452e+11
0.07396,0.05208,1.4392e+0,1.7520e+11,2.7097e+11
0.07604,0.05208,1.3647e+0,1.8597e+11,3.3551e+11
0.07813,0.05208,1.2837e+0,1.7952e+11,3.2915e+11
0.08021,0.05208,1.1957e+0,1.8478e+11,3.2532e+11
0.08229,0.05208,1.1012e+0,1.7940e+11,2.5827e+11
0.08438,0.05208,1.0049e+0,1.4780e+11,2.8353e+11
0.08646,0.05208,9.0264e-1,1.2475e+11,2.7888e+11
0.08854,0.05208,7.9288e-1,1.1716e+11,2.8696e+11
0.09062,0.05208,6.7428e-1,7.3291e+10,2.7533e+11
0.09271,0.05208,5.4454e-1,3.2205e+10,2.3903e+11
0.09479,0.05208,4.0307e-1,8.0421e+9,2.0548e+11
0.09688,0.05208,2.5038e-1,2.7003e+9,1.9170e+11
0.09896,0.05208,8.6960e-2,7.2252e+8,1.8391e+11
0.00104,0.05625,2.8401e+0,3.1256e+10,0.0000e+0
0.00313,0.05625,2.8421e+0,3.3922e+10,0.0000e+0
0.00521,0.05625,2.8460e+0,5.4881e+10,5.7105e+9
0.00729,0.05625,2.8523e+0,7.1944e+10,1.0262e+11
0.00937,0.05625,2.8552e+0,6.9187e+10,2.3625e+11
0.01146,0.05625,2.8477e+0,8.5258e+10,1.6298e+11
0.01354,0.05625,2.8378e+0,9.8418e+10,1.3715e+11
0.01563,0.05625,2.8291e+0,1.0597e+11,2.7218e+11
0.01771,0.05625,2.8141e+0,1.1022e+11,3.5248e+11
0.01979,0.05625,2.7881e+0,1.1073e+11,2.2266e+11
0.02187,0.05625,2.7611e+0,1.1639e+11,3.0397e+11
0.02396,0.05625,2.7285e+0,1.2584e+11,2.2794e+11
0.02604,0.05625,2.6964e+0,1.2981e+11,3.0583e+11
0.02813,0.05625,2.6580e+0,1.3058e+11,1.9843e+11
0.03021,0.05625,2.6213e+0,1.3971e+11,1.1816e+11
0.03229,0.05625,2.5918e+0,1.3686e+11,3.2932e+11
0.03438,0.05625,2.5541e+0,1.3427e+11,2.0208e+11
0.03646,0.05625,2.5176e+0,1.5958e+11,2.4616e+11
0.03854,0.05625,2.4812e+0,1.7832e+11,2.6703e+11
0.04063,0.05625,2.4454e+0,1.8285e+11,2.9199e+11
0.04271,0.05625,2.4083e+0,1.6717e+11,3.6785e+11
0.04479,0.05625,2.3620e+0,1.7657e+11,3.1259e+11
0.04688,0.05625,2.3108e+0,1.8517e+11,2.1823e+11
0.04896,0.05625,2.2626e+0,2.0804e+11,2.9112e+11
0.05104,0.05625,2.2137e+0,2.1038e+11,3.6318e+11
0.05312,0.05625,2.1589e+0,2.0775e+11,3.3725e+11
0.05521,0.05625,2.1000e+0,2.1190e+11,3.0567e+11
0.05729,0.05625,2.0398e+0,2.1378e+11,2.9683e+11
0.05937,0.05625,1.9798e+0,2.1704e+11,3.2368e+11
0.06146,0.05625,1.9170e+0,2.0929e+11,2.5587e+11
0.06354,0.05625,1.8545e+0,2.4106e+11,2.8021e+11
0.06563,0.05625,1.7922e+0,2.4003e+11,2.7316e+11
0.06771,0.05625,1.7314e+0,2.4145e+11,3.8787e+11
0.06979,0.05625,1.6656e+0,2.1595e+11,4.1014e+11
0.07187,0.05625,1.5918e+0,2.0395e+11,3.1488e+11
0.07396,0.05625,1.5146e+0,1.8525e+11,2.5348e+11
0.07604,0.05625,1.4368e+0,1.9360e+11,3.0444e+11
0.07813,0.05625,1.3550e+0,1.8436e+11,3.8820e+11
0.08021,0.05625,1.2632e+0,1.9551e+11,4.0974e+11
0.08229,0.05625,1.1609e+0,1.9675e+11,2.8412e+11
0.08438,0.05625,1.0560e+0,1.6343e+11,2.4636e+11
0.08646,0.05625,9.4704e-1,1.3333e+11,2.3660e+11
0.08854,0.05625,8.3179e-1,1.2805e+11,2.6783e+11
0.09062,0.05625,7.0759e-1,7.4747e+10,2.5526e+11
0.09271,0.05625,5.7176e-1,3.3271e+10,2.3287e+11
0.09479,0.05625,4.2296e-1,7.7967e+9,1.8716e+11
0.09688,0.05625,2.6290e-1,2.7864e+9,1.9151e+11
0.09896,0.05625,9.1323e-2,8.2325e+8,1.8959e+11
0.00104,0.06042,2.9258e+0,4.4046e+10,0.0000e+0
0.00313,0.06042,2.9285e+0,4.0280e+10,0.0000e+0
0.00521,0.06042,2.9338e+0,5.0872e+10,2.6015e+9
0.00729,0.06042,2.9432e+0,6.6278e+10,1.5132e+11
0.00937,0.06042,2.9490e+0,7.3787e+10,3.0146e+11
0.01146,0.06042,2.9434e+0,9.2805e+10,2.2079e+11
0.01354,0.06042,2.9358e+0,1.0830e+11,2.0300e+11
0.01563,0.06042,2.9293e+0,1.1354e+11,3.2463e+11
0.01771,0.06042,2.9154e+0,1.1329e+11,3.3574e+11
0.01979,0.06042,2.8930e+0,1.1143e+11,3.9644e+11
0.02187,0.06042,2.8592e+0,1.1902e+11,1.8192e+11
0.02396,0.06042,2.8288e+0,1.2821e+11,1.6738e+11
0.02604,0.06042,2.8025e+0,1.2964e+11,3.5247e+11
0.02813,0.06042,2.7677e+0,1.3847e+11,2.3772e+11
0.03021,0.06042,2.7343e+0,1.4481e+11,2.7404e+11
0.03229,0.06042,2.7005e+0,1.4593e+11,3.7567e+11
0.03438,0.06042,2.6581e+0,1.3574e+11,2.0411e+11
0.03646,0.06042,2.6175e+0,1.6006e+11,2.1404e+11
0.03854,0.06042,2.5783e+0,1.8770e+11,2.2706e+11
0.04063,0.06042,2.5414e+0,1.9471e+11,2.7778e+11
0.04271,0.06042,2.5044e+0,1.8086e+11,3.9436e+11
0.04479,0.06042,2.4584e+0,1.8360e+11,3.8365e+11
0.04688,0.06042,2.4049e+0,1.9243e+11,2.7858e+11
0.04896,0.06042,2.3520e+0,2.1064e+11,2.8107e+11
0.05104,0.06042,2.2996e+0,2.2172e+11,3.5636e+11
0.05312,0.06042,2.2419e+0,2.2137e+11,3.4050e+11
0.05521,0.06042,2.1798e+0,2.2025e+11,2.5477e+11
0.05729,0.06042,2.1191e+0,2.3262e+11,2.5473e+11
0.05937,0.06042,2.0604e+0,2.3284e+11,3.2130e+11
0.06146,0.06042,1.9996e+0,2.2458e+11,3.0027e+11
0.06354,0.06042,1.9384e+0,2.5930e+11,4.1405e+11
0.06563,0.06042,1.8719e+0,2.5475e+11,3.8146e+11
0.06771,0.06042,1.8020e+0,2.5395e+11,3.1014e+11
0.06979,0.06042,1.7327e+0,2.2082e+11,3.3027e+11
0.07187,0.06042,1.6597e+0,2.1284e+11,3.7267e+11
0.07396,0.06042,1.5803e+0,2.0120e+11,3.0912e+11
0.07604,0.06042,1.4984e+0,2.1410e+11,3.5155e+11
0.07813,0.06042,1.4118e+0,1.9292e+11,4.0270e+11
0.08021,0.06042,1.3154e+0,2.0955e+11,3.5169e+11
0.08229,0.06042,1.2142e+0,1.9198e+11,3.4800e+11
0.08438,0.06042,1.1078e+0,1.7251e+11,3.4710e+11
0.08646,0.06042,9.9490e-1,1.4646e+11,3.2792e+11
0.08854,0.06042,8.7391e-1,1.3408e+11,3.3646e+11
0.09062,0.06042,7.4269e-1,7.6797e+10,2.7202e+11
0.09271,0.06042,6.0092e-1,3.2413e+10,2.7091e+11
0.09479,0.06042,4.4509e-1,8.2858e+9,2.2714e+11
0.09688,0.06042,2.7651e-1,3.4762e+9,2.1401e+11
0.09896,0.06042,9.5565e-2,1.1987e+9,1.8057e+11
0.00104,0.06458,3.0045e+0,4.2935e+10,0.0000e+0
0.00313,0.06458,3.0060e+0,3.6812e+10,0.0000e+0
0.00521,0.06458,3.0086e+0,6.0216e+10,0.0000e+0
0.00729,0.06458,3.0134e+0,6.5745e+10,4.9084e+10
0.00937,0.06458,3.0165e+0,7.5478e+10,1.3624e+11
0.01146,0.06458,3.0120e+0,9.3533e+10,1.1208e+11
0.01354,0.06458,3.0039e+0,1.0844e+11,3.6968e+10
0.01563,0.06458,2.9988e+0,1.1200e+11,1.6136e+11
0.01771,0.06458,2.9889e+0,1.1153e+11,3.0567e+11
0.01979,0.06458,2.9658e+0,1.0957e+11,2.1865e+11
0.02187,0.06458,2.9361e+0,1.2153e+11,1.0652e+11
0.02396,0.06458,2.9100e+0,1.3239e+11,1.9830e+11
0.02604,0.06458,2.8825e+0,1.3605e+11,2.6009e+11
0.02813,0.06458,2.8507e+0,1.5521e+11,2.6405e+11
0.03021,0.06458,2.8173e+0,1.5666e+11,2.8948e+11
0.03229,0.06458,2.7809e+0,1.5653e+11,2.4436e+11
0.03438,0.06458,2.7439e+0,1.4232e+11,2.7998e+11
0.03646,0.06458,2.7036e+0,1.6305e+11,2.7132e+11
0.03854,0.06458,2.6620e+0,1.8368e+11,2.8453e+11
0.04063,0.06458,2.6196e+0,1.9749e+11,2.8124e+11
0.04271,0.06458,2.5771e+0,1.8942e+11,3.0095e+11
0.04479,0.06458,2.5313e+0,1.9309e+11,3.4929e+11
0.04688,0.06458,2.4792e+0,2.0731e+11,2.7806e+11
0.04896,0.06458,2.4263e+0,2.1810e+11,2.6947e+11
0.05104,0.06458,2.3732e+0,2.2545e+11,3.5353e+11
0.05312,0.06458,2.3145e+0,2.2049e+11,3.1867e+11
0.05521,0.06458,2.2527e+0,2.1720e+11,2.5888e+11
0.05729,0.06458,2.1917e+0,2.3098e+11,2.8902e+11
0.05937,0.06458,2.1303e+0,2.4011e+11,3.0506e+11
0.06146,0.06458,2.0681e+0,2.2489e+11,3.2904e+11
0.06354,0.06458,2.0031e+0,2.5686e+11,3.7689e+11
0.06563,0.06458,1.9339e+0,2.6052e+11,3.5688e+11
0.06771,0.06458,1.8615e+0,2.5445e+11,3.1443e+11
0.06979,0.06458,1.7888e+0,2.3041e+11,3.4234e+11
0.07187,0.06458,1.7119e+0,2.2814e+11,3.3720e+11
0.07396,0.06458,1.6311e+0,2.1021e+11,3.4613e+11
0.07604,0.06458,1.5445e+0,2.2172e+11,3.4986e+11
0.07813,0.06458,1.4521e+0,2.1030e+11,3.5443e+11
0.08021,0.06458,1.3521e+0,2.2184e+11,2.9538e+11
0.08229,0.06458,1.2495e+0,2.0369e+11,2.9654e+11
0.08438,0.06458,1.1421e+0,1.8780e+11,2.9060e+11
0.08646,0.06458,1.0292e+0,1.5587e+11,3.3905e+11
0.08854,0.06458,9.0522e-1,1.3005e+11,3.0225e+11
0.09062,0.06458,7.7121e-1,8.5340e+10,2.9705e+11
0.09271,0.06458,6.2483e-1,3.7999e+10,2.8281e+11
0.09479,0.06458,4.6369e-1,9.6582e+9,2.4750e+11
0.09688,0.06458,2.8845e-1,3.6321e+9,2.2898e+11
0.09896,0.06458,9.9885e-2,1.2231e+9,1.9645e+11
0.00104,0.06875,3.0843e+0,3.7335e+10,0.0000e+0
0.00313,0.06875,3.0854e+0,4.0940e+10,0.0000e+0
0.00521,0.06875,3.0874e+0,6.2065e+10,0.0000e+0
0.00729,0.06875,3.0914e+0,6.6497e+10,1.8033e+10
0.00937,0.06875,3.0955e+0,7.5774e+10,9.8814e+10
0.01146,0.06875,3.0942e+0,9.5108e+10,1.3065e+11
0.01354,0.06875,3.0860e+0,1.1432e+11,8.8934e+10
0.01563,0.06875,3.0764e+0,1.1479e+11,1.4856e+11
0.01771,0.06875,3.0617e+0,1.1477e+11,1.4633e+11
0.01979,0.06875,3.0420e+0,1.0953e+11,2.1402e+11
0.02187,0.06875,3.0141e+0,1.3438e+11,1.6413e+11
0.02396,0.06875,2.9856e+0,1.4584e+11,2.7216e+11
0.02604,0.06875,2.9501e+0,1.4515e+11,1.4015e+11
0.02813,0.06875,2.9159e+0,1.5497e+11,1.6516e+11
0.03021,0.06875,2.8803e+0,1.6555e+11,1.2544e+11
0.03229,0.06875,2.8452e+0,1.7114e+11,1.4875e+11
0.03438,0.06875,2.8095e+0,1.5271e+11,1.7958e+11
0.03646,0.06875,2.7702e+0,1.6961e+11,2.2803e+11
0.03854,0.06875,2.7264e+0,1.9005e+11,2.2273e+11
0.04063,0.06875,2.6807e+0,2.1429e+11,2.0175e+11
0.04271,0.06875,2.6363e+0,2.0238e+11,2.3143e+11
0.04479,0.06875,2.5898e+0,2.1055e+11,2.2619e+11
0.04688,0.06875,2.5434e+0,2.1677e+11,2.9699e+11
0.04896,0.06875,2.4945e+0,2.3394e+11,3.9779e+11
0.05104,0.06875,2.4382e+0,2.3182e+11,3.4908e+11
0.05312,0.06875,2.3782e+0,2.2352e+11,2.9983e+11
0.05521,0.06875,2.3182e+0,2.2988e+11,3.3650e+11
0.05729,0.06875,2.2570e+0,2.3374e+11,3.8623e+11
0.05937,0.06875,2.1913e+0,2.4888e+11,3.6192e+11
0.06146,0.06875,2.1237e+0,2.3945e+11,3.1247e+11
0.06354,0.06875,2.0559e+0,2.7361e+11,3.5418e+11
0.06563,0.06875,1.9871e+0,2.5873e+11,4.1974e+11
0.06771,0.06875,1.9120e+0,2.5346e+11,3.4544e+11
0.06979,0.06875,1.8358e+0,2.3330e+11,3.5511e+11
0.07187,0.06875,1.7547e+0,2.2529e+11,2.9153e+11
0.07396,0.06875,1.6714e+0,2.2121e+11,3.1316e+11
0.07604,0.06875,1.5837e+0,2.2620e+11,3.7201e+11
0.07813,0.06875,1.4876e+0,2.1769e+11,3.0442e+11
0.08021,0.06875,1.3870e+0,2.2811e+11,2.8357e+11
0.08229,0.06875,1.2849e+0,2.0993e+11,3.3080e+11
0.08438,0.06875,1.1773e+0,1.8551e+11,3.5767e+11
0.08646,0.06875,1.0617e+0,1.5482e+11,3.8299e+11
0.08854,0.06875,9.3462e-1,1.3684e+11,3.7087e+11
0.09062,0.06875,7.9565e-1,8.8600e+10,3.1620e+11
0.09271,0.06875,6.4466e-1,3.9707e+10,3.0612e+11
0.09479,0.06875,4.7879e-1,1.0989e+10,2.7049e+11
0.09688,0.06875,2.9851e-1,3.6057e+9,2.5556e+11
0.09896,0.06875,1.0406e-1,1.0490e+9,2.4011e+11
0.00104,0.07292,3.1677e+0,4.8910e+10,0.0000e+0
0.00313,0.07292,3.1696e+0,4.3956e+10,0.0000e+0
0.00521,0.07292,3.1731e+0,5.7510e+10,0.0000e+0
0.00729,0.07292,3.1791e+0,6.9277e+10,1.3505e+9
0.00937,0.07292,3.1882e+0,7.5063e+10,7.8280e+10
0.01146,0.07292,3.1959e+0,8.7714e+10,3.4535e+11
0.01354,0.07292,3.1877e+0,1.1075e+11,3.3879e+11
0.01563,0.07292,3.1699e+0,1.2259e+11,2.1453e+11
0.01771,0.07292,3.1524e+0,1.1562e+11,2.9017e+11
0.01979,0.07292,3.1288e+0,1.1658e+11,3.3179e+11
0.02187,0.07292,3.0955e+0,1.3806e+11,2.3347e+11
0.02396,0.07292,3.0604e+0,1.5126e+11,1.8871e+11
0.02604,0.07292,3.0252e+0,1.4533e+11,1.2725e+11
0.02813,0.07292,2.9941e+0,1.5204e+11,1.8813e+11
0.03021,0.07292,2.9634e+0,1.6781e+11,2.9319e+11
0.03229,0.07292,2.9282e+0,1.7179e+11,3.0744e+11
0.03438,0.07292,2.8900e+0,1.7024e+11,3.5729e+11
0.03646,0.07292,2.8459e+0,1.8205e+11,3.3925e+11
0.03854,0.07292,2.7979e+0,1.9375e+11,2.9210e+11
0.04063,0.07292,2.7498e+0,2.2863e+11,3.0330e+11
0.04271,0.07292,2.7032e+0,2.0976e+11,3.8108e+11
0.04479,0.07292,2.6517e+0,2.0994e+11,3.0026e+11
0.04688,0.07292,2.6014e+0,2.2050e+11,3.5570e+11
0.04896,0.07292,2.5491e+0,2.4447e+11,4.4208e+11
0.05104,0.07292,2.4910e+0,2.3794e+11,4.3266e+11
0.05312,0.07292,2.4274e+0,2.4603e+11,3.3009e+11
0.05521,0.07292,2.3644e+0,2.4567e+11,3.2132e+11
0.05729,0.07292,2.3015e+0,2.5674e+11,3.8779e+11
0.05937,0.07292,2.2337e+0,2.6919e+11,3.2854e+11
0.06146,0.07292,2.1664e+0,2.7193e+11,3.8267e+11
0.06354,0.07292,2.0964e+0,2.8540e+11,3.8132e+11
0.06563,0.07292,2.0243e+0,2.6310e+11,3.7805e+11
0.06771,0.07292,1.9478e+0,2.6475e+11,2.9148e+11
0.06979,0.07292,1.8729e+0,2.4082e+11,3.4010e+11
0.07187,0.07292,1.7948e+0,2.2140e+11,3.7012e+11
0.07396,0.07292,1.7106e+0,2.2487e+11,3.7740e+11
0.07604,0.07292,1.6207e+0,2.3676e+11,4.1360e+11
0.07813,0.07292,1.5241e+0,2.2203e+11,3.9980e+11
0.08021,0.07292,1.4215e+0,2.3642e+11,3.8485e+11
0.08229,0.07292,1.3148e+0,2.3024e+11,4.1041e+11
0.08438,0.07292,1.2012e+0,1.9073e+11,3.5344e+11
0.08646,0.07292,1.0802e+0,1.6896e+11,3.3099e+11
0.08854,0.07292,9.5059e-1,1.4429e+11,3.3349e+11
0.09062,0.07292,8.0997e-1,8.7833e+10,3.2671e+11
0.09271,0.07292,6.5455e-1,4.1899e+10,2.5898e+11
0.09479,0.07292,4.8526e-1,1.1529e+10,2.2174e+11
0.09688,0.07292,3.0217e-1,3.8194e+9,2.2515e+11
0.09896,0.07292,1.0479e-1,1.3381e+9,2.0432e+11
0.00104,0.07708,3.2512e+0,5.9470e+10,0.0000e+0
0.00313,0.07708,3.2540e+0,5.4478e+10,0.0000e+0
0.00521,0.07708,3.2591e+0,6.3784e+10,0.0000e+0
0.00729,0.07708,3.2671e+0,7.7485e+10,3.5533e+9
0.00937,0.07708,3.2784e+0,7.4964e+10,2.0111e+11
0.01146,0.07708,3.2798e+0,8.6779e+10,3.5288e+11
0.01354,0.07708,3.2646e+0,1.1155e+11,2.6129e+11
0.01563,0.07708,3.2429e+0,1.2011e+11,1.6769e+11
0.01771,0.07708,3.2222e+0,1.1534e+11,2.1165e+11
0.01979,0.07708,3.1986e+0,1.1758e+11,2.7291e+11
0.02187,0.07708,3.1675e+0,1.4309e+11,2.2597e+11
0.02396,0.07708,3.1358e+0,1.5658e+11,2.9556e+11
0.02604,0.07708,3.1004e+0,1.5162e+11,1.9733e+11
0.02813,0.07708,3.0688e+0,1.5846e+11,3.1571e+11
0.03021,0.07708,3.0334e+0,1.7269e+11,3.6867e+11
0.03229,0.07708,2.9907e+0,1.6955e+11,2.6947e+11
0.03438,0.07708,2.9455e+0,1.8020e+11,2.3812e+11
0.03646,0.07708,2.8977e+0,1.8932e+11,2.0846e+11
0.03854,0.07708,2.8498e+0,1.9280e+11,2.6204e+11
0.04063,0.07708,2.7986e+0,2.2456e+11,2.6050e+11
0.04271,0.07708,2.7458e+0,2.0440e+11,2.6174e+11
0.04479,0.07708,2.6901e+0,2.1099e+11,2.4617e+11
0.04688,0.07708,2.6338e+0,2.3069e+11,2.9430e+11
0.04896,0.07708,2.5745e+0,2.5232e+11,2.6972e+11
0.05104,0.07708,2.5143e+0,2.4452e+11,2.0122e+11
0.05312,0.07708,2.4572e+0,2.4482e+11,3.0870e+11
0.05521,0.07708,2.3967e+0,2.4528e+11,3.1207e+11
0.05729,0.07708,2.3334e+0,2.5972e+11,3.5544e+11
0.05937,0.07708,2.2649e+0,2.7245e+11,3.1905e+11
0.06146,0.07708,2.1949e+0,2.6616e+11,2.8761e+11
0.06354,0.07708,2.1242e+0,2.8666e+11,3.1494e+11
0.06563,0.07708,2.0522e+0,2.8132e+11,3.1997e+11
0.06771,0.07708,1.9779e+0,2.7028e+11,3.1822e+11
0.06979,0.07708,1.9012e+0,2.4957e+11,3.0210e+11
0.07187,0.07708,1.8219e+0,2.2524e+11,3.5701e+11
0.07396,0.07708,1.7343e+0,2.2273e+11,3.4987e+11
0.07604,0.07708,1.6389e+0,2.3592e+11,3.0099e+11
0.07813,0.07708,1.5400e+0,2.4004e+11,3.2206e+11
0.08021,0.07708,1.4359e+0,2.5524e+11,3.2312e+11
0.08229,0.07708,1.3274e+0,2.4324e+11,2.9859e+11
0.08438,0.07708,1.2149e+0,1.9402e+11,3.0950e+11
0.08646,0.07708,1.0944e+0,1.6688e+11,3.1367e+11
0.08854,0.07708,9.6384e-1,1.5269e+11,3.2380e+11
0.09062,0.07708,8.2210e-1,9.1018e+10,3.0431e+11
0.09271,0.07708,6.6626e-1,3.9191e+10,2.5841e+11
0.09479,0.07708,4.9642e-1,1.0576e+10,2.7392e+11
0.09688,0.07708,3.0984e-1,4.0493e+9,2.5510e+11
0.09896,0.07708,1.0765e-1,1.4316e+9,2.2133e+11
0.00104,0.08125,3.3315e+0,5.4995e+10,0.0000e+0
0.00313,0.08125,3.3354e+0,5.2077e+10,0.0000e+0
0.00521,0.08125,3.3435e+0,5.8151e+10,5.4096e+10
0.00729,0.08125,3.3538e+0,7.0935e+10,1.5720e+11
0.00937,0.08125,3.3627e+0,8.2283e+10,4.7317e+11
0.01146,0.08125,3.3515e+0,9.1271e+10,3.3754e+11
0.01354,0.08125,3.3316e+0,1.1280e+11,2.6727e+11
0.01563,0.08125,3.3086e+0,1.2022e+11,2.4981e+11
0.01771,0.08125,3.2837e+0,1.1391e+11,1.6840e+11
0.01979,0.08125,3.2610e+0,1.2077e+11,3.4080e+11
0.02187,0.08125,3.2279e+0,1.4337e+11,2.3537e+11
0.02396,0.08125,3.1937e+0,1.5391e+11,2.5600e+11
0.02604,0.08125,3.1568e+0,1.5090e+11,2.2091e+11
0.02813,0.08125,3.1195e+0,1.5557e+11,2.1129e+11
0.03021,0.08125,3.0821e+0,1.7517e+11,2.5518e+11
0.03229,0.08125,3.0426e+0,1.7321e+11,2.1753e+11
0.03438,0.08125,3.0045e+0,1.7694e+11,4.1786e+11
0.03646,0.08125,2.9550e+0,1.9091e+11,2.9599e+11
0.03854,0.08125,2.9041e+0,1.9317e+11,2.7076e+11
0.04063,0.08125,2.8532e+0,2.2400e+11,4.3321e+11
0.04271,0.08125,2.7924e+0,2.2126e+11,2.9335e+11
0.04479,0.08125,2.7305e+0,2.2191e+11,2.6945e+11
0.04688,0.08125,2.6683e+0,2.3369e+11,2.4901e+11
0.04896,0.08125,2.6079e+0,2.5393e+11,2.7948e+11
0.05104,0.08125,2.5488e+0,2.6031e+11,3.0669e+11
0.05312,0.08125,2.4901e+0,2.5694e+11,3.4966e+11
0.05521,0.08125,2.4280e+0,2.6301e+11,3.1151e+11
0.05729,0.08125,2.3657e+0,2.6502e+11,4.0757e+11
0.05937,0.08125,2.2969e+0,2.7855e+11,3.1134e+11
0.06146,0.08125,2.2291e+0,2.6635e+11,3.5025e+11
0.06354,0.08125,2.1581e+0,2.9393e+11,3.2717e+11
0.06563,0.08125,2.0864e+0,2.9388e+11,3.5595e+11
0.06771,0.08125,2.0114e+0,2.7793e+11,3.4567e+11
0.06979,0.08125,1.9327e+0,2.5954e+11,3.1473e+11
0.07187,0.08125,1.8508e+0,2.3362e+11,3.6115e+11
0.07396,0.08125,1.7596e+0,2.3411e+11,3.1878e+11
0.07604,0.08125,1.6613e+0,2.4134e+11,2.4455e+11
0.07813,0.08125,1.5614e+0,2.4408e+11,2.8208e+11
0.08021,0.08125,1.4580e+0,2.5827e+11,3.2834e+11
0.08229,0.08125,1.3496e+0,2.3715e+11,3.2149e+11
0.08438,0.08125,1.2362e+0,2.0360e+11,3.3125e+11
0.08646,0.08125,1.1146e+0,1.6754e+11,3.5235e+11
0.08854,0.08125,9.8092e-1,1.5175e+11,3.0944e+11
0.09062,0.08125,8.3729e-1,8.9692e+10,3.0942e+11
0.09271,0.08125,6.7973e-1,3.7994e+10,2.7946e+11
0.09479,0.08125,5.0750e-1,1.0029e+10,2.9690e+11
0.09688,0.08125,3.1783e-1,4.4171e+9,2.9060e+11
0.09896,0.08125,1.1139e-1,1.7096e+9,2.8291e+11
0.00104,0.08542,3.3977e+0,5.2728e+10,0.0000e+0
0.00313,0.08542,3.4003e+0,5.1455e+10,0.0000e+0
0.00521,0.08542,3.4056e+0,6.1990e+10,1.0130e+11
0.00729,0.08542,3.4083e+0,7.2434e+10,1.5544e+11
0.00937,0.08542,3.4059e+0,1.0006e+11,2.7267e+11
0.01146,0.08542,3.3922e+0,9.8683e+10,1.7663e+11
0.01354,0.08542,3.3752e+0,1.1449e+11,1.9715e+11
0.01563,0.08542,3.3542e+0,1.1962e+11,2.0226e+11
0.01771,0.08542,3.3302e+0,1.1149e+11,1.2612e+11
0.01979,0.08542,3.3082e+0,1.2236e+11,2.9835e+11
0.02187,0.08542,3.2762e+0,1.4620e+11,2.1213e+11
0.02396,0.08542,3.2430e+0,1.6072e+11,2.7082e+11
0.02604,0.08542,3.2045e+0,1.4707e+11,2.0220e+11
0.02813,0.08542,3.1642e+0,1.5250e+11,1.6997e+11
0.03021,0.08542,3.1247e+0,1.7482e+11,2.1340e+11
0.03229,0.08542,3.0848e+0,1.7509e+11,2.2717e+11
0.03438,0.08542,3.0443e+0,1.8055e+11,3.4852e+11
0.03646,0.08542,2.9958e+0,1.9102e+11,2.9404e+11
0.03854,0.08542,2.9453e+0,2.0152e+11,3.1378e+11
0.04063,0.08542,2.8931e+0,2.3663e+11,4.3244e+11
0.04271,0.08542,2.8329e+0,2.3377e+11,3.7600e+11
0.04479,0.08542,2.7681e+0,2.2032e+11,2.9284e+11
0.04688,0.08542,2.7025e+0,2.3722e+11,2.6492e+11
0.04896,0.08542,2.6378e+0,2.5403e+11,2.2965e+11
0.05104,0.08542,2.5763e+0,2.6777e+11,2.3899e+11
0.05312,0.08542,2.5173e+0,2.5357e+11,3.0684e+11
0.05521,0.08542,2.4545e+0,2.6745e+11,3.1376e+11
0.05729,0.08542,2.3888e+0,2.7318e+11,2.6850e+11
0.05937,0.08542,2.3239e+0,2.9366e+11,3.0933e+11
0.06146,0.08542,2.2597e+0,2.8103e+11,3.4392e+11
0.06354,0.08542,2.1934e+0,2.9848e+11,3.9955e+11
0.06563,0.08542,2.1232e+0,2.9318e+11,4.1008e+11
0.06771,0.08542,2.0484e+0,2.7380e+11,3.7329e+11
0.06979,0.08542,1.9696e+0,2.6808e+11,3.7272e+11
0.07187,0.08542,1.8862e+0,2.5906e+11,3.6648e+11
0.07396,0.08542,1.7976e+0,2.4835e+11,4.3344e+11
0.07604,0.08542,1.6996e+0,2.4748e+11,3.9076e+11
0.07813,0.08542,1.5963e+0,2.5665e+11,3.8696e+11
0.08021,0.08542,1.4885e+0,2.7079e+11,3.8742e+11
0.08229,0.08542,1.3769e+0,2.4560e+11,3.5668e+11
0.08438,0.08542,1.2617e+0,2.0815e+11,3.8799e+11
0.08646,0.08542,1.1374e+0,1.6531e+11,3.7557e+11
0.08854,0.08542,1.0013e+0,1.4717e+11,3.5563e+11
0.09062,0.08542,8.5300e-1,8.2774e+10,2.9967e+11
0.09271,0.08542,6.9085e-1,3.6864e+10,2.5728e+11
0.09479,0.08542,5.1412e-1,1.0469e+10,2.6655e+11
0.09688,0.08542,3.2000e-1,4.6218e+9,2.3763e+11
0.09896,0.08542,1.1029e-1,2.0753e+9,1.8184e+11
0.00104,0.08958,3.4595e+0,5.2501e+10,0.0000e+0
0.00313,0.08958,3.4598e+0,5.6284e+10,0.0000e+0
0.00521,0.08958,3.4594e+0,9.3138e+10,2.7084e+10
0.00729,0.08958,3.4571e+0,1.0388e+11,1.3187e+11
0.00937,0.08958,3.4470e+0,1.1507e+11,1.3390e+11
0.01146,0.08958,3.4327e+0,1.1084e+11,6.9399e+10
0.01354,0.08958,3.4203e+0,1.2342e+11,2.8826e+11
0.01563,0.08958,3.3981e+0,1.2953e+11,1.9807e+11
0.01771,0.08958,3.3748e+0,1.2140e+11,1.9034e+11
0.01979,0.08958,3.3515e+0,1.2456e+11,2.9949e+11
0.02187,0.08958,3.3210e+0,1.4080e+11,2.1874e+11
0.02396,0.08958,3.2910e+0,1.6396e+11,3.2574e+11
0.02604,0.08958,3.2551e+0,1.5674e+11,3.3092e+11
0.02813,0.08958,3.2122e+0,1.5076e+11,2.4458e+11
0.03021,0.08958,3.1674e+0,1.7717e+11,2.2554e+11
0.03229,0.08958,3.1233e+0,1.8841e+11,3.1334e+11
0.03438,0.08958,3.0743e+0,1.9627e+11,2.7361e+11
0.03646,0.08958,3.0237e+0,1.9973e+11,3.0323e+11
0.03854,0.08958,2.9694e+0,2.0775e+11,2.5327e+11
0.04063,0.08958,2.9147e+0,2.3240e+11,2.7077e+11
0.04271,0.08958,2.8595e+0,2.2955e+11,3.4619e+11
0.04479,0.08958,2.7981e+0,2.2005e+11,2.7327e+11
0.04688,0.08958,2.7357e+0,2.4789e+11,2.8657e+11
0.04896,0.08958,2.6738e+0,2.7067e+11,3.0863e+11
0.05104,0.08958,2.6126e+0,2.7666e+11,3.0040e+11
0.05312,0.08958,2.5522e+0,2.6857e+11,3.3658e+11
0.05521,0.08958,2.4881e+0,2.7122e+11,3.4509e+11
0.05729,0.08958,2.4192e+0,2.8007e+11,2.4010e+11
0.05937,0.08958,2.3526e+0,3.0727e+11,2.7482e+11
0.06146,0.08958,2.2873e+0,2.8923e+11,2.8631e+11
0.06354,0.08958,2.2216e+0,3.1181e+11,3.7880e+11
0.06563,0.08958,2.1514e+0,3.0132e+11,3.4569e+11
0.06771,0.08958,2.0789e+0,2.7692e+11,3.6189e+11
0.06979,0.08958,2.0018e+0,2.7620e+11,3.8695e+11
0.07187,0.08958,1.9188e+0,2.6384e+11,4.3687e+11
0.07396,0.08958,1.8260e+0,2.4907e+11,3.9722e+11
0.07604,0.08958,1.7247e+0,2.4769e+11,3.3130e+11
0.07813,0.08958,1.6195e+0,2.5253e+11,3.5613e+11
0.08021,0.08958,1.5088e+0,2.7022e+11,3.2786e+11
0.08229,0.08958,1.3956e+0,2.3787e+11,3.0842e+11
0.08438,0.08958,1.2788e+0,2.0467e+11,3.3960e+11
0.08646,0.08958,1.1538e+0,1.6762e+11,3.4353e+11
0.08854,0.08958,1.0185e+0,1.4569e+11,3.7087e+11
0.09062,0.08958,8.7028e-1,8.5069e+10,3.6569e+11
0.09271,0.08958,7.0622e-1,3.8930e+10,3.2418e+11
0.09479,0.08958,5.2617e-1,1.1260e+10,3.1074e+11
0.09688,0.08958,3.2870e-1,5.5054e+9,2.9658e+11
0.09896,0.08958,1.1430e-1,2.0890e+9,2.5171e+11
0.00104,0.09375,3.5355e+0,5.2419e+10,0.0000e+0
0.00313,0.09375,3.5400e+0,5.4193e+10,1.0834e+11
0.00521,0.09375,3.5437e+0,9.8378e+10,3.5130e+11
0.00729,0.09375,3.5356e+0,1.0911e+11,5.0855e+11
0.00937,0.09375,3.5096e+0,1.1460e+11,1.9332e+11
0.01146,0.09375,3.4886e+0,1.1804e+11,2.8686e+11
0.01354,0.09375,3.4634e+0,1.2074e+11,2.0055e+11
0.01563,0.09375,3.4367e+0,1.2354e+11,1.5418e+11
0.01771,0.09375,3.4091e+0,1.1905e+11,1.2071e+11
0.01979,0.09375,3.3798e+0,1.2462e+11,7.1502e+10
0.02187,0.09375,3.3509e+0,1.4439e+11,7.6650e+10
0.02396,0.09375,3.3231e+0,1.5967e+11,1.5916e+11
0.02604,0.09375,3.2916e+0,1.6217e+11,2.6705e+11
0.02813,0.09375,3.2518e+0,1.5660e+11,2.9943e+11
0.03021,0.09375,3.2039e+0,1.7818e+11,2.4259e+11
0.03229,0.09375,3.1542e+0,1.9398e+11,2.8907e+11
0.03438,0.09375,3.0988e+0,1.9845e+11,1.7800e+11
0.03646,0.09375,3.0456e+0,2.0702e+11,2.1574e+11
0.03854,0.09375,2.9925e+0,2.1014e+11,2.4098e+11
0.04063,0.09375,2.9381e+0,2.3504e+11,2.3831e+11
0.04271,0.09375,2.8850e+0,2.4425e+11,3.4518e+11
0.04479,0.09375,2.8272e+0,2.3246e+11,3.3285e+11
0.04688,0.09375,2.7654e+0,2.5703e+11,2.6300e+11
0.04896,0.09375,2.7058e+0,2.8227e+11,2.6721e+11
0.05104,0.09375,2.6485e+0,2.7650e+11,3.0420e+11
0.05312,0.09375,2.5900e+0,2.7471e+11,3.3344e+11
0.05521,0.09375,2.5279e+0,2.7847e+11,3.2679e+11
0.05729,0.09375,2.4630e+0,2.9361e+11,3.4470e+11
0.05937,0.09375,2.3958e+0,3.1123e+11,3.7602e+11
0.06146,0.09375,2.3260e+0,2.9029e+11,3.2345e+11
0.06354,0.09375,2.2556e+0,3.1194e+11,3.4835e+11
0.06563,0.09375,2.1835e+0,3.1924e+11,3.4451e+11
0.06771,0.09375,2.1108e+0,2.8118e+11,3.8834e+11
0.06979,0.09375,2.0324e+0,2.7899e+11,4.2920e+11
0.07187,0.09375,1.9461e+0,2.7728e+11,4.2181e+11
0.07396,0.09375,1.8529e+0,2.5233e+11,4.3849e+11
0.07604,0.09375,1.7505e+0,2.5272e+11,3.7791e+11
0.07813,0.09375,1.6436e+0,2.6338e+11,3.7325e+11
0.08021,0.09375,1.5327e+0,2.6486e+11,3.6291e+11
0.08229,0.09375,1.4185e+0,2.4133e+11,3.8437e+11
0.08438,0.09375,1.2980e+0,2.0179e+11,3.7597e+11
0.08646,0.09375,1.1686e+0,1.6589e+11,3.4852e+11
0.08854,0.09375,1.0298e+0,1.4117e+11,3.8280e+11
0.09062,0.09375,8.7721e-1,9.3604e+10,3.2106e+11
0.09271,0.09375,7.1146e-1,3.9072e+10,2.8930e+11
0.09479,0.09375,5.3040e-1,1.2421e+10,2.9756e+11
0.09688,0.09375,3.3136e-1,6.4295e+9,2.8062e+11
0.09896,0.09375,1.1539e-1,1.7232e+9,2.5234e+11
0.00104,0.09792,3.5920e+0,5.2281e+10,0.0000e+0
0.00313,0.09792,3.5958e+0,5.9292e+10,8.3098e+10
0.00521,0.09792,3.5990e+0,9.5939e+10,4.7020e+11
0.00729,0.09792,3.5796e+0,9.6252e+10,3.3390e+11
0.00937,0.09792,3.5489e+0,1.0813e+11,6.4162e+10
0.01146,0.09792,3.5248e+0,1.2384e+11,7.3120e+10
0.01354,0.09792,3.5031e+0,1.3350e+11,6.1592e+10
0.01563,0.09792,3.4838e+0,1.2885e+11,1.2442e+11
0.01771,0.09792,3.4635e+0,1.1975e+11,2.5326e+11
0.01979,0.09792,3.4351e+0,1.3458e+11,1.6061e+11
0.02187,0.09792,3.4085e+0,1.5513e+11,2.4740e+11
0.02396,0.09792,3.3802e+0,1.5953e+11,3.9367e+11
0.02604,0.09792,3.3402e+0,1.6309e+11,3.4523e+11
0.02813,0.09792,3.2916e+0,1.6624e+11,2.3276e+11
0.03021,0.09792,3.2410e+0,1.8100e+11,2.0819e+11
0.03229,0.09792,3.1915e+0,1.9823e+11,3.5617e+11
0.03438,0.09792,3.1341e+0,2.0217e+11,2.6099e+11
0.03646,0.09792,3.0764e+0,2.2168e+11,2.0765e+11
0.03854,0.09792,3.0225e+0,2.0990e+11,2.6479e+11
0.04063,0.09792,2.9664e+0,2.3448e+11,2.7816e+11
0.04271,0.09792,2.9087e+0,2.4646e+11,2.4145e+11
0.04479,0.09792,2.8514e+0,2.3772e+11,2.1100e+11
0.04688,0.09792,2.7956e+0,2.6340e+11,2.3121e+11
0.04896,0.09792,2.7433e+0,3.0109e+11,3.4784e+11
0.05104,0.09792,2.6897e+0,2.8615e+11,3.5757e+11
0.05312,0.09792,2.6334e+0,2.8688e+11,3.9428e+11
0.05521,0.09792,2.5728e+0,3.0177e+11,4.0467e+11
0.05729,0.09792,2.5095e+0,3.0192e+11,4.7668e+11
0.05937,0.09792,2.4390e+0,3.0679e+11,4.1123e+11
0.06146,0.09792,2.3664e+0,3.0097e+11,3.6178e+11
0.06354,0.09792,2.2941e+0,3.3161e+11,4.3253e+11
0.06563,0.09792,2.2194e+0,3.3785e+11,4.5159e+11
0.06771,0.09792,2.1413e+0,2.8784e+11,4.2800e+11
0.06979,0.09792,2.0574e+0,2.7649e+11,4.3261e+11
0.07187,0.09792,1.9658e+0,2.7544e+11,3.8827e+11
0.07396,0.09792,1.8692e+0,2.5540e+11,3.7191e+11
0.07604,0.09792,1.7667e+0,2.5229e+11,3.2966e+11
0.07813,0.09792,1.6609e+0,2.6546e+11,3.7550e+11
0.08021,0.09792,1.5502e+0,2.6231e+11,3.9143e+11
0.08229,0.09792,1.4336e+0,2.4390e+11,3.8251e+11
0.08438,0.09792,1.3102e+0,2.0916e+11,3.8992e+11
0.08646,0.09792,1.1767e+0,1.7615e+11,3.3155e+11
0.08854,0.09792,1.0339e+0,1.5154e+11,3.1776e+11
0.09062,0.09792,8.8009e-1,1.0570e+11,2.7458e+11
0.09271,0.09792,7.1487e-1,3.9228e+10,2.8512e+11
0.09479,0.09792,5.3366e-1,1.4476e+10,3.1406e+11
0.09688,0.09792,3.3349e-1,6.6713e+9,2.9107e+11
0.09896,0.09792,1.1585e-1,1.6282e+9,2.4164e+11
0.00104,0.10208,3.6345e+0,4.8488e+10,0.0000e+0
0.00313,0.10208,3.6370e+0,5.2566e+10,3.1457e+10
0.00521,0.10208,3.6404e+0,8.3013e+10,4.4754e+11
0.00729,0.10208,3.6225e+0,8.9715e+10,2.7171e+11
0.00937,0.10208,3.6000e+0,1.0364e+11,1.2489e+11
0.01146,0.10208,3.5834e+0,1.2623e+11,1.8195e+11
0.01354,0.10208,3.5689e+0,1.4143e+11,3.2928e+11
0.01563,0.10208,3.5467e+0,1.4031e+11,2.4919e+11
0.01771,0.10208,3.5203e+0,1.2817e+11,2.7653e+11
0.01979,0.10208,3.4861e+0,1.4684e+11,1.6640e+11
0.02187,0.10208,3.4545e+0,1.6019e+11,2.1063e+11
0.02396,0.10208,3.4227e+0,1.6753e+11,3.6188e+11
0.02604,0.10208,3.3803e+0,1.7121e+11,3.0382e+11
0.02813,0.10208,3.3328e+0,1.7207e+11,3.3689e+11
0.03021,0.10208,3.2793e+0,2.0509e+11,3.0319e+11
0.03229,0.10208,3.2240e+0,2.2823e+11,3.0919e+11
0.03438,0.10208,3.1664e+0,2.0837e+11,2.4840e+11
0.03646,0.10208,3.1095e+0,2.3412e+11,2.5056e+11
0.03854,0.10208,3.0557e+0,2.2266e+11,3.3072e+11
0.04063,0.10208,2.9995e+0,2.4816e+11,3.3005e+11
0.04271,0.10208,2.9433e+0,2.4879e+11,3.2869e+11
0.04479,0.10208,2.8882e+0,2.3106e+11,3.4442e+11
0.04688,0.10208,2.8319e+0,2.6319e+11,3.0077e+11
0.04896,0.10208,2.7806e+0,3.0080e+11,4.4772e+11
0.05104,0.10208,2.7277e+0,2.9172e+11,4.9884e+11
0.05312,0.10208,2.6694e+0,2.8851e+11,4.8940e+11
0.05521,0.10208,2.6061e+0,3.0227e+11,4.6728e+11
0.05729,0.10208,2.5394e+0,2.9272e+11,4.6703e+11
0.05937,0.10208,2.4675e+0,2.9795e+11,3.7664e+11
0.06146,0.10208,2.3963e+0,2.9780e+11,4.4635e+11
0.06354,0.10208,2.3206e+0,3.3684e+11,4.4555e+11
0.06563,0.10208,2.2426e+0,3.3320e+11,4.5789e+11
0.06771,0.10208,2.1608e+0,2.8681e+11,4.1205e+11
0.06979,0.10208,2.0744e+0,2.8135e+11,4.3005e+11
0.07187,0.10208,1.9810e+0,2.7139e+11,3.6838e+11
0.07396,0.10208,1.8841e+0,2.6283e+11,3.7023e+11
0.07604,0.10208,1.7827e+0,2.5926e+11,3.8513e+11
0.07813,0.10208,1.6749e+0,2.7034e+11,3.5631e+11
0.08021,0.10208,1.5627e+0,2.6758e+11,3.6874e+11
0.08229,0.10208,1.4446e+0,2.5982e+11,3.7782e+11
0.08438,0.10208,1.3190e+0,2.1653e+11,3.2028e+11
0.08646,0.10208,1.1862e+0,1.8720e+11,3.1842e+11
0.08854,0.10208,1.0442e+0,1.5569e+11,3.3749e+11
0.09062,0.10208,8.9002e-1,1.0396e+11,3.2786e+11
0.09271,0.10208,7.2057e-1,3.9677e+10,2.6532e+11
0.09479,0.10208,5.3542e-1,1.2741e+10,2.5050e+11
0.09688,0.10208,3.3410e-1,6.0760e+9,2.6573e+11
0.09896,0.10208,1.1604e-1,1.5986e+9,2.3781e+11
0.00104,0.10625,3.6721e+0,4.1107e+10,0.0000e+0
0.00313,0.10625,3.6736e+0,5.0544e+10,2.1810e+11
0.00521,0.10625,3.6640e+0,8.7343e+10,1.4636e+11
0.00729,0.10625,3.6497e+0,1.0048e+11,3.0530e+10
0.00937,0.10625,3.6385e+0,1.1130e+11,7.7448e+10
0.01146,0.10625,3.6274e+0,1.2195e+11,1.1026e+11
0.01354,0.10625,3.6178e+0,1.4074e+11,2.4244e+11
0.01563,0.10625,3.6055e+0,1.4793e+11,5.1805e+11
0.01771,0.10625,3.5756e+0,1.4485e+11,4.4973e+11
0.01979,0.10625,3.5346e+0,1.5272e+11,2.0928e+11
0.02187,0.10625,3.4972e+0,1.6441e+11,2.3623e+11
0.02396,0.10625,3.4598e+0,1.7818e+11,3.7998e+11
0.02604,0.10625,3.4131e+0,1.8130e+11,3.2763e+11
0.02813,0.10625,3.3614e+0,1.8341e+11,2.6601e+11
0.03021,0.10625,3.3088e+0,2.1253e+11,3.0067e+11
0.03229,0.10625,3.2551e+0,2.2926e+11,3.4982e+11
0.03438,0.10625,3.1973e+0,2.0744e+11,3.0467e+11
0.03646,0.10625,3.1371e+0,2.4316e+11,3.0347e+11
0.03854,0.10625,3.0772e+0,2.3359e+11,2.7091e+11
0.04063,0.10625,3.0176e+0,2.4754e+11,2.5584e+11
0.04271,0.10625,2.9597e+0,2.4957e+11,2.3950e+11
0.04479,0.10625,2.9045e+0,2.2946e+11,3.1109e+11
0.04688,0.10625,2.8457e+0,2.5869e+11,2.9459e+11
0.04896,0.10625,2.7874e+0,2.9827e+11,3.0177e+11
0.05104,0.10625,2.7310e+0,2.9012e+11,3.3791e+11
0.05312,0.10625,2.6724e+0,2.7499e+11,3.2820e+11
0.05521,0.10625,2.6105e+0,2.9695e+11,3.4107e+11
0.05729,0.10625,2.5456e+0,3.0231e+11,3.4162e+11
0.05937,0.10625,2.4784e+0,3.0743e+11,3.8028e+11
0.06146,0.10625,2.4074e+0,2.9983e+11,3.8152e+11
0.06354,0.10625,2.3320e+0,3.3674e+11,4.1865e+11
0.06563,0.10625,2.2521e+0,3.3491e+11,3.8501e+11
0.06771,0.10625,2.1698e+0,2.8986e+11,3.5283e+11
0.06979,0.10625,2.0837e+0,2.9128e+11,4.0607e+11
0.07187,0.10625,1.9905e+0,2.7522e+11,3.3371e+11
0.07396,0.10625,1.8947e+0,2.7854e+11,3.4642e+11
0.07604,0.10625,1.7962e+0,2.5975e+11,3.9975e+11
0.07813,0.10625,1.6910e+0,2.7985e+11,4.2766e+11
0.08021,0.10625,1.5792e+0,2.7212e+11,4.1837e+11
0.08229,0.10625,1.4608e+0,2.7535e+11,4.0478e+11
0.08438,0.10625,1.3365e+0,2.2094e+11,3.7785e+11
0.08646,0.10625,1.2043e+0,1.9400e+11,4.0755e+11
0.08854,0.10625,1.0603e+0,1.5557e+11,3.5570e+11
0.09062,0.10625,9.0552e-1,1.0563e+11,3.8698e+11
0.09271,0.10625,7.3407e-1,4.1488e+10,3.4743e+11
0.09479,0.10625,5.4417e-1,1.1603e+10,2.7846e+11
0.09688,0.10625,3.3812e-1,5.5409e+9,2.5040e+11
0.09896,0.10625,1.1708e-1,1.9377e+9,2.2434e+11
0.00104,0.11042,3.7111e+0,4.1364e+10,0.0000e+0
0.00313,0.11042,3.7125e+0,5.2377e+10,1.4597e+11
0.00521,0.11042,3.7068e+0,9.7574e+10,1.0048e+11
0.00729,0.11042,3.7009e+0,1.1078e+11,8.2147e+10
0.00937,0.11042,3.6973e+0,1.1981e+11,3.8705e+11
0.01146,0.11042,3.6767e+0,1.2954e+11,2.4600e+11
0.01354,0.11042,3.6523e+0,1.5238e+11,1.7357e+11
0.01563,0.11042,3.6290e+0,1.5200e+11,2.8794e+11
0.01771,0.11042,3.5969e+0,1.5170e+11,1.3640e+11
0.01979,0.11042,3.5672e+0,1.6181e+11,2.8714e+11
0.02187,0.11042,3.5314e+0,1.7186e+11,3.7310e+11
0.02396,0.11042,3.4855e+0,1.8255e+11,2.8985e+11
0.02604,0.11042,3.4359e+0,1.8105e+11,2.7857e+11
0.02813,0.11042,3.3828e+0,1.8179e+11,2.1583e+11
0.03021,0.11042,3.3301e+0,2.1048e+11,2.3249e+11
0.03229,0.11042,3.2787e+0,2.3488e+11,3.8263e+11
0.03438,0.11042,3.2212e+0,2.1452e+11,3.4355e+11
0.03646,0.11042,3.1590e+0,2.4284e+11,2.8317e+11
0.03854,0.11042,3.0980e+0,2.2997e+11,2.4207e+11
0.04063,0.11042,3.0386e+0,2.4794e+11,2.7027e+11
0.04271,0.11042,2.9797e+0,2.4521e+11,2.7003e+11
0.04479,0.11042,2.9204e+0,2.2779e+11,2.8738e+11
0.04688,0.11042,2.8564e+0,2.6621e+11,2.0846e+11
0.04896,0.11042,2.7952e+0,3.1101e+11,2.2274e+11
0.05104,0.11042,2.7376e+0,2.9622e+11,2.2127e+11
0.05312,0.11042,2.6814e+0,2.8596e+11,2.7753e+11
0.05521,0.11042,2.6223e+0,2.8640e+11,3.2929e+11
0.05729,0.11042,2.5586e+0,3.0832e+11,3.5774e+11
0.05937,0.11042,2.4913e+0,3.1610e+11,3.8228e+11
0.06146,0.11042,2.4206e+0,3.1357e+11,4.0600e+11
0.06354,0.11042,2.3452e+0,3.4562e+11,4.2998e+11
0.06563,0.11042,2.2663e+0,3.3256e+11,4.1544e+11
0.06771,0.11042,2.1845e+0,2.8878e+11,4.2527e+11
0.06979,0.11042,2.0956e+0,2.8032e+11,3.5626e+11
0.07187,0.11042,2.0033e+0,2.7680e+11,3.7535e+11
0.07396,0.11042,1.9056e+0,2.6320e+11,3.3793e+11
0.07604,0.11042,1.8039e+0,2.5512e+11,3.2765e+11
0.07813,0.11042,1.6983e+0,2.7069e+11,3.6017e+11
0.08021,0.11042,1.5884e+0,2.6865e+11,4.0017e+11
0.08229,0.11042,1.4723e+0,2.8334e+11,4.3802e+11
0.08438,0.11042,1.3489e+0,2.1787e+11,3.9881e+11
0.08646,0.11042,1.2160e+0,1.8863e+11,3.9878e+11
0.08854,0.11042,1.0710e+0,1.5846e+11,3.6628e+11
0.09062,0.11042,9.1406e-1,1.0341e+11,3.6431e+11
0.09271,0.11042,7.4154e-1,4.4255e+10,3.4015e+11
0.09479,0.11042,5.5109e-1,1.3470e+10,2.9845e+11
0.09688,0.11042,3.4357e-1,5.8229e+9,2.8296e+11
0.09896,0.11042,1.1983e-1,2.1324e+9,2.7383e+11
0.00104,0.11458,3.7519e+0,4.4506e+10,0.0000e+0
0.00313,0.11458,3.7563e+0,5.0419e+10,1.1642e+11
0.00521,0.11458,3.7592e+0,8.9359e+10,2.6985e+11
0.00729,0.11458,3.7569e+0,1.0789e+11,3.2116e+11
0.00937,0.11458,3.7511e+0,1.0929e+11,6.2827e+11
0.01146,0.11458,3.7206e+0,1.2542e+11,2.7356e+11
0.01354,0.11458,3.6905e+0,1.4253e+11,2.2783e+11
0.01563,0.11458,3.6604e+0,1.4606e+11,2.3309e+11
0.01771,0.11458,3.6275e+0,1.4781e+11,1.5007e+11
0.01979,0.11458,3.5985e+0,1.5094e+11,3.5532e+11
0.02187,0.11458,3.5585e+0,1.6463e+11,3.6559e+11
0.02396,0.11458,3.5088e+0,1.7595e+11,2.5728e+11
0.02604,0.11458,3.4580e+0,1.7235e+11,2.0987e+11
0.02813,0.11458,3.4080e+0,1.7994e+11,2.9638e+11
0.03021,0.11458,3.3535e+0,2.1591e+11,3.1115e+11
0.03229,0.11458,3.2947e+0,2.3849e+11,2.2643e+11
0.03438,0.11458,3.2376e+0,2.0724e+11,2.4687e+11
0.03646,0.11458,3.1780e+0,2.3583e+11,2.0731e+11
0.03854,0.11458,3.1213e+0,2.3622e+11,2.7700e+11
0.04063,0.11458,3.0629e+0,2.4630e+11,2.7171e+11
0.04271,0.11458,3.0049e+0,2.4568e+11,2.7323e+11
0.04479,0.11458,2.9473e+0,2.4114e+11,3.4331e+11
0.04688,0.11458,2.8855e+0,2.7206e+11,3.0729e+11
0.04896,0.11458,2.8264e+0,2.9963e+11,3.2546e+11
0.05104,0.11458,2.7718e+0,2.9611e+11,4.5074e+11
0.05312,0.11458,2.7130e+0,2.9067e+11,4.4678e+11
0.05521,0.11458,2.6488e+0,2.8203e+11,3.9831e+11
0.05729,0.11458,2.5800e+0,2.9251e+11,3.9312e+11
0.05937,0.11458,2.5065e+0,3.1564e+11,3.3573e+11
0.06146,0.11458,2.4331e+0,3.1021e+11,3.7452e+11
0.06354,0.11458,2.3564e+0,3.5087e+11,4.1674e+11
0.06563,0.11458,2.2767e+0,3.3456e+11,3.9278e+11
0.06771,0.11458,2.1947e+0,2.9330e+11,3.8692e+11
0.06979,0.11458,2.1082e+0,2.7682e+11,3.7435e+11
0.07187,0.11458,2.0179e+0,2.8099e+11,4.3048e+11
0.07396,0.11458,1.9205e+0,2.6576e+11,4.1396e+11
0.07604,0.11458,1.8153e+0,2.6200e+11,3.4957e+11
0.07813,0.11458,1.7059e+0,2.6860e+11,3.2652e+11
0.08021,0.11458,1.5931e+0,2.7413e+11,3.3857e+11
0.08229,0.11458,1.4766e+0,2.8195e+11,3.8359e+11
0.08438,0.11458,1.3549e+0,2.1861e+11,4.0052e+11
0.08646,0.11458,1.2236e+0,1.9484e+11,4.4327e+11
0.08854,0.11458,1.0784e+0,1.6063e+11,4.2234e+11
0.09062,0.11458,9.1807e-1,1.0934e+11,3.3604e+11
0.09271,0.11458,7.4412e-1,4.5205e+10,2.9534e+11
0.09479,0.11458,5.5423e-1,1.5596e+10,3.1141e+11
0.09688,0.11458,3.4534e-1,5.8821e+9,2.6606e+11
0.09896,0.11458,1.2048e-1,2.8053e+9,2.7022e+11
0.00104,0.11875,3.7707e+0,4.3919e+10,0.0000e+0
0.00313,0.11875,3.7764e+0,5.2830e+10,2.5168e+11
0.00521,0.11875,3.7746e+0,8.6812e+10,3.1318e+11
0.00729,0.11875,3.7647e+0,1.0412e+11,1.3786e+11
0.00937,0.11875,3.7564e+0,1.1066e+11,2.3878e+11
0.01146,0.11875,3.7388e+0,1.2472e+11,1.6142e+11
0.01354,0.11875,3.7204e+0,1.3835e+11,2.9921e+11
0.01563,0.11875,3.6924e+0,1.4233e+11,2.9951e+11
0.01771,0.11875,3.6564e+0,1.4367e+11,1.5156e+11
0.01979,0.11875,3.6241e+0,1.5064e+11,3.9438e+11
0.02187,0.11875,3.5781e+0,1.6743e+11,2.6249e+11
0.02396,0.11875,3.5289e+0,1.7749e+11,2.1404e+11
0.02604,0.11875,3.4810e+0,1.7046e+11,2.8418e+11
0.02813,0.11875,3.4302e+0,1.8666e+11,2.6256e+11
0.03021,0.11875,3.3800e+0,2.2583e+11,4.2087e+11
0.03229,0.11875,3.3228e+0,2.4241e+11,3.3952e+11
0.03438,0.11875,3.2655e+0,2.0663e+11,2.8912e+11
0.03646,0.11875,3.2073e+0,2.2984e+11,2.6586e+11
0.03854,0.11875,3.1510e+0,2.3979e+11,3.6851e+11
0.04063,0.11875,3.0897e+0,2.4726e+11,2.6579e+11
0.04271,0.11875,3.0314e+0,2.4871e+11,3.5015e+11
0.04479,0.11875,2.9700e+0,2.4873e+11,3.6711e+11
0.04688,0.11875,2.9037e+0,2.7084e+11,2.7134e+11
0.04896,0.11875,2.8406e+0,3.0513e+11,2.4680e+11
0.05104,0.11875,2.7838e+0,2.9315e+11,3.1516e+11
0.05312,0.11875,2.7270e+0,2.8764e+11,3.7471e+11
0.05521,0.11875,2.6666e+0,2.8343e+11,4.3705e+11
0.05729,0.11875,2.5993e+0,2.9403e+11,4.6017e+11
0.05937,0.11875,2.5254e+0,3.1915e+11,4.4372e+11
0.06146,0.11875,2.4487e+0,3.2230e+11,4.4206e+11
0.06354,0.11875,2.3690e+0,3.3630e+11,4.2677e+11
0.06563,0.11875,2.2879e+0,3.2730e+11,4.3106e+11
0.06771,0.11875,2.2042e+0,2.9829e+11,4.1816e+11
0.06979,0.11875,2.1158e+0,2.9080e+11,3.6607e+11
0.07187,0.11875,2.0249e+0,2.9607e+11,3.6747e+11
0.07396,0.11875,1.9314e+0,2.7856e+11,4.6551e+11
0.07604,0.11875,1.8283e+0,2.7105e+11,4.0186e+11
0.07813,0.11875,1.7204e+0,2.7332e+11,4.4578e+11
0.08021,0.11875,1.6044e+0,2.6825e+11,4.1863e+11
0.08229,0.11875,1.4812e+0,2.6538e+11,3.3874e+11
0.08438,0.11875,1.3555e+0,2.2343e+11,3.5649e+11
0.08646,0.11875,1.2215e+0,2.0903e+11,3.4615e+11
0.08854,0.11875,1.0784e+0,1.6542e+11,3.8661e+11
0.09062,0.11875,9.2077e-1,1.1317e+11,3.5432e+11
0.09271,0.11875,7.4828e-1,4.3524e+10,3.3177e+11
0.09479,0.11875,5.5793e-1,1.6576e+10,3.3194e+11
0.09688,0.11875,3.4797e-1,6.0915e+9,2.8827e+11
0.09896,0.11875,1.2107e-1,2.5941e+9,2.6107e+11
0.00104,0.12292,3.7577e+0,4.7140e+10,0.0000e+0
0.00313,0.12292,3.7588e+0,5.1845e+10,2.6355e+8
0.00521,0.12292,3.7606e+0,8.6304e+10,3.3915e+8
0.00729,0.12292,3.7661e+0,1.0230e+11,1.3196e+11
0.00937,0.12292,3.7701e+0,1.1199e+11,3.2861e+11
0.01146,0.12292,3.7621e+0,1.3474e+11,2.4813e+11
0.01354,0.12292,3.7517e+0,1.5298e+11,5.0402e+11
0.01563,0.12292,3.7247e+0,1.6378e+11,5.0814e+11
0.01771,0.12292,3.6836e+0,1.5874e+11,2.6861e+11
0.01979,0.12292,3.6448e+0,1.5612e+11,3.5981e+11
0.02187,0.12292,3.5987e+0,1.6733e+11,3.0059e+11
0.02396,0.12292,3.5493e+0,1.8995e+11,3.2470e+11
0.02604,0.12292,3.4956e+0,1.8770e+11,2.5571e+11
0.02813,0.12292,3.4409e+0,1.8082e+11,1.9711e+11
0.03021,0.12292,3.3878e+0,2.1906e+11,2.3159e+11
0.03229,0.12292,3.3360e+0,2.3790e+11,2.7728e+11
0.03438,0.12292,3.2848e+0,2.1062e+11,3.1363e+11
0.03646,0.12292,3.2309e+0,2.3297e+11,3.5784e+11
0.03854,0.12292,3.1732e+0,2.4201e+11,3.8023e+11
0.04063,0.12292,3.1111e+0,2.5074e+11,3.0663e+11
0.04271,0.12292,3.0502e+0,2.4748e+11,3.2953e+11
0.04479,0.12292,2.9864e+0,2.5054e+11,2.7943e+11
0.04688,0.12292,2.9209e+0,2.8357e+11,2.3895e+11
0.04896,0.12292,2.8581e+0,3.1644e+11,2.6938e+11
0.05104,0.12292,2.7983e+0,2.9111e+11,2.9549e+11
0.05312,0.12292,2.7371e+0,2.9444e+11,3.1739e+11
0.05521,0.12292,2.6733e+0,2.8295e+11,3.5413e+11
0.05729,0.12292,2.6033e+0,2.9459e+11,3.5626e+11
0.05937,0.12292,2.5271e+0,3.2136e+11,3.1561e+11
0.06146,0.12292,2.4493e+0,3.2122e+11,3.1172e+11
0.06354,0.12292,2.3693e+0,3.3570e+11,3.1855e+11
0.06563,0.12292,2.2877e+0,3.3852e+11,3.2775e+11
0.06771,0.12292,2.2049e+0,3.1842e+11,3.1834e+11
0.06979,0.12292,2.1208e+0,3.1267e+11,3.9707e+11
0.07187,0.12292,2.0307e+0,2.8830e+11,4.0242e+11
0.07396,0.12292,1.9333e+0,2.7738e+11,3.5577e+11
0.07604,0.12292,1.8306e+0,2.8178e+11,3.4185e+11
0.07813,0.12292,1.7246e+0,2.7576e+11,4.1165e+11
0.08021,0.12292,1.6100e+0,2.7588e+11,4.3086e+11
0.08229,0.12292,1.4858e+0,2.7102e+11,3.1323e+11
0.08438,0.12292,1.3598e+0,2.1986e+11,3.3087e+11
0.08646,0.12292,1.2267e+0,1.9950e+11,3.9470e+11
0.08854,0.12292,1.0806e+0,1.5761e+11,3.2901e+11
0.09062,0.12292,9.2252e-1,1.1110e+11,3.2512e+11
0.09271,0.12292,7.4961e-1,4.4326e+10,3.1071e+11
0.09479,0.12292,5.5860e-1,1.4660e+10,3.0627e+11
0.09688,0.12292,3.4851e-1,5.9160e+9,2.8511e+11
0.09896,0.12292,1.2121e-1,2.0620e+9,2.5869e+11
0.00104,0.12708,3.7502e+0,4.1584e+10,0.0000e+0
0.00313,0.12708,3.7510e+0,5.3716e+10,0.0000e+0
0.00521,0.12708,3.7532e+0,8.7072e+10,0.0000e+0
0.00729,0.12708,3.7585e+0,9.8372e+10,7.9178e+9
0.00937,0.12708,3.7660e+0,1.1194e+11,1.7627e+11
0.01146,0.12708,3.7656e+0,1.5042e+11,3.5897e+11
0.01354,0.12708,3.7509e+0,1.6971e+11,4.1105e+11
0.01563,0.12708,3.7235e+0,1.6475e+11,3.7881e+11
0.01771,0.12708,3.6857e+0,1.5417e+11,1.8334e+11
0.01979,0.12708,3.6482e+0,1.6304e+11,1.7588e+11
0.02187,0.12708,3.6092e+0,1.7915e+11,2.6708e+11
0.02396,0.12708,3.5628e+0,1.9668e+11,3.0500e+11
0.02604,0.12708,3.5098e+0,1.7739e+11,2.3119e+11
0.02813,0.12708,3.4561e+0,1.8065e+11,2.5229e+11
0.03021,0.12708,3.4011e+0,2.1338e+11,2.5377e+11
0.03229,0.12708,3.3471e+0,2.2320e+11,2.5012e+11
0.03438,0.12708,3.2959e+0,2.1543e+11,3.0248e+11
0.03646,0.12708,3.2432e+0,2.4467e+11,4.1886e+11
0.03854,0.12708,3.1823e+0,2.4138e+11,2.6521e+11
0.04063,0.12708,3.1226e+0,2.4830e+11,2.4697e+11
0.04271,0.12708,3.0671e+0,2.5487e+11,3.3162e+11
0.04479,0.12708,3.0125e+0,2.5482e+11,4.7006e+11
0.04688,0.12708,2.9524e+0,2.8551e+11,4.9697e+11
0.04896,0.12708,2.8891e+0,3.1886e+11,4.7939e+11
0.05104,0.12708,2.8265e+0,2.9521e+11,5.0415e+11
0.05312,0.12708,2.7601e+0,2.9699e+11,4.3227e+11
0.05521,0.12708,2.6929e+0,2.8303e+11,4.1371e+11
0.05729,0.12708,2.6229e+0,2.8297e+11,4.2249e+11
0.05937,0.12708,2.5480e+0,3.2006e+11,4.0042e+11
0.06146,0.12708,2.4721e+0,3.2526e+11,4.5079e+11
0.06354,0.12708,2.3917e+0,3.4813e+11,4.7743e+11
0.06563,0.12708,2.3066e+0,3.4864e+11,4.0523e+11
0.06771,0.12708,2.2210e+0,3.2027e+11,3.9814e+11
0.06979,0.12708,2.1332e+0,3.1613e+11,4.2338e+11
0.07187,0.12708,2.0412e+0,2.8642e+11,4.2219e+11
0.07396,0.12708,1.9426e+0,2.7314e+11,3.7786e+11
0.07604,0.12708,1.8387e+0,2.9616e+11,3.5114e+11
0.07813,0.12708,1.7325e+0,2.8472e+11,4.1385e+11
0.08021,0.12708,1.6180e+0,2.9163e+11,4.0255e+11
0.08229,0.12708,1.4966e+0,2.7164e+11,3.7069e+11
0.08438,0.12708,1.3705e+0,2.2104e+11,3.7102e+11
0.08646,0.12708,1.2361e+0,1.9815e+11,3.7686e+11
0.08854,0.12708,1.0915e+0,1.5876e+11,4.2269e+11
0.09062,0.12708,9.3142e-1,1.1412e+11,3.8158e+11
0.09271,0.12708,7.5603e-1,4.5917e+10,3.6691e+11
0.09479,0.12708,5.6158e-1,1.3987e+10,3.1967e+11
0.09688,0.12708,3.4905e-1,6.5241e+9,2.7413e+11
0.09896,0.12708,1.2090e-1,1.9694e+9,2.3950e+11
0.00104,0.13125,3.7491e+0,4.4442e+10,0.0000e+0
0.00313,0.13125,3.7506e+0,5.8245e+10,0.0000e+0
0.00521,0.13125,3.7545e+0,7.9840e+10,0.0000e+0
0.00729,0.13125,3.7629e+0,8.9562e+10,1.0078e+11
0.00937,0.13125,3.7703e+0,1.1303e+11,3.3641e+11
0.01146,0.13125,3.7660e+0,1.4629e+11,5.7947e+11
0.01354,0.13125,3.7383e+0,1.5818e+11,1.8516e+11
0.01563,0.13125,3.7140e+0,1.5322e+11,1.3441e+11
0.01771,0.13125,3.6951e+0,1.4978e+11,3.2400e+11
0.01979,0.13125,3.6700e+0,1.5640e+11,3.9638e+11
0.02187,0.13125,3.6382e+0,1.7360e+11,6.5414e+11
0.02396,0.13125,3.5853e+0,1.8386e+11,4.3546e+11
0.02604,0.13125,3.5272e+0,1.7023e+11,2.9493e+11
0.02813,0.13125,3.4703e+0,1.8378e+11,2.9612e+11
0.03021,0.13125,3.4125e+0,2.0990e+11,3.2461e+11
0.03229,0.13125,3.3524e+0,2.2316e+11,2.1716e+11
0.03438,0.13125,3.2979e+0,2.2508e+11,2.4954e+11
0.03646,0.13125,3.2469e+0,2.4804e+11,3.9920e+11
0.03854,0.13125,3.1919e+0,2.4691e+11,4.5931e+11
0.04063,0.13125,3.1294e+0,2.5629e+11,3.4837e+11
0.04271,0.13125,3.0669e+0,2.6304e+11,3.1695e+11
0.04479,0.13125,3.0038e+0,2.5953e+11,2.5914e+11
0.04688,0.13125,2.9413e+0,2.8608e+11,3.0515e+11
0.04896,0.13125,2.8777e+0,3.2386e+11,3.1585e+11
0.05104,0.13125,2.8149e+0,2.9496e+11,2.6545e+11
0.05312,0.13125,2.7547e+0,2.9512e+11,3.4405e+11
0.05521,0.13125,2.6926e+0,2.8446e+11,3.4377e+11
0.05729,0.13125,2.6288e+0,2.8148e+11,4.0285e+11
0.05937,0.13125,2.5587e+0,3.1756e+11,4.3142e+11
0.06146,0.13125,2.4837e+0,3.2603e+11,4.4240e+11
0.06354,0.13125,2.4036e+0,3.4048e+11,4.2760e+11
0.06563,0.13125,2.3200e+0,3.3949e+11,4.3457e+11
0.06771,0.13125,2.2322e+0,3.1835e+11,4.0994e+11
0.06979,0.13125,2.1399e+0,3.1338e+11,3.5050e+11
0.07187,0.13125,2.0462e+0,2.8520e+11,3.2284e+11
0.07396,0.13125,1.9512e+0,2.7490e+11,3.9710e+11
0.07604,0.13125,1.8505e+0,3.1126e+11,4.4735e+11
0.07813,0.13125,1.7450e+0,2.8633e+11,4.9013e+11
0.08021,0.13125,1.6306e+0,2.8332e+11,4.7813e+11
0.08229,0.13125,1.5081e+0,2.6130e+11,4.2127e+11
0.08438,0.13125,1.3797e+0,2.2068e+11,3.9915e+11
0.08646,0.13125,1.2436e+0,2.0163e+11,4.2693e+11
0.08854,0.13125,1.0960e+0,1.6190e+11,4.3446e+11
0.09062,0.13125,9.3279e-1,1.0710e+11,3.6493e+11
0.09271,0.13125,7.5447e-1,4.5732e+10,3.2256e+11
0.09479,0.13125,5.5869e-1,1.6427e+10,2.7009e+11
0.09688,0.13125,3.4699e-1,7.1052e+9,2.5166e+11
0.09896,0.13125,1.2041e-1,1.7834e+9,2.4248e+11
0.00104,0.13542,3.7503e+0,5.2527e+10,0.0000e+0
0.00313,0.13542,3.7513e+0,5.9800e+10,3.9930e+9
0.00521,0.13542,3.7534e+0,8.3882e+10,3.3093e+9
0.00729,0.13542,3.7587e+0,9.4067e+10,2.8095e+11
0.00937,0.13542,3.7500e+0,1.1679e+11,1.6938e+11
0.01146,0.13542,3.7358e+0,1.4898e+11,1.2941e+11
0.01354,0.13542,3.7190e+0,1.4615e+11,1.3734e+11
0.01563,0.13542,3.7008e+0,1.4684e+11,1.1414e+11
0.01771,0.13542,3.6847e+0,1.5513e+11,3.6363e+11
0.01979,0.13542,3.6550e+0,1.6453e+11,3.3390e+11
0.02187,0.13542,3.6167e+0,1.7716e+11,3.5784e+11
0.02396,0.13542,3.5690e+0,1.9100e+11,2.8425e+11
0.02604,0.13542,3.5192e+0,1.7726e+11,2.4506e+11
0.02813,0.13542,3.4695e+0,1.9426e+11,3.5637e+11
0.03021,0.13542,3.4138e+0,2.1115e+11,3.8355e+11
0.03229,0.13542,3.3516e+0,2.2738e+11,2.6033e+11
0.03438,0.13542,3.2911e+0,2.2705e+11,2.3778e+11
0.03646,0.13542,3.2314e+0,2.4992e+11,1.5798e+11
0.03854,0.13542,3.1772e+0,2.3874e+11,2.4756e+11
0.04063,0.13542,3.1207e+0,2.6361e+11,2.5322e+11
0.04271,0.13542,3.0641e+0,2.6306e+11,2.9943e+11
0.04479,0.13542,3.0044e+0,2.6878e+11,3.3030e+11
0.04688,0.13542,2.9400e+0,2.9773e+11,2.8432e+11
0.04896,0.13542,2.8762e+0,3.1956e+11,3.1364e+11
0.05104,0.13542,2.8125e+0,3.1132e+11,2.7857e+11
0.05312,0.13542,2.7504e+0,2.9872e+11,2.3772e+11
0.05521,0.13542,2.6907e+0,2.8249e+11,2.6684e+11
0.05729,0.13542,2.6311e+0,2.9136e+11,4.1430e+11
0.05937,0.13542,2.5634e+0,3.2409e+11,4.4219e+11
0.06146,0.13542,2.4898e+0,3.2488e+11,4.2475e+11
0.06354,0.13542,2.4127e+0,3.3572e+11,4.4458e+11
0.06563,0.13542,2.3317e+0,3.3763e+11,4.9249e+11
0.06771,0.13542,2.2435e+0,3.2743e+11,4.2205e+11
0.06979,0.13542,2.1515e+0,3.1537e+11,4.0585e+11
0.07187,0.13542,2.0555e+0,2.9993e+11,3.8661e+11
0.07396,0.13542,1.9555e+0,2.8614e+11,3.8281e+11
0.07604,0.13542,1.8500e+0,3.0999e+11,3.6977e+11
0.07813,0.13542,1.7410e+0,2.8617e+11,3.6044e+11
0.08021,0.13542,1.6266e+0,2.6999e+11,3.5919e+11
0.08229,0.13542,1.5055e+0,2.5917e+11,3.6922e+11
0.08438,0.13542,1.3764e+0,2.2940e+11,3.2853e+11
0.08646,0.13542,1.2402e+0,2.0286e+11,3.7955e+11
0.08854,0.13542,1.0921e+0,1.8112e+11,3.9885e+11
0.09062,0.13542,9.2919e-1,1.0981e+11,3.1519e+11
0.09271,0.13542,7.5259e-1,4.3772e+10,3.2168e+11
0.09479,0.13542,5.5775e-1,1.8571e+10,2.7938e+11
0.09688,0.13542,3.4646e-1,7.9661e+9,2.4320e+11
0.09896,0.13542,1.2092e-1,1.9867e+9,2.7400e+11
0.00104,0.13958,3.7592e+0,5.4869e+10,0.0000e+0
0.00313,0.13958,3.7613e+0,6.4421e+10,1.2545e+11
0.00521,0.13958,3.7590e+0,8.9550e+10,1.2139e+11
0.00729,0.13958,3.7538e+0,9.2459e+10,8.8385e+10
0.00937,0.13958,3.7452e+0,1.1845e+11,9.2630e+10
0.01146,0.13958,3.7337e+0,1.5501e+11,1.2726e+11
0.01354,0.13958,3.7189e+0,1.4299e+11,1.3961e+11
0.01563,0.13958,3.6984e+0,1.5218e+11,1.3446e+11
0.01771,0.13958,3.6743e+0,1.6149e+11,3.0787e+11
0.01979,0.13958,3.6353e+0,1.7389e+11,1.7242e+11
0.02187,0.13958,3.5926e+0,1.8979e+11,1.4078e+11
0.02396,0.13958,3.5488e+0,1.9564e+11,1.5745e+11
0.02604,0.13958,3.5050e+0,1.8171e+11,2.1603e+11
0.02813,0.13958,3.4580e+0,1.9411e+11,3.1689e+11
0.03021,0.13958,3.4028e+0,2.1912e+11,2.1493e+11
0.03229,0.13958,3.3493e+0,2.2392e+11,2.8799e+11
0.03438,0.13958,3.2929e+0,2.2541e+11,2.6729e+11
0.03646,0.13958,3.2352e+0,2.4726e+11,2.1828e+11
0.03854,0.13958,3.1811e+0,2.4195e+11,2.5368e+11
0.04063,0.13958,3.1271e+0,2.5434e+11,2.6518e+11
0.04271,0.13958,3.0736e+0,2.5428e+11,3.5688e+11
0.04479,0.13958,3.0158e+0,2.5542e+11,3.9302e+11
0.04688,0.13958,2.9522e+0,2.7847e+11,3.6574e+11
0.04896,0.13958,2.8869e+0,3.1013e+11,3.2366e+11
0.05104,0.13958,2.8244e+0,3.0047e+11,3.1303e+11
0.05312,0.13958,2.7651e+0,2.9386e+11,3.9939e+11
0.05521,0.13958,2.7024e+0,2.9003e+11,3.8074e+11
0.05729,0.13958,2.6363e+0,2.9569e+11,3.9847e+11
0.05937,0.13958,2.5644e+0,3.3023e+11,3.7074e+11
0.06146,0.13958,2.4894e+0,3.3327e+11,3.4386e+11
0.06354,0.13958,2.4129e+0,3.4604e+11,3.8424e+11
0.06563,0.13958,2.3342e+0,3.3326e+11,4.0967e+11
0.06771,0.13958,2.2520e+0,3.4412e+11,5.2092e+11
0.06979,0.13958,2.1613e+0,3.1955e+11,4.6195e+11
0.07187,0.13958,2.0651e+0,3.0115e+11,4.5166e+11
0.07396,0.13958,1.9632e+0,2.8575e+11,4.1999e+11
0.07604,0.13958,1.8562e+0,3.0539e+11,3.8766e+11
0.07813,0.13958,1.7474e+0,2.8093e+11,4.1210e+11
0.08021,0.13958,1.6336e+0,2.7335e+11,4.2637e+11
0.08229,0.13958,1.5131e+0,2.6176e+11,4.4865e+11
0.08438,0.13958,1.3835e+0,2.3701e+11,4.4750e+11
0.08646,0.13958,1.2429e+0,1.9729e+11,3.5653e+11
0.08854,0.13958,1.0935e+0,1.7540e+11,3.8381e+11
0.09062,0.13958,9.3139e-1,1.0716e+11,3.6597e+11
0.09271,0.13958,7.5305e-1,4.6820e+10,3.0148e+11
0.09479,0.13958,5.5851e-1,2.0625e+10,2.7732e+11
0.09688,0.13958,3.4782e-1,8.3187e+9,2.7387e+11
0.09896,0.13958,1.2092e-1,1.9471e+9,2.5171e+11
0.00104,0.14375,3.7687e+0,4.8847e+10,0.0000e+0
0.00313,0.14375,3.7701e+0,5.4233e+10,1.3188e+10
0.00521,0.14375,3.7722e+0,7.5504e+10,9.9958e+10
0.00729,0.14375,3.7715e+0,1.0004e+11,1.2994e+11
0.00937,0.14375,3.7691e+0,1.1022e+11,1.9396e+11
0.01146,0.14375,3.7631e+0,1.4001e+11,2.6456e+11
0.01354,0.14375,3.7531e+0,1.4457e+11,4.4946e+11
0.01563,0.14375,3.7281e+0,1.4958e+11,4.0772e+11
0.01771,0.14375,3.6919e+0,1.5962e+11,3.2864e+11
0.01979,0.14375,3.6486e+0,1.7730e+11,2.4216e+11
0.02187,0.14375,3.6047e+0,1.8893e+11,3.0879e+11
0.02396,0.14375,3.5557e+0,1.8456e+11,2.2029e+11
0.02604,0.14375,3.5072e+0,1.8019e+11,2.5019e+11
0.02813,0.14375,3.4556e+0,1.9136e+11,2.2315e+11
0.03021,0.14375,3.4019e+0,2.2346e+11,1.6534e+11
0.03229,0.14375,3.3521e+0,2.2982e+11,2.4583e+11
0.03438,0.14375,3.3009e+0,2.2500e+11,2.6438e+11
0.03646,0.14375,3.2465e+0,2.3883e+11,2.1507e+11
0.03854,0.14375,3.1929e+0,2.3508e+11,2.3608e+11
0.04063,0.14375,3.1391e+0,2.5103e+11,3.5087e+11
0.04271,0.14375,3.0788e+0,2.5071e+11,2.6734e+11
0.04479,0.14375,3.0182e+0,2.4900e+11,2.7642e+11
0.04688,0.14375,2.9558e+0,2.6831e+11,2.9115e+11
0.04896,0.14375,2.8926e+0,3.1028e+11,3.2831e+11
0.05104,0.14375,2.8298e+0,3.0096e+11,2.9772e+11
0.05312,0.14375,2.7695e+0,3.0443e+11,3.3344e+11
0.05521,0.14375,2.7089e+0,3.0712e+11,4.1979e+11
0.05729,0.14375,2.6431e+0,2.8949e+11,3.8484e+11
0.05937,0.14375,2.5748e+0,3.3471e+11,4.7738e+11
0.06146,0.14375,2.5019e+0,3.3569e+11,5.3031e+11
0.06354,0.14375,2.4205e+0,3.4387e+11,4.2839e+11
0.06563,0.14375,2.3366e+0,3.3788e+11,3.9718e+11
0.06771,0.14375,2.2496e+0,3.4500e+11,3.9115e+11
0.06979,0.14375,2.1594e+0,3.1562e+11,4.0983e+11
0.07187,0.14375,2.0619e+0,3.0577e+11,3.4754e+11
0.07396,0.14375,1.9607e+0,2.8958e+11,3.5464e+11
0.07604,0.14375,1.8551e+0,3.1157e+11,3.9080e+11
0.07813,0.14375,1.7450e+0,2.9394e+11,3.6751e+11
0.08021,0.14375,1.6312e+0,2.8769e+11,4.0539e+11
0.08229,0.14375,1.5107e+0,2.6458e+11,3.9539e+11
0.08438,0.14375,1.3822e+0,2.3441e+11,3.7871e+11
0.08646,0.14375,1.2443e+0,2.0238e+11,3.8056e+11
0.08854,0.14375,1.0954e+0,1.6796e+11,3.8993e+11
0.09062,0.14375,9.3265e-1,1.0231e+11,3.4085e+11
0.09271,0.14375,7.5505e-1,4.5656e+10,3.0920e+11
0.09479,0.14375,5.6108e-1,1.9180e+10,3.0583e+11
0.09688,0.14375,3.4939e-1,9.3084e+9,2.7225e+11
0.09896,0.14375,1.2195e-1,2.5001e+9,2.7831e+11
0.00104,0.14792,3.7826e+0,5.0396e+10,0.0000e+0
0.00313,0.14792,3.7842e+0,5.6746e+10,0.0000e+0
0.00521,0.14792,3.7878e+0,7.2200e+10,9.3961e+10
0.00729,0.14792,3.7887e+0,1.0460e+11,1.7746e+11
0.00937,0.14792,3.7844e+0,1.1638e+11,1.8301e+11
0.01146,0.14792,3.7752e+0,1.3926e+11,2.1624e+11
0.01354,0.14792,3.7624e+0,1.4818e+11,3.4361e+11
0.01563,0.14792,3.7383e+0,1.5628e+11,3.7436e+11
0.01771,0.14792,3.7030e+0,1.5635e+11,2.9488e+11
0.01979,0.14792,3.6629e+0,1.7634e+11,3.3261e+11
0.02187,0.14792,3.6168e+0,1.8571e+11,2.9514e+11
0.02396,0.14792,3.5664e+0,1.7386e+11,1.8393e+11
0.02604,0.14792,3.5163e+0,1.7841e+11,1.6947e+11
0.02813,0.14792,3.4668e+0,1.8969e+11,1.9742e+11
0.03021,0.14792,3.4179e+0,2.2190e+11,2.6123e+11
0.03229,0.14792,3.3686e+0,2.3121e+11,2.2556e+11
0.03438,0.14792,3.3225e+0,2.3064e+11,3.1347e+11
0.03646,0.14792,3.2737e+0,2.4371e+11,4.1746e+11
0.03854,0.14792,3.2171e+0,2.3981e+11,3.3955e+11
0.04063,0.14792,3.1574e+0,2.5734e+11,3.5736e+11
0.04271,0.14792,3.0921e+0,2.6297e+11,2.2615e+11
0.04479,0.14792,3.0303e+0,2.5013e+11,2.8850e+11
0.04688,0.14792,2.9667e+0,2.6490e+11,3.0318e+11
0.04896,0.14792,2.9016e+0,2.9906e+11,3.1368e+11
0.05104,0.14792,2.8368e+0,3.0549e+11,2.6129e+11
0.05312,0.14792,2.7750e+0,3.0043e+11,3.2938e+11
0.05521,0.14792,2.7102e+0,3.0597e+11,3.6324e+11
0.05729,0.14792,2.6400e+0,2.9130e+11,2.9968e+11
0.05937,0.14792,2.5683e+0,3.3265e+11,3.0927e+11
0.06146,0.14792,2.4979e+0,3.3001e+11,4.0868e+11
0.06354,0.14792,2.4226e+0,3.4834e+11,4.4561e+11
0.06563,0.14792,2.3432e+0,3.4049e+11,4.8400e+11
0.06771,0.14792,2.2568e+0,3.3576e+11,4.0851e+11
0.06979,0.14792,2.1684e+0,3.2115e+11,4.7685e+11
0.07187,0.14792,2.0717e+0,3.1138e+11,4.5691e+11
0.07396,0.14792,1.9673e+0,2.9369e+11,3.8343e+11
0.07604,0.14792,1.8590e+0,3.1504e+11,4.0883e+11
0.07813,0.14792,1.7465e+0,2.8557e+11,3.5763e+11
0.08021,0.14792,1.6306e+0,2.9477e+11,3.4969e+11
0.08229,0.14792,1.5122e+0,2.7029e+11,4.0724e+11
0.08438,0.14792,1.3858e+0,2.4456e+11,4.4055e+11
0.08646,0.14792,1.2478e+0,2.0712e+11,4.0699e+11
0.08854,0.14792,1.0978e+0,1.5409e+11,3.7103e+11
0.09062,0.14792,9.3390e-1,1.0077e+11,3.0523e+11
0.09271,0.14792,7.5646e-1,5.0715e+10,3.0344e+11
0.09479,0.14792,5.6227e-1,1.9259e+10,2.9572e+11
0.09688,0.14792,3.5029e-1,8.3986e+9,2.7308e+11
0.09896,0.14792,1.2197e-1,2.7654e+9,2.6278e+11
0.00104,0.15208,3.7994e+0,5.1884e+10,0.0000e+0
0.00313,0.15208,3.8010e+0,5.6613e+10,0.0000e+0
0.00521,0.15208,3.8043e+0,7.4375e+10,7.6117e+10
0.00729,0.15208,3.8053e+0,1.0463e+11,1.0630e+11
0.00937,0.15208,3.8043e+0,1.1802e+11,3.5839e+11
0.01146,0.15208,3.7860e+0,1.4108e+11,1.6644e+11
0.01354,0.15208,3.7666e+0,1.4693e+11,2.2894e+11
0.01563,0.15208,3.7403e+0,1.5656e+11,2.3044e+11
0.01771,0.15208,3.7077e+0,1.5348e+11,2.2786e+11
0.01979,0.15208,3.6699e+0,1.6831e+11,2.1907e+11
0.02187,0.15208,3.6302e+0,1.8161e+11,2.4375e+11
0.02396,0.15208,3.5902e+0,1.7455e+11,3.9118e+11
0.02604,0.15208,3.5416e+0,1.7870e+11,3.6007e+11
0.02813,0.15208,3.4881e+0,1.9238e+11,2.7832e+11
0.03021,0.15208,3.4365e+0,2.3122e+11,2.9850e+11
0.03229,0.15208,3.3864e+0,2.2968e+11,2.5895e+11
0.03438,0.15208,3.3401e+0,2.4217e+11,3.7454e+11
0.03646,0.15208,3.2897e+0,2.4997e+11,3.7696e+11
0.03854,0.15208,3.2350e+0,2.4004e+11,3.2028e+11
0.04063,0.15208,3.1798e+0,2.5402e+11,4.6490e+11
0.04271,0.15208,3.1147e+0,2.5726e+11,3.2676e+11
0.04479,0.15208,3.0497e+0,2.6130e+11,3.5155e+11
0.04688,0.15208,2.9828e+0,2.7713e+11,3.4437e+11
0.04896,0.15208,2.9162e+0,3.0725e+11,2.8966e+11
0.05104,0.15208,2.8559e+0,3.0309e+11,4.0533e+11
0.05312,0.15208,2.7936e+0,2.9696e+11,4.5432e+11
0.05521,0.15208,2.7249e+0,2.9846e+11,4.2069e+11
0.05729,0.15208,2.6510e+0,2.9464e+11,3.7375e+11
0.05937,0.15208,2.5740e+0,3.2544e+11,3.3344e+11
0.06146,0.15208,2.4982e+0,3.3369e+11,3.5927e+11
0.06354,0.15208,2.4208e+0,3.5351e+11,3.6356e+11
0.06563,0.15208,2.3434e+0,3.4292e+11,4.4702e+11
0.06771,0.15208,2.2598e+0,3.4035e+11,4.2024e+11
0.06979,0.15208,2.1731e+0,3.2302e+11,4.7068e+11
0.07187,0.15208,2.0780e+0,3.0676e+11,4.7576e+11
0.07396,0.15208,1.9728e+0,2.8867e+11,3.7134e+11
0.07604,0.15208,1.8630e+0,2.9870e+11,3.3758e+11
0.07813,0.15208,1.7506e+0,2.7735e+11,3.3349e+11
0.08021,0.15208,1.6348e+0,2.9676e+11,3.8423e+11
0.08229,0.15208,1.5149e+0,2.7222e+11,4.1620e+11
0.08438,0.15208,1.3875e+0,2.3935e+11,4.1486e+11
0.08646,0.15208,1.2505e+0,1.9921e+11,4.0352e+11
0.08854,0.15208,1.1024e+0,1.6014e+11,4.0185e+11
0.09062,0.15208,9.4067e-1,1.1163e+11,3.9721e+11
0.09271,0.15208,7.6218e-1,5.1776e+10,3.4972e+11
0.09479,0.15208,5.6563e-1,1.9222e+10,2.9481e+11
0.09688,0.15208,3.5234e-1,8.8873e+9,2.7752e+11
0.09896,0.15208,1.2268e-1,2.3221e+9,2.6362e+11
0.00104,0.15625,3.8200e+0,5.7329e+10,0.0000e+0
0.00313,0.15625,3.8220e+0,5.1919e+10,0.0000e+0
0.00521,0.15625,3.8259e+0,7.9648e+10,7.0828e+10
0.00729,0.15625,3.8297e+0,1.0905e+11,2.3554e+11
0.00937,0.15625,3.8262e+0,1.1596e+11,3.9420e+11
0.01146,0.15625,3.8067e+0,1.4623e+11,2.5137e+11
0.01354,0.15625,3.7871e+0,1.4271e+11,3.7010e+11
0.01563,0.15625,3.7602e+0,1.5134e+11,3.8006e+11
0.01771,0.15625,3.7258e+0,1.6177e+11,3.4323e+11
0.01979,0.15625,3.6853e+0,1.6979e+11,3.0110e+11
0.02187,0.15625,3.6408e+0,1.8666e+11,2.6433e+11
0.02396,0.15625,3.5956e+0,1.7621e+11,2.8384e+11
0.02604,0.15625,3.5455e+0,1.7988e+11,2.7144e+11
0.02813,0.15625,3.4909e+0,1.9082e+11,1.3919e+11
0.03021,0.15625,3.4418e+0,2.2939e+11,2.6131e+11
0.03229,0.15625,3.3920e+0,2.3587e+11,2.2199e+11
0.03438,0.15625,3.3448e+0,2.4537e+11,3.1738e+11
0.03646,0.15625,3.2943e+0,2.5926e+11,3.2107e+11
0.03854,0.15625,3.2421e+0,2.5121e+11,3.2018e+11
0.04063,0.15625,3.1879e+0,2.5726e+11,3.8138e+11
0.04271,0.15625,3.1275e+0,2.5592e+11,3.9558e+11
0.04479,0.15625,3.0607e+0,2.6542e+11,3.8262e+11
0.04688,0.15625,2.9886e+0,2.8939e+11,2.3899e+11
0.04896,0.15625,2.9216e+0,3.1959e+11,2.5653e+11
0.05104,0.15625,2.8607e+0,3.1024e+11,3.5216e+11
0.05312,0.15625,2.7987e+0,3.0801e+11,3.9680e+11
0.05521,0.15625,2.7329e+0,3.0849e+11,4.6691e+11
0.05729,0.15625,2.6599e+0,3.0036e+11,4.0566e+11
0.05937,0.15625,2.5838e+0,3.3039e+11,4.0453e+11
0.06146,0.15625,2.5067e+0,3.3531e+11,4.2978e+11
0.06354,0.15625,2.4264e+0,3.5895e+11,4.0281e+11
0.06563,0.15625,2.3455e+0,3.5136e+11,4.1409e+11
0.06771,0.15625,2.2612e+0,3.5215e+11,3.7672e+11
0.06979,0.15625,2.1753e+0,3.2789e+11,4.2014e+11
0.07187,0.15625,2.0832e+0,3.0095e+11,4.3320e+11
0.07396,0.15625,1.9828e+0,2.8616e+11,3.8217e+11
0.07604,0.15625,1.8776e+0,2.9886e+11,4.6960e+11
0.07813,0.15625,1.7628e+0,2.7556e+11,4.1342e+11
0.08021,0.15625,1.6404e+0,2.9075e+11,3.4764e+11
0.08229,0.15625,1.5150e+0,2.8306e+11,3.4335e+11
0.08438,0.15625,1.3851e+0,2.5699e+11,3.6527e+11
0.08646,0.15625,1.2476e+0,1.9921e+11,3.4292e+11
0.08854,0.15625,1.1000e+0,1.6740e+11,3.5026e+11
0.09062,0.15625,9.4039e-1,1.1518e+11,3.8454e+11
0.09271,0.15625,7.6336e-1,4.8992e+10,3.4898e+11
0.09479,0.15625,5.6744e-1,1.9254e+10,3.0205e+11
0.09688,0.15625,3.5448e-1,7.1668e+9,2.9806e+11
0.09896,0.15625,1.2414e-1,1.3904e+9,2.9971e+11
0.00104,0.16042,3.8426e+0,5.6712e+10,0.0000e+0
0.00313,0.16042,3.8438e+0,5.1692e+10,6.8880e+9
0.00521,0.16042,3.8448e+0,7.2594e+10,6.8463e+10
0.00729,0.16042,3.8434e+0,1.0868e+11,2.1177e+11
0.00937,0.16042,3.8349e+0,1.1848e+11,4.0643e+11
0.01146,0.16042,3.8085e+0,1.4901e+11,2.1381e+11
0.01354,0.16042,3.7803e+0,1.6095e+11,1.5453e+11
0.01563,0.16042,3.7540e+0,1.5161e+11,1.5347e+11
0.01771,0.16042,3.7294e+0,1.5655e+11,3.8614e+11
0.01979,0.16042,3.6933e+0,1.6889e+11,4.1146e+11
0.02187,0.16042,3.6468e+0,1.8590e+11,2.2610e+11
0.02396,0.16042,3.6035e+0,1.7891e+11,3.0461e+11
0.02604,0.16042,3.5552e+0,1.8429e+11,2.8140e+11
0.02813,0.16042,3.5032e+0,1.9403e+11,2.0649e+11
0.03021,0.16042,3.4533e+0,2.2936e+11,2.5443e+11
0.03229,0.16042,3.4040e+0,2.3365e+11,3.0625e+11
0.03438,0.16042,3.3523e+0,2.3563e+11,2.9990e+11
0.03646,0.16042,3.2982e+0,2.6127e+11,2.4676e+11
0.03854,0.16042,3.2467e+0,2.5755e+11,3.0114e+11
0.04063,0.16042,3.1935e+0,2.5568e+11,3.7228e+11
0.04271,0.16042,3.1345e+0,2.5723e+11,3.8835e+11
0.04479,0.16042,3.0691e+0,2.6423e+11,3.3067e+11
0.04688,0.16042,3.0018e+0,2.9417e+11,3.5257e+11
0.04896,0.16042,2.9336e+0,3.2470e+11,3.3009e+11
0.05104,0.16042,2.8670e+0,3.0664e+11,2.9759e+11
0.05312,0.16042,2.8009e+0,3.0066e+11,3.3392e+11
0.05521,0.16042,2.7307e+0,3.0115e+11,2.8619e+11
0.05729,0.16042,2.6593e+0,2.9827e+11,3.3577e+11
0.05937,0.16042,2.5846e+0,3.3841e+11,3.7359e+11
0.06146,0.16042,2.5091e+0,3.4175e+11,4.1571e+11
0.06354,0.16042,2.4310e+0,3.5398e+11,4.1551e+11
0.06563,0.16042,2.3522e+0,3.5342e+11,4.4155e+11
0.06771,0.16042,2.2714e+0,3.5898e+11,5.1701e+11
0.06979,0.16042,2.1841e+0,3.4512e+11,4.7581e+11
0.07187,0.16042,2.0915e+0,3.1257e+11,4.3965e+11
0.07396,0.16042,1.9936e+0,2.8804e+11,4.4241e+11
0.07604,0.16042,1.8886e+0,2.9479e+11,4.7392e+11
0.07813,0.16042,1.7746e+0,2.8018e+11,4.2640e+11
0.08021,0.16042,1.6533e+0,2.9279e+11,3.9594e+11
0.08229,0.16042,1.5269e+0,2.7215e+11,4.0130e+11
0.08438,0.16042,1.3927e+0,2.6519e+11,3.3593e+11
0.08646,0.16042,1.2533e+0,1.9504e+11,3.3318e+11
0.08854,0.16042,1.1030e+0,1.7121e+11,3.2892e+11
0.09062,0.16042,9.4057e-1,1.1196e+11,3.2154e+11
0.09271,0.16042,7.6262e-1,4.9765e+10,3.0517e+11
0.09479,0.16042,5.6657e-1,1.9127e+10,2.6899e+11
0.09688,0.16042,3.5379e-1,6.7825e+9,2.7787e+11
0.09896,0.16042,1.2380e-1,1.7675e+9,2.9001e+11
0.00104,0.16458,3.8730e+0,4.7437e+10,0.0000e+0
0.00313,0.16458,3.8776e+0,4.8633e+10,2.0809e+11
0.00521,0.16458,3.8748e+0,6.6231e+10,3.1487e+11
0.00729,0.16458,3.8591e+0,1.0904e+11,1.5758e+11
0.00937,0.16458,3.8403e+0,1.2657e+11,1.4896e+11
0.01146,0.16458,3.8166e+0,1.5272e+11,2.2734e+11
0.01354,0.16458,3.7851e+0,1.6376e+11,1.1723e+11
0.01563,0.16458,3.7543e+0,1.6066e+11,1.3822e+11
0.01771,0.16458,3.7209e+0,1.5693e+11,1.4620e+11
0.01979,0.16458,3.6838e+0,1.6873e+11,1.5408e+11
0.02187,0.16458,3.6450e+0,1.8985e+11,1.6821e+11
0.02396,0.16458,3.6071e+0,1.8123e+11,2.2855e+11
0.02604,0.16458,3.5658e+0,1.8041e+11,2.7325e+11
0.02813,0.16458,3.5183e+0,2.0548e+11,2.5821e+11
0.03021,0.16458,3.4685e+0,2.4210e+11,2.9489e+11
0.03229,0.16458,3.4155e+0,2.3253e+11,2.3628e+11
0.03438,0.16458,3.3623e+0,2.3443e+11,2.5456e+11
0.03646,0.16458,3.3080e+0,2.5621e+11,2.4700e+11
0.03854,0.16458,3.2556e+0,2.5105e+11,3.6215e+11
0.04063,0.16458,3.1973e+0,2.5860e+11,3.0184e+11
0.04271,0.16458,3.1385e+0,2.6411e+11,3.6205e+11
0.04479,0.16458,3.0760e+0,2.7098e+11,3.4105e+11
0.04688,0.16458,3.0126e+0,2.9577e+11,3.6602e+11
0.04896,0.16458,2.9490e+0,3.3614e+11,4.2053e+11
0.05104,0.16458,2.8849e+0,3.0637e+11,4.0034e+11
0.05312,0.16458,2.8199e+0,3.0465e+11,4.6523e+11
0.05521,0.16458,2.7483e+0,3.0236e+11,4.4515e+11
0.05729,0.16458,2.6707e+0,3.0542e+11,4.0544e+11
0.05937,0.16458,2.5884e+0,3.4301e+11,3.1869e+11
0.06146,0.16458,2.5089e+0,3.4503e+11,3.4001e+11
0.06354,0.16458,2.4297e+0,3.4348e+11,3.6011e+11
0.06563,0.16458,2.3492e+0,3.4138e+11,3.4475e+11
0.06771,0.16458,2.2683e+0,3.6261e+11,4.2273e+11
0.06979,0.16458,2.1840e+0,3.4669e+11,4.7948e+11
0.07187,0.16458,2.0920e+0,3.1270e+11,4.0701e+11
0.07396,0.16458,1.9955e+0,3.0226e+11,4.4329e+11
0.07604,0.16458,1.8913e+0,3.0825e+11,4.1407e+11
0.07813,0.16458,1.7824e+0,3.0871e+11,4.4354e+11
0.08021,0.16458,1.6667e+0,3.0504e+11,4.6577e+11
0.08229,0.16458,1.5432e+0,2.6798e+11,4.3913e+11
0.08438,0.16458,1.4121e+0,2.5014e+11,4.4186e+11
0.08646,0.16458,1.2730e+0,1.9068e+11,4.7583e+11
0.08854,0.16458,1.1195e+0,1.6696e+11,4.3039e+11
0.09062,0.16458,9.5273e-1,1.0631e+11,3.7586e+11
0.09271,0.16458,7.7084e-1,4.5820e+10,3.2625e+11
0.09479,0.16458,5.7213e-1,1.7295e+10,3.0831e+11
0.09688,0.16458,3.5580e-1,6.7319e+9,2.7473e+11
0.09896,0.16458,1.2344e-1,2.2456e+9,2.4939e+11
0.00104,0.16875,3.8821e+0,5.2228e+10,0.0000e+0
0.00313,0.16875,3.8882e+0,5.3023e+10,1.4084e+11
0.00521,0.16875,3.8930e+0,7.1009e+10,2.9080e+11
0.00729,0.16875,3.8914e+0,1.1830e+11,4.9827e+11
0.00937,0.16875,3.8775e+0,1.4509e+11,5.5859e+11
0.01146,0.16875,3.8523e+0,1.6324e+11,4.9767e+11
0.01354,0.16875,3.8206e+0,1.6587e+11,3.5326e+11
0.01563,0.16875,3.7893e+0,1.5259e+11,4.5962e+11
0.01771,0.16875,3.7470e+0,1.5484e+11,3.0063e+11
0.01979,0.16875,3.7016e+0,1.7257e+11,1.6555e+11
0.02187,0.16875,3.6608e+0,1.8927e+11,1.7148e+11
0.02396,0.16875,3.6237e+0,1.8488e+11,2.1356e+11
0.02604,0.16875,3.5861e+0,1.8537e+11,3.3460e+11
0.02813,0.16875,3.5405e+0,2.0312e+11,2.8451e+11
0.03021,0.16875,3.4937e+0,2.3481e+11,3.9530e+11
0.03229,0.16875,3.4408e+0,2.3305e+11,3.7140e+11
0.03438,0.16875,3.3833e+0,2.5560e+11,3.4667e+11
0.03646,0.16875,3.3249e+0,2.7667e+11,3.7377e+11
0.03854,0.16875,3.2652e+0,2.5453e+11,3.7141e+11
0.04063,0.16875,3.2019e+0,2.5782e+11,3.1938e+11
0.04271,0.16875,3.1382e+0,2.6614e+11,2.8148e+11
0.04479,0.16875,3.0761e+0,2.6192e+11,3.0426e+11
0.04688,0.16875,3.0136e+0,2.9559e+11,3.5095e+11
0.04896,0.16875,2.9501e+0,3.4339e+11,3.7604e+11
0.05104,0.16875,2.8881e+0,3.0792e+11,3.8022e+11
0.05312,0.16875,2.8252e+0,3.1308e+11,4.6940e+11
0.05521,0.16875,2.7563e+0,3.0672e+11,4.7632e+11
0.05729,0.16875,2.6812e+0,3.0868e+11,4.7341e+11
0.05937,0.16875,2.5999e+0,3.4534e+11,4.1129e+11
0.06146,0.16875,2.5197e+0,3.5493e+11,4.3665e+11
0.06354,0.16875,2.4391e+0,3.5114e+11,4.3476e+11
0.06563,0.16875,2.3568e+0,3.2956e+11,4.4131e+11
0.06771,0.16875,2.2700e+0,3.6024e+11,3.8211e+11
0.06979,0.16875,2.1840e+0,3.4151e+11,4.5921e+11
0.07187,0.16875,2.0916e+0,3.1391e+11,4.0426e+11
0.07396,0.16875,1.9947e+0,3.0729e+11,4.2590e+11
0.07604,0.16875,1.8919e+0,3.2414e+11,4.1847e+11
0.07813,0.16875,1.7866e+0,2.9533e+11,4.8320e+11
0.08021,0.16875,1.6734e+0,2.8409e+11,5.1694e+11
0.08229,0.16875,1.5491e+0,2.5803e+11,4.4018e+11
0.08438,0.16875,1.4166e+0,2.4285e+11,4.2443e+11
0.08646,0.16875,1.2747e+0,1.9175e+11,3.8908e+11
0.08854,0.16875,1.1216e+0,1.6652e+11,3.8008e+11
0.09062,0.16875,9.5668e-1,1.0677e+11,3.8782e+11
0.09271,0.16875,7.7536e-1,4.4228e+10,3.6635e+11
0.09479,0.16875,5.7496e-1,1.7009e+10,3.1286e+11
0.09688,0.16875,3.5703e-1,6.1307e+9,2.6858e+11
0.09896,0.16875,1.2374e-1,1.3884e+9,2.4673e+11
0.00104,0.17292,3.8590e+0,5.9793e+10,0.0000e+0
0.00313,0.17292,3.8619e+0,5.8914e+10,4.7886e+10
0.00521,0.17292,3.8649e+0,6.7904e+10,1.4873e+11
0.00729,0.17292,3.8628e+0,1.1852e+11,3.3493e+11
0.00937,0.17292,3.8477e+0,1.4141e+11,2.2395e+11
0.01146,0.17292,3.8292e+0,1.6903e+11,1.3309e+11
0.01354,0.17292,3.8152e+0,1.6525e+11,3.6383e+11
0.01563,0.17292,3.7915e+0,1.5547e+11,3.3327e+11
0.01771,0.17292,3.7605e+0,1.5341e+11,3.5849e+11
0.01979,0.17292,3.7215e+0,1.7009e+11,2.5907e+11
0.02187,0.17292,3.6821e+0,1.9059e+11,2.1560e+11
0.02396,0.17292,3.6461e+0,1.8715e+11,3.3147e+11
0.02604,0.17292,3.6050e+0,1.9128e+11,3.8347e+11
0.02813,0.17292,3.5552e+0,2.1018e+11,2.6588e+11
0.03021,0.17292,3.5067e+0,2.3444e+11,3.3802e+11
0.03229,0.17292,3.4555e+0,2.4283e+11,4.5282e+11
0.03438,0.17292,3.3934e+0,2.6020e+11,3.1773e+11
0.03646,0.17292,3.3301e+0,2.8450e+11,3.1369e+11
0.03854,0.17292,3.2661e+0,2.6122e+11,2.7375e+11
0.04063,0.17292,3.2014e+0,2.5221e+11,2.2209e+11
0.04271,0.17292,3.1391e+0,2.6677e+11,2.9002e+11
0.04479,0.17292,3.0761e+0,2.6312e+11,2.9236e+11
0.04688,0.17292,3.0124e+0,2.9354e+11,3.6713e+11
0.04896,0.17292,2.9460e+0,3.5192e+11,3.6190e+11
0.05104,0.17292,2.8819e+0,3.0563e+11,3.6811e+11
0.05312,0.17292,2.8159e+0,3.1383e+11,3.7878e+11
0.05521,0.17292,2.7469e+0,3.2017e+11,3.7871e+11
0.05729,0.17292,2.6761e+0,3.1449e+11,4.5647e+11
0.05937,0.17292,2.5978e+0,3.4155e+11,4.3366e+11
0.06146,0.17292,2.5172e+0,3.4432e+11,3.7416e+11
0.06354,0.17292,2.4398e+0,3.6007e+11,5.0316e+11
0.06563,0.17292,2.3581e+0,3.3282e+11,4.8350e+11
0.06771,0.17292,2.2719e+0,3.4053e+11,4.5760e+11
0.06979,0.17292,2.1834e+0,3.4454e+11,4.5742e+11
0.07187,0.17292,2.0918e+0,3.0387e+11,4.7645e+11
0.07396,0.17292,1.9921e+0,3.0728e+11,4.7637e+11
0.07604,0.17292,1.8840e+0,3.1711e+11,3.6728e+11
0.07813,0.17292,1.7749e+0,2.8475e+11,3.3499e+11
0.08021,0.17292,1.6634e+0,2.8219e+11,4.1514e+11
0.08229,0.17292,1.5441e+0,2.6490e+11,4.4728e+11
0.08438,0.17292,1.4148e+0,2.4005e+11,4.6643e+11
0.08646,0.17292,1.2733e+0,1.9517e+11,4.2255e+11
0.08854,0.17292,1.1192e+0,1.6652e+11,3.7329e+11
0.09062,0.17292,9.5374e-1,1.0511e+11,3.6943e+11
0.09271,0.17292,7.7211e-1,4.6871e+10,3.1751e+11
0.09479,0.17292,5.7336e-1,1.6642e+10,3.0112e+11
0.09688,0.17292,3.5672e-1,5.5749e+9,2.7238e+11
0.09896,0.17292,1.2389e-1,1.1363e+9,2.5475e+11
0.00104,0.17708,3.8310e+0,3.2300e+10,0.0000e+0
0.00313,0.17708,3.8313e+0,4.9317e+10,1.8555e+10
0.00521,0.17708,3.8308e+0,7.0779e+10,3.8685e+10
0.00729,0.17708,3.8282e+0,1.1792e+11,1.1812e+11
0.00937,0.17708,3.8201e+0,1.3274e+11,6.5364e+10
0.01146,0.17708,3.8113e+0,1.5144e+11,1.6132e+11
0.01354,0.17708,3.7981e+0,1.5822e+11,1.7600e+11
0.01563,0.17708,3.7813e+0,1.5447e+11,2.3083e+11
0.01771,0.17708,3.7584e+0,1.5019e+11,2.2064e+11
0.01979,0.17708,3.7315e+0,1.6386e+11,3.4295e+11
0.02187,0.17708,3.6959e+0,1.8910e+11,3.1174e+11
0.02396,0.17708,3.6574e+0,1.9171e+11,3.5324e+11
0.02604,0.17708,3.6127e+0,2.0722e+11,3.6078e+11
0.02813,0.17708,3.5617e+0,2.1757e+11,2.7005e+11
0.03021,0.17708,3.5120e+0,2.3436e+11,3.0114e+11
0.03229,0.17708,3.4623e+0,2.3675e+11,4.1040e+11
0.03438,0.17708,3.4052e+0,2.4502e+11,3.8500e+11
0.03646,0.17708,3.3439e+0,2.8061e+11,4.0655e+11
0.03854,0.17708,3.2793e+0,2.6703e+11,3.4209e+11
0.04063,0.17708,3.2139e+0,2.5434e+11,3.2354e+11
0.04271,0.17708,3.1475e+0,2.6271e+11,2.8642e+11
0.04479,0.17708,3.0815e+0,2.5898e+11,3.3133e+11
0.04688,0.17708,3.0109e+0,2.9487e+11,2.9349e+11
0.04896,0.17708,2.9402e+0,3.5180e+11,2.6680e+11
0.05104,0.17708,2.8749e+0,3.2122e+11,3.2378e+11
0.05312,0.17708,2.8082e+0,3.1875e+11,3.7630e+11
0.05521,0.17708,2.7374e+0,3.2385e+11,3.3371e+11
0.05729,0.17708,2.6668e+0,3.1380e+11,4.4262e+11
0.05937,0.17708,2.5870e+0,3.2846e+11,3.7242e+11
0.06146,0.17708,2.5037e+0,3.4482e+11,3.0351e+11
0.06354,0.17708,2.4225e+0,3.7047e+11,3.5256e+11
0.06563,0.17708,2.3413e+0,3.4229e+11,3.8433e+11
0.06771,0.17708,2.2567e+0,3.3256e+11,3.5775e+11
0.06979,0.17708,2.1705e+0,3.4030e+11,3.9653e+11
0.07187,0.17708,2.0811e+0,2.9258e+11,4.5527e+11
0.07396,0.17708,1.9817e+0,3.0862e+11,4.2520e+11
0.07604,0.17708,1.8761e+0,3.0896e+11,3.7527e+11
0.07813,0.17708,1.7685e+0,2.8174e+11,4.0470e+11
0.08021,0.17708,1.6554e+0,2.8528e+11,4.3706e+11
0.08229,0.17708,1.5340e+0,2.6598e+11,4.0800e+11
0.08438,0.17708,1.4045e+0,2.3011e+11,3.9750e+11
0.08646,0.17708,1.2647e+0,1.9576e+11,3.9750e+11
0.08854,0.17708,1.1127e+0,1.6711e+11,3.7895e+11
0.09062,0.17708,9.4822e-1,1.0719e+11,3.4311e+11
0.09271,0.17708,7.6945e-1,4.9860e+10,3.5110e+11
0.09479,0.17708,5.7224e-1,1.6595e+10,3.2373e+11
0.09688,0.17708,3.5664e-1,6.7786e+9,2.9072e+11
0.09896,0.17708,1.2448e-1,1.6881e+9,2.8638e+11
0.00104,0.18125,3.8110e+0,3.7362e+10,0.0000e+0
0.00313,0.18125,3.8135e+0,6.7876e+10,5.4315e+10
0.00521,0.18125,3.8178e+0,7.7018e+10,1.1198e+11
0.00729,0.18125,3.8216e+0,1.1437e+11,1.7968e+11
0.00937,0.18125,3.8243e+0,1.3172e+11,3.8371e+11
0.01146,0.18125,3.8155e+0,1.4860e+11,3.8865e+11
0.01354,0.18125,3.7989e+0,1.5083e+11,2.7925e+11
0.01563,0.18125,3.7825e+0,1.4641e+11,3.1842e+11
0.01771,0.18125,3.7618e+0,1.5152e+11,3.8055e+11
0.01979,0.18125,3.7332e+0,1.7684e+11,3.8329e+11
0.02187,0.18125,3.6968e+0,2.0072e+11,3.3051e+11
0.02396,0.18125,3.6570e+0,2.0011e+11,3.3094e+11
0.02604,0.18125,3.6126e+0,2.0303e+11,3.6278e+11
0.02813,0.18125,3.5616e+0,2.1172e+11,2.9275e+11
0.03021,0.18125,3.5099e+0,2.3113e+11,2.8678e+11
0.03229,0.18125,3.4583e+0,2.4205e+11,3.2978e+11
0.03438,0.18125,3.4039e+0,2.4805e+11,3.5585e+11
0.03646,0.18125,3.3458e+0,2.6709e+11,3.6299e+11
0.03854,0.18125,3.2859e+0,2.6814e+11,4.0749e+11
0.04063,0.18125,3.2227e+0,2.5977e+11,3.7264e+11
0.04271,0.18125,3.1592e+0,2.5948e+11,3.7567e+11
0.04479,0.18125,3.0958e+0,2.7024e+11,5.3519e+11
0.04688,0.18125,3.0221e+0,3.0076e+11,3.6882e+11
0.04896,0.18125,2.9517e+0,3.3628e+11,4.1216e+11
0.05104,0.18125,2.8831e+0,3.1610e+11,4.6890e+11
0.05312,0.18125,2.8093e+0,3.1390e+11,3.8306e+11
0.05521,0.18125,2.7349e+0,3.1774e+11,3.0779e+11
0.05729,0.18125,2.6650e+0,3.1853e+11,4.8301e+11
0.05937,0.18125,2.5877e+0,3.2272e+11,4.6331e+11
0.06146,0.18125,2.5057e+0,3.3086e+11,4.3903e+11
0.06354,0.18125,2.4218e+0,3.6526e+11,4.7691e+11
0.06563,0.18125,2.3355e+0,3.5363e+11,3.9831e+11
0.06771,0.18125,2.2502e+0,3.3196e+11,3.9705e+11
0.06979,0.18125,2.1634e+0,3.3917e+11,4.6631e+11
0.07187,0.18125,2.0703e+0,3.0340e+11,4.1261e+11
0.07396,0.18125,1.9708e+0,3.0865e+11,3.9537e+11
0.07604,0.18125,1.8668e+0,3.0531e+11,4.0850e+11
0.07813,0.18125,1.7580e+0,3.0059e+11,4.0034e+11
0.08021,0.18125,1.6443e+0,2.9075e+11,3.9615e+11
0.08229,0.18125,1.5249e+0,2.5201e+11,4.1133e+11
0.08438,0.18125,1.3959e+0,2.3059e+11,4.0818e+11
0.08646,0.18125,1.2558e+0,2.0818e+11,3.9406e+11
0.08854,0.18125,1.1043e+0,1.7249e+11,3.5641e+11
0.09062,0.18125,9.4156e-1,1.0220e+11,3.5207e+11
0.09271,0.18125,7.6282e-1,4.7869e+10,3.2118e+11
0.09479,0.18125,5.6634e-1,1.6619e+10,2.7912e+11
0.09688,0.18125,3.5288e-1,7.6508e+9,2.6905e+11
0.09896,0.18125,1.2302e-1,1.8692e+9,2.6866e+11
0.00104,0.18542,3.7822e+0,4.0420e+10,0.0000e+0
0.00313,0.18542,3.7840e+0,6.7657e+10,0.0000e+0
0.00521,0.18542,3.7893e+0,8.2835e+10,6.8123e+10
0.00729,0.18542,3.7950e+0,1.1598e+11,1.6290e+11
0.00937,0.18542,3.7986e+0,1.2909e+11,4.1334e+11
0.01146,0.18542,3.7844e+0,1.4544e+11,1.8815e+11
0.01354,0.18542,3.7685e+0,1.5237e+11,7.7673e+10
0.01563,0.18542,3.7567e+0,1.4535e+11,2.2937e+11
0.01771,0.18542,3.7366e+0,1.5944e+11,1.5132e+11
0.01979,0.18542,3.7149e+0,1.6914e+11,2.5731e+11
0.02187,0.18542,3.6854e+0,2.0058e+11,3.1557e+11
0.02396,0.18542,3.6483e+0,1.9898e+11,3.0358e+11
0.02604,0.18542,3.6046e+0,1.8968e+11,3.0752e+11
0.02813,0.18542,3.5537e+0,2.0412e+11,2.2014e+11
0.03021,0.18542,3.5037e+0,2.2278e+11,2.8351e+11
0.03229,0.18542,3.4522e+0,2.4630e+11,3.2867e+11
0.03438,0.18542,3.3968e+0,2.4894e+11,3.1602e+11
0.03646,0.18542,3.3383e+0,2.5720e+11,3.6224e+11
0.03854,0.18542,3.2756e+0,2.5722e+11,3.4885e+11
0.04063,0.18542,3.2099e+0,2.6083e+11,2.8324e+11
0.04271,0.18542,3.1464e+0,2.5480e+11,3.3436e+11
0.04479,0.18542,3.0808e+0,2.5742e+11,3.3423e+11
0.04688,0.18542,3.0119e+0,2.9882e+11,3.2864e+11
0.04896,0.18542,2.9439e+0,3.3794e+11,3.8630e+11
0.05104,0.18542,2.8758e+0,3.0350e+11,4.2091e+11
0.05312,0.18542,2.8025e+0,3.0639e+11,3.6196e+11
0.05521,0.18542,2.7282e+0,3.1378e+11,3.7791e+11
0.05729,0.18542,2.6524e+0,3.2413e+11,3.9526e+11
0.05937,0.18542,2.5737e+0,3.3845e+11,4.0152e+11
0.06146,0.18542,2.4925e+0,3.3386e+11,4.2038e+11
0.06354,0.18542,2.4068e+0,3.6957e+11,3.5690e+11
0.06563,0.18542,2.3230e+0,3.5455e+11,3.6428e+11
0.06771,0.18542,2.2395e+0,3.2801e+11,3.8449e+11
0.06979,0.18542,2.1525e+0,3.3359e+11,3.7474e+11
0.07187,0.18542,2.0622e+0,3.0033e+11,4.3746e+11
0.07396,0.18542,1.9616e+0,2.9840e+11,3.4983e+11
0.07604,0.18542,1.8564e+0,3.1201e+11,3.4642e+11
0.07813,0.18542,1.7475e+0,2.9376e+11,3.3285e+11
0.08021,0.18542,1.6349e+0,2.7819e+11,3.4865e+11
0.08229,0.18542,1.5170e+0,2.5286e+11,4.0463e+11
0.08438,0.18542,1.3888e+0,2.3220e+11,4.0961e+11
0.08646,0.18542,1.2486e+0,2.0568e+11,3.6930e+11
0.08854,0.18542,1.0975e+0,1.7435e+11,3.3445e+11
0.09062,0.18542,9.3618e-1,9.9243e+10,3.5598e+11
0.09271,0.18542,7.5823e-1,4.5809e+10,3.0542e+11
0.09479,0.18542,5.6383e-1,1.6134e+10,3.0184e+11
0.09688,0.18542,3.5175e-1,7.8802e+9,2.9440e+11
0.09896,0.18542,1.2244e-1,2.1684e+9,2.6630e+11
0.00104,0.18958,3.7518e+0,4.1859e+10,0.0000e+0
0.00313,0.18958,3.7524e+0,6.2178e+10,0.0000e+0
0.00521,0.18958,3.7549e+0,8.8613e+10,5.8800e+10
0.00729,0.18958,3.7568e+0,1.2253e+11,6.6805e+10
0.00937,0.18958,3.7597e+0,1.4005e+11,1.7030e+11
0.01146,0.18958,3.7573e+0,1.5515e+11,1.4917e+11
0.01354,0.18958,3.7541e+0,1.5622e+11,2.5008e+11
0.01563,0.18958,3.7456e+0,1.4774e+11,2.6093e+11
0.01771,0.18958,3.7309e+0,1.5672e+11,2.8708e+11
0.01979,0.18958,3.7103e+0,1.5784e+11,3.1151e+11
0.02187,0.18958,3.6813e+0,1.9270e+11,3.1240e+11
0.02396,0.18958,3.6471e+0,1.9619e+11,3.9708e+11
0.02604,0.18958,3.6032e+0,1.9818e+11,3.6488e+11
0.02813,0.18958,3.5522e+0,2.1650e+11,3.1484e+11
0.03021,0.18958,3.4988e+0,2.2890e+11,2.4439e+11
0.03229,0.18958,3.4495e+0,2.3955e+11,4.0269e+11
0.03438,0.18958,3.3946e+0,2.4497e+11,4.8630e+11
0.03646,0.18958,3.3286e+0,2.6655e+11,3.3150e+11
0.03854,0.18958,3.2626e+0,2.6857e+11,3.4671e+11
0.04063,0.18958,3.1944e+0,2.6072e+11,2.3686e+11
0.04271,0.18958,3.1295e+0,2.5582e+11,2.0861e+11
0.04479,0.18958,3.0676e+0,2.6065e+11,3.1045e+11
0.04688,0.18958,3.0009e+0,3.0920e+11,3.4391e+11
0.04896,0.18958,2.9323e+0,3.3489e+11,3.3423e+11
0.05104,0.18958,2.8646e+0,2.9706e+11,3.4682e+11
0.05312,0.18958,2.7934e+0,3.0437e+11,3.4854e+11
0.05521,0.18958,2.7192e+0,3.1358e+11,3.8317e+11
0.05729,0.18958,2.6400e+0,3.2656e+11,3.0759e+11
0.05937,0.18958,2.5612e+0,3.4210e+11,3.3568e+11
0.06146,0.18958,2.4818e+0,3.4201e+11,3.7692e+11
0.06354,0.18958,2.3991e+0,3.5568e+11,3.4740e+11
0.06563,0.18958,2.3163e+0,3.4584e+11,2.9590e+11
0.06771,0.18958,2.2362e+0,3.2195e+11,3.6550e+11
0.06979,0.18958,2.1521e+0,3.2721e+11,3.8532e+11
0.07187,0.18958,2.0633e+0,3.0478e+11,4.2049e+11
0.07396,0.18958,1.9661e+0,3.0271e+11,4.1994e+11
0.07604,0.18958,1.8619e+0,3.0647e+11,4.0924e+11
0.07813,0.18958,1.7518e+0,2.8671e+11,3.8593e+11
0.08021,0.18958,1.6361e+0,2.8723e+11,3.8486e+11
0.08229,0.18958,1.5148e+0,2.7876e+11,3.9388e+11
0.08438,0.18958,1.3872e+0,2.4541e+11,4.4241e+11
0.08646,0.18958,1.2480e+0,2.0261e+11,4.2518e+11
0.08854,0.18958,1.0958e+0,1.7033e+11,3.6636e+11
0.09062,0.18958,9.3237e-1,1.0474e+11,3.4501e+11
0.09271,0.18958,7.5458e-1,4.9247e+10,3.2326e+11
0.09479,0.18958,5.6017e-1,1.7124e+10,2.9860e+11
0.09688,0.18958,3.4851e-1,9.3209e+9,2.6684e+11
0.09896,0.18958,1.2108e-1,2.4727e+9,2.5018e+11
0.00104,0.19375,3.7294e+0,3.8199e+10,0.0000e+0
0.00313,0.19375,3.7289e+0,5.4037e+10,0.0000e+0
0.00521,0.19375,3.7286e+0,7.7839e+10,0.0000e+0
0.00729,0.19375,3.7292e+0,1.2807e+11,1.9338e+10
0.00937,0.19375,3.7328e+0,1.4208e+11,6.4101e+10
0.01146,0.19375,3.7369e+0,1.6397e+11,1.9828e+11
0.01354,0.19375,3.7355e+0,1.5593e+11,1.8217e+11
0.01563,0.19375,3.7296e+0,1.4466e+11,2.1435e+11
0.01771,0.19375,3.7163e+0,1.5635e+11,1.9253e+11
0.01979,0.19375,3.7010e+0,1.5448e+11,3.6500e+11
0.02187,0.19375,3.6731e+0,1.7992e+11,3.7480e+11
0.02396,0.19375,3.6345e+0,1.8673e+11,2.7408e+11
0.02604,0.19375,3.5936e+0,1.9110e+11,3.7375e+11
0.02813,0.19375,3.5447e+0,2.1365e+11,4.2876e+11
0.03021,0.19375,3.4866e+0,2.4568e+11,2.7677e+11
0.03229,0.19375,3.4312e+0,2.5244e+11,2.9179e+11
0.03438,0.19375,3.3759e+0,2.4375e+11,3.7842e+11
0.03646,0.19375,3.3134e+0,2.5677e+11,3.2515e+11
0.03854,0.19375,3.2482e+0,2.6273e+11,2.1562e+11
0.04063,0.19375,3.1872e+0,2.6456e+11,2.5595e+11
0.04271,0.19375,3.1279e+0,2.6696e+11,2.8423e+11
0.04479,0.19375,3.0694e+0,2.7072e+11,4.7793e+11
0.04688,0.19375,2.9989e+0,3.0806e+11,3.2733e+11
0.04896,0.19375,2.9294e+0,3.3453e+11,3.1559e+11
0.05104,0.19375,2.8625e+0,2.9391e+11,3.3020e+11
0.05312,0.19375,2.7939e+0,2.9652e+11,3.8780e+11
0.05521,0.19375,2.7201e+0,3.1546e+11,3.7486e+11
0.05729,0.19375,2.6430e+0,3.2815e+11,3.6390e+11
0.05937,0.19375,2.5647e+0,3.4582e+11,3.9401e+11
0.06146,0.19375,2.4839e+0,3.5073e+11,3.3630e+11
0.06354,0.19375,2.4054e+0,3.5260e+11,4.0720e+11
0.06563,0.19375,2.3248e+0,3.5443e+11,3.6357e+11
0.06771,0.19375,2.2453e+0,3.2731e+11,3.8075e+11
0.06979,0.19375,2.1628e+0,3.2977e+11,4.7005e+11
0.07187,0.19375,2.0725e+0,3.1305e+11,4.7016e+11
0.07396,0.19375,1.9730e+0,3.0330e+11,3.7178e+11
0.07604,0.19375,1.8705e+0,3.0527e+11,4.4311e+11
0.07813,0.19375,1.7596e+0,2.8411e+11,4.0695e+11
0.08021,0.19375,1.6411e+0,2.8910e+11,4.1009e+11
0.08229,0.19375,1.5150e+0,2.7957e+11,3.7229e+11
0.08438,0.19375,1.3828e+0,2.4443e+11,3.5172e+11
0.08646,0.19375,1.2434e+0,1.9723e+11,3.7875e+11
0.08854,0.19375,1.0921e+0,1.6867e+11,3.8780e+11
0.09062,0.19375,9.2635e-1,1.1120e+11,2.9144e+11
0.09271,0.19375,7.4810e-1,5.1064e+10,2.6039e+11
0.09479,0.19375,5.5490e-1,1.7649e+10,2.4181e+11
0.09688,0.19375,3.4632e-1,7.9157e+9,2.7272e+11
0.09896,0.19375,1.2063e-1,2.7706e+9,2.5958e+11
0.00104,0.19792,3.7234e+0,4.3536e+10,0.0000e+0
0.00313,0.19792,3.7229e+0,5.5896e+10,0.0000e+0
0.00521,0.19792,3.7223e+0,7.2848e+10,0.0000e+0
0.00729,0.19792,3.7220e+0,1.0373e+11,6.4578e+9
0.00937,0.19792,3.7246e+0,1.2143e+11,8.2144e+10
0.01146,0.19792,3.7263e+0,1.3784e+11,5.9572e+10
0.01354,0.19792,3.7294e+0,1.3716e+11,2.0474e+11
0.01563,0.19792,3.7263e+0,1.4170e+11,4.1138e+11
0.01771,0.19792,3.7048e+0,1.5164e+11,1.3266e+11
0.01979,0.19792,3.6854e+0,1.5179e+11,2.5528e+11
0.02187,0.19792,3.6590e+0,1.7936e+11,4.2200e+11
0.02396,0.19792,3.6177e+0,1.9271e+11,3.0213e+11
0.02604,0.19792,3.5727e+0,1.8372e+11,2.8844e+11
0.02813,0.19792,3.5229e+0,2.0620e+11,2.7920e+11
0.03021,0.19792,3.4691e+0,2.3380e+11,2.4180e+11
0.03229,0.19792,3.4144e+0,2.4963e+11,2.4887e+11
0.03438,0.19792,3.3578e+0,2.4473e+11,1.9143e+11
0.03646,0.19792,3.3026e+0,2.5732e+11,2.7817e+11
0.03854,0.19792,3.2450e+0,2.5349e+11,2.4332e+11
0.04063,0.19792,3.1885e+0,2.6223e+11,3.1926e+11
0.04271,0.19792,3.1291e+0,2.6412e+11,3.3819e+11
0.04479,0.19792,3.0663e+0,2.7885e+11,3.5388e+11
0.04688,0.19792,2.9994e+0,3.0187e+11,3.1812e+11
0.04896,0.19792,2.9339e+0,3.3157e+11,4.1034e+11
0.05104,0.19792,2.8666e+0,2.9917e+11,3.7601e+11
0.05312,0.19792,2.7977e+0,3.0577e+11,3.8991e+11
0.05521,0.19792,2.7265e+0,3.2174e+11,4.2518e+11
0.05729,0.19792,2.6515e+0,3.2754e+11,4.1236e+11
0.05937,0.19792,2.5740e+0,3.4321e+11,4.5385e+11
0.06146,0.19792,2.4922e+0,3.4964e+11,3.4652e+11
0.06354,0.19792,2.4133e+0,3.4060e+11,3.4408e+11
0.06563,0.19792,2.3367e+0,3.3721e+11,4.1083e+11
0.06771,0.19792,2.2589e+0,3.2925e+11,5.3415e+11
0.06979,0.19792,2.1715e+0,3.2415e+11,4.4912e+11
0.07187,0.19792,2.0797e+0,3.2375e+11,4.7274e+11
0.07396,0.19792,1.9817e+0,3.0859e+11,4.0963e+11
0.07604,0.19792,1.8810e+0,3.0429e+11,4.8698e+11
0.07813,0.19792,1.7716e+0,2.8393e+11,4.9170e+11
0.08021,0.19792,1.6510e+0,2.7978e+11,4.1222e+11
0.08229,0.19792,1.5233e+0,2.6846e+11,4.1170e+11
0.08438,0.19792,1.3872e+0,2.4013e+11,3.6771e+11
0.08646,0.19792,1.2437e+0,2.0134e+11,3.3300e+11
0.08854,0.19792,1.0921e+0,1.6964e+11,3.4625e+11
0.09062,0.19792,9.2956e-1,1.0397e+11,3.4346e+11
0.09271,0.19792,7.5238e-1,4.7776e+10,3.2589e+11
0.09479,0.19792,5.5840e-1,1.5921e+10,2.9158e+11
0.09688,0.19792,3.4805e-1,6.7503e+9,2.7976e+11
0.09896,0.19792,1.2141e-1,2.4750e+9,2.7383e+11
0.00104,0.20208,3.7349e+0,5.6001e+10,0.0000e+0
0.00313,0.20208,3.7364e+0,5.9670e+10,2.2048e+10
0.00521,0.20208,3.7382e+0,7.2214e+10,1.6163e+11
0.00729,0.20208,3.7322e+0,1.0231e+11,1.8901e+10
0.00937,0.20208,3.7309e+0,1.2030e+11,4.9336e+10
0.01146,0.20208,3.7329e+0,1.3613e+11,2.6205e+11
0.01354,0.20208,3.7268e+0,1.3828e+11,1.8538e+11
0.01563,0.20208,3.7187e+0,1.4450e+11,3.1600e+11
0.01771,0.20208,3.7002e+0,1.4937e+11,3.1328e+11
0.01979,0.20208,3.6750e+0,1.4945e+11,3.2609e+11
0.02187,0.20208,3.6408e+0,1.8809e+11,3.3702e+11
0.02396,0.20208,3.5968e+0,1.9503e+11,1.7216e+11
0.02604,0.20208,3.5529e+0,1.8118e+11,1.1931e+11
0.02813,0.20208,3.5101e+0,2.1098e+11,1.7831e+11
0.03021,0.20208,3.4673e+0,2.4019e+11,3.0525e+11
0.03229,0.20208,3.4198e+0,2.4496e+11,3.7373e+11
0.03438,0.20208,3.3644e+0,2.4438e+11,2.8785e+11
0.03646,0.20208,3.3077e+0,2.6339e+11,2.5494e+11
0.03854,0.20208,3.2527e+0,2.6056e+11,3.0692e+11
0.04063,0.20208,3.1955e+0,2.7179e+11,3.7008e+11
0.04271,0.20208,3.1324e+0,2.6522e+11,3.0483e+11
0.04479,0.20208,3.0679e+0,2.6400e+11,3.2106e+11
0.04688,0.20208,3.0011e+0,2.8585e+11,3.4719e+11
0.04896,0.20208,2.9322e+0,3.2478e+11,3.3890e+11
0.05104,0.20208,2.8638e+0,3.0157e+11,3.1387e+11
0.05312,0.20208,2.7953e+0,3.0645e+11,3.0837e+11
0.05521,0.20208,2.7270e+0,3.2199e+11,3.9010e+11
0.05729,0.20208,2.6541e+0,3.3223e+11,3.9594e+11
0.05937,0.20208,2.5772e+0,3.5208e+11,3.6885e+11
0.06146,0.20208,2.5007e+0,3.3849e+11,4.3446e+11
0.06354,0.20208,2.4208e+0,3.2830e+11,4.0162e+11
0.06563,0.20208,2.3400e+0,3.2655e+11,4.0676e+11
0.06771,0.20208,2.2572e+0,3.2334e+11,4.3445e+11
0.06979,0.20208,2.1687e+0,3.2008e+11,3.9770e+11
0.07187,0.20208,2.0766e+0,3.2021e+11,4.0735e+11
0.07396,0.20208,1.9801e+0,3.1134e+11,3.9300e+11
0.07604,0.20208,1.8808e+0,3.0495e+11,4.3632e+11
0.07813,0.20208,1.7751e+0,2.9445e+11,4.6345e+11
0.08021,0.20208,1.6609e+0,2.8760e+11,5.3924e+11
0.08229,0.20208,1.5333e+0,2.6959e+11,4.8396e+11
0.08438,0.20208,1.3949e+0,2.3445e+11,3.9000e+11
0.08646,0.20208,1.2489e+0,2.0508e+11,3.5022e+11
0.08854,0.20208,1.0954e+0,1.7878e+11,3.4813e+11
0.09062,0.20208,9.3169e-1,1.0265e+11,3.2687e+11
0.09271,0.20208,7.5314e-1,5.0262e+10,2.8704e+11
0.09479,0.20208,5.5860e-1,1.6964e+10,2.6223e+11
0.09688,0.20208,3.4791e-1,6.3180e+9,2.5660e+11
0.09896,0.20208,1.2150e-1,2.0241e+9,2.7584e+11
0.00104,0.20625,3.7520e+0,6.4224e+10,0.0000e+0
0.00313,0.20625,3.7558e+0,7.0178e+10,4.4679e+10
0.00521,0.20625,3.7612e+0,8.4453e+10,3.0822e+11
0.00729,0.20625,3.7535e+0,1.0334e+11,1.8083e+11
0.00937,0.20625,3.7460e+0,1.1835e+11,2.2406e+11
0.01146,0.20625,3.7345e+0,1.3215e+11,1.9004e+11
0.01354,0.20625,3.7211e+0,1.3751e+11,1.7736e+11
0.01563,0.20625,3.7059e+0,1.4496e+11,2.5176e+11
0.01771,0.20625,3.6816e+0,1.5573e+11,1.4264e+11
0.01979,0.20625,3.6577e+0,1.5886e+11,2.0621e+11
0.02187,0.20625,3.6297e+0,1.8519e+11,2.4621e+11
0.02396,0.20625,3.5979e+0,1.9008e+11,3.0715e+11
0.02604,0.20625,3.5618e+0,1.7841e+11,3.4497e+11
0.02813,0.20625,3.5203e+0,2.0707e+11,3.3438e+11
0.03021,0.20625,3.4764e+0,2.3674e+11,3.6097e+11
0.03229,0.20625,3.4295e+0,2.3353e+11,3.9276e+11
0.03438,0.20625,3.3760e+0,2.5843e+11,3.4005e+11
0.03646,0.20625,3.3219e+0,2.6419e+11,3.5637e+11
0.03854,0.20625,3.2663e+0,2.5320e+11,3.5142e+11
0.04063,0.20625,3.2078e+0,2.6138e+11,4.2176e+11
0.04271,0.20625,3.1413e+0,2.5454e+11,3.1679e+11
0.04479,0.20625,3.0732e+0,2.5692e+11,3.0199e+11
0.04688,0.20625,3.0037e+0,2.8545e+11,2.9602e+11
0.04896,0.20625,2.9355e+0,3.2500e+11,3.2530e+11
0.05104,0.20625,2.8691e+0,2.9782e+11,3.2637e+11
0.05312,0.20625,2.8020e+0,3.0376e+11,3.1649e+11
0.05521,0.20625,2.7351e+0,3.2912e+11,4.1331e+11
0.05729,0.20625,2.6634e+0,3.3971e+11,4.7968e+11
0.05937,0.20625,2.5841e+0,3.4731e+11,4.0467e+11
0.06146,0.20625,2.5032e+0,3.3811e+11,4.0218e+11
0.06354,0.20625,2.4197e+0,3.3084e+11,3.4135e+11
0.06563,0.20625,2.3367e+0,3.3390e+11,3.3259e+11
0.06771,0.20625,2.2536e+0,3.2061e+11,3.6836e+11
0.06979,0.20625,2.1669e+0,3.2981e+11,4.1644e+11
0.07187,0.20625,2.0741e+0,3.2028e+11,4.0047e+11
0.07396,0.20625,1.9758e+0,3.0582e+11,3.3380e+11
0.07604,0.20625,1.8759e+0,3.1449e+11,3.9992e+11
0.07813,0.20625,1.7710e+0,3.0453e+11,4.4335e+11
0.08021,0.20625,1.6579e+0,2.9304e+11,4.8303e+11
0.08229,0.20625,1.5333e+0,2.6301e+11,4.5573e+11
0.08438,0.20625,1.3976e+0,2.2843e+11,3.9946e+11
0.08646,0.20625,1.2532e+0,1.9785e+11,3.5502e+11
0.08854,0.20625,1.1013e+0,1.7950e+11,3.9065e+11
0.09062,0.20625,9.3839e-1,9.8084e+10,3.6551e+11
0.09271,0.20625,7.6028e-1,5.1994e+10,3.5912e+11
0.09479,0.20625,5.6417e-1,2.0550e+10,3.1170e+11
0.09688,0.20625,3.5082e-1,7.7545e+9,2.7214e+11
0.09896,0.20625,1.2173e-1,2.7417e+9,2.4719e+11
0.00104,0.21042,3.7595e+0,5.1211e+10,0.0000e+0
0.00313,0.21042,3.7644e+0,7.9361e+10,1.4546e+11
0.00521,0.21042,3.7681e+0,9.1641e+10,3.7072e+11
0.00729,0.21042,3.7583e+0,1.0653e+11,1.4422e+11
0.00937,0.21042,3.7522e+0,1.2653e+11,3.5830e+11
0.01146,0.21042,3.7342e+0,1.4106e+11,1.7284e+11
0.01354,0.21042,3.7194e+0,1.4012e+11,1.9825e+11
0.01563,0.21042,3.7064e+0,1.4377e+11,4.6570e+11
0.01771,0.21042,3.6769e+0,1.6114e+11,1.5730e+11
0.01979,0.21042,3.6524e+0,1.6830e+11,2.1892e+11
0.02187,0.21042,3.6265e+0,1.8300e+11,3.5052e+11
0.02396,0.21042,3.5912e+0,1.8806e+11,2.8610e+11
0.02604,0.21042,3.5520e+0,1.7938e+11,2.1459e+11
0.02813,0.21042,3.5130e+0,2.0548e+11,2.9439e+11
0.03021,0.21042,3.4712e+0,2.3151e+11,2.9660e+11
0.03229,0.21042,3.4286e+0,2.3400e+11,4.0920e+11
0.03438,0.21042,3.3773e+0,2.5061e+11,3.1185e+11
0.03646,0.21042,3.3254e+0,2.7160e+11,3.2571e+11
0.03854,0.21042,3.2733e+0,2.6266e+11,3.9452e+11
0.04063,0.21042,3.2147e+0,2.5956e+11,3.7002e+11
0.04271,0.21042,3.1504e+0,2.5621e+11,3.4108e+11
0.04479,0.21042,3.0822e+0,2.6785e+11,3.5444e+11
0.04688,0.21042,3.0105e+0,2.9389e+11,2.7904e+11
0.04896,0.21042,2.9428e+0,3.3825e+11,3.2154e+11
0.05104,0.21042,2.8792e+0,3.1601e+11,3.8004e+11
0.05312,0.21042,2.8146e+0,3.1299e+11,4.3895e+11
0.05521,0.21042,2.7463e+0,3.1528e+11,4.9287e+11
0.05729,0.21042,2.6705e+0,3.2791e+11,4.4411e+11
0.05937,0.21042,2.5904e+0,3.4190e+11,4.3669e+11
0.06146,0.21042,2.5075e+0,3.4222e+11,3.9039e+11
0.06354,0.21042,2.4242e+0,3.3665e+11,3.3096e+11
0.06563,0.21042,2.3444e+0,3.4520e+11,4.6519e+11
0.06771,0.21042,2.2603e+0,3.1384e+11,4.2297e+11
0.06979,0.21042,2.1728e+0,3.1846e+11,4.5998e+11
0.07187,0.21042,2.0796e+0,3.2135e+11,4.7588e+11
0.07396,0.21042,1.9799e+0,3.1561e+11,4.4033e+11
0.07604,0.21042,1.8755e+0,3.2125e+11,4.0798e+11
0.07813,0.21042,1.7681e+0,3.1154e+11,4.5909e+11
0.08021,0.21042,1.6533e+0,3.0440e+11,4.6732e+11
0.08229,0.21042,1.5301e+0,2.7202e+11,4.8328e+11
0.08438,0.21042,1.3955e+0,2.2703e+11,4.0443e+11
0.08646,0.21042,1.2517e+0,1.9404e+11,3.5057e+11
0.08854,0.21042,1.1004e+0,1.8215e+11,3.9834e+11
0.09062,0.21042,9.3743e-1,1.0485e+11,3.6053e+11
0.09271,0.21042,7.5969e-1,5.3307e+10,3.3349e+11
0.09479,0.21042,5.6527e-1,2.0743e+10,3.2906e+11
0.09688,0.21042,3.5267e-1,9.1330e+9,3.1158e+11
0.09896,0.21042,1.2250e-1,2.7784e+9,2.6113e+11
0.00104,0.21458,3.7439e+0,5.3782e+10,0.0000e+0
0.00313,0.21458,3.7454e+0,7.1657e+10,3.7818e+10
0.00521,0.21458,3.7463e+0,8.3805e+10,5.3597e+10
0.00729,0.21458,3.7454e+0,1.0966e+11,5.3686e+10
0.00937,0.21458,3.7440e+0,1.4042e+11,3.4077e+11
0.01146,0.21458,3.7230e+0,1.4551e+11,1.3891e+11
0.01354,0.21458,3.7004e+0,1.3738e+11,3.8024e+10
0.01563,0.21458,3.6834e+0,1.4173e+11,1.1245e+11
0.01771,0.21458,3.6664e+0,1.6347e+11,2.0620e+11
0.01979,0.21458,3.6470e+0,1.6693e+11,2.8745e+11
0.02187,0.21458,3.6201e+0,1.7234e+11,3.3435e+11
0.02396,0.21458,3.5826e+0,1.8536e+11,2.4364e+11
0.02604,0.21458,3.5424e+0,1.8367e+11,2.1579e+11
0.02813,0.21458,3.5010e+0,2.0615e+11,2.0438e+11
0.03021,0.21458,3.4605e+0,2.2996e+11,2.4518e+11
0.03229,0.21458,3.4197e+0,2.2590e+11,3.2853e+11
0.03438,0.21458,3.3739e+0,2.4583e+11,3.5544e+11
0.03646,0.21458,3.3251e+0,2.7075e+11,3.4770e+11
0.03854,0.21458,3.2762e+0,2.7216e+11,4.0545e+11
0.04063,0.21458,3.2225e+0,2.6876e+11,4.3287e+11
0.04271,0.21458,3.1611e+0,2.5904e+11,4.3193e+11
0.04479,0.21458,3.0912e+0,2.6884e+11,3.4465e+11
0.04688,0.21458,3.0186e+0,2.9016e+11,2.7221e+11
0.04896,0.21458,2.9497e+0,3.3533e+11,3.2029e+11
0.05104,0.21458,2.8842e+0,3.2073e+11,4.2919e+11
0.05312,0.21458,2.8125e+0,3.1308e+11,2.9380e+11
0.05521,0.21458,2.7427e+0,3.2204e+11,3.6851e+11
0.05729,0.21458,2.6692e+0,3.3614e+11,4.1694e+11
0.05937,0.21458,2.5899e+0,3.4773e+11,3.5768e+11
0.06146,0.21458,2.5095e+0,3.5165e+11,3.8736e+11
0.06354,0.21458,2.4268e+0,3.3820e+11,3.8129e+11
0.06563,0.21458,2.3425e+0,3.4590e+11,3.9022e+11
0.06771,0.21458,2.2565e+0,3.1106e+11,3.7260e+11
0.06979,0.21458,2.1679e+0,3.2208e+11,4.4344e+11
0.07187,0.21458,2.0737e+0,3.2103e+11,4.2328e+11
0.07396,0.21458,1.9755e+0,3.1459e+11,4.4852e+11
0.07604,0.21458,1.8710e+0,3.0680e+11,4.3119e+11
0.07813,0.21458,1.7606e+0,2.8912e+11,4.1674e+11
0.08021,0.21458,1.6434e+0,2.9321e+11,4.1513e+11
0.08229,0.21458,1.5193e+0,2.6841e+11,3.9021e+11
0.08438,0.21458,1.3880e+0,2.2798e+11,4.1277e+11
0.08646,0.21458,1.2457e+0,2.0312e+11,3.9605e+11
0.08854,0.21458,1.0927e+0,1.8462e+11,3.5017e+11
0.09062,0.21458,9.3097e-1,1.0588e+11,3.5424e+11
0.09271,0.21458,7.5449e-1,5.3466e+10,3.4764e+11
0.09479,0.21458,5.6014e-1,2.0612e+10,2.9914e+11
0.09688,0.21458,3.4883e-1,8.2485e+9,2.7435e+11
0.09896,0.21458,1.2145e-1,2.4629e+9,2.6450e+11
0.00104,0.21875,3.7336e+0,4.6528e+10,0.0000e+0
0.00313,0.21875,3.7359e+0,5.8073e+10,0.0000e+0
0.00521,0.21875,3.7416e+0,7.5713e+10,0.0000e+0
0.00729,0.21875,3.7532e+0,1.0844e+11,2.1726e+11
0.00937,0.21875,3.7614e+0,1.3163e+11,7.2012e+11
0.01146,0.21875,3.7359e+0,1.4066e+11,3.6635e+11
0.01354,0.21875,3.7026e+0,1.4475e+11,2.1047e+10
0.01563,0.21875,3.6790e+0,1.5033e+11,4.7239e+10
0.01771,0.21875,3.6601e+0,1.5829e+11,7.2276e+10
0.01979,0.21875,3.6439e+0,1.5605e+11,2.6217e+11
0.02187,0.21875,3.6174e+0,1.6635e+11,3.0280e+11
0.02396,0.21875,3.5802e+0,1.8332e+11,2.3154e+11
0.02604,0.21875,3.5401e+0,1.8515e+11,2.2141e+11
0.02813,0.21875,3.4985e+0,2.0731e+11,2.3052e+11
0.03021,0.21875,3.4568e+0,2.2997e+11,3.3664e+11
0.03229,0.21875,3.4101e+0,2.2664e+11,2.9446e+11
0.03438,0.21875,3.3597e+0,2.4582e+11,1.9434e+11
0.03646,0.21875,3.3123e+0,2.8164e+11,2.2123e+11
0.03854,0.21875,3.2677e+0,2.7586e+11,2.8830e+11
0.04063,0.21875,3.2211e+0,2.7125e+11,4.1315e+11
0.04271,0.21875,3.1647e+0,2.6173e+11,4.0035e+11
0.04479,0.21875,3.1001e+0,2.6363e+11,3.6860e+11
0.04688,0.21875,3.0300e+0,2.9566e+11,3.2312e+11
0.04896,0.21875,2.9594e+0,3.4067e+11,3.2686e+11
0.05104,0.21875,2.8907e+0,3.2917e+11,3.4554e+11
0.05312,0.21875,2.8204e+0,3.1408e+11,3.2358e+11
0.05521,0.21875,2.7498e+0,3.2398e+11,3.6522e+11
0.05729,0.21875,2.6773e+0,3.3763e+11,4.1584e+11
0.05937,0.21875,2.6017e+0,3.4139e+11,4.6942e+11
0.06146,0.21875,2.5204e+0,3.4226e+11,4.6768e+11
0.06354,0.21875,2.4333e+0,3.4012e+11,3.8423e+11
0.06563,0.21875,2.3446e+0,3.4650e+11,3.6506e+11
0.06771,0.21875,2.2539e+0,2.9896e+11,3.3207e+11
0.06979,0.21875,2.1586e+0,3.2866e+11,2.8446e+11
0.07187,0.21875,2.0628e+0,3.3543e+11,3.0068e+11
0.07396,0.21875,1.9657e+0,3.0884e+11,3.5229e+11
0.07604,0.21875,1.8625e+0,3.1260e+11,3.6659e+11
0.07813,0.21875,1.7529e+0,2.8264e+11,3.7770e+11
0.08021,0.21875,1.6347e+0,3.0237e+11,3.4642e+11
0.08229,0.21875,1.5122e+0,2.7600e+11,3.9823e+11
0.08438,0.21875,1.3801e+0,2.2822e+11,3.8301e+11
0.08646,0.21875,1.2363e+0,2.1207e+11,3.4162e+11
0.08854,0.21875,1.0825e+0,2.0539e+11,2.9509e+11
0.09062,0.21875,9.2113e-1,1.0845e+11,2.9497e+11
0.09271,0.21875,7.4501e-1,5.1985e+10,2.6409e+11
0.09479,0.21875,5.5314e-1,2.1701e+10,2.6542e+11
0.09688,0.21875,3.4457e-1,8.5765e+9,2.6117e+11
0.09896,0.21875,1.1995e-1,2.5212e+9,2.5632e+11
0.00104,0.22292,3.7191e+0,3.8550e+10,0.0000e+0
0.00313,0.22292,3.7204e+0,4.9588e+10,0.0000e+0
0.00521,0.22292,3.7235e+0,6.1030e+10,0.0000e+0
0.00729,0.22292,3.7290e+0,1.0735e+11,4.6434e+10
0.00937,0.22292,3.7363e+0,1.3458e+11,2.9999e+11
0.01146,0.22292,3.7308e+0,1.2962e+11,2.4547e+11
0.01354,0.22292,3.7220e+0,1.4363e+11,4.5765e+11
0.01563,0.22292,3.6999e+0,1.5091e+11,2.6715e+11
0.01771,0.22292,3.6782e+0,1.5706e+11,2.6546e+11
0.01979,0.22292,3.6573e+0,1.5166e+11,4.0322e+11
0.02187,0.22292,3.6269e+0,1.6497e+11,4.3148e+11
0.02396,0.22292,3.5872e+0,1.7686e+11,3.2768e+11
0.02604,0.22292,3.5462e+0,1.8388e+11,3.5454e+11
0.02813,0.22292,3.5008e+0,2.1049e+11,3.3407e+11
0.03021,0.22292,3.4524e+0,2.3034e+11,2.5669e+11
0.03229,0.22292,3.4064e+0,2.2078e+11,2.5458e+11
0.03438,0.22292,3.3614e+0,2.5088e+11,2.9306e+11
0.03646,0.22292,3.3174e+0,2.8889e+11,3.6256e+11
0.03854,0.22292,3.2734e+0,2.7549e+11,4.1581e+11
0.04063,0.22292,3.2247e+0,2.8076e+11,4.4533e+11
0.04271,0.22292,3.1692e+0,2.6827e+11,3.7285e+11
0.04479,0.22292,3.1108e+0,2.6377e+11,4.2378e+11
0.04688,0.22292,3.0469e+0,2.9935e+11,4.7162e+11
0.04896,0.22292,2.9780e+0,3.4019e+11,4.4891e+11
0.05104,0.22292,2.9094e+0,3.2199e+11,4.7582e+11
0.05312,0.22292,2.8379e+0,3.2035e+11,4.8285e+11
0.05521,0.22292,2.7624e+0,3.2939e+11,4.5803e+11
0.05729,0.22292,2.6837e+0,3.2923e+11,3.6247e+11
0.05937,0.22292,2.6067e+0,3.4249e+11,4.2260e+11
0.06146,0.22292,2.5271e+0,3.4258e+11,4.4899e+11
0.06354,0.22292,2.4436e+0,3.2903e+11,3.8621e+11
0.06563,0.22292,2.3600e+0,3.3340e+11,4.8626e+11
0.06771,0.22292,2.2710e+0,2.8931e+11,4.6177e+11
0.06979,0.22292,2.1765e+0,3.2385e+11,4.6584e+11
0.07187,0.22292,2.0793e+0,3.3912e+11,4.9370e+11
0.07396,0.22292,1.9782e+0,3.1701e+11,4.3858e+11
0.07604,0.22292,1.8741e+0,3.2973e+11,5.2036e+11
0.07813,0.22292,1.7618e+0,2.9766e+11,4.6885e+11
0.08021,0.22292,1.6421e+0,2.9701e+11,4.2509e+11
0.08229,0.22292,1.5175e+0,2.7227e+11,4.4653e+11
0.08438,0.22292,1.3843e+0,2.3725e+11,4.2770e+11
0.08646,0.22292,1.2407e+0,2.1761e+11,3.7418e+11
0.08854,0.22292,1.0890e+0,1.9304e+11,3.7586e+11
0.09062,0.22292,9.2724e-1,1.0367e+11,3.7627e+11
0.09271,0.22292,7.4843e-1,5.0898e+10,2.9376e+11
0.09479,0.22292,5.5400e-1,2.3228e+10,2.5776e+11
0.09688,0.22292,3.4381e-1,9.5621e+9,2.2412e+11
0.09896,0.22292,1.1933e-1,2.5925e+9,2.3285e+11
0.00104,0.22708,3.7068e+0,3.7708e+10,0.0000e+0
0.00313,0.22708,3.7072e+0,4.2800e+10,0.0000e+0
0.00521,0.22708,3.7080e+0,5.9653e+10,6.7339e+8
0.00729,0.22708,3.7091e+0,1.0576e+11,2.3356e+10
0.00937,0.22708,3.7098e+0,1.2404e+11,3.2672e+10
0.01146,0.22708,3.7078e+0,1.2583e+11,4.0960e+10
0.01354,0.22708,3.7052e+0,1.3180e+11,2.1541e+11
0.01563,0.22708,3.6943e+0,1.4013e+11,3.8141e+11
0.01771,0.22708,3.6690e+0,1.5220e+11,2.4272e+11
0.01979,0.22708,3.6409e+0,1.4991e+11,3.1021e+11
0.02187,0.22708,3.6034e+0,1.6355e+11,1.7906e+11
0.02396,0.22708,3.5660e+0,1.7468e+11,1.7569e+11
0.02604,0.22708,3.5295e+0,1.7560e+11,2.2824e+11
0.02813,0.22708,3.4907e+0,2.0741e+11,3.5545e+11
0.03021,0.22708,3.4434e+0,2.2768e+11,2.0684e+11
0.03229,0.22708,3.3995e+0,2.1875e+11,2.2045e+11
0.03438,0.22708,3.3564e+0,2.5453e+11,3.0503e+11
0.03646,0.22708,3.3099e+0,2.9419e+11,2.8811e+11
0.03854,0.22708,3.2634e+0,2.8038e+11,2.9927e+11
0.04063,0.22708,3.2150e+0,2.8068e+11,3.4117e+11
0.04271,0.22708,3.1633e+0,2.6458e+11,3.9627e+11
0.04479,0.22708,3.1049e+0,2.7026e+11,3.8221e+11
0.04688,0.22708,3.0417e+0,2.8951e+11,4.1447e+11
0.04896,0.22708,2.9727e+0,3.3119e+11,3.9310e+11
0.05104,0.22708,2.9027e+0,3.2493e+11,3.8263e+11
0.05312,0.22708,2.8318e+0,3.2234e+11,3.9191e+11
0.05521,0.22708,2.7592e+0,3.2211e+11,4.0133e+11
0.05729,0.22708,2.6846e+0,3.3208e+11,4.2973e+11
0.05937,0.22708,2.6074e+0,3.5350e+11,4.4550e+11
0.06146,0.22708,2.5278e+0,3.5074e+11,4.3031e+11
0.06354,0.22708,2.4466e+0,3.2941e+11,4.5650e+11
0.06563,0.22708,2.3603e+0,3.4068e+11,4.7126e+11
0.06771,0.22708,2.2673e+0,2.9889e+11,3.5588e+11
0.06979,0.22708,2.1717e+0,3.2855e+11,3.6323e+11
0.07187,0.22708,2.0747e+0,3.3564e+11,3.8510e+11
0.07396,0.22708,1.9755e+0,3.1733e+11,4.1787e+11
0.07604,0.22708,1.8707e+0,3.1711e+11,4.3560e+11
0.07813,0.22708,1.7592e+0,2.9476e+11,4.1149e+11
0.08021,0.22708,1.6412e+0,2.9797e+11,4.3358e+11
0.08229,0.22708,1.5158e+0,2.6935e+11,3.9392e+11
0.08438,0.22708,1.3834e+0,2.3182e+11,3.7850e+11
0.08646,0.22708,1.2429e+0,2.1294e+11,3.8431e+11
0.08854,0.22708,1.0930e+0,1.9255e+11,3.9894e+11
0.09062,0.22708,9.3157e-1,1.0779e+11,3.6456e+11
0.09271,0.22708,7.5480e-1,4.6148e+10,3.1891e+11
0.09479,0.22708,5.6201e-1,2.2309e+10,3.3012e+11
0.09688,0.22708,3.5152e-1,9.1968e+9,3.3476e+11
0.09896,0.22708,1.2262e-1,2.1023e+9,2.8886e+11
0.00104,0.23125,3.7027e+0,4.0865e+10,0.0000e+0
0.00313,0.23125,3.7044e+0,4.5053e+10,0.0000e+0
0.00521,0.23125,3.7083e+0,5.8711e+10,1.4349e+9
0.00729,0.23125,3.7160e+0,1.0808e+11,1.3888e+11
0.00937,0.23125,3.7232e+0,1.3383e+11,4.1581e+11
0.01146,0.23125,3.7157e+0,1.3176e+11,3.5883e+11
0.01354,0.23125,3.6997e+0,1.3473e+11,2.7162e+11
0.01563,0.23125,3.6799e+0,1.3493e+11,2.5442e+11
0.01771,0.23125,3.6552e+0,1.5014e+11,2.5155e+11
0.01979,0.23125,3.6254e+0,1.4699e+11,2.3469e+11
0.02187,0.23125,3.5889e+0,1.6218e+11,1.3230e+11
0.02396,0.23125,3.5532e+0,1.7711e+11,1.3961e+11
0.02604,0.23125,3.5183e+0,1.8057e+11,1.9362e+11
0.02813,0.23125,3.4803e+0,2.1205e+11,2.0911e+11
0.03021,0.23125,3.4402e+0,2.3247e+11,2.4190e+11
0.03229,0.23125,3.3997e+0,2.2036e+11,2.3613e+11
0.03438,0.23125,3.3601e+0,2.5361e+11,3.7244e+11
0.03646,0.23125,3.3154e+0,2.8032e+11,4.2656e+11
0.03854,0.23125,3.2649e+0,2.8664e+11,4.1234e+11
0.04063,0.23125,3.2097e+0,2.7545e+11,3.4606e+11
0.04271,0.23125,3.1539e+0,2.5728e+11,3.5319e+11
0.04479,0.23125,3.0945e+0,2.6416e+11,3.5682e+11
0.04688,0.23125,3.0316e+0,2.7869e+11,3.8601e+11
0.04896,0.23125,2.9641e+0,3.2429e+11,4.1533e+11
0.05104,0.23125,2.8931e+0,3.2834e+11,3.7481e+11
0.05312,0.23125,2.8219e+0,3.2296e+11,3.8792e+11
0.05521,0.23125,2.7499e+0,3.1321e+11,3.9070e+11
0.05729,0.23125,2.6767e+0,3.2816e+11,4.4208e+11
0.05937,0.23125,2.5994e+0,3.5242e+11,4.1558e+11
0.06146,0.23125,2.5208e+0,3.4290e+11,3.9032e+11
0.06354,0.23125,2.4415e+0,3.3591e+11,4.3251e+11
0.06563,0.23125,2.3575e+0,3.3502e+11,4.5374e+11
0.06771,0.23125,2.2676e+0,3.0804e+11,4.0847e+11
0.06979,0.23125,2.1728e+0,3.2747e+11,4.0301e+11
0.07187,0.23125,2.0751e+0,3.2695e+11,3.9053e+11
0.07396,0.23125,1.9750e+0,3.1288e+11,4.2755e+11
0.07604,0.23125,1.8690e+0,3.1040e+11,4.1255e+11
0.07813,0.23125,1.7578e+0,2.9570e+11,4.1567e+11
0.08021,0.23125,1.6401e+0,2.9147e+11,4.1037e+11
0.08229,0.23125,1.5158e+0,2.6614e+11,4.1179e+11
0.08438,0.23125,1.3828e+0,2.5090e+11,3.7467e+11
0.08646,0.23125,1.2427e+0,2.1443e+11,3.7930e+11
0.08854,0.23125,1.0926e+0,1.9726e+11,3.7095e+11
0.09062,0.23125,9.3229e-1,9.9463e+10,3.5319e+11
0.09271,0.23125,7.5620e-1,4.3581e+10,3.3796e+11
0.09479,0.23125,5.6185e-1,1.9810e+10,3.1081e+11
0.09688,0.23125,3.4946e-1,7.8067e+9,2.6735e+11
0.09896,0.23125,1.2118e-1,1.6523e+9,2.4012e+11
0.00104,0.23542,3.6980e+0,4.1491e+10,0.0000e+0
0.00313,0.23542,3.6993e+0,4.5835e+10,0.0000e+0
0.00521,0.23542,3.7022e+0,5.5060e+10,1.3216e+8
0.00729,0.23542,3.7067e+0,9.5836e+10,1.1245e+11
0.00937,0.23542,3.7067e+0,1.2183e+11,2.2240e+11
0.01146,0.23542,3.6944e+0,1.3528e+11,1.0735e+11
0.01354,0.23542,3.6777e+0,1.3879e+11,6.6701e+10
0.01563,0.23542,3.6597e+0,1.3329e+11,2.5557e+10
0.01771,0.23542,3.6426e+0,1.5223e+11,8.3529e+10
0.01979,0.23542,3.6232e+0,1.4831e+11,1.9736e+11
0.02187,0.23542,3.5945e+0,1.5653e+11,1.8299e+11
0.02396,0.23542,3.5614e+0,1.8348e+11,2.0153e+11
0.02604,0.23542,3.5266e+0,1.8291e+11,2.1406e+11
0.02813,0.23542,3.4911e+0,2.1541e+11,4.0139e+11
0.03021,0.23542,3.4468e+0,2.4804e+11,3.3109e+11
0.03229,0.23542,3.4020e+0,2.3039e+11,3.1011e+11
0.03438,0.23542,3.3565e+0,2.6143e+11,3.4863e+11
0.03646,0.23542,3.3092e+0,2.7754e+11,4.0760e+11
0.03854,0.23542,3.2570e+0,2.8991e+11,4.6403e+11
0.04063,0.23542,3.1964e+0,2.7036e+11,2.7013e+11
0.04271,0.23542,3.1393e+0,2.5968e+11,3.1913e+11
0.04479,0.23542,3.0809e+0,2.6701e+11,3.7204e+11
0.04688,0.23542,3.0176e+0,2.7708e+11,3.3016e+11
0.04896,0.23542,2.9526e+0,3.1978e+11,4.3647e+11
0.05104,0.23542,2.8815e+0,3.2816e+11,4.0686e+11
0.05312,0.23542,2.8060e+0,3.2224e+11,2.9021e+11
0.05521,0.23542,2.7322e+0,3.1549e+11,2.6822e+11
0.05729,0.23542,2.6601e+0,3.3313e+11,3.1667e+11
0.05937,0.23542,2.5875e+0,3.6348e+11,3.8838e+11
0.06146,0.23542,2.5127e+0,3.4417e+11,3.9152e+11
0.06354,0.23542,2.4350e+0,3.3141e+11,3.9699e+11
0.06563,0.23542,2.3528e+0,3.3291e+11,3.9228e+11
0.06771,0.23542,2.2669e+0,3.1609e+11,4.3715e+11
0.06979,0.23542,2.1735e+0,3.2788e+11,4.0397e+11
0.07187,0.23542,2.0763e+0,3.2527e+11,4.1874e+11
0.07396,0.23542,1.9739e+0,3.1515e+11,3.8025e+11
0.07604,0.23542,1.8678e+0,3.1113e+11,3.9291e+11
0.07813,0.23542,1.7570e+0,2.9277e+11,3.7943e+11
0.08021,0.23542,1.6405e+0,2.9616e+11,3.8934e+11
0.08229,0.23542,1.5179e+0,2.6804e+11,4.1240e+11
0.08438,0.23542,1.3855e+0,2.5275e+11,3.8801e+11
0.08646,0.23542,1.2444e+0,2.1855e+11,3.7598e+11
0.08854,0.23542,1.0933e+0,1.8803e+11,3.5615e+11
0.09062,0.23542,9.3177e-1,9.8577e+10,3.3418e+11
0.09271,0.23542,7.5483e-1,4.2367e+10,3.1043e+11
0.09479,0.23542,5.6028e-1,1.9409e+10,2.8902e+11
0.09688,0.23542,3.4842e-1,8.6844e+9,2.6459e+11
0.09896,0.23542,1.2095e-1,1.7748e+9,2.4545e+11
0.00104,0.23958,3.6952e+0,4.8234e+10,0.0000e+0
0.00313,0.23958,3.6970e+0,5.4414e+10,0.0000e+0
0.00521,0.23958,3.7009e+0,6.0759e+10,1.1875e+8
0.00729,0.23958,3.7079e+0,9.2972e+10,1.0452e+11
0.00937,0.23958,3.7135e+0,1.1235e+11,2.5030e+11
0.01146,0.23958,3.7097e+0,1.3405e+11,3.4083e+11
0.01354,0.23958,3.6944e+0,1.3760e+11,1.9013e+11
0.01563,0.23958,3.6794e+0,1.3542e+11,1.4014e+11
0.01771,0.23958,3.6687e+0,1.7035e+11,3.4567e+11
0.01979,0.23958,3.6531e+0,1.6348e+11,5.3039e+11
0.02187,0.23958,3.6213e+0,1.6511e+11,4.0899e+11
0.02396,0.23958,3.5823e+0,1.8713e+11,3.5863e+11
0.02604,0.23958,3.5393e+0,1.8735e+11,3.3615e+11
0.02813,0.23958,3.4907e+0,2.0676e+11,2.4519e+11
0.03021,0.23958,3.4413e+0,2.3488e+11,2.1325e+11
0.03229,0.23958,3.3940e+0,2.2098e+11,2.6212e+11
0.03438,0.23958,3.3439e+0,2.5134e+11,2.5835e+11
0.03646,0.23958,3.2931e+0,2.7149e+11,2.9832e+11
0.03854,0.23958,3.2401e+0,2.7472e+11,3.6232e+11
0.04063,0.23958,3.1812e+0,2.7033e+11,2.8410e+11
0.04271,0.23958,3.1224e+0,2.6589e+11,2.5384e+11
0.04479,0.23958,3.0654e+0,2.6935e+11,3.4726e+11
0.04688,0.23958,3.0049e+0,2.8327e+11,3.7690e+11
0.04896,0.23958,2.9405e+0,3.1957e+11,3.6086e+11
0.05104,0.23958,2.8750e+0,3.2654e+11,4.0604e+11
0.05312,0.23958,2.8048e+0,3.2475e+11,3.5420e+11
0.05521,0.23958,2.7337e+0,3.2142e+11,3.5488e+11
0.05729,0.23958,2.6611e+0,3.2965e+11,3.6014e+11
0.05937,0.23958,2.5868e+0,3.5299e+11,3.6038e+11
0.06146,0.23958,2.5121e+0,3.4613e+11,3.7873e+11
0.06354,0.23958,2.4358e+0,3.4131e+11,4.1671e+11
0.06563,0.23958,2.3552e+0,3.3937e+11,4.3871e+11
0.06771,0.23958,2.2694e+0,3.2046e+11,4.5131e+11
0.06979,0.23958,2.1763e+0,3.4018e+11,4.0594e+11
0.07187,0.23958,2.0810e+0,3.1695e+11,4.5853e+11
0.07396,0.23958,1.9786e+0,3.0518e+11,4.0864e+11
0.07604,0.23958,1.8721e+0,3.0578e+11,3.6983e+11
0.07813,0.23958,1.7634e+0,2.9597e+11,4.1192e+11
0.08021,0.23958,1.6488e+0,2.9379e+11,4.4494e+11
0.08229,0.23958,1.5266e+0,2.6090e+11,4.5846e+11
0.08438,0.23958,1.3937e+0,2.4162e+11,4.1906e+11
0.08646,0.23958,1.2511e+0,2.1638e+11,3.9568e+11
0.08854,0.23958,1.0977e+0,1.8308e+11,3.4339e+11
0.09062,0.23958,9.3435e-1,1.0036e+11,3.1962e+11
0.09271,0.23958,7.5637e-1,3.9709e+10,2.9756e+11
0.09479,0.23958,5.6109e-1,1.7322e+10,2.8020e+11
0.09688,0.23958,3.4834e-1,9.1307e+9,2.3039e+11
0.09896,0.23958,1.2168e-1,2.0880e+9,2.7509e+11
0.00104,0.24375,3.6936e+0,5.8148e+10,0.0000e+0
0.00313,0.24375,3.6951e+0,5.8690e+10,0.0000e+0
0.00521,0.24375,3.6981e+0,6.1521e+10,0.0000e+0
0.00729,0.24375,3.7037e+0,8.6461e+10,1.2468e+10
0.00937,0.24375,3.7134e+0,1.0831e+11,2.7906e+11
0.01146,0.24375,3.7132e+0,1.2599e+11,3.4286e+11
0.01354,0.24375,3.7030e+0,1.3547e+11,3.1044e+11
0.01563,0.24375,3.6865e+0,1.3768e+11,2.4298e+11
0.01771,0.24375,3.6660e+0,1.7259e+11,2.2574e+11
0.01979,0.24375,3.6428e+0,1.6317e+11,2.3855e+11
0.02187,0.24375,3.6134e+0,1.6855e+11,2.0321e+11
0.02396,0.24375,3.5798e+0,1.8745e+11,2.3055e+11
0.02604,0.24375,3.5424e+0,1.9608e+11,3.3721e+11
0.02813,0.24375,3.4961e+0,2.0585e+11,2.7830e+11
0.03021,0.24375,3.4476e+0,2.2701e+11,3.0748e+11
0.03229,0.24375,3.3966e+0,2.2787e+11,2.7622e+11
0.03438,0.24375,3.3442e+0,2.5201e+11,3.0464e+11
0.03646,0.24375,3.2895e+0,2.5678e+11,3.0690e+11
0.03854,0.24375,3.2314e+0,2.6628e+11,2.4717e+11
0.04063,0.24375,3.1735e+0,2.6664e+11,2.8087e+11
0.04271,0.24375,3.1135e+0,2.6266e+11,2.8689e+11
0.04479,0.24375,3.0506e+0,2.7579e+11,2.3603e+11
0.04688,0.24375,2.9892e+0,2.8490e+11,2.2993e+11
0.04896,0.24375,2.9307e+0,3.0444e+11,2.9311e+11
0.05104,0.24375,2.8735e+0,3.2128e+11,4.5865e+11
0.05312,0.24375,2.8088e+0,3.2824e+11,4.2100e+11
0.05521,0.24375,2.7419e+0,3.1828e+11,4.6119e+11
0.05729,0.24375,2.6699e+0,3.2361e+11,4.1988e+11
0.05937,0.24375,2.5957e+0,3.4113e+11,4.4449e+11
0.06146,0.24375,2.5182e+0,3.3947e+11,3.9164e+11
0.06354,0.24375,2.4402e+0,3.4435e+11,4.4132e+11
0.06563,0.24375,2.3582e+0,3.4551e+11,4.5400e+11
0.06771,0.24375,2.2707e+0,3.2177e+11,4.0593e+11
0.06979,0.24375,2.1785e+0,3.3613e+11,4.3963e+11
0.07187,0.24375,2.0809e+0,3.1794e+11,3.9480e+11
0.07396,0.24375,1.9795e+0,3.0670e+11,3.7171e+11
0.07604,0.24375,1.8764e+0,2.9039e+11,4.1326e+11
0.07813,0.24375,1.7689e+0,2.9003e+11,4.8359e+11
0.08021,0.24375,1.6524e+0,3.0465e+11,4.5763e+11
0.08229,0.24375,1.5291e+0,2.6303e+11,4.1475e+11
0.08438,0.24375,1.3989e+0,2.3964e+11,4.4615e+11
0.08646,0.24375,1.2584e+0,2.1569e+11,4.3974e+11
0.08854,0.24375,1.1066e+0,1.8231e+11,4.1999e+11
0.09062,0.24375,9.4220e-1,9.3046e+10,3.4812e+11
0.09271,0.24375,7.6290e-1,3.7092e+10,3.0923e+11
0.09479,0.24375,5.6716e-1,1.6826e+10,3.1228e+11
0.09688,0.24375,3.5325e-1,7.8300e+9,2.7830e+11
0.09896,0.24375,1.2322e-1,2.3693e+9,2.7559e+11
0.00104,0.24792,3.6990e+0,5.8625e+10,0.0000e+0
0.00313,0.24792,3.6989e+0,5.7678e+10,0.0000e+0
0.00521,0.24792,3.6982e+0,6.8893e+10,0.0000e+0
0.00729,0.24792,3.6968e+0,9.3740e+10,4.4947e+8
0.00937,0.24792,3.6954e+0,1.1227e+11,6.3818e+9
0.01146,0.24792,3.6927e+0,1.3597e+11,1.6823e+10
0.01354,0.24792,3.6898e+0,1.4256e+11,4.9511e+10
0.01563,0.24792,3.6862e+0,1.3787e+11,2.7735e+11
0.01771,0.24792,3.6680e+0,1.6582e+11,2.0603e+11
0.01979,0.24792,3.6448e+0,1.5403e+11,1.1231e+11
0.02187,0.24792,3.6231e+0,1.7423e+11,3.1562e+11
0.02396,0.24792,3.5912e+0,1.8864e+11,3.3499e+11
0.02604,0.24792,3.5500e+0,1.8917e+11,3.0096e+11
0.02813,0.24792,3.5014e+0,2.0470e+11,2.1725e+11
0.03021,0.24792,3.4528e+0,2.3374e+11,2.7072e+11
0.03229,0.24792,3.4027e+0,2.2434e+11,2.8751e+11
0.03438,0.24792,3.3500e+0,2.4423e+11,2.9009e+11
0.03646,0.24792,3.2966e+0,2.4773e+11,3.5650e+11
0.03854,0.24792,3.2401e+0,2.6043e+11,3.5661e+11
0.04063,0.24792,3.1819e+0,2.5758e+11,3.6995e+11
0.04271,0.24792,3.1205e+0,2.5232e+11,3.8045e+11
0.04479,0.24792,3.0540e+0,2.6686e+11,2.7189e+11
0.04688,0.24792,2.9897e+0,2.8080e+11,2.2912e+11
0.04896,0.24792,2.9293e+0,3.0588e+11,3.0198e+11
0.05104,0.24792,2.8688e+0,3.1108e+11,3.7952e+11
0.05312,0.24792,2.8025e+0,3.2492e+11,3.1230e+11
0.05521,0.24792,2.7363e+0,3.3092e+11,3.4438e+11
0.05729,0.24792,2.6679e+0,3.2804e+11,3.7588e+11
0.05937,0.24792,2.5959e+0,3.2894e+11,3.9721e+11
0.06146,0.24792,2.5202e+0,3.2575e+11,4.1845e+11
0.06354,0.24792,2.4404e+0,3.3980e+11,3.8478e+11
0.06563,0.24792,2.3605e+0,3.4830e+11,4.7603e+11
0.06771,0.24792,2.2748e+0,3.1924e+11,4.7079e+11
0.06979,0.24792,2.1818e+0,3.1332e+11,4.2546e+11
0.07187,0.24792,2.0829e+0,3.1643e+11,4.0684e+11
0.07396,0.24792,1.9786e+0,2.9932e+11,3.4863e+11
0.07604,0.24792,1.8708e+0,2.8742e+11,2.9050e+11
0.07813,0.24792,1.7618e+0,2.8491e+11,3.5512e+11
0.08021,0.24792,1.6476e+0,2.9320e+11,4.2645e+11
0.08229,0.24792,1.5245e+0,2.6210e+11,3.8817e+11
0.08438,0.24792,1.3934e+0,2.5095e+11,3.6135e+11
0.08646,0.24792,1.2549e+0,2.1498e+11,3.6713e+11
0.08854,0.24792,1.1062e+0,1.8690e+11,3.7619e+11
0.09062,0.24792,9.4520e-1,9.2938e+10,3.6134e+11
0.09271,0.24792,7.6656e-1,4.0621e+10,3.0393e+11
0.09479,0.24792,5.7109e-1,1.9297e+10,3.2002e+11
0.09688,0.24792,3.5679e-1,8.5472e+9,3.0262e+11
0.09896,0.24792,1.2464e-1,2.3098e+9,2.8810e+11
0.00104,0.25208,3.7237e+0,4.3843e+10,0.0000e+0
0.00313,0.25208,3.7241e+0,5.3674e+10,1.1382e+10
0.00521,0.25208,3.7243e+0,6.2068e+10,5.8462e+10
0.00729,0.25208,3.7211e+0,8.9451e+10,5.0928e+10
0.00937,0.25208,3.7172e+0,1.1617e+11,7.0938e+10
0.01146,0.25208,3.7128e+0,1.4435e+11,7.3510e+10
0.01354,0.25208,3.7103e+0,1.6309e+11,1.5921e+11
0.01563,0.25208,3.7067e+0,1.4180e+11,3.7856e+11
0.01771,0.25208,3.6870e+0,1.6778e+11,2.7050e+11
0.01979,0.25208,3.6631e+0,1.5785e+11,2.1914e+11
0.02187,0.25208,3.6393e+0,1.7526e+11,3.5271e+11
0.02396,0.25208,3.6069e+0,1.8477e+11,3.4867e+11
0.02604,0.25208,3.5663e+0,1.8568e+11,3.6192e+11
0.02813,0.25208,3.5172e+0,2.0999e+11,3.0282e+11
0.03021,0.25208,3.4658e+0,2.3624e+11,3.1538e+11
0.03229,0.25208,3.4128e+0,2.2826e+11,3.2323e+11
0.03438,0.25208,3.3568e+0,2.5124e+11,3.7295e+11
0.03646,0.25208,3.2950e+0,2.5410e+11,2.1066e+11
0.03854,0.25208,3.2374e+0,2.6022e+11,2.7127e+11
0.04063,0.25208,3.1804e+0,2.6356e+11,3.3609e+11
0.04271,0.25208,3.1201e+0,2.5432e+11,2.8585e+11
0.04479,0.25208,3.0594e+0,2.7226e+11,2.6395e+11
0.04688,0.25208,3.0016e+0,2.8449e+11,3.7077e+11
0.04896,0.25208,2.9399e+0,3.0725e+11,3.7407e+11
0.05104,0.25208,2.8763e+0,3.1193e+11,3.8277e+11
0.05312,0.25208,2.8099e+0,3.2113e+11,3.2850e+11
0.05521,0.25208,2.7455e+0,3.2900e+11,4.5496e+11
0.05729,0.25208,2.6753e+0,3.3440e+11,4.5530e+11
0.05937,0.25208,2.6000e+0,3.3347e+11,4.3599e+11
0.06146,0.25208,2.5202e+0,3.3082e+11,4.1215e+11
0.06354,0.25208,2.4375e+0,3.3839e+11,3.6337e+11
0.06563,0.25208,2.3558e+0,3.5359e+11,4.2507e+11
0.06771,0.25208,2.2718e+0,3.2894e+11,4.0610e+11
0.06979,0.25208,2.1851e+0,3.1800e+11,4.8240e+11
0.07187,0.25208,2.0897e+0,3.2443e+11,4.5601e+11
0.07396,0.25208,1.9881e+0,3.0162e+11,4.2828e+11
0.07604,0.25208,1.8805e+0,2.9298e+11,4.1725e+11
0.07813,0.25208,1.7661e+0,2.9855e+11,3.5096e+11
0.08021,0.25208,1.6483e+0,2.9791e+11,3.6281e+11
0.08229,0.25208,1.5253e+0,2.8787e+11,3.6375e+11
0.08438,0.25208,1.3959e+0,2.4915e+11,3.6229e+11
0.08646,0.25208,1.2585e+0,2.1317e+11,3.8191e+11
0.08854,0.25208,1.1102e+0,1.8157e+11,3.7446e+11
0.09062,0.25208,9.4999e-1,9.6474e+10,3.8830e+11
0.09271,0.25208,7.7157e-1,4.2159e+10,3.5703e+11
0.09479,0.25208,5.7391e-1,1.8337e+10,3.0956e+11
0.09688,0.25208,3.5855e-1,8.6124e+9,3.0547e+11
0.09896,0.25208,1.2512e-1,2.2125e+9,2.8329e+11
0.00104,0.25625,3.7594e+0,3.1735e+10,0.0000e+0
0.00313,0.25625,3.7625e+0,4.7682e+10,4.2382e+10
0.00521,0.25625,3.7675e+0,6.4086e+10,2.3909e+11
0.00729,0.25625,3.7646e+0,1.0435e+11,2.5362e+11
0.00937,0.25625,3.7585e+0,1.2704e+11,2.7056e+11
0.01146,0.25625,3.7502e+0,1.4541e+11,3.0489e+11
0.01354,0.25625,3.7385e+0,1.4289e+11,2.9352e+11
0.01563,0.25625,3.7237e+0,1.3719e+11,3.5229e+11
0.01771,0.25625,3.7001e+0,1.5215e+11,3.0757e+11
0.01979,0.25625,3.6722e+0,1.5050e+11,2.2192e+11
0.02187,0.25625,3.6448e+0,1.7475e+11,2.3776e+11
0.02396,0.25625,3.6167e+0,1.8777e+11,4.4558e+11
0.02604,0.25625,3.5759e+0,1.9245e+11,3.9834e+11
0.02813,0.25625,3.5278e+0,2.2192e+11,4.0261e+11
0.03021,0.25625,3.4746e+0,2.3632e+11,3.7793e+11
0.03229,0.25625,3.4189e+0,2.3619e+11,3.3972e+11
0.03438,0.25625,3.3631e+0,2.4629e+11,3.9491e+11
0.03646,0.25625,3.3036e+0,2.5602e+11,3.8342e+11
0.03854,0.25625,3.2416e+0,2.5790e+11,3.0503e+11
0.04063,0.25625,3.1810e+0,2.6652e+11,2.6962e+11
0.04271,0.25625,3.1231e+0,2.5811e+11,2.5888e+11
0.04479,0.25625,3.0673e+0,2.6042e+11,2.8361e+11
0.04688,0.25625,3.0120e+0,2.7345e+11,4.1227e+11
0.04896,0.25625,2.9485e+0,3.1960e+11,3.6770e+11
0.05104,0.25625,2.8829e+0,3.1950e+11,3.4250e+11
0.05312,0.25625,2.8173e+0,3.1747e+11,4.0386e+11
0.05521,0.25625,2.7483e+0,3.3934e+11,4.2128e+11
0.05729,0.25625,2.6762e+0,3.4557e+11,4.4144e+11
0.05937,0.25625,2.6003e+0,3.3255e+11,4.8004e+11
0.06146,0.25625,2.5178e+0,3.4170e+11,4.2189e+11
0.06354,0.25625,2.4331e+0,3.2852e+11,3.5802e+11
0.06563,0.25625,2.3490e+0,3.4995e+11,3.6395e+11
0.06771,0.25625,2.2656e+0,3.3043e+11,3.6064e+11
0.06979,0.25625,2.1821e+0,3.0734e+11,4.3924e+11
0.07187,0.25625,2.0913e+0,3.1294e+11,4.4723e+11
0.07396,0.25625,1.9941e+0,3.1548e+11,4.6389e+11
0.07604,0.25625,1.8906e+0,3.1298e+11,5.0805e+11
0.07813,0.25625,1.7792e+0,3.0322e+11,4.7855e+11
0.08021,0.25625,1.6628e+0,2.8887e+11,4.8515e+11
0.08229,0.25625,1.5401e+0,2.8162e+11,5.1498e+11
0.08438,0.25625,1.4082e+0,2.4541e+11,4.6868e+11
0.08646,0.25625,1.2664e+0,2.1166e+11,3.9271e+11
0.08854,0.25625,1.1157e+0,1.7563e+11,4.0028e+11
0.09062,0.25625,9.5157e-1,9.1675e+10,3.4328e+11
0.09271,0.25625,7.7148e-1,3.9179e+10,3.1200e+11
0.09479,0.25625,5.7424e-1,1.6791e+10,3.1472e+11
0.09688,0.25625,3.5861e-1,7.9424e+9,3.0831e+11
0.09896,0.25625,1.2487e-1,2.7232e+9,2.7631e+11
0.00104,0.26042,3.7810e+0,3.7551e+10,0.0000e+0
0.00313,0.26042,3.7836e+0,4.5815e+10,5.7574e+10
0.00521,0.26042,3.7860e+0,6.8396e+10,2.1297e+11
0.00729,0.26042,3.7788e+0,9.9920e+10,9.5125e+10
0.00937,0.26042,3.7702e+0,1.2251e+11,1.2207e+11
0.01146,0.26042,3.7580e+0,1.4969e+11,1.6358e+11
0.01354,0.26042,3.7401e+0,1.3962e+11,1.2865e+11
0.01563,0.26042,3.7187e+0,1.3328e+11,1.3659e+11
0.01771,0.26042,3.6937e+0,1.4952e+11,1.3623e+11
0.01979,0.26042,3.6689e+0,1.4590e+11,1.8534e+11
0.02187,0.26042,3.6432e+0,1.6597e+11,3.4145e+11
0.02396,0.26042,3.6085e+0,1.8173e+11,3.6162e+11
0.02604,0.26042,3.5642e+0,1.9280e+11,2.8330e+11
0.02813,0.26042,3.5172e+0,2.1844e+11,3.7380e+11
0.03021,0.26042,3.4640e+0,2.4026e+11,3.6575e+11
0.03229,0.26042,3.4075e+0,2.3323e+11,2.9370e+11
0.03438,0.26042,3.3513e+0,2.3856e+11,2.6379e+11
0.03646,0.26042,3.2958e+0,2.5297e+11,2.8812e+11
0.03854,0.26042,3.2388e+0,2.4675e+11,2.5076e+11
0.04063,0.26042,3.1821e+0,2.5961e+11,2.3956e+11
0.04271,0.26042,3.1284e+0,2.6492e+11,2.6658e+11
0.04479,0.26042,3.0764e+0,2.6102e+11,3.2771e+11
0.04688,0.26042,3.0220e+0,2.7224e+11,4.1357e+11
0.04896,0.26042,2.9611e+0,3.4348e+11,5.1688e+11
0.05104,0.26042,2.8933e+0,3.3310e+11,4.6054e+11
0.05312,0.26042,2.8218e+0,3.2586e+11,4.0714e+11
0.05521,0.26042,2.7485e+0,3.3068e+11,4.1471e+11
0.05729,0.26042,2.6724e+0,3.4607e+11,4.2815e+11
0.05937,0.26042,2.5923e+0,3.4022e+11,3.8105e+11
0.06146,0.26042,2.5102e+0,3.4202e+11,3.5089e+11
0.06354,0.26042,2.4279e+0,3.2077e+11,3.3413e+11
0.06563,0.26042,2.3455e+0,3.3820e+11,3.8055e+11
0.06771,0.26042,2.2609e+0,3.2946e+11,3.3604e+11
0.06979,0.26042,2.1770e+0,3.0816e+11,3.9403e+11
0.07187,0.26042,2.0876e+0,2.9219e+11,4.3027e+11
0.07396,0.26042,1.9895e+0,3.0603e+11,4.2880e+11
0.07604,0.26042,1.8831e+0,3.3226e+11,4.2026e+11
0.07813,0.26042,1.7695e+0,3.1824e+11,3.4614e+11
0.08021,0.26042,1.6526e+0,2.9039e+11,3.3141e+11
0.08229,0.26042,1.5316e+0,2.6988e+11,3.5986e+11
0.08438,0.26042,1.4037e+0,2.4907e+11,3.8759e+11
0.08646,0.26042,1.2672e+0,2.1107e+11,4.2485e+11
0.08854,0.26042,1.1190e+0,1.6778e+11,4.6818e+11
0.09062,0.26042,9.5380e-1,9.7984e+10,3.9711e+11
0.09271,0.26042,7.7122e-1,4.3050e+10,3.1408e+11
0.09479,0.26042,5.7269e-1,1.8153e+10,3.1436e+11
0.09688,0.26042,3.5606e-1,7.1306e+9,2.7965e+11
0.09896,0.26042,1.2300e-1,2.1193e+9,2.2677e+11
0.00104,0.26458,3.7931e+0,3.1194e+10,0.0000e+0
0.00313,0.26458,3.7957e+0,4.7573e+10,4.1224e+7
0.00521,0.26458,3.8012e+0,7.0293e+10,1.9452e+10
0.00729,0.26458,3.8089e+0,9.9247e+10,3.0093e+11
0.00937,0.26458,3.8059e+0,1.1851e+11,3.5843e+11
0.01146,0.26458,3.7951e+0,1.4461e+11,4.7710e+11
0.01354,0.26458,3.7715e+0,1.4170e+11,4.0717e+11
0.01563,0.26458,3.7390e+0,1.3271e+11,2.8200e+11
0.01771,0.26458,3.7026e+0,1.5447e+11,2.1418e+11
0.01979,0.26458,3.6671e+0,1.5170e+11,1.6672e+11
0.02187,0.26458,3.6343e+0,1.6878e+11,2.8120e+11
0.02396,0.26458,3.5961e+0,1.8954e+11,3.5186e+11
0.02604,0.26458,3.5492e+0,1.9290e+11,3.0602e+11
0.02813,0.26458,3.4973e+0,2.1659e+11,2.7571e+11
0.03021,0.26458,3.4424e+0,2.4369e+11,1.9379e+11
0.03229,0.26458,3.3902e+0,2.3915e+11,1.6423e+11
0.03438,0.26458,3.3422e+0,2.4934e+11,2.1309e+11
0.03646,0.26458,3.2963e+0,2.5507e+11,3.5110e+11
0.03854,0.26458,3.2453e+0,2.4647e+11,3.7327e+11
0.04063,0.26458,3.1894e+0,2.7267e+11,2.9385e+11
0.04271,0.26458,3.1365e+0,2.6653e+11,3.3361e+11
0.04479,0.26458,3.0836e+0,2.6363e+11,4.0247e+11
0.04688,0.26458,3.0245e+0,2.7734e+11,4.1751e+11
0.04896,0.26458,2.9576e+0,3.2921e+11,3.6712e+11
0.05104,0.26458,2.8898e+0,3.3384e+11,3.9489e+11
0.05312,0.26458,2.8193e+0,3.2962e+11,4.1481e+11
0.05521,0.26458,2.7447e+0,3.3570e+11,3.6401e+11
0.05729,0.26458,2.6698e+0,3.5119e+11,4.2948e+11
0.05937,0.26458,2.5913e+0,3.5131e+11,3.9548e+11
0.06146,0.26458,2.5115e+0,3.3993e+11,3.7068e+11
0.06354,0.26458,2.4303e+0,3.2039e+11,3.5134e+11
0.06563,0.26458,2.3474e+0,3.3745e+11,3.7441e+11
0.06771,0.26458,2.2622e+0,3.3050e+11,3.5202e+11
0.06979,0.26458,2.1768e+0,3.1125e+11,4.0689e+11
0.07187,0.26458,2.0868e+0,3.0298e+11,4.2095e+11
0.07396,0.26458,1.9906e+0,3.1222e+11,4.2789e+11
0.07604,0.26458,1.8887e+0,3.1869e+11,4.9142e+11
0.07813,0.26458,1.7769e+0,2.9519e+11,4.2399e+11
0.08021,0.26458,1.6585e+0,2.8794e+11,3.9172e+11
0.08229,0.26458,1.5347e+0,2.5085e+11,3.7508e+11
0.08438,0.26458,1.4031e+0,2.3496e+11,3.8140e+11
0.08646,0.26458,1.2612e+0,2.1095e+11,3.1203e+11
0.08854,0.26458,1.1112e+0,1.6640e+11,3.5140e+11
0.09062,0.26458,9.4736e-1,9.5255e+10,3.3835e+11
0.09271,0.26458,7.6678e-1,4.2976e+10,3.1471e+11
0.09479,0.26458,5.6867e-1,1.8760e+10,2.9815e+11
0.09688,0.26458,3.5302e-1,6.7769e+9,2.5337e+11
0.09896,0.26458,1.2248e-1,2.2414e+9,2.4989e+11
0.00104,0.26875,3.7947e+0,3.3083e+10,0.0000e+0
0.00313,0.26875,3.8001e+0,4.7187e+10,3.4533e+9
0.00521,0.26875,3.8127e+0,6.4438e+10,3.1749e+11
0.00729,0.26875,3.8159e+0,9.4616e+10,4.6570e+11
0.00937,0.26875,3.8036e+0,1.0926e+11,2.5061e+11
0.01146,0.26875,3.7913e+0,1.3743e+11,3.6799e+11
0.01354,0.26875,3.7725e+0,1.5181e+11,4.2992e+11
0.01563,0.26875,3.7460e+0,1.3311e+11,4.9540e+11
0.01771,0.26875,3.7062e+0,1.5550e+11,3.2203e+11
0.01979,0.26875,3.6645e+0,1.5184e+11,1.9692e+11
0.02187,0.26875,3.6253e+0,1.6751e+11,2.7419e+11
0.02396,0.26875,3.5821e+0,1.8248e+11,2.7528e+11
0.02604,0.26875,3.5341e+0,1.9302e+11,2.0679e+11
0.02813,0.26875,3.4872e+0,2.1779e+11,2.5660e+11
0.03021,0.26875,3.4404e+0,2.5057e+11,3.2019e+11
0.03229,0.26875,3.3926e+0,2.4654e+11,2.7121e+11
0.03438,0.26875,3.3477e+0,2.4341e+11,3.9065e+11
0.03646,0.26875,3.2979e+0,2.5044e+11,3.8258e+11
0.03854,0.26875,3.2434e+0,2.6239e+11,3.0799e+11
0.04063,0.26875,3.1887e+0,2.8428e+11,3.2729e+11
0.04271,0.26875,3.1341e+0,2.6065e+11,2.6782e+11
0.04479,0.26875,3.0827e+0,2.4932e+11,3.8817e+11
0.04688,0.26875,3.0251e+0,2.7072e+11,4.6506e+11
0.04896,0.26875,2.9575e+0,3.1211e+11,3.7861e+11
0.05104,0.26875,2.8888e+0,3.2986e+11,3.8464e+11
0.05312,0.26875,2.8182e+0,3.3821e+11,3.9908e+11
0.05521,0.26875,2.7441e+0,3.4480e+11,3.7482e+11
0.05729,0.26875,2.6685e+0,3.5916e+11,3.6705e+11
0.05937,0.26875,2.5931e+0,3.5896e+11,3.6483e+11
0.06146,0.26875,2.5190e+0,3.4249e+11,4.4496e+11
0.06354,0.26875,2.4408e+0,3.4175e+11,4.6745e+11
0.06563,0.26875,2.3576e+0,3.4790e+11,4.8351e+11
0.06771,0.26875,2.2681e+0,3.2684e+11,3.9496e+11
0.06979,0.26875,2.1755e+0,3.1861e+11,2.9599e+11
0.07187,0.26875,2.0843e+0,3.0448e+11,3.3401e+11
0.07396,0.26875,1.9898e+0,3.1308e+11,3.5937e+11
0.07604,0.26875,1.8912e+0,3.2116e+11,4.6547e+11
0.07813,0.26875,1.7822e+0,2.9919e+11,4.1918e+11
0.08021,0.26875,1.6659e+0,2.9280e+11,4.1323e+11
0.08229,0.26875,1.5430e+0,2.4615e+11,3.9663e+11
0.08438,0.26875,1.4116e+0,2.2850e+11,4.0956e+11
0.08646,0.26875,1.2696e+0,2.1419e+11,4.0724e+11
0.08854,0.26875,1.1152e+0,1.7992e+11,3.6126e+11
0.09062,0.26875,9.4752e-1,9.7807e+10,2.9856e+11
0.09271,0.26875,7.6404e-1,3.9834e+10,2.3554e+11
0.09479,0.26875,5.6531e-1,1.8048e+10,2.3308e+11
0.09688,0.26875,3.5123e-1,6.8181e+9,2.4306e+11
0.09896,0.26875,1.2183e-1,2.1367e+9,2.4077e+11
0.00104,0.27292,3.7635e+0,2.7954e+10,0.0000e+0
0.00313,0.27292,3.7653e+0,4.8217e+10,1.3097e+7
0.00521,0.27292,3.7698e+0,6.5874e+10,4.9681e+10
0.00729,0.27292,3.7739e+0,9.6966e+10,2.5427e+11
0.00937,0.27292,3.7676e+0,1.1423e+11,2.8123e+11
0.01146,0.27292,3.7526e+0,1.4472e+11,2.5787e+11
0.01354,0.27292,3.7309e+0,1.5550e+11,1.4395e+11
0.01563,0.27292,3.7096e+0,1.4095e+11,1.8086e+11
0.01771,0.27292,3.6847e+0,1.6050e+11,2.5499e+11
0.01979,0.27292,3.6544e+0,1.5802e+11,3.2367e+11
0.02187,0.27292,3.6147e+0,1.7241e+11,2.0371e+11
0.02396,0.27292,3.5739e+0,1.9000e+11,3.0060e+11
0.02604,0.27292,3.5253e+0,2.1026e+11,1.8041e+11
0.02813,0.27292,3.4784e+0,2.2114e+11,1.7698e+11
0.03021,0.27292,3.4338e+0,2.3590e+11,2.7003e+11
0.03229,0.27292,3.3871e+0,2.4803e+11,3.0603e+11
0.03438,0.27292,3.3385e+0,2.4651e+11,2.9066e+11
0.03646,0.27292,3.2884e+0,2.6368e+11,2.7336e+11
0.03854,0.27292,3.2401e+0,2.5940e+11,4.0375e+11
0.04063,0.27292,3.1851e+0,2.7774e+11,3.7267e+11
0.04271,0.27292,3.1273e+0,2.6124e+11,2.6044e+11
0.04479,0.27292,3.0726e+0,2.5238e+11,2.9587e+11
0.04688,0.27292,3.0164e+0,2.6973e+11,3.9854e+11
0.04896,0.27292,2.9523e+0,3.1121e+11,3.2988e+11
0.05104,0.27292,2.8892e+0,3.3074e+11,4.0194e+11
0.05312,0.27292,2.8235e+0,3.2850e+11,4.6015e+11
0.05521,0.27292,2.7513e+0,3.4294e+11,4.5295e+11
0.05729,0.27292,2.6749e+0,3.5324e+11,4.0248e+11
0.05937,0.27292,2.5981e+0,3.4359e+11,3.8100e+11
0.06146,0.27292,2.5210e+0,3.3955e+11,3.7793e+11
0.06354,0.27292,2.4427e+0,3.3328e+11,3.9439e+11
0.06563,0.27292,2.3613e+0,3.4176e+11,4.2703e+11
0.06771,0.27292,2.2759e+0,3.3472e+11,4.2051e+11
0.06979,0.27292,2.1871e+0,3.2157e+11,3.8864e+11
0.07187,0.27292,2.0966e+0,3.0749e+11,4.0219e+11
0.07396,0.27292,2.0015e+0,2.9798e+11,4.0125e+11
0.07604,0.27292,1.9011e+0,3.0804e+11,4.7759e+11
0.07813,0.27292,1.7913e+0,3.0697e+11,4.4846e+11
0.08021,0.27292,1.6745e+0,3.0081e+11,4.5650e+11
0.08229,0.27292,1.5504e+0,2.5551e+11,4.0158e+11
0.08438,0.27292,1.4198e+0,2.3404e+11,4.1362e+11
0.08646,0.27292,1.2810e+0,2.1270e+11,4.5649e+11
0.08854,0.27292,1.1302e+0,1.8623e+11,4.9003e+11
0.09062,0.27292,9.6413e-1,9.4893e+10,4.5595e+11
0.09271,0.27292,7.7802e-1,3.8036e+10,3.6215e+11
0.09479,0.27292,5.7390e-1,2.1191e+10,2.7520e+11
0.09688,0.27292,3.5559e-1,6.8881e+9,2.5015e+11
0.09896,0.27292,1.2321e-1,2.2076e+9,2.4600e+11
0.00104,0.27708,3.7268e+0,6.1973e+10,0.0000e+0
0.00313,0.27708,3.7266e+0,6.6383e+10,0.0000e+0
0.00521,0.27708,3.7263e+0,6.6036e+10,0.0000e+0
0.00729,0.27708,3.7253e+0,9.0864e+10,1.3206e+10
0.00937,0.27708,3.7237e+0,1.0764e+11,8.5868e+10
0.01146,0.27708,3.7185e+0,1.2692e+11,2.0936e+11
0.01354,0.27708,3.7042e+0,1.4355e+11,1.5361e+11
0.01563,0.27708,3.6875e+0,1.4388e+11,1.7219e+11
0.01771,0.27708,3.6682e+0,1.5173e+11,2.1949e+11
0.01979,0.27708,3.6452e+0,1.4515e+11,2.9910e+11
0.02187,0.27708,3.6133e+0,1.8457e+11,2.6617e+11
0.02396,0.27708,3.5781e+0,1.8604e+11,3.4751e+11
0.02604,0.27708,3.5341e+0,2.0485e+11,2.9594e+11
0.02813,0.27708,3.4877e+0,2.2115e+11,3.5093e+11
0.03021,0.27708,3.4372e+0,2.3920e+11,3.5765e+11
0.03229,0.27708,3.3839e+0,2.4498e+11,2.8201e+11
0.03438,0.27708,3.3327e+0,2.5720e+11,3.2966e+11
0.03646,0.27708,3.2804e+0,2.7187e+11,3.1050e+11
0.03854,0.27708,3.2291e+0,2.5697e+11,3.3216e+11
0.04063,0.27708,3.1745e+0,2.7194e+11,2.9271e+11
0.04271,0.27708,3.1192e+0,2.5486e+11,2.3803e+11
0.04479,0.27708,3.0653e+0,2.5730e+11,2.8808e+11
0.04688,0.27708,3.0093e+0,2.6966e+11,3.5710e+11
0.04896,0.27708,2.9484e+0,3.0694e+11,3.3435e+11
0.05104,0.27708,2.8884e+0,3.2852e+11,4.2891e+11
0.05312,0.27708,2.8241e+0,3.2589e+11,4.6785e+11
0.05521,0.27708,2.7521e+0,3.2485e+11,3.8354e+11
0.05729,0.27708,2.6785e+0,3.4038e+11,4.1685e+11
0.05937,0.27708,2.6034e+0,3.4921e+11,4.4151e+11
0.06146,0.27708,2.5265e+0,3.2920e+11,4.2596e+11
0.06354,0.27708,2.4479e+0,3.1218e+11,4.3326e+11
0.06563,0.27708,2.3650e+0,3.3743e+11,4.1147e+11
0.06771,0.27708,2.2806e+0,3.3718e+11,3.9783e+11
0.06979,0.27708,2.1955e+0,3.2458e+11,4.1989e+11
0.07187,0.27708,2.1083e+0,3.0600e+11,5.0365e+11
0.07396,0.27708,2.0124e+0,3.0272e+11,4.9479e+11
0.07604,0.27708,1.9075e+0,3.0223e+11,4.5815e+11
0.07813,0.27708,1.7955e+0,3.0398e+11,4.5627e+11
0.08021,0.27708,1.6763e+0,2.8999e+11,4.2957e+11
0.08229,0.27708,1.5505e+0,2.4431e+11,3.8138e+11
0.08438,0.27708,1.4178e+0,2.4132e+11,3.8744e+11
0.08646,0.27708,1.2773e+0,2.2023e+11,4.0314e+11
0.08854,0.27708,1.1262e+0,1.9461e+11,3.9006e+11
0.09062,0.27708,9.6352e-1,9.5028e+10,4.2696e+11
0.09271,0.27708,7.7983e-1,3.8204e+10,3.3836e+11
0.09479,0.27708,5.7798e-1,2.0961e+10,3.1256e+11
0.09688,0.27708,3.5917e-1,7.6764e+9,2.8371e+11
0.09896,0.27708,1.2437e-1,2.5905e+9,2.4773e+11
0.00104,0.28125,3.7110e+0,4.7798e+10,0.0000e+0
0.00313,0.28125,3.7099e+0,5.1184e+10,0.0000e+0
0.00521,0.28125,3.7076e+0,6.8849e+10,0.0000e+0
0.00729,0.28125,3.7050e+0,9.6842e+10,0.0000e+0
0.00937,0.28125,3.7038e+0,1.1269e+11,4.4882e+10
0.01146,0.28125,3.7021e+0,1.2771e+11,1.7123e+11
0.01354,0.28125,3.6935e+0,1.3586e+11,2.2884e+11
0.01563,0.28125,3.6766e+0,1.3916e+11,1.7127e+11
0.01771,0.28125,3.6550e+0,1.5848e+11,1.0453e+11
0.01979,0.28125,3.6343e+0,1.4409e+11,1.0944e+11
0.02187,0.28125,3.6127e+0,1.6622e+11,2.9803e+11
0.02396,0.28125,3.5806e+0,1.7227e+11,3.5307e+11
0.02604,0.28125,3.5384e+0,1.9759e+11,3.8174e+11
0.02813,0.28125,3.4873e+0,2.1967e+11,3.6221e+11
0.03021,0.28125,3.4287e+0,2.4419e+11,2.0434e+11
0.03229,0.28125,3.3739e+0,2.4020e+11,2.1939e+11
0.03438,0.28125,3.3214e+0,2.4711e+11,2.4723e+11
0.03646,0.28125,3.2684e+0,2.6759e+11,2.0083e+11
0.03854,0.28125,3.2192e+0,2.6298e+11,2.4229e+11
0.04063,0.28125,3.1710e+0,2.7202e+11,2.9991e+11
0.04271,0.28125,3.1215e+0,2.5705e+11,3.4281e+11
0.04479,0.28125,3.0673e+0,2.5429e+11,3.9313e+11
0.04688,0.28125,3.0044e+0,2.7293e+11,2.8022e+11
0.04896,0.28125,2.9424e+0,3.0309e+11,2.9593e+11
0.05104,0.28125,2.8836e+0,3.1576e+11,4.1380e+11
0.05312,0.28125,2.8213e+0,3.1992e+11,4.8651e+11
0.05521,0.28125,2.7516e+0,3.1982e+11,4.6560e+11
0.05729,0.28125,2.6752e+0,3.3121e+11,3.7345e+11
0.05937,0.28125,2.5975e+0,3.3944e+11,3.4232e+11
0.06146,0.28125,2.5191e+0,3.3432e+11,2.9917e+11
0.06354,0.28125,2.4424e+0,3.0791e+11,3.3984e+11
0.06563,0.28125,2.3627e+0,3.2950e+11,3.7957e+11
0.06771,0.28125,2.2791e+0,3.3012e+11,3.6778e+11
0.06979,0.28125,2.1924e+0,3.1799e+11,3.2986e+11
0.07187,0.28125,2.1039e+0,2.9697e+11,3.5696e+11
0.07396,0.28125,2.0099e+0,3.0648e+11,4.5645e+11
0.07604,0.28125,1.9055e+0,3.0271e+11,4.3346e+11
0.07813,0.28125,1.7932e+0,3.0467e+11,4.3386e+11
0.08021,0.28125,1.6733e+0,2.9461e+11,3.8792e+11
0.08229,0.28125,1.5479e+0,2.4650e+11,3.6702e+11
0.08438,0.28125,1.4148e+0,2.3181e+11,3.5778e+11
0.08646,0.28125,1.2728e+0,2.1446e+11,3.4029e+11
0.08854,0.28125,1.1218e+0,1.7925e+11,3.6128e+11
0.09062,0.28125,9.5860e-1,9.9284e+10,3.6606e+11
0.09271,0.28125,7.7726e-1,3.7410e+10,3.3020e+11
0.09479,0.28125,5.7682e-1,1.9267e+10,2.9287e+11
0.09688,0.28125,3.5945e-1,7.1773e+9,2.9421e+11
0.09896,0.28125,1.2471e-1,2.6535e+9,2.5541e+11
0.00104,0.28542,3.7197e+0,3.0810e+10,0.0000e+0
0.00313,0.28542,3.7182e+0,4.6200e+10,0.0000e+0
0.00521,0.28542,3.7155e+0,7.3723e+10,0.0000e+0
0.00729,0.28542,3.7119e+0,1.0322e+11,4.4317e+9
0.00937,0.28542,3.7087e+0,1.1362e+11,6.2827e+10
0.01146,0.28542,3.7032e+0,1.2861e+11,1.1020e+11
0.01354,0.28542,3.6946e+0,1.3565e+11,1.1798e+11
0.01563,0.28542,3.6842e+0,1.4604e+11,2.5202e+11
0.01771,0.28542,3.6654e+0,1.5894e+11,1.6057e+11
0.01979,0.28542,3.6472e+0,1.4446e+11,2.6369e+11
0.02187,0.28542,3.6227e+0,1.6291e+11,4.6226e+11
0.02396,0.28542,3.5794e+0,1.7080e+11,1.8715e+11
0.02604,0.28542,3.5355e+0,1.9568e+11,2.2871e+11
0.02813,0.28542,3.4884e+0,2.2238e+11,3.1712e+11
0.03021,0.28542,3.4333e+0,2.3340e+11,2.6936e+11
0.03229,0.28542,3.3750e+0,2.4028e+11,1.1045e+11
0.03438,0.28542,3.3250e+0,2.4343e+11,2.5931e+11
0.03646,0.28542,3.2733e+0,2.7280e+11,2.5653e+11
0.03854,0.28542,3.2224e+0,2.7903e+11,2.2129e+11
0.04063,0.28542,3.1745e+0,2.8389e+11,3.0588e+11
0.04271,0.28542,3.1254e+0,2.5685e+11,3.5541e+11
0.04479,0.28542,3.0714e+0,2.5487e+11,4.8095e+11
0.04688,0.28542,3.0046e+0,2.7590e+11,3.3860e+11
0.04896,0.28542,2.9360e+0,3.0546e+11,2.5576e+11
0.05104,0.28542,2.8722e+0,3.1132e+11,3.3430e+11
0.05312,0.28542,2.8066e+0,3.2832e+11,3.0824e+11
0.05521,0.28542,2.7425e+0,3.2829e+11,3.8937e+11
0.05729,0.28542,2.6754e+0,3.3034e+11,4.3294e+11
0.05937,0.28542,2.6043e+0,3.4080e+11,4.8636e+11
0.06146,0.28542,2.5264e+0,3.4555e+11,3.8276e+11
0.06354,0.28542,2.4492e+0,3.2500e+11,3.8561e+11
0.06563,0.28542,2.3708e+0,3.3321e+11,4.2074e+11
0.06771,0.28542,2.2890e+0,3.3550e+11,4.4350e+11
0.06979,0.28542,2.2030e+0,3.1671e+11,4.2332e+11
0.07187,0.28542,2.1128e+0,2.9869e+11,4.6395e+11
0.07396,0.28542,2.0136e+0,3.0913e+11,4.5999e+11
0.07604,0.28542,1.9056e+0,3.0178e+11,3.8262e+11
0.07813,0.28542,1.7933e+0,3.0519e+11,4.0457e+11
0.08021,0.28542,1.6753e+0,2.9905e+11,4.0270e+11
0.08229,0.28542,1.5517e+0,2.4416e+11,3.7625e+11
0.08438,0.28542,1.4212e+0,2.2111e+11,4.1878e+11
0.08646,0.28542,1.2788e+0,2.0814e+11,4.0472e+11
0.08854,0.28542,1.1243e+0,1.6643e+11,3.4739e+11
0.09062,0.28542,9.5808e-1,9.7604e+10,3.2194e+11
0.09271,0.28542,7.7622e-1,3.7515e+10,3.0433e+11
0.09479,0.28542,5.7584e-1,1.8877e+10,2.7197e+11
0.09688,0.28542,3.5850e-1,6.7905e+9,2.6216e+11
0.09896,0.28542,1.2472e-1,2.4606e+9,2.6067e+11
0.00104,0.28958,3.7502e+0,3.0607e+10,0.0000e+0
0.00313,0.28958,3.7515e+0,4.8082e+10,0.0000e+0
0.00521,0.28958,3.7548e+0,7.8295e+10,1.3300e+11
0.00729,0.28958,3.7523e+0,1.0514e+11,2.3024e+11
0.00937,0.28958,3.7427e+0,1.0785e+11,2.5632e+11
0.01146,0.28958,3.7277e+0,1.1539e+11,1.6390e+11
0.01354,0.28958,3.7143e+0,1.3389e+11,1.9156e+11
0.01563,0.28958,3.7003e+0,1.4492e+11,2.6113e+11
0.01771,0.28958,3.6813e+0,1.5335e+11,3.0912e+11
0.01979,0.28958,3.6565e+0,1.4479e+11,2.7652e+11
0.02187,0.28958,3.6272e+0,1.5587e+11,3.2235e+11
0.02396,0.28958,3.5902e+0,1.8067e+11,3.0406e+11
0.02604,0.28958,3.5501e+0,1.9519e+11,3.3298e+11
0.02813,0.28958,3.5063e+0,2.2173e+11,4.1445e+11
0.03021,0.28958,3.4555e+0,2.2913e+11,4.2780e+11
0.03229,0.28958,3.3974e+0,2.3440e+11,2.6769e+11
0.03438,0.28958,3.3426e+0,2.3772e+11,2.2542e+11
0.03646,0.28958,3.2921e+0,2.7764e+11,3.1198e+11
0.03854,0.28958,3.2429e+0,2.7895e+11,4.5740e+11
0.04063,0.28958,3.1855e+0,2.8487e+11,3.4346e+11
0.04271,0.28958,3.1278e+0,2.5774e+11,3.3381e+11
0.04479,0.28958,3.0669e+0,2.5472e+11,2.9994e+11
0.04688,0.28958,3.0042e+0,2.7400e+11,3.5816e+11
0.04896,0.28958,2.9377e+0,3.1607e+11,3.6110e+11
0.05104,0.28958,2.8710e+0,3.1160e+11,3.5162e+11
0.05312,0.28958,2.8028e+0,3.3007e+11,3.2493e+11
0.05521,0.28958,2.7357e+0,3.3056e+11,3.4575e+11
0.05729,0.28958,2.6694e+0,3.2997e+11,3.7461e+11
0.05937,0.28958,2.6031e+0,3.3910e+11,5.0699e+11
0.06146,0.28958,2.5294e+0,3.4544e+11,4.5867e+11
0.06354,0.28958,2.4526e+0,3.3391e+11,4.1210e+11
0.06563,0.28958,2.3744e+0,3.4895e+11,4.5030e+11
0.06771,0.28958,2.2925e+0,3.3270e+11,4.2385e+11
0.06979,0.28958,2.2073e+0,3.2269e+11,4.3579e+11
0.07187,0.28958,2.1167e+0,2.9657e+11,4.5872e+11
0.07396,0.28958,2.0168e+0,3.1169e+11,4.4700e+11
0.07604,0.28958,1.9098e+0,3.1367e+11,4.3245e+11
0.07813,0.28958,1.7973e+0,2.9882e+11,4.2081e+11
0.08021,0.28958,1.6793e+0,2.8951e+11,4.2865e+11
0.08229,0.28958,1.5550e+0,2.4510e+11,3.6294e+11
0.08438,0.28958,1.4262e+0,2.1739e+11,4.4896e+11
0.08646,0.28958,1.2859e+0,2.0839e+11,4.8837e+11
0.08854,0.28958,1.1315e+0,1.8057e+11,4.2352e+11
0.09062,0.28958,9.6584e-1,1.0244e+11,4.2329e+11
0.09271,0.28958,7.8267e-1,3.7888e+10,3.5930e+11
0.09479,0.28958,5.8149e-1,1.9968e+10,3.3311e+11
0.09688,0.28958,3.6249e-1,6.6431e+9,3.0091e+11
0.09896,0.28958,1.2663e-1,2.4763e+9,2.9820e+11
0.00104,0.29375,3.7801e+0,2.9252e+10,0.0000e+0
0.00313,0.29375,3.7859e+0,3.9744e+10,0.0000e+0
0.00521,0.29375,3.7996e+0,7.2312e+10,5.8993e+11
0.00729,0.29375,3.7883e+0,9.4152e+10,5.1563e+11
0.00937,0.29375,3.7629e+0,9.4531e+10,2.0497e+11
0.01146,0.29375,3.7409e+0,1.0884e+11,7.2113e+10
0.01354,0.29375,3.7267e+0,1.2361e+11,2.0700e+11
0.01563,0.29375,3.7088e+0,1.3307e+11,2.9437e+11
0.01771,0.29375,3.6817e+0,1.4475e+11,1.8942e+11
0.01979,0.29375,3.6536e+0,1.3493e+11,1.7172e+11
0.02187,0.29375,3.6232e+0,1.5094e+11,2.1386e+11
0.02396,0.29375,3.5881e+0,1.8382e+11,2.5492e+11
0.02604,0.29375,3.5494e+0,2.0066e+11,3.1301e+11
0.02813,0.29375,3.5061e+0,2.2984e+11,3.3417e+11
0.03021,0.29375,3.4594e+0,2.3282e+11,3.4332e+11
0.03229,0.29375,3.4104e+0,2.2943e+11,3.6505e+11
0.03438,0.29375,3.3598e+0,2.3019e+11,3.9491e+11
0.03646,0.29375,3.3061e+0,2.7516e+11,3.9190e+11
0.03854,0.29375,3.2515e+0,2.7263e+11,4.1218e+11
0.04063,0.29375,3.1913e+0,2.6835e+11,3.0472e+11
0.04271,0.29375,3.1309e+0,2.6234e+11,3.3234e+11
0.04479,0.29375,3.0668e+0,2.6704e+11,2.7052e+11
0.04688,0.29375,3.0036e+0,2.8471e+11,3.3406e+11
0.04896,0.29375,2.9378e+0,3.2726e+11,3.0861e+11
0.05104,0.29375,2.8745e+0,3.0393e+11,3.9276e+11
0.05312,0.29375,2.8063e+0,3.2586e+11,4.3917e+11
0.05521,0.29375,2.7312e+0,3.3255e+11,2.9966e+11
0.05729,0.29375,2.6590e+0,3.3502e+11,2.9721e+11
0.05937,0.29375,2.5892e+0,3.4145e+11,3.4122e+11
0.06146,0.29375,2.5186e+0,3.3681e+11,3.4206e+11
0.06354,0.29375,2.4478e+0,3.3435e+11,4.3084e+11
0.06563,0.29375,2.3711e+0,3.5323e+11,4.2874e+11
0.06771,0.29375,2.2908e+0,3.4304e+11,4.0959e+11
0.06979,0.29375,2.2082e+0,3.2784e+11,4.9015e+11
0.07187,0.29375,2.1175e+0,2.9447e+11,4.7412e+11
0.07396,0.29375,2.0179e+0,3.0275e+11,4.7389e+11
0.07604,0.29375,1.9102e+0,3.1215e+11,4.3522e+11
0.07813,0.29375,1.7978e+0,2.9543e+11,4.5581e+11
0.08021,0.29375,1.6774e+0,2.8823e+11,4.0339e+11
0.08229,0.29375,1.5518e+0,2.5498e+11,4.0439e+11
0.08438,0.29375,1.4181e+0,2.2526e+11,3.7356e+11
0.08646,0.29375,1.2752e+0,2.0958e+11,3.5545e+11
0.08854,0.29375,1.1228e+0,1.7230e+11,3.5316e+11
0.09062,0.29375,9.5881e-1,9.3338e+10,3.5804e+11
0.09271,0.29375,7.7746e-1,3.7235e+10,3.1311e+11
0.09479,0.29375,5.7850e-1,2.0429e+10,3.1866e+11
0.09688,0.29375,3.6108e-1,6.6941e+9,3.0475e+11
0.09896,0.29375,1.2583e-1,2.5935e+9,2.8140e+11
0.00104,0.29792,3.7730e+0,2.8746e+10,0.0000e+0
0.00313,0.29792,3.7751e+0,4.2331e+10,0.0000e+0
0.00521,0.29792,3.7797e+0,8.5997e+10,2.8870e+11
0.00729,0.29792,3.7691e+0,9.4946e+10,1.0958e+11
0.00937,0.29792,3.7562e+0,9.2703e+10,2.7317e+10
0.01146,0.29792,3.7476e+0,1.0897e+11,1.5762e+11
0.01354,0.29792,3.7372e+0,1.1974e+11,3.1089e+11
0.01563,0.29792,3.7153e+0,1.3418e+11,2.5224e+11
0.01771,0.29792,3.6855e+0,1.5406e+11,1.2051e+11
0.01979,0.29792,3.6601e+0,1.3761e+11,2.5055e+11
0.02187,0.29792,3.6309e+0,1.5712e+11,3.9125e+11
0.02396,0.29792,3.5909e+0,1.8215e+11,3.4890e+11
0.02604,0.29792,3.5451e+0,1.9987e+11,2.7471e+11
0.02813,0.29792,3.4997e+0,2.4123e+11,3.6411e+11
0.03021,0.29792,3.4511e+0,2.3745e+11,3.3870e+11
0.03229,0.29792,3.4003e+0,2.2518e+11,2.8288e+11
0.03438,0.29792,3.3498e+0,2.3140e+11,2.9184e+11
0.03646,0.29792,3.2998e+0,2.7123e+11,3.3866e+11
0.03854,0.29792,3.2507e+0,2.6435e+11,3.8494e+11
0.04063,0.29792,3.1988e+0,2.6574e+11,4.7506e+11
0.04271,0.29792,3.1392e+0,2.6036e+11,4.3187e+11
0.04479,0.29792,3.0740e+0,2.6813e+11,3.3980e+11
0.04688,0.29792,3.0094e+0,2.7787e+11,3.4873e+11
0.04896,0.29792,2.9444e+0,3.2833e+11,3.6449e+11
0.05104,0.29792,2.8808e+0,3.0524e+11,4.2243e+11
0.05312,0.29792,2.8129e+0,3.0939e+11,4.8656e+11
0.05521,0.29792,2.7363e+0,3.3482e+11,3.5554e+11
0.05729,0.29792,2.6617e+0,3.3637e+11,3.6709e+11
0.05937,0.29792,2.5879e+0,3.4736e+11,3.4059e+11
0.06146,0.29792,2.5168e+0,3.3686e+11,3.5635e+11
0.06354,0.29792,2.4459e+0,3.3388e+11,4.5066e+11
0.06563,0.29792,2.3681e+0,3.4925e+11,4.1995e+11
0.06771,0.29792,2.2874e+0,3.4362e+11,4.5504e+11
0.06979,0.29792,2.2011e+0,3.2700e+11,4.3470e+11
0.07187,0.29792,2.1087e+0,2.9641e+11,4.0378e+11
0.07396,0.29792,2.0093e+0,2.9345e+11,3.9447e+11
0.07604,0.29792,1.9031e+0,2.9957e+11,3.8946e+11
0.07813,0.29792,1.7919e+0,2.9225e+11,4.3416e+11
0.08021,0.29792,1.6728e+0,2.7644e+11,4.0738e+11
0.08229,0.29792,1.5473e+0,2.4480e+11,3.9322e+11
0.08438,0.29792,1.4139e+0,2.1138e+11,3.8683e+11
0.08646,0.29792,1.2708e+0,2.0161e+11,3.6423e+11
0.08854,0.29792,1.1185e+0,1.6573e+11,3.6585e+11
0.09062,0.29792,9.5403e-1,8.8035e+10,3.4901e+11
0.09271,0.29792,7.7310e-1,3.4469e+10,3.2470e+11
0.09479,0.29792,5.7399e-1,2.0392e+10,3.0892e+11
0.09688,0.29792,3.5683e-1,6.7233e+9,2.6964e+11
0.09896,0.29792,1.2354e-1,2.8336e+9,2.3963e+11
0.00104,0.30208,3.7578e+0,3.7158e+10,0.0000e+0
0.00313,0.30208,3.7589e+0,4.9534e+10,0.0000e+0
0.00521,0.30208,3.7617e+0,8.2990e+10,0.0000e+0
0.00729,0.30208,3.7677e+0,9.3884e+10,2.6957e+11
0.00937,0.30208,3.7625e+0,9.2159e+10,2.1853e+11
0.01146,0.30208,3.7526e+0,1.1215e+11,1.6477e+11
0.01354,0.30208,3.7440e+0,1.2089e+11,2.7972e+11
0.01563,0.30208,3.7305e+0,1.3649e+11,5.8196e+11
0.01771,0.30208,3.6945e+0,1.5604e+11,2.8770e+11
0.01979,0.30208,3.6583e+0,1.4249e+11,2.2730e+11
0.02187,0.30208,3.6214e+0,1.6115e+11,2.8587e+11
0.02396,0.30208,3.5793e+0,1.7530e+11,3.0950e+11
0.02604,0.30208,3.5302e+0,1.9659e+11,2.3352e+11
0.02813,0.30208,3.4815e+0,2.3260e+11,2.5393e+11
0.03021,0.30208,3.4339e+0,2.3707e+11,3.1724e+11
0.03229,0.30208,3.3836e+0,2.3227e+11,3.1254e+11
0.03438,0.30208,3.3309e+0,2.3207e+11,2.3490e+11
0.03646,0.30208,3.2802e+0,2.6597e+11,2.1395e+11
0.03854,0.30208,3.2344e+0,2.7343e+11,3.6196e+11
0.04063,0.30208,3.1829e+0,2.7255e+11,3.3265e+11
0.04271,0.30208,3.1280e+0,2.6060e+11,3.5740e+11
0.04479,0.30208,3.0682e+0,2.7506e+11,3.5483e+11
0.04688,0.30208,3.0061e+0,2.8595e+11,3.3259e+11
0.04896,0.30208,2.9445e+0,3.1617e+11,4.4717e+11
0.05104,0.30208,2.8787e+0,3.0144e+11,4.1488e+11
0.05312,0.30208,2.8101e+0,3.0484e+11,4.1870e+11
0.05521,0.30208,2.7379e+0,3.2930e+11,4.3686e+11
0.05729,0.30208,2.6623e+0,3.2876e+11,3.5674e+11
0.05937,0.30208,2.5887e+0,3.4801e+11,3.7108e+11
0.06146,0.30208,2.5173e+0,3.3663e+11,4.2186e+11
0.06354,0.30208,2.4446e+0,3.3528e+11,5.0484e+11
0.06563,0.30208,2.3648e+0,3.3970e+11,4.6761e+11
0.06771,0.30208,2.2818e+0,3.3109e+11,4.6473e+11
0.06979,0.30208,2.1951e+0,3.2323e+11,4.4280e+11
0.07187,0.30208,2.1053e+0,2.9764e+11,4.8271e+11
0.07396,0.30208,2.0075e+0,3.0024e+11,5.0971e+11
0.07604,0.30208,1.9000e+0,3.0236e+11,4.6406e+11
0.07813,0.30208,1.7856e+0,2.9118e+11,4.2515e+11
0.08021,0.30208,1.6652e+0,2.8098e+11,3.7742e+11
0.08229,0.30208,1.5405e+0,2.4933e+11,4.0497e+11
0.08438,0.30208,1.4077e+0,2.0943e+11,3.8079e+11
0.08646,0.30208,1.2658e+0,2.0520e+11,3.7545e+11
0.08854,0.30208,1.1151e+0,1.7110e+11,4.3145e+11
0.09062,0.30208,9.4900e-1,8.8374e+10,3.4056e+11
0.09271,0.30208,7.6741e-1,3.1051e+10,2.8517e+11
0.09479,0.30208,5.6927e-1,1.7134e+10,2.8159e+11
0.09688,0.30208,3.5392e-1,5.7372e+9,2.6620e+11
0.09896,0.30208,1.2226e-1,3.0561e+9,2.2368e+11
0.00104,0.30625,3.7454e+0,3.7681e+10,0.0000e+0
0.00313,0.30625,3.7466e+0,4.8185e+10,0.0000e+0
0.00521,0.30625,3.7496e+0,6.8052e+10,0.0000e+0
0.00729,0.30625,3.7556e+0,8.7885e+10,1.5787e+11
0.00937,0.30625,3.7549e+0,9.9489e+10,2.7199e+11
0.01146,0.30625,3.7424e+0,1.2052e+11,1.8603e+11
0.01354,0.30625,3.7274e+0,1.1725e+11,1.7242e+11
0.01563,0.30625,3.7089e+0,1.2939e+11,2.6590e+11
0.01771,0.30625,3.6804e+0,1.5246e+11,2.6732e+11
0.01979,0.30625,3.6475e+0,1.4542e+11,3.4788e+11
0.02187,0.30625,3.6083e+0,1.5053e+11,2.8489e+11
0.02396,0.30625,3.5697e+0,1.6934e+11,4.9530e+11
0.02604,0.30625,3.5181e+0,1.8588e+11,3.2481e+11
0.02813,0.30625,3.4661e+0,2.2338e+11,3.0683e+11
0.03021,0.30625,3.4155e+0,2.3769e+11,3.1092e+11
0.03229,0.30625,3.3647e+0,2.3107e+11,2.5045e+11
0.03438,0.30625,3.3158e+0,2.3036e+11,2.4558e+11
0.03646,0.30625,3.2686e+0,2.5732e+11,2.8310e+11
0.03854,0.30625,3.2236e+0,2.7029e+11,4.3208e+11
0.04063,0.30625,3.1725e+0,2.7760e+11,4.2213e+11
0.04271,0.30625,3.1170e+0,2.7680e+11,4.0761e+11
0.04479,0.30625,3.0583e+0,2.8608e+11,4.0386e+11
0.04688,0.30625,2.9971e+0,2.9513e+11,4.4132e+11
0.04896,0.30625,2.9308e+0,3.3233e+11,4.0616e+11
0.05104,0.30625,2.8633e+0,2.9737e+11,3.0800e+11
0.05312,0.30625,2.7973e+0,2.9983e+11,3.3749e+11
0.05521,0.30625,2.7300e+0,3.2110e+11,4.0943e+11
0.05729,0.30625,2.6572e+0,3.2315e+11,3.5122e+11
0.05937,0.30625,2.5831e+0,3.2976e+11,3.6636e+11
0.06146,0.30625,2.5066e+0,3.1241e+11,3.3932e+11
0.06354,0.30625,2.4280e+0,3.3433e+11,3.8815e+11
0.06563,0.30625,2.3446e+0,3.3876e+11,3.5541e+11
0.06771,0.30625,2.2594e+0,3.3177e+11,3.2086e+11
0.06979,0.30625,2.1746e+0,3.1702e+11,3.6737e+11
0.07187,0.30625,2.0864e+0,3.0238e+11,4.2803e+11
0.07396,0.30625,1.9905e+0,3.1563e+11,4.7018e+11
0.07604,0.30625,1.8854e+0,3.1500e+11,4.2546e+11
0.07813,0.30625,1.7740e+0,2.8271e+11,3.9448e+11
0.08021,0.30625,1.6569e+0,2.7441e+11,4.4759e+11
0.08229,0.30625,1.5303e+0,2.5875e+11,3.7408e+11
0.08438,0.30625,1.3978e+0,2.1336e+11,3.6169e+11
0.08646,0.30625,1.2568e+0,2.0416e+11,3.7458e+11
0.08854,0.30625,1.1059e+0,1.7186e+11,3.7207e+11
0.09062,0.30625,9.4291e-1,9.3863e+10,3.3498e+11
0.09271,0.30625,7.6512e-1,3.3524e+10,3.3660e+11
0.09479,0.30625,5.6850e-1,1.5863e+10,3.1132e+11
0.09688,0.30625,3.5368e-1,5.5495e+9,2.7050e+11
0.09896,0.30625,1.2312e-1,2.0171e+9,2.7203e+11
0.00104,0.31042,3.7350e+0,4.6621e+10,0.0000e+0
0.00313,0.31042,3.7367e+0,5.3758e+10,0.0000e+0
0.00521,0.31042,3.7403e+0,6.8376e+10,1.8457e+10
0.00729,0.31042,3.7445e+0,8.5515e+10,7.9021e+10
0.00937,0.31042,3.7465e+0,1.0016e+11,3.7174e+11
0.01146,0.31042,3.7315e+0,1.1217e+11,1.7316e+11
0.01354,0.31042,3.7179e+0,1.1218e+11,3.1771e+11
0.01563,0.31042,3.6971e+0,1.2748e+11,4.5548e+11
0.01771,0.31042,3.6620e+0,1.4678e+11,4.7583e+11
0.01979,0.31042,3.6138e+0,1.4148e+11,2.4982e+11
0.02187,0.31042,3.5657e+0,1.4595e+11,1.1760e+11
0.02396,0.31042,3.5251e+0,1.6206e+11,2.6578e+11
0.02604,0.31042,3.4803e+0,1.7462e+11,2.3754e+11
0.02813,0.31042,3.4345e+0,2.0869e+11,2.6502e+11
0.03021,0.31042,3.3884e+0,2.3685e+11,2.4673e+11
0.03229,0.31042,3.3456e+0,2.3412e+11,3.4495e+11
0.03438,0.31042,3.3003e+0,2.3903e+11,3.7439e+11
0.03646,0.31042,3.2507e+0,2.5784e+11,3.7920e+11
0.03854,0.31042,3.1967e+0,2.6218e+11,2.6497e+11
0.04063,0.31042,3.1448e+0,2.7533e+11,3.5571e+11
0.04271,0.31042,3.0891e+0,2.6636e+11,3.1092e+11
0.04479,0.31042,3.0326e+0,2.7056e+11,3.3991e+11
0.04688,0.31042,2.9738e+0,2.8694e+11,3.8073e+11
0.04896,0.31042,2.9106e+0,3.1881e+11,3.3067e+11
0.05104,0.31042,2.8492e+0,2.8122e+11,3.3083e+11
0.05312,0.31042,2.7884e+0,2.8882e+11,3.7352e+11
0.05521,0.31042,2.7271e+0,3.1637e+11,5.1820e+11
0.05729,0.31042,2.6591e+0,3.1572e+11,5.0963e+11
0.05937,0.31042,2.5863e+0,3.1723e+11,5.3949e+11
0.06146,0.31042,2.5063e+0,3.1546e+11,4.4848e+11
0.06354,0.31042,2.4241e+0,3.2471e+11,4.5610e+11
0.06563,0.31042,2.3371e+0,3.3386e+11,3.9003e+11
0.06771,0.31042,2.2492e+0,3.3639e+11,3.5076e+11
0.06979,0.31042,2.1623e+0,3.0687e+11,3.9850e+11
0.07187,0.31042,2.0697e+0,2.9229e+11,3.4083e+11
0.07396,0.31042,1.9735e+0,3.0410e+11,3.7373e+11
0.07604,0.31042,1.8726e+0,3.0286e+11,4.5524e+11
0.07813,0.31042,1.7625e+0,2.8200e+11,4.1259e+11
0.08021,0.31042,1.6453e+0,2.7527e+11,4.1640e+11
0.08229,0.31042,1.5202e+0,2.6517e+11,3.8531e+11
0.08438,0.31042,1.3887e+0,2.2724e+11,3.8511e+11
0.08646,0.31042,1.2479e+0,2.0749e+11,3.7122e+11
0.08854,0.31042,1.0974e+0,1.6269e+11,3.4092e+11
0.09062,0.31042,9.3584e-1,8.9507e+10,3.2301e+11
0.09271,0.31042,7.5971e-1,3.4425e+10,3.2140e+11
0.09479,0.31042,5.6580e-1,1.5792e+10,3.3257e+11
0.09688,0.31042,3.5235e-1,5.7586e+9,2.8462e+11
0.09896,0.31042,1.2189e-1,2.1078e+9,2.2975e+11
0.00104,0.31458,3.7252e+0,5.5059e+10,0.0000e+0
0.00313,0.31458,3.7294e+0,5.4779e+10,6.8271e+8
0.00521,0.31458,3.7374e+0,6.4234e+10,1.6102e+11
0.00729,0.31458,3.7410e+0,8.2368e+10,3.8818e+11
0.00937,0.31458,3.7269e+0,1.0077e+11,2.5387e+11
0.01146,0.31458,3.7057e+0,1.1225e+11,1.9276e+11
0.01354,0.31458,3.6838e+0,1.0811e+11,2.9118e+11
0.01563,0.31458,3.6539e+0,1.2717e+11,3.7464e+11
0.01771,0.31458,3.6125e+0,1.4761e+11,2.9654e+11
0.01979,0.31458,3.5654e+0,1.3130e+11,1.7231e+11
0.02187,0.31458,3.5190e+0,1.4662e+11,7.7971e+10
0.02396,0.31458,3.4800e+0,1.6514e+11,1.8293e+11
0.02604,0.31458,3.4409e+0,1.6841e+11,2.1019e+11
0.02813,0.31458,3.4000e+0,1.9225e+11,2.4192e+11
0.03021,0.31458,3.3574e+0,2.2231e+11,2.9752e+11
0.03229,0.31458,3.3130e+0,2.2913e+11,2.5079e+11
0.03438,0.31458,3.2707e+0,2.3570e+11,3.5091e+11
0.03646,0.31458,3.2243e+0,2.6148e+11,4.0967e+11
0.03854,0.31458,3.1721e+0,2.6185e+11,3.3536e+11
0.04063,0.31458,3.1186e+0,2.7079e+11,3.4696e+11
0.04271,0.31458,3.0611e+0,2.6710e+11,2.4708e+11
0.04479,0.31458,3.0048e+0,2.6396e+11,2.4226e+11
0.04688,0.31458,2.9497e+0,2.7308e+11,3.5056e+11
0.04896,0.31458,2.8896e+0,2.8601e+11,3.2820e+11
0.05104,0.31458,2.8272e+0,2.6395e+11,2.6952e+11
0.05312,0.31458,2.7642e+0,2.7649e+11,3.2171e+11
0.05521,0.31458,2.6977e+0,3.0531e+11,3.4066e+11
0.05729,0.31458,2.6291e+0,3.1259e+11,3.5131e+11
0.05937,0.31458,2.5591e+0,3.1623e+11,4.0235e+11
0.06146,0.31458,2.4843e+0,3.2061e+11,3.6079e+11
0.06354,0.31458,2.4094e+0,3.1470e+11,4.7494e+11
0.06563,0.31458,2.3267e+0,3.2441e+11,4.3649e+11
0.06771,0.31458,2.2410e+0,3.2636e+11,3.9967e+11
0.06979,0.31458,2.1547e+0,3.1461e+11,4.6010e+11
0.07187,0.31458,2.0626e+0,2.9444e+11,4.3574e+11
0.07396,0.31458,1.9651e+0,2.9297e+11,4.5521e+11
0.07604,0.31458,1.8599e+0,2.9581e+11,4.0348e+11
0.07813,0.31458,1.7505e+0,2.8466e+11,4.3334e+11
0.08021,0.31458,1.6337e+0,2.7428e+11,3.9961e+11
0.08229,0.31458,1.5108e+0,2.4531e+11,3.9129e+11
0.08438,0.31458,1.3806e+0,2.3547e+11,4.2229e+11
0.08646,0.31458,1.2404e+0,2.1448e+11,3.8152e+11
0.08854,0.31458,1.0916e+0,1.6513e+11,3.9884e+11
0.09062,0.31458,9.2931e-1,8.4494e+10,3.2748e+11
0.09271,0.31458,7.5190e-1,3.1554e+10,2.6475e+11
0.09479,0.31458,5.5966e-1,1.3633e+10,2.8449e+11
0.09688,0.31458,3.5051e-1,4.3281e+9,3.1848e+11
0.09896,0.31458,1.2245e-1,1.7110e+9,2.8960e+11
0.00104,0.31875,3.6993e+0,5.2814e+10,0.0000e+0
0.00313,0.31875,3.7071e+0,5.7087e+10,1.8150e+11
0.00521,0.31875,3.7132e+0,6.9534e+10,1.9580e+11
0.00729,0.31875,3.7179e+0,8.4613e+10,4.6550e+11
0.00937,0.31875,3.7030e+0,9.7622e+10,4.5539e+11
0.01146,0.31875,3.6729e+0,1.0829e+11,3.1642e+11
0.01354,0.31875,3.6402e+0,1.0868e+11,3.6182e+11
0.01563,0.31875,3.5982e+0,1.2640e+11,1.6112e+11
0.01771,0.31875,3.5598e+0,1.3683e+11,2.0535e+11
0.01979,0.31875,3.5212e+0,1.2313e+11,2.3140e+11
0.02187,0.31875,3.4804e+0,1.4999e+11,1.7279e+11
0.02396,0.31875,3.4437e+0,1.7003e+11,2.3244e+11
0.02604,0.31875,3.4082e+0,1.7925e+11,3.2987e+11
0.02813,0.31875,3.3688e+0,1.9346e+11,3.8177e+11
0.03021,0.31875,3.3222e+0,2.0920e+11,2.6242e+11
0.03229,0.31875,3.2762e+0,2.2071e+11,2.3131e+11
0.03438,0.31875,3.2321e+0,2.2926e+11,2.8910e+11
0.03646,0.31875,3.1857e+0,2.5163e+11,2.4343e+11
0.03854,0.31875,3.1409e+0,2.4261e+11,2.6605e+11
0.04063,0.31875,3.0960e+0,2.6125e+11,3.7847e+11
0.04271,0.31875,3.0454e+0,2.6119e+11,4.2225e+11
0.04479,0.31875,2.9891e+0,2.5177e+11,3.6304e+11
0.04688,0.31875,2.9319e+0,2.7238e+11,3.6759e+11
0.04896,0.31875,2.8750e+0,2.8811e+11,4.1586e+11
0.05104,0.31875,2.8165e+0,2.6026e+11,4.9055e+11
0.05312,0.31875,2.7497e+0,2.7233e+11,4.7105e+11
0.05521,0.31875,2.6760e+0,2.9930e+11,3.6710e+11
0.05729,0.31875,2.6026e+0,3.1276e+11,2.9079e+11
0.05937,0.31875,2.5341e+0,3.0069e+11,3.9808e+11
0.06146,0.31875,2.4607e+0,3.0522e+11,3.5172e+11
0.06354,0.31875,2.3854e+0,3.0960e+11,4.0639e+11
0.06563,0.31875,2.3041e+0,3.2389e+11,3.5254e+11
0.06771,0.31875,2.2225e+0,3.1552e+11,4.3091e+11
0.06979,0.31875,2.1352e+0,3.1710e+11,3.9582e+11
0.07187,0.31875,2.0444e+0,2.8176e+11,3.9931e+11
0.07396,0.31875,1.9473e+0,2.8570e+11,4.2702e+11
0.07604,0.31875,1.8421e+0,2.8693e+11,3.6826e+11
0.07813,0.31875,1.7334e+0,2.7268e+11,3.8026e+11
0.08021,0.31875,1.6196e+0,2.6147e+11,4.2526e+11
0.08229,0.31875,1.4977e+0,2.2969e+11,3.9757e+11
0.08438,0.31875,1.3673e+0,2.2997e+11,3.8718e+11
0.08646,0.31875,1.2287e+0,2.1094e+11,3.6955e+11
0.08854,0.31875,1.0812e+0,1.7511e+11,3.6389e+11
0.09062,0.31875,9.2247e-1,8.8819e+10,3.5673e+11
0.09271,0.31875,7.4675e-1,3.3161e+10,3.0565e+11
0.09479,0.31875,5.5369e-1,1.3066e+10,2.6809e+11
0.09688,0.31875,3.4448e-1,3.5308e+9,2.5166e+11
0.09896,0.31875,1.1979e-1,1.0444e+9,2.4994e+11
0.00104,0.32292,3.6278e+0,5.1296e+10,0.0000e+0
0.00313,0.32292,3.6339e+0,4.9393e+10,6.5465e+9
0.00521,0.32292,3.6460e+0,6.0536e+10,1.3222e+11
0.00729,0.32292,3.6595e+0,8.3245e+10,6.1263e+11
0.00937,0.32292,3.6477e+0,9.3245e+10,7.0256e+11
0.01146,0.32292,3.6084e+0,1.0924e+11,1.8643e+11
0.01354,0.32292,3.5765e+0,1.0524e+11,2.6213e+11
0.01563,0.32292,3.5394e+0,1.2594e+11,1.5222e+11
0.01771,0.32292,3.5041e+0,1.3728e+11,1.7661e+11
0.01979,0.32292,3.4683e+0,1.2555e+11,1.4720e+11
0.02187,0.32292,3.4331e+0,1.4236e+11,2.0910e+11
0.02396,0.32292,3.3953e+0,1.7461e+11,2.0479e+11
0.02604,0.32292,3.3562e+0,1.8485e+11,1.2935e+11
0.02813,0.32292,3.3197e+0,1.9428e+11,2.2397e+11
0.03021,0.32292,3.2809e+0,2.1550e+11,2.8326e+11
0.03229,0.32292,3.2398e+0,2.2349e+11,3.2151e+11
0.03438,0.32292,3.1954e+0,2.3043e+11,2.5409e+11
0.03646,0.32292,3.1534e+0,2.4954e+11,2.9802e+11
0.03854,0.32292,3.1125e+0,2.3947e+11,3.4026e+11
0.04063,0.32292,3.0692e+0,2.5402e+11,5.1180e+11
0.04271,0.32292,3.0127e+0,2.6010e+11,3.6554e+11
0.04479,0.32292,2.9524e+0,2.4896e+11,2.5372e+11
0.04688,0.32292,2.8936e+0,2.7116e+11,2.7818e+11
0.04896,0.32292,2.8361e+0,2.8747e+11,3.4995e+11
0.05104,0.32292,2.7768e+0,2.6484e+11,3.8322e+11
0.05312,0.32292,2.7113e+0,2.7722e+11,3.6261e+11
0.05521,0.32292,2.6425e+0,3.0557e+11,3.6815e+11
0.05729,0.32292,2.5738e+0,3.0825e+11,3.4323e+11
0.05937,0.32292,2.5085e+0,2.9216e+11,4.2419e+11
0.06146,0.32292,2.4399e+0,3.1118e+11,4.9715e+11
0.06354,0.32292,2.3649e+0,3.1173e+11,4.7382e+11
0.06563,0.32292,2.2843e+0,3.2779e+11,4.2597e+11
0.06771,0.32292,2.2009e+0,3.1276e+11,3.8824e+11
0.06979,0.32292,2.1155e+0,3.0865e+11,4.2987e+11
0.07187,0.32292,2.0254e+0,2.8743e+11,4.3570e+11
0.07396,0.32292,1.9289e+0,2.9342e+11,4.4416e+11
0.07604,0.32292,1.8248e+0,2.8193e+11,4.0055e+11
0.07813,0.32292,1.7144e+0,2.6033e+11,3.4473e+11
0.08021,0.32292,1.5991e+0,2.5133e+11,3.3768e+11
0.08229,0.32292,1.4783e+0,2.3851e+11,3.5085e+11
0.08438,0.32292,1.3509e+0,2.2646e+11,3.5398e+11
0.08646,0.32292,1.2162e+0,2.0970e+11,3.9633e+11
0.08854,0.32292,1.0708e+0,1.7336e+11,3.5746e+11
0.09062,0.32292,9.1484e-1,8.8852e+10,3.5824e+11
0.09271,0.32292,7.4196e-1,3.3621e+10,3.3422e+11
0.09479,0.32292,5.4989e-1,1.2514e+10,2.7944e+11
0.09688,0.32292,3.4107e-1,3.5469e+9,2.3592e+11
0.09896,0.32292,1.1809e-1,1.0940e+9,2.2767e+11
0.00104,0.32708,3.5236e+0,4.0946e+10,0.0000e+0
0.00313,0.32708,3.5257e+0,4.5392e+10,0.0000e+0
0.00521,0.32708,3.5299e+0,6.0798e+10,8.2652e+9
0.00729,0.32708,3.5355e+0,8.6570e+10,1.6034e+11
0.00937,0.32708,3.5331e+0,9.0845e+10,2.9872e+11
0.01146,0.32708,3.5165e+0,1.1007e+11,9.7074e+10
0.01354,0.32708,3.5053e+0,1.0403e+11,3.2230e+11
0.01563,0.32708,3.4842e+0,1.1906e+11,3.3488e+11
0.01771,0.32708,3.4550e+0,1.2982e+11,2.9438e+11
0.01979,0.32708,3.4210e+0,1.1494e+11,1.5385e+11
0.02187,0.32708,3.3891e+0,1.3404e+11,1.9465e+11
0.02396,0.32708,3.3563e+0,1.7609e+11,2.2739e+11
0.02604,0.32708,3.3231e+0,1.7592e+11,3.2594e+11
0.02813,0.32708,3.2817e+0,1.9234e+11,2.4173e+11
0.03021,0.32708,3.2388e+0,2.2236e+11,2.4803e+11
0.03229,0.32708,3.1967e+0,2.2104e+11,2.8066e+11
0.03438,0.32708,3.1525e+0,2.2059e+11,2.1511e+11
0.03646,0.32708,3.1108e+0,2.3707e+11,2.3853e+11
0.03854,0.32708,3.0709e+0,2.2715e+11,3.4257e+11
0.04063,0.32708,3.0246e+0,2.5368e+11,3.5740e+11
0.04271,0.32708,2.9732e+0,2.5904e+11,3.4709e+11
0.04479,0.32708,2.9192e+0,2.5289e+11,3.9443e+11
0.04688,0.32708,2.8579e+0,2.6145e+11,3.0917e+11
0.04896,0.32708,2.7948e+0,2.6574e+11,2.3126e+11
0.05104,0.32708,2.7353e+0,2.6240e+11,3.8252e+11
0.05312,0.32708,2.6695e+0,2.7516e+11,3.6669e+11
0.05521,0.32708,2.5997e+0,3.0905e+11,3.4237e+11
0.05729,0.32708,2.5303e+0,3.0757e+11,3.0684e+11
0.05937,0.32708,2.4637e+0,2.8725e+11,3.2129e+11
0.06146,0.32708,2.3962e+0,2.9257e+11,3.5126e+11
0.06354,0.32708,2.3260e+0,3.0659e+11,3.5059e+11
0.06563,0.32708,2.2552e+0,3.1968e+11,5.2888e+11
0.06771,0.32708,2.1741e+0,3.0168e+11,4.5589e+11
0.06979,0.32708,2.0869e+0,2.8982e+11,3.9363e+11
0.07187,0.32708,1.9967e+0,2.6958e+11,3.6135e+11
0.07396,0.32708,1.9044e+0,2.7558e+11,4.2575e+11
0.07604,0.32708,1.8071e+0,2.7609e+11,5.0557e+11
0.07813,0.32708,1.7010e+0,2.6234e+11,5.0973e+11
0.08021,0.32708,1.5852e+0,2.4269e+11,4.2989e+11
0.08229,0.32708,1.4631e+0,2.2648e+11,3.6727e+11
0.08438,0.32708,1.3361e+0,2.0886e+11,3.6348e+11
0.08646,0.32708,1.2015e+0,1.9694e+11,3.4394e+11
0.08854,0.32708,1.0591e+0,1.5989e+11,3.5689e+11
0.09062,0.32708,9.0536e-1,8.5578e+10,3.4609e+11
0.09271,0.32708,7.3589e-1,3.0815e+10,3.5415e+11
0.09479,0.32708,5.4687e-1,1.1801e+10,3.1914e+11
0.09688,0.32708,3.3991e-1,3.1140e+9,2.7397e+11
0.09896,0.32708,1.1728e-1,7.7778e+8,2.1363e+11
0.00104,0.33125,3.4147e+0,4.1676e+10,0.0000e+0
0.00313,0.33125,3.4154e+0,4.4274e+10,0.0000e+0
0.00521,0.33125,3.4168e+0,5.7720e+10,1.3840e+9
0.00729,0.33125,3.4187e+0,7.7927e+10,3.8648e+10
0.00937,0.33125,3.4186e+0,8.6196e+10,3.2408e+10
0.01146,0.33125,3.4170e+0,1.0718e+11,6.9083e+10
0.01354,0.33125,3.4153e+0,1.0337e+11,1.8575e+11
0.01563,0.33125,3.4066e+0,1.1563e+11,2.5466e+11
0.01771,0.33125,3.3888e+0,1.2746e+11,1.9988e+11
0.01979,0.33125,3.3668e+0,1.1313e+11,1.8736e+11
0.02187,0.33125,3.3415e+0,1.3213e+11,1.8923e+11
0.02396,0.33125,3.3150e+0,1.6893e+11,2.6299e+11
0.02604,0.33125,3.2872e+0,1.6698e+11,4.5188e+11
0.02813,0.33125,3.2466e+0,1.7959e+11,4.2277e+11
0.03021,0.33125,3.1973e+0,2.1145e+11,2.4679e+11
0.03229,0.33125,3.1540e+0,2.1778e+11,3.1710e+11
0.03438,0.33125,3.1116e+0,2.0996e+11,2.8585e+11
0.03646,0.33125,3.0704e+0,2.1427e+11,3.3250e+11
0.03854,0.33125,3.0274e+0,2.1222e+11,3.9902e+11
0.04063,0.33125,2.9781e+0,2.4881e+11,3.7887e+11
0.04271,0.33125,2.9268e+0,2.4973e+11,2.6916e+11
0.04479,0.33125,2.8814e+0,2.4622e+11,5.0560e+11
0.04688,0.33125,2.8259e+0,2.4678e+11,5.1151e+11
0.04896,0.33125,2.7598e+0,2.6072e+11,3.7963e+11
0.05104,0.33125,2.6919e+0,2.6306e+11,2.9205e+11
0.05312,0.33125,2.6255e+0,2.7373e+11,3.7341e+11
0.05521,0.33125,2.5550e+0,3.0110e+11,3.1834e+11
0.05729,0.33125,2.4861e+0,3.0670e+11,2.9588e+11
0.05937,0.33125,2.4208e+0,2.7476e+11,3.3132e+11
0.06146,0.33125,2.3546e+0,2.7268e+11,3.6546e+11
0.06354,0.33125,2.2849e+0,2.9570e+11,3.8499e+11
0.06563,0.33125,2.2115e+0,3.0886e+11,3.8962e+11
0.06771,0.33125,2.1333e+0,2.8081e+11,3.8056e+11
0.06979,0.33125,2.0484e+0,2.6724e+11,3.5703e+11
0.07187,0.33125,1.9581e+0,2.5819e+11,3.3292e+11
0.07396,0.33125,1.8639e+0,2.7406e+11,3.7997e+11
0.07604,0.33125,1.7634e+0,2.7354e+11,3.3846e+11
0.07813,0.33125,1.6600e+0,2.5434e+11,3.8189e+11
0.08021,0.33125,1.5504e+0,2.3417e+11,3.5453e+11
0.08229,0.33125,1.4362e+0,2.1533e+11,3.7748e+11
0.08438,0.33125,1.3158e+0,2.0801e+11,4.2695e+11
0.08646,0.33125,1.1851e+0,1.9312e+11,3.9477e+11
0.08854,0.33125,1.0451e+0,1.5472e+11,3.9704e+11
0.09062,0.33125,8.9173e-1,7.8507e+10,3.4114e+11
0.09271,0.33125,7.2250e-1,2.6595e+10,2.9334e+11
0.09479,0.33125,5.3652e-1,1.1091e+10,2.6733e+11
0.09688,0.33125,3.3476e-1,3.2711e+9,2.7914e+11
0.09896,0.33125,1.1662e-1,8.0405e+8,2.6347e+11
0.00104,0.33542,3.3128e+0,3.5368e+10,0.0000e+0
0.00313,0.33542,3.3138e+0,4.5005e+10,0.0000e+0
0.00521,0.33542,3.3164e+0,6.2790e+10,3.4988e+8
0.00729,0.33542,3.3219e+0,7.4092e+10,6.2647e+10
0.00937,0.33542,3.3272e+0,8.5794e+10,1.1865e+11
0.01146,0.33542,3.3308e+0,9.5285e+10,1.7087e+11
0.01354,0.33542,3.3309e+0,9.9227e+10,1.6337e+11
0.01563,0.33542,3.3285e+0,1.1372e+11,1.6555e+11
0.01771,0.33542,3.3261e+0,1.2156e+11,3.7493e+11
0.01979,0.33542,3.3129e+0,1.1112e+11,3.8047e+11
0.02187,0.33542,3.2903e+0,1.2576e+11,3.9875e+11
0.02396,0.33542,3.2588e+0,1.6247e+11,3.3038e+11
0.02604,0.33542,3.2239e+0,1.5950e+11,3.2933e+11
0.02813,0.33542,3.1832e+0,1.7583e+11,3.7706e+11
0.03021,0.33542,3.1333e+0,2.1248e+11,1.9962e+11
0.03229,0.33542,3.0882e+0,2.0632e+11,1.3151e+11
0.03438,0.33542,3.0517e+0,2.0617e+11,3.3686e+11
0.03646,0.33542,3.0100e+0,2.0856e+11,3.7552e+11
0.03854,0.33542,2.9599e+0,2.0465e+11,2.4342e+11
0.04063,0.33542,2.9097e+0,2.4413e+11,2.7390e+11
0.04271,0.33542,2.8597e+0,2.3847e+11,2.4305e+11
0.04479,0.33542,2.8122e+0,2.3715e+11,2.7221e+11
0.04688,0.33542,2.7637e+0,2.5118e+11,4.0979e+11
0.04896,0.33542,2.7063e+0,2.5975e+11,4.0094e+11
0.05104,0.33542,2.6440e+0,2.6481e+11,4.0000e+11
0.05312,0.33542,2.5776e+0,2.7294e+11,3.6315e+11
0.05521,0.33542,2.5091e+0,2.8583e+11,3.3491e+11
0.05729,0.33542,2.4407e+0,2.8507e+11,2.9832e+11
0.05937,0.33542,2.3735e+0,2.6187e+11,2.7322e+11
0.06146,0.33542,2.3066e+0,2.6917e+11,2.8375e+11
0.06354,0.33542,2.2398e+0,2.9623e+11,3.6240e+11
0.06563,0.33542,2.1709e+0,3.2010e+11,4.2766e+11
0.06771,0.33542,2.0984e+0,2.8961e+11,5.1973e+11
0.06979,0.33542,2.0137e+0,2.7534e+11,4.1931e+11
0.07187,0.33542,1.9223e+0,2.4998e+11,3.5260e+11
0.07396,0.33542,1.8261e+0,2.6524e+11,4.0365e+11
0.07604,0.33542,1.7217e+0,2.6934e+11,2.9605e+11
0.07813,0.33542,1.6158e+0,2.4505e+11,2.7447e+11
0.08021,0.33542,1.5071e+0,2.2532e+11,2.5690e+11
0.08229,0.33542,1.3957e+0,2.1885e+11,2.9173e+11
0.08438,0.33542,1.2797e+0,2.0567e+11,3.3678e+11
0.08646,0.33542,1.1558e+0,1.8579e+11,3.6570e+11
0.08854,0.33542,1.0222e+0,1.4222e+11,4.1148e+11
0.09062,0.33542,8.7387e-1,7.4585e+10,3.8329e+11
0.09271,0.33542,7.0832e-1,2.4826e+10,3.2532e+11
0.09479,0.33542,5.2577e-1,1.0201e+10,3.0016e+11
0.09688,0.33542,3.2658e-1,3.2912e+9,2.5652e+11
0.09896,0.33542,1.1278e-1,1.0916e+9,2.0927e+11
0.00104,0.33958,3.2142e+0,2.5791e+10,0.0000e+0
0.00313,0.33958,3.2151e+0,3.6086e+10,0.0000e+0
0.00521,0.33958,3.2176e+0,5.2672e+10,3.0400e+8
0.00729,0.33958,3.2227e+0,7.1169e+10,3.7644e+10
0.00937,0.33958,3.2288e+0,7.9404e+10,7.4917e+10
0.01146,0.33958,3.2338e+0,8.7362e+10,9.8318e+10
0.01354,0.33958,3.2369e+0,9.4810e+10,1.4795e+11
0.01563,0.33958,3.2355e+0,1.0672e+11,1.3929e+11
0.01771,0.33958,3.2307e+0,1.1194e+11,2.0806e+11
0.01979,0.33958,3.2192e+0,1.0880e+11,2.5298e+11
0.02187,0.33958,3.1993e+0,1.2245e+11,2.2484e+11
0.02396,0.33958,3.1747e+0,1.5564e+11,3.0617e+11
0.02604,0.33958,3.1426e+0,1.6089e+11,2.5658e+11
0.02813,0.33958,3.1071e+0,1.6677e+11,2.8152e+11
0.03021,0.33958,3.0673e+0,1.9941e+11,3.5479e+11
0.03229,0.33958,3.0218e+0,1.9194e+11,1.9912e+11
0.03438,0.33958,2.9810e+0,2.0179e+11,2.3329e+11
0.03646,0.33958,2.9415e+0,2.0655e+11,3.8705e+11
0.03854,0.33958,2.8914e+0,2.0136e+11,2.3990e+11
0.04063,0.33958,2.8408e+0,2.3445e+11,2.4183e+11
0.04271,0.33958,2.7913e+0,2.3357e+11,2.1450e+11
0.04479,0.33958,2.7450e+0,2.3217e+11,2.9456e+11
0.04688,0.33958,2.6962e+0,2.4688e+11,3.8312e+11
0.04896,0.33958,2.6385e+0,2.5746e+11,2.8126e+11
0.05104,0.33958,2.5806e+0,2.5242e+11,3.2845e+11
0.05312,0.33958,2.5200e+0,2.6144e+11,3.4725e+11
0.05521,0.33958,2.4580e+0,2.7495e+11,3.6052e+11
0.05729,0.33958,2.3958e+0,2.8109e+11,4.1092e+11
0.05937,0.33958,2.3308e+0,2.6314e+11,3.8889e+11
0.06146,0.33958,2.2624e+0,2.6857e+11,3.5784e+11
0.06354,0.33958,2.1916e+0,2.8111e+11,3.3496e+11
0.06563,0.33958,2.1200e+0,3.0145e+11,3.2181e+11
0.06771,0.33958,2.0491e+0,2.8201e+11,4.0033e+11
0.06979,0.33958,1.9714e+0,2.6626e+11,4.3469e+11
0.07187,0.33958,1.8843e+0,2.4166e+11,4.0935e+11
0.07396,0.33958,1.7889e+0,2.4687e+11,3.7226e+11
0.07604,0.33958,1.6888e+0,2.5091e+11,3.6581e+11
0.07813,0.33958,1.5853e+0,2.4597e+11,3.8358e+11
0.08021,0.33958,1.4762e+0,2.2412e+11,3.3778e+11
0.08229,0.33958,1.3625e+0,2.2338e+11,3.0328e+11
0.08438,0.33958,1.2459e+0,1.8733e+11,3.3667e+11
0.08646,0.33958,1.1208e+0,1.6725e+11,3.0035e+11
0.08854,0.33958,9.8701e-1,1.3927e+11,2.9535e+11
0.09062,0.33958,8.4237e-1,7.2484e+10,2.7707e+11
0.09271,0.33958,6.8337e-1,2.4432e+10,2.7679e+11
0.09479,0.33958,5.0731e-1,9.8217e+9,2.6437e+11
0.09688,0.33958,3.1502e-1,3.1049e+9,2.2879e+11
0.09896,0.33958,1.0914e-1,1.2761e+9,2.1547e+11
0.00104,0.34375,3.1164e+0,2.1489e+10,0.0000e+0
0.00313,0.34375,3.1168e+0,3.1700e+10,0.0000e+0
0.00521,0.34375,3.1190e+0,4.9231e+10,0.0000e+0
0.00729,0.34375,3.1240e+0,6.5908e+10,3.0135e+10
0.00937,0.34375,3.1308e+0,7.2599e+10,5.9085e+10
0.01146,0.34375,3.1377e+0,8.9808e+10,1.0296e+11
0.01354,0.34375,3.1440e+0,1.0030e+11,1.5277e+11
0.01563,0.34375,3.1477e+0,1.0610e+11,3.6259e+11
0.01771,0.34375,3.1358e+0,1.1342e+11,2.0345e+11
0.01979,0.34375,3.1201e+0,1.0330e+11,1.3962e+11
0.02187,0.34375,3.1040e+0,1.1656e+11,2.2681e+11
0.02396,0.34375,3.0830e+0,1.4641e+11,2.8013e+11
0.02604,0.34375,3.0553e+0,1.5613e+11,2.7224e+11
0.02813,0.34375,3.0234e+0,1.6402e+11,2.9879e+11
0.03021,0.34375,2.9874e+0,1.8649e+11,3.6265e+11
0.03229,0.34375,2.9455e+0,1.8656e+11,2.6992e+11
0.03438,0.34375,2.9047e+0,1.9419e+11,2.0707e+11
0.03646,0.34375,2.8685e+0,1.9744e+11,3.7699e+11
0.03854,0.34375,2.8243e+0,1.9804e+11,3.4587e+11
0.04063,0.34375,2.7755e+0,2.3000e+11,3.2861e+11
0.04271,0.34375,2.7254e+0,2.3757e+11,2.9367e+11
0.04479,0.34375,2.6767e+0,2.2411e+11,2.5197e+11
0.04688,0.34375,2.6311e+0,2.2512e+11,4.6989e+11
0.04896,0.34375,2.5742e+0,2.4065e+11,3.9128e+11
0.05104,0.34375,2.5135e+0,2.3791e+11,3.3992e+11
0.05312,0.34375,2.4508e+0,2.5178e+11,2.8427e+11
0.05521,0.34375,2.3899e+0,2.6808e+11,2.7868e+11
0.05729,0.34375,2.3311e+0,2.6967e+11,3.1638e+11
0.05937,0.34375,2.2715e+0,2.5484e+11,3.3223e+11
0.06146,0.34375,2.2089e+0,2.4959e+11,3.9332e+11
0.06354,0.34375,2.1393e+0,2.6118e+11,3.3254e+11
0.06563,0.34375,2.0690e+0,2.9059e+11,3.5613e+11
0.06771,0.34375,1.9992e+0,2.7088e+11,4.3262e+11
0.06979,0.34375,1.9233e+0,2.4789e+11,4.6419e+11
0.07187,0.34375,1.8375e+0,2.2806e+11,4.2700e+11
0.07396,0.34375,1.7424e+0,2.3546e+11,3.3956e+11
0.07604,0.34375,1.6446e+0,2.4339e+11,3.2911e+11
0.07813,0.34375,1.5454e+0,2.3640e+11,3.9987e+11
0.08021,0.34375,1.4393e+0,2.1622e+11,3.6388e+11
0.08229,0.34375,1.3272e+0,2.0554e+11,3.0560e+11
0.08438,0.34375,1.2118e+0,1.8750e+11,3.0631e+11
0.08646,0.34375,1.0907e+0,1.7059e+11,3.4967e+11
0.08854,0.34375,9.5945e-1,1.3333e+11,3.0279e+11
0.09062,0.34375,8.1802e-1,7.0962e+10,2.8460e+11
0.09271,0.34375,6.6240e-1,2.4582e+10,2.7172e+11
0.09479,0.34375,4.8998e-1,9.4837e+9,2.1110e+11
0.09688,0.34375,3.0410e-1,3.3098e+9,1.9948e+11
0.09896,0.34375,1.0560e-1,9.1890e+8,2.1347e+11
0.00104,0.34792,3.0221e+0,2.1970e+10,1.1361e+11
0.00313,0.34792,3.0182e+0,3.6083e+10,8.2332e+9
0.00521,0.34792,3.0183e+0,5.1250e+10,5.8681e+8
0.00729,0.34792,3.0229e+0,6.2620e+10,4.9683e+10
0.00937,0.34792,3.0305e+0,7.3024e+10,1.5868e+11
0.01146,0.34792,3.0351e+0,8.8863e+10,1.0288e+11
0.01354,0.34792,3.0419e+0,9.9929e+10,2.1074e+11
0.01563,0.34792,3.0438e+0,1.0794e+11,3.1612e+11
0.01771,0.34792,3.0343e+0,1.1343e+11,2.7887e+11
0.01979,0.34792,3.0179e+0,1.0467e+11,1.8403e+11
0.02187,0.34792,3.0009e+0,1.1782e+11,1.9012e+11
0.02396,0.34792,2.9844e+0,1.4707e+11,3.7556e+11
0.02604,0.34792,2.9580e+0,1.5608e+11,3.5731e+11
0.02813,0.34792,2.9240e+0,1.6677e+11,3.1636e+11
0.03021,0.34792,2.8859e+0,1.8634e+11,2.1844e+11
0.03229,0.34792,2.8500e+0,1.8008e+11,2.1280e+11
0.03438,0.34792,2.8148e+0,1.8971e+11,2.1859e+11
0.03646,0.34792,2.7803e+0,1.9432e+11,3.2145e+11
0.03854,0.34792,2.7393e+0,2.0030e+11,3.0878e+11
0.04063,0.34792,2.6941e+0,2.2077e+11,3.1843e+11
0.04271,0.34792,2.6463e+0,2.2943e+11,3.2662e+11
0.04479,0.34792,2.5956e+0,2.1492e+11,2.7783e+11
0.04688,0.34792,2.5437e+0,2.1968e+11,3.0245e+11
0.04896,0.34792,2.4880e+0,2.3092e+11,2.7093e+11
0.05104,0.34792,2.4320e+0,2.3722e+11,3.1300e+11
0.05312,0.34792,2.3744e+0,2.3955e+11,2.6604e+11
0.05521,0.34792,2.3188e+0,2.5831e+11,3.0856e+11
0.05729,0.34792,2.2632e+0,2.6518e+11,3.0740e+11
0.05937,0.34792,2.2088e+0,2.4930e+11,4.2055e+11
0.06146,0.34792,2.1469e+0,2.5308e+11,4.2724e+11
0.06354,0.34792,2.0768e+0,2.4685e+11,3.2862e+11
0.06563,0.34792,2.0046e+0,2.5046e+11,3.0576e+11
0.06771,0.34792,1.9316e+0,2.4152e+11,3.1990e+11
0.06979,0.34792,1.8566e+0,2.4581e+11,3.9520e+11
0.07187,0.34792,1.7758e+0,2.2104e+11,4.3459e+11
0.07396,0.34792,1.6852e+0,2.2837e+11,3.7182e+11
0.07604,0.34792,1.5895e+0,2.3469e+11,3.1359e+11
0.07813,0.34792,1.4925e+0,2.2915e+11,3.3979e+11
0.08021,0.34792,1.3914e+0,2.0845e+11,3.3737e+11
0.08229,0.34792,1.2853e+0,1.8879e+11,3.1984e+11
0.08438,0.34792,1.1747e+0,1.8253e+11,3.4297e+11
0.08646,0.34792,1.0571e+0,1.6630e+11,3.3105e+11
0.08854,0.34792,9.3223e-1,1.2422e+11,3.3322e+11
0.09062,0.34792,7.9699e-1,6.3171e+10,3.5044e+11
0.09271,0.34792,6.4574e-1,2.3361e+10,3.0268e+11
0.09479,0.34792,4.7895e-1,8.6925e+9,2.5952e+11
0.09688,0.34792,2.9849e-1,2.9820e+9,2.5951e+11
0.09896,0.34792,1.0341e-1,9.3434e+8,2.0752e+11
0.00104,0.35208,2.9299e+0,1.7415e+10,5.1928e+11
0.00313,0.35208,2.9180e+0,3.3692e+10,1.6996e+11
0.00521,0.35208,2.9113e+0,4.6634e+10,1.1943e+11
0.00729,0.35208,2.9072e+0,6.3897e+10,3.9737e+10
0.00937,0.35208,2.9095e+0,7.2498e+10,5.7193e+10
0.01146,0.35208,2.9150e+0,8.8902e+10,8.3790e+10
0.01354,0.35208,2.9226e+0,8.8169e+10,2.3347e+11
0.01563,0.35208,2.9218e+0,1.0304e+11,2.5081e+11
0.01771,0.35208,2.9142e+0,1.0793e+11,2.5389e+11
0.01979,0.35208,2.9006e+0,1.0430e+11,2.9918e+11
0.02187,0.35208,2.8794e+0,1.1356e+11,1.5070e+11
0.02396,0.35208,2.8608e+0,1.3287e+11,2.6922e+11
0.02604,0.35208,2.8374e+0,1.3419e+11,3.3840e+11
0.02813,0.35208,2.8050e+0,1.4604e+11,1.6937e+11
0.03021,0.35208,2.7759e+0,1.7199e+11,1.7588e+11
0.03229,0.35208,2.7506e+0,1.7638e+11,2.8966e+11
0.03438,0.35208,2.7215e+0,1.8069e+11,3.2584e+11
0.03646,0.35208,2.6868e+0,1.8893e+11,3.2363e+11
0.03854,0.35208,2.6462e+0,1.9325e+11,2.8918e+11
0.04063,0.35208,2.6022e+0,2.1191e+11,2.6235e+11
0.04271,0.35208,2.5578e+0,2.1927e+11,3.1445e+11
0.04479,0.35208,2.5093e+0,2.0588e+11,3.2496e+11
0.04688,0.35208,2.4552e+0,2.1184e+11,2.7155e+11
0.04896,0.35208,2.3994e+0,2.1568e+11,2.7004e+11
0.05104,0.35208,2.3427e+0,2.2926e+11,2.0616e+11
0.05312,0.35208,2.2907e+0,2.2079e+11,2.6007e+11
0.05521,0.35208,2.2400e+0,2.4520e+11,3.6958e+11
0.05729,0.35208,2.1853e+0,2.4950e+11,3.1897e+11
0.05937,0.35208,2.1308e+0,2.4403e+11,3.8356e+11
0.06146,0.35208,2.0715e+0,2.4631e+11,4.1185e+11
0.06354,0.35208,2.0064e+0,2.3270e+11,4.1648e+11
0.06563,0.35208,1.9352e+0,2.2763e+11,4.2856e+11
0.06771,0.35208,1.8561e+0,2.3389e+11,3.1063e+11
0.06979,0.35208,1.7759e+0,2.3588e+11,2.7486e+11
0.07187,0.35208,1.6959e+0,2.1138e+11,2.8324e+11
0.07396,0.35208,1.6141e+0,2.2690e+11,3.9409e+11
0.07604,0.35208,1.5255e+0,2.2161e+11,3.8395e+11
0.07813,0.35208,1.4318e+0,2.2230e+11,3.7202e+11
0.08021,0.35208,1.3335e+0,2.1339e+11,3.3967e+11
0.08229,0.35208,1.2317e+0,1.7877e+11,3.0396e+11
0.08438,0.35208,1.1260e+0,1.7672e+11,3.5477e+11
0.08646,0.35208,1.0127e+0,1.6178e+11,3.2431e+11
0.08854,0.35208,8.9305e-1,1.1718e+11,3.4050e+11
0.09062,0.35208,7.6293e-1,5.8583e+10,3.3555e+11
0.09271,0.35208,6.1774e-1,2.1199e+10,2.6837e+11
0.09479,0.35208,4.5910e-1,8.4657e+9,2.5272e+11
0.09688,0.35208,2.8694e-1,3.2979e+9,2.5855e+11
0.09896,0.35208,1.0022e-1,9.4645e+8,2.3839e+11
0.00104,0.35625,2.7749e+0,1.2230e+10,3.9782e+9
0.00313,0.35625,2.7790e+0,2.9895e+10,2.0702e+11
0.00521,0.35625,2.7797e+0,4.1539e+10,2.9200e+11
0.00729,0.35625,2.7747e+0,5.9813e+10,1.0117e+11
0.00937,0.35625,2.7768e+0,7.1473e+10,9.6169e+10
0.01146,0.35625,2.7837e+0,8.6841e+10,1.9359e+11
0.01354,0.35625,2.7884e+0,8.9393e+10,2.9834e+11
0.01563,0.35625,2.7835e+0,9.5700e+10,1.8810e+11
0.01771,0.35625,2.7769e+0,1.0266e+11,3.1164e+11
0.01979,0.35625,2.7601e+0,9.9966e+10,1.6952e+11
0.02187,0.35625,2.7433e+0,1.0231e+11,2.5942e+11
0.02396,0.35625,2.7208e+0,1.2172e+11,2.0404e+11
0.02604,0.35625,2.6976e+0,1.2193e+11,1.8760e+11
0.02813,0.35625,2.6743e+0,1.3411e+11,1.4620e+11
0.03021,0.35625,2.6568e+0,1.6227e+11,2.8072e+11
0.03229,0.35625,2.6378e+0,1.6378e+11,3.3897e+11
0.03438,0.35625,2.6133e+0,1.6691e+11,3.6395e+11
0.03646,0.35625,2.5825e+0,1.7566e+11,3.8152e+11
0.03854,0.35625,2.5461e+0,1.8502e+11,4.0282e+11
0.04063,0.35625,2.5053e+0,1.9271e+11,3.5266e+11
0.04271,0.35625,2.4651e+0,2.0177e+11,4.7277e+11
0.04479,0.35625,2.4171e+0,1.9765e+11,4.1614e+11
0.04688,0.35625,2.3645e+0,2.0649e+11,4.0907e+11
0.04896,0.35625,2.3071e+0,2.1559e+11,3.2746e+11
0.05104,0.35625,2.2507e+0,2.1470e+11,2.9062e+11
0.05312,0.35625,2.1976e+0,2.1155e+11,2.9887e+11
0.05521,0.35625,2.1460e+0,2.2762e+11,3.5186e+11
0.05729,0.35625,2.0928e+0,2.3600e+11,4.0454e+11
0.05937,0.35625,2.0358e+0,2.3934e+11,3.8899e+11
0.06146,0.35625,1.9763e+0,2.3506e+11,4.1998e+11
0.06354,0.35625,1.9112e+0,2.2989e+11,3.6968e+11
0.06563,0.35625,1.8440e+0,2.1785e+11,4.2802e+11
0.06771,0.35625,1.7708e+0,2.2628e+11,4.3780e+11
0.06979,0.35625,1.6919e+0,2.1770e+11,3.8789e+11
0.07187,0.35625,1.6098e+0,2.0083e+11,3.0280e+11
0.07396,0.35625,1.5269e+0,2.0819e+11,3.1194e+11
0.07604,0.35625,1.4413e+0,1.9776e+11,3.0198e+11
0.07813,0.35625,1.3524e+0,2.0318e+11,3.0854e+11
0.08021,0.35625,1.2603e+0,2.0124e+11,3.1806e+11
0.08229,0.35625,1.1648e+0,1.6894e+11,3.2703e+11
0.08438,0.35625,1.0631e+0,1.6123e+11,3.3428e+11
0.08646,0.35625,9.5352e-1,1.5712e+11,3.0450e+11
0.08854,0.35625,8.3744e-1,1.1671e+11,2.4387e+11
0.09062,0.35625,7.1475e-1,5.5172e+10,2.5328e+11
0.09271,0.35625,5.7959e-1,1.8964e+10,2.3131e+11
0.09479,0.35625,4.3112e-1,7.8322e+9,2.2430e+11
0.09688,0.35625,2.6891e-1,3.6143e+9,2.1047e+11
0.09896,0.35625,9.3550e-2,1.1661e+9,1.9480e+11
0.00104,0.36042,2.5895e+0,1.4216e+10,0.0000e+0
0.00313,0.36042,2.5916e+0,3.6594e+10,1.7253e+10
0.00521,0.36042,2.5959e+0,4.1885e+10,3.1966e+10
0.00729,0.36042,2.6024e+0,5.7804e+10,5.0572e+10
0.00937,0.36042,2.6132e+0,5.9217e+10,1.4578e+11
0.01146,0.36042,2.6231e+0,7.6330e+10,2.4666e+11
0.01354,0.36042,2.6273e+0,7.8746e+10,2.4573e+11
0.01563,0.36042,2.6263e+0,8.5102e+10,2.7352e+11
0.01771,0.36042,2.6197e+0,9.1752e+10,3.1499e+11
0.01979,0.36042,2.6054e+0,9.2029e+10,2.5598e+11
0.02187,0.36042,2.5879e+0,8.7411e+10,2.6106e+11
0.02396,0.36042,2.5657e+0,1.0652e+11,1.9492e+11
0.02604,0.36042,2.5451e+0,1.1422e+11,2.3975e+11
0.02813,0.36042,2.5229e+0,1.2837e+11,8.8770e+10
0.03021,0.36042,2.5115e+0,1.5167e+11,3.0800e+11
0.03229,0.36042,2.4977e+0,1.4584e+11,4.2426e+11
0.03438,0.36042,2.4751e+0,1.4829e+11,4.4682e+11
0.03646,0.36042,2.4433e+0,1.5272e+11,4.2151e+11
0.03854,0.36042,2.4037e+0,1.6594e+11,3.0666e+11
0.04063,0.36042,2.3637e+0,1.7291e+11,2.5452e+11
0.04271,0.36042,2.3270e+0,1.7972e+11,3.8843e+11
0.04479,0.36042,2.2843e+0,1.8210e+11,3.6620e+11
0.04688,0.36042,2.2388e+0,1.8691e+11,4.5879e+11
0.04896,0.36042,2.1851e+0,2.0238e+11,3.5755e+11
0.05104,0.36042,2.1310e+0,2.0073e+11,3.0611e+11
0.05312,0.36042,2.0794e+0,2.0294e+11,3.3720e+11
0.05521,0.36042,2.0268e+0,2.2059e+11,3.7168e+11
0.05729,0.36042,1.9707e+0,2.0930e+11,3.2728e+11
0.05937,0.36042,1.9122e+0,2.2010e+11,3.0989e+11
0.06146,0.36042,1.8538e+0,2.1531e+11,4.0168e+11
0.06354,0.36042,1.7889e+0,2.0285e+11,3.4594e+11
0.06563,0.36042,1.7202e+0,2.0825e+11,2.8666e+11
0.06771,0.36042,1.6507e+0,2.0647e+11,3.1986e+11
0.06979,0.36042,1.5773e+0,2.1073e+11,2.6869e+11
0.07187,0.36042,1.5041e+0,1.9678e+11,3.0713e+11
0.07396,0.36042,1.4278e+0,1.9408e+11,3.2646e+11
0.07604,0.36042,1.3468e+0,1.7656e+11,2.9292e+11
0.07813,0.36042,1.2626e+0,1.8043e+11,3.1409e+11
0.08021,0.36042,1.1738e+0,1.8495e+11,2.7114e+11
0.08229,0.36042,1.0830e+0,1.5677e+11,2.7366e+11
0.08438,0.36042,9.8742e-1,1.4980e+11,2.8961e+11
0.08646,0.36042,8.8509e-1,1.4870e+11,2.4224e+11
0.08854,0.36042,7.7951e-1,1.0655e+11,2.6851e+11
0.09062,0.36042,6.6612e-1,4.8085e+10,2.6374e+11
0.09271,0.36042,5.4068e-1,1.7307e+10,2.2353e+11
0.09479,0.36042,4.0379e-1,7.8458e+9,2.5221e+11
0.09688,0.36042,2.5303e-1,3.4958e+9,2.5244e+11
0.09896,0.36042,8.8265e-2,1.0421e+9,2.0948e+11
0.00104,0.36458,2.3916e+0,1.0355e+10,0.0000e+0
0.00313,0.36458,2.3932e+0,3.3396e+10,0.0000e+0
0.00521,0.36458,2.3976e+0,4.7054e+10,0.0000e+0
0.00729,0.36458,2.4053e+0,5.9442e+10,4.9304e+8
0.00937,0.36458,2.4168e+0,6.6658e+10,9.3697e+10
0.01146,0.36458,2.4266e+0,7.1972e+10,1.3674e+11
0.01354,0.36458,2.4338e+0,7.0713e+10,2.2631e+11
0.01563,0.36458,2.4341e+0,7.6787e+10,2.3481e+11
0.01771,0.36458,2.4284e+0,8.3185e+10,2.1518e+11
0.01979,0.36458,2.4184e+0,8.0747e+10,2.1449e+11
0.02187,0.36458,2.4041e+0,8.4871e+10,2.3273e+11
0.02396,0.36458,2.3842e+0,1.0494e+11,1.4924e+11
0.02604,0.36458,2.3659e+0,1.0693e+11,1.9853e+11
0.02813,0.36458,2.3460e+0,1.1451e+11,1.3627e+11
0.03021,0.36458,2.3304e+0,1.3306e+11,2.7566e+11
0.03229,0.36458,2.3099e+0,1.3127e+11,2.5285e+11
0.03438,0.36458,2.2864e+0,1.3829e+11,2.7694e+11
0.03646,0.36458,2.2589e+0,1.3406e+11,2.6465e+11
0.03854,0.36458,2.2275e+0,1.4128e+11,2.8962e+11
0.04063,0.36458,2.1912e+0,1.5843e+11,2.3127e+11
0.04271,0.36458,2.1553e+0,1.5603e+11,3.1611e+11
0.04479,0.36458,2.1128e+0,1.6766e+11,2.2966e+11
0.04688,0.36458,2.0697e+0,1.7085e+11,2.4431e+11
0.04896,0.36458,2.0248e+0,1.8105e+11,2.8528e+11
0.05104,0.36458,1.9770e+0,1.8800e+11,2.3438e+11
0.05312,0.36458,1.9310e+0,1.7882e+11,2.8197e+11
0.05521,0.36458,1.8828e+0,1.9459e+11,3.3476e+11
0.05729,0.36458,1.8292e+0,1.8673e+11,3.4300e+11
0.05937,0.36458,1.7680e+0,1.9777e+11,2.3294e+11
0.06146,0.36458,1.7070e+0,1.9625e+11,2.1256e+11
0.06354,0.36458,1.6457e+0,1.8624e+11,2.0462e+11
0.06563,0.36458,1.5836e+0,1.9757e+11,2.3971e+11
0.06771,0.36458,1.5193e+0,1.8300e+11,2.4314e+11
0.06979,0.36458,1.4523e+0,1.8880e+11,2.2642e+11
0.07187,0.36458,1.3851e+0,1.7579e+11,2.6262e+11
0.07396,0.36458,1.3144e+0,1.7944e+11,3.1097e+11
0.07604,0.36458,1.2377e+0,1.6444e+11,2.5028e+11
0.07813,0.36458,1.1584e+0,1.6317e+11,2.2695e+11
0.08021,0.36458,1.0774e+0,1.6589e+11,2.4749e+11
0.08229,0.36458,9.9349e-1,1.4273e+11,2.5310e+11
0.08438,0.36458,9.0446e-1,1.3849e+11,2.3847e+11
0.08646,0.36458,8.1024e-1,1.2439e+11,1.9398e+11
0.08854,0.36458,7.1231e-1,9.5168e+10,1.8405e+11
0.09062,0.36458,6.0889e-1,4.7948e+10,2.1444e+11
0.09271,0.36458,4.9459e-1,1.8282e+10,2.1239e+11
0.09479,0.36458,3.6779e-1,8.2005e+9,1.9656e+11
0.09688,0.36458,2.2852e-1,3.1933e+9,1.5789e+11
0.09896,0.36458,7.8937e-2,1.0845e+9,1.3683e+11
0.00104,0.36875,2.1839e+0,7.9233e+9,0.0000e+0
0.00313,0.36875,2.1862e+0,1.7467e+10,0.0000e+0
0.00521,0.36875,2.1912e+0,4.3921e+10,1.4632e+9
0.00729,0.36875,2.2004e+0,5.6355e+10,7.8000e+10
0.00937,0.36875,2.2092e+0,5.6326e+10,1.2983e+11
0.01146,0.36875,2.2143e+0,6.5185e+10,1.1900e+11
0.01354,0.36875,2.2168e+0,6.6995e+10,1.1560e+11
0.01563,0.36875,2.2170e+0,7.1243e+10,9.8326e+10
0.01771,0.36875,2.2171e+0,7.7081e+10,1.9045e+11
0.01979,0.36875,2.2117e+0,7.6782e+10,1.8123e+11
0.02187,0.36875,2.2029e+0,8.4972e+10,2.1660e+11
0.02396,0.36875,2.1889e+0,9.3721e+10,2.3995e+11
0.02604,0.36875,2.1704e+0,9.6633e+10,2.1298e+11
0.02813,0.36875,2.1502e+0,9.6747e+10,2.1252e+11
0.03021,0.36875,2.1289e+0,1.0830e+11,2.8108e+11
0.03229,0.36875,2.1014e+0,1.1797e+11,1.3554e+11
0.03438,0.36875,2.0769e+0,1.2545e+11,1.1425e+11
0.03646,0.36875,2.0556e+0,1.2026e+11,1.9560e+11
0.03854,0.36875,2.0313e+0,1.1811e+11,2.3321e+11
0.04063,0.36875,2.0015e+0,1.2805e+11,2.3897e+11
0.04271,0.36875,1.9676e+0,1.3863e+11,2.1089e+11
0.04479,0.36875,1.9321e+0,1.4912e+11,2.5755e+11
0.04688,0.36875,1.8928e+0,1.5275e+11,2.3854e+11
0.04896,0.36875,1.8514e+0,1.6185e+11,2.3730e+11
0.05104,0.36875,1.8085e+0,1.6442e+11,2.1334e+11
0.05312,0.36875,1.7663e+0,1.5680e+11,2.1482e+11
0.05521,0.36875,1.7241e+0,1.6111e+11,2.8845e+11
0.05729,0.36875,1.6775e+0,1.6611e+11,3.6797e+11
0.05937,0.36875,1.6208e+0,1.8176e+11,2.5260e+11
0.06146,0.36875,1.5641e+0,1.7577e+11,2.1970e+11
0.06354,0.36875,1.5084e+0,1.7084e+11,2.4954e+11
0.06563,0.36875,1.4507e+0,1.7524e+11,3.0180e+11
0.06771,0.36875,1.3879e+0,1.6561e+11,2.2323e+11
0.06979,0.36875,1.3242e+0,1.6536e+11,2.0882e+11
0.07187,0.36875,1.2608e+0,1.6046e+11,2.8268e+11
0.07396,0.36875,1.1917e+0,1.6290e+11,2.2114e+11
0.07604,0.36875,1.1210e+0,1.5612e+11,1.9631e+11
0.07813,0.36875,1.0495e+0,1.4958e+11,2.0011e+11
0.08021,0.36875,9.7562e-1,1.5397e+11,2.1138e+11
0.08229,0.36875,8.9843e-1,1.3357e+11,1.5877e+11
0.08438,0.36875,8.1992e-1,1.1901e+11,1.8890e+11
0.08646,0.36875,7.3759e-1,1.0538e+11,2.2565e+11
0.08854,0.36875,6.4867e-1,8.3128e+10,2.0897e+11
0.09062,0.36875,5.5284e-1,4.6579e+10,1.9037e+11
0.09271,0.36875,4.4840e-1,1.9081e+10,1.8421e+11
0.09479,0.36875,3.3414e-1,7.4252e+9,1.9126e+11
0.09688,0.36875,2.0915e-1,3.0890e+9,1.9559e+11
0.09896,0.36875,7.3048e-2,1.3591e+9,1.7670e+11
0.00104,0.37292,1.9609e+0,1.1368e+10,0.0000e+0
0.00313,0.37292,1.9637e+0,2.0772e+10,0.0000e+0
0.00521,0.37292,1.9700e+0,3.7903e+10,1.7433e+9
0.00729,0.37292,1.9806e+0,4.7312e+10,1.3718e+11
0.00937,0.37292,1.9868e+0,4.5665e+10,6.9932e+10
0.01146,0.37292,1.9926e+0,5.3593e+10,1.7646e+11
0.01354,0.37292,1.9928e+0,5.6961e+10,1.2672e+11
0.01563,0.37292,1.9922e+0,6.1328e+10,9.9125e+10
0.01771,0.37292,1.9929e+0,6.9872e+10,1.9020e+11
0.01979,0.37292,1.9892e+0,7.0646e+10,1.4797e+11
0.02187,0.37292,1.9852e+0,7.8555e+10,2.9831e+11
0.02396,0.37292,1.9715e+0,8.1692e+10,2.7161e+11
0.02604,0.37292,1.9511e+0,7.9301e+10,1.9933e+11
0.02813,0.37292,1.9282e+0,9.0554e+10,1.5376e+11
0.03021,0.37292,1.9052e+0,1.0376e+11,1.4836e+11
0.03229,0.37292,1.8823e+0,1.0803e+11,1.0263e+11
0.03438,0.37292,1.8631e+0,1.1274e+11,1.2632e+11
0.03646,0.37292,1.8463e+0,1.0961e+11,2.0542e+11
0.03854,0.37292,1.8264e+0,1.0121e+11,2.4653e+11
0.04063,0.37292,1.8005e+0,1.1221e+11,2.3324e+11
0.04271,0.37292,1.7701e+0,1.2205e+11,1.8596e+11
0.04479,0.37292,1.7392e+0,1.2246e+11,2.4020e+11
0.04688,0.37292,1.7044e+0,1.3510e+11,2.1987e+11
0.04896,0.37292,1.6678e+0,1.3697e+11,2.2332e+11
0.05104,0.37292,1.6287e+0,1.3413e+11,1.8543e+11
0.05312,0.37292,1.5898e+0,1.3785e+11,2.0951e+11
0.05521,0.37292,1.5503e+0,1.4072e+11,2.1512e+11
0.05729,0.37292,1.5095e+0,1.4620e+11,3.2779e+11
0.05937,0.37292,1.4598e+0,1.6570e+11,2.1696e+11
0.06146,0.37292,1.4112e+0,1.6011e+11,2.4961e+11
0.06354,0.37292,1.3612e+0,1.5169e+11,2.7586e+11
0.06563,0.37292,1.3068e+0,1.5716e+11,2.5150e+11
0.06771,0.37292,1.2494e+0,1.5141e+11,2.3390e+11
0.06979,0.37292,1.1891e+0,1.4011e+11,1.7506e+11
0.07187,0.37292,1.1284e+0,1.3466e+11,1.9909e+11
0.07396,0.37292,1.0649e+0,1.3779e+11,1.5277e+11
0.07604,0.37292,1.0027e+0,1.4375e+11,1.6491e+11
0.07813,0.37292,9.4185e-1,1.3973e+11,2.4003e+11
0.08021,0.37292,8.7694e-1,1.3681e+11,2.2625e+11
0.08229,0.37292,8.0866e-1,1.2487e+11,2.1950e+11
0.08438,0.37292,7.3662e-1,1.1003e+11,1.8316e+11
0.08646,0.37292,6.6181e-1,9.2811e+10,1.9525e+11
0.08854,0.37292,5.8177e-1,7.2866e+10,1.8871e+11
0.09062,0.37292,4.9532e-1,3.5779e+10,1.8429e+11
0.09271,0.37292,3.9945e-1,1.7479e+10,1.3391e+11
0.09479,0.37292,2.9612e-1,5.9627e+9,1.2387e+11
0.09688,0.37292,1.8503e-1,2.8114e+9,1.5275e+11
0.09896,0.37292,6.3920e-2,1.3010e+9,1.1226e+11
0.00104,0.37708,1.7190e+0,1.3137e+10,0.0000e+0
0.00313,0.37708,1.7222e+0,1.9031e+10,0.0000e+0
0.00521,0.37708,1.7290e+0,3.5183e+10,0.0000e+0
0.00729,0.37708,1.7405e+0,4.8363e+10,6.5830e+10
0.00937,0.37708,1.7530e+0,4.5399e+10,2.7904e+11
0.01146,0.37708,1.7525e+0,5.7978e+10,1.3422e+11
0.01354,0.37708,1.7501e+0,5.3718e+10,6.8208e+10
0.01563,0.37708,1.7504e+0,5.4161e+10,1.3681e+11
0.01771,0.37708,1.7493e+0,6.4888e+10,1.7103e+11
0.01979,0.37708,1.7452e+0,6.1367e+10,1.3608e+11
0.02187,0.37708,1.7403e+0,6.8804e+10,2.3973e+11
0.02396,0.37708,1.7276e+0,7.8861e+10,1.9249e+11
0.02604,0.37708,1.7111e+0,7.2656e+10,1.4738e+11
0.02813,0.37708,1.6939e+0,8.1479e+10,2.0571e+11
0.03021,0.37708,1.6730e+0,9.2585e+10,1.2592e+11
0.03229,0.37708,1.6553e+0,9.5326e+10,1.4567e+11
0.03438,0.37708,1.6403e+0,9.4856e+10,2.0985e+11
0.03646,0.37708,1.6234e+0,1.0144e+11,2.0005e+11
0.03854,0.37708,1.6050e+0,9.2824e+10,1.9053e+11
0.04063,0.37708,1.5850e+0,9.4235e+10,2.3251e+11
0.04271,0.37708,1.5608e+0,1.0501e+11,2.6793e+11
0.04479,0.37708,1.5308e+0,1.0761e+11,1.5275e+11
0.04688,0.37708,1.5030e+0,1.1038e+11,2.0773e+11
0.04896,0.37708,1.4735e+0,1.1356e+11,2.6394e+11
0.05104,0.37708,1.4384e+0,1.2246e+11,2.5192e+11
0.05312,0.37708,1.3997e+0,1.2006e+11,1.6441e+11
0.05521,0.37708,1.3639e+0,1.2440e+11,2.1220e+11
0.05729,0.37708,1.3273e+0,1.2789e+11,2.8010e+11
0.05937,0.37708,1.2845e+0,1.5001e+11,2.0440e+11
0.06146,0.37708,1.2430e+0,1.4463e+11,2.4774e+11
0.06354,0.37708,1.1991e+0,1.3721e+11,2.4922e+11
0.06563,0.37708,1.1520e+0,1.3317e+11,2.0989e+11
0.06771,0.37708,1.1041e+0,1.3838e+11,2.6421e+11
0.06979,0.37708,1.0517e+0,1.2535e+11,2.6275e+11
0.07187,0.37708,9.9453e-1,1.2329e+11,2.0500e+11
0.07396,0.37708,9.3527e-1,1.2611e+11,1.3030e+11
0.07604,0.37708,8.7876e-1,1.3212e+11,1.2441e+11
0.07813,0.37708,8.2578e-1,1.2838e+11,2.0362e+11
0.08021,0.37708,7.7054e-1,1.1408e+11,2.1663e+11
0.08229,0.37708,7.1137e-1,1.0150e+11,1.9586e+11
0.08438,0.37708,6.4862e-1,1.0596e+11,1.9743e+11
0.08646,0.37708,5.8223e-1,9.4872e+10,1.7824e+11
0.08854,0.37708,5.1201e-1,6.9755e+10,1.6567e+11
0.09062,0.37708,4.3715e-1,3.2846e+10,2.0447e+11
0.09271,0.37708,3.5274e-1,1.6165e+10,1.5053e+11
0.09479,0.37708,2.6153e-1,5.5819e+9,1.2952e+11
0.09688,0.37708,1.6387e-1,2.9769e+9,1.5312e+11
0.09896,0.37708,5.7338e-2,1.3639e+9,1.4000e+11
0.00104,0.38125,1.4557e+0,4.9506e+9,0.0000e+0
0.00313,0.38125,1.4588e+0,1.3629e+10,0.0000e+0
0.00521,0.38125,1.4658e+0,2.2105e+10,0.0000e+0
0.00729,0.38125,1.4770e+0,3.2213e+10,5.3742e+9
0.00937,0.38125,1.4928e+0,3.6782e+10,2.5322e+11
0.01146,0.38125,1.4970e+0,4.7518e+10,2.4289e+11
0.01354,0.38125,1.4928e+0,4.8163e+10,1.2950e+11
0.01563,0.38125,1.4881e+0,4.8724e+10,8.1238e+10
0.01771,0.38125,1.4856e+0,5.7975e+10,1.1796e+11
0.01979,0.38125,1.4831e+0,5.6481e+10,1.9236e+11
0.02187,0.38125,1.4763e+0,5.8181e+10,1.6895e+11
0.02396,0.38125,1.4677e+0,5.9241e+10,1.9397e+11
0.02604,0.38125,1.4562e+0,5.0704e+10,2.0010e+11
0.02813,0.38125,1.4413e+0,6.3555e+10,2.2055e+11
0.03021,0.38125,1.4223e+0,7.7690e+10,1.2425e+11
0.03229,0.38125,1.4064e+0,7.9973e+10,1.2310e+11
0.03438,0.38125,1.3928e+0,7.8904e+10,1.4563e+11
0.03646,0.38125,1.3793e+0,8.5396e+10,1.8850e+11
0.03854,0.38125,1.3631e+0,7.9289e+10,1.3116e+11
0.04063,0.38125,1.3476e+0,8.0931e+10,1.8261e+11
0.04271,0.38125,1.3291e+0,8.9099e+10,2.2849e+11
0.04479,0.38125,1.3046e+0,9.7971e+10,1.4053e+11
0.04688,0.38125,1.2828e+0,1.0441e+11,2.1041e+11
0.04896,0.38125,1.2597e+0,1.0014e+11,3.0681e+11
0.05104,0.38125,1.2277e+0,1.0466e+11,2.5322e+11
0.05312,0.38125,1.1902e+0,1.0227e+11,9.2632e+10
0.05521,0.38125,1.1580e+0,1.1337e+11,1.2563e+11
0.05729,0.38125,1.1283e+0,1.2082e+11,2.4672e+11
0.05937,0.38125,1.0932e+0,1.1844e+11,1.8850e+11
0.06146,0.38125,1.0574e+0,1.1833e+11,1.8736e+11
0.06354,0.38125,1.0207e+0,1.1692e+11,1.8593e+11
0.06563,0.38125,9.8257e-1,1.1180e+11,1.8520e+11
0.06771,0.38125,9.4298e-1,1.2070e+11,2.5382e+11
0.06979,0.38125,8.9725e-1,1.1582e+11,1.8003e+11
0.07187,0.38125,8.4989e-1,1.1210e+11,1.9646e+11
0.07396,0.38125,7.9982e-1,1.1539e+11,1.7181e+11
0.07604,0.38125,7.4924e-1,1.0897e+11,1.3117e+11
0.07813,0.38125,7.0083e-1,1.0778e+11,1.4091e+11
0.08021,0.38125,6.5360e-1,9.4848e+10,1.6668e+11
0.08229,0.38125,6.0495e-1,8.8170e+10,1.8799e+11
0.08438,0.38125,5.5279e-1,9.2610e+10,1.7068e+11
0.08646,0.38125,4.9838e-1,8.4355e+10,2.1895e+11
0.08854,0.38125,4.3749e-1,5.8568e+10,1.7876e+11
0.09062,0.38125,3.7060e-1,3.0237e+10,1.2615e+11
0.09271,0.38125,2.9890e-1,1.3476e+10,1.1298e+11
0.09479,0.38125,2.2208e-1,6.5173e+9,1.0831e+11
0.09688,0.38125,1.3984e-1,2.2429e+9,1.4275e+11
0.09896,0.38125,4.9093e-2,8.5779e+8,1.2409e+11
0.00104,0.38542,1.1685e+0,4.5965e+9,0.0000e+0
0.00313,0.38542,1.1713e+0,1.6725e+10,0.0000e+0
0.00521,0.38542,1.1777e+0,2.2451e+10,0.0000e+0
0.00729,0.38542,1.1880e+0,2.5410e+10,1.0167e+7
0.00937,0.38542,1.2021e+0,2.5729e+10,8.9687e+10
0.01146,0.38542,1.2140e+0,3.7571e+10,2.7403e+11
0.01354,0.38542,1.2144e+0,3.2238e+10,2.0510e+11
0.01563,0.38542,1.2090e+0,3.4814e+10,1.2045e+11
0.01771,0.38542,1.2041e+0,3.6924e+10,1.5933e+11
0.01979,0.38542,1.1973e+0,4.2483e+10,1.7161e+11
0.02187,0.38542,1.1875e+0,4.8052e+10,7.1198e+10
0.02396,0.38542,1.1810e+0,4.3168e+10,1.4548e+11
0.02604,0.38542,1.1719e+0,4.3916e+10,1.3880e+11
0.02813,0.38542,1.1608e+0,5.0498e+10,1.1754e+11
0.03021,0.38542,1.1496e+0,5.4850e+10,1.3209e+11
0.03229,0.38542,1.1382e+0,6.0924e+10,1.2667e+11
0.03438,0.38542,1.1272e+0,5.8271e+10,1.1453e+11
0.03646,0.38542,1.1173e+0,6.6095e+10,1.5259e+11
0.03854,0.38542,1.1053e+0,6.3856e+10,1.0862e+11
0.04063,0.38542,1.0944e+0,6.5253e+10,1.6626e+11
0.04271,0.38542,1.0812e+0,7.2462e+10,2.7709e+11
0.04479,0.38542,1.0587e+0,8.2310e+10,1.2770e+11
0.04688,0.38542,1.0387e+0,8.1887e+10,1.1226e+11
0.04896,0.38542,1.0213e+0,8.1249e+10,2.2017e+11
0.05104,0.38542,9.9755e-1,9.0375e+10,2.0517e+11
0.05312,0.38542,9.6870e-1,8.9812e+10,1.1612e+11
0.05521,0.38542,9.4245e-1,9.2845e+10,1.5705e+11
0.05729,0.38542,9.1595e-1,1.0160e+11,1.8335e+11
0.05937,0.38542,8.8764e-1,9.9954e+10,1.6981e+11
0.06146,0.38542,8.5872e-1,9.7781e+10,1.4121e+11
0.06354,0.38542,8.3103e-1,9.5406e+10,1.8905e+11
0.06563,0.38542,8.0092e-1,9.6223e+10,1.6856e+11
0.06771,0.38542,7.6992e-1,1.0116e+11,2.2279e+11
0.06979,0.38542,7.3461e-1,1.0168e+11,2.2266e+11
0.07187,0.38542,6.9529e-1,1.0115e+11,1.8377e+11
0.07396,0.38542,6.5436e-1,1.0018e+11,2.1333e+11
0.07604,0.38542,6.0946e-1,8.8312e+10,1.2541e+11
0.07813,0.38542,5.6585e-1,1.0144e+11,1.0796e+11
0.08021,0.38542,5.2474e-1,8.7250e+10,7.4331e+10
0.08229,0.38542,4.8633e-1,7.6450e+10,1.1557e+11
0.08438,0.38542,4.4671e-1,7.9151e+10,1.5128e+11
0.08646,0.38542,4.0376e-1,7.7956e+10,1.8678e+11
0.08854,0.38542,3.5520e-1,4.9051e+10,1.8379e+11
0.09062,0.38542,2.9950e-1,2.3978e+10,9.0471e+10
0.09271,0.38542,2.4099e-1,9.2057e+9,7.1618e+10
0.09479,0.38542,1.7931e-1,5.5839e+9,8.6350e+10
0.09688,0.38542,1.1314e-1,1.9569e+9,1.2143e+11
0.09896,0.38542,3.9847e-2,7.9529e+8,1.0765e+11
0.00104,0.38958,8.5998e-1,6.7029e+9,0.0000e+0
0.00313,0.38958,8.6246e-1,2.3854e+10,0.0000e+0
0.00521,0.38958,8.6822e-1,2.6462e+10,4.2111e+7
0.00729,0.38958,8.7740e-1,2.2610e+10,2.5504e+10
0.00937,0.38958,8.8880e-1,2.2866e+10,1.0083e+11
0.01146,0.38958,8.9837e-1,2.7638e+10,1.2279e+11
0.01354,0.38958,9.0611e-1,2.4783e+10,2.5875e+11
0.01563,0.38958,9.0399e-1,2.3221e+10,2.3212e+11
0.01771,0.38958,8.9451e-1,2.6955e+10,9.8034e+10
0.01979,0.38958,8.8645e-1,2.8786e+10,6.4796e+10
0.02187,0.38958,8.8102e-1,3.1603e+10,1.1117e+11
0.02396,0.38958,8.7528e-1,3.3070e+10,1.1984e+11
0.02604,0.38958,8.6911e-1,3.3654e+10,1.1586e+11
0.02813,0.38958,8.6325e-1,3.8567e+10,1.4442e+11
0.03021,0.38958,8.5637e-1,4.3936e+10,1.2368e+11
0.03229,0.38958,8.5044e-1,4.5543e+10,1.7385e+11
0.03438,0.38958,8.4232e-1,4.6237e+10,8.6398e+10
0.03646,0.38958,8.3867e-1,5.0023e+10,2.0798e+11
0.03854,0.38958,8.3158e-1,5.0500e+10,2.1585e+11
0.04063,0.38958,8.2114e-1,4.9197e+10,1.7790e+11
0.04271,0.38958,8.0922e-1,5.8291e+10,2.1907e+11
0.04479,0.38958,7.9280e-1,6.4615e+10,1.4253e+11
0.04688,0.38958,7.7805e-1,6.5043e+10,9.1933e+10
0.04896,0.38958,7.6845e-1,6.5859e+10,1.9713e+11
0.05104,0.38958,7.5590e-1,7.2695e+10,3.1071e+11
0.05312,0.38958,7.3282e-1,7.6167e+10,1.4542e+11
0.05521,0.38958,7.1173e-1,7.3983e+10,1.8210e+11
0.05729,0.38958,6.8922e-1,8.3210e+10,1.7021e+11
0.05937,0.38958,6.6659e-1,8.4895e+10,1.4518e+11
0.06146,0.38958,6.4530e-1,7.8076e+10,1.3944e+11
0.06354,0.38958,6.2546e-1,7.2946e+10,1.7779e+11
0.06563,0.38958,6.0398e-1,8.0578e+10,2.0023e+11
0.06771,0.38958,5.7996e-1,8.4276e+10,1.8102e+11
0.06979,0.38958,5.5450e-1,7.9831e+10,2.0269e+11
0.07187,0.38958,5.2578e-1,7.4190e+10,1.9241e+11
0.07396,0.38958,4.9409e-1,7.2140e+10,2.0837e+11
0.07604,0.38958,4.5772e-1,6.8912e+10,1.0923e+11
0.07813,0.38958,4.2331e-1,8.4173e+10,8.3007e+10
0.08021,0.38958,3.9330e-1,7.6172e+10,1.1284e+11
0.08229,0.38958,3.6424e-1,5.9088e+10,9.9426e+10
0.08438,0.38958,3.3530e-1,5.9768e+10,1.6200e+11
0.08646,0.38958,3.0184e-1,5.9859e+10,1.5146e+11
0.08854,0.38958,2.6408e-1,4.5609e+10,9.9871e+10
0.09062,0.38958,2.2399e-1,2.1734e+10,8.5730e+10
0.09271,0.38958,1.8153e-1,7.9382e+9,9.9589e+10
0.09479,0.38958,1.3479e-1,3.6445e+9,9.3232e+10
0.09688,0.38958,8.3361e-2,1.8299e+9,5.2382e+10
0.09896,0.38958,2.9087e-2,6.6296e+8,6.3350e+10
0.00104,0.39375,5.3381e-1,5.7904e+9,0.0000e+0
0.00313,0.39375,5.3690e-1,9.9131e+9,3.5076e+10
0.00521,0.39375,5.4141e-1,1.2795e+10,7.9855e+10
0.00729,0.39375,5.4529e-1,1.5998e+10,9.1727e+10
0.00937,0.39375,5.4894e-1,1.9864e+10,6.4318e+10
0.01146,0.39375,5.5390e-1,2.7982e+10,4.1786e+10
0.01354,0.39375,5.6201e-1,2.5976e+10,1.4980e+11
0.01563,0.39375,5.6590e-1,2.0297e+10,2.3146e+11
0.01771,0.39375,5.6106e-1,2.0136e+10,1.1190e+11
0.01979,0.39375,5.5662e-1,1.8390e+10,1.0547e+11
0.02187,0.39375,5.5295e-1,2.7565e+10,1.6660e+11
0.02396,0.39375,5.4614e-1,2.9572e+10,9.8399e+10
0.02604,0.39375,5.4115e-1,2.6635e+10,8.0224e+10
0.02813,0.39375,5.3835e-1,2.9342e+10,1.0597e+11
0.03021,0.39375,5.3611e-1,3.4043e+10,1.3545e+11
0.03229,0.39375,5.3299e-1,3.4874e+10,1.5148e+11
0.03438,0.39375,5.2833e-1,3.5523e+10,1.0820e+11
0.03646,0.39375,5.2552e-1,3.7899e+10,1.4789e+11
0.03854,0.39375,5.2120e-1,3.8407e+10,1.4310e+11
0.04063,0.39375,5.1566e-1,3.3007e+10,1.5569e+11
0.04271,0.39375,5.0759e-1,3.7547e+10,1.3760e+11
0.04479,0.39375,4.9858e-1,4.5415e+10,1.2722e+11
0.04688,0.39375,4.9051e-1,4.9959e+10,7.4288e+10
0.04896,0.39375,4.8800e-1,4.6641e+10,1.6623e+11
0.05104,0.39375,4.8452e-1,5.2231e+10,3.1260e+11
0.05312,0.39375,4.7066e-1,5.9808e+10,1.9359e+11
0.05521,0.39375,4.5606e-1,5.3496e+10,2.0169e+11
0.05729,0.39375,4.3887e-1,5.8756e+10,1.3007e+11
0.05937,0.39375,4.2437e-1,6.4034e+10,1.6356e+11
0.06146,0.39375,4.0961e-1,6.5012e+10,1.3508e+11
0.06354,0.39375,3.9618e-1,6.1787e+10,1.4544e+11
0.06563,0.39375,3.8252e-1,6.4311e+10,1.4626e+11
0.06771,0.39375,3.6844e-1,5.3281e+10,1.6148e+11
0.06979,0.39375,3.5208e-1,5.7586e+10,1.4951e+11
0.07187,0.39375,3.3445e-1,5.6679e+10,1.7771e+11
0.07396,0.39375,3.1363e-1,5.5426e+10,1.7232e+11
0.07604,0.39375,2.8937e-1,5.5520e+10,9.4206e+10
0.07813,0.39375,2.6695e-1,6.3831e+10,5.0060e+10
0.08021,0.39375,2.4960e-1,5.7590e+10,1.1520e+11
0.08229,0.39375,2.3192e-1,4.7259e+10,1.1542e+11
0.08438,0.39375,2.1294e-1,4.7966e+10,1.2191e+11
0.08646,0.39375,1.9177e-1,4.7232e+10,1.0787e+11
0.08854,0.39375,1.6884e-1,3.5490e+10,1.2433e+11
0.09062,0.39375,1.4171e-1,1.9170e+10,4.6215e+10
0.09271,0.39375,1.1439e-1,6.7887e+9,5.1484e+10
0.09479,0.39375,8.5198e-2,2.8901e+9,5.2739e+10
0.09688,0.39375,5.3625e-2,6.0069e+8,6.0337e+10
0.09896,0.39375,1.8970e-2,3.0431e+8,5.7488e+10
0.00104,0.39792,1.8480e-1,5.0326e+9,0.0000e+0
0.00313,0.39792,1.8757e-1,4.5714e+9,7.9664e+10
0.00521,0.39792,1.8937e-1,9.4991e+9,1.6426e+11
0.00729,0.39792,1.8600e-1,1.1893e+10,1.4987e+10
0.00937,0.39792,1.8604e-1,1.4080e+10,1.9222e+10
0.01146,0.39792,1.8777e-1,1.8622e+10,7.5164e+9
0.01354,0.39792,1.9218e-1,1.9161e+10,5.5961e+10
0.01563,0.39792,1.9664e-1,1.4213e+10,1.0631e+11
0.01771,0.39792,1.9939e-1,1.1423e+10,1.8110e+11
0.01979,0.39792,1.9801e-1,1.1599e+10,1.4392e+11
0.02187,0.39792,1.9579e-1,1.8561e+10,1.7639e+11
0.02396,0.39792,1.9015e-1,2.1713e+10,4.8264e+10
0.02604,0.39792,1.8881e-1,1.8772e+10,9.4803e+10
0.02813,0.39792,1.8791e-1,1.8952e+10,8.4615e+10
0.03021,0.39792,1.8822e-1,2.1578e+10,1.4406e+11
0.03229,0.39792,1.8612e-1,2.5438e+10,9.5182e+10
0.03438,0.39792,1.8498e-1,2.1089e+10,9.5476e+10
0.03646,0.39792,1.8470e-1,2.1859e+10,1.1997e+11
0.03854,0.39792,1.8389e-1,2.4352e+10,1.2127e+11
0.04063,0.39792,1.8312e-1,2.0573e+10,1.5932e+11
0.04271,0.39792,1.7998e-1,2.2677e+10,1.3250e+11
0.04479,0.39792,1.7646e-1,2.6161e+10,1.1190e+11
0.04688,0.39792,1.7405e-1,3.0460e+10,9.7490e+10
0.04896,0.39792,1.7434e-1,2.7934e+10,1.4341e+11
0.05104,0.39792,1.7430e-1,3.1811e+10,1.8788e+11
0.05312,0.39792,1.7166e-1,3.4721e+10,2.0871e+11
0.05521,0.39792,1.6658e-1,3.4019e+10,2.2544e+11
0.05729,0.39792,1.5765e-1,3.4410e+10,7.8612e+10
0.05937,0.39792,1.5400e-1,3.3706e+10,1.7982e+11
0.06146,0.39792,1.4844e-1,4.1876e+10,1.5174e+11
0.06354,0.39792,1.4337e-1,3.9916e+10,1.4474e+11
0.06563,0.39792,1.3871e-1,4.0686e+10,1.5098e+11
0.06771,0.39792,1.3394e-1,3.6248e+10,1.6123e+11
0.06979,0.39792,1.2786e-1,3.8300e+10,1.6233e+11
0.07187,0.39792,1.2013e-1,4.4280e+10,1.2587e+11
0.07396,0.39792,1.1269e-1,3.8354e+10,1.3369e+11
0.07604,0.39792,1.0410e-1,3.2796e+10,9.3253e+10
0.07813,0.39792,9.6723e-2,3.9711e+10,9.5465e+10
0.08021,0.39792,9.0945e-2,3.8891e+10,1.1312e+11
0.08229,0.39792,8.5294e-2,3.4412e+10,1.3325e+11
0.08438,0.39792,7.8033e-2,3.5919e+10,9.1985e+10
0.08646,0.39792,7.1827e-2,3.5174e+10,1.2185e+11
0.08854,0.39792,6.4899e-2,2.1693e+10,1.5532e+11
0.09062,0.39792,5.4148e-2,1.2383e+10,8.3064e+10
0.09271,0.39792,4.3277e-2,4.2625e+9,6.0168e+10
0.09479,0.39792,3.2124e-2,2.9915e+9,5.0294e+10
0.09688,0.39792,2.0300e-2,5.2651e+8,4.4845e+10
0.09896,0.39792,7.0848e-3,2.7213e+8,2.3362e+10