r_m,z_m,phi_V,ne_m3,ni_m3
0.00104,0.00208,4.0979e-1,1.0431e+10,1.7541e+10
0.00313,0.00208,4.1807e-1,9.3894e+9,3.8504e+11
0.00521,0.00208,4.1646e-1,1.4754e+10,3.4526e+11
0.00729,0.00208,4.1266e-1,1.9887e+10,3.3428e+11
0.00937,0.00208,4.0632e-1,2.0307e+10,3.2843e+11
0.01146,0.00208,3.9741e-1,2.2191e+10,2.2873e+11
0.01354,0.00208,3.9110e-1,2.0814e+10,2.0328e+11
0.01563,0.00208,3.8682e-1,2.0720e+10,2.4241e+11
0.01771,0.00208,3.8093e-1,1.9931e+10,1.4289e+11
0.01979,0.00208,3.7971e-1,1.5389e+10,2.3130e+11
0.02187,0.00208,3.7652e-1,1.3209e+10,2.0865e+11
0.02396,0.00208,3.7271e-1,1.9310e+10,2.0408e+11
0.02604,0.00208,3.6887e-1,1.1961e+10,2.1885e+11
0.02813,0.00208,3.6401e-1,1.8770e+10,1.6886e+11
0.03021,0.00208,3.6202e-1,2.1421e+10,2.1452e+11
0.03229,0.00208,3.6016e-1,2.1652e+10,2.2636e+11
0.03438,0.00208,3.5791e-1,2.1872e+10,2.6806e+11
0.03646,0.00208,3.5264e-1,2.0117e+10,2.4614e+11
0.03854,0.00208,3.4542e-1,1.9418e+10,1.6877e+11
0.04063,0.00208,3.4100e-1,2.0893e+10,1.9322e+11
0.04271,0.00208,3.3771e-1,1.5556e+10,2.5366e+11
0.04479,0.00208,3.3134e-1,2.0158e+10,2.1301e+11
0.04688,0.00208,3.2556e-1,2.0993e+10,2.5743e+11
0.04896,0.00208,3.1752e-1,2.0654e+10,1.6339e+11
0.05104,0.00208,3.1340e-1,1.9255e+10,2.2406e+11
0.05312,0.00208,3.0885e-1,1.4977e+10,2.4928e+11
0.05521,0.00208,3.0217e-1,1.5574e+10,2.1923e+11
0.05729,0.00208,2.9511e-1,1.8990e+10,1.8972e+11
0.05937,0.00208,2.8934e-1,1.5775e+10,2.1353e+11
0.06146,0.00208,2.8280e-1,1.9643e+10,2.4526e+11
0.06354,0.00208,2.7350e-1,2.0969e+10,2.0457e+11
0.06563,0.00208,2.6409e-1,1.9960e+10,2.2012e+11
0.06771,0.00208,2.5307e-1,1.4864e+10,1.7627e+11
0.06979,0.00208,2.4280e-1,2.1396e+10,1.7233e+11
0.07187,0.00208,2.3355e-1,2.3192e+10,2.1992e+11
0.07396,0.00208,2.2224e-1,1.8686e+10,1.6789e+11
0.07604,0.00208,2.1211e-1,1.8398e+10,2.2126e+11
0.07813,0.00208,1.9896e-1,1.4741e+10,1.6115e+11
0.08021,0.00208,1.8639e-1,1.7358e+10,1.6372e+11
0.08229,0.00208,1.7412e-1,2.0899e+10,1.7978e+11
0.08438,0.00208,1.6164e-1,1.7791e+10,2.5459e+11
0.08646,0.00208,1.4347e-1,1.9172e+10,1.7522e+11
0.08854,0.00208,1.2452e-1,1.9432e+10,1.9276e+11
0.09062,0.00208,1.0259e-1,4.6956e+9,1.1687e+11
0.09271,0.00208,8.0182e-2,5.9775e+5,8.2374e+10
0.09479,0.00208,5.7583e-2,0.0000e+0,8.1890e+10
0.09688,0.00208,3.3211e-2,0.0000e+0,4.6225e+9
0.09896,0.00208,1.0758e-2,0.0000e+0,0.0000e+0
0.00104,0.00625,1.1609e+0,2.7058e+10,1.0783e+11
0.00313,0.00625,1.1669e+0,1.5022e+10,4.4134e+11
0.00521,0.00625,1.1586e+0,2.7833e+10,2.2574e+11
0.00729,0.00625,1.1552e+0,2.4576e+10,4.6459e+11
0.00937,0.00625,1.1393e+0,3.1362e+10,3.2448e+11
0.01146,0.00625,1.1225e+0,4.7778e+10,2.3296e+11
0.01354,0.00625,1.1111e+0,4.2725e+10,2.7389e+11
0.01563,0.00625,1.1000e+0,3.6589e+10,2.8328e+11
0.01771,0.00625,1.0871e+0,2.8450e+10,1.6482e+11
0.01979,0.00625,1.0802e+0,2.4846e+10,2.4090e+11
0.02187,0.00625,1.0719e+0,2.5879e+10,2.5172e+11
0.02396,0.00625,1.0615e+0,3.0526e+10,2.8508e+11
0.02604,0.00625,1.0470e+0,2.0972e+10,1.8593e+11
0.02813,0.00625,1.0345e+0,3.1652e+10,1.7144e+11
0.03021,0.00625,1.0254e+0,3.5566e+10,1.9024e+11
0.03229,0.00625,1.0183e+0,4.1808e+10,2.5113e+11
0.03438,0.00625,1.0094e+0,3.7309e+10,2.8630e+11
0.03646,0.00625,9.9608e-1,3.4706e+10,2.7338e+11
0.03854,0.00625,9.7943e-1,3.2919e+10,2.0287e+11
0.04063,0.00625,9.6508e-1,3.8259e+10,2.2612e+11
0.04271,0.00625,9.5166e-1,3.2869e+10,3.1599e+11
0.04479,0.00625,9.3218e-1,3.5890e+10,2.4001e+11
0.04688,0.00625,9.1262e-1,3.0761e+10,2.2378e+11
0.04896,0.00625,8.9314e-1,3.0670e+10,1.5993e+11
0.05104,0.00625,8.7824e-1,3.3498e+10,2.3062e+11
0.05312,0.00625,8.6234e-1,3.0723e+10,2.2947e+11
0.05521,0.00625,8.4508e-1,2.8802e+10,2.1562e+11
0.05729,0.00625,8.2751e-1,2.9126e+10,2.2216e+11
0.05937,0.00625,8.0979e-1,2.7286e+10,2.4786e+11
0.06146,0.00625,7.8967e-1,3.4330e+10,2.8193e+11
0.06354,0.00625,7.6445e-1,3.6955e+10,2.3674e+11
0.06563,0.00625,7.3712e-1,3.4766e+10,2.4423e+11
0.06771,0.00625,7.0684e-1,3.0511e+10,1.7867e+11
0.06979,0.00625,6.7803e-1,3.9704e+10,2.1565e+11
0.07187,0.00625,6.4826e-1,3.5507e+10,2.2132e+11
0.07396,0.00625,6.1639e-1,3.0923e+10,1.6739e+11
0.07604,0.00625,5.8591e-1,3.3879e+10,2.5909e+11
0.07813,0.00625,5.4993e-1,3.6000e+10,1.9109e+11
0.08021,0.00625,5.1325e-1,3.4370e+10,1.9725e+11
0.08229,0.00625,4.7458e-1,3.6043e+10,1.8303e+11
0.08438,0.00625,4.3482e-1,3.1229e+10,2.7821e+11
0.08646,0.00625,3.8627e-1,2.6366e+10,2.1206e+11
0.08854,0.00625,3.3296e-1,2.9300e+10,1.7528e+11
0.09062,0.00625,2.7651e-1,7.3555e+9,1.2783e+11
0.09271,0.00625,2.1744e-1,7.6875e+5,9.4883e+10
0.09479,0.00625,1.5618e-1,0.0000e+0,8.0520e+10
0.09688,0.00625,9.2523e-2,0.0000e+0,1.5805e+10
0.09896,0.00625,3.0375e-2,0.0000e+0,2.9242e+9
0.00104,0.01042,1.8386e+0,2.9936e+10,1.6411e+11
0.00313,0.01042,1.8418e+0,1.4025e+10,4.8009e+11
0.00521,0.01042,1.8285e+0,2.6711e+10,2.2552e+11
0.00729,0.01042,1.8206e+0,3.2526e+10,4.8371e+11
0.00937,0.01042,1.7982e+0,4.0109e+10,2.7456e+11
0.01146,0.01042,1.7778e+0,6.7645e+10,2.2749e+11
0.01354,0.01042,1.7641e+0,6.1446e+10,3.1523e+11
0.01563,0.01042,1.7495e+0,5.1355e+10,3.2666e+11
0.01771,0.01042,1.7313e+0,4.4958e+10,1.4575e+11
0.01979,0.01042,1.7210e+0,4.4014e+10,2.6971e+11
0.02187,0.01042,1.7088e+0,4.6723e+10,3.2162e+11
0.02396,0.01042,1.6911e+0,5.3442e+10,2.9360e+11
0.02604,0.01042,1.6699e+0,3.7134e+10,2.0128e+11
0.02813,0.01042,1.6504e+0,4.8398e+10,1.8475e+11
0.03021,0.01042,1.6344e+0,5.2615e+10,2.0949e+11
0.03229,0.01042,1.6195e+0,5.8584e+10,2.4278e+11
0.03438,0.01042,1.6036e+0,5.4328e+10,3.2412e+11
0.03646,0.01042,1.5811e+0,5.6154e+10,3.0403e+11
0.03854,0.01042,1.5542e+0,5.2724e+10,2.2114e+11
0.04063,0.01042,1.5293e+0,5.9250e+10,2.5795e+11
0.04271,0.01042,1.5041e+0,5.3767e+10,3.2591e+11
0.04479,0.01042,1.4729e+0,5.3181e+10,2.2951e+11
0.04688,0.01042,1.4422e+0,5.0512e+10,2.0948e+11
0.04896,0.01042,1.4128e+0,6.0062e+10,1.7665e+11
0.05104,0.01042,1.3877e+0,5.9846e+10,2.4341e+11
0.05312,0.01042,1.3615e+0,4.9280e+10,2.4538e+11
0.05521,0.01042,1.3331e+0,4.9859e+10,2.5280e+11
0.05729,0.01042,1.3025e+0,4.8083e+10,1.9375e+11
0.05937,0.01042,1.2732e+0,4.3774e+10,2.2656e+11
0.06146,0.01042,1.2422e+0,5.4672e+10,3.0679e+11
0.06354,0.01042,1.2045e+0,5.3298e+10,3.0545e+11
0.06563,0.01042,1.1599e+0,5.1713e+10,2.5326e+11
0.06771,0.01042,1.1118e+0,4.9022e+10,1.7930e+11
0.06979,0.01042,1.0654e+0,5.9495e+10,2.3733e+11
0.07187,0.01042,1.0165e+0,5.1361e+10,2.1235e+11
0.07396,0.01042,9.6567e-1,5.0339e+10,1.8218e+11
0.07604,0.01042,9.1455e-1,4.8758e+10,2.2689e+11
0.07813,0.01042,8.5890e-1,5.0210e+10,2.0525e+11
0.08021,0.01042,8.0083e-1,5.4231e+10,2.4927e+11
0.08229,0.01042,7.3716e-1,5.8852e+10,2.1706e+11
0.08438,0.01042,6.6997e-1,4.7138e+10,2.5234e+11
0.08646,0.01042,5.9469e-1,3.9964e+10,2.1314e+11
0.08854,0.01042,5.1323e-1,4.1465e+10,1.6971e+11
0.09062,0.01042,4.2839e-1,1.0505e+10,1.4602e+11
0.09271,0.01042,3.3904e-1,5.5437e+6,1.3604e+11
0.09479,0.01042,2.4459e-1,0.0000e+0,1.1161e+11
0.09688,0.01042,1.4623e-1,0.0000e+0,3.6134e+10
0.09896,0.01042,4.8655e-2,0.0000e+0,2.7705e+10
0.00104,0.01458,2.4494e+0,5.8766e+10,2.7356e+11
0.00313,0.01458,2.4490e+0,3.3018e+10,5.1889e+11
0.00521,0.01458,2.4320e+0,3.5400e+10,2.3922e+11
0.00729,0.01458,2.4193e+0,4.4005e+10,4.3699e+11
0.00937,0.01458,2.3941e+0,4.4474e+10,2.7073e+11
0.01146,0.01458,2.3687e+0,7.5297e+10,1.7614e+11
0.01354,0.01458,2.3501e+0,7.8304e+10,1.9574e+11
0.01563,0.01458,2.3356e+0,6.1567e+10,2.6292e+11
0.01771,0.01458,2.3187e+0,6.4789e+10,2.3205e+11
0.01979,0.01458,2.3032e+0,6.3006e+10,2.5767e+11
0.02187,0.01458,2.2868e+0,5.5081e+10,2.9817e+11
0.02396,0.01458,2.2659e+0,6.4588e+10,2.9859e+11
0.02604,0.01458,2.2410e+0,5.6713e+10,2.4661e+11
0.02813,0.01458,2.2150e+0,7.0105e+10,1.6887e+11
0.03021,0.01458,2.1942e+0,7.5948e+10,2.8966e+11
0.03229,0.01458,2.1703e+0,7.9036e+10,2.7710e+11
0.03438,0.01458,2.1445e+0,6.8773e+10,3.4424e+11
0.03646,0.01458,2.1115e+0,7.9765e+10,3.2846e+11
0.03854,0.01458,2.0737e+0,7.3639e+10,2.3420e+11
0.04063,0.01458,2.0372e+0,7.8025e+10,2.4299e+11
0.04271,0.01458,2.0008e+0,7.1645e+10,2.6290e+11
0.04479,0.01458,1.9615e+0,7.7146e+10,2.3324e+11
0.04688,0.01458,1.9224e+0,7.3397e+10,2.3777e+11
0.04896,0.01458,1.8829e+0,8.5430e+10,1.8508e+11
0.05104,0.01458,1.8482e+0,7.9536e+10,2.6175e+11
0.05312,0.01458,1.8116e+0,7.1372e+10,2.8341e+11
0.05521,0.01458,1.7714e+0,7.4257e+10,2.5338e+11
0.05729,0.01458,1.7302e+0,7.2133e+10,2.1856e+11
0.05937,0.01458,1.6908e+0,6.4324e+10,2.9840e+11
0.06146,0.01458,1.6468e+0,6.5465e+10,2.9294e+11
0.06354,0.01458,1.5984e+0,7.0486e+10,3.9289e+11
0.06563,0.01458,1.5388e+0,7.2280e+10,2.9449e+11
0.06771,0.01458,1.4751e+0,6.5994e+10,2.0549e+11
0.06979,0.01458,1.4123e+0,7.7964e+10,2.2886e+11
0.07187,0.01458,1.3480e+0,7.6229e+10,2.4817e+11
0.07396,0.01458,1.2803e+0,7.1834e+10,2.0706e+11
0.07604,0.01458,1.2112e+0,6.5261e+10,2.7323e+11
0.07813,0.01458,1.1349e+0,6.7748e+10,2.1009e+11
0.08021,0.01458,1.0559e+0,6.5892e+10,2.5045e+11
0.08229,0.01458,9.7079e-1,7.1922e+10,2.5055e+11
0.08438,0.01458,8.8000e-1,6.5490e+10,2.6634e+11
0.08646,0.01458,7.8101e-1,5.7670e+10,2.4068e+11
0.08854,0.01458,6.7454e-1,5.9006e+10,1.9661e+11
0.09062,0.01458,5.6376e-1,1.7066e+10,1.8030e+11
0.09271,0.01458,4.4652e-1,6.7840e+6,1.6511e+11
0.09479,0.01458,3.2210e-1,0.0000e+0,1.1234e+11
0.09688,0.01458,1.9388e-1,0.0000e+0,5.5725e+10
0.09896,0.01458,6.5364e-2,0.0000e+0,7.2711e+10
0.00104,0.01875,2.9967e+0,5.5576e+10,3.4653e+11
0.00313,0.01875,2.9924e+0,4.6632e+10,3.9196e+11
0.00521,0.01875,2.9787e+0,3.5389e+10,2.3141e+11
0.00729,0.01875,2.9657e+0,4.7134e+10,3.8005e+11
0.00937,0.01875,2.9427e+0,5.7661e+10,3.2635e+11
0.01146,0.01875,2.9165e+0,9.7956e+10,2.7555e+11
0.01354,0.01875,2.8933e+0,9.3338e+10,2.0931e+11
0.01563,0.01875,2.8758e+0,7.4314e+10,2.8994e+11
0.01771,0.01875,2.8561e+0,9.1432e+10,3.0417e+11
0.01979,0.01875,2.8344e+0,9.2628e+10,2.5275e+11
0.02187,0.01875,2.8137e+0,7.1016e+10,2.5756e+11
0.02396,0.01875,2.7913e+0,7.3085e+10,2.9937e+11
0.02604,0.01875,2.7650e+0,7.5872e+10,3.1286e+11
0.02813,0.01875,2.7346e+0,8.8071e+10,2.5846e+11
0.03021,0.01875,2.7054e+0,9.9874e+10,3.2470e+11
0.03229,0.01875,2.6729e+0,1.0177e+11,3.6072e+11
0.03438,0.01875,2.6344e+0,9.1369e+10,3.2382e+11
0.03646,0.01875,2.5913e+0,1.0744e+11,3.1566e+11
0.03854,0.01875,2.5452e+0,9.5976e+10,2.3601e+11
0.04063,0.01875,2.5006e+0,9.7444e+10,2.5026e+11
0.04271,0.01875,2.4564e+0,9.4115e+10,3.0960e+11
0.04479,0.01875,2.4080e+0,1.0930e+11,2.7640e+11
0.04688,0.01875,2.3590e+0,1.0283e+11,2.7294e+11
0.04896,0.01875,2.3094e+0,1.1123e+11,2.0905e+11
0.05104,0.01875,2.2645e+0,1.0517e+11,3.2144e+11
0.05312,0.01875,2.2156e+0,9.5843e+10,2.8914e+11
0.05521,0.01875,2.1637e+0,9.3132e+10,2.6819e+11
0.05729,0.01875,2.1103e+0,8.7858e+10,2.1464e+11
0.05937,0.01875,2.0588e+0,8.1325e+10,2.7663e+11
0.06146,0.01875,2.0041e+0,8.3660e+10,3.2143e+11
0.06354,0.01875,1.9431e+0,9.6520e+10,3.8430e+11
0.06563,0.01875,1.8721e+0,9.9065e+10,2.7104e+11
0.06771,0.01875,1.7990e+0,8.4321e+10,2.3278e+11
0.06979,0.01875,1.7249e+0,9.3799e+10,2.6838e+11
0.07187,0.01875,1.6473e+0,9.3285e+10,2.7340e+11
0.07396,0.01875,1.5655e+0,9.1566e+10,2.6867e+11
0.07604,0.01875,1.4795e+0,8.1580e+10,3.0236e+11
0.07813,0.01875,1.3853e+0,8.4833e+10,2.5934e+11
0.08021,0.01875,1.2856e+0,8.8371e+10,2.5545e+11
0.08229,0.01875,1.1801e+0,9.0760e+10,2.4859e+11
0.08438,0.01875,1.0692e+0,7.6770e+10,2.7576e+11
0.08646,0.01875,9.4964e-1,7.0678e+10,2.8984e+11
0.08854,0.01875,8.2007e-1,6.8868e+10,2.3211e+11
0.09062,0.01875,6.8421e-1,1.9364e+10,1.7385e+11
0.09271,0.01875,5.4169e-1,6.2313e+6,1.6956e+11
0.09479,0.01875,3.9058e-1,0.0000e+0,8.8606e+10
0.09688,0.01875,2.3631e-1,0.0000e+0,8.5812e+10
0.09896,0.01875,7.8976e-2,0.0000e+0,4.8964e+10
0.00104,0.02292,3.4868e+0,5.4298e+10,1.1181e+11
0.00313,0.02292,3.4891e+0,4.9255e+10,3.1962e+11
0.00521,0.02292,3.4820e+0,4.5281e+10,3.1557e+11
0.00729,0.02292,3.4684e+0,5.1931e+10,4.3147e+11
0.00937,0.02292,3.4415e+0,6.5120e+10,2.5584e+11
0.01146,0.02292,3.4145e+0,1.1968e+11,2.6451e+11
0.01354,0.02292,3.3898e+0,1.1545e+11,2.5702e+11
0.01563,0.02292,3.3668e+0,8.8338e+10,2.3342e+11
0.01771,0.02292,3.3442e+0,1.0925e+11,2.7501e+11
0.01979,0.02292,3.3208e+0,9.7405e+10,2.7124e+11
0.02187,0.02292,3.2963e+0,9.1687e+10,2.7588e+11
0.02396,0.02292,3.2700e+0,9.9602e+10,3.0687e+11
0.02604,0.02292,3.2404e+0,9.7181e+10,3.6877e+11
0.02813,0.02292,3.2041e+0,1.1490e+11,3.0418e+11
0.03021,0.02292,3.1680e+0,1.1830e+11,3.7537e+11
0.03229,0.02292,3.1271e+0,1.2519e+11,4.0085e+11
0.03438,0.02292,3.0799e+0,1.2366e+11,3.8031e+11
0.03646,0.02292,3.0278e+0,1.1928e+11,2.9006e+11
0.03854,0.02292,2.9768e+0,1.1979e+11,3.4071e+11
0.04063,0.02292,2.9230e+0,1.2492e+11,2.8139e+11
0.04271,0.02292,2.8707e+0,1.1564e+11,3.6051e+11
0.04479,0.02292,2.8129e+0,1.3905e+11,3.2359e+11
0.04688,0.02292,2.7538e+0,1.3091e+11,2.9698e+11
0.04896,0.02292,2.6940e+0,1.3414e+11,2.5411e+11
0.05104,0.02292,2.6368e+0,1.2378e+11,2.8471e+11
0.05312,0.02292,2.5788e+0,1.1766e+11,3.4378e+11
0.05521,0.02292,2.5153e+0,1.1618e+11,2.8553e+11
0.05729,0.02292,2.4501e+0,1.1296e+11,2.3369e+11
0.05937,0.02292,2.3863e+0,1.0599e+11,2.6958e+11
0.06146,0.02292,2.3192e+0,1.0464e+11,2.8678e+11
0.06354,0.02292,2.2465e+0,1.2394e+11,2.9332e+11
0.06563,0.02292,2.1685e+0,1.2731e+11,2.4373e+11
0.06771,0.02292,2.0895e+0,1.0901e+11,2.9508e+11
0.06979,0.02292,2.0054e+0,1.1774e+11,3.0647e+11
0.07187,0.02292,1.9160e+0,1.1417e+11,2.9961e+11
0.07396,0.02292,1.8213e+0,1.1316e+11,2.9628e+11
0.07604,0.02292,1.7213e+0,1.0278e+11,3.1836e+11
0.07813,0.02292,1.6130e+0,1.0013e+11,3.1984e+11
0.08021,0.02292,1.4966e+0,9.8600e+10,3.1100e+11
0.08229,0.02292,1.3724e+0,1.1057e+11,2.9345e+11
0.08438,0.02292,1.2416e+0,9.0779e+10,2.9823e+11
0.08646,0.02292,1.1016e+0,8.6256e+10,2.9318e+11
0.08854,0.02292,9.5202e-1,8.0579e+10,2.4879e+11
0.09062,0.02292,7.9554e-1,2.0645e+10,1.9219e+11
0.09271,0.02292,6.3115e-1,5.6211e+6,1.8204e+11
0.09479,0.02292,4.5730e-1,0.0000e+0,1.3572e+11
0.09688,0.02292,2.7740e-1,0.0000e+0,1.2130e+11
0.09896,0.02292,9.2974e-2,0.0000e+0,7.7523e+10
0.00104,0.02708,3.9402e+0,4.4095e+10,0.0000e+0
0.00313,0.02708,3.9451e+0,4.5745e+10,2.2089e+11
0.00521,0.02708,3.9428e+0,6.6018e+10,3.9055e+11
0.00729,0.02708,3.9280e+0,5.8388e+10,3.5987e+11
0.00937,0.02708,3.9051e+0,8.0844e+10,3.7070e+11
0.01146,0.02708,3.8761e+0,1.3729e+11,2.8440e+11
0.01354,0.02708,3.8500e+0,1.5508e+11,3.4786e+11
0.01563,0.02708,3.8227e+0,1.0810e+11,2.8227e+11
0.01771,0.02708,3.7945e+0,1.3559e+11,2.8470e+11
0.01979,0.02708,3.7671e+0,1.1864e+11,3.0467e+11
0.02187,0.02708,3.7377e+0,1.0685e+11,2.8880e+11
0.02396,0.02708,3.7067e+0,1.1119e+11,3.8077e+11
0.02604,0.02708,3.6675e+0,1.1532e+11,3.1748e+11
0.02813,0.02708,3.6244e+0,1.3339e+11,3.0324e+11
0.03021,0.02708,3.5795e+0,1.4760e+11,3.3259e+11
0.03229,0.02708,3.5314e+0,1.4740e+11,3.9248e+11
0.03438,0.02708,3.4762e+0,1.4058e+11,3.3353e+11
0.03646,0.02708,3.4184e+0,1.4356e+11,3.0514e+11
0.03854,0.02708,3.3609e+0,1.5040e+11,3.3182e+11
0.04063,0.02708,3.3019e+0,1.5608e+11,3.5638e+11
0.04271,0.02708,3.2402e+0,1.4145e+11,3.2430e+11
0.04479,0.02708,3.1759e+0,1.6770e+11,3.3450e+11
0.04688,0.02708,3.1103e+0,1.5919e+11,3.6566e+11
0.04896,0.02708,3.0397e+0,1.6497e+11,2.6084e+11
0.05104,0.02708,2.9717e+0,1.4769e+11,2.9038e+11
0.05312,0.02708,2.9024e+0,1.4783e+11,3.1368e+11
0.05521,0.02708,2.8297e+0,1.4730e+11,2.7294e+11
0.05729,0.02708,2.7563e+0,1.3810e+11,2.3440e+11
0.05937,0.02708,2.6844e+0,1.2738e+11,2.7990e+11
0.06146,0.02708,2.6091e+0,1.2788e+11,3.1580e+11
0.06354,0.02708,2.5279e+0,1.4963e+11,3.2166e+11
0.06563,0.02708,2.4420e+0,1.4444e+11,3.0060e+11
0.06771,0.02708,2.3525e+0,1.2773e+11,3.0607e+11
0.06979,0.02708,2.2579e+0,1.4037e+11,3.1772e+11
0.07187,0.02708,2.1583e+0,1.3372e+11,3.3255e+11
0.07396,0.02708,2.0523e+0,1.3605e+11,3.4263e+11
0.07604,0.02708,1.9393e+0,1.2351e+11,3.6713e+11
0.07813,0.02708,1.8163e+0,1.2373e+11,3.3541e+11
0.08021,0.02708,1.6850e+0,1.1842e+11,3.1399e+11
0.08229,0.02708,1.5463e+0,1.2769e+11,3.3872e+11
0.08438,0.02708,1.3988e+0,1.0537e+11,3.3624e+11
0.08646,0.02708,1.2412e+0,9.4891e+10,3.2181e+11
0.08854,0.02708,1.0730e+0,9.2249e+10,2.4850e+11
0.09062,0.02708,8.9938e-1,2.4208e+10,2.3130e+11
0.09271,0.02708,7.1648e-1,1.4327e+7,2.4578e+11
0.09479,0.02708,5.2112e-1,0.0000e+0,2.2881e+11
0.09688,0.02708,3.1419e-1,0.0000e+0,9.7981e+10
0.09896,0.02708,1.0428e-1,0.0000e+0,3.4831e+10
0.00104,0.03125,4.3675e+0,4.5674e+10,1.0176e+10
0.00313,0.03125,4.3719e+0,6.4829e+10,2.8512e+11
0.00521,0.03125,4.3656e+0,6.7338e+10,3.6707e+11
0.00729,0.03125,4.3465e+0,5.5241e+10,2.3639e+11
0.00937,0.03125,4.3250e+0,9.0769e+10,3.1196e+11
0.01146,0.03125,4.3000e+0,1.6023e+11,4.0307e+11
0.01354,0.03125,4.2708e+0,1.6943e+11,3.3942e+11
0.01563,0.03125,4.2423e+0,1.2637e+11,3.7767e+11
0.01771,0.03125,4.2077e+0,1.6122e+11,2.9929e+11
0.01979,0.03125,4.1745e+0,1.5134e+11,3.1342e+11
0.02187,0.03125,4.1403e+0,1.1788e+11,2.9508e+11
0.02396,0.03125,4.1036e+0,1.2668e+11,3.5613e+11
0.02604,0.03125,4.0602e+0,1.3553e+11,3.5019e+11
0.02813,0.03125,4.0113e+0,1.7236e+11,3.7099e+11
0.03021,0.03125,3.9585e+0,1.8349e+11,4.0601e+11
0.03229,0.03125,3.9003e+0,1.7268e+11,3.8436e+11
0.03438,0.03125,3.8364e+0,1.7159e+11,3.3628e+11
0.03646,0.03125,3.7702e+0,1.7877e+11,2.8957e+11
0.03854,0.03125,3.7060e+0,1.7847e+11,3.2117e+11
0.04063,0.03125,3.6418e+0,1.8955e+11,3.7631e+11
0.04271,0.03125,3.5742e+0,1.7479e+11,3.4358e+11
0.04479,0.03125,3.5044e+0,2.1333e+11,3.6233e+11
0.04688,0.03125,3.4336e+0,1.9114e+11,4.0775e+11
0.04896,0.03125,3.3570e+0,1.8075e+11,3.4400e+11
0.05104,0.03125,3.2784e+0,1.6887e+11,3.1411e+11
0.05312,0.03125,3.1984e+0,1.7295e+11,2.8477e+11
0.05521,0.03125,3.1186e+0,1.7293e+11,3.2035e+11
0.05729,0.03125,3.0369e+0,1.7328e+11,2.4972e+11
0.05937,0.03125,2.9579e+0,1.5538e+11,3.2691e+11
0.06146,0.03125,2.8746e+0,1.6281e+11,3.6374e+11
0.06354,0.03125,2.7852e+0,1.8349e+11,3.5545e+11
0.06563,0.03125,2.6919e+0,1.7532e+11,3.9060e+11
0.06771,0.03125,2.5911e+0,1.5681e+11,3.1798e+11
0.06979,0.03125,2.4864e+0,1.7034e+11,3.4914e+11
0.07187,0.03125,2.3758e+0,1.5856e+11,3.4823e+11
0.07396,0.03125,2.2583e+0,1.5280e+11,3.4039e+11
0.07604,0.03125,2.1342e+0,1.4520e+11,3.9794e+11
0.07813,0.03125,1.9992e+0,1.4507e+11,3.6277e+11
0.08021,0.03125,1.8563e+0,1.3832e+11,3.9280e+11
0.08229,0.03125,1.7032e+0,1.4868e+11,4.1899e+11
0.08438,0.03125,1.5389e+0,1.2535e+11,3.2671e+11
0.08646,0.03125,1.3676e+0,1.0871e+11,3.9103e+11
0.08854,0.03125,1.1830e+0,1.0909e+11,3.0581e+11
0.09062,0.03125,9.9149e-1,3.2950e+10,2.4408e+11
0.09271,0.03125,7.9148e-1,4.2129e+7,2.8169e+11
0.09479,0.03125,5.7699e-1,0.0000e+0,2.4341e+11
0.09688,0.03125,3.5002e-1,0.0000e+0,1.4634e+11
0.09896,0.03125,1.1693e-1,0.0000e+0,7.4463e+10
0.00104,0.03542,4.7710e+0,4.4192e+10,1.3429e+11
0.00313,0.03542,4.7741e+0,7.3773e+10,3.9510e+11
0.00521,0.03542,4.7661e+0,6.7903e+10,5.1207e+11
0.00729,0.03542,4.7410e+0,6.2457e+10,3.4761e+11
0.00937,0.03542,4.7102e+0,9.2574e+10,1.9498e+11
0.01146,0.03542,4.6844e+0,1.7919e+11,4.1292e+11
0.01354,0.03542,4.6526e+0,1.8497e+11,2.9876e+11
0.01563,0.03542,4.6247e+0,1.5336e+11,4.3005e+11
0.01771,0.03542,4.5875e+0,1.8190e+11,3.2744e+11
0.01979,0.03542,4.5496e+0,1.8934e+11,3.4061e+11
0.02187,0.03542,4.5108e+0,1.5269e+11,3.3178e+11
0.02396,0.03542,4.4690e+0,1.5691e+11,3.7525e+11
0.02604,0.03542,4.4220e+0,1.6649e+11,4.5537e+11
0.02813,0.03542,4.3668e+0,2.0395e+11,4.7984e+11
0.03021,0.03542,4.3048e+0,2.1372e+11,3.8923e+11
0.03229,0.03542,4.2410e+0,1.9956e+11,4.3990e+11
0.03438,0.03542,4.1698e+0,1.9779e+11,4.0445e+11
0.03646,0.03542,4.0939e+0,2.1741e+11,3.2042e+11
0.03854,0.03542,4.0207e+0,2.1380e+11,2.9325e+11
0.04063,0.03542,3.9500e+0,2.1615e+11,3.4527e+11
0.04271,0.03542,3.8775e+0,2.0895e+11,3.5880e+11
0.04479,0.03542,3.8027e+0,2.5454e+11,4.1569e+11
0.04688,0.03542,3.7257e+0,2.0503e+11,4.1571e+11
0.04896,0.03542,3.6439e+0,2.0599e+11,4.1030e+11
0.05104,0.03542,3.5579e+0,2.0268e+11,3.5388e+11
0.05312,0.03542,3.4706e+0,1.9598e+11,3.3991e+11
0.05521,0.03542,3.3818e+0,1.9909e+11,3.0086e+11
0.05729,0.03542,3.2936e+0,2.0527e+11,2.9930e+11
0.05937,0.03542,3.2066e+0,1.8132e+11,3.6703e+11
0.06146,0.03542,3.1130e+0,1.9076e+11,3.2487e+11
0.06354,0.03542,3.0163e+0,2.1143e+11,3.5483e+11
0.06563,0.03542,2.9158e+0,2.0218e+11,4.0147e+11
0.06771,0.03542,2.8077e+0,1.8480e+11,3.3933e+11
0.06979,0.03542,2.6955e+0,2.0037e+11,4.2608e+11
0.07187,0.03542,2.5742e+0,1.8603e+11,3.8705e+11
0.07396,0.03542,2.4453e+0,1.7843e+11,3.9521e+11
0.07604,0.03542,2.3078e+0,1.7327e+11,4.0213e+11
0.07813,0.03542,2.1601e+0,1.7207e+11,3.7866e+11
0.08021,0.03542,2.0035e+0,1.5713e+11,3.8006e+11
0.08229,0.03542,1.8364e+0,1.6605e+11,3.6676e+11
0.08438,0.03542,1.6602e+0,1.3704e+11,3.3160e+11
0.08646,0.03542,1.4756e+0,1.1961e+11,3.8845e+11
0.08854,0.03542,1.2765e+0,1.2160e+11,3.0173e+11
0.09062,0.03542,1.0693e+0,3.8127e+10,2.0648e+11
0.09271,0.03542,8.5456e-1,2.9441e+7,2.6136e+11
0.09479,0.03542,6.2573e-1,0.0000e+0,2.6482e+11
0.09688,0.03542,3.8411e-1,0.0000e+0,2.8920e+11
0.09896,0.03542,1.2891e-1,0.0000e+0,1.2105e+11
0.00104,0.03958,5.1209e+0,4.5083e+10,1.1827e+10
0.00313,0.03958,5.1267e+0,6.8049e+10,3.3165e+11
0.00521,0.03958,5.1219e+0,6.7104e+10,4.8744e+11
0.00729,0.03958,5.1009e+0,7.7032e+10,4.7654e+11
0.00937,0.03958,5.0683e+0,1.1942e+11,2.8438e+11
0.01146,0.03958,5.0398e+0,2.0817e+11,5.3600e+11
0.01354,0.03958,5.0017e+0,1.9839e+11,2.2525e+11
0.01563,0.03958,4.9748e+0,1.7280e+11,4.1157e+11
0.01771,0.03958,4.9424e+0,1.9700e+11,5.7975e+11
0.01979,0.03958,4.8966e+0,2.1458e+11,3.9062e+11
0.02187,0.03958,4.8521e+0,1.7314e+11,4.2762e+11
0.02396,0.03958,4.8022e+0,1.8682e+11,4.8739e+11
0.02604,0.03958,4.7424e+0,2.0020e+11,3.9345e+11
0.02813,0.03958,4.6798e+0,2.3049e+11,3.4546e+11
0.03021,0.03958,4.6205e+0,2.3437e+11,5.1209e+11
0.03229,0.03958,4.5532e+0,2.3294e+11,5.5294e+11
0.03438,0.03958,4.4745e+0,2.2815e+11,4.4424e+11
0.03646,0.03958,4.3921e+0,2.4811e+11,3.3690e+11
0.03854,0.03958,4.3154e+0,2.3801e+11,3.8754e+11
0.04063,0.03958,4.2397e+0,2.5107e+11,5.0834e+11
0.04271,0.03958,4.1576e+0,2.3370e+11,4.3538e+11
0.04479,0.03958,4.0731e+0,2.8162e+11,4.8170e+11
0.04688,0.03958,3.9853e+0,2.3123e+11,3.8005e+11
0.04896,0.03958,3.8975e+0,2.3737e+11,3.9310e+11
0.05104,0.03958,3.8092e+0,2.2910e+11,4.2999e+11
0.05312,0.03958,3.7172e+0,2.1551e+11,3.7891e+11
0.05521,0.03958,3.6241e+0,2.3656e+11,4.0548e+11
0.05729,0.03958,3.5289e+0,2.2948e+11,3.4160e+11
0.05937,0.03958,3.4358e+0,1.9986e+11,4.2737e+11
0.06146,0.03958,3.3352e+0,2.1372e+11,3.9852e+11
0.06354,0.03958,3.2298e+0,2.4102e+11,4.0097e+11
0.06563,0.03958,3.1210e+0,2.3387e+11,4.3224e+11
0.06771,0.03958,3.0056e+0,2.0471e+11,4.0093e+11
0.06979,0.03958,2.8843e+0,2.1899e+11,4.4912e+11
0.07187,0.03958,2.7539e+0,2.0975e+11,4.4212e+11
0.07396,0.03958,2.6142e+0,1.9706e+11,4.2830e+11
0.07604,0.03958,2.4653e+0,1.9532e+11,4.0181e+11
0.07813,0.03958,2.3084e+0,1.9333e+11,4.5832e+11
0.08021,0.03958,2.1391e+0,1.7819e+11,4.0648e+11
0.08229,0.03958,1.9601e+0,1.8180e+11,3.9672e+11
0.08438,0.03958,1.7721e+0,1.4500e+11,3.4505e+11
0.08646,0.03958,1.5760e+0,1.3144e+11,4.1559e+11
0.08854,0.03958,1.3645e+0,1.3613e+11,3.4193e+11
0.09062,0.03958,1.1440e+0,3.9754e+10,2.7834e+11
0.09271,0.03958,9.1182e-1,1.3109e+7,2.9974e+11
0.09479,0.03958,6.6310e-1,0.0000e+0,2.1835e+11
0.09688,0.03958,4.0308e-1,0.0000e+0,1.6975e+11
0.09896,0.03958,1.3490e-1,0.0000e+0,9.1290e+10
0.00104,0.04375,5.4356e+0,5.4443e+10,1.3263e+11
0.00313,0.04375,5.4372e+0,8.5773e+10,3.0241e+11
0.00521,0.04375,5.4310e+0,7.9327e+10,3.8294e+11
0.00729,0.04375,5.4121e+0,8.0238e+10,3.5870e+11
0.00937,0.04375,5.3855e+0,1.3279e+11,3.7663e+11
0.01146,0.04375,5.3549e+0,2.1200e+11,4.7553e+11
0.01354,0.04375,5.3175e+0,2.2092e+11,3.0159e+11
0.01563,0.04375,5.2877e+0,1.9912e+11,4.8343e+11
0.01771,0.04375,5.2493e+0,2.2358e+11,5.2725e+11
0.01979,0.04375,5.2018e+0,2.3431e+11,4.5499e+11
0.02187,0.04375,5.1531e+0,1.9912e+11,4.7368e+11
0.02396,0.04375,5.0997e+0,2.1484e+11,6.1640e+11
0.02604,0.04375,5.0327e+0,2.2861e+11,4.9274e+11
0.02813,0.04375,4.9621e+0,2.4396e+11,3.5811e+11
0.03021,0.04375,4.8977e+0,2.6630e+11,4.9856e+11
0.03229,0.04375,4.8299e+0,2.6184e+11,6.6205e+11
0.03438,0.04375,4.7458e+0,2.5711e+11,5.0128e+11
0.03646,0.04375,4.6575e+0,2.7788e+11,3.8358e+11
0.03854,0.04375,4.5755e+0,2.6054e+11,4.9301e+11
0.04063,0.04375,4.4902e+0,2.7939e+11,5.2730e+11
0.04271,0.04375,4.4004e+0,2.5179e+11,4.4694e+11
0.04479,0.04375,4.3097e+0,3.1520e+11,5.6426e+11
0.04688,0.04375,4.2138e+0,2.5710e+11,4.0580e+11
0.04896,0.04375,4.1188e+0,2.5549e+11,3.5150e+11
0.05104,0.04375,4.0272e+0,2.6011e+11,4.5326e+11
0.05312,0.04375,3.9317e+0,2.4701e+11,3.8682e+11
0.05521,0.04375,3.8357e+0,2.6060e+11,4.5842e+11
0.05729,0.04375,3.7343e+0,2.6196e+11,3.2958e+11
0.05937,0.04375,3.6369e+0,2.3258e+11,4.6107e+11
0.06146,0.04375,3.5321e+0,2.3118e+11,4.5590e+11
0.06354,0.04375,3.4214e+0,2.6268e+11,5.0707e+11
0.06563,0.04375,3.3040e+0,2.5728e+11,4.8810e+11
0.06771,0.04375,3.1803e+0,2.1650e+11,4.0898e+11
0.06979,0.04375,3.0521e+0,2.3436e+11,5.0068e+11
0.07187,0.04375,2.9136e+0,2.3068e+11,5.1838e+11
0.07396,0.04375,2.7637e+0,2.1824e+11,4.4710e+11
0.07604,0.04375,2.6064e+0,2.1379e+11,4.5633e+11
0.07813,0.04375,2.4409e+0,2.1078e+11,5.5053e+11
0.08021,0.04375,2.2597e+0,1.8981e+11,4.0391e+11
0.08229,0.04375,2.0707e+0,1.9124e+11,3.9176e+11
0.08438,0.04375,1.8730e+0,1.5851e+11,3.3095e+11
0.08646,0.04375,1.6680e+0,1.4595e+11,4.7602e+11
0.08854,0.04375,1.4440e+0,1.4992e+11,3.5135e+11
0.09062,0.04375,1.2112e+0,4.0905e+10,3.2552e+11
0.09271,0.04375,9.6280e-1,8.0219e+6,2.6586e+11
0.09479,0.04375,6.9941e-1,0.0000e+0,2.2835e+11
0.09688,0.04375,4.2414e-1,0.0000e+0,1.6941e+11
0.09896,0.04375,1.4126e-1,0.0000e+0,6.4502e+10
0.00104,0.04792,5.7126e+0,6.7694e+10,1.0639e+10
0.00313,0.04792,5.7173e+0,8.8870e+10,2.2665e+11
0.00521,0.04792,5.7156e+0,7.6080e+10,4.9503e+11
0.00729,0.04792,5.6922e+0,8.2917e+10,2.6545e+11
0.00937,0.04792,5.6676e+0,1.3096e+11,3.5183e+11
0.01146,0.04792,5.6394e+0,2.2066e+11,5.7691e+11
0.01354,0.04792,5.5984e+0,2.2404e+11,3.1250e+11
0.01563,0.04792,5.5640e+0,2.1069e+11,5.4172e+11
0.01771,0.04792,5.5170e+0,2.3907e+11,5.0077e+11
0.01979,0.04792,5.4631e+0,2.5667e+11,4.7386e+11
0.02187,0.04792,5.4056e+0,2.3486e+11,4.0514e+11
0.02396,0.04792,5.3469e+0,2.3032e+11,5.3400e+11
0.02604,0.04792,5.2764e+0,2.4584e+11,4.2832e+11
0.02813,0.04792,5.2033e+0,2.8278e+11,3.8511e+11
0.03021,0.04792,5.1343e+0,3.0130e+11,4.6339e+11
0.03229,0.04792,5.0653e+0,2.9401e+11,7.0946e+11
0.03438,0.04792,4.9781e+0,2.7431e+11,5.5526e+11
0.03646,0.04792,4.8842e+0,3.0266e+11,4.5200e+11
0.03854,0.04792,4.7940e+0,2.7882e+11,5.3671e+11
0.04063,0.04792,4.6985e+0,3.0883e+11,4.7696e+11
0.04271,0.04792,4.6029e+0,2.8151e+11,4.4613e+11
0.04479,0.04792,4.5065e+0,3.4264e+11,4.9891e+11
0.04688,0.04792,4.4092e+0,2.7988e+11,4.0999e+11
0.04896,0.04792,4.3122e+0,2.7728e+11,3.9823e+11
0.05104,0.04792,4.2153e+0,2.8811e+11,3.8917e+11
0.05312,0.04792,4.1194e+0,2.7947e+11,4.2575e+11
0.05521,0.04792,4.0216e+0,2.8747e+11,5.1654e+11
0.05729,0.04792,3.9166e+0,2.8211e+11,4.4251e+11
0.05937,0.04792,3.8107e+0,2.6029e+11,5.1018e+11
0.06146,0.04792,3.6962e+0,2.6228e+11,4.3344e+11
0.06354,0.04792,3.5782e+0,2.9619e+11,4.7255e+11
0.06563,0.04792,3.4547e+0,2.7651e+11,4.1110e+11
0.06771,0.04792,3.3281e+0,2.2834e+11,4.4548e+11
0.06979,0.04792,3.1936e+0,2.5005e+11,5.5677e+11
0.07187,0.04792,3.0450e+0,2.4468e+11,4.7429e+11
0.07396,0.04792,2.8883e+0,2.4187e+11,4.9802e+11
0.07604,0.04792,2.7213e+0,2.4296e+11,4.2889e+11
0.07813,0.04792,2.5485e+0,2.3924e+11,5.0658e+11
0.08021,0.04792,2.3633e+0,2.0743e+11,3.9354e+11
0.08229,0.04792,2.1726e+0,2.0816e+11,4.9567e+11
0.08438,0.04792,1.9689e+0,1.7715e+11,4.3202e+11
0.08646,0.04792,1.7531e+0,1.5936e+11,5.0308e+11
0.08854,0.04792,1.5169e+0,1.6800e+11,3.3857e+11
0.09062,0.04792,1.2735e+0,4.8237e+10,3.4693e+11
0.09271,0.04792,1.0132e+0,7.1303e+6,3.0323e+11
0.09479,0.04792,7.3519e-1,0.0000e+0,2.0769e+11
0.09688,0.04792,4.4642e-1,0.0000e+0,1.7992e+11
0.09896,0.04792,1.4973e-1,0.0000e+0,1.1980e+11
0.00104,0.05208,5.9705e+0,7.3471e+10,9.5313e+9
0.00313,0.05208,5.9754e+0,9.6687e+10,2.0365e+11
0.00521,0.05208,5.9751e+0,9.0770e+10,5.9984e+11
0.00729,0.05208,5.9479e+0,1.0942e+11,3.4229e+11
0.00937,0.05208,5.9180e+0,1.4274e+11,2.9718e+11
0.01146,0.05208,5.8882e+0,2.4486e+11,5.2879e+11
0.01354,0.05208,5.8483e+0,2.2742e+11,3.9132e+11
0.01563,0.05208,5.8083e+0,2.2580e+11,5.7135e+11
0.01771,0.05208,5.7537e+0,2.6408e+11,4.9123e+11
0.01979,0.05208,5.6940e+0,2.6229e+11,4.5416e+11
0.02187,0.05208,5.6313e+0,2.4356e+11,3.7695e+11
0.02396,0.05208,5.5689e+0,2.4687e+11,5.1064e+11
0.02604,0.05208,5.4957e+0,2.5966e+11,4.7249e+11
0.02813,0.05208,5.4172e+0,3.1592e+11,4.5677e+11
0.03021,0.05208,5.3390e+0,3.3721e+11,4.3913e+11
0.03229,0.05208,5.2634e+0,3.2081e+11,6.7836e+11
0.03438,0.05208,5.1707e+0,2.9365e+11,5.4247e+11
0.03646,0.05208,5.0698e+0,3.3054e+11,4.1374e+11
0.03854,0.05208,4.9733e+0,3.0908e+11,4.7063e+11
0.04063,0.05208,4.8741e+0,3.5737e+11,4.6667e+11
0.04271,0.05208,4.7754e+0,3.1294e+11,4.4819e+11
0.04479,0.05208,4.6755e+0,3.6441e+11,4.2999e+11
0.04688,0.05208,4.5803e+0,2.9557e+11,4.4559e+11
0.04896,0.05208,4.4833e+0,3.0178e+11,4.6911e+11
0.05104,0.05208,4.3833e+0,3.2035e+11,4.4307e+11
0.05312,0.05208,4.2839e+0,3.0819e+11,5.0513e+11
0.05521,0.05208,4.1799e+0,3.1934e+11,5.5480e+11
0.05729,0.05208,4.0677e+0,2.9508e+11,4.0630e+11
0.05937,0.05208,3.9553e+0,2.7548e+11,4.5129e+11
0.06146,0.05208,3.8364e+0,2.7149e+11,3.5697e+11
0.06354,0.05208,3.7178e+0,3.1653e+11,5.2238e+11
0.06563,0.05208,3.5909e+0,3.0155e+11,5.3252e+11
0.06771,0.05208,3.4556e+0,2.4506e+11,4.8333e+11
0.06979,0.05208,3.3116e+0,2.8161e+11,5.7184e+11
0.07187,0.05208,3.1548e+0,2.7034e+11,4.6741e+11
0.07396,0.05208,2.9915e+0,2.5040e+11,4.7056e+11
0.07604,0.05208,2.8201e+0,2.5286e+11,4.7500e+11
0.07813,0.05208,2.6405e+0,2.5409e+11,5.0772e+11
0.08021,0.05208,2.4496e+0,2.3090e+11,3.5519e+11
0.08229,0.05208,2.2566e+0,2.3256e+11,4.6445e+11
0.08438,0.05208,2.0538e+0,1.9497e+11,5.4740e+11
0.08646,0.05208,1.8333e+0,1.7430e+11,6.1813e+11
0.08854,0.05208,1.5876e+0,1.8357e+11,4.1120e+11
0.09062,0.05208,1.3329e+0,5.4065e+10,3.4956e+11
0.09271,0.05208,1.0636e+0,7.2121e+6,3.9015e+11
0.09479,0.05208,7.7357e-1,0.0000e+0,3.1289e+11
0.09688,0.05208,4.6900e-1,0.0000e+0,2.0530e+11
0.09896,0.05208,1.5679e-1,0.0000e+0,1.0920e+11
0.00104,0.05625,6.2093e+0,5.6480e+10,6.1675e+10
0.00313,0.05625,6.2146e+0,8.6535e+10,4.5459e+11
0.00521,0.05625,6.2042e+0,1.0641e+11,5.5996e+11
0.00729,0.05625,6.1739e+0,1.1608e+11,2.5173e+11
0.00937,0.05625,6.1457e+0,1.5370e+11,3.5134e+11
0.01146,0.05625,6.1135e+0,2.6608e+11,5.2899e+11
0.01354,0.05625,6.0722e+0,2.4367e+11,4.3796e+11
0.01563,0.05625,6.0276e+0,2.3651e+11,6.1350e+11
0.01771,0.05625,5.9659e+0,2.8688e+11,4.3747e+11
0.01979,0.05625,5.9028e+0,2.8759e+11,4.3315e+11
0.02187,0.05625,5.8375e+0,2.6019e+11,3.3781e+11
0.02396,0.05625,5.7751e+0,2.7202e+11,6.5902e+11
0.02604,0.05625,5.6937e+0,2.9089e+11,4.8912e+11
0.02813,0.05625,5.6087e+0,3.4028e+11,4.9727e+11
0.03021,0.05625,5.5225e+0,3.5705e+11,4.4160e+11
0.03229,0.05625,5.4395e+0,3.4088e+11,6.4667e+11
0.03438,0.05625,5.3413e+0,3.1077e+11,5.4236e+11
0.03646,0.05625,5.2342e+0,3.5453e+11,3.8636e+11
0.03854,0.05625,5.1336e+0,3.3755e+11,4.5715e+11
0.04063,0.05625,5.0335e+0,4.0032e+11,5.8881e+11
0.04271,0.05625,4.9296e+0,3.3702e+11,4.7544e+11
0.04479,0.05625,4.8233e+0,3.9026e+11,3.0963e+11
0.04688,0.05625,4.7286e+0,3.1841e+11,4.4288e+11
0.04896,0.05625,4.6307e+0,3.3327e+11,5.0767e+11
0.05104,0.05625,4.5267e+0,3.6645e+11,4.7718e+11
0.05312,0.05625,4.4206e+0,3.3081e+11,4.1514e+11
0.05521,0.05625,4.3136e+0,3.3334e+11,4.8973e+11
0.05729,0.05625,4.2008e+0,3.1010e+11,4.1189e+11
0.05937,0.05625,4.0872e+0,2.9145e+11,4.9739e+11
0.06146,0.05625,3.9649e+0,2.8123e+11,3.9475e+11
0.06354,0.05625,3.8418e+0,3.3026e+11,6.1124e+11
0.06563,0.05625,3.7050e+0,3.2797e+11,5.0761e+11
0.06771,0.05625,3.5603e+0,2.6769e+11,4.3014e+11
0.06979,0.05625,3.4075e+0,3.0453e+11,4.5039e+11
0.07187,0.05625,3.2470e+0,2.9046e+11,4.6405e+11
0.07396,0.05625,3.0771e+0,2.6517e+11,3.8493e+11
0.07604,0.05625,2.9011e+0,2.6771e+11,4.0069e+11
0.07813,0.05625,2.7180e+0,2.7694e+11,4.5000e+11
0.08021,0.05625,2.5251e+0,2.5488e+11,3.6325e+11
0.08229,0.05625,2.3272e+0,2.5240e+11,4.1842e+11
0.08438,0.05625,2.1196e+0,2.0416e+11,4.5249e+11
0.08646,0.05625,1.8972e+0,1.8178e+11,6.5058e+11
0.08854,0.05625,1.6464e+0,1.9072e+11,4.8299e+11
0.09062,0.05625,1.3820e+0,5.6688e+10,3.9183e+11
0.09271,0.05625,1.0995e+0,6.8915e+6,3.3266e+11
0.09479,0.05625,7.9793e-1,0.0000e+0,2.4168e+11
0.09688,0.05625,4.8414e-1,0.0000e+0,1.9980e+11
0.09896,0.05625,1.6137e-1,0.0000e+0,7.9023e+10
0.00104,0.06042,6.4042e+0,7.8498e+10,2.7603e+10
0.00313,0.06042,6.4079e+0,1.0581e+11,2.5861e+11
0.00521,0.06042,6.4032e+0,1.0472e+11,4.3892e+11
0.00729,0.06042,6.3820e+0,1.1560e+11,3.4646e+11
0.00937,0.06042,6.3539e+0,1.6646e+11,3.6690e+11
0.01146,0.06042,6.3196e+0,2.7315e+11,5.1966e+11
0.01354,0.06042,6.2750e+0,2.5386e+11,4.3895e+11
0.01563,0.06042,6.2249e+0,2.5025e+11,4.9810e+11
0.01771,0.06042,6.1658e+0,3.0819e+11,5.2954e+11
0.01979,0.06042,6.1019e+0,3.0728e+11,5.4309e+11
0.02187,0.06042,6.0319e+0,2.7619e+11,4.4863e+11
0.02396,0.06042,5.9604e+0,2.9246e+11,6.9060e+11
0.02604,0.06042,5.8705e+0,2.9548e+11,4.3742e+11
0.02813,0.06042,5.7814e+0,3.5755e+11,5.2210e+11
0.03021,0.06042,5.6895e+0,3.7671e+11,4.0163e+11
0.03229,0.06042,5.6040e+0,3.6188e+11,7.0485e+11
0.03438,0.06042,5.4998e+0,3.3676e+11,5.7406e+11
0.03646,0.06042,5.3859e+0,3.8706e+11,4.5050e+11
0.03854,0.06042,5.2763e+0,3.6054e+11,4.2586e+11
0.04063,0.06042,5.1698e+0,4.2330e+11,4.1520e+11
0.04271,0.06042,5.0710e+0,3.5567e+11,5.1134e+11
0.04479,0.06042,4.9683e+0,4.0649e+11,4.8903e+11
0.04688,0.06042,4.8678e+0,3.4439e+11,4.6592e+11
0.04896,0.06042,4.7651e+0,3.5837e+11,4.7440e+11
0.05104,0.06042,4.6605e+0,3.8876e+11,5.6323e+11
0.05312,0.06042,4.5510e+0,3.4417e+11,4.8579e+11
0.05521,0.06042,4.4383e+0,3.5081e+11,5.0328e+11
0.05729,0.06042,4.3215e+0,3.2839e+11,4.1844e+11
0.05937,0.06042,4.2052e+0,3.1821e+11,5.5935e+11
0.06146,0.06042,4.0781e+0,2.9981e+11,4.1335e+11
0.06354,0.06042,3.9492e+0,3.4850e+11,5.1757e+11
0.06563,0.06042,3.8119e+0,3.4515e+11,5.4783e+11
0.06771,0.06042,3.6648e+0,2.9138e+11,5.2075e+11
0.06979,0.06042,3.5070e+0,3.2552e+11,5.1732e+11
0.07187,0.06042,3.3414e+0,3.1521e+11,4.9363e+11
0.07396,0.06042,3.1692e+0,2.7181e+11,4.7164e+11
0.07604,0.06042,2.9883e+0,2.8802e+11,4.6695e+11
0.07813,0.06042,2.8000e+0,2.9741e+11,4.2903e+11
0.08021,0.06042,2.6069e+0,2.6799e+11,4.4738e+11
0.08229,0.06042,2.4049e+0,2.6278e+11,5.1478e+11
0.08438,0.06042,2.1879e+0,2.1147e+11,5.2944e+11
0.08646,0.06042,1.9505e+0,1.8590e+11,5.1024e+11
0.08854,0.06042,1.6918e+0,1.9264e+11,3.7099e+11
0.09062,0.06042,1.4233e+0,5.8439e+10,3.9032e+11
0.09271,0.06042,1.1332e+0,6.7701e+6,3.2188e+11
0.09479,0.06042,8.2246e-1,0.0000e+0,2.1818e+11
0.09688,0.06042,4.9982e-1,0.0000e+0,2.0141e+11
0.09896,0.06042,1.6822e-1,0.0000e+0,1.5933e+11
0.00104,0.06458,6.5853e+0,6.4407e+10,6.1060e+10
0.00313,0.06458,6.5879e+0,8.9763e+10,2.3464e+11
0.00521,0.06458,6.5842e+0,1.1264e+11,2.7143e+11
0.00729,0.06458,6.5737e+0,1.2759e+11,3.9683e+11
0.00937,0.06458,6.5512e+0,1.7562e+11,4.5494e+11
0.01146,0.06458,6.5186e+0,2.9511e+11,7.0177e+11
0.01354,0.06458,6.4702e+0,2.5932e+11,6.6924e+11
0.01563,0.06458,6.4099e+0,2.5388e+11,5.5895e+11
0.01771,0.06458,6.3445e+0,3.2330e+11,5.5191e+11
0.01979,0.06458,6.2793e+0,3.2453e+11,6.9388e+11
0.02187,0.06458,6.2047e+0,3.0845e+11,6.4629e+11
0.02396,0.06458,6.1224e+0,3.0264e+11,6.4549e+11
0.02604,0.06458,6.0285e+0,3.1959e+11,4.1014e+11
0.02813,0.06458,5.9402e+0,3.8251e+11,6.0312e+11
0.03021,0.06458,5.8480e+0,3.8588e+11,5.0752e+11
0.03229,0.06458,5.7597e+0,3.7106e+11,8.4462e+11
0.03438,0.06458,5.6488e+0,3.6156e+11,6.9406e+11
0.03646,0.06458,5.5258e+0,4.0772e+11,4.4630e+11
0.03854,0.06458,5.4100e+0,3.9360e+11,4.4728e+11
0.04063,0.06458,5.2985e+0,4.4199e+11,3.7471e+11
0.04271,0.06458,5.1984e+0,3.7609e+11,4.6386e+11
0.04479,0.06458,5.0975e+0,4.3579e+11,5.3893e+11
0.04688,0.06458,4.9962e+0,3.5911e+11,5.4742e+11
0.04896,0.06458,4.8876e+0,3.8216e+11,4.8579e+11
0.05104,0.06458,4.7771e+0,4.0480e+11,4.6863e+11
0.05312,0.06458,4.6671e+0,3.6209e+11,5.6266e+11
0.05521,0.06458,4.5488e+0,3.7249e+11,4.8932e+11
0.05729,0.06458,4.4283e+0,3.6304e+11,4.3103e+11
0.05937,0.06458,4.3082e+0,3.4756e+11,5.0298e+11
0.06146,0.06458,4.1806e+0,3.1458e+11,3.5232e+11
0.06354,0.06458,4.0541e+0,3.6275e+11,6.3390e+11
0.06563,0.06458,3.9120e+0,3.6524e+11,5.9041e+11
0.06771,0.06458,3.7593e+0,3.0341e+11,5.1195e+11
0.06979,0.06458,3.5969e+0,3.4243e+11,5.4314e+11
0.07187,0.06458,3.4258e+0,3.4145e+11,4.4427e+11
0.07396,0.06458,3.2532e+0,2.8277e+11,5.2592e+11
0.07604,0.06458,3.0688e+0,3.0581e+11,4.3810e+11
0.07813,0.06458,2.8807e+0,3.0896e+11,4.5260e+11
0.08021,0.06458,2.6882e+0,2.8247e+11,5.2534e+11
0.08229,0.06458,2.4847e+0,2.8167e+11,6.6867e+11
0.08438,0.06458,2.2607e+0,2.2035e+11,6.7768e+11
0.08646,0.06458,2.0109e+0,2.0197e+11,5.0385e+11
0.08854,0.06458,1.7451e+0,1.9716e+11,3.8216e+11
0.09062,0.06458,1.4726e+0,5.7810e+10,4.9505e+11
0.09271,0.06458,1.1751e+0,6.8650e+6,4.1917e+11
0.09479,0.06458,8.5396e-1,0.0000e+0,3.3112e+11
0.09688,0.06458,5.1621e-1,0.0000e+0,1.8855e+11
0.09896,0.06458,1.7246e-1,0.0000e+0,1.1394e+11
0.00104,0.06875,6.7468e+0,6.1599e+10,3.4173e+10
0.00313,0.06875,6.7495e+0,1.0622e+11,1.0766e+11
0.00521,0.06875,6.7531e+0,1.0756e+11,2.8188e+11
0.00729,0.06875,6.7483e+0,1.2572e+11,5.3334e+11
0.00937,0.06875,6.7253e+0,1.7215e+11,6.6343e+11
0.01146,0.06875,6.6824e+0,3.1582e+11,8.3217e+11
0.01354,0.06875,6.6177e+0,2.8076e+11,4.9137e+11
0.01563,0.06875,6.5529e+0,2.5496e+11,5.3764e+11
0.01771,0.06875,6.4815e+0,3.2860e+11,5.2116e+11
0.01979,0.06875,6.4075e+0,3.4239e+11,4.7960e+11
0.02187,0.06875,6.3326e+0,3.1957e+11,5.0488e+11
0.02396,0.06875,6.2533e+0,2.9738e+11,5.6130e+11
0.02604,0.06875,6.1651e+0,3.3622e+11,5.7248e+11
0.02813,0.06875,6.0718e+0,3.9409e+11,5.5734e+11
0.03021,0.06875,5.9775e+0,4.0288e+11,5.4281e+11
0.03229,0.06875,5.8828e+0,4.0060e+11,7.5891e+11
0.03438,0.06875,5.7703e+0,3.7595e+11,5.7850e+11
0.03646,0.06875,5.6519e+0,4.3732e+11,5.3471e+11
0.03854,0.06875,5.5343e+0,4.2093e+11,3.9942e+11
0.04063,0.06875,5.4246e+0,4.4359e+11,4.4200e+11
0.04271,0.06875,5.3212e+0,3.8541e+11,5.0398e+11
0.04479,0.06875,5.2148e+0,4.5747e+11,4.7533e+11
0.04688,0.06875,5.1132e+0,3.7370e+11,5.8157e+11
0.04896,0.06875,5.0037e+0,4.0190e+11,5.9120e+11
0.05104,0.06875,4.8897e+0,4.2019e+11,5.9950e+11
0.05312,0.06875,4.7714e+0,3.7119e+11,5.1638e+11
0.05521,0.06875,4.6496e+0,3.9602e+11,4.5329e+11
0.05729,0.06875,4.5294e+0,3.8769e+11,4.5790e+11
0.05937,0.06875,4.4100e+0,3.7423e+11,5.4255e+11
0.06146,0.06875,4.2839e+0,3.2955e+11,4.6633e+11
0.06354,0.06875,4.1538e+0,3.7258e+11,7.4388e+11
0.06563,0.06875,4.0025e+0,3.7170e+11,5.2347e+11
0.06771,0.06875,3.8464e+0,3.1193e+11,5.4903e+11
0.06979,0.06875,3.6781e+0,3.6077e+11,4.9697e+11
0.07187,0.06875,3.5040e+0,3.5317e+11,4.3210e+11
0.07396,0.06875,3.3279e+0,2.9650e+11,4.5148e+11
0.07604,0.06875,3.1432e+0,3.2654e+11,4.3015e+11
0.07813,0.06875,2.9540e+0,3.2954e+11,4.7619e+11
0.08021,0.06875,2.7583e+0,2.9246e+11,5.8399e+11
0.08229,0.06875,2.5460e+0,3.0215e+11,6.0673e+11
0.08438,0.06875,2.3166e+0,2.3857e+11,6.1067e+11
0.08646,0.06875,2.0650e+0,2.1128e+11,5.7472e+11
0.08854,0.06875,1.7927e+0,2.1244e+11,4.2317e+11
0.09062,0.06875,1.5106e+0,5.9943e+10,4.0617e+11
0.09271,0.06875,1.2080e+0,6.5672e+6,4.7818e+11
0.09479,0.06875,8.7672e-1,0.0000e+0,3.5633e+11
0.09688,0.06875,5.2667e-1,0.0000e+0,1.1755e+11
0.09896,0.06875,1.7455e-1,0.0000e+0,4.5371e+10
0.00104,0.07292,6.8948e+0,5.6614e+10,2.4040e+10
0.00313,0.07292,6.8986e+0,9.3818e+10,1.3269e+11
0.00521,0.07292,6.9020e+0,1.1041e+11,5.0467e+11
0.00729,0.07292,6.8839e+0,1.2746e+11,4.6039e+11
0.00937,0.07292,6.8534e+0,1.6266e+11,5.1993e+11
0.01146,0.07292,6.8106e+0,3.2265e+11,9.3125e+11
0.01354,0.07292,6.7391e+0,3.0005e+11,4.7028e+11
0.01563,0.07292,6.6703e+0,2.7298e+11,4.3694e+11
0.01771,0.07292,6.6020e+0,3.4665e+11,5.9196e+11
0.01979,0.07292,6.5283e+0,3.4735e+11,6.0866e+11
0.02187,0.07292,6.4484e+0,3.2811e+11,5.3183e+11
0.02396,0.07292,6.3665e+0,3.2147e+11,5.8072e+11
0.02604,0.07292,6.2770e+0,3.4919e+11,5.3099e+11
0.02813,0.07292,6.1840e+0,4.0790e+11,5.5677e+11
0.03021,0.07292,6.0906e+0,4.2380e+11,6.4384e+11
0.03229,0.07292,5.9915e+0,4.0896e+11,7.0161e+11
0.03438,0.07292,5.8796e+0,3.8984e+11,4.5524e+11
0.03646,0.07292,5.7708e+0,4.5379e+11,6.1026e+11
0.03854,0.07292,5.6587e+0,4.2528e+11,5.2002e+11
0.04063,0.07292,5.5479e+0,4.4496e+11,5.2760e+11
0.04271,0.07292,5.4389e+0,3.9750e+11,5.3574e+11
0.04479,0.07292,5.3266e+0,4.7940e+11,5.6157e+11
0.04688,0.07292,5.2151e+0,3.8652e+11,5.5285e+11
0.04896,0.07292,5.0975e+0,4.1119e+11,4.7320e+11
0.05104,0.07292,4.9816e+0,4.4453e+11,5.6844e+11
0.05312,0.07292,4.8637e+0,3.9811e+11,5.2458e+11
0.05521,0.07292,4.7436e+0,4.2259e+11,5.3283e+11
0.05729,0.07292,4.6231e+0,4.0088e+11,4.9699e+11
0.05937,0.07292,4.5030e+0,3.8589e+11,5.5172e+11
0.06146,0.07292,4.3777e+0,3.4899e+11,6.0551e+11
0.06354,0.07292,4.2400e+0,3.7797e+11,6.8806e+11
0.06563,0.07292,4.0842e+0,3.9500e+11,4.7848e+11
0.06771,0.07292,3.9280e+0,3.3356e+11,5.7031e+11
0.06979,0.07292,3.7602e+0,3.8162e+11,5.3977e+11
0.07187,0.07292,3.5859e+0,3.5852e+11,4.7427e+11
0.07396,0.07292,3.4083e+0,3.0758e+11,4.9454e+11
0.07604,0.07292,3.2233e+0,3.2398e+11,5.4179e+11
0.07813,0.07292,3.0284e+0,3.3979e+11,5.4420e+11
0.08021,0.07292,2.8238e+0,2.9988e+11,5.9168e+11
0.08229,0.07292,2.6026e+0,3.1993e+11,5.8261e+11
0.08438,0.07292,2.3679e+0,2.5035e+11,6.0660e+11
0.08646,0.07292,2.1133e+0,2.1894e+11,6.0212e+11
0.08854,0.07292,1.8391e+0,2.2277e+11,5.7617e+11
0.09062,0.07292,1.5489e+0,6.1017e+10,5.1019e+11
0.09271,0.07292,1.2339e+0,6.5386e+6,4.5189e+11
0.09479,0.07292,8.9248e-1,0.0000e+0,2.5410e+11
0.09688,0.07292,5.3872e-1,0.0000e+0,1.5147e+11
0.09896,0.07292,1.7977e-1,0.0000e+0,9.7605e+10
0.00104,0.07708,7.0232e+0,5.7891e+10,2.5856e+9
0.00313,0.07708,7.0272e+0,9.1902e+10,2.3196e+11
0.00521,0.07708,7.0245e+0,1.2281e+11,6.3461e+11
0.00729,0.07708,6.9926e+0,1.4092e+11,4.3238e+11
0.00937,0.07708,6.9509e+0,1.8638e+11,3.7588e+11
0.01146,0.07708,6.9043e+0,3.5910e+11,6.9076e+11
0.01354,0.07708,6.8389e+0,3.2005e+11,4.4937e+11
0.01563,0.07708,6.7711e+0,2.9229e+11,4.0704e+11
0.01771,0.07708,6.6999e+0,3.6725e+11,4.9749e+11
0.01979,0.07708,6.6246e+0,3.7094e+11,6.1025e+11
0.02187,0.07708,6.5389e+0,3.4526e+11,3.6988e+11
0.02396,0.07708,6.4580e+0,3.4808e+11,4.6573e+11
0.02604,0.07708,6.3753e+0,3.6539e+11,6.7515e+11
0.02813,0.07708,6.2784e+0,4.2661e+11,4.9881e+11
0.03021,0.07708,6.1838e+0,4.4438e+11,5.6404e+11
0.03229,0.07708,6.0869e+0,4.2408e+11,6.0328e+11
0.03438,0.07708,5.9829e+0,4.1108e+11,5.0446e+11
0.03646,0.07708,5.8791e+0,4.8830e+11,6.5131e+11
0.03854,0.07708,5.7722e+0,4.4295e+11,6.3504e+11
0.04063,0.07708,5.6603e+0,4.7204e+11,5.9318e+11
0.04271,0.07708,5.5481e+0,4.1526e+11,6.0427e+11
0.04479,0.07708,5.4305e+0,4.7231e+11,6.2615e+11
0.04688,0.07708,5.3096e+0,3.9807e+11,5.4975e+11
0.04896,0.07708,5.1845e+0,4.1919e+11,4.6001e+11
0.05104,0.07708,5.0622e+0,4.6459e+11,4.9340e+11
0.05312,0.07708,4.9434e+0,4.0990e+11,5.1576e+11
0.05521,0.07708,4.8224e+0,4.3012e+11,4.8627e+11
0.05729,0.07708,4.7029e+0,4.1366e+11,5.2072e+11
0.05937,0.07708,4.5815e+0,4.0197e+11,4.8633e+11
0.06146,0.07708,4.4586e+0,3.5803e+11,6.3602e+11
0.06354,0.07708,4.3203e+0,3.9989e+11,7.7711e+11
0.06563,0.07708,4.1610e+0,4.0331e+11,5.1974e+11
0.06771,0.07708,4.0013e+0,3.4095e+11,4.8277e+11
0.06979,0.07708,3.8392e+0,3.9557e+11,6.8488e+11
0.07187,0.07708,3.6651e+0,3.7229e+11,6.4583e+11
0.07396,0.07708,3.4803e+0,3.1913e+11,4.3271e+11
0.07604,0.07708,3.2949e+0,3.4503e+11,5.9015e+11
0.07813,0.07708,3.0992e+0,3.4560e+11,6.9663e+11
0.08021,0.07708,2.8859e+0,3.1307e+11,6.8222e+11
0.08229,0.07708,2.6537e+0,3.2205e+11,5.7884e+11
0.08438,0.07708,2.4108e+0,2.5429e+11,6.6890e+11
0.08646,0.07708,2.1455e+0,2.2818e+11,5.2942e+11
0.08854,0.07708,1.8647e+0,2.3200e+11,4.5186e+11
0.09062,0.07708,1.5735e+0,6.1055e+10,5.4659e+11
0.09271,0.07708,1.2529e+0,6.5073e+6,4.0676e+11
0.09479,0.07708,9.0833e-1,0.0000e+0,2.1366e+11
0.09688,0.07708,5.5464e-1,0.0000e+0,2.9895e+11
0.09896,0.07708,1.8688e-1,0.0000e+0,1.9089e+11
0.00104,0.08125,7.1362e+0,6.0900e+10,9.3400e+9
0.00313,0.08125,7.1374e+0,1.0427e+11,2.0344e+11
0.00521,0.08125,7.1307e+0,1.1743e+11,6.4953e+11
0.00729,0.08125,7.0907e+0,1.2297e+11,3.1698e+11
0.00937,0.08125,7.0478e+0,1.8929e+11,2.6983e+11
0.01146,0.08125,7.0098e+0,3.6293e+11,8.3382e+11
0.01354,0.08125,6.9487e+0,3.1406e+11,5.2005e+11
0.01563,0.08125,6.8867e+0,2.8776e+11,7.0782e+11
0.01771,0.08125,6.8075e+0,3.9045e+11,6.4271e+11
0.01979,0.08125,6.7213e+0,3.8915e+11,5.1334e+11
0.02187,0.08125,6.6344e+0,3.5368e+11,4.2791e+11
0.02396,0.08125,6.5482e+0,3.3973e+11,4.0499e+11
0.02604,0.08125,6.4619e+0,3.8337e+11,5.5933e+11
0.02813,0.08125,6.3692e+0,4.4635e+11,5.8533e+11
0.03021,0.08125,6.2748e+0,4.4740e+11,5.5412e+11
0.03229,0.08125,6.1808e+0,4.3733e+11,6.1987e+11
0.03438,0.08125,6.0809e+0,4.2026e+11,6.4816e+11
0.03646,0.08125,5.9727e+0,5.0584e+11,5.7525e+11
0.03854,0.08125,5.8686e+0,4.6708e+11,6.8249e+11
0.04063,0.08125,5.7592e+0,4.9184e+11,7.4637e+11
0.04271,0.08125,5.6421e+0,4.4204e+11,6.2905e+11
0.04479,0.08125,5.5214e+0,4.8844e+11,6.9831e+11
0.04688,0.08125,5.3953e+0,4.0687e+11,5.3285e+11
0.04896,0.08125,5.2682e+0,4.3379e+11,5.7317e+11
0.05104,0.08125,5.1392e+0,4.6828e+11,4.5928e+11
0.05312,0.08125,5.0180e+0,4.1923e+11,5.2642e+11
0.05521,0.08125,4.8953e+0,4.3370e+11,5.0578e+11
0.05729,0.08125,4.7744e+0,4.2700e+11,4.7587e+11
0.05937,0.08125,4.6566e+0,4.2292e+11,6.1503e+11
0.06146,0.08125,4.5314e+0,3.6941e+11,7.1093e+11
0.06354,0.08125,4.3855e+0,4.1372e+11,6.8832e+11
0.06563,0.08125,4.2226e+0,4.1981e+11,4.5075e+11
0.06771,0.08125,4.0600e+0,3.4696e+11,4.0551e+11
0.06979,0.08125,3.8951e+0,4.0825e+11,5.5709e+11
0.07187,0.08125,3.7225e+0,3.9522e+11,5.9869e+11
0.07396,0.08125,3.5394e+0,3.3133e+11,4.8635e+11
0.07604,0.08125,3.3514e+0,3.5943e+11,6.0838e+11
0.07813,0.08125,3.1522e+0,3.5470e+11,7.4348e+11
0.08021,0.08125,2.9312e+0,3.2310e+11,6.7915e+11
0.08229,0.08125,2.6904e+0,3.3662e+11,5.5740e+11
0.08438,0.08125,2.4386e+0,2.6155e+11,5.1955e+11
0.08646,0.08125,2.1714e+0,2.3905e+11,5.0117e+11
0.08854,0.08125,1.8895e+0,2.4128e+11,5.2179e+11
0.09062,0.08125,1.5915e+0,6.2487e+10,4.3489e+11
0.09271,0.08125,1.2697e+0,6.4827e+6,3.8850e+11
0.09479,0.08125,9.2426e-1,0.0000e+0,2.9239e+11
0.09688,0.08125,5.6394e-1,0.0000e+0,2.9297e+11
0.09896,0.08125,1.8922e-1,0.0000e+0,1.5126e+11
0.00104,0.08542,7.2564e+0,4.7205e+10,5.1231e+10
0.00313,0.08542,7.2549e+0,1.1042e+11,3.0714e+11
0.00521,0.08542,7.2405e+0,1.1424e+11,8.5015e+11
0.00729,0.08542,7.1868e+0,1.1042e+11,3.0978e+11
0.00937,0.08542,7.1362e+0,1.7845e+11,1.9449e+11
0.01146,0.08542,7.0952e+0,3.4982e+11,7.0376e+11
0.01354,0.08542,7.0356e+0,3.3519e+11,4.4383e+11
0.01563,0.08542,6.9766e+0,3.0909e+11,6.4482e+11
0.01771,0.08542,6.9030e+0,4.0594e+11,7.0786e+11
0.01979,0.08542,6.8181e+0,3.7919e+11,4.5610e+11
0.02187,0.08542,6.7366e+0,3.5822e+11,5.4133e+11
0.02396,0.08542,6.6486e+0,3.4430e+11,5.9091e+11
0.02604,0.08542,6.5473e+0,3.9852e+11,3.9674e+11
0.02813,0.08542,6.4510e+0,4.6493e+11,5.1209e+11
0.03021,0.08542,6.3563e+0,4.6470e+11,5.0760e+11
0.03229,0.08542,6.2659e+0,4.4880e+11,6.9297e+11
0.03438,0.08542,6.1662e+0,4.2010e+11,7.5182e+11
0.03646,0.08542,6.0519e+0,5.1528e+11,5.8801e+11
0.03854,0.08542,5.9422e+0,4.8384e+11,6.0645e+11
0.04063,0.08542,5.8318e+0,5.0526e+11,7.1912e+11
0.04271,0.08542,5.7149e+0,4.5176e+11,6.5955e+11
0.04479,0.08542,5.5910e+0,4.8790e+11,5.8576e+11
0.04688,0.08542,5.4677e+0,4.2131e+11,6.0444e+11
0.04896,0.08542,5.3380e+0,4.4120e+11,5.3129e+11
0.05104,0.08542,5.2080e+0,4.8198e+11,4.7133e+11
0.05312,0.08542,5.0842e+0,4.4428e+11,5.5448e+11
0.05521,0.08542,4.9570e+0,4.5549e+11,4.4418e+11
0.05729,0.08542,4.8351e+0,4.4644e+11,4.2417e+11
0.05937,0.08542,4.7186e+0,4.1935e+11,5.3172e+11
0.06146,0.08542,4.5974e+0,3.7429e+11,7.5600e+11
0.06354,0.08542,4.4532e+0,4.2165e+11,7.1508e+11
0.06563,0.08542,4.2942e+0,4.3863e+11,6.2449e+11
0.06771,0.08542,4.1296e+0,3.6120e+11,5.9597e+11
0.06979,0.08542,3.9555e+0,4.2352e+11,5.4714e+11
0.07187,0.08542,3.7781e+0,4.1964e+11,6.1733e+11
0.07396,0.08542,3.5905e+0,3.5937e+11,5.0115e+11
0.07604,0.08542,3.3958e+0,3.7621e+11,5.3098e+11
0.07813,0.08542,3.1927e+0,3.7698e+11,7.2693e+11
0.08021,0.08542,2.9676e+0,3.3752e+11,6.1691e+11
0.08229,0.08542,2.7266e+0,3.6328e+11,5.8134e+11
0.08438,0.08542,2.4727e+0,2.6745e+11,5.6287e+11
0.08646,0.08542,2.2003e+0,2.4334e+11,4.3426e+11
0.08854,0.08542,1.9178e+0,2.4135e+11,5.5899e+11
0.09062,0.08542,1.6163e+0,6.3082e+10,4.7819e+11
0.09271,0.08542,1.2890e+0,6.3591e+6,3.7444e+11
0.09479,0.08542,9.3886e-1,0.0000e+0,3.0970e+11
0.09688,0.08542,5.7045e-1,0.0000e+0,2.2862e+11
0.09896,0.08542,1.9059e-1,0.0000e+0,1.1042e+11
0.00104,0.08958,7.3876e+0,4.3457e+10,3.1400e+11
0.00313,0.08958,7.3832e+0,9.7329e+10,1.1295e+12
0.00521,0.08958,7.3304e+0,1.0618e+11,5.6451e+11
0.00729,0.08958,7.2679e+0,1.0981e+11,6.1240e+10
0.00937,0.08958,7.2219e+0,1.9890e+11,2.3501e+11
0.01146,0.08958,7.1805e+0,3.5276e+11,6.7720e+11
0.01354,0.08958,7.1220e+0,3.5517e+11,5.7422e+11
0.01563,0.08958,7.0551e+0,3.2030e+11,4.3105e+11
0.01771,0.08958,6.9863e+0,4.2581e+11,5.9322e+11
0.01979,0.08958,6.9121e+0,3.9771e+11,4.8164e+11
0.02187,0.08958,6.8395e+0,3.9243e+11,6.1762e+11
0.02396,0.08958,6.7572e+0,3.6795e+11,8.9480e+11
0.02604,0.08958,6.6455e+0,4.1196e+11,4.8570e+11
0.02813,0.08958,6.5392e+0,4.7001e+11,5.7137e+11
0.03021,0.08958,6.4329e+0,4.7652e+11,4.2910e+11
0.03229,0.08958,6.3364e+0,4.7904e+11,6.5150e+11
0.03438,0.08958,6.2315e+0,4.4388e+11,6.4712e+11
0.03646,0.08958,6.1152e+0,5.2519e+11,4.9193e+11
0.03854,0.08958,6.0038e+0,5.0188e+11,5.9245e+11
0.04063,0.08958,5.8868e+0,5.1457e+11,4.5167e+11
0.04271,0.08958,5.7737e+0,4.6446e+11,5.9444e+11
0.04479,0.08958,5.6510e+0,5.1340e+11,5.1554e+11
0.04688,0.08958,5.5300e+0,4.3669e+11,5.4456e+11
0.04896,0.08958,5.4032e+0,4.5905e+11,5.0008e+11
0.05104,0.08958,5.2757e+0,4.9816e+11,5.1035e+11
0.05312,0.08958,5.1491e+0,4.6514e+11,5.1320e+11
0.05521,0.08958,5.0199e+0,4.7353e+11,3.8910e+11
0.05729,0.08958,4.8984e+0,4.6094e+11,4.5821e+11
0.05937,0.08958,4.7804e+0,4.3500e+11,6.3469e+11
0.06146,0.08958,4.6539e+0,3.9548e+11,7.5624e+11
0.06354,0.08958,4.5077e+0,4.3907e+11,6.9511e+11
0.06563,0.08958,4.3500e+0,4.5023e+11,6.6478e+11
0.06771,0.08958,4.1844e+0,3.6911e+11,5.7877e+11
0.06979,0.08958,4.0110e+0,4.3907e+11,6.1531e+11
0.07187,0.08958,3.8339e+0,4.3855e+11,7.0413e+11
0.07396,0.08958,3.6464e+0,3.8009e+11,6.4918e+11
0.07604,0.08958,3.4477e+0,3.9098e+11,7.1310e+11
0.07813,0.08958,3.2334e+0,3.7897e+11,6.7460e+11
0.08021,0.08958,3.0046e+0,3.5493e+11,5.1334e+11
0.08229,0.08958,2.7709e+0,3.7618e+11,8.0926e+11
0.08438,0.08958,2.5139e+0,2.8827e+11,6.8171e+11
0.08646,0.08958,2.2364e+0,2.4953e+11,4.8879e+11
0.08854,0.08958,1.9496e+0,2.5414e+11,6.3916e+11
0.09062,0.08958,1.6428e+0,6.8687e+10,4.8344e+11
0.09271,0.08958,1.3127e+0,6.4403e+6,4.0197e+11
0.09479,0.08958,9.6077e-1,0.0000e+0,4.7427e+11
0.09688,0.08958,5.8305e-1,0.0000e+0,2.6583e+11
0.09896,0.08958,1.9463e-1,0.0000e+0,1.2127e+11
0.00104,0.09375,7.4690e+0,4.2380e+10,5.4923e+11
0.00313,0.09375,7.4574e+0,1.1167e+11,1.0215e+12
0.00521,0.09375,7.4071e+0,1.0930e+11,3.8371e+11
0.00729,0.09375,7.3602e+0,1.0535e+11,2.8654e+11
0.00937,0.09375,7.3168e+0,2.0018e+11,4.4154e+11
0.01146,0.09375,7.2681e+0,3.8108e+11,6.2993e+11
0.01354,0.09375,7.2122e+0,3.6600e+11,7.3970e+11
0.01563,0.09375,7.1429e+0,3.2052e+11,5.3696e+11
0.01771,0.09375,7.0716e+0,4.3538e+11,5.6100e+11
0.01979,0.09375,7.0046e+0,4.1036e+11,5.9149e+11
0.02187,0.09375,6.9402e+0,4.0189e+11,9.8735e+11
0.02396,0.09375,6.8518e+0,3.7389e+11,1.0364e+12
0.02604,0.09375,6.7336e+0,4.2865e+11,5.1775e+11
0.02813,0.09375,6.6271e+0,4.7369e+11,7.7103e+11
0.03021,0.09375,6.5137e+0,4.7331e+11,4.9105e+11
0.03229,0.09375,6.4117e+0,4.9938e+11,7.0086e+11
0.03438,0.09375,6.3056e+0,4.7205e+11,6.8018e+11
0.03646,0.09375,6.1950e+0,5.5180e+11,7.0848e+11
0.03854,0.09375,6.0845e+0,5.1105e+11,6.9474e+11
0.04063,0.09375,5.9694e+0,5.3861e+11,6.6753e+11
0.04271,0.09375,5.8530e+0,4.7210e+11,6.8877e+11
0.04479,0.09375,5.7266e+0,5.2910e+11,5.6931e+11
0.04688,0.09375,5.6030e+0,4.5882e+11,5.1907e+11
0.04896,0.09375,5.4803e+0,4.8557e+11,5.9334e+11
0.05104,0.09375,5.3569e+0,5.2018e+11,6.8696e+11
0.05312,0.09375,5.2295e+0,4.7711e+11,6.3214e+11
0.05521,0.09375,5.0977e+0,5.0054e+11,5.9332e+11
0.05729,0.09375,4.9656e+0,4.8073e+11,5.8968e+11
0.05937,0.09375,4.8310e+0,4.5949e+11,5.1997e+11
0.06146,0.09375,4.6945e+0,4.1037e+11,5.6669e+11
0.06354,0.09375,4.5472e+0,4.4821e+11,6.0034e+11
0.06563,0.09375,4.3910e+0,4.6200e+11,6.2969e+11
0.06771,0.09375,4.2250e+0,3.6904e+11,5.9529e+11
0.06979,0.09375,4.0470e+0,4.6326e+11,5.2608e+11
0.07187,0.09375,3.8688e+0,4.5550e+11,5.7367e+11
0.07396,0.09375,3.6849e+0,3.8352e+11,6.6206e+11
0.07604,0.09375,3.4830e+0,4.0749e+11,7.0459e+11
0.07813,0.09375,3.2628e+0,3.8781e+11,5.3369e+11
0.08021,0.09375,3.0358e+0,3.6265e+11,5.8225e+11
0.08229,0.09375,2.7967e+0,3.9355e+11,6.8392e+11
0.08438,0.09375,2.5400e+0,3.0755e+11,6.5029e+11
0.08646,0.09375,2.2619e+0,2.5786e+11,5.4169e+11
0.08854,0.09375,1.9683e+0,2.6294e+11,5.2065e+11
0.09062,0.09375,1.6614e+0,6.8347e+10,5.1542e+11
0.09271,0.09375,1.3282e+0,6.3462e+6,4.5097e+11
0.09479,0.09375,9.6889e-1,0.0000e+0,3.8180e+11
0.09688,0.09375,5.8790e-1,0.0000e+0,2.2951e+11
0.09896,0.09375,1.9666e-1,0.0000e+0,1.2729e+11
0.00104,0.09792,7.4841e+0,4.3582e+10,4.1350e+10
0.00313,0.09792,7.4826e+0,1.4121e+11,4.7806e+11
0.00521,0.09792,7.4622e+0,1.1942e+11,4.4819e+11
0.00729,0.09792,7.4331e+0,9.7721e+10,4.3428e+11
0.00937,0.09792,7.3980e+0,1.8457e+11,6.7521e+11
0.01146,0.09792,7.3444e+0,3.8144e+11,7.9340e+11
0.01354,0.09792,7.2766e+0,3.7245e+11,5.4924e+11
0.01563,0.09792,7.2087e+0,3.0958e+11,5.8166e+11
0.01771,0.09792,7.1329e+0,4.1429e+11,5.6746e+11
0.01979,0.09792,7.0572e+0,4.0790e+11,5.3378e+11
0.02187,0.09792,6.9818e+0,3.9107e+11,6.7377e+11
0.02396,0.09792,6.8935e+0,3.7218e+11,7.7471e+11
0.02604,0.09792,6.7827e+0,4.2961e+11,4.2194e+11
0.02813,0.09792,6.6820e+0,4.8108e+11,7.1625e+11
0.03021,0.09792,6.5727e+0,4.8356e+11,5.6333e+11
0.03229,0.09792,6.4668e+0,5.1039e+11,6.3735e+11
0.03438,0.09792,6.3588e+0,4.7184e+11,5.5974e+11
0.03646,0.09792,6.2508e+0,5.9122e+11,6.1357e+11
0.03854,0.09792,6.1501e+0,5.3153e+11,8.2969e+11
0.04063,0.09792,6.0399e+0,5.4666e+11,7.6286e+11
0.04271,0.09792,5.9284e+0,4.8930e+11,8.6008e+11
0.04479,0.09792,5.8019e+0,5.5655e+11,6.9817e+11
0.04688,0.09792,5.6750e+0,4.8041e+11,6.0923e+11
0.04896,0.09792,5.5471e+0,5.0135e+11,5.7627e+11
0.05104,0.09792,5.4224e+0,5.3192e+11,6.2942e+11
0.05312,0.09792,5.2987e+0,4.9865e+11,7.0268e+11
0.05521,0.09792,5.1678e+0,5.0921e+11,7.3975e+11
0.05729,0.09792,5.0278e+0,4.9786e+11,5.5212e+11
0.05937,0.09792,4.8892e+0,4.7504e+11,5.5597e+11
0.06146,0.09792,4.7481e+0,4.3258e+11,6.1557e+11
0.06354,0.09792,4.5949e+0,4.5720e+11,5.1067e+11
0.06563,0.09792,4.4388e+0,4.8715e+11,7.7337e+11
0.06771,0.09792,4.2642e+0,3.8897e+11,4.6778e+11
0.06979,0.09792,4.0850e+0,4.6870e+11,4.0989e+11
0.07187,0.09792,3.9105e+0,4.6886e+11,5.6309e+11
0.07396,0.09792,3.7295e+0,3.9176e+11,7.7826e+11
0.07604,0.09792,3.5215e+0,4.1718e+11,6.7158e+11
0.07813,0.09792,3.2976e+0,3.9817e+11,4.9528e+11
0.08021,0.09792,3.0702e+0,3.6891e+11,6.3499e+11
0.08229,0.09792,2.8270e+0,3.9680e+11,6.3974e+11
0.08438,0.09792,2.5703e+0,3.0327e+11,7.3876e+11
0.08646,0.09792,2.2880e+0,2.5806e+11,5.8051e+11
0.08854,0.09792,1.9875e+0,2.7207e+11,5.0107e+11
0.09062,0.09792,1.6739e+0,6.9025e+10,4.1012e+11
0.09271,0.09792,1.3379e+0,6.4453e+6,3.8764e+11
0.09479,0.09792,9.7619e-1,0.0000e+0,3.2093e+11
0.09688,0.09792,5.9489e-1,0.0000e+0,2.6258e+11
0.09896,0.09792,2.0006e-1,0.0000e+0,1.7136e+11
0.00104,0.10208,7.5124e+0,4.6885e+10,1.2109e+11
0.00313,0.10208,7.5062e+0,1.5857e+11,3.0628e+11
0.00521,0.10208,7.4886e+0,1.4284e+11,3.1128e+11
0.00729,0.10208,7.4612e+0,1.0028e+11,6.8239e+10
0.00937,0.10208,7.4386e+0,1.9408e+11,5.8999e+11
0.01146,0.10208,7.3922e+0,3.9268e+11,7.7169e+11
0.01354,0.10208,7.3277e+0,3.5200e+11,5.2703e+11
0.01563,0.10208,7.2587e+0,3.1915e+11,5.2083e+11
0.01771,0.10208,7.1815e+0,4.2153e+11,5.8765e+11
0.01979,0.10208,7.1009e+0,4.2400e+11,5.8352e+11
0.02187,0.10208,7.0169e+0,3.9996e+11,4.6102e+11
0.02396,0.10208,6.9336e+0,3.8389e+11,7.3896e+11
0.02604,0.10208,6.8282e+0,4.3553e+11,4.4721e+11
0.02813,0.10208,6.7279e+0,4.9459e+11,6.0889e+11
0.03021,0.10208,6.6234e+0,5.0770e+11,6.0720e+11
0.03229,0.10208,6.5175e+0,5.2057e+11,6.1112e+11
0.03438,0.10208,6.4109e+0,4.7641e+11,7.0868e+11
0.03646,0.10208,6.2938e+0,6.0288e+11,5.8147e+11
0.03854,0.10208,6.1829e+0,5.2947e+11,5.7189e+11
0.04063,0.10208,6.0711e+0,5.6956e+11,4.5511e+11
0.04271,0.10208,5.9700e+0,5.3295e+11,7.5487e+11
0.04479,0.10208,5.8575e+0,5.7767e+11,8.3151e+11
0.04688,0.10208,5.7338e+0,4.9486e+11,7.5850e+11
0.04896,0.10208,5.5989e+0,5.0820e+11,4.9961e+11
0.05104,0.10208,5.4732e+0,5.5959e+11,5.9219e+11
0.05312,0.10208,5.3529e+0,5.0766e+11,7.4048e+11
0.05521,0.10208,5.2220e+0,5.3051e+11,6.6228e+11
0.05729,0.10208,5.0876e+0,4.9706e+11,6.1578e+11
0.05937,0.10208,4.9522e+0,4.7935e+11,6.5105e+11
0.06146,0.10208,4.8122e+0,4.3910e+11,7.3450e+11
0.06354,0.10208,4.6576e+0,4.5967e+11,7.1941e+11
0.06563,0.10208,4.4918e+0,4.9594e+11,6.9268e+11
0.06771,0.10208,4.3184e+0,4.0088e+11,4.9911e+11
0.06979,0.10208,4.1438e+0,4.7041e+11,5.7933e+11
0.07187,0.10208,3.9696e+0,4.7586e+11,7.8275e+11
0.07396,0.10208,3.7823e+0,4.0116e+11,8.8627e+11
0.07604,0.10208,3.5671e+0,4.2180e+11,6.8742e+11
0.07813,0.10208,3.3397e+0,4.0583e+11,5.3545e+11
0.08021,0.10208,3.1090e+0,3.8410e+11,7.1012e+11
0.08229,0.10208,2.8601e+0,4.1062e+11,7.5116e+11
0.08438,0.10208,2.5929e+0,2.9566e+11,5.2263e+11
0.08646,0.10208,2.3140e+0,2.6045e+11,6.0394e+11
0.08854,0.10208,2.0157e+0,2.7487e+11,6.2521e+11
0.09062,0.10208,1.6987e+0,7.1080e+10,4.4294e+11
0.09271,0.10208,1.3603e+0,6.0502e+6,4.6790e+11
0.09479,0.10208,9.9352e-1,0.0000e+0,3.7382e+11
0.09688,0.10208,6.0692e-1,0.0000e+0,3.3422e+11
0.09896,0.10208,2.0427e-1,0.0000e+0,1.9528e+11
0.00104,0.10625,7.5673e+0,4.7859e+10,1.2002e+11
0.00313,0.10625,7.5608e+0,1.0350e+11,3.4523e+11
0.00521,0.10625,7.5371e+0,1.2132e+11,1.9260e+11
0.00729,0.10625,7.5088e+0,1.0043e+11,9.3077e+10
0.00937,0.10625,7.4804e+0,1.9244e+11,4.0303e+11
0.01146,0.10625,7.4339e+0,3.8543e+11,4.2756e+11
0.01354,0.10625,7.3827e+0,3.5180e+11,5.6466e+11
0.01563,0.10625,7.3172e+0,3.2687e+11,6.9237e+11
0.01771,0.10625,7.2284e+0,4.3607e+11,4.6224e+11
0.01979,0.10625,7.1431e+0,4.4249e+11,4.2786e+11
0.02187,0.10625,7.0621e+0,4.1502e+11,4.3398e+11
0.02396,0.10625,6.9832e+0,4.0547e+11,7.6727e+11
0.02604,0.10625,6.8823e+0,4.4199e+11,4.9220e+11
0.02813,0.10625,6.7851e+0,5.0186e+11,7.3587e+11
0.03021,0.10625,6.6775e+0,5.2778e+11,6.1731e+11
0.03229,0.10625,6.5702e+0,5.2750e+11,6.6919e+11
0.03438,0.10625,6.4589e+0,4.7890e+11,5.7498e+11
0.03646,0.10625,6.3446e+0,5.9182e+11,6.5167e+11
0.03854,0.10625,6.2300e+0,5.3688e+11,5.5283e+11
0.04063,0.10625,6.1170e+0,5.8117e+11,5.7442e+11
0.04271,0.10625,6.0087e+0,5.4144e+11,5.8420e+11
0.04479,0.10625,5.9004e+0,6.1369e+11,8.7534e+11
0.04688,0.10625,5.7770e+0,4.9592e+11,7.4702e+11
0.04896,0.10625,5.6393e+0,5.0836e+11,4.2737e+11
0.05104,0.10625,5.5122e+0,5.6723e+11,4.6183e+11
0.05312,0.10625,5.3959e+0,5.3118e+11,7.2995e+11
0.05521,0.10625,5.2690e+0,5.4212e+11,7.3288e+11
0.05729,0.10625,5.1337e+0,5.0463e+11,6.1409e+11
0.05937,0.10625,4.9985e+0,4.9565e+11,6.3371e+11
0.06146,0.10625,4.8626e+0,4.4857e+11,9.0370e+11
0.06354,0.10625,4.7039e+0,4.6464e+11,7.4626e+11
0.06563,0.10625,4.5352e+0,5.1362e+11,6.1119e+11
0.06771,0.10625,4.3681e+0,4.1131e+11,6.9543e+11
0.06979,0.10625,4.1877e+0,4.7716e+11,5.9831e+11
0.07187,0.10625,4.0059e+0,4.7816e+11,6.6382e+11
0.07396,0.10625,3.8166e+0,4.0078e+11,8.1329e+11
0.07604,0.10625,3.6025e+0,4.3714e+11,6.3327e+11
0.07813,0.10625,3.3790e+0,4.1736e+11,6.5653e+11
0.08021,0.10625,3.1431e+0,3.9732e+11,7.6186e+11
0.08229,0.10625,2.8858e+0,4.2190e+11,6.5021e+11
0.08438,0.10625,2.6175e+0,3.0122e+11,5.3060e+11
0.08646,0.10625,2.3377e+0,2.6711e+11,6.2336e+11
0.08854,0.10625,2.0376e+0,2.7555e+11,5.5923e+11
0.09062,0.10625,1.7228e+0,7.2952e+10,5.3602e+11
0.09271,0.10625,1.3805e+0,4.8396e+6,5.3224e+11
0.09479,0.10625,1.0059e+0,0.0000e+0,3.3827e+11
0.09688,0.10625,6.1212e-1,0.0000e+0,2.5530e+11
0.09896,0.10625,2.0486e-1,0.0000e+0,1.2372e+11
0.00104,0.11042,7.6511e+0,6.3465e+10,9.2868e+10
0.00313,0.11042,7.6485e+0,9.3128e+10,4.7425e+11
0.00521,0.11042,7.6233e+0,1.0866e+11,3.1055e+11
0.00729,0.11042,7.5921e+0,1.1904e+11,1.9627e+11
0.00937,0.11042,7.5613e+0,2.1022e+11,4.8978e+11
0.01146,0.11042,7.5166e+0,3.6494e+11,6.1094e+11
0.01354,0.11042,7.4638e+0,3.5479e+11,7.1802e+11
0.01563,0.11042,7.3955e+0,3.4108e+11,9.8234e+11
0.01771,0.11042,7.2943e+0,4.3126e+11,4.1936e+11
0.01979,0.11042,7.2071e+0,4.4409e+11,5.1107e+11
0.02187,0.11042,7.1240e+0,4.3070e+11,5.6399e+11
0.02396,0.11042,7.0378e+0,4.1239e+11,7.0085e+11
0.02604,0.11042,6.9379e+0,4.6105e+11,5.5035e+11
0.02813,0.11042,6.8408e+0,5.1087e+11,8.0789e+11
0.03021,0.11042,6.7314e+0,5.3167e+11,6.6930e+11
0.03229,0.11042,6.6228e+0,5.4968e+11,6.6723e+11
0.03438,0.11042,6.5162e+0,4.9412e+11,7.2109e+11
0.03646,0.11042,6.4040e+0,6.0454e+11,7.8428e+11
0.03854,0.11042,6.2905e+0,5.4276e+11,8.0249e+11
0.04063,0.11042,6.1688e+0,5.7725e+11,5.7903e+11
0.04271,0.11042,6.0554e+0,5.5569e+11,6.4063e+11
0.04479,0.11042,5.9429e+0,6.1143e+11,8.0018e+11
0.04688,0.11042,5.8215e+0,4.9593e+11,7.6493e+11
0.04896,0.11042,5.6855e+0,5.2663e+11,4.5382e+11
0.05104,0.11042,5.5608e+0,5.8296e+11,6.4814e+11
0.05312,0.11042,5.4380e+0,5.3606e+11,6.9474e+11
0.05521,0.11042,5.3094e+0,5.5755e+11,8.4943e+11
0.05729,0.11042,5.1650e+0,5.2098e+11,5.3319e+11
0.05937,0.11042,5.0232e+0,5.0785e+11,5.3089e+11
0.06146,0.11042,4.8811e+0,4.5889e+11,6.6862e+11
0.06354,0.11042,4.7233e+0,4.7074e+11,5.4295e+11
0.06563,0.11042,4.5625e+0,5.0863e+11,5.4726e+11
0.06771,0.11042,4.4034e+0,4.1922e+11,8.1291e+11
0.06979,0.11042,4.2201e+0,5.0410e+11,5.8018e+11
0.07187,0.11042,4.0358e+0,4.9474e+11,6.4469e+11
0.07396,0.11042,3.8433e+0,4.1315e+11,6.2845e+11
0.07604,0.11042,3.6381e+0,4.3902e+11,7.5094e+11
0.07813,0.11042,3.4168e+0,4.3600e+11,8.4918e+11
0.08021,0.11042,3.1736e+0,4.0316e+11,7.6737e+11
0.08229,0.11042,2.9107e+0,4.2325e+11,5.7240e+11
0.08438,0.11042,2.6432e+0,3.0084e+11,6.0176e+11
0.08646,0.11042,2.3585e+0,2.8454e+11,5.6388e+11
0.08854,0.11042,2.0582e+0,2.8444e+11,5.9401e+11
0.09062,0.11042,1.7413e+0,7.3332e+10,5.4958e+11
0.09271,0.11042,1.3955e+0,4.6886e+6,4.6332e+11
0.09479,0.11042,1.0220e+0,0.0000e+0,4.2007e+11
0.09688,0.11042,6.2563e-1,0.0000e+0,3.6906e+11
0.09896,0.11042,2.1079e-1,0.0000e+0,2.0792e+11
0.00104,0.11458,7.7472e+0,7.2195e+10,2.3955e+11
0.00313,0.11458,7.7432e+0,9.0603e+10,5.9495e+11
0.00521,0.11458,7.7159e+0,1.1270e+11,3.8679e+11
0.00729,0.11458,7.6843e+0,1.2448e+11,4.2627e+11
0.00937,0.11458,7.6440e+0,2.1524e+11,5.6181e+11
0.01146,0.11458,7.5896e+0,3.4941e+11,5.4079e+11
0.01354,0.11458,7.5300e+0,3.6220e+11,7.6547e+11
0.01563,0.11458,7.4493e+0,3.6006e+11,7.0248e+11
0.01771,0.11458,7.3523e+0,4.1319e+11,3.8024e+11
0.01979,0.11458,7.2691e+0,4.4705e+11,5.7124e+11
0.02187,0.11458,7.1888e+0,4.5676e+11,9.0312e+11
0.02396,0.11458,7.0891e+0,4.3719e+11,6.3320e+11
0.02604,0.11458,6.9861e+0,4.7680e+11,6.0196e+11
0.02813,0.11458,6.8825e+0,5.1803e+11,7.3724e+11
0.03021,0.11458,6.7695e+0,5.2952e+11,5.6222e+11
0.03229,0.11458,6.6580e+0,5.5896e+11,5.2302e+11
0.03438,0.11458,6.5511e+0,5.1580e+11,6.2102e+11
0.03646,0.11458,6.4379e+0,6.1717e+11,6.0629e+11
0.03854,0.11458,6.3275e+0,5.5262e+11,6.4816e+11
0.04063,0.11458,6.2114e+0,5.6987e+11,6.4314e+11
0.04271,0.11458,6.0935e+0,5.4617e+11,4.8719e+11
0.04479,0.11458,5.9834e+0,6.0826e+11,8.0294e+11
0.04688,0.11458,5.8628e+0,4.9904e+11,6.9455e+11
0.04896,0.11458,5.7316e+0,5.2122e+11,5.7687e+11
0.05104,0.11458,5.6014e+0,6.2109e+11,6.4653e+11
0.05312,0.11458,5.4732e+0,5.5812e+11,6.2686e+11
0.05521,0.11458,5.3423e+0,5.6309e+11,7.0386e+11
0.05729,0.11458,5.2025e+0,5.1843e+11,5.7059e+11
0.05937,0.11458,5.0620e+0,5.1340e+11,6.2532e+11
0.06146,0.11458,4.9165e+0,4.7226e+11,7.7471e+11
0.06354,0.11458,4.7528e+0,4.9397e+11,5.2684e+11
0.06563,0.11458,4.5915e+0,5.1390e+11,5.4154e+11
0.06771,0.11458,4.4330e+0,4.2525e+11,7.7039e+11
0.06979,0.11458,4.2545e+0,5.0416e+11,6.3222e+11
0.07187,0.11458,4.0731e+0,5.0497e+11,7.8605e+11
0.07396,0.11458,3.8759e+0,4.1546e+11,6.8301e+11
0.07604,0.11458,3.6632e+0,4.4754e+11,6.9191e+11
0.07813,0.11458,3.4376e+0,4.4421e+11,7.6223e+11
0.08021,0.11458,3.1943e+0,4.0044e+11,7.0503e+11
0.08229,0.11458,2.9344e+0,4.3863e+11,5.9657e+11
0.08438,0.11458,2.6700e+0,3.1674e+11,7.3585e+11
0.08646,0.11458,2.3820e+0,2.9578e+11,6.0905e+11
0.08854,0.11458,2.0774e+0,2.9510e+11,5.8733e+11
0.09062,0.11458,1.7563e+0,7.6428e+10,4.9823e+11
0.09271,0.11458,1.4082e+0,6.9312e+6,4.6723e+11
0.09479,0.11458,1.0310e+0,0.0000e+0,3.9294e+11
0.09688,0.11458,6.3215e-1,0.0000e+0,3.8486e+11
0.09896,0.11458,2.1360e-1,0.0000e+0,2.3474e+11
0.00104,0.11875,7.8222e+0,6.1536e+10,3.0799e+11
0.00313,0.11875,7.8150e+0,8.7523e+10,5.5885e+11
0.00521,0.11875,7.7860e+0,1.1818e+11,2.3980e+11
0.00729,0.11875,7.7578e+0,1.2150e+11,3.9419e+11
0.00937,0.11875,7.7167e+0,2.1179e+11,4.8539e+11
0.01146,0.11875,7.6647e+0,3.5264e+11,7.4410e+11
0.01354,0.11875,7.5965e+0,3.8958e+11,8.4284e+11
0.01563,0.11875,7.5087e+0,3.6728e+11,7.4878e+11
0.01771,0.11875,7.4078e+0,4.0826e+11,4.6419e+11
0.01979,0.11875,7.3149e+0,4.4535e+11,4.8283e+11
0.02187,0.11875,7.2248e+0,4.6410e+11,5.7977e+11
0.02396,0.11875,7.1278e+0,4.2807e+11,4.9012e+11
0.02604,0.11875,7.0301e+0,5.0566e+11,6.7283e+11
0.02813,0.11875,6.9251e+0,5.1983e+11,5.6736e+11
0.03021,0.11875,6.8225e+0,5.1539e+11,6.7882e+11
0.03229,0.11875,6.7141e+0,5.5846e+11,6.1740e+11
0.03438,0.11875,6.6050e+0,5.2306e+11,6.3176e+11
0.03646,0.11875,6.4891e+0,6.3004e+11,5.1977e+11
0.03854,0.11875,6.3820e+0,5.5158e+11,7.5875e+11
0.04063,0.11875,6.2623e+0,5.7362e+11,6.6248e+11
0.04271,0.11875,6.1409e+0,5.4450e+11,5.0880e+11
0.04479,0.11875,6.0263e+0,6.1083e+11,7.0370e+11
0.04688,0.11875,5.9074e+0,5.0653e+11,6.8574e+11
0.04896,0.11875,5.7788e+0,5.1927e+11,6.6101e+11
0.05104,0.11875,5.6467e+0,6.2268e+11,6.7518e+11
0.05312,0.11875,5.5179e+0,5.6209e+11,6.6377e+11
0.05521,0.11875,5.3870e+0,5.8158e+11,7.6108e+11
0.05729,0.11875,5.2470e+0,5.2567e+11,6.2280e+11
0.05937,0.11875,5.1053e+0,5.3291e+11,7.9322e+11
0.06146,0.11875,4.9510e+0,4.9375e+11,7.4228e+11
0.06354,0.11875,4.7837e+0,5.1035e+11,5.2776e+11
0.06563,0.11875,4.6207e+0,5.2782e+11,6.2866e+11
0.06771,0.11875,4.4550e+0,4.4019e+11,5.8503e+11
0.06979,0.11875,4.2817e+0,5.1686e+11,6.0149e+11
0.07187,0.11875,4.1073e+0,5.1132e+11,9.3132e+11
0.07396,0.11875,3.9095e+0,4.2832e+11,8.6932e+11
0.07604,0.11875,3.6868e+0,4.5110e+11,6.5253e+11
0.07813,0.11875,3.4546e+0,4.4522e+11,6.3458e+11
0.08021,0.11875,3.2123e+0,4.1082e+11,6.9723e+11
0.08229,0.11875,2.9524e+0,4.3991e+11,5.7784e+11
0.08438,0.11875,2.6870e+0,3.2481e+11,6.5344e+11
0.08646,0.11875,2.4021e+0,3.0088e+11,6.1364e+11
0.08854,0.11875,2.1000e+0,3.0280e+11,6.5397e+11
0.09062,0.11875,1.7777e+0,7.8607e+10,5.8776e+11
0.09271,0.11875,1.4231e+0,6.8339e+6,4.9862e+11
0.09479,0.11875,1.0374e+0,0.0000e+0,3.5513e+11
0.09688,0.11875,6.3165e-1,0.0000e+0,2.6051e+11
0.09896,0.11875,2.1289e-1,0.0000e+0,1.9792e+11
0.00104,0.12292,7.8775e+0,5.5285e+10,1.3300e+11
0.00313,0.12292,7.8746e+0,7.8515e+10,3.5834e+11
0.00521,0.12292,7.8598e+0,1.2048e+11,4.8354e+11
0.00729,0.12292,7.8372e+0,1.4900e+11,8.1836e+11
0.00937,0.12292,7.7888e+0,2.2532e+11,7.7942e+11
0.01146,0.12292,7.7249e+0,3.6189e+11,8.5708e+11
0.01354,0.12292,7.6470e+0,3.9914e+11,9.3978e+11
0.01563,0.12292,7.5510e+0,3.5484e+11,5.4570e+11
0.01771,0.12292,7.4593e+0,4.1411e+11,5.0400e+11
0.01979,0.12292,7.3767e+0,4.4946e+11,7.5580e+11
0.02187,0.12292,7.2872e+0,4.6079e+11,8.1311e+11
0.02396,0.12292,7.1838e+0,4.2145e+11,5.0768e+11
0.02604,0.12292,7.0835e+0,5.1932e+11,7.8462e+11
0.02813,0.12292,6.9733e+0,5.3994e+11,4.9333e+11
0.03021,0.12292,6.8768e+0,5.2827e+11,6.3263e+11
0.03229,0.12292,6.7829e+0,5.5565e+11,8.7732e+11
0.03438,0.12292,6.6787e+0,5.1309e+11,8.3007e+11
0.03646,0.12292,6.5654e+0,6.2240e+11,8.7985e+11
0.03854,0.12292,6.4466e+0,5.4842e+11,8.3329e+11
0.04063,0.12292,6.3165e+0,5.9827e+11,6.0499e+11
0.04271,0.12292,6.1956e+0,5.6679e+11,6.6908e+11
0.04479,0.12292,6.0789e+0,6.3890e+11,8.8780e+11
0.04688,0.12292,5.9564e+0,5.1182e+11,8.7687e+11
0.04896,0.12292,5.8178e+0,5.2012e+11,5.7430e+11
0.05104,0.12292,5.6833e+0,6.0635e+11,5.5793e+11
0.05312,0.12292,5.5600e+0,5.6312e+11,7.3270e+11
0.05521,0.12292,5.4317e+0,5.7922e+11,8.6561e+11
0.05729,0.12292,5.2886e+0,5.3609e+11,7.0370e+11
0.05937,0.12292,5.1383e+0,5.4395e+11,6.9465e+11
0.06146,0.12292,4.9812e+0,4.9561e+11,6.9501e+11
0.06354,0.12292,4.8131e+0,5.0344e+11,5.0303e+11
0.06563,0.12292,4.6502e+0,5.3193e+11,6.4573e+11
0.06771,0.12292,4.4831e+0,4.4449e+11,6.1233e+11
0.06979,0.12292,4.3070e+0,5.2394e+11,6.6097e+11
0.07187,0.12292,4.1253e+0,5.2550e+11,8.1295e+11
0.07396,0.12292,3.9277e+0,4.3381e+11,8.0915e+11
0.07604,0.12292,3.7096e+0,4.6256e+11,7.5146e+11
0.07813,0.12292,3.4782e+0,4.4910e+11,6.8743e+11
0.08021,0.12292,3.2365e+0,4.2855e+11,7.8972e+11
0.08229,0.12292,2.9758e+0,4.5458e+11,6.8214e+11
0.08438,0.12292,2.7061e+0,3.3185e+11,6.2862e+11
0.08646,0.12292,2.4210e+0,3.0613e+11,5.9665e+11
0.08854,0.12292,2.1221e+0,3.0483e+11,7.3740e+11
0.09062,0.12292,1.8000e+0,7.5263e+10,7.2917e+11
0.09271,0.12292,1.4386e+0,2.9392e+6,5.0673e+11
0.09479,0.12292,1.0475e+0,0.0000e+0,3.7071e+11
0.09688,0.12292,6.3669e-1,0.0000e+0,2.5720e+11
0.09896,0.12292,2.1371e-1,0.0000e+0,1.6168e+11
0.00104,0.12708,7.9316e+0,5.2217e+10,4.5098e+11
0.00313,0.12708,7.9173e+0,7.7956e+10,5.7364e+11
0.00521,0.12708,7.8813e+0,1.1842e+11,1.8121e+11
0.00729,0.12708,7.8494e+0,1.4294e+11,4.8409e+11
0.00937,0.12708,7.7990e+0,2.2181e+11,4.6569e+11
0.01146,0.12708,7.7373e+0,3.7035e+11,7.9653e+11
0.01354,0.12708,7.6535e+0,4.0119e+11,5.6226e+11
0.01563,0.12708,7.5661e+0,3.5531e+11,3.4663e+11
0.01771,0.12708,7.4868e+0,4.3736e+11,5.5087e+11
0.01979,0.12708,7.4067e+0,4.6457e+11,5.1026e+11
0.02187,0.12708,7.3309e+0,4.5068e+11,8.1993e+11
0.02396,0.12708,7.2359e+0,4.2266e+11,7.3361e+11
0.02604,0.12708,7.1265e+0,5.2214e+11,6.7513e+11
0.02813,0.12708,7.0122e+0,5.5502e+11,4.2819e+11
0.03021,0.12708,6.9141e+0,5.2873e+11,5.9330e+11
0.03229,0.12708,6.8175e+0,5.6837e+11,7.3737e+11
0.03438,0.12708,6.7159e+0,5.1880e+11,7.0599e+11
0.03646,0.12708,6.6093e+0,6.3491e+11,8.9831e+11
0.03854,0.12708,6.4933e+0,5.6608e+11,9.5618e+11
0.04063,0.12708,6.3578e+0,6.2253e+11,6.9915e+11
0.04271,0.12708,6.2246e+0,5.8613e+11,5.8300e+11
0.04479,0.12708,6.0984e+0,6.5920e+11,6.3470e+11
0.04688,0.12708,5.9786e+0,5.2514e+11,7.2183e+11
0.04896,0.12708,5.8464e+0,5.4112e+11,6.0194e+11
0.05104,0.12708,5.7118e+0,6.1438e+11,5.0741e+11
0.05312,0.12708,5.5881e+0,5.9000e+11,6.1745e+11
0.05521,0.12708,5.4659e+0,5.9857e+11,8.6522e+11
0.05729,0.12708,5.3280e+0,5.5784e+11,8.7916e+11
0.05937,0.12708,5.1724e+0,5.4260e+11,6.5871e+11
0.06146,0.12708,5.0147e+0,5.0176e+11,7.6849e+11
0.06354,0.12708,4.8436e+0,5.0843e+11,4.4994e+11
0.06563,0.12708,4.6818e+0,5.3289e+11,6.4476e+11
0.06771,0.12708,4.5156e+0,4.4910e+11,7.2856e+11
0.06979,0.12708,4.3327e+0,5.2566e+11,7.2945e+11
0.07187,0.12708,4.1386e+0,5.3291e+11,7.2086e+11
0.07396,0.12708,3.9334e+0,4.4171e+11,5.9380e+11
0.07604,0.12708,3.7197e+0,4.6499e+11,7.0297e+11
0.07813,0.12708,3.4932e+0,4.5117e+11,7.6838e+11
0.08021,0.12708,3.2493e+0,4.3109e+11,7.1451e+11
0.08229,0.12708,2.9907e+0,4.5557e+11,6.8509e+11
0.08438,0.12708,2.7213e+0,3.3375e+11,6.7955e+11
0.08646,0.12708,2.4317e+0,3.0129e+11,5.3639e+11
0.08854,0.12708,2.1300e+0,3.0000e+11,6.6654e+11
0.09062,0.12708,1.8060e+0,7.2914e+10,6.0969e+11
0.09271,0.12708,1.4469e+0,2.4871e+6,5.2126e+11
0.09479,0.12708,1.0557e+0,0.0000e+0,3.6663e+11
0.09688,0.12708,6.4530e-1,0.0000e+0,3.6209e+11
0.09896,0.12708,2.1730e-1,0.0000e+0,2.1114e+11
0.00104,0.13125,7.9756e+0,5.0693e+10,5.9080e+11
0.00313,0.13125,7.9578e+0,9.2830e+10,6.2965e+11
0.00521,0.13125,7.9204e+0,1.1706e+11,4.1498e+11
0.00729,0.13125,7.8762e+0,1.3764e+11,3.4150e+11
0.00937,0.13125,7.8272e+0,2.2152e+11,6.5349e+11
0.01146,0.13125,7.7570e+0,3.8978e+11,6.5442e+11
0.01354,0.13125,7.6769e+0,3.9826e+11,5.6897e+11
0.01563,0.13125,7.5957e+0,3.5535e+11,4.4285e+11
0.01771,0.13125,7.5197e+0,4.2906e+11,6.5904e+11
0.01979,0.13125,7.4378e+0,4.7127e+11,4.2111e+11
0.02187,0.13125,7.3678e+0,4.4588e+11,7.2592e+11
0.02396,0.13125,7.2836e+0,4.2028e+11,8.7247e+11
0.02604,0.13125,7.1766e+0,5.2131e+11,8.4675e+11
0.02813,0.13125,7.0577e+0,5.7867e+11,5.6110e+11
0.03021,0.13125,6.9520e+0,5.3784e+11,7.0331e+11
0.03229,0.13125,6.8440e+0,5.8202e+11,6.1213e+11
0.03438,0.13125,6.7399e+0,5.2452e+11,6.1536e+11
0.03646,0.13125,6.6336e+0,6.4806e+11,7.9367e+11
0.03854,0.13125,6.5228e+0,5.8063e+11,9.3909e+11
0.04063,0.13125,6.3933e+0,6.3434e+11,8.8743e+11
0.04271,0.13125,6.2518e+0,5.8903e+11,4.7914e+11
0.04479,0.13125,6.1230e+0,6.4704e+11,4.7515e+11
0.04688,0.13125,6.0113e+0,5.1970e+11,7.3008e+11
0.04896,0.13125,5.8881e+0,5.5832e+11,8.3103e+11
0.05104,0.13125,5.7513e+0,6.3588e+11,6.2398e+11
0.05312,0.13125,5.6214e+0,6.0411e+11,5.6722e+11
0.05521,0.13125,5.4982e+0,6.0201e+11,8.4722e+11
0.05729,0.13125,5.3590e+0,5.6663e+11,8.9427e+11
0.05937,0.13125,5.2001e+0,5.3954e+11,6.2589e+11
0.06146,0.13125,5.0405e+0,5.1662e+11,6.1879e+11
0.06354,0.13125,4.8772e+0,5.2107e+11,5.4408e+11
0.06563,0.13125,4.7168e+0,5.4893e+11,7.0311e+11
0.06771,0.13125,4.5482e+0,4.6312e+11,7.5387e+11
0.06979,0.13125,4.3618e+0,5.3791e+11,8.1358e+11
0.07187,0.13125,4.1606e+0,5.3664e+11,7.4794e+11
0.07396,0.13125,3.9489e+0,4.4474e+11,5.9225e+11
0.07604,0.13125,3.7305e+0,4.6805e+11,6.5029e+11
0.07813,0.13125,3.5033e+0,4.5653e+11,7.6989e+11
0.08021,0.13125,3.2582e+0,4.3491e+11,6.3941e+11
0.08229,0.13125,3.0032e+0,4.5497e+11,6.8194e+11
0.08438,0.13125,2.7365e+0,3.2839e+11,7.1305e+11
0.08646,0.13125,2.4454e+0,3.0291e+11,5.5710e+11
0.08854,0.13125,2.1411e+0,3.0349e+11,6.7682e+11
0.09062,0.13125,1.8155e+0,7.3092e+10,6.5498e+11
0.09271,0.13125,1.4535e+0,1.1745e+6,5.0825e+11
0.09479,0.13125,1.0611e+0,0.0000e+0,4.0851e+11
0.09688,0.13125,6.4649e-1,0.0000e+0,3.0428e+11
0.09896,0.13125,2.1726e-1,0.0000e+0,1.8066e+11
0.00104,0.13542,7.9922e+0,5.9285e+10,8.1391e+8
0.00313,0.13542,7.9817e+0,1.1667e+11,9.2442e+10
0.00521,0.13542,7.9586e+0,1.2375e+11,4.3982e+11
0.00729,0.13542,7.9117e+0,1.3423e+11,3.0480e+11
0.00937,0.13542,7.8571e+0,2.4561e+11,4.7320e+11
0.01146,0.13542,7.7879e+0,4.3019e+11,6.9386e+11
0.01354,0.13542,7.7008e+0,4.0226e+11,3.2230e+11
0.01563,0.13542,7.6185e+0,3.6484e+11,2.9508e+11
0.01771,0.13542,7.5413e+0,4.3698e+11,3.8922e+11
0.01979,0.13542,7.4692e+0,4.8446e+11,4.7104e+11
0.02187,0.13542,7.4024e+0,4.5411e+11,8.2868e+11
0.02396,0.13542,7.3144e+0,4.2244e+11,8.1957e+11
0.02604,0.13542,7.2079e+0,5.2319e+11,8.7243e+11
0.02813,0.13542,7.0890e+0,5.8433e+11,6.6355e+11
0.03021,0.13542,6.9769e+0,5.5857e+11,5.5827e+11
0.03229,0.13542,6.8734e+0,6.0125e+11,7.2796e+11
0.03438,0.13542,6.7692e+0,5.2724e+11,7.8913e+11
0.03646,0.13542,6.6547e+0,6.4651e+11,7.3846e+11
0.03854,0.13542,6.5406e+0,5.8268e+11,6.6792e+11
0.04063,0.13542,6.4255e+0,6.3012e+11,1.0114e+12
0.04271,0.13542,6.2885e+0,6.0105e+11,6.5024e+11
0.04479,0.13542,6.1560e+0,6.6410e+11,5.0725e+11
0.04688,0.13542,6.0441e+0,5.2221e+11,7.9589e+11
0.04896,0.13542,5.9213e+0,5.5731e+11,8.3551e+11
0.05104,0.13542,5.7883e+0,6.4028e+11,7.3527e+11
0.05312,0.13542,5.6594e+0,6.0809e+11,6.4891e+11
0.05521,0.13542,5.5371e+0,5.9452e+11,1.0805e+12
0.05729,0.13542,5.3878e+0,5.8093e+11,8.3828e+11
0.05937,0.13542,5.2262e+0,5.4189e+11,5.4480e+11
0.06146,0.13542,5.0704e+0,5.1701e+11,6.2886e+11
0.06354,0.13542,4.9134e+0,5.2254e+11,6.3874e+11
0.06563,0.13542,4.7568e+0,5.6364e+11,9.0514e+11
0.06771,0.13542,4.5831e+0,4.7880e+11,8.6733e+11
0.06979,0.13542,4.3863e+0,5.5651e+11,7.3260e+11
0.07187,0.13542,4.1819e+0,5.5789e+11,7.3608e+11
0.07396,0.13542,3.9692e+0,4.4637e+11,6.7698e+11
0.07604,0.13542,3.7434e+0,4.8201e+11,5.8846e+11
0.07813,0.13542,3.5121e+0,4.6991e+11,6.5381e+11
0.08021,0.13542,3.2679e+0,4.3381e+11,5.4082e+11
0.08229,0.13542,3.0180e+0,4.4756e+11,6.9161e+11
0.08438,0.13542,2.7557e+0,3.2034e+11,8.6730e+11
0.08646,0.13542,2.4609e+0,3.0552e+11,6.2171e+11
0.08854,0.13542,2.1494e+0,3.0553e+11,6.1183e+11
0.09062,0.13542,1.8197e+0,7.5171e+10,5.7380e+11
0.09271,0.13542,1.4558e+0,4.7792e+5,4.5025e+11
0.09479,0.13542,1.0622e+0,0.0000e+0,3.6594e+11
0.09688,0.13542,6.4695e-1,0.0000e+0,2.8445e+11
0.09896,0.13542,2.1801e-1,0.0000e+0,2.0972e+11
0.00104,0.13958,8.1106e+0,5.9627e+10,3.1757e+11
0.00313,0.13958,8.1086e+0,1.6999e+11,1.4201e+12
0.00521,0.13958,8.0490e+0,1.3962e+11,7.5834e+11
0.00729,0.13958,7.9822e+0,1.2709e+11,2.6357e+11
0.00937,0.13958,7.9288e+0,2.2919e+11,6.0966e+11
0.01146,0.13958,7.8645e+0,4.2930e+11,9.3342e+11
0.01354,0.13958,7.7826e+0,4.0786e+11,8.7208e+11
0.01563,0.13958,7.6857e+0,3.8374e+11,5.3831e+11
0.01771,0.13958,7.5925e+0,4.4195e+11,4.3426e+11
0.01979,0.13958,7.5125e+0,4.9522e+11,5.9673e+11
0.02187,0.13958,7.4342e+0,4.6432e+11,9.0784e+11
0.02396,0.13958,7.3281e+0,4.3997e+11,5.6406e+11
0.02604,0.13958,7.2150e+0,5.4074e+11,5.6562e+11
0.02813,0.13958,7.1026e+0,5.7663e+11,5.4637e+11
0.03021,0.13958,6.9971e+0,5.5690e+11,6.5404e+11
0.03229,0.13958,6.8923e+0,6.3107e+11,8.0827e+11
0.03438,0.13958,6.7841e+0,5.4077e+11,6.9944e+11
0.03646,0.13958,6.6712e+0,6.5415e+11,6.9060e+11
0.03854,0.13958,6.5603e+0,5.9787e+11,6.1277e+11
0.04063,0.13958,6.4512e+0,6.2400e+11,9.6693e+11
0.04271,0.13958,6.3184e+0,5.9652e+11,7.3524e+11
0.04479,0.13958,6.1786e+0,6.7096e+11,5.0071e+11
0.04688,0.13958,6.0552e+0,5.3633e+11,5.9012e+11
0.04896,0.13958,5.9300e+0,5.4967e+11,6.4759e+11
0.05104,0.13958,5.8002e+0,6.5116e+11,6.2157e+11
0.05312,0.13958,5.6780e+0,6.1805e+11,7.3504e+11
0.05521,0.13958,5.5521e+0,6.0084e+11,9.2283e+11
0.05729,0.13958,5.4070e+0,6.1500e+11,8.5520e+11
0.05937,0.13958,5.2506e+0,5.5746e+11,6.8809e+11
0.06146,0.13958,5.0914e+0,5.1908e+11,6.0193e+11
0.06354,0.13958,4.9318e+0,5.3205e+11,5.1607e+11
0.06563,0.13958,4.7789e+0,5.7631e+11,8.6534e+11
0.06771,0.13958,4.6111e+0,4.8427e+11,1.0540e+12
0.06979,0.13958,4.4097e+0,5.5472e+11,7.1367e+11
0.07187,0.13958,4.2050e+0,5.5161e+11,7.2519e+11
0.07396,0.13958,3.9941e+0,4.4179e+11,7.3775e+11
0.07604,0.13958,3.7697e+0,4.7851e+11,6.7248e+11
0.07813,0.13958,3.5403e+0,4.6898e+11,8.3977e+11
0.08021,0.13958,3.2921e+0,4.4202e+11,7.0907e+11
0.08229,0.13958,3.0320e+0,4.4867e+11,6.7930e+11
0.08438,0.13958,2.7609e+0,3.2318e+11,6.1319e+11
0.08646,0.13958,2.4724e+0,3.0484e+11,6.4905e+11
0.08854,0.13958,2.1649e+0,3.0847e+11,7.0298e+11
0.09062,0.13958,1.8361e+0,8.2427e+10,7.0344e+11
0.09271,0.13958,1.4689e+0,4.3164e+5,5.1566e+11
0.09479,0.13958,1.0712e+0,0.0000e+0,4.3081e+11
0.09688,0.13958,6.4894e-1,0.0000e+0,2.2180e+11
0.09896,0.13958,2.1762e-1,0.0000e+0,1.5829e+11
0.00104,0.14375,8.1634e+0,5.7852e+10,6.9389e+11
0.00313,0.14375,8.1557e+0,1.2910e+11,1.8670e+12
0.00521,0.14375,8.0748e+0,1.3157e+11,2.5170e+11
0.00729,0.14375,8.0246e+0,1.2763e+11,4.0854e+11
0.00937,0.14375,7.9772e+0,2.1958e+11,8.2027e+11
0.01146,0.14375,7.9063e+0,4.2068e+11,6.9862e+11
0.01354,0.14375,7.8331e+0,3.9606e+11,8.9487e+11
0.01563,0.14375,7.7405e+0,3.7039e+11,8.0397e+11
0.01771,0.14375,7.6345e+0,4.3763e+11,3.8222e+11
0.01979,0.14375,7.5499e+0,5.1159e+11,6.0111e+11
0.02187,0.14375,7.4732e+0,4.5854e+11,1.0125e+12
0.02396,0.14375,7.3688e+0,4.6105e+11,9.0038e+11
0.02604,0.14375,7.2480e+0,5.4933e+11,6.8134e+11
0.02813,0.14375,7.1300e+0,5.8924e+11,6.7897e+11
0.03021,0.14375,7.0129e+0,5.7171e+11,5.8242e+11
0.03229,0.14375,6.8969e+0,6.2119e+11,4.2451e+11
0.03438,0.14375,6.7950e+0,5.2821e+11,5.0724e+11
0.03646,0.14375,6.6937e+0,6.6428e+11,7.1574e+11
0.03854,0.14375,6.5921e+0,6.0949e+11,7.1165e+11
0.04063,0.14375,6.4886e+0,6.3100e+11,1.0630e+12
0.04271,0.14375,6.3599e+0,6.0142e+11,9.7513e+11
0.04479,0.14375,6.2129e+0,6.6601e+11,5.9665e+11
0.04688,0.14375,6.0791e+0,5.4741e+11,5.6132e+11
0.04896,0.14375,5.9476e+0,5.7206e+11,6.4564e+11
0.05104,0.14375,5.8122e+0,6.5534e+11,4.4935e+11
0.05312,0.14375,5.6935e+0,6.0474e+11,7.8401e+11
0.05521,0.14375,5.5636e+0,6.0842e+11,8.2930e+11
0.05729,0.14375,5.4177e+0,6.2146e+11,6.8301e+11
0.05937,0.14375,5.2671e+0,5.7210e+11,6.6808e+11
0.06146,0.14375,5.1099e+0,5.2047e+11,5.9789e+11
0.06354,0.14375,4.9491e+0,5.4548e+11,5.4902e+11
0.06563,0.14375,4.7901e+0,5.8761e+11,7.6630e+11
0.06771,0.14375,4.6171e+0,4.8211e+11,7.8229e+11
0.06979,0.14375,4.4209e+0,5.4930e+11,6.2018e+11
0.07187,0.14375,4.2219e+0,5.4482e+11,8.5927e+11
0.07396,0.14375,4.0052e+0,4.5275e+11,6.4495e+11
0.07604,0.14375,3.7796e+0,4.7388e+11,5.6540e+11
0.07813,0.14375,3.5529e+0,4.6689e+11,8.2466e+11
0.08021,0.14375,3.3068e+0,4.5798e+11,7.8443e+11
0.08229,0.14375,3.0440e+0,4.5524e+11,6.6317e+11
0.08438,0.14375,2.7719e+0,3.3705e+11,6.6576e+11
0.08646,0.14375,2.4810e+0,3.2079e+11,6.4539e+11
0.08854,0.14375,2.1718e+0,3.1720e+11,6.9097e+11
0.09062,0.14375,1.8427e+0,8.5101e+10,6.7538e+11
0.09271,0.14375,1.4765e+0,3.3721e+5,5.2510e+11
0.09479,0.14375,1.0787e+0,0.0000e+0,4.6344e+11
0.09688,0.14375,6.5439e-1,0.0000e+0,2.4725e+11
0.09896,0.14375,2.1971e-1,0.0000e+0,1.7687e+11
0.00104,0.14792,8.0784e+0,5.4804e+10,4.5576e+10
0.00313,0.14792,8.0678e+0,1.1137e+11,9.9933e+10
0.00521,0.14792,8.0448e+0,1.3024e+11,3.3739e+10
0.00729,0.14792,8.0236e+0,1.4250e+11,4.2361e+11
0.00937,0.14792,7.9830e+0,2.1763e+11,5.6217e+11
0.01146,0.14792,7.9228e+0,4.1996e+11,6.4101e+11
0.01354,0.14792,7.8553e+0,3.9472e+11,8.4737e+11
0.01563,0.14792,7.7659e+0,3.7356e+11,9.0040e+11
0.01771,0.14792,7.6528e+0,4.2643e+11,3.0480e+11
0.01979,0.14792,7.5617e+0,5.0126e+11,4.3515e+11
0.02187,0.14792,7.4833e+0,4.6609e+11,9.1896e+11
0.02396,0.14792,7.3768e+0,4.5681e+11,6.1048e+11
0.02604,0.14792,7.2661e+0,5.4236e+11,6.0743e+11
0.02813,0.14792,7.1604e+0,5.8226e+11,7.5108e+11
0.03021,0.14792,7.0528e+0,5.8145e+11,8.5513e+11
0.03229,0.14792,6.9356e+0,6.2721e+11,5.5515e+11
0.03438,0.14792,6.8342e+0,5.2922e+11,7.5145e+11
0.03646,0.14792,6.7243e+0,6.8426e+11,6.6900e+11
0.03854,0.14792,6.6221e+0,6.2492e+11,7.8213e+11
0.04063,0.14792,6.5145e+0,6.5176e+11,1.0159e+12
0.04271,0.14792,6.3840e+0,6.0953e+11,8.0344e+11
0.04479,0.14792,6.2422e+0,6.6192e+11,5.2555e+11
0.04688,0.14792,6.1131e+0,5.6560e+11,6.3794e+11
0.04896,0.14792,5.9809e+0,5.8249e+11,7.2128e+11
0.05104,0.14792,5.8424e+0,6.6762e+11,5.6251e+11
0.05312,0.14792,5.7168e+0,6.0416e+11,6.7107e+11
0.05521,0.14792,5.5909e+0,6.2538e+11,9.1560e+11
0.05729,0.14792,5.4494e+0,6.1178e+11,7.9268e+11
0.05937,0.14792,5.3017e+0,5.6863e+11,8.7193e+11
0.06146,0.14792,5.1396e+0,5.4083e+11,6.2568e+11
0.06354,0.14792,4.9791e+0,5.5378e+11,6.1465e+11
0.06563,0.14792,4.8220e+0,6.0154e+11,9.8893e+11
0.06771,0.14792,4.6449e+0,4.8999e+11,9.1199e+11
0.06979,0.14792,4.4443e+0,5.5337e+11,7.5377e+11
0.07187,0.14792,4.2348e+0,5.4245e+11,7.1075e+11
0.07396,0.14792,4.0165e+0,4.5347e+11,6.2324e+11
0.07604,0.14792,3.7894e+0,4.7577e+11,6.0531e+11
0.07813,0.14792,3.5567e+0,4.6733e+11,6.7845e+11
0.08021,0.14792,3.3117e+0,4.5006e+11,6.5863e+11
0.08229,0.14792,3.0547e+0,4.5633e+11,7.0775e+11
0.08438,0.14792,2.7830e+0,3.4634e+11,7.2121e+11
0.08646,0.14792,2.4890e+0,3.2780e+11,7.2898e+11
0.08854,0.14792,2.1715e+0,3.2187e+11,5.1232e+11
0.09062,0.14792,1.8439e+0,8.3070e+10,6.1120e+11
0.09271,0.14792,1.4803e+0,2.5765e+5,5.3583e+11
0.09479,0.14792,1.0826e+0,0.0000e+0,4.2101e+11
0.09688,0.14792,6.6060e-1,0.0000e+0,3.3492e+11
0.09896,0.14792,2.2200e-1,0.0000e+0,1.8614e+11
0.00104,0.15208,8.0807e+0,5.8946e+10,0.0000e+0
0.00313,0.15208,8.0781e+0,1.0896e+11,5.7444e+10
0.00521,0.15208,8.0731e+0,1.4181e+11,4.0500e+11
0.00729,0.15208,8.0474e+0,1.4841e+11,3.8006e+11
0.00937,0.15208,8.0038e+0,2.0872e+11,4.2015e+11
0.01146,0.15208,7.9454e+0,4.0965e+11,7.2867e+11
0.01354,0.15208,7.8711e+0,4.1511e+11,8.5334e+11
0.01563,0.15208,7.7748e+0,3.8455e+11,6.1270e+11
0.01771,0.15208,7.6693e+0,4.3265e+11,3.4017e+11
0.01979,0.15208,7.5789e+0,4.9702e+11,4.3188e+11
0.02187,0.15208,7.4987e+0,4.6113e+11,8.9111e+11
0.02396,0.15208,7.3910e+0,4.6729e+11,5.7533e+11
0.02604,0.15208,7.2785e+0,5.5067e+11,4.3638e+11
0.02813,0.15208,7.1769e+0,5.8802e+11,6.1324e+11
0.03021,0.15208,7.0762e+0,5.9324e+11,8.4716e+11
0.03229,0.15208,6.9620e+0,6.3823e+11,5.2884e+11
0.03438,0.15208,6.8633e+0,5.2339e+11,7.6865e+11
0.03646,0.15208,6.7532e+0,7.0535e+11,7.3997e+11
0.03854,0.15208,6.6468e+0,6.4248e+11,6.3948e+11
0.04063,0.15208,6.5423e+0,6.6585e+11,9.2439e+11
0.04271,0.15208,6.4188e+0,6.1952e+11,7.7831e+11
0.04479,0.15208,6.2886e+0,6.6006e+11,7.9198e+11
0.04688,0.15208,6.1600e+0,5.6505e+11,8.9954e+11
0.04896,0.15208,6.0187e+0,5.9324e+11,7.7850e+11
0.05104,0.15208,5.8760e+0,6.6612e+11,7.5137e+11
0.05312,0.15208,5.7395e+0,6.0689e+11,6.4134e+11
0.05521,0.15208,5.6097e+0,6.2763e+11,8.4759e+11
0.05729,0.15208,5.4702e+0,5.8948e+11,8.2330e+11
0.05937,0.15208,5.3202e+0,5.7256e+11,8.0538e+11
0.06146,0.15208,5.1583e+0,5.4159e+11,6.2077e+11
0.06354,0.15208,4.9967e+0,5.5997e+11,6.6150e+11
0.06563,0.15208,4.8339e+0,6.1369e+11,8.9130e+11
0.06771,0.15208,4.6571e+0,4.9591e+11,8.2093e+11
0.06979,0.15208,4.4653e+0,5.6290e+11,9.7861e+11
0.07187,0.15208,4.2543e+0,5.5517e+11,8.0325e+11
0.07396,0.15208,4.0354e+0,4.5686e+11,7.1227e+11
0.07604,0.15208,3.8056e+0,4.8447e+11,6.6876e+11
0.07813,0.15208,3.5687e+0,4.6679e+11,6.3124e+11
0.08021,0.15208,3.3254e+0,4.4937e+11,6.6809e+11
0.08229,0.15208,3.0721e+0,4.6635e+11,8.8872e+11
0.08438,0.15208,2.7936e+0,3.5033e+11,6.9149e+11
0.08646,0.15208,2.4946e+0,3.2911e+11,5.6717e+11
0.08854,0.15208,2.1825e+0,3.1483e+11,6.1888e+11
0.09062,0.15208,1.8543e+0,8.0026e+10,6.9714e+11
0.09271,0.15208,1.4864e+0,3.3314e+5,4.9198e+11
0.09479,0.15208,1.0879e+0,0.0000e+0,4.1025e+11
0.09688,0.15208,6.6488e-1,0.0000e+0,3.2996e+11
0.09896,0.15208,2.2452e-1,0.0000e+0,2.2795e+11
0.00104,0.15625,8.1223e+0,8.7001e+10,0.0000e+0
0.00313,0.15625,8.1245e+0,1.1522e+11,7.9480e+10
0.00521,0.15625,8.1261e+0,1.3781e+11,3.6732e+11
0.00729,0.15625,8.1094e+0,1.4124e+11,5.8167e+11
0.00937,0.15625,8.0632e+0,2.1438e+11,9.2033e+11
0.01146,0.15625,7.9790e+0,4.1398e+11,7.0860e+11
0.01354,0.15625,7.8901e+0,4.1588e+11,5.9815e+11
0.01563,0.15625,7.8024e+0,3.8701e+11,7.5366e+11
0.01771,0.15625,7.7009e+0,4.3844e+11,4.2564e+11
0.01979,0.15625,7.6118e+0,4.9334e+11,5.7569e+11
0.02187,0.15625,7.5245e+0,4.5820e+11,6.7950e+11
0.02396,0.15625,7.4289e+0,4.8610e+11,8.3434e+11
0.02604,0.15625,7.3177e+0,5.4694e+11,6.2790e+11
0.02813,0.15625,7.2117e+0,5.8836e+11,7.6167e+11
0.03021,0.15625,7.1040e+0,5.7803e+11,8.5044e+11
0.03229,0.15625,6.9876e+0,6.3526e+11,5.7359e+11
0.03438,0.15625,6.8862e+0,5.2174e+11,6.5694e+11
0.03646,0.15625,6.7816e+0,6.9818e+11,6.2717e+11
0.03854,0.15625,6.6874e+0,6.4257e+11,7.8450e+11
0.04063,0.15625,6.5888e+0,6.5312e+11,1.2584e+12
0.04271,0.15625,6.4545e+0,6.0643e+11,8.4290e+11
0.04479,0.15625,6.3119e+0,6.7373e+11,6.8790e+11
0.04688,0.15625,6.1763e+0,5.7225e+11,8.3630e+11
0.04896,0.15625,6.0281e+0,5.8969e+11,6.7270e+11
0.05104,0.15625,5.8810e+0,6.6766e+11,5.9870e+11
0.05312,0.15625,5.7455e+0,6.1469e+11,5.4923e+11
0.05521,0.15625,5.6185e+0,6.3146e+11,8.1604e+11
0.05729,0.15625,5.4807e+0,5.8057e+11,7.2454e+11
0.05937,0.15625,5.3346e+0,5.7884e+11,8.2786e+11
0.06146,0.15625,5.1733e+0,5.3654e+11,6.4632e+11
0.06354,0.15625,5.0084e+0,5.6285e+11,6.9293e+11
0.06563,0.15625,4.8359e+0,5.9961e+11,7.5098e+11
0.06771,0.15625,4.6502e+0,4.8954e+11,5.4591e+11
0.06979,0.15625,4.4561e+0,5.5896e+11,6.5591e+11
0.07187,0.15625,4.2530e+0,5.6219e+11,7.0279e+11
0.07396,0.15625,4.0423e+0,4.6176e+11,7.0626e+11
0.07604,0.15625,3.8184e+0,4.8926e+11,7.8576e+11
0.07813,0.15625,3.5804e+0,4.6945e+11,6.8625e+11
0.08021,0.15625,3.3357e+0,4.4297e+11,6.4041e+11
0.08229,0.15625,3.0847e+0,4.7089e+11,9.4138e+11
0.08438,0.15625,2.8074e+0,3.6258e+11,8.0987e+11
0.08646,0.15625,2.5072e+0,3.2875e+11,6.4458e+11
0.08854,0.15625,2.1923e+0,3.2353e+11,6.3829e+11
0.09062,0.15625,1.8619e+0,7.9644e+10,6.5370e+11
0.09271,0.15625,1.4952e+0,2.5235e+5,5.0954e+11
0.09479,0.15625,1.0980e+0,0.0000e+0,4.9675e+11
0.09688,0.15625,6.7205e-1,0.0000e+0,3.6143e+11
0.09896,0.15625,2.2759e-1,0.0000e+0,2.6417e+11
0.00104,0.16042,8.1730e+0,8.6348e+10,0.0000e+0
0.00313,0.16042,8.1795e+0,1.1201e+11,3.9370e+10
0.00521,0.16042,8.1929e+0,1.4729e+11,5.2349e+11
0.00729,0.16042,8.1862e+0,1.4700e+11,1.3808e+12
0.00937,0.16042,8.1113e+0,2.2094e+11,1.0758e+12
0.01146,0.16042,8.0017e+0,4.1534e+11,5.6916e+11
0.01354,0.16042,7.9013e+0,4.0266e+11,2.7910e+11
0.01563,0.16042,7.8207e+0,3.8971e+11,6.4544e+11
0.01771,0.16042,7.7315e+0,4.5964e+11,5.6252e+11
0.01979,0.16042,7.6490e+0,4.9167e+11,9.2777e+11
0.02187,0.16042,7.5486e+0,4.6920e+11,4.8129e+11
0.02396,0.16042,7.4556e+0,5.0869e+11,8.4579e+11
0.02604,0.16042,7.3455e+0,5.4368e+11,7.0774e+11
0.02813,0.16042,7.2307e+0,5.7460e+11,6.9581e+11
0.03021,0.16042,7.1116e+0,5.7342e+11,4.8377e+11
0.03229,0.16042,7.0010e+0,6.1823e+11,4.4638e+11
0.03438,0.16042,6.9047e+0,5.2401e+11,4.7583e+11
0.03646,0.16042,6.8130e+0,7.1699e+11,7.7016e+11
0.03854,0.16042,6.7216e+0,6.3308e+11,9.8193e+11
0.04063,0.16042,6.6124e+0,6.3780e+11,1.1586e+12
0.04271,0.16042,6.4760e+0,6.0112e+11,9.2252e+11
0.04479,0.16042,6.3283e+0,6.8096e+11,7.4897e+11
0.04688,0.16042,6.1857e+0,5.7906e+11,8.0201e+11
0.04896,0.16042,6.0321e+0,5.9104e+11,5.3536e+11
0.05104,0.16042,5.8848e+0,6.7036e+11,4.0854e+11
0.05312,0.16042,5.7581e+0,6.3176e+11,6.3874e+11
0.05521,0.16042,5.6325e+0,6.3806e+11,7.6719e+11
0.05729,0.16042,5.5001e+0,5.8882e+11,8.6654e+11
0.05937,0.16042,5.3527e+0,5.8952e+11,8.8966e+11
0.06146,0.16042,5.1906e+0,5.3010e+11,6.0175e+11
0.06354,0.16042,5.0316e+0,5.6615e+11,7.7046e+11
0.06563,0.16042,4.8661e+0,6.0258e+11,9.7063e+11
0.06771,0.16042,4.6830e+0,4.9621e+11,9.5507e+11
0.06979,0.16042,4.4755e+0,5.5457e+11,7.2434e+11
0.07187,0.16042,4.2623e+0,5.6251e+11,6.2212e+11
0.07396,0.16042,4.0495e+0,4.6188e+11,7.6142e+11
0.07604,0.16042,3.8199e+0,4.8042e+11,7.4398e+11
0.07813,0.16042,3.5763e+0,4.7425e+11,4.8417e+11
0.08021,0.16042,3.3353e+0,4.4279e+11,6.6199e+11
0.08229,0.16042,3.0813e+0,4.6691e+11,8.5788e+11
0.08438,0.16042,2.8008e+0,3.6024e+11,5.3287e+11
0.08646,0.16042,2.5092e+0,3.1840e+11,6.5981e+11
0.08854,0.16042,2.1954e+0,3.1933e+11,5.9272e+11
0.09062,0.16042,1.8660e+0,7.8859e+10,6.5279e+11
0.09271,0.16042,1.5004e+0,2.6563e+5,5.4853e+11
0.09479,0.16042,1.1036e+0,0.0000e+0,5.3870e+11
0.09688,0.16042,6.7698e-1,0.0000e+0,4.2413e+11
0.09896,0.16042,2.2847e-1,0.0000e+0,2.3367e+11
0.00104,0.16458,8.1986e+0,5.8374e+10,0.0000e+0
0.00313,0.16458,8.2036e+0,1.0387e+11,1.2692e+10
0.00521,0.16458,8.2163e+0,1.6770e+11,7.4351e+11
0.00729,0.16458,8.1947e+0,1.5801e+11,1.2048e+12
0.00937,0.16458,8.1121e+0,2.2751e+11,6.4458e+11
0.01146,0.16458,8.0151e+0,4.1676e+11,4.5170e+11
0.01354,0.16458,7.9282e+0,4.0010e+11,5.4445e+11
0.01563,0.16458,7.8377e+0,3.8062e+11,4.9980e+11
0.01771,0.16458,7.7442e+0,4.8381e+11,4.9645e+11
0.01979,0.16458,7.6586e+0,4.8927e+11,5.4253e+11
0.02187,0.16458,7.5767e+0,4.7480e+11,8.0233e+11
0.02396,0.16458,7.4799e+0,5.1681e+11,7.5915e+11
0.02604,0.16458,7.3762e+0,5.4348e+11,8.2577e+11
0.02813,0.16458,7.2637e+0,5.8517e+11,8.1913e+11
0.03021,0.16458,7.1447e+0,5.9253e+11,5.6020e+11
0.03229,0.16458,7.0382e+0,6.1644e+11,5.9221e+11
0.03438,0.16458,6.9423e+0,5.2933e+11,6.0507e+11
0.03646,0.16458,6.8479e+0,7.3603e+11,1.0115e+12
0.03854,0.16458,6.7388e+0,6.4391e+11,1.0192e+12
0.04063,0.16458,6.6061e+0,6.5400e+11,7.0257e+11
0.04271,0.16458,6.4696e+0,6.1591e+11,6.4606e+11
0.04479,0.16458,6.3300e+0,6.8850e+11,6.5519e+11
0.04688,0.16458,6.1951e+0,5.7642e+11,7.2165e+11
0.04896,0.16458,6.0537e+0,5.9692e+11,6.9882e+11
0.05104,0.16458,5.9114e+0,6.6422e+11,5.7624e+11
0.05312,0.16458,5.7832e+0,6.3420e+11,7.6735e+11
0.05521,0.16458,5.6533e+0,6.4505e+11,8.9679e+11
0.05729,0.16458,5.5120e+0,5.9716e+11,8.5843e+11
0.05937,0.16458,5.3578e+0,6.0043e+11,8.1450e+11
0.06146,0.16458,5.1940e+0,5.4434e+11,5.3747e+11
0.06354,0.16458,5.0383e+0,5.6376e+11,7.7659e+11
0.06563,0.16458,4.8731e+0,6.0513e+11,8.6027e+11
0.06771,0.16458,4.6932e+0,5.0405e+11,8.8965e+11
0.06979,0.16458,4.4895e+0,5.7011e+11,7.8153e+11
0.07187,0.16458,4.2758e+0,5.7455e+11,7.5370e+11
0.07396,0.16458,4.0548e+0,4.6433e+11,6.8522e+11
0.07604,0.16458,3.8209e+0,4.8208e+11,5.6243e+11
0.07813,0.16458,3.5841e+0,4.8282e+11,6.0487e+11
0.08021,0.16458,3.3436e+0,4.4123e+11,7.2466e+11
0.08229,0.16458,3.0886e+0,4.6998e+11,8.5707e+11
0.08438,0.16458,2.8126e+0,3.6821e+11,6.6418e+11
0.08646,0.16458,2.5216e+0,3.2677e+11,7.3001e+11
0.08854,0.16458,2.2058e+0,3.2346e+11,6.9976e+11
0.09062,0.16458,1.8663e+0,7.8919e+10,5.7585e+11
0.09271,0.16458,1.4923e+0,3.3610e+5,3.3449e+11
0.09479,0.16458,1.0957e+0,0.0000e+0,3.9242e+11
0.09688,0.16458,6.7368e-1,0.0000e+0,4.0414e+11
0.09896,0.16458,2.2782e-1,0.0000e+0,2.4383e+11
0.00104,0.16875,8.2024e+0,3.9433e+10,0.0000e+0
0.00313,0.16875,8.2018e+0,1.2085e+11,1.2538e+10
0.00521,0.16875,8.2032e+0,1.7703e+11,4.9715e+11
0.00729,0.16875,8.1781e+0,1.5281e+11,7.0660e+11
0.00937,0.16875,8.1187e+0,2.2499e+11,6.1690e+11
0.01146,0.16875,8.0447e+0,3.9442e+11,5.1964e+11
0.01354,0.16875,7.9784e+0,3.8508e+11,1.1107e+12
0.01563,0.16875,7.8779e+0,3.7579e+11,8.0335e+11
0.01771,0.16875,7.7639e+0,4.7480e+11,3.5766e+11
0.01979,0.16875,7.6718e+0,4.8548e+11,3.2574e+11
0.02187,0.16875,7.5957e+0,4.6802e+11,8.8608e+11
0.02396,0.16875,7.4902e+0,5.0739e+11,5.3339e+11
0.02604,0.16875,7.3883e+0,5.5042e+11,6.7731e+11
0.02813,0.16875,7.2836e+0,5.8145e+11,8.3225e+11
0.03021,0.16875,7.1695e+0,5.8573e+11,5.8863e+11
0.03229,0.16875,7.0664e+0,6.1717e+11,6.3669e+11
0.03438,0.16875,6.9729e+0,5.3420e+11,6.9488e+11
0.03646,0.16875,6.8786e+0,7.3909e+11,1.2322e+12
0.03854,0.16875,6.7585e+0,6.5313e+11,9.4070e+11
0.04063,0.16875,6.6275e+0,6.5179e+11,8.4346e+11
0.04271,0.16875,6.4928e+0,6.2983e+11,8.7113e+11
0.04479,0.16875,6.3493e+0,7.1485e+11,7.6438e+11
0.04688,0.16875,6.2093e+0,5.7553e+11,6.1716e+11
0.04896,0.16875,6.0713e+0,6.0257e+11,7.1760e+11
0.05104,0.16875,5.9309e+0,6.6952e+11,7.2510e+11
0.05312,0.16875,5.7940e+0,6.4517e+11,6.7807e+11
0.05521,0.16875,5.6611e+0,6.5118e+11,8.9934e+11
0.05729,0.16875,5.5147e+0,6.0614e+11,8.0440e+11
0.05937,0.16875,5.3561e+0,6.1865e+11,7.3390e+11
0.06146,0.16875,5.1895e+0,5.5098e+11,3.8528e+11
0.06354,0.16875,5.0367e+0,5.4884e+11,6.3173e+11
0.06563,0.16875,4.8806e+0,6.0820e+11,9.9384e+11
0.06771,0.16875,4.7010e+0,5.1748e+11,8.4328e+11
0.06979,0.16875,4.5022e+0,5.5400e+11,8.3249e+11
0.07187,0.16875,4.2878e+0,5.6565e+11,6.9844e+11
0.07396,0.16875,4.0673e+0,4.6213e+11,6.6666e+11
0.07604,0.16875,3.8343e+0,4.8727e+11,6.1874e+11
0.07813,0.16875,3.5941e+0,4.8000e+11,6.1410e+11
0.08021,0.16875,3.3464e+0,4.5142e+11,6.7171e+11
0.08229,0.16875,3.0848e+0,4.8493e+11,5.8416e+11
0.08438,0.16875,2.8195e+0,3.6556e+11,6.9113e+11
0.08646,0.16875,2.5357e+0,3.1037e+11,7.8697e+11
0.08854,0.16875,2.2237e+0,3.1836e+11,8.3488e+11
0.09062,0.16875,1.8815e+0,7.7937e+10,6.5403e+11
0.09271,0.16875,1.5042e+0,2.3647e+5,4.4145e+11
0.09479,0.16875,1.1021e+0,0.0000e+0,4.3258e+11
0.09688,0.16875,6.7612e-1,0.0000e+0,4.1718e+11
0.09896,0.16875,2.2761e-1,0.0000e+0,2.0578e+11
0.00104,0.17292,8.2236e+0,4.3966e+10,0.0000e+0
0.00313,0.17292,8.2250e+0,1.1747e+11,3.1415e+11
0.00521,0.17292,8.2144e+0,1.5054e+11,6.5681e+11
0.00729,0.17292,8.1731e+0,1.2450e+11,3.6610e+11
0.00937,0.17292,8.1204e+0,2.2618e+11,5.1416e+11
0.01146,0.17292,8.0546e+0,4.1415e+11,5.3946e+11
0.01354,0.17292,7.9889e+0,3.8823e+11,1.0023e+12
0.01563,0.17292,7.8949e+0,3.7767e+11,9.2613e+11
0.01771,0.17292,7.7816e+0,4.7591e+11,2.0874e+11
0.01979,0.17292,7.7064e+0,5.2458e+11,7.1602e+11
0.02187,0.17292,7.6359e+0,4.9361e+11,1.4235e+12
0.02396,0.17292,7.5136e+0,4.9940e+11,4.8877e+11
0.02604,0.17292,7.4048e+0,5.6944e+11,7.2106e+11
0.02813,0.17292,7.2950e+0,5.7163e+11,7.5584e+11
0.03021,0.17292,7.1791e+0,5.9108e+11,5.3296e+11
0.03229,0.17292,7.0755e+0,6.1698e+11,5.9786e+11
0.03438,0.17292,6.9791e+0,5.2497e+11,5.9497e+11
0.03646,0.17292,6.8820e+0,7.3686e+11,1.1091e+12
0.03854,0.17292,6.7589e+0,6.4972e+11,7.4107e+11
0.04063,0.17292,6.6304e+0,6.3340e+11,6.5581e+11
0.04271,0.17292,6.5024e+0,6.3694e+11,8.1617e+11
0.04479,0.17292,6.3657e+0,7.3317e+11,8.5808e+11
0.04688,0.17292,6.2272e+0,5.8650e+11,7.2413e+11
0.04896,0.17292,6.0858e+0,6.0916e+11,7.3732e+11
0.05104,0.17292,5.9418e+0,6.6725e+11,7.2636e+11
0.05312,0.17292,5.7996e+0,6.3631e+11,5.9279e+11
0.05521,0.17292,5.6655e+0,6.4770e+11,7.8855e+11
0.05729,0.17292,5.5265e+0,6.1017e+11,9.0177e+11
0.05937,0.17292,5.3728e+0,6.0716e+11,9.1361e+11
0.06146,0.17292,5.2040e+0,5.5188e+11,5.6009e+11
0.06354,0.17292,5.0422e+0,5.4942e+11,5.7538e+11
0.06563,0.17292,4.8826e+0,6.0737e+11,8.7305e+11
0.06771,0.17292,4.7063e+0,5.1170e+11,7.6139e+11
0.06979,0.17292,4.5144e+0,5.5359e+11,8.2986e+11
0.07187,0.17292,4.3078e+0,5.6574e+11,8.1990e+11
0.07396,0.17292,4.0914e+0,4.4955e+11,7.6246e+11
0.07604,0.17292,3.8609e+0,4.9040e+11,7.8196e+11
0.07813,0.17292,3.6181e+0,4.8706e+11,7.8477e+11
0.08021,0.17292,3.3618e+0,4.6697e+11,7.4724e+11
0.08229,0.17292,3.0918e+0,4.8512e+11,4.9971e+11
0.08438,0.17292,2.8250e+0,3.6006e+11,6.1188e+11
0.08646,0.17292,2.5421e+0,3.1568e+11,7.5406e+11
0.08854,0.17292,2.2307e+0,3.3031e+11,8.2811e+11
0.09062,0.17292,1.8890e+0,8.2465e+10,6.7110e+11
0.09271,0.17292,1.5113e+0,8.8737e+5,4.9298e+11
0.09479,0.17292,1.1048e+0,0.0000e+0,4.0323e+11
0.09688,0.17292,6.7518e-1,0.0000e+0,3.2775e+11
0.09896,0.17292,2.2763e-1,0.0000e+0,2.0992e+11
0.00104,0.17708,8.2472e+0,4.9168e+10,0.0000e+0
0.00313,0.17708,8.2466e+0,1.1489e+11,2.9044e+11
0.00521,0.17708,8.2308e+0,1.7530e+11,4.9467e+11
0.00729,0.17708,8.1912e+0,1.3006e+11,3.6539e+11
0.00937,0.17708,8.1372e+0,2.2231e+11,4.4961e+11
0.01146,0.17708,8.0723e+0,4.3077e+11,1.0366e+12
0.01354,0.17708,7.9688e+0,4.0344e+11,3.7192e+11
0.01563,0.17708,7.8721e+0,3.8695e+11,4.2017e+11
0.01771,0.17708,7.7752e+0,4.9691e+11,3.8104e+11
0.01979,0.17708,7.6928e+0,5.5170e+11,3.2083e+11
0.02187,0.17708,7.6281e+0,5.0831e+11,9.8091e+11
0.02396,0.17708,7.5266e+0,5.1345e+11,7.7361e+11
0.02604,0.17708,7.4126e+0,5.6218e+11,5.6777e+11
0.02813,0.17708,7.3059e+0,5.7616e+11,8.2361e+11
0.03021,0.17708,7.1885e+0,5.7945e+11,4.7190e+11
0.03229,0.17708,7.0872e+0,6.1023e+11,6.3643e+11
0.03438,0.17708,6.9899e+0,5.3448e+11,5.5725e+11
0.03646,0.17708,6.8972e+0,7.2542e+11,1.1647e+12
0.03854,0.17708,6.7796e+0,6.4450e+11,9.2187e+11
0.04063,0.17708,6.6504e+0,6.5069e+11,8.4191e+11
0.04271,0.17708,6.5166e+0,6.3083e+11,8.3825e+11
0.04479,0.17708,6.3759e+0,7.3709e+11,8.0565e+11
0.04688,0.17708,6.2378e+0,6.0035e+11,7.3641e+11
0.04896,0.17708,6.0950e+0,6.1277e+11,6.7969e+11
0.05104,0.17708,5.9508e+0,6.8680e+11,7.3373e+11
0.05312,0.17708,5.8075e+0,6.2910e+11,6.8627e+11
0.05521,0.17708,5.6661e+0,6.4702e+11,6.9028e+11
0.05729,0.17708,5.5268e+0,6.0834e+11,8.1432e+11
0.05937,0.17708,5.3764e+0,6.1017e+11,8.7659e+11
0.06146,0.17708,5.2099e+0,5.6921e+11,5.0813e+11
0.06354,0.17708,5.0521e+0,5.5627e+11,6.8694e+11
0.06563,0.17708,4.8888e+0,6.1796e+11,7.8059e+11
0.06771,0.17708,4.7183e+0,5.1527e+11,9.2879e+11
0.06979,0.17708,4.5229e+0,5.5099e+11,8.4497e+11
0.07187,0.17708,4.3114e+0,5.7313e+11,6.5189e+11
0.07396,0.17708,4.0986e+0,4.6342e+11,7.3596e+11
0.07604,0.17708,3.8709e+0,5.0545e+11,7.7448e+11
0.07813,0.17708,3.6293e+0,4.9570e+11,8.0089e+11
0.08021,0.17708,3.3709e+0,4.6627e+11,5.9935e+11
0.08229,0.17708,3.1092e+0,4.7229e+11,6.6712e+11
0.08438,0.17708,2.8425e+0,3.6033e+11,8.0111e+11
0.08646,0.17708,2.5535e+0,3.2254e+11,8.8176e+11
0.08854,0.17708,2.2328e+0,3.3976e+11,7.6815e+11
0.09062,0.17708,1.8892e+0,8.2238e+10,6.0655e+11
0.09271,0.17708,1.5140e+0,6.4719e+6,4.9963e+11
0.09479,0.17708,1.1098e+0,0.0000e+0,4.5617e+11
0.09688,0.17708,6.8086e-1,0.0000e+0,4.1819e+11
0.09896,0.17708,2.3048e-1,0.0000e+0,2.6970e+11
0.00104,0.18125,8.2913e+0,4.9190e+10,5.4784e+10
0.00313,0.18125,8.2955e+0,1.1431e+11,4.4392e+11
0.00521,0.18125,8.2866e+0,1.4714e+11,8.2068e+11
0.00729,0.18125,8.2464e+0,1.3324e+11,7.8060e+11
0.00937,0.18125,8.1795e+0,2.1746e+11,5.0999e+11
0.01146,0.18125,8.1151e+0,4.1785e+11,1.5574e+12
0.01354,0.18125,7.9929e+0,3.9298e+11,4.3864e+11
0.01563,0.18125,7.8911e+0,3.9966e+11,6.1904e+11
0.01771,0.18125,7.7892e+0,4.9036e+11,3.3549e+11
0.01979,0.18125,7.7121e+0,5.2833e+11,4.7073e+11
0.02187,0.18125,7.6507e+0,5.0298e+11,1.2687e+12
0.02396,0.18125,7.5453e+0,5.4648e+11,9.4854e+11
0.02604,0.18125,7.4251e+0,5.5388e+11,5.8511e+11
0.02813,0.18125,7.3148e+0,5.7867e+11,7.4978e+11
0.03021,0.18125,7.1971e+0,5.7642e+11,3.4283e+11
0.03229,0.18125,7.1007e+0,6.2290e+11,7.6106e+11
0.03438,0.18125,6.9983e+0,5.4745e+11,5.9369e+11
0.03646,0.18125,6.8981e+0,7.2873e+11,9.9771e+11
0.03854,0.18125,6.7860e+0,6.3543e+11,1.0073e+12
0.04063,0.18125,6.6559e+0,6.6342e+11,8.3482e+11
0.04271,0.18125,6.5197e+0,6.4301e+11,7.4369e+11
0.04479,0.18125,6.3801e+0,7.2674e+11,6.6855e+11
0.04688,0.18125,6.2493e+0,5.9873e+11,7.6774e+11
0.04896,0.18125,6.1133e+0,6.0300e+11,9.0363e+11
0.05104,0.18125,5.9643e+0,6.6907e+11,8.0716e+11
0.05312,0.18125,5.8127e+0,6.2017e+11,5.8933e+11
0.05521,0.18125,5.6661e+0,6.4694e+11,5.5222e+11
0.05729,0.18125,5.5278e+0,6.0276e+11,7.2813e+11
0.05937,0.18125,5.3826e+0,6.0821e+11,8.8413e+11
0.06146,0.18125,5.2226e+0,5.5645e+11,6.5637e+11
0.06354,0.18125,5.0634e+0,5.5291e+11,7.6352e+11
0.06563,0.18125,4.8947e+0,6.1251e+11,7.4751e+11
0.06771,0.18125,4.7218e+0,5.1550e+11,8.7531e+11
0.06979,0.18125,4.5281e+0,5.5017e+11,8.1770e+11
0.07187,0.18125,4.3201e+0,5.7793e+11,7.6233e+11
0.07396,0.18125,4.1046e+0,4.6796e+11,6.8902e+11
0.07604,0.18125,3.8774e+0,5.0173e+11,7.1218e+11
0.07813,0.18125,3.6388e+0,4.9684e+11,8.7252e+11
0.08021,0.18125,3.3782e+0,4.6329e+11,6.2269e+11
0.08229,0.18125,3.1120e+0,4.6454e+11,6.1868e+11
0.08438,0.18125,2.8389e+0,3.5571e+11,6.7392e+11
0.08646,0.18125,2.5447e+0,3.2070e+11,7.1912e+11
0.08854,0.18125,2.2236e+0,3.3649e+11,6.4223e+11
0.09062,0.18125,1.8840e+0,8.4080e+10,5.9489e+11
0.09271,0.18125,1.5112e+0,7.3879e+6,5.0935e+11
0.09479,0.18125,1.1069e+0,0.0000e+0,4.2119e+11
0.09688,0.18125,6.7877e-1,0.0000e+0,4.0500e+11
0.09896,0.18125,2.2927e-1,0.0000e+0,2.4287e+11
0.00104,0.18542,8.2996e+0,5.5729e+10,9.8400e+9
0.00313,0.18542,8.2999e+0,9.9375e+10,1.2347e+11
0.00521,0.18542,8.2950e+0,1.3497e+11,5.5339e+11
0.00729,0.18542,8.2661e+0,1.3876e+11,1.2220e+12
0.00937,0.18542,8.1781e+0,2.1596e+11,3.6168e+11
0.01146,0.18542,8.0987e+0,4.1060e+11,9.2915e+11
0.01354,0.18542,7.9905e+0,4.0130e+11,3.8459e+11
0.01563,0.18542,7.8958e+0,4.0589e+11,6.2649e+11
0.01771,0.18542,7.7952e+0,4.8686e+11,2.9440e+11
0.01979,0.18542,7.7151e+0,5.1137e+11,4.6331e+11
0.02187,0.18542,7.6413e+0,4.9429e+11,9.2127e+11
0.02396,0.18542,7.5354e+0,5.2346e+11,6.5039e+11
0.02604,0.18542,7.4255e+0,5.4833e+11,4.2442e+11
0.02813,0.18542,7.3331e+0,5.7224e+11,9.3407e+11
0.03021,0.18542,7.2235e+0,5.8446e+11,6.1133e+11
0.03229,0.18542,7.1206e+0,6.2140e+11,8.0313e+11
0.03438,0.18542,7.0081e+0,5.4074e+11,7.1147e+11
0.03646,0.18542,6.8860e+0,7.3232e+11,6.1424e+11
0.03854,0.18542,6.7740e+0,6.3693e+11,7.0577e+11
0.04063,0.18542,6.6591e+0,6.6905e+11,9.0841e+11
0.04271,0.18542,6.5316e+0,6.4448e+11,9.2474e+11
0.04479,0.18542,6.3927e+0,7.2440e+11,8.9383e+11
0.04688,0.18542,6.2525e+0,6.0429e+11,7.2056e+11
0.04896,0.18542,6.1133e+0,5.9542e+11,7.4450e+11
0.05104,0.18542,5.9698e+0,6.6554e+11,7.2558e+11
0.05312,0.18542,5.8303e+0,6.2577e+11,8.4702e+11
0.05521,0.18542,5.6845e+0,6.4206e+11,7.8174e+11
0.05729,0.18542,5.5375e+0,6.1053e+11,8.0523e+11
0.05937,0.18542,5.3828e+0,6.2102e+11,7.5937e+11
0.06146,0.18542,5.2220e+0,5.5510e+11,4.9198e+11
0.06354,0.18542,5.0683e+0,5.5250e+11,8.3224e+11
0.06563,0.18542,4.8966e+0,6.2709e+11,7.5888e+11
0.06771,0.18542,4.7186e+0,5.1817e+11,6.9739e+11
0.06979,0.18542,4.5297e+0,5.4741e+11,8.0713e+11
0.07187,0.18542,4.3256e+0,5.6399e+11,7.4389e+11
0.07396,0.18542,4.1130e+0,4.7030e+11,6.8609e+11
0.07604,0.18542,3.8894e+0,4.9364e+11,8.4053e+11
0.07813,0.18542,3.6445e+0,4.9691e+11,7.3474e+11
0.08021,0.18542,3.3854e+0,4.7416e+11,6.0142e+11
0.08229,0.18542,3.1211e+0,4.6716e+11,6.6240e+11
0.08438,0.18542,2.8477e+0,3.6161e+11,8.0514e+11
0.08646,0.18542,2.5475e+0,3.2591e+11,7.2197e+11
0.08854,0.18542,2.2242e+0,3.3013e+11,6.5935e+11
0.09062,0.18542,1.8834e+0,8.3921e+10,6.2281e+11
0.09271,0.18542,1.5093e+0,7.4704e+6,5.1883e+11
0.09479,0.18542,1.1034e+0,0.0000e+0,4.2581e+11
0.09688,0.18542,6.7279e-1,0.0000e+0,3.1032e+11
0.09896,0.18542,2.2617e-1,0.0000e+0,1.8535e+11
0.00104,0.18958,8.3200e+0,5.6080e+10,0.0000e+0
0.00313,0.18958,8.3239e+0,1.0235e+11,6.6980e+11
0.00521,0.18958,8.2950e+0,1.2935e+11,5.1049e+11
0.00729,0.18958,8.2488e+0,1.2533e+11,7.2362e+11
0.00937,0.18958,8.1704e+0,2.2652e+11,2.4366e+11
0.01146,0.18958,8.1035e+0,4.0026e+11,1.0743e+12
0.01354,0.18958,8.0011e+0,3.9549e+11,5.2208e+11
0.01563,0.18958,7.9073e+0,4.0289e+11,4.9288e+11
0.01771,0.18958,7.8224e+0,4.7708e+11,6.4333e+11
0.01979,0.18958,7.7403e+0,4.9826e+11,6.3876e+11
0.02187,0.18958,7.6603e+0,4.9467e+11,1.1563e+12
0.02396,0.18958,7.5390e+0,5.3173e+11,4.8715e+11
0.02604,0.18958,7.4274e+0,5.4856e+11,3.2798e+11
0.02813,0.18958,7.3363e+0,5.7030e+11,6.7370e+11
0.03021,0.18958,7.2443e+0,5.7859e+11,7.7892e+11
0.03229,0.18958,7.1490e+0,6.2407e+11,1.0825e+12
0.03438,0.18958,7.0314e+0,5.4478e+11,9.2541e+11
0.03646,0.18958,6.8975e+0,7.4943e+11,7.3250e+11
0.03854,0.18958,6.7767e+0,6.3417e+11,6.7373e+11
0.04063,0.18958,6.6617e+0,6.8855e+11,1.0552e+12
0.04271,0.18958,6.5276e+0,6.5313e+11,8.9292e+11
0.04479,0.18958,6.3832e+0,7.1870e+11,7.6571e+11
0.04688,0.18958,6.2400e+0,5.9711e+11,4.6768e+11
0.04896,0.18958,6.1074e+0,5.9243e+11,7.7297e+11
0.05104,0.18958,5.9636e+0,6.8949e+11,6.3746e+11
0.05312,0.18958,5.8257e+0,6.3589e+11,6.7479e+11
0.05521,0.18958,5.6864e+0,6.4861e+11,7.9902e+11
0.05729,0.18958,5.5387e+0,6.2402e+11,7.2797e+11
0.05937,0.18958,5.3862e+0,6.2098e+11,6.5432e+11
0.06146,0.18958,5.2344e+0,5.5096e+11,6.8024e+11
0.06354,0.18958,5.0785e+0,5.5476e+11,8.7661e+11
0.06563,0.18958,4.9043e+0,6.1857e+11,7.6810e+11
0.06771,0.18958,4.7256e+0,5.2079e+11,7.9284e+11
0.06979,0.18958,4.5340e+0,5.4428e+11,7.6786e+11
0.07187,0.18958,4.3327e+0,5.5647e+11,7.8110e+11
0.07396,0.18958,4.1218e+0,4.7063e+11,6.8183e+11
0.07604,0.18958,3.9037e+0,4.9838e+11,9.9299e+11
0.07813,0.18958,3.6588e+0,4.9419e+11,7.9039e+11
0.08021,0.18958,3.4006e+0,4.6905e+11,7.2550e+11
0.08229,0.18958,3.1324e+0,4.7218e+11,7.4373e+11
0.08438,0.18958,2.8525e+0,3.7020e+11,7.8119e+11
0.08646,0.18958,2.5489e+0,3.2976e+11,7.1240e+11
0.08854,0.18958,2.2221e+0,3.2424e+11,5.8721e+11
0.09062,0.18958,1.8801e+0,7.9022e+10,5.5979e+11
0.09271,0.18958,1.5067e+0,7.6617e+6,5.0912e+11
0.09479,0.18958,1.1013e+0,0.0000e+0,4.2033e+11
0.09688,0.18958,6.7123e-1,0.0000e+0,3.0518e+11
0.09896,0.18958,2.2559e-1,0.0000e+0,1.8791e+11
0.00104,0.19375,8.3265e+0,4.9315e+10,0.0000e+0
0.00313,0.19375,8.3341e+0,1.1918e+11,8.4917e+11
0.00521,0.19375,8.3048e+0,1.4319e+11,8.5002e+11
0.00729,0.19375,8.2435e+0,1.2322e+11,3.6927e+11
0.00937,0.19375,8.1763e+0,2.3384e+11,5.3551e+11
0.01146,0.19375,8.0998e+0,3.7832e+11,9.2846e+11
0.01354,0.19375,7.9977e+0,3.8571e+11,4.8573e+11
0.01563,0.19375,7.9027e+0,4.0895e+11,3.7234e+11
0.01771,0.19375,7.8252e+0,4.7878e+11,7.0154e+11
0.01979,0.19375,7.7469e+0,5.1369e+11,6.2747e+11
0.02187,0.19375,7.6751e+0,4.9811e+11,1.3242e+12
0.02396,0.19375,7.5584e+0,5.2691e+11,6.8019e+11
0.02604,0.19375,7.4490e+0,5.4366e+11,8.0176e+11
0.02813,0.19375,7.3374e+0,5.5396e+11,5.1358e+11
0.03021,0.19375,7.2415e+0,5.7951e+11,6.7523e+11
0.03229,0.19375,7.1500e+0,6.2625e+11,1.1441e+12
0.03438,0.19375,7.0308e+0,5.5017e+11,9.2649e+11
0.03646,0.19375,6.8908e+0,7.3311e+11,5.4035e+11
0.03854,0.19375,6.7693e+0,6.2952e+11,5.8993e+11
0.04063,0.19375,6.6513e+0,6.7946e+11,8.8473e+11
0.04271,0.19375,6.5162e+0,6.4805e+11,5.9036e+11
0.04479,0.19375,6.3814e+0,7.2664e+11,6.6240e+11
0.04688,0.19375,6.2501e+0,5.8711e+11,6.7401e+11
0.04896,0.19375,6.1130e+0,6.0377e+11,6.7379e+11
0.05104,0.19375,5.9734e+0,6.9748e+11,7.2332e+11
0.05312,0.19375,5.8363e+0,6.3367e+11,7.3157e+11
0.05521,0.19375,5.6959e+0,6.5343e+11,8.0070e+11
0.05729,0.19375,5.5484e+0,6.3568e+11,7.4265e+11
0.05937,0.19375,5.3978e+0,6.2694e+11,7.5391e+11
0.06146,0.19375,5.2434e+0,5.4835e+11,7.3675e+11
0.06354,0.19375,5.0822e+0,5.7020e+11,8.7025e+11
0.06563,0.19375,4.9055e+0,6.1745e+11,7.9720e+11
0.06771,0.19375,4.7215e+0,5.0486e+11,6.1496e+11
0.06979,0.19375,4.5305e+0,5.4385e+11,6.6015e+11
0.07187,0.19375,4.3313e+0,5.6001e+11,7.6614e+11
0.07396,0.19375,4.1175e+0,4.7576e+11,6.3018e+11
0.07604,0.19375,3.8953e+0,4.8851e+11,7.1635e+11
0.07813,0.19375,3.6600e+0,4.9707e+11,8.9967e+11
0.08021,0.19375,3.4029e+0,4.6318e+11,7.8007e+11
0.08229,0.19375,3.1327e+0,4.7262e+11,7.4551e+11
0.08438,0.19375,2.8521e+0,3.6209e+11,7.1212e+11
0.08646,0.19375,2.5531e+0,3.2208e+11,7.4697e+11
0.08854,0.19375,2.2300e+0,3.2296e+11,7.4859e+11
0.09062,0.19375,1.8837e+0,7.7238e+10,5.6859e+11
0.09271,0.19375,1.5075e+0,1.1409e+7,4.8230e+11
0.09479,0.19375,1.1027e+0,0.0000e+0,4.4143e+11
0.09688,0.19375,6.7366e-1,0.0000e+0,3.7340e+11
0.09896,0.19375,2.2588e-1,0.0000e+0,1.7475e+11
0.00104,0.19792,8.2881e+0,4.9555e+10,0.0000e+0
0.00313,0.19792,8.2912e+0,1.4450e+11,1.6382e+11
0.00521,0.19792,8.2928e+0,1.5082e+11,8.1421e+11
0.00729,0.19792,8.2585e+0,1.2334e+11,9.6918e+11
0.00937,0.19792,8.1882e+0,2.2837e+11,9.9108e+11
0.01146,0.19792,8.0904e+0,3.6735e+11,6.0697e+11
0.01354,0.19792,7.9955e+0,3.9129e+11,8.3863e+11
0.01563,0.19792,7.8854e+0,4.1104e+11,2.6947e+11
0.01771,0.19792,7.7981e+0,4.7629e+11,3.7304e+11
0.01979,0.19792,7.7239e+0,5.1837e+11,6.4430e+11
0.02187,0.19792,7.6453e+0,5.0075e+11,9.6044e+11
0.02396,0.19792,7.5397e+0,5.1829e+11,6.8059e+11
0.02604,0.19792,7.4340e+0,5.6399e+11,8.2301e+11
0.02813,0.19792,7.3194e+0,5.6181e+11,5.0818e+11
0.03021,0.19792,7.2164e+0,5.8437e+11,4.3278e+11
0.03229,0.19792,7.1269e+0,6.1246e+11,7.6644e+11
0.03438,0.19792,7.0260e+0,5.7397e+11,9.7425e+11
0.03646,0.19792,6.9007e+0,7.3070e+11,7.0520e+11
0.03854,0.19792,6.7863e+0,6.0942e+11,7.5020e+11
0.04063,0.19792,6.6707e+0,6.6314e+11,9.4444e+11
0.04271,0.19792,6.5476e+0,6.5858e+11,1.0783e+12
0.04479,0.19792,6.4112e+0,7.3159e+11,8.8119e+11
0.04688,0.19792,6.2794e+0,5.9540e+11,1.0156e+12
0.04896,0.19792,6.1303e+0,6.1418e+11,6.6224e+11
0.05104,0.19792,5.9880e+0,7.0474e+11,7.6786e+11
0.05312,0.19792,5.8508e+0,6.4362e+11,8.5324e+11
0.05521,0.19792,5.7089e+0,6.4717e+11,8.9734e+11
0.05729,0.19792,5.5590e+0,6.1398e+11,7.8985e+11
0.05937,0.19792,5.4059e+0,6.1304e+11,8.7904e+11
0.06146,0.19792,5.2417e+0,5.4290e+11,6.5063e+11
0.06354,0.19792,5.0757e+0,5.5913e+11,7.2638e+11
0.06563,0.19792,4.9022e+0,6.1476e+11,6.2764e+11
0.06771,0.19792,4.7342e+0,5.0590e+11,8.8899e+11
0.06979,0.19792,4.5462e+0,5.3638e+11,7.9920e+11
0.07187,0.19792,4.3475e+0,5.6692e+11,1.0373e+12
0.07396,0.19792,4.1227e+0,4.6881e+11,6.1934e+11
0.07604,0.19792,3.8932e+0,4.8377e+11,7.6303e+11
0.07813,0.19792,3.6478e+0,4.9927e+11,7.7508e+11
0.08021,0.19792,3.3852e+0,4.6650e+11,5.8260e+11
0.08229,0.19792,3.1168e+0,4.7643e+11,5.6584e+11
0.08438,0.19792,2.8444e+0,3.5462e+11,7.0539e+11
0.08646,0.19792,2.5496e+0,3.2092e+11,7.4977e+11
0.08854,0.19792,2.2287e+0,3.3230e+11,7.4306e+11
0.09062,0.19792,1.8860e+0,8.1735e+10,6.9034e+11
0.09271,0.19792,1.5062e+0,1.7556e+7,4.6991e+11
0.09479,0.19792,1.0989e+0,0.0000e+0,3.6684e+11
0.09688,0.19792,6.7148e-1,0.0000e+0,3.6302e+11
0.09896,0.19792,2.2502e-1,0.0000e+0,1.6594e+11
0.00104,0.20208,8.2409e+0,4.9746e+10,0.0000e+0
0.00313,0.20208,8.2416e+0,1.1747e+11,7.3491e+10
0.00521,0.20208,8.2424e+0,1.5143e+11,6.0488e+11
0.00729,0.20208,8.2111e+0,1.4120e+11,7.1987e+11
0.00937,0.20208,8.1457e+0,2.5292e+11,5.8137e+11
0.01146,0.20208,8.0636e+0,3.6818e+11,5.4589e+11
0.01354,0.20208,7.9772e+0,3.9769e+11,8.1619e+11
0.01563,0.20208,7.8737e+0,3.9843e+11,3.3242e+11
0.01771,0.20208,7.7893e+0,4.6356e+11,5.0198e+11
0.01979,0.20208,7.7105e+0,5.1029e+11,7.9707e+11
0.02187,0.20208,7.6147e+0,4.8609e+11,6.7266e+11
0.02396,0.20208,7.5070e+0,5.2373e+11,3.9884e+11
0.02604,0.20208,7.4088e+0,5.4886e+11,6.5918e+11
0.02813,0.20208,7.3038e+0,5.6984e+11,4.5957e+11
0.03021,0.20208,7.2114e+0,5.9415e+11,5.8717e+11
0.03229,0.20208,7.1258e+0,6.0361e+11,9.4277e+11
0.03438,0.20208,7.0205e+0,5.7472e+11,8.0252e+11
0.03646,0.20208,6.9027e+0,7.3712e+11,7.9439e+11
0.03854,0.20208,6.7884e+0,6.1206e+11,9.4530e+11
0.04063,0.20208,6.6564e+0,6.6737e+11,7.1207e+11
0.04271,0.20208,6.5257e+0,6.6129e+11,6.0222e+11
0.04479,0.20208,6.4006e+0,7.1738e+11,8.2647e+11
0.04688,0.20208,6.2709e+0,5.9278e+11,7.7455e+11
0.04896,0.20208,6.1302e+0,6.0047e+11,7.1481e+11
0.05104,0.20208,5.9851e+0,7.0393e+11,7.5742e+11
0.05312,0.20208,5.8399e+0,6.4277e+11,6.2019e+11
0.05521,0.20208,5.6977e+0,6.4162e+11,7.3944e+11
0.05729,0.20208,5.5493e+0,6.2075e+11,6.9805e+11
0.05937,0.20208,5.3972e+0,6.1572e+11,7.9305e+11
0.06146,0.20208,5.2352e+0,5.4979e+11,6.5410e+11
0.06354,0.20208,5.0698e+0,5.6184e+11,7.6628e+11
0.06563,0.20208,4.8939e+0,6.0413e+11,5.2470e+11
0.06771,0.20208,4.7286e+0,5.0694e+11,7.9853e+11
0.06979,0.20208,4.5453e+0,5.3888e+11,8.5742e+11
0.07187,0.20208,4.3447e+0,5.7299e+11,9.0673e+11
0.07396,0.20208,4.1254e+0,4.6360e+11,7.2446e+11
0.07604,0.20208,3.8930e+0,4.8518e+11,7.7586e+11
0.07813,0.20208,3.6443e+0,5.0944e+11,7.6951e+11
0.08021,0.20208,3.3824e+0,4.7453e+11,6.2411e+11
0.08229,0.20208,3.1162e+0,4.8117e+11,6.6312e+11
0.08438,0.20208,2.8437e+0,3.5404e+11,8.0124e+11
0.08646,0.20208,2.5454e+0,3.2558e+11,8.0607e+11
0.08854,0.20208,2.2171e+0,3.2599e+11,5.0904e+11
0.09062,0.20208,1.8782e+0,8.1020e+10,6.0802e+11
0.09271,0.20208,1.5029e+0,1.0983e+7,4.7683e+11
0.09479,0.20208,1.0972e+0,0.0000e+0,3.9871e+11
0.09688,0.20208,6.6892e-1,0.0000e+0,3.2892e+11
0.09896,0.20208,2.2412e-1,0.0000e+0,1.6442e+11
0.00104,0.20625,8.2037e+0,4.5563e+10,0.0000e+0
0.00313,0.20625,8.2034e+0,1.1406e+11,7.3632e+10
0.00521,0.20625,8.2023e+0,1.6640e+11,5.3661e+11
0.00729,0.20625,8.1732e+0,1.4744e+11,3.2996e+11
0.00937,0.20625,8.1329e+0,2.5891e+11,8.2430e+11
0.01146,0.20625,8.0595e+0,3.8097e+11,1.0256e+12
0.01354,0.20625,7.9537e+0,3.9186e+11,3.8661e+11
0.01563,0.20625,7.8571e+0,3.8850e+11,1.7737e+11
0.01771,0.20625,7.7838e+0,4.5339e+11,5.3425e+11
0.01979,0.20625,7.7125e+0,4.9965e+11,1.0348e+12
0.02187,0.20625,7.6112e+0,5.0015e+11,5.9113e+11
0.02396,0.20625,7.5114e+0,5.2004e+11,6.7074e+11
0.02604,0.20625,7.4091e+0,5.3936e+11,7.4715e+11
0.02813,0.20625,7.3012e+0,5.7370e+11,5.2023e+11
0.03021,0.20625,7.2063e+0,6.0091e+11,5.5480e+11
0.03229,0.20625,7.1211e+0,6.0961e+11,8.8311e+11
0.03438,0.20625,7.0203e+0,5.6884e+11,9.4347e+11
0.03646,0.20625,6.8998e+0,7.3864e+11,7.9527e+11
0.03854,0.20625,6.7830e+0,6.0716e+11,9.1339e+11
0.04063,0.20625,6.6498e+0,6.7174e+11,6.5362e+11
0.04271,0.20625,6.5249e+0,6.4358e+11,7.6004e+11
0.04479,0.20625,6.3974e+0,7.3476e+11,7.2732e+11
0.04688,0.20625,6.2737e+0,6.0064e+11,8.1957e+11
0.04896,0.20625,6.1361e+0,6.0230e+11,7.8355e+11
0.05104,0.20625,5.9896e+0,7.1154e+11,7.3547e+11
0.05312,0.20625,5.8465e+0,6.2938e+11,7.1741e+11
0.05521,0.20625,5.7025e+0,6.4539e+11,8.2998e+11
0.05729,0.20625,5.5521e+0,6.1505e+11,8.0486e+11
0.05937,0.20625,5.3944e+0,6.2071e+11,7.4783e+11
0.06146,0.20625,5.2317e+0,5.4317e+11,6.5906e+11
0.06354,0.20625,5.0636e+0,5.5520e+11,6.5356e+11
0.06563,0.20625,4.8903e+0,6.0422e+11,5.4295e+11
0.06771,0.20625,4.7247e+0,5.1872e+11,8.5015e+11
0.06979,0.20625,4.5367e+0,5.4017e+11,7.3141e+11
0.07187,0.20625,4.3364e+0,5.6850e+11,7.5894e+11
0.07396,0.20625,4.1235e+0,4.6866e+11,7.4650e+11
0.07604,0.20625,3.8932e+0,4.8832e+11,8.6008e+11
0.07813,0.20625,3.6394e+0,4.9847e+11,6.4899e+11
0.08021,0.20625,3.3772e+0,4.6795e+11,5.5560e+11
0.08229,0.20625,3.1108e+0,4.9224e+11,6.6280e+11
0.08438,0.20625,2.8342e+0,3.5291e+11,6.0093e+11
0.08646,0.20625,2.5406e+0,3.1386e+11,7.0998e+11
0.08854,0.20625,2.2216e+0,3.1277e+11,6.8323e+11
0.09062,0.20625,1.8830e+0,7.9402e+10,7.0110e+11
0.09271,0.20625,1.5069e+0,3.9009e+6,5.8274e+11
0.09479,0.20625,1.0972e+0,0.0000e+0,4.1059e+11
0.09688,0.20625,6.6660e-1,0.0000e+0,2.9046e+11
0.09896,0.20625,2.2298e-1,0.0000e+0,1.4568e+11
0.00104,0.21042,8.1834e+0,4.7801e+10,0.0000e+0
0.00313,0.21042,8.1830e+0,1.0595e+11,5.1239e+10
0.00521,0.21042,8.1824e+0,1.8811e+11,4.2589e+11
0.00729,0.21042,8.1621e+0,1.5577e+11,4.3868e+11
0.00937,0.21042,8.1253e+0,2.5969e+11,9.4288e+11
0.01146,0.21042,8.0481e+0,3.8251e+11,7.4525e+11
0.01354,0.21042,7.9571e+0,3.8895e+11,7.3135e+11
0.01563,0.21042,7.8589e+0,3.8543e+11,3.4194e+11
0.01771,0.21042,7.7787e+0,4.6728e+11,5.2856e+11
0.01979,0.21042,7.7026e+0,5.1152e+11,8.2209e+11
0.02187,0.21042,7.6121e+0,4.9887e+11,7.4946e+11
0.02396,0.21042,7.5134e+0,5.1187e+11,8.4776e+11
0.02604,0.21042,7.3998e+0,5.4499e+11,5.4208e+11
0.02813,0.21042,7.2936e+0,5.7261e+11,4.1341e+11
0.03021,0.21042,7.2014e+0,5.7698e+11,4.8993e+11
0.03229,0.21042,7.1173e+0,6.1060e+11,9.5827e+11
0.03438,0.21042,7.0084e+0,5.6153e+11,7.2886e+11
0.03646,0.21042,6.8909e+0,7.2097e+11,8.1848e+11
0.03854,0.21042,6.7740e+0,6.0274e+11,8.8624e+11
0.04063,0.21042,6.6425e+0,6.6867e+11,5.9478e+11
0.04271,0.21042,6.5221e+0,6.4306e+11,6.6312e+11
0.04479,0.21042,6.4047e+0,7.4298e+11,8.3246e+11
0.04688,0.21042,6.2866e+0,5.9528e+11,1.0118e+12
0.04896,0.21042,6.1451e+0,6.0294e+11,7.8973e+11
0.05104,0.21042,5.9967e+0,7.1576e+11,7.8055e+11
0.05312,0.21042,5.8514e+0,6.2622e+11,8.3280e+11
0.05521,0.21042,5.6973e+0,6.4224e+11,6.4265e+11
0.05729,0.21042,5.5467e+0,6.0536e+11,6.7024e+11
0.05937,0.21042,5.3944e+0,6.2131e+11,7.5777e+11
0.06146,0.21042,5.2355e+0,5.4124e+11,6.9608e+11
0.06354,0.21042,5.0699e+0,5.4998e+11,7.6533e+11
0.06563,0.21042,4.8969e+0,6.0806e+11,6.7761e+11
0.06771,0.21042,4.7279e+0,5.0919e+11,8.7222e+11
0.06979,0.21042,4.5401e+0,5.4404e+11,7.6296e+11
0.07187,0.21042,4.3425e+0,5.5502e+11,8.5769e+11
0.07396,0.21042,4.1295e+0,4.5673e+11,8.1058e+11
0.07604,0.21042,3.8964e+0,4.9821e+11,7.5587e+11
0.07813,0.21042,3.6488e+0,5.0417e+11,7.3221e+11
0.08021,0.21042,3.3881e+0,4.7945e+11,6.3824e+11
0.08229,0.21042,3.1205e+0,5.0297e+11,7.0542e+11
0.08438,0.21042,2.8428e+0,3.5256e+11,7.1068e+11
0.08646,0.21042,2.5429e+0,3.0892e+11,6.8224e+11
0.08854,0.21042,2.2185e+0,3.0942e+11,5.9002e+11
0.09062,0.21042,1.8758e+0,8.1097e+10,5.9534e+11
0.09271,0.21042,1.4974e+0,1.5921e+6,4.6288e+11
0.09479,0.21042,1.0885e+0,0.0000e+0,2.9658e+11
0.09688,0.21042,6.6287e-1,0.0000e+0,2.8296e+11
0.09896,0.21042,2.2290e-1,0.0000e+0,1.8991e+11
0.00104,0.21458,8.1815e+0,6.1842e+10,0.0000e+0
0.00313,0.21458,8.1818e+0,1.0343e+11,2.4653e+10
0.00521,0.21458,8.1830e+0,1.5505e+11,4.2856e+11
0.00729,0.21458,8.1611e+0,1.4264e+11,5.4206e+11
0.00937,0.21458,8.1157e+0,2.4133e+11,8.5741e+11
0.01146,0.21458,8.0388e+0,3.5817e+11,9.2431e+11
0.01354,0.21458,7.9401e+0,3.9744e+11,5.0333e+11
0.01563,0.21458,7.8497e+0,3.9544e+11,3.5480e+11
0.01771,0.21458,7.7749e+0,4.7253e+11,7.5062e+11
0.01979,0.21458,7.6876e+0,5.1884e+11,5.4355e+11
0.02187,0.21458,7.6029e+0,4.8661e+11,7.2757e+11
0.02396,0.21458,7.5063e+0,4.9560e+11,7.5816e+11
0.02604,0.21458,7.3976e+0,5.3990e+11,3.7232e+11
0.02813,0.21458,7.3087e+0,5.8045e+11,7.4378e+11
0.03021,0.21458,7.2165e+0,5.6376e+11,6.5452e+11
0.03229,0.21458,7.1279e+0,6.1233e+11,1.2077e+12
0.03438,0.21458,7.0054e+0,5.5946e+11,7.1812e+11
0.03646,0.21458,6.8763e+0,7.0891e+11,5.3610e+11
0.03854,0.21458,6.7609e+0,6.0104e+11,6.9655e+11
0.04063,0.21458,6.6404e+0,6.9140e+11,7.1763e+11
0.04271,0.21458,6.5239e+0,6.3478e+11,7.3099e+11
0.04479,0.21458,6.4086e+0,7.2796e+11,9.6224e+11
0.04688,0.21458,6.2855e+0,6.0184e+11,8.8917e+11
0.04896,0.21458,6.1473e+0,6.1149e+11,8.6886e+11
0.05104,0.21458,5.9952e+0,7.0101e+11,6.8824e+11
0.05312,0.21458,5.8499e+0,6.2160e+11,7.3332e+11
0.05521,0.21458,5.7013e+0,6.3355e+11,7.4761e+11
0.05729,0.21458,5.5494e+0,5.9602e+11,6.3130e+11
0.05937,0.21458,5.4002e+0,6.0066e+11,8.5798e+11
0.06146,0.21458,5.2391e+0,5.2914e+11,8.4148e+11
0.06354,0.21458,5.0609e+0,5.6098e+11,5.6485e+11
0.06563,0.21458,4.8867e+0,6.0750e+11,6.4590e+11
0.06771,0.21458,4.7145e+0,5.0717e+11,6.1690e+11
0.06979,0.21458,4.5374e+0,5.4249e+11,9.3937e+11
0.07187,0.21458,4.3383e+0,5.6245e+11,8.1285e+11
0.07396,0.21458,4.1299e+0,4.5604e+11,8.3625e+11
0.07604,0.21458,3.9034e+0,4.9191e+11,7.9354e+11
0.07813,0.21458,3.6658e+0,5.2410e+11,1.0134e+12
0.08021,0.21458,3.4046e+0,4.7313e+11,7.6258e+11
0.08229,0.21458,3.1341e+0,4.9264e+11,7.3398e+11
0.08438,0.21458,2.8566e+0,3.4985e+11,7.9341e+11
0.08646,0.21458,2.5562e+0,3.1401e+11,7.7346e+11
0.08854,0.21458,2.2314e+0,3.0724e+11,7.5923e+11
0.09062,0.21458,1.8833e+0,7.9606e+10,6.8485e+11
0.09271,0.21458,1.4995e+0,1.5697e+6,4.5614e+11
0.09479,0.21458,1.0903e+0,0.0000e+0,3.2673e+11
0.09688,0.21458,6.6491e-1,0.0000e+0,3.1664e+11
0.09896,0.21458,2.2375e-1,0.0000e+0,1.9597e+11
0.00104,0.21875,8.1970e+0,6.6032e+10,0.0000e+0
0.00313,0.21875,8.1997e+0,1.0861e+11,2.4215e+10
0.00521,0.21875,8.2065e+0,1.8977e+11,8.6709e+11
0.00729,0.21875,8.1669e+0,1.4792e+11,7.2097e+11
0.00937,0.21875,8.0927e+0,2.2902e+11,5.3476e+11
0.01146,0.21875,8.0031e+0,3.6931e+11,4.2999e+11
0.01354,0.21875,7.9146e+0,3.9153e+11,3.7570e+11
0.01563,0.21875,7.8353e+0,4.0864e+11,3.2120e+11
0.01771,0.21875,7.7712e+0,4.9069e+11,8.6452e+11
0.01979,0.21875,7.6910e+0,4.9244e+11,7.8306e+11
0.02187,0.21875,7.6003e+0,4.8545e+11,7.3544e+11
0.02396,0.21875,7.5010e+0,5.1010e+11,6.6701e+11
0.02604,0.21875,7.4006e+0,5.4793e+11,5.6014e+11
0.02813,0.21875,7.3122e+0,5.8081e+11,9.0969e+11
0.03021,0.21875,7.2136e+0,5.7354e+11,7.4772e+11
0.03229,0.21875,7.1146e+0,6.0822e+11,8.0779e+11
0.03438,0.21875,7.0098e+0,5.5664e+11,9.2259e+11
0.03646,0.21875,6.8888e+0,7.0882e+11,8.8834e+11
0.03854,0.21875,6.7638e+0,6.0818e+11,7.2784e+11
0.04063,0.21875,6.6379e+0,6.9698e+11,7.8599e+11
0.04271,0.21875,6.5136e+0,6.3987e+11,6.7100e+11
0.04479,0.21875,6.3924e+0,7.3452e+11,7.1707e+11
0.04688,0.21875,6.2777e+0,6.0088e+11,8.7425e+11
0.04896,0.21875,6.1488e+0,6.1008e+11,1.0625e+12
0.05104,0.21875,5.9949e+0,7.0388e+11,7.2224e+11
0.05312,0.21875,5.8493e+0,6.3233e+11,7.3477e+11
0.05521,0.21875,5.7056e+0,6.1890e+11,8.8562e+11
0.05729,0.21875,5.5517e+0,6.0061e+11,7.4923e+11
0.05937,0.21875,5.3947e+0,6.0383e+11,7.2100e+11
0.06146,0.21875,5.2361e+0,5.2015e+11,8.8645e+11
0.06354,0.21875,5.0575e+0,5.6363e+11,6.5392e+11
0.06563,0.21875,4.8782e+0,5.8841e+11,5.1601e+11
0.06771,0.21875,4.7082e+0,4.8600e+11,7.7636e+11
0.06979,0.21875,4.5203e+0,5.4123e+11,7.8320e+11
0.07187,0.21875,4.3161e+0,5.6697e+11,6.3491e+11
0.07396,0.21875,4.1083e+0,4.5581e+11,6.8699e+11
0.07604,0.21875,3.8851e+0,4.8053e+11,6.7115e+11
0.07813,0.21875,3.6500e+0,4.9945e+11,7.9599e+11
0.08021,0.21875,3.3951e+0,4.5927e+11,6.8630e+11
0.08229,0.21875,3.1277e+0,4.8272e+11,7.0225e+11
0.08438,0.21875,2.8510e+0,3.5580e+11,7.5702e+11
0.08646,0.21875,2.5526e+0,3.1987e+11,7.8896e+11
0.08854,0.21875,2.2275e+0,3.0607e+11,7.3382e+11
0.09062,0.21875,1.8773e+0,7.6785e+10,5.6719e+11
0.09271,0.21875,1.4955e+0,1.3979e+6,3.9025e+11
0.09479,0.21875,1.0907e+0,0.0000e+0,3.4014e+11
0.09688,0.21875,6.6793e-1,0.0000e+0,3.7698e+11
0.09896,0.21875,2.2586e-1,0.0000e+0,2.5579e+11
0.00104,0.22292,8.2112e+0,4.0790e+10,0.0000e+0
0.00313,0.22292,8.2155e+0,1.1815e+11,5.7836e+8
0.00521,0.22292,8.2288e+0,2.0465e+11,9.4907e+11
0.00729,0.22292,8.1960e+0,1.4145e+11,1.1894e+12
0.00937,0.22292,8.1085e+0,2.1894e+11,7.1341e+11
0.01146,0.22292,8.0081e+0,3.7663e+11,5.7790e+11
0.01354,0.22292,7.9093e+0,4.0132e+11,3.5444e+11
0.01563,0.22292,7.8257e+0,4.1224e+11,4.2946e+11
0.01771,0.22292,7.7489e+0,4.8205e+11,4.2241e+11
0.01979,0.22292,7.6808e+0,4.8962e+11,8.4109e+11
0.02187,0.22292,7.5898e+0,5.1025e+11,7.3925e+11
0.02396,0.22292,7.4854e+0,5.1240e+11,5.5503e+11
0.02604,0.22292,7.3819e+0,5.5472e+11,5.6031e+11
0.02813,0.22292,7.2808e+0,5.7433e+11,5.1310e+11
0.03021,0.22292,7.1852e+0,5.6495e+11,6.0652e+11
0.03229,0.22292,7.0876e+0,6.0449e+11,5.9004e+11
0.03438,0.22292,6.9918e+0,5.4268e+11,7.0245e+11
0.03646,0.22292,6.8884e+0,6.9388e+11,1.1605e+12
0.03854,0.22292,6.7603e+0,6.1699e+11,8.1969e+11
0.04063,0.22292,6.6271e+0,6.8715e+11,6.4756e+11
0.04271,0.22292,6.5046e+0,6.2737e+11,7.7267e+11
0.04479,0.22292,6.3778e+0,7.1307e+11,6.4836e+11
0.04688,0.22292,6.2623e+0,5.8960e+11,8.9594e+11
0.04896,0.22292,6.1324e+0,5.9366e+11,1.0058e+12
0.05104,0.22292,5.9799e+0,6.9057e+11,7.3349e+11
0.05312,0.22292,5.8316e+0,6.1968e+11,6.1989e+11
0.05521,0.22292,5.6895e+0,6.2159e+11,7.5250e+11
0.05729,0.22292,5.5428e+0,6.0694e+11,8.6604e+11
0.05937,0.22292,5.3807e+0,6.0894e+11,6.2184e+11
0.06146,0.22292,5.2207e+0,5.4271e+11,6.7132e+11
0.06354,0.22292,5.0518e+0,5.6796e+11,6.6982e+11
0.06563,0.22292,4.8775e+0,5.7164e+11,6.0574e+11
0.06771,0.22292,4.7048e+0,4.7494e+11,7.5916e+11
0.06979,0.22292,4.5153e+0,5.3744e+11,8.1009e+11
0.07187,0.22292,4.3109e+0,5.6194e+11,7.3973e+11
0.07396,0.22292,4.0997e+0,4.6784e+11,6.7301e+11
0.07604,0.22292,3.8799e+0,4.8921e+11,7.8834e+11
0.07813,0.22292,3.6461e+0,4.9052e+11,8.7100e+11
0.08021,0.22292,3.3918e+0,4.6494e+11,8.2595e+11
0.08229,0.22292,3.1169e+0,4.8564e+11,6.3131e+11
0.08438,0.22292,2.8346e+0,3.5751e+11,5.4699e+11
0.08646,0.22292,2.5388e+0,3.3131e+11,6.3493e+11
0.08854,0.22292,2.2211e+0,3.1515e+11,6.9370e+11
0.09062,0.22292,1.8770e+0,8.0726e+10,6.2640e+11
0.09271,0.22292,1.4963e+0,1.6158e+6,3.9948e+11
0.09479,0.22292,1.0928e+0,0.0000e+0,4.0988e+11
0.09688,0.22292,6.6681e-1,0.0000e+0,3.3621e+11
0.09896,0.22292,2.2381e-1,0.0000e+0,1.7247e+11
0.00104,0.22708,8.2039e+0,5.5043e+10,0.0000e+0
0.00313,0.22708,8.2083e+0,1.2907e+11,1.0088e+11
0.00521,0.22708,8.2175e+0,1.9205e+11,9.3447e+11
0.00729,0.22708,8.1835e+0,1.4337e+11,1.0378e+12
0.00937,0.22708,8.1043e+0,2.0583e+11,6.2760e+11
0.01146,0.22708,8.0162e+0,3.6233e+11,7.8266e+11
0.01354,0.22708,7.9136e+0,4.1158e+11,3.6858e+11
0.01563,0.22708,7.8262e+0,4.0014e+11,4.1934e+11
0.01771,0.22708,7.7446e+0,4.7114e+11,2.7722e+11
0.01979,0.22708,7.6851e+0,5.1960e+11,1.0708e+12
0.02187,0.22708,7.5987e+0,5.0748e+11,1.0472e+12
0.02396,0.22708,7.4886e+0,5.2118e+11,6.3723e+11
0.02604,0.22708,7.3847e+0,5.6562e+11,7.8433e+11
0.02813,0.22708,7.2756e+0,5.9331e+11,5.3034e+11
0.03021,0.22708,7.1788e+0,5.5391e+11,6.2260e+11
0.03229,0.22708,7.0826e+0,5.9043e+11,7.8322e+11
0.03438,0.22708,6.9780e+0,5.5323e+11,7.1973e+11
0.03646,0.22708,6.8665e+0,7.0665e+11,9.3422e+11
0.03854,0.22708,6.7421e+0,6.1759e+11,7.3707e+11
0.04063,0.22708,6.6121e+0,6.7349e+11,5.9961e+11
0.04271,0.22708,6.4909e+0,6.3032e+11,7.5642e+11
0.04479,0.22708,6.3613e+0,7.1303e+11,7.3447e+11
0.04688,0.22708,6.2306e+0,5.9408e+11,5.5737e+11
0.04896,0.22708,6.1005e+0,5.7969e+11,7.1135e+11
0.05104,0.22708,5.9591e+0,6.7290e+11,7.6846e+11
0.05312,0.22708,5.8120e+0,6.1791e+11,5.3458e+11
0.05521,0.22708,5.6722e+0,6.4832e+11,6.1243e+11
0.05729,0.22708,5.5366e+0,6.2270e+11,1.0097e+12
0.05937,0.22708,5.3769e+0,6.1057e+11,6.2384e+11
0.06146,0.22708,5.2229e+0,5.4781e+11,7.7802e+11
0.06354,0.22708,5.0583e+0,5.6348e+11,8.4554e+11
0.06563,0.22708,4.8819e+0,5.7798e+11,7.5095e+11
0.06771,0.22708,4.7017e+0,4.8592e+11,7.4544e+11
0.06979,0.22708,4.5076e+0,5.4088e+11,7.6906e+11
0.07187,0.22708,4.3011e+0,5.5913e+11,7.4590e+11
0.07396,0.22708,4.0852e+0,4.7370e+11,5.9776e+11
0.07604,0.22708,3.8616e+0,4.8693e+11,5.6909e+11
0.07813,0.22708,3.6308e+0,4.9877e+11,6.8895e+11
0.08021,0.22708,3.3848e+0,4.6998e+11,7.8570e+11
0.08229,0.22708,3.1184e+0,4.8210e+11,7.0781e+11
0.08438,0.22708,2.8408e+0,3.4523e+11,6.6688e+11
0.08646,0.22708,2.5469e+0,3.2383e+11,7.2186e+11
0.08854,0.22708,2.2322e+0,3.2166e+11,8.8329e+11
0.09062,0.22708,1.8854e+0,8.2395e+10,7.3660e+11
0.09271,0.22708,1.4982e+0,1.5075e+6,3.4302e+11
0.09479,0.22708,1.0924e+0,0.0000e+0,3.6530e+11
0.09688,0.22708,6.6545e-1,0.0000e+0,2.9047e+11
0.09896,0.22708,2.2363e-1,0.0000e+0,1.8519e+11
0.00104,0.23125,8.1782e+0,4.4000e+10,0.0000e+0
0.00313,0.23125,8.1730e+0,1.3477e+11,1.6870e+10
0.00521,0.23125,8.1654e+0,1.8222e+11,3.3997e+11
0.00729,0.23125,8.1357e+0,1.3522e+11,5.2509e+11
0.00937,0.23125,8.0773e+0,2.0289e+11,3.0106e+11
0.01146,0.23125,8.0195e+0,3.7022e+11,1.0027e+12
0.01354,0.23125,7.9291e+0,4.2429e+11,6.2225e+11
0.01563,0.23125,7.8423e+0,4.1416e+11,7.5493e+11
0.01771,0.23125,7.7465e+0,4.6444e+11,6.0142e+11
0.01979,0.23125,7.6540e+0,5.2408e+11,5.0274e+11
0.02187,0.23125,7.5708e+0,5.0062e+11,9.0201e+11
0.02396,0.23125,7.4676e+0,5.1364e+11,5.1331e+11
0.02604,0.23125,7.3733e+0,5.3854e+11,6.9409e+11
0.02813,0.23125,7.2720e+0,5.6948e+11,5.9500e+11
0.03021,0.23125,7.1746e+0,5.6125e+11,6.4330e+11
0.03229,0.23125,7.0767e+0,5.9139e+11,8.6623e+11
0.03438,0.23125,6.9659e+0,5.5574e+11,6.9413e+11
0.03646,0.23125,6.8512e+0,7.0246e+11,7.7200e+11
0.03854,0.23125,6.7365e+0,6.1048e+11,8.5966e+11
0.04063,0.23125,6.6112e+0,6.7161e+11,6.4924e+11
0.04271,0.23125,6.4953e+0,6.3606e+11,8.9595e+11
0.04479,0.23125,6.3671e+0,7.0300e+11,8.9383e+11
0.04688,0.23125,6.2307e+0,5.8201e+11,6.2626e+11
0.04896,0.23125,6.0956e+0,5.8784e+11,7.1248e+11
0.05104,0.23125,5.9545e+0,6.6853e+11,7.4369e+11
0.05312,0.23125,5.8119e+0,6.2738e+11,6.9147e+11
0.05521,0.23125,5.6700e+0,6.5227e+11,7.5044e+11
0.05729,0.23125,5.5267e+0,6.1331e+11,8.7037e+11
0.05937,0.23125,5.3680e+0,6.0963e+11,5.6798e+11
0.06146,0.23125,5.2173e+0,5.3609e+11,8.9157e+11
0.06354,0.23125,5.0450e+0,5.6545e+11,6.6572e+11
0.06563,0.23125,4.8701e+0,5.8531e+11,6.4736e+11
0.06771,0.23125,4.6959e+0,4.9804e+11,8.3963e+11
0.06979,0.23125,4.5015e+0,5.4592e+11,7.6777e+11
0.07187,0.23125,4.2951e+0,5.5846e+11,6.5159e+11
0.07396,0.23125,4.0868e+0,4.8124e+11,6.6441e+11
0.07604,0.23125,3.8718e+0,4.8777e+11,7.9662e+11
0.07813,0.23125,3.6414e+0,5.0146e+11,9.2552e+11
0.08021,0.23125,3.3872e+0,4.7320e+11,7.0658e+11
0.08229,0.23125,3.1212e+0,4.8019e+11,7.6344e+11
0.08438,0.23125,2.8396e+0,3.4784e+11,6.5181e+11
0.08646,0.23125,2.5424e+0,3.1490e+11,6.5716e+11
0.08854,0.23125,2.2269e+0,3.1219e+11,7.9471e+11
0.09062,0.23125,1.8831e+0,7.9753e+10,6.7430e+11
0.09271,0.23125,1.5028e+0,1.4094e+6,4.4820e+11
0.09479,0.23125,1.0981e+0,0.0000e+0,4.4279e+11
0.09688,0.23125,6.6978e-1,0.0000e+0,3.4958e+11
0.09896,0.23125,2.2441e-1,0.0000e+0,1.6485e+11
0.00104,0.23542,8.2080e+0,2.9056e+10,1.8549e+11
0.00313,0.23542,8.2015e+0,1.3738e+11,4.0145e+11
0.00521,0.23542,8.1818e+0,1.8517e+11,8.3633e+11
0.00729,0.23542,8.1305e+0,1.4314e+11,5.2104e+11
0.00937,0.23542,8.0686e+0,1.9907e+11,3.3171e+11
0.01146,0.23542,8.0085e+0,3.5892e+11,8.3200e+11
0.01354,0.23542,7.9227e+0,4.0581e+11,5.9631e+11
0.01563,0.23542,7.8360e+0,4.0567e+11,7.6069e+11
0.01771,0.23542,7.7366e+0,4.5159e+11,7.6184e+11
0.01979,0.23542,7.6291e+0,5.1880e+11,5.2469e+11
0.02187,0.23542,7.5324e+0,5.1393e+11,4.6012e+11
0.02396,0.23542,7.4454e+0,5.2786e+11,4.4484e+11
0.02604,0.23542,7.3725e+0,5.2504e+11,1.0024e+12
0.02813,0.23542,7.2743e+0,5.7985e+11,7.3487e+11
0.03021,0.23542,7.1738e+0,5.7958e+11,8.2509e+11
0.03229,0.23542,7.0625e+0,6.0037e+11,6.5050e+11
0.03438,0.23542,6.9537e+0,5.6333e+11,7.1027e+11
0.03646,0.23542,6.8402e+0,7.0470e+11,8.7152e+11
0.03854,0.23542,6.7210e+0,6.1621e+11,6.5191e+11
0.04063,0.23542,6.6042e+0,6.8205e+11,7.0192e+11
0.04271,0.23542,6.4915e+0,6.4003e+11,8.9244e+11
0.04479,0.23542,6.3699e+0,7.0068e+11,1.0640e+12
0.04688,0.23542,6.2362e+0,5.7189e+11,8.0400e+11
0.04896,0.23542,6.0991e+0,6.0743e+11,8.5299e+11
0.05104,0.23542,5.9555e+0,6.6137e+11,7.7117e+11
0.05312,0.23542,5.8112e+0,6.3251e+11,7.4350e+11
0.05521,0.23542,5.6640e+0,6.4877e+11,6.3777e+11
0.05729,0.23542,5.5200e+0,6.1346e+11,8.1380e+11
0.05937,0.23542,5.3614e+0,6.1430e+11,5.7241e+11
0.06146,0.23542,5.2083e+0,5.2955e+11,8.5784e+11
0.06354,0.23542,5.0339e+0,5.4993e+11,6.4705e+11
0.06563,0.23542,4.8578e+0,5.8123e+11,5.9224e+11
0.06771,0.23542,4.6864e+0,4.9210e+11,7.9263e+11
0.06979,0.23542,4.4974e+0,5.5570e+11,8.5307e+11
0.07187,0.23542,4.2916e+0,5.6477e+11,6.7023e+11
0.07396,0.23542,4.0819e+0,4.7903e+11,5.4555e+11
0.07604,0.23542,3.8706e+0,4.8805e+11,8.2080e+11
0.07813,0.23542,3.6401e+0,5.0836e+11,8.5894e+11
0.08021,0.23542,3.3903e+0,4.7108e+11,7.6833e+11
0.08229,0.23542,3.1251e+0,4.9044e+11,9.2021e+11
0.08438,0.23542,2.8338e+0,3.5777e+11,5.4881e+11
0.08646,0.23542,2.5336e+0,3.2382e+11,6.7527e+11
0.08854,0.23542,2.2135e+0,3.0941e+11,6.5220e+11
0.09062,0.23542,1.8737e+0,8.1431e+10,6.2195e+11
0.09271,0.23542,1.4997e+0,1.6452e+6,5.2098e+11
0.09479,0.23542,1.0955e+0,0.0000e+0,4.1372e+11
0.09688,0.23542,6.7020e-1,0.0000e+0,4.0557e+11
0.09896,0.23542,2.2489e-1,0.0000e+0,1.8642e+11
0.00104,0.23958,8.2405e+0,3.1121e+10,3.5825e+11
0.00313,0.23958,8.2349e+0,1.4793e+11,1.2489e+12
0.00521,0.23958,8.1768e+0,1.7932e+11,6.1121e+11
0.00729,0.23958,8.1141e+0,1.4558e+11,2.4168e+11
0.00937,0.23958,8.0647e+0,2.0403e+11,5.9840e+11
0.01146,0.23958,8.0053e+0,3.5459e+11,1.0416e+12
0.01354,0.23958,7.9129e+0,3.9455e+11,6.8296e+11
0.01563,0.23958,7.8184e+0,3.9674e+11,8.0474e+11
0.01771,0.23958,7.7108e+0,4.7537e+11,6.6166e+11
0.01979,0.23958,7.6015e+0,5.4931e+11,4.6308e+11
0.02187,0.23958,7.5077e+0,5.0809e+11,5.0347e+11
0.02396,0.23958,7.4205e+0,5.0178e+11,3.6827e+11
0.02604,0.23958,7.3500e+0,5.3373e+11,8.0827e+11
0.02813,0.23958,7.2664e+0,5.9531e+11,9.0765e+11
0.03021,0.23958,7.1685e+0,5.8480e+11,9.3177e+11
0.03229,0.23958,7.0514e+0,5.9351e+11,5.8296e+11
0.03438,0.23958,6.9404e+0,5.4660e+11,6.7931e+11
0.03646,0.23958,6.8264e+0,7.1240e+11,8.4959e+11
0.03854,0.23958,6.7105e+0,6.0735e+11,6.5309e+11
0.04063,0.23958,6.5977e+0,6.6824e+11,9.8699e+11
0.04271,0.23958,6.4667e+0,6.3442e+11,7.0074e+11
0.04479,0.23958,6.3313e+0,6.9929e+11,5.1751e+11
0.04688,0.23958,6.2059e+0,5.7191e+11,6.1702e+11
0.04896,0.23958,6.0758e+0,6.1580e+11,6.1182e+11
0.05104,0.23958,5.9485e+0,6.5899e+11,9.3451e+11
0.05312,0.23958,5.8095e+0,6.2806e+11,7.7116e+11
0.05521,0.23958,5.6711e+0,6.5164e+11,8.4758e+11
0.05729,0.23958,5.5310e+0,6.0978e+11,1.0675e+12
0.05937,0.23958,5.3677e+0,6.1979e+11,7.5150e+11
0.06146,0.23958,5.2032e+0,5.2450e+11,8.1347e+11
0.06354,0.23958,5.0225e+0,5.4772e+11,5.5557e+11
0.06563,0.23958,4.8453e+0,5.7569e+11,5.2829e+11
0.06771,0.23958,4.6749e+0,4.9145e+11,7.4665e+11
0.06979,0.23958,4.4905e+0,5.4011e+11,8.1983e+11
0.07187,0.23958,4.2944e+0,5.6168e+11,8.6939e+11
0.07396,0.23958,4.0865e+0,4.6792e+11,7.7235e+11
0.07604,0.23958,3.8660e+0,4.9314e+11,7.7913e+11
0.07813,0.23958,3.6313e+0,5.1286e+11,7.0962e+11
0.08021,0.23958,3.3884e+0,4.6681e+11,8.4028e+11
0.08229,0.23958,3.1263e+0,4.8517e+11,1.0570e+12
0.08438,0.23958,2.8332e+0,3.4359e+11,7.1463e+11
0.08646,0.23958,2.5238e+0,3.1044e+11,5.9725e+11
0.08854,0.23958,2.2021e+0,3.0284e+11,6.3266e+11
0.09062,0.23958,1.8643e+0,7.9087e+10,7.0740e+11
0.09271,0.23958,1.4884e+0,8.7912e+6,5.0545e+11
0.09479,0.23958,1.0836e+0,0.0000e+0,3.4722e+11
0.09688,0.23958,6.6086e-1,0.0000e+0,3.1577e+11
0.09896,0.23958,2.2235e-1,0.0000e+0,1.9830e+11
0.00104,0.24375,8.2155e+0,3.8784e+10,9.1568e+10
0.00313,0.24375,8.2171e+0,1.4547e+11,1.3963e+12
0.00521,0.24375,8.1511e+0,1.8439e+11,6.3404e+11
0.00729,0.24375,8.0782e+0,1.5278e+11,4.1303e+10
0.00937,0.24375,8.0258e+0,2.0981e+11,2.9909e+11
0.01146,0.24375,7.9731e+0,3.5432e+11,1.0200e+12
0.01354,0.24375,7.8784e+0,3.7443e+11,5.4821e+11
0.01563,0.24375,7.7789e+0,3.8174e+11,4.1837e+11
0.01771,0.24375,7.6843e+0,4.5648e+11,6.8404e+11
0.01979,0.24375,7.5818e+0,5.4589e+11,5.1747e+11
0.02187,0.24375,7.4925e+0,4.9637e+11,7.0268e+11
0.02396,0.24375,7.3984e+0,5.0171e+11,4.4160e+11
0.02604,0.24375,7.3187e+0,5.4570e+11,5.8836e+11
0.02813,0.24375,7.2441e+0,5.7529e+11,8.6140e+11
0.03021,0.24375,7.1603e+0,5.7276e+11,1.1444e+12
0.03229,0.24375,7.0487e+0,5.7595e+11,9.3186e+11
0.03438,0.24375,6.9251e+0,5.4616e+11,6.6833e+11
0.03646,0.24375,6.8030e+0,7.1840e+11,5.9128e+11
0.03854,0.24375,6.6981e+0,6.1915e+11,7.9619e+11
0.04063,0.24375,6.5892e+0,6.7491e+11,9.8396e+11
0.04271,0.24375,6.4646e+0,6.2452e+11,8.3008e+11
0.04479,0.24375,6.3338e+0,7.0042e+11,8.4118e+11
0.04688,0.24375,6.2030e+0,5.7456e+11,8.0916e+11
0.04896,0.24375,6.0640e+0,6.2179e+11,7.3665e+11
0.05104,0.24375,5.9240e+0,6.6164e+11,7.5536e+11
0.05312,0.24375,5.7818e+0,6.0585e+11,5.5237e+11
0.05521,0.24375,5.6446e+0,6.3075e+11,5.6700e+11
0.05729,0.24375,5.5125e+0,5.9613e+11,9.0100e+11
0.05937,0.24375,5.3608e+0,6.2969e+11,8.9242e+11
0.06146,0.24375,5.1957e+0,5.3083e+11,7.6969e+11
0.06354,0.24375,5.0184e+0,5.6876e+11,6.3995e+11
0.06563,0.24375,4.8423e+0,5.9465e+11,7.8852e+11
0.06771,0.24375,4.6607e+0,5.0124e+11,7.5007e+11
0.06979,0.24375,4.4659e+0,5.3385e+11,5.6133e+11
0.07187,0.24375,4.2710e+0,5.5733e+11,6.5989e+11
0.07396,0.24375,4.0702e+0,4.6962e+11,7.5580e+11
0.07604,0.24375,3.8527e+0,4.9107e+11,7.8263e+11
0.07813,0.24375,3.6194e+0,5.0456e+11,7.8120e+11
0.08021,0.24375,3.3720e+0,4.6543e+11,8.7005e+11
0.08229,0.24375,3.1006e+0,4.7348e+11,7.6994e+11
0.08438,0.24375,2.8103e+0,3.4414e+11,6.0237e+11
0.08646,0.24375,2.5038e+0,3.1268e+11,5.7520e+11
0.08854,0.24375,2.1821e+0,3.0653e+11,6.0616e+11
0.09062,0.24375,1.8430e+0,7.8019e+10,5.9575e+11
0.09271,0.24375,1.4694e+0,1.6880e+7,4.0684e+11
0.09479,0.24375,1.0704e+0,0.0000e+0,3.3069e+11
0.09688,0.24375,6.5257e-1,0.0000e+0,2.8686e+11
0.09896,0.24375,2.1945e-1,0.0000e+0,1.7684e+11
0.00104,0.24792,8.1612e+0,4.2058e+10,1.5389e+10
0.00313,0.24792,8.1621e+0,1.2855e+11,7.7550e+11
0.00521,0.24792,8.1236e+0,1.8370e+11,6.4891e+11
0.00729,0.24792,8.0664e+0,1.4659e+11,4.1664e+11
0.00937,0.24792,8.0068e+0,2.0183e+11,3.0709e+11
0.01146,0.24792,7.9529e+0,3.4634e+11,9.3712e+11
0.01354,0.24792,7.8687e+0,3.6849e+11,9.2751e+11
0.01563,0.24792,7.7601e+0,3.6938e+11,4.0164e+11
0.01771,0.24792,7.6646e+0,4.3834e+11,7.5961e+11
0.01979,0.24792,7.5582e+0,5.3984e+11,4.3054e+11
0.02187,0.24792,7.4665e+0,4.7285e+11,6.0273e+11
0.02396,0.24792,7.3680e+0,4.9330e+11,4.4734e+11
0.02604,0.24792,7.2778e+0,5.0958e+11,4.7442e+11
0.02813,0.24792,7.1924e+0,5.4481e+11,4.8499e+11
0.03021,0.24792,7.1109e+0,5.7585e+11,8.1733e+11
0.03229,0.24792,7.0123e+0,5.7113e+11,8.6599e+11
0.03438,0.24792,6.8953e+0,5.4625e+11,6.4638e+11
0.03646,0.24792,6.7763e+0,6.8540e+11,6.0248e+11
0.03854,0.24792,6.6697e+0,6.1831e+11,5.8589e+11
0.04063,0.24792,6.5700e+0,6.6350e+11,1.0754e+12
0.04271,0.24792,6.4478e+0,6.0875e+11,8.5598e+11
0.04479,0.24792,6.3169e+0,6.9720e+11,8.6712e+11
0.04688,0.24792,6.1829e+0,5.6659e+11,7.2627e+11
0.04896,0.24792,6.0434e+0,6.0489e+11,6.8416e+11
0.05104,0.24792,5.9024e+0,6.5168e+11,5.2794e+11
0.05312,0.24792,5.7729e+0,5.9676e+11,7.4465e+11
0.05521,0.24792,5.6377e+0,6.4190e+11,7.6574e+11
0.05729,0.24792,5.4974e+0,6.0212e+11,7.7238e+11
0.05937,0.24792,5.3471e+0,6.0425e+11,7.9673e+11
0.06146,0.24792,5.1852e+0,5.2664e+11,7.4754e+11
0.06354,0.24792,5.0105e+0,5.6831e+11,8.0306e+11
0.06563,0.24792,4.8227e+0,5.9260e+11,5.1700e+11
0.06771,0.24792,4.6444e+0,5.0426e+11,6.9618e+11
0.06979,0.24792,4.4562e+0,5.3867e+11,7.0893e+11
0.07187,0.24792,4.2620e+0,5.5119e+11,8.3702e+11
0.07396,0.24792,4.0540e+0,4.6903e+11,6.9015e+11
0.07604,0.24792,3.8362e+0,4.8637e+11,8.1699e+11
0.07813,0.24792,3.6024e+0,4.8547e+11,8.4514e+11
0.08021,0.24792,3.3515e+0,4.4649e+11,7.5191e+11
0.08229,0.24792,3.0859e+0,4.7992e+11,8.4545e+11
0.08438,0.24792,2.8003e+0,3.4372e+11,7.1955e+11
0.08646,0.24792,2.4930e+0,3.1508e+11,6.2320e+11
0.08854,0.24792,2.1682e+0,3.1344e+11,5.5934e+11
0.09062,0.24792,1.8300e+0,7.7305e+10,5.6496e+11
0.09271,0.24792,1.4591e+0,1.8348e+7,3.8917e+11
0.09479,0.24792,1.0641e+0,0.0000e+0,3.1017e+11
0.09688,0.24792,6.5213e-1,0.0000e+0,3.6423e+11
0.09896,0.24792,2.2077e-1,0.0000e+0,2.5226e+11
0.00104,0.25208,8.1079e+0,4.1709e+10,0.0000e+0
0.00313,0.25208,8.1122e+0,1.4549e+11,4.7097e+11
0.00521,0.25208,8.1007e+0,1.8725e+11,1.0537e+12
0.00729,0.25208,8.0464e+0,1.3709e+11,6.0577e+11
0.00937,0.25208,7.9824e+0,1.9165e+11,4.3871e+11
0.01146,0.25208,7.9190e+0,3.2876e+11,6.9748e+11
0.01354,0.25208,7.8395e+0,3.7274e+11,8.5691e+11
0.01563,0.25208,7.7336e+0,3.6832e+11,4.0241e+11
0.01771,0.25208,7.6354e+0,4.5186e+11,3.6546e+11
0.01979,0.25208,7.5513e+0,5.3081e+11,7.1349e+11
0.02187,0.25208,7.4633e+0,4.7021e+11,9.2368e+11
0.02396,0.25208,7.3518e+0,4.7790e+11,3.7290e+11
0.02604,0.25208,7.2572e+0,4.8900e+11,4.9125e+11
0.02813,0.25208,7.1685e+0,5.3963e+11,6.2629e+11
0.03021,0.25208,7.0786e+0,5.6821e+11,6.5319e+11
0.03229,0.25208,6.9852e+0,5.5609e+11,8.7122e+11
0.03438,0.25208,6.8707e+0,5.4707e+11,6.6298e+11
0.03646,0.25208,6.7515e+0,6.6105e+11,5.3464e+11
0.03854,0.25208,6.6461e+0,6.2326e+11,7.6226e+11
0.04063,0.25208,6.5342e+0,6.5994e+11,8.2382e+11
0.04271,0.25208,6.4126e+0,6.1166e+11,7.2880e+11
0.04479,0.25208,6.2837e+0,6.8858e+11,6.7620e+11
0.04688,0.25208,6.1589e+0,5.8268e+11,7.4843e+11
0.04896,0.25208,6.0282e+0,5.8871e+11,7.2125e+11
0.05104,0.25208,5.8954e+0,6.4085e+11,7.8262e+11
0.05312,0.25208,5.7612e+0,6.0641e+11,6.3426e+11
0.05521,0.25208,5.6334e+0,6.5102e+11,9.8396e+11
0.05729,0.25208,5.4902e+0,6.0457e+11,7.9347e+11
0.05937,0.25208,5.3409e+0,5.8138e+11,8.6425e+11
0.06146,0.25208,5.1791e+0,5.2612e+11,8.1234e+11
0.06354,0.25208,5.0052e+0,5.7115e+11,9.5066e+11
0.06563,0.25208,4.8124e+0,5.7734e+11,5.3165e+11
0.06771,0.25208,4.6295e+0,4.9805e+11,6.3568e+11
0.06979,0.25208,4.4401e+0,5.4061e+11,7.1846e+11
0.07187,0.25208,4.2418e+0,5.5484e+11,7.7937e+11
0.07396,0.25208,4.0313e+0,4.6116e+11,7.4129e+11
0.07604,0.25208,3.8044e+0,4.7724e+11,6.4761e+11
0.07813,0.25208,3.5671e+0,4.7696e+11,6.1390e+11
0.08021,0.25208,3.3203e+0,4.4372e+11,5.9479e+11
0.08229,0.25208,3.0642e+0,4.7298e+11,7.9669e+11
0.08438,0.25208,2.7887e+0,3.2942e+11,7.8609e+11
0.08646,0.25208,2.4855e+0,3.0448e+11,6.5439e+11
0.08854,0.25208,2.1620e+0,3.1262e+11,5.4118e+11
0.09062,0.25208,1.8270e+0,7.5096e+10,6.0735e+11
0.09271,0.25208,1.4578e+0,1.8099e+7,4.2278e+11
0.09479,0.25208,1.0635e+0,0.0000e+0,3.3738e+11
0.09688,0.25208,6.5111e-1,0.0000e+0,3.5234e+11
0.09896,0.25208,2.2033e-1,0.0000e+0,2.4755e+11
0.00104,0.25625,8.0333e+0,4.6235e+10,0.0000e+0
0.00313,0.25625,8.0323e+0,9.7029e+10,3.3636e+10
0.00521,0.25625,8.0299e+0,1.4990e+11,7.1308e+11
0.00729,0.25625,7.9855e+0,1.3063e+11,3.0750e+11
0.00937,0.25625,7.9346e+0,1.8807e+11,2.2763e+11
0.01146,0.25625,7.8861e+0,3.3486e+11,6.6634e+11
0.01354,0.25625,7.8202e+0,3.7915e+11,1.0096e+12
0.01563,0.25625,7.7201e+0,3.7704e+11,5.2251e+11
0.01771,0.25625,7.6202e+0,4.3709e+11,2.9349e+11
0.01979,0.25625,7.5387e+0,5.2346e+11,7.3792e+11
0.02187,0.25625,7.4493e+0,4.5416e+11,8.9295e+11
0.02396,0.25625,7.3372e+0,4.6094e+11,4.0437e+11
0.02604,0.25625,7.2410e+0,4.8675e+11,5.7702e+11
0.02813,0.25625,7.1491e+0,5.1845e+11,6.0991e+11
0.03021,0.25625,7.0587e+0,5.5649e+11,6.2663e+11
0.03229,0.25625,6.9699e+0,5.7180e+11,1.0281e+12
0.03438,0.25625,6.8569e+0,5.5566e+11,7.7771e+11
0.03646,0.25625,6.7373e+0,6.5886e+11,6.4873e+11
0.03854,0.25625,6.6279e+0,6.1300e+11,8.2461e+11
0.04063,0.25625,6.5099e+0,6.5718e+11,7.0053e+11
0.04271,0.25625,6.3946e+0,5.9948e+11,8.9607e+11
0.04479,0.25625,6.2614e+0,6.7433e+11,7.0980e+11
0.04688,0.25625,6.1289e+0,5.8593e+11,5.0942e+11
0.04896,0.25625,6.0018e+0,5.9777e+11,6.5693e+11
0.05104,0.25625,5.8716e+0,6.4808e+11,7.6396e+11
0.05312,0.25625,5.7358e+0,6.1376e+11,5.7453e+11
0.05521,0.25625,5.6063e+0,6.3703e+11,7.9178e+11
0.05729,0.25625,5.4688e+0,5.9039e+11,8.2047e+11
0.05937,0.25625,5.3184e+0,5.7259e+11,7.9450e+11
0.06146,0.25625,5.1536e+0,5.1777e+11,6.4271e+11
0.06354,0.25625,4.9806e+0,5.6471e+11,6.9316e+11
0.06563,0.25625,4.8009e+0,5.8281e+11,6.5088e+11
0.06771,0.25625,4.6202e+0,4.9874e+11,7.1623e+11
0.06979,0.25625,4.4269e+0,5.3678e+11,7.3152e+11
0.07187,0.25625,4.2235e+0,5.5161e+11,7.2391e+11
0.07396,0.25625,4.0110e+0,4.6120e+11,6.7631e+11
0.07604,0.25625,3.7863e+0,4.7140e+11,6.4030e+11
0.07813,0.25625,3.5521e+0,4.8669e+11,6.9706e+11
0.08021,0.25625,3.3054e+0,4.4233e+11,6.5727e+11
0.08229,0.25625,3.0449e+0,4.6012e+11,6.4886e+11
0.08438,0.25625,2.7732e+0,3.2364e+11,6.7351e+11
0.08646,0.25625,2.4795e+0,2.9037e+11,7.1899e+11
0.08854,0.25625,2.1608e+0,3.0715e+11,6.4786e+11
0.09062,0.25625,1.8261e+0,7.7757e+10,6.3459e+11
0.09271,0.25625,1.4583e+0,1.8151e+7,4.5681e+11
0.09479,0.25625,1.0648e+0,0.0000e+0,4.1273e+11
0.09688,0.25625,6.4925e-1,0.0000e+0,3.1296e+11
0.09896,0.25625,2.1829e-1,0.0000e+0,1.7692e+11
0.00104,0.26042,7.9811e+0,5.0289e+10,0.0000e+0
0.00313,0.26042,7.9824e+0,8.7637e+10,6.0247e+9
0.00521,0.26042,7.9873e+0,1.4263e+11,7.8064e+11
0.00729,0.26042,7.9497e+0,1.3262e+11,3.1388e+11
0.00937,0.26042,7.9089e+0,1.8782e+11,4.3113e+11
0.01146,0.26042,7.8601e+0,3.4616e+11,7.7808e+11
0.01354,0.26042,7.7910e+0,3.7649e+11,6.6492e+11
0.01563,0.26042,7.7136e+0,3.6990e+11,8.4009e+11
0.01771,0.26042,7.6187e+0,4.4805e+11,6.5329e+11
0.01979,0.26042,7.5267e+0,5.2727e+11,8.3333e+11
0.02187,0.26042,7.4263e+0,4.5496e+11,8.0752e+11
0.02396,0.26042,7.3129e+0,4.5651e+11,4.8244e+11
0.02604,0.26042,7.2096e+0,4.8370e+11,3.9264e+11
0.02813,0.26042,7.1220e+0,5.0680e+11,6.1831e+11
0.03021,0.26042,7.0349e+0,5.5403e+11,8.3822e+11
0.03229,0.26042,6.9345e+0,5.6734e+11,7.1654e+11
0.03438,0.26042,6.8280e+0,5.3884e+11,7.4599e+11
0.03646,0.26042,6.7114e+0,6.7580e+11,6.6763e+11
0.03854,0.26042,6.6021e+0,5.9529e+11,7.7514e+11
0.04063,0.26042,6.4852e+0,6.3875e+11,5.7087e+11
0.04271,0.26042,6.3794e+0,5.9443e+11,1.0151e+12
0.04479,0.26042,6.2499e+0,6.6916e+11,7.7281e+11
0.04688,0.26042,6.1243e+0,5.6661e+11,8.2390e+11
0.04896,0.26042,5.9913e+0,5.9233e+11,7.4267e+11
0.05104,0.26042,5.8557e+0,6.4932e+11,7.6317e+11
0.05312,0.26042,5.7182e+0,6.1764e+11,6.5404e+11
0.05521,0.26042,5.5831e+0,6.2046e+11,6.7375e+11
0.05729,0.26042,5.4474e+0,5.8186e+11,7.4473e+11
0.05937,0.26042,5.3059e+0,5.6688e+11,9.5432e+11
0.06146,0.26042,5.1447e+0,5.2236e+11,8.9501e+11
0.06354,0.26042,4.9659e+0,5.6458e+11,5.6450e+11
0.06563,0.26042,4.7946e+0,5.9034e+11,8.1932e+11
0.06771,0.26042,4.6160e+0,5.0479e+11,8.9923e+11
0.06979,0.26042,4.4170e+0,5.1779e+11,7.2606e+11
0.07187,0.26042,4.2110e+0,5.2759e+11,7.4448e+11
0.07396,0.26042,3.9970e+0,4.5663e+11,6.0425e+11
0.07604,0.26042,3.7778e+0,4.8693e+11,7.2013e+11
0.07813,0.26042,3.5471e+0,4.9947e+11,7.5605e+11
0.08021,0.26042,3.3044e+0,4.4939e+11,8.9046e+11
0.08229,0.26042,3.0384e+0,4.5175e+11,6.9163e+11
0.08438,0.26042,2.7634e+0,3.2557e+11,7.0395e+11
0.08646,0.26042,2.4679e+0,2.9196e+11,7.1116e+11
0.08854,0.26042,2.1479e+0,3.0850e+11,5.5460e+11
0.09062,0.26042,1.8149e+0,7.9250e+10,5.4627e+11
0.09271,0.26042,1.4523e+0,2.0395e+7,4.7637e+11
0.09479,0.26042,1.0600e+0,0.0000e+0,3.5166e+11
0.09688,0.26042,6.4722e-1,0.0000e+0,2.7610e+11
0.09896,0.26042,2.1971e-1,0.0000e+0,2.6305e+11
0.00104,0.26458,7.9341e+0,4.5248e+10,0.0000e+0
0.00313,0.26458,7.9356e+0,8.4892e+10,2.1698e+8
0.00521,0.26458,7.9408e+0,1.4705e+11,5.9289e+11
0.00729,0.26458,7.9144e+0,1.3001e+11,3.9598e+11
0.00937,0.26458,7.8784e+0,1.8977e+11,6.4389e+11
0.01146,0.26458,7.8225e+0,3.4818e+11,8.1132e+11
0.01354,0.26458,7.7497e+0,3.8120e+11,6.2691e+11
0.01563,0.26458,7.6749e+0,3.5198e+11,7.3094e+11
0.01771,0.26458,7.5853e+0,4.4728e+11,7.2276e+11
0.01979,0.26458,7.4927e+0,5.2192e+11,9.2234e+11
0.02187,0.26458,7.3854e+0,4.5392e+11,6.1711e+11
0.02396,0.26458,7.2780e+0,4.4970e+11,5.0429e+11
0.02604,0.26458,7.1743e+0,4.7879e+11,3.4479e+11
0.02813,0.26458,7.0841e+0,5.2442e+11,4.8241e+11
0.03021,0.26458,7.0008e+0,5.5819e+11,8.2949e+11
0.03229,0.26458,6.9029e+0,5.7730e+11,7.1155e+11
0.03438,0.26458,6.8016e+0,5.3585e+11,8.4264e+11
0.03646,0.26458,6.6848e+0,6.6101e+11,6.6944e+11
0.03854,0.26458,6.5746e+0,5.6955e+11,6.9265e+11
0.04063,0.26458,6.4603e+0,6.2981e+11,6.4524e+11
0.04271,0.26458,6.3500e+0,5.8463e+11,9.4709e+11
0.04479,0.26458,6.2138e+0,6.7429e+11,5.0824e+11
0.04688,0.26458,6.0917e+0,5.6447e+11,6.4550e+11
0.04896,0.26458,5.9668e+0,5.8358e+11,7.6556e+11
0.05104,0.26458,5.8336e+0,6.4060e+11,7.2985e+11
0.05312,0.26458,5.7014e+0,6.1325e+11,7.8237e+11
0.05521,0.26458,5.5655e+0,6.0591e+11,8.7187e+11
0.05729,0.26458,5.4184e+0,5.8975e+11,6.6685e+11
0.05937,0.26458,5.2716e+0,5.6038e+11,7.6778e+11
0.06146,0.26458,5.1125e+0,5.1509e+11,6.7960e+11
0.06354,0.26458,4.9435e+0,5.4804e+11,6.9710e+11
0.06563,0.26458,4.7683e+0,5.8615e+11,6.6649e+11
0.06771,0.26458,4.5922e+0,5.0440e+11,8.7597e+11
0.06979,0.26458,4.3940e+0,5.0119e+11,7.0132e+11
0.07187,0.26458,4.1869e+0,5.1564e+11,5.3786e+11
0.07396,0.26458,3.9821e+0,4.4343e+11,6.7289e+11
0.07604,0.26458,3.7663e+0,4.8329e+11,7.9894e+11
0.07813,0.26458,3.5349e+0,4.9269e+11,8.4933e+11
0.08021,0.26458,3.2845e+0,4.6071e+11,7.1844e+11
0.08229,0.26458,3.0198e+0,4.7338e+11,6.6804e+11
0.08438,0.26458,2.7451e+0,3.3300e+11,6.1158e+11
0.08646,0.26458,2.4526e+0,2.9580e+11,6.2899e+11
0.08854,0.26458,2.1400e+0,3.0553e+11,6.6098e+11
0.09062,0.26458,1.8076e+0,7.9211e+10,5.2577e+11
0.09271,0.26458,1.4492e+0,2.4583e+7,5.0589e+11
0.09479,0.26458,1.0621e+0,0.0000e+0,4.3451e+11
0.09688,0.26458,6.5348e-1,0.0000e+0,4.6117e+11
0.09896,0.26458,2.2263e-1,0.0000e+0,3.3156e+11
0.00104,0.26875,7.8896e+0,4.1596e+10,0.0000e+0
0.00313,0.26875,7.8914e+0,8.5550e+10,1.0332e+10
0.00521,0.26875,7.8972e+0,1.4529e+11,6.3510e+11
0.00729,0.26875,7.8700e+0,1.3572e+11,4.7407e+11
0.00937,0.26875,7.8256e+0,2.0009e+11,6.5840e+11
0.01146,0.26875,7.7540e+0,3.4883e+11,3.7846e+11
0.01354,0.26875,7.6848e+0,3.8004e+11,3.3095e+11
0.01563,0.26875,7.6197e+0,3.5759e+11,8.3593e+11
0.01771,0.26875,7.5208e+0,4.2596e+11,3.2091e+11
0.01979,0.26875,7.4335e+0,4.8731e+11,7.2140e+11
0.02187,0.26875,7.3341e+0,4.5641e+11,3.8921e+11
0.02396,0.26875,7.2482e+0,4.4777e+11,6.7395e+11
0.02604,0.26875,7.1580e+0,4.7554e+11,8.2640e+11
0.02813,0.26875,7.0576e+0,5.1759e+11,6.0548e+11
0.03021,0.26875,6.9645e+0,5.4104e+11,6.7524e+11
0.03229,0.26875,6.8692e+0,5.8245e+11,7.7834e+11
0.03438,0.26875,6.7665e+0,5.3997e+11,7.3707e+11
0.03646,0.26875,6.6556e+0,6.5592e+11,7.0265e+11
0.03854,0.26875,6.5485e+0,5.7581e+11,7.1639e+11
0.04063,0.26875,6.4381e+0,6.0884e+11,6.2181e+11
0.04271,0.26875,6.3340e+0,5.7038e+11,1.0844e+12
0.04479,0.26875,6.1974e+0,6.7672e+11,6.6941e+11
0.04688,0.26875,6.0671e+0,5.6114e+11,5.4516e+11
0.04896,0.26875,5.9401e+0,5.7717e+11,7.5632e+11
0.05104,0.26875,5.8007e+0,6.3013e+11,5.6386e+11
0.05312,0.26875,5.6678e+0,6.0962e+11,7.1358e+11
0.05521,0.26875,5.5304e+0,6.0789e+11,7.6432e+11
0.05729,0.26875,5.3853e+0,5.8489e+11,6.0650e+11
0.05937,0.26875,5.2425e+0,5.4263e+11,7.2326e+11
0.06146,0.26875,5.0907e+0,4.9927e+11,8.0898e+11
0.06354,0.26875,4.9219e+0,5.3578e+11,7.6284e+11
0.06563,0.26875,4.7424e+0,5.8047e+11,6.3089e+11
0.06771,0.26875,4.5631e+0,4.9420e+11,7.2617e+11
0.06979,0.26875,4.3681e+0,5.0525e+11,5.9022e+11
0.07187,0.26875,4.1704e+0,5.1413e+11,7.4536e+11
0.07396,0.26875,3.9630e+0,4.3762e+11,7.1548e+11
0.07604,0.26875,3.7421e+0,4.6012e+11,6.6495e+11
0.07813,0.26875,3.5125e+0,4.6395e+11,7.6001e+11
0.08021,0.26875,3.2674e+0,4.4045e+11,7.2704e+11
0.08229,0.26875,3.0075e+0,4.7036e+11,7.0609e+11
0.08438,0.26875,2.7381e+0,3.3022e+11,7.8664e+11
0.08646,0.26875,2.4427e+0,2.9719e+11,6.4180e+11
0.08854,0.26875,2.1297e+0,2.9989e+11,7.1476e+11
0.09062,0.26875,1.7956e+0,7.6412e+10,5.4012e+11
0.09271,0.26875,1.4357e+0,2.6489e+7,4.5657e+11
0.09479,0.26875,1.0489e+0,0.0000e+0,3.9758e+11
0.09688,0.26875,6.3978e-1,0.0000e+0,2.8951e+11
0.09896,0.26875,2.1598e-1,0.0000e+0,2.0858e+11
0.00104,0.27292,7.8438e+0,3.9396e+10,0.0000e+0
0.00313,0.27292,7.8446e+0,8.7122e+10,4.8030e+9
0.00521,0.27292,7.8487e+0,1.5704e+11,4.8275e+11
0.00729,0.27292,7.8294e+0,1.3864e+11,5.0986e+11
0.00937,0.27292,7.7891e+0,1.8329e+11,7.1693e+11
0.01146,0.27292,7.7176e+0,3.3861e+11,3.2777e+11
0.01354,0.27292,7.6603e+0,3.6901e+11,7.0282e+11
0.01563,0.27292,7.5932e+0,3.7558e+11,1.0863e+12
0.01771,0.27292,7.4867e+0,4.0549e+11,4.8043e+11
0.01979,0.27292,7.3883e+0,4.8121e+11,6.7216e+11
0.02187,0.27292,7.2858e+0,4.4409e+11,4.1238e+11
0.02396,0.27292,7.1947e+0,4.4139e+11,5.5079e+11
0.02604,0.27292,7.1025e+0,4.8326e+11,6.4417e+11
0.02813,0.27292,7.0034e+0,5.1563e+11,3.6127e+11
0.03021,0.27292,6.9209e+0,5.4192e+11,7.5448e+11
0.03229,0.27292,6.8287e+0,5.6104e+11,7.4975e+11
0.03438,0.27292,6.7288e+0,5.1287e+11,6.9552e+11
0.03646,0.27292,6.6210e+0,6.4669e+11,6.8797e+11
0.03854,0.27292,6.5154e+0,5.7714e+11,6.6564e+11
0.04063,0.27292,6.4084e+0,6.0141e+11,5.6964e+11
0.04271,0.27292,6.3099e+0,5.7567e+11,1.0533e+12
0.04479,0.27292,6.1832e+0,6.7863e+11,8.1169e+11
0.04688,0.27292,6.0573e+0,5.5136e+11,7.1978e+11
0.04896,0.27292,5.9295e+0,5.8215e+11,9.5649e+11
0.05104,0.27292,5.7846e+0,6.3115e+11,7.4208e+11
0.05312,0.27292,5.6410e+0,5.9921e+11,6.4658e+11
0.05521,0.27292,5.4984e+0,6.0663e+11,6.2369e+11
0.05729,0.27292,5.3567e+0,5.8049e+11,6.2220e+11
0.05937,0.27292,5.2136e+0,5.4010e+11,6.8140e+11
0.06146,0.27292,5.0613e+0,4.8535e+11,6.9485e+11
0.06354,0.27292,4.8946e+0,5.1346e+11,6.2957e+11
0.06563,0.27292,4.7228e+0,5.6559e+11,7.0591e+11
0.06771,0.27292,4.5466e+0,4.8325e+11,8.6003e+11
0.06979,0.27292,4.3498e+0,5.1915e+11,7.4318e+11
0.07187,0.27292,4.1437e+0,5.2230e+11,6.2551e+11
0.07396,0.27292,3.9349e+0,4.4149e+11,6.7156e+11
0.07604,0.27292,3.7130e+0,4.4995e+11,5.9581e+11
0.07813,0.27292,3.4847e+0,4.5596e+11,6.8008e+11
0.08021,0.27292,3.2454e+0,4.1204e+11,7.6860e+11
0.08229,0.27292,2.9859e+0,4.5037e+11,6.2418e+11
0.08438,0.27292,2.7199e+0,3.2237e+11,7.8536e+11
0.08646,0.27292,2.4242e+0,2.8899e+11,6.7711e+11
0.08854,0.27292,2.1036e+0,2.9245e+11,4.5884e+11
0.09062,0.27292,1.7736e+0,7.2093e+10,4.2938e+11
0.09271,0.27292,1.4198e+0,2.6771e+7,4.6747e+11
0.09479,0.27292,1.0348e+0,0.0000e+0,3.2798e+11
0.09688,0.27292,6.2981e-1,0.0000e+0,2.4617e+11
0.09896,0.27292,2.1240e-1,0.0000e+0,1.9798e+11
0.00104,0.27708,7.8045e+0,4.0629e+10,0.0000e+0
0.00313,0.27708,7.8035e+0,9.7811e+10,5.0900e+9
0.00521,0.27708,7.8040e+0,1.5738e+11,3.1324e+11
0.00729,0.27708,7.7898e+0,1.4227e+11,3.7804e+11
0.00937,0.27708,7.7598e+0,1.8689e+11,1.0721e+12
0.01146,0.27708,7.6743e+0,3.3822e+11,2.6719e+11
0.01354,0.27708,7.6088e+0,3.8753e+11,4.8480e+11
0.01563,0.27708,7.5470e+0,3.7553e+11,1.0527e+12
0.01771,0.27708,7.4450e+0,3.9663e+11,5.8673e+11
0.01979,0.27708,7.3419e+0,4.9130e+11,6.2466e+11
0.02187,0.27708,7.2385e+0,4.4731e+11,4.1500e+11
0.02396,0.27708,7.1434e+0,4.2988e+11,4.0022e+11
0.02604,0.27708,7.0542e+0,4.7488e+11,6.3393e+11
0.02813,0.27708,6.9581e+0,4.9884e+11,4.1304e+11
0.03021,0.27708,6.8740e+0,5.3078e+11,6.7033e+11
0.03229,0.27708,6.7840e+0,5.4373e+11,6.7370e+11
0.03438,0.27708,6.6906e+0,5.2231e+11,7.3807e+11
0.03646,0.27708,6.5889e+0,6.5899e+11,8.1188e+11
0.03854,0.27708,6.4827e+0,5.6982e+11,6.4132e+11
0.04063,0.27708,6.3759e+0,5.9353e+11,6.1892e+11
0.04271,0.27708,6.2709e+0,5.7623e+11,8.5401e+11
0.04479,0.27708,6.1471e+0,6.5846e+11,7.0699e+11
0.04688,0.27708,6.0246e+0,5.4352e+11,7.3365e+11
0.04896,0.27708,5.8926e+0,5.7728e+11,7.3269e+11
0.05104,0.27708,5.7526e+0,6.4138e+11,6.4625e+11
0.05312,0.27708,5.6172e+0,5.9789e+11,7.2090e+11
0.05521,0.27708,5.4791e+0,5.9604e+11,7.0769e+11
0.05729,0.27708,5.3416e+0,5.6885e+11,7.6310e+11
0.05937,0.27708,5.1980e+0,5.4378e+11,7.8037e+11
0.06146,0.27708,5.0448e+0,4.7903e+11,8.0893e+11
0.06354,0.27708,4.8738e+0,5.0575e+11,6.3763e+11
0.06563,0.27708,4.6984e+0,5.4510e+11,6.9751e+11
0.06771,0.27708,4.5176e+0,4.5289e+11,7.1418e+11
0.06979,0.27708,4.3220e+0,5.0294e+11,6.6398e+11
0.07187,0.27708,4.1194e+0,5.2065e+11,6.5535e+11
0.07396,0.27708,3.9116e+0,4.3858e+11,6.9359e+11
0.07604,0.27708,3.6876e+0,4.4492e+11,5.7375e+11
0.07813,0.27708,3.4560e+0,4.5204e+11,5.7456e+11
0.08021,0.27708,3.2177e+0,4.1722e+11,6.8387e+11
0.08229,0.27708,2.9627e+0,4.5088e+11,5.8867e+11
0.08438,0.27708,2.7029e+0,3.1538e+11,8.0604e+11
0.08646,0.27708,2.4125e+0,2.8145e+11,7.3971e+11
0.08854,0.27708,2.0942e+0,2.8765e+11,5.1749e+11
0.09062,0.27708,1.7654e+0,7.2757e+10,4.5854e+11
0.09271,0.27708,1.4151e+0,1.2386e+7,5.3280e+11
0.09479,0.27708,1.0326e+0,0.0000e+0,4.0837e+11
0.09688,0.27708,6.2749e-1,0.0000e+0,2.5436e+11
0.09896,0.27708,2.1170e-1,0.0000e+0,2.1479e+11
0.00104,0.28125,7.7862e+0,4.1545e+10,0.0000e+0
0.00313,0.28125,7.7863e+0,1.0433e+11,2.0945e+11
0.00521,0.28125,7.7800e+0,1.6372e+11,3.3084e+11
0.00729,0.28125,7.7645e+0,1.5239e+11,5.3935e+11
0.00937,0.28125,7.7257e+0,1.9971e+11,1.1506e+12
0.01146,0.28125,7.6282e+0,3.4804e+11,2.6156e+11
0.01354,0.28125,7.5516e+0,3.6390e+11,2.7589e+11
0.01563,0.28125,7.4921e+0,3.5623e+11,9.9062e+11
0.01771,0.28125,7.3962e+0,3.9895e+11,6.2495e+11
0.01979,0.28125,7.2983e+0,4.9522e+11,6.1359e+11
0.02187,0.28125,7.2061e+0,4.4106e+11,6.9979e+11
0.02396,0.28125,7.1100e+0,4.1596e+11,6.0644e+11
0.02604,0.28125,7.0134e+0,4.8030e+11,6.1375e+11
0.02813,0.28125,6.9184e+0,4.9261e+11,5.3142e+11
0.03021,0.28125,6.8311e+0,5.2188e+11,7.4226e+11
0.03229,0.28125,6.7351e+0,5.5778e+11,5.9765e+11
0.03438,0.28125,6.6422e+0,5.1688e+11,5.8628e+11
0.03646,0.28125,6.5501e+0,6.3868e+11,8.0938e+11
0.03854,0.28125,6.4536e+0,5.4998e+11,7.8241e+11
0.04063,0.28125,6.3494e+0,5.9439e+11,7.7476e+11
0.04271,0.28125,6.2423e+0,5.6849e+11,9.7142e+11
0.04479,0.28125,6.1139e+0,6.3358e+11,6.1553e+11
0.04688,0.28125,5.9923e+0,5.4025e+11,7.0427e+11
0.04896,0.28125,5.8623e+0,5.7023e+11,7.6158e+11
0.05104,0.28125,5.7235e+0,6.2364e+11,6.7430e+11
0.05312,0.28125,5.5864e+0,5.8308e+11,7.1377e+11
0.05521,0.28125,5.4437e+0,5.9037e+11,5.2340e+11
0.05729,0.28125,5.3099e+0,5.5649e+11,7.3510e+11
0.05937,0.28125,5.1669e+0,5.3611e+11,6.7560e+11
0.06146,0.28125,5.0185e+0,4.8681e+11,8.5229e+11
0.06354,0.28125,4.8512e+0,5.0830e+11,7.9333e+11
0.06563,0.28125,4.6709e+0,5.4254e+11,6.4458e+11
0.06771,0.28125,4.4884e+0,4.4469e+11,6.2995e+11
0.06979,0.28125,4.2957e+0,4.9665e+11,6.3496e+11
0.07187,0.28125,4.0976e+0,5.0260e+11,6.3395e+11
0.07396,0.28125,3.8968e+0,4.2825e+11,7.9415e+11
0.07604,0.28125,3.6772e+0,4.3929e+11,7.6394e+11
0.07813,0.28125,3.4410e+0,4.4911e+11,6.2420e+11
0.08021,0.28125,3.1986e+0,4.0597e+11,6.9310e+11
0.08229,0.28125,2.9411e+0,4.4261e+11,5.5576e+11
0.08438,0.28125,2.6815e+0,3.1956e+11,7.2441e+11
0.08646,0.28125,2.3977e+0,2.7961e+11,7.7289e+11
0.08854,0.28125,2.0850e+0,2.8490e+11,6.4613e+11
0.09062,0.28125,1.7535e+0,7.4785e+10,3.8113e+11
0.09271,0.28125,1.4044e+0,5.8512e+5,4.5954e+11
0.09479,0.28125,1.0273e+0,0.0000e+0,4.7301e+11
0.09688,0.28125,6.2327e-1,0.0000e+0,2.4439e+11
0.09896,0.28125,2.0924e-1,0.0000e+0,1.5945e+11
0.00104,0.28542,7.7806e+0,3.9624e+10,4.8944e+11
0.00313,0.28542,7.7696e+0,8.5304e+10,3.7320e+11
0.00521,0.28542,7.7575e+0,1.4569e+11,4.5980e+11
0.00729,0.28542,7.7426e+0,1.4279e+11,1.0122e+12
0.00937,0.28542,7.6879e+0,2.0490e+11,1.1356e+12
0.01146,0.28542,7.5888e+0,3.6334e+11,5.8887e+11
0.01354,0.28542,7.4951e+0,3.5955e+11,1.8945e+11
0.01563,0.28542,7.4256e+0,3.3201e+11,7.5823e+11
0.01771,0.28542,7.3300e+0,3.8578e+11,4.5942e+11
0.01979,0.28542,7.2346e+0,4.6766e+11,4.8039e+11
0.02187,0.28542,7.1434e+0,4.2420e+11,5.0297e+11
0.02396,0.28542,7.0528e+0,4.2144e+11,6.3812e+11
0.02604,0.28542,6.9548e+0,4.9201e+11,5.2807e+11
0.02813,0.28542,6.8626e+0,4.7523e+11,4.4956e+11
0.03021,0.28542,6.7786e+0,5.0167e+11,6.4647e+11
0.03229,0.28542,6.6863e+0,5.3516e+11,5.8946e+11
0.03438,0.28542,6.5908e+0,5.0931e+11,4.8748e+11
0.03646,0.28542,6.4967e+0,6.0660e+11,5.7238e+11
0.03854,0.28542,6.4042e+0,5.3364e+11,7.0392e+11
0.04063,0.28542,6.2990e+0,6.0391e+11,5.8528e+11
0.04271,0.28542,6.1958e+0,5.6513e+11,7.1611e+11
0.04479,0.28542,6.0823e+0,6.3137e+11,7.3340e+11
0.04688,0.28542,5.9647e+0,5.3471e+11,8.0494e+11
0.04896,0.28542,5.8299e+0,5.4803e+11,6.2203e+11
0.05104,0.28542,5.6946e+0,6.1122e+11,7.3634e+11
0.05312,0.28542,5.5582e+0,5.8170e+11,7.8613e+11
0.05521,0.28542,5.4149e+0,5.9285e+11,6.0778e+11
0.05729,0.28542,5.2792e+0,5.5371e+11,7.7487e+11
0.05937,0.28542,5.1340e+0,5.1217e+11,7.7005e+11
0.06146,0.28542,4.9747e+0,4.7826e+11,5.6449e+11
0.06354,0.28542,4.8135e+0,5.0803e+11,7.1641e+11
0.06563,0.28542,4.6434e+0,5.2056e+11,7.5349e+11
0.06771,0.28542,4.4650e+0,4.4492e+11,7.8735e+11
0.06979,0.28542,4.2707e+0,4.9224e+11,7.2106e+11
0.07187,0.28542,4.0685e+0,4.9372e+11,6.0390e+11
0.07396,0.28542,3.8662e+0,4.2599e+11,6.2710e+11
0.07604,0.28542,3.6560e+0,4.2987e+11,8.7862e+11
0.07813,0.28542,3.4210e+0,4.3755e+11,7.0284e+11
0.08021,0.28542,3.1757e+0,4.1058e+11,6.7623e+11
0.08229,0.28542,2.9188e+0,4.4322e+11,6.1281e+11
0.08438,0.28542,2.6563e+0,3.3135e+11,6.8792e+11
0.08646,0.28542,2.3726e+0,2.8889e+11,6.3628e+11
0.08854,0.28542,2.0676e+0,2.8205e+11,5.5806e+11
0.09062,0.28542,1.7469e+0,7.0830e+10,5.8062e+11
0.09271,0.28542,1.3939e+0,0.0000e+0,4.1842e+11
0.09479,0.28542,1.0157e+0,0.0000e+0,3.6500e+11
0.09688,0.28542,6.1740e-1,0.0000e+0,2.3623e+11
0.09896,0.28542,2.0952e-1,0.0000e+0,2.6590e+11
0.00104,0.28958,7.7216e+0,4.1463e+10,7.4156e+11
0.00313,0.28958,7.6977e+0,6.9282e+10,3.6982e+11
0.00521,0.28958,7.6692e+0,1.3271e+11,1.4640e+11
0.00729,0.28958,7.6461e+0,1.4137e+11,4.1490e+11
0.00937,0.28958,7.6042e+0,2.1271e+11,7.5218e+11
0.01146,0.28958,7.5270e+0,3.5488e+11,5.1773e+11
0.01354,0.28958,7.4456e+0,3.6212e+11,3.1724e+11
0.01563,0.28958,7.3735e+0,3.2344e+11,6.1529e+11
0.01771,0.28958,7.2850e+0,3.8011e+11,5.5236e+11
0.01979,0.28958,7.1891e+0,4.7881e+11,6.0855e+11
0.02187,0.28958,7.0884e+0,4.1266e+11,4.0871e+11
0.02396,0.28958,6.9897e+0,3.9807e+11,4.0279e+11
0.02604,0.28958,6.8921e+0,4.7506e+11,3.2815e+11
0.02813,0.28958,6.8082e+0,4.6295e+11,3.5096e+11
0.03021,0.28958,6.7384e+0,4.9643e+11,7.6018e+11
0.03229,0.28958,6.6576e+0,5.3498e+11,8.7562e+11
0.03438,0.28958,6.5636e+0,5.1474e+11,6.9025e+11
0.03646,0.28958,6.4690e+0,5.9857e+11,7.4781e+11
0.03854,0.28958,6.3734e+0,5.2822e+11,7.9909e+11
0.04063,0.28958,6.2677e+0,5.9902e+11,6.9936e+11
0.04271,0.28958,6.1640e+0,5.6746e+11,7.2126e+11
0.04479,0.28958,6.0565e+0,6.3749e+11,8.4078e+11
0.04688,0.28958,5.9436e+0,5.1277e+11,1.0803e+12
0.04896,0.28958,5.7989e+0,5.4105e+11,6.6500e+11
0.05104,0.28958,5.6531e+0,5.9713e+11,5.5458e+11
0.05312,0.28958,5.5156e+0,5.8243e+11,7.1840e+11
0.05521,0.28958,5.3718e+0,5.8653e+11,5.2157e+11
0.05729,0.28958,5.2373e+0,5.4164e+11,6.6785e+11
0.05937,0.28958,5.0978e+0,5.2442e+11,9.2251e+11
0.06146,0.28958,4.9337e+0,4.8728e+11,5.6448e+11
0.06354,0.28958,4.7669e+0,5.0234e+11,5.5688e+11
0.06563,0.28958,4.5985e+0,5.0034e+11,6.7182e+11
0.06771,0.28958,4.4207e+0,4.3711e+11,6.5773e+11
0.06979,0.28958,4.2289e+0,4.9685e+11,6.4938e+11
0.07187,0.28958,4.0284e+0,4.8981e+11,5.2545e+11
0.07396,0.28958,3.8278e+0,4.2392e+11,5.9356e+11
0.07604,0.28958,3.6170e+0,4.3503e+11,7.7260e+11
0.07813,0.28958,3.3849e+0,4.3356e+11,6.5322e+11
0.08021,0.28958,3.1418e+0,3.9633e+11,5.6040e+11
0.08229,0.28958,2.8918e+0,4.2126e+11,6.6395e+11
0.08438,0.28958,2.6309e+0,3.1941e+11,6.4268e+11
0.08646,0.28958,2.3520e+0,2.7596e+11,5.8086e+11
0.08854,0.28958,2.0559e+0,2.8133e+11,6.3191e+11
0.09062,0.28958,1.7400e+0,6.9398e+10,6.5936e+11
0.09271,0.28958,1.3859e+0,0.0000e+0,4.4307e+11
0.09479,0.28958,1.0041e+0,0.0000e+0,2.2467e+11
0.09688,0.28958,6.1020e-1,0.0000e+0,2.1925e+11
0.09896,0.28958,2.0578e-1,0.0000e+0,1.8644e+11
0.00104,0.29375,7.6337e+0,4.3065e+10,3.1389e+11
0.00313,0.29375,7.6197e+0,6.5797e+10,2.8811e+11
0.00521,0.29375,7.5961e+0,1.1424e+11,9.2199e+10
0.00729,0.29375,7.5766e+0,1.5792e+11,3.4953e+11
0.00937,0.29375,7.5448e+0,2.0470e+11,6.2496e+11
0.01146,0.29375,7.4885e+0,3.2366e+11,6.6716e+11
0.01354,0.29375,7.4201e+0,3.6505e+11,7.4982e+11
0.01563,0.29375,7.3379e+0,3.3261e+11,4.7966e+11
0.01771,0.29375,7.2587e+0,3.8508e+11,8.0806e+11
0.01979,0.29375,7.1640e+0,4.7421e+11,7.6889e+11
0.02187,0.29375,7.0644e+0,4.1489e+11,7.5787e+11
0.02396,0.29375,6.9548e+0,3.9448e+11,5.0219e+11
0.02604,0.29375,6.8496e+0,4.5597e+11,4.3046e+11
0.02813,0.29375,6.7557e+0,4.6400e+11,2.9984e+11
0.03021,0.29375,6.6800e+0,4.9343e+11,6.5052e+11
0.03229,0.29375,6.5973e+0,5.0950e+11,6.9113e+11
0.03438,0.29375,6.5065e+0,4.9529e+11,5.1754e+11
0.03646,0.29375,6.4200e+0,5.8349e+11,8.5020e+11
0.03854,0.29375,6.3198e+0,5.4108e+11,6.3022e+11
0.04063,0.29375,6.2189e+0,5.8206e+11,6.6022e+11
0.04271,0.29375,6.1194e+0,5.4506e+11,7.9963e+11
0.04479,0.29375,6.0089e+0,6.3210e+11,7.7849e+11
0.04688,0.29375,5.8943e+0,5.0622e+11,8.6413e+11
0.04896,0.29375,5.7582e+0,5.2309e+11,7.2781e+11
0.05104,0.29375,5.6146e+0,5.7452e+11,5.9122e+11
0.05312,0.29375,5.4773e+0,5.6309e+11,7.1644e+11
0.05521,0.29375,5.3335e+0,5.8775e+11,5.7997e+11
0.05729,0.29375,5.1954e+0,5.3901e+11,6.0414e+11
0.05937,0.29375,5.0562e+0,5.0925e+11,7.5180e+11
0.06146,0.29375,4.9019e+0,4.6563e+11,7.4740e+11
0.06354,0.29375,4.7310e+0,4.8686e+11,5.5323e+11
0.06563,0.29375,4.5597e+0,5.1143e+11,6.0829e+11
0.06771,0.29375,4.3860e+0,4.3031e+11,7.1326e+11
0.06979,0.29375,4.1969e+0,4.8254e+11,6.5648e+11
0.07187,0.29375,4.0011e+0,4.9547e+11,6.4398e+11
0.07396,0.29375,3.7998e+0,4.1166e+11,6.9124e+11
0.07604,0.29375,3.5816e+0,4.3023e+11,6.4718e+11
0.07813,0.29375,3.3489e+0,4.2299e+11,5.3799e+11
0.08021,0.29375,3.1094e+0,3.8315e+11,5.7554e+11
0.08229,0.29375,2.8581e+0,4.1548e+11,5.0435e+11
0.08438,0.29375,2.6029e+0,3.0759e+11,5.7601e+11
0.08646,0.29375,2.3317e+0,2.7431e+11,6.0977e+11
0.08854,0.29375,2.0419e+0,2.8512e+11,6.7303e+11
0.09062,0.29375,1.7318e+0,7.1439e+10,7.2000e+11
0.09271,0.29375,1.3827e+0,0.0000e+0,5.2855e+11
0.09479,0.29375,1.0039e+0,0.0000e+0,3.2319e+11
0.09688,0.29375,6.1070e-1,0.0000e+0,2.7117e+11
0.09896,0.29375,2.0644e-1,0.0000e+0,2.3116e+11
0.00104,0.29792,7.5733e+0,4.8452e+10,3.7191e+11
0.00313,0.29792,7.5603e+0,7.5534e+10,1.7918e+11
0.00521,0.29792,7.5476e+0,1.3131e+11,3.7413e+11
0.00729,0.29792,7.5258e+0,1.5505e+11,5.2204e+11
0.00937,0.29792,7.4901e+0,2.0207e+11,6.4334e+11
0.01146,0.29792,7.4361e+0,3.2214e+11,5.9738e+11
0.01354,0.29792,7.3753e+0,3.5717e+11,9.1689e+11
0.01563,0.29792,7.2872e+0,3.3059e+11,4.3790e+11
0.01771,0.29792,7.2024e+0,3.8214e+11,6.2983e+11
0.01979,0.29792,7.1072e+0,4.7207e+11,5.6118e+11
0.02187,0.29792,7.0123e+0,4.1756e+11,6.6934e+11
0.02396,0.29792,6.9060e+0,4.0490e+11,4.8973e+11
0.02604,0.29792,6.8016e+0,4.5176e+11,3.9761e+11
0.02813,0.29792,6.7070e+0,4.7458e+11,4.2556e+11
0.03021,0.29792,6.6221e+0,4.9473e+11,5.9882e+11
0.03229,0.29792,6.5348e+0,4.9721e+11,5.5981e+11
0.03438,0.29792,6.4466e+0,4.8323e+11,4.6582e+11
0.03646,0.29792,6.3630e+0,5.7425e+11,8.3156e+11
0.03854,0.29792,6.2633e+0,5.3186e+11,6.1750e+11
0.04063,0.29792,6.1599e+0,5.6970e+11,5.5880e+11
0.04271,0.29792,6.0594e+0,5.3481e+11,6.6425e+11
0.04479,0.29792,5.9530e+0,6.0608e+11,7.5097e+11
0.04688,0.29792,5.8405e+0,5.1013e+11,8.3373e+11
0.04896,0.29792,5.7070e+0,5.1174e+11,6.1468e+11
0.05104,0.29792,5.5689e+0,5.6139e+11,5.0843e+11
0.05312,0.29792,5.4386e+0,5.5346e+11,7.6602e+11
0.05521,0.29792,5.2963e+0,5.7612e+11,5.7677e+11
0.05729,0.29792,5.1577e+0,5.2838e+11,5.7001e+11
0.05937,0.29792,5.0190e+0,4.9551e+11,6.8737e+11
0.06146,0.29792,4.8705e+0,4.5530e+11,8.5393e+11
0.06354,0.29792,4.6980e+0,4.8254e+11,6.0780e+11
0.06563,0.29792,4.5221e+0,5.0661e+11,5.8378e+11
0.06771,0.29792,4.3460e+0,4.2266e+11,6.0301e+11
0.06979,0.29792,4.1602e+0,4.7418e+11,5.5441e+11
0.07187,0.29792,3.9724e+0,4.6541e+11,6.6012e+11
0.07396,0.29792,3.7750e+0,3.9387e+11,6.8511e+11
0.07604,0.29792,3.5611e+0,4.1712e+11,7.3492e+11
0.07813,0.29792,3.3288e+0,4.0673e+11,5.6708e+11
0.08021,0.29792,3.0897e+0,3.6637e+11,6.2767e+11
0.08229,0.29792,2.8377e+0,4.0533e+11,5.8787e+11
0.08438,0.29792,2.5802e+0,2.9247e+11,5.9547e+11
0.08646,0.29792,2.3079e+0,2.6142e+11,6.2955e+11
0.08854,0.29792,2.0153e+0,2.8115e+11,5.8508e+11
0.09062,0.29792,1.7062e+0,7.1664e+10,5.6955e+11
0.09271,0.29792,1.3650e+0,0.0000e+0,4.8080e+11
0.09479,0.29792,9.9365e-1,0.0000e+0,3.2523e+11
0.09688,0.29792,6.0458e-1,0.0000e+0,2.5545e+11
0.09896,0.29792,2.0339e-1,0.0000e+0,1.7591e+11
0.00104,0.30208,7.5145e+0,5.6678e+10,4.5153e+11
0.00313,0.30208,7.5021e+0,8.7819e+10,3.4419e+11
0.00521,0.30208,7.4862e+0,1.4843e+11,6.9726e+11
0.00729,0.30208,7.4487e+0,1.3900e+11,3.6020e+11
0.00937,0.30208,7.4097e+0,1.9861e+11,4.4468e+11
0.01146,0.30208,7.3660e+0,3.1824e+11,6.8162e+11
0.01354,0.30208,7.3102e+0,3.5739e+11,8.1007e+11
0.01563,0.30208,7.2354e+0,3.2647e+11,6.5205e+11
0.01771,0.30208,7.1521e+0,3.7272e+11,6.6670e+11
0.01979,0.30208,7.0612e+0,4.5985e+11,7.0327e+11
0.02187,0.30208,6.9648e+0,4.1434e+11,6.8075e+11
0.02396,0.30208,6.8598e+0,4.1549e+11,4.5404e+11
0.02604,0.30208,6.7632e+0,4.4384e+11,6.6914e+11
0.02813,0.30208,6.6619e+0,4.5903e+11,5.5106e+11
0.03021,0.30208,6.5643e+0,5.0481e+11,4.1940e+11
0.03229,0.30208,6.4794e+0,4.9835e+11,5.6193e+11
0.03438,0.30208,6.3942e+0,4.8595e+11,5.4880e+11
0.03646,0.30208,6.3110e+0,5.6208e+11,8.0860e+11
0.03854,0.30208,6.2166e+0,5.1057e+11,7.7399e+11
0.04063,0.30208,6.1132e+0,5.6019e+11,8.0342e+11
0.04271,0.30208,6.0028e+0,5.2358e+11,5.9667e+11
0.04479,0.30208,5.8962e+0,5.9484e+11,6.9962e+11
0.04688,0.30208,5.7912e+0,5.1263e+11,9.0433e+11
0.04896,0.30208,5.6652e+0,5.1207e+11,7.3670e+11
0.05104,0.30208,5.5301e+0,5.6008e+11,5.5503e+11
0.05312,0.30208,5.4024e+0,5.3236e+11,7.4592e+11
0.05521,0.30208,5.2657e+0,5.6078e+11,7.0600e+11
0.05729,0.30208,5.1271e+0,5.1719e+11,7.2571e+11
0.05937,0.30208,4.9815e+0,4.8442e+11,6.5006e+11
0.06146,0.30208,4.8309e+0,4.3953e+11,7.5122e+11
0.06354,0.30208,4.6625e+0,4.7700e+11,7.0603e+11
0.06563,0.30208,4.4835e+0,4.8454e+11,4.8714e+11
0.06771,0.30208,4.3099e+0,4.1493e+11,5.8245e+11
0.06979,0.30208,4.1292e+0,4.7047e+11,6.4476e+11
0.07187,0.30208,3.9425e+0,4.5110e+11,6.6212e+11
0.07396,0.30208,3.7483e+0,3.8670e+11,7.1540e+11
0.07604,0.30208,3.5391e+0,3.9782e+11,8.0905e+11
0.07813,0.30208,3.3103e+0,3.9914e+11,7.5979e+11
0.08021,0.30208,3.0652e+0,3.6709e+11,6.4402e+11
0.08229,0.30208,2.8073e+0,3.9166e+11,4.9138e+11
0.08438,0.30208,2.5480e+0,2.8994e+11,5.0076e+11
0.08646,0.30208,2.2770e+0,2.5328e+11,5.4215e+11
0.08854,0.30208,1.9871e+0,2.6829e+11,5.0870e+11
0.09062,0.30208,1.6830e+0,6.6293e+10,5.3791e+11
0.09271,0.30208,1.3484e+0,0.0000e+0,4.5894e+11
0.09479,0.30208,9.8570e-1,0.0000e+0,4.0604e+11
0.09688,0.30208,6.0066e-1,0.0000e+0,3.0292e+11
0.09896,0.30208,2.0149e-1,0.0000e+0,1.6198e+11
0.00104,0.30625,7.4313e+0,6.4825e+10,5.1110e+11
0.00313,0.30625,7.4151e+0,9.5037e+10,5.8395e+11
0.00521,0.30625,7.3815e+0,1.5605e+11,2.8019e+11
0.00729,0.30625,7.3514e+0,1.4042e+11,4.8037e+11
0.00937,0.30625,7.3079e+0,1.9982e+11,2.9576e+11
0.01146,0.30625,7.2662e+0,3.1238e+11,4.7415e+11
0.01354,0.30625,7.2193e+0,3.5684e+11,6.7960e+11
0.01563,0.30625,7.1572e+0,3.3016e+11,6.8594e+11
0.01771,0.30625,7.0808e+0,3.6745e+11,6.1496e+11
0.01979,0.30625,7.0005e+0,4.3994e+11,8.5974e+11
0.02187,0.30625,6.9062e+0,4.0106e+11,7.4963e+11
0.02396,0.30625,6.8032e+0,4.0635e+11,5.6619e+11
0.02604,0.30625,6.7042e+0,4.5271e+11,6.8166e+11
0.02813,0.30625,6.6024e+0,4.5999e+11,5.3422e+11
0.03021,0.30625,6.5077e+0,4.8610e+11,4.5274e+11
0.03229,0.30625,6.4272e+0,4.8982e+11,8.0163e+11
0.03438,0.30625,6.3346e+0,4.7444e+11,5.5714e+11
0.03646,0.30625,6.2465e+0,5.5379e+11,8.6878e+11
0.03854,0.30625,6.1449e+0,5.0792e+11,6.6854e+11
0.04063,0.30625,6.0396e+0,5.4227e+11,7.0352e+11
0.04271,0.30625,5.9294e+0,5.0798e+11,5.8473e+11
0.04479,0.30625,5.8200e+0,5.8259e+11,5.0343e+11
0.04688,0.30625,5.7232e+0,4.9936e+11,8.1849e+11
0.04896,0.30625,5.6110e+0,5.0650e+11,8.4701e+11
0.05104,0.30625,5.4853e+0,5.3615e+11,7.4863e+11
0.05312,0.30625,5.3559e+0,5.1438e+11,7.7349e+11
0.05521,0.30625,5.2174e+0,5.3304e+11,6.5385e+11
0.05729,0.30625,5.0798e+0,4.9279e+11,7.3825e+11
0.05937,0.30625,4.9330e+0,4.5468e+11,5.6963e+11
0.06146,0.30625,4.7858e+0,4.1624e+11,7.5074e+11
0.06354,0.30625,4.6205e+0,4.6327e+11,6.9927e+11
0.06563,0.30625,4.4449e+0,4.6880e+11,5.5088e+11
0.06771,0.30625,4.2715e+0,4.0472e+11,6.3377e+11
0.06979,0.30625,4.0892e+0,4.5931e+11,6.7547e+11
0.07187,0.30625,3.8984e+0,4.2895e+11,6.1493e+11
0.07396,0.30625,3.7012e+0,3.8312e+11,6.4640e+11
0.07604,0.30625,3.4904e+0,3.9049e+11,5.9699e+11
0.07813,0.30625,3.2691e+0,3.8184e+11,6.8339e+11
0.08021,0.30625,3.0308e+0,3.5197e+11,6.2834e+11
0.08229,0.30625,2.7774e+0,3.7545e+11,4.6833e+11
0.08438,0.30625,2.5230e+0,2.8394e+11,5.1043e+11
0.08646,0.30625,2.2575e+0,2.4790e+11,6.5950e+11
0.08854,0.30625,1.9680e+0,2.5638e+11,5.4789e+11
0.09062,0.30625,1.6633e+0,6.6394e+10,5.0517e+11
0.09271,0.30625,1.3316e+0,0.0000e+0,4.4576e+11
0.09479,0.30625,9.7226e-1,0.0000e+0,3.5436e+11
0.09688,0.30625,5.9178e-1,0.0000e+0,2.5716e+11
0.09896,0.30625,1.9778e-1,0.0000e+0,1.1431e+11
0.00104,0.31042,7.3372e+0,5.3717e+10,6.9469e+11
0.00313,0.31042,7.3108e+0,7.8852e+10,3.4771e+11
0.00521,0.31042,7.2746e+0,1.7764e+11,1.8831e+11
0.00729,0.31042,7.2425e+0,1.5335e+11,2.6558e+11
0.00937,0.31042,7.2068e+0,2.1063e+11,3.4215e+11
0.01146,0.31042,7.1690e+0,3.1481e+11,5.9055e+11
0.01354,0.31042,7.1210e+0,3.5887e+11,6.5549e+11
0.01563,0.31042,7.0618e+0,3.1495e+11,7.2106e+11
0.01771,0.31042,6.9842e+0,3.5121e+11,5.6865e+11
0.01979,0.31042,6.9005e+0,4.0712e+11,6.1510e+11
0.02187,0.31042,6.8105e+0,3.7908e+11,5.8128e+11
0.02396,0.31042,6.7151e+0,3.8429e+11,5.5294e+11
0.02604,0.31042,6.6172e+0,4.3937e+11,5.4966e+11
0.02813,0.31042,6.5202e+0,4.4639e+11,4.8879e+11
0.03021,0.31042,6.4287e+0,4.6705e+11,4.3611e+11
0.03229,0.31042,6.3481e+0,4.7210e+11,7.8954e+11
0.03438,0.31042,6.2523e+0,4.5448e+11,5.2531e+11
0.03646,0.31042,6.1592e+0,5.3891e+11,6.9840e+11
0.03854,0.31042,6.0600e+0,4.9327e+11,6.2769e+11
0.04063,0.31042,5.9568e+0,5.1947e+11,6.4573e+11
0.04271,0.31042,5.8501e+0,4.9938e+11,6.6495e+11
0.04479,0.31042,5.7376e+0,5.5704e+11,4.9917e+11
0.04688,0.31042,5.6352e+0,4.7526e+11,6.2076e+11
0.04896,0.31042,5.5242e+0,5.0204e+11,5.5687e+11
0.05104,0.31042,5.4093e+0,5.2490e+11,6.7188e+11
0.05312,0.31042,5.2853e+0,4.9438e+11,7.1056e+11
0.05521,0.31042,5.1485e+0,5.2760e+11,5.7346e+11
0.05729,0.31042,5.0129e+0,4.8007e+11,6.3803e+11
0.05937,0.31042,4.8708e+0,4.4501e+11,5.3614e+11
0.06146,0.31042,4.7289e+0,4.0695e+11,7.5643e+11
0.06354,0.31042,4.5682e+0,4.5635e+11,7.3590e+11
0.06563,0.31042,4.3939e+0,4.6388e+11,5.6923e+11
0.06771,0.31042,4.2189e+0,3.8932e+11,5.5749e+11
0.06979,0.31042,4.0369e+0,4.4195e+11,6.2965e+11
0.07187,0.31042,3.8445e+0,4.2157e+11,4.9613e+11
0.07396,0.31042,3.6485e+0,3.7203e+11,5.3105e+11
0.07604,0.31042,3.4422e+0,3.7748e+11,5.4583e+11
0.07813,0.31042,3.2257e+0,3.7934e+11,5.9917e+11
0.08021,0.31042,2.9958e+0,3.4758e+11,6.5366e+11
0.08229,0.31042,2.7478e+0,3.6545e+11,4.7857e+11
0.08438,0.31042,2.4967e+0,2.7465e+11,5.1791e+11
0.08646,0.31042,2.2319e+0,2.5092e+11,5.9476e+11
0.08854,0.31042,1.9457e+0,2.5636e+11,5.4693e+11
0.09062,0.31042,1.6432e+0,6.9926e+10,4.8148e+11
0.09271,0.31042,1.3163e+0,0.0000e+0,4.3086e+11
0.09479,0.31042,9.6459e-1,0.0000e+0,4.2093e+11
0.09688,0.31042,5.8951e-1,0.0000e+0,3.3345e+11
0.09896,0.31042,1.9769e-1,0.0000e+0,1.5504e+11
0.00104,0.31458,7.2530e+0,6.2778e+10,2.6136e+11
0.00313,0.31458,7.2449e+0,8.0306e+10,7.8519e+11
0.00521,0.31458,7.2022e+0,1.6608e+11,5.6618e+11
0.00729,0.31458,7.1522e+0,1.5607e+11,3.2169e+11
0.00937,0.31458,7.1050e+0,2.0371e+11,3.7749e+11
0.01146,0.31458,7.0572e+0,3.2190e+11,4.7764e+11
0.01354,0.31458,7.0074e+0,3.3911e+11,5.7464e+11
0.01563,0.31458,6.9486e+0,3.1231e+11,5.3713e+11
0.01771,0.31458,6.8813e+0,3.2968e+11,6.6707e+11
0.01979,0.31458,6.7974e+0,3.8174e+11,5.7074e+11
0.02187,0.31458,6.7082e+0,3.7170e+11,5.1017e+11
0.02396,0.31458,6.6173e+0,3.7066e+11,5.3967e+11
0.02604,0.31458,6.5231e+0,4.3233e+11,5.1174e+11
0.02813,0.31458,6.4309e+0,4.3311e+11,5.1508e+11
0.03021,0.31458,6.3395e+0,4.4086e+11,4.7554e+11
0.03229,0.31458,6.2529e+0,4.5814e+11,6.3799e+11
0.03438,0.31458,6.1596e+0,4.4885e+11,5.1521e+11
0.03646,0.31458,6.0686e+0,5.2287e+11,7.0533e+11
0.03854,0.31458,5.9704e+0,4.6517e+11,5.8337e+11
0.04063,0.31458,5.8697e+0,4.9434e+11,6.6233e+11
0.04271,0.31458,5.7632e+0,4.8189e+11,6.0958e+11
0.04479,0.31458,5.6530e+0,5.5263e+11,4.7733e+11
0.04688,0.31458,5.5549e+0,4.5304e+11,5.6060e+11
0.04896,0.31458,5.4549e+0,4.8874e+11,7.4590e+11
0.05104,0.31458,5.3434e+0,5.1608e+11,8.1451e+11
0.05312,0.31458,5.2183e+0,4.9054e+11,7.7959e+11
0.05521,0.31458,5.0807e+0,5.1398e+11,6.2058e+11
0.05729,0.31458,4.9424e+0,4.7431e+11,6.2324e+11
0.05937,0.31458,4.7991e+0,4.3302e+11,4.7028e+11
0.06146,0.31458,4.6584e+0,3.8932e+11,6.4425e+11
0.06354,0.31458,4.5041e+0,4.4137e+11,7.2684e+11
0.06563,0.31458,4.3345e+0,4.4245e+11,5.3993e+11
0.06771,0.31458,4.1639e+0,3.6962e+11,4.9491e+11
0.06979,0.31458,3.9894e+0,4.3323e+11,6.4954e+11
0.07187,0.31458,3.8045e+0,4.1555e+11,6.3818e+11
0.07396,0.31458,3.6091e+0,3.6247e+11,5.3610e+11
0.07604,0.31458,3.4058e+0,3.7332e+11,6.2071e+11
0.07813,0.31458,3.1903e+0,3.6257e+11,6.3869e+11
0.08021,0.31458,2.9616e+0,3.4871e+11,6.1439e+11
0.08229,0.31458,2.7207e+0,3.6287e+11,5.5278e+11
0.08438,0.31458,2.4738e+0,2.7373e+11,5.8302e+11
0.08646,0.31458,2.2105e+0,2.3682e+11,6.0280e+11
0.08854,0.31458,1.9251e+0,2.5029e+11,5.7254e+11
0.09062,0.31458,1.6204e+0,6.6559e+10,3.8884e+11
0.09271,0.31458,1.2955e+0,0.0000e+0,3.4245e+11
0.09479,0.31458,9.5000e-1,0.0000e+0,3.8571e+11
0.09688,0.31458,5.8248e-1,0.0000e+0,3.5568e+11
0.09896,0.31458,1.9624e-1,0.0000e+0,1.9176e+11
0.00104,0.31875,7.1713e+0,5.8067e+10,3.2968e+11
0.00313,0.31875,7.1638e+0,7.2863e+10,1.0369e+12
0.00521,0.31875,7.1078e+0,1.2707e+11,4.0848e+11
0.00729,0.31875,7.0537e+0,1.3954e+11,4.3575e+11
0.00937,0.31875,6.9932e+0,1.8144e+11,2.1704e+11
0.01146,0.31875,6.9405e+0,3.2420e+11,3.8241e+11
0.01354,0.31875,6.8890e+0,3.3056e+11,4.6475e+11
0.01563,0.31875,6.8325e+0,3.0120e+11,4.1393e+11
0.01771,0.31875,6.7743e+0,3.3297e+11,7.6842e+11
0.01979,0.31875,6.6929e+0,3.7783e+11,6.3866e+11
0.02187,0.31875,6.6034e+0,3.6500e+11,5.1759e+11
0.02396,0.31875,6.5118e+0,3.4750e+11,3.5996e+11
0.02604,0.31875,6.4260e+0,4.0691e+11,4.8799e+11
0.02813,0.31875,6.3395e+0,4.2137e+11,6.0166e+11
0.03021,0.31875,6.2449e+0,4.2006e+11,4.7439e+11
0.03229,0.31875,6.1511e+0,4.4376e+11,4.5524e+11
0.03438,0.31875,6.0595e+0,4.3322e+11,4.3319e+11
0.03646,0.31875,5.9709e+0,4.9436e+11,6.1652e+11
0.03854,0.31875,5.8754e+0,4.5485e+11,5.4387e+11
0.04063,0.31875,5.7744e+0,4.9101e+11,5.2348e+11
0.04271,0.31875,5.6721e+0,4.6795e+11,5.7761e+11
0.04479,0.31875,5.5633e+0,5.3941e+11,4.2834e+11
0.04688,0.31875,5.4660e+0,4.3444e+11,4.9248e+11
0.04896,0.31875,5.3686e+0,4.7549e+11,7.4930e+11
0.05104,0.31875,5.2572e+0,4.9760e+11,7.8997e+11
0.05312,0.31875,5.1313e+0,4.6834e+11,5.9250e+11
0.05521,0.31875,5.0033e+0,4.9858e+11,7.2031e+11
0.05729,0.31875,4.8655e+0,4.5699e+11,5.7280e+11
0.05937,0.31875,4.7247e+0,4.2004e+11,5.0587e+11
0.06146,0.31875,4.5828e+0,3.8495e+11,5.4737e+11
0.06354,0.31875,4.4325e+0,4.3031e+11,6.5712e+11
0.06563,0.31875,4.2700e+0,4.3290e+11,5.2706e+11
0.06771,0.31875,4.1064e+0,3.6253e+11,5.3510e+11
0.06979,0.31875,3.9368e+0,4.3416e+11,6.4721e+11
0.07187,0.31875,3.7588e+0,4.0948e+11,6.6922e+11
0.07396,0.31875,3.5692e+0,3.6442e+11,6.8166e+11
0.07604,0.31875,3.3637e+0,3.5537e+11,6.3360e+11
0.07813,0.31875,3.1444e+0,3.5255e+11,5.3392e+11
0.08021,0.31875,2.9173e+0,3.2632e+11,4.8355e+11
0.08229,0.31875,2.6827e+0,3.4526e+11,4.5711e+11
0.08438,0.31875,2.4446e+0,2.6658e+11,5.8543e+11
0.08646,0.31875,2.1891e+0,2.3040e+11,6.7500e+11
0.08854,0.31875,1.9081e+0,2.4489e+11,6.4173e+11
0.09062,0.31875,1.6058e+0,6.0857e+10,4.8263e+11
0.09271,0.31875,1.2799e+0,0.0000e+0,3.7559e+11
0.09479,0.31875,9.3360e-1,0.0000e+0,3.1644e+11
0.09688,0.31875,5.7098e-1,0.0000e+0,3.1311e+11
0.09896,0.31875,1.9233e-1,0.0000e+0,1.8196e+11
0.00104,0.32292,7.0640e+0,4.2371e+10,5.1258e+11
0.00313,0.32292,7.0584e+0,7.6392e+10,1.2502e+12
0.00521,0.32292,7.0054e+0,1.2099e+11,6.1666e+11
0.00729,0.32292,6.9538e+0,1.2504e+11,7.1534e+11
0.00937,0.32292,6.8890e+0,1.7744e+11,2.9961e+11
0.01146,0.32292,6.8381e+0,3.0395e+11,5.9818e+11
0.01354,0.32292,6.7823e+0,3.1183e+11,6.3936e+11
0.01563,0.32292,6.7180e+0,2.9572e+11,4.4176e+11
0.01771,0.32292,6.6561e+0,3.1201e+11,7.2422e+11
0.01979,0.32292,6.5748e+0,3.6101e+11,5.0715e+11
0.02187,0.32292,6.4935e+0,3.3370e+11,5.0971e+11
0.02396,0.32292,6.4103e+0,3.2233e+11,3.8418e+11
0.02604,0.32292,6.3335e+0,3.9270e+11,6.3770e+11
0.02813,0.32292,6.2506e+0,4.0266e+11,7.3306e+11
0.03021,0.32292,6.1563e+0,3.9710e+11,5.8156e+11
0.03229,0.32292,6.0610e+0,4.0477e+11,5.0636e+11
0.03438,0.32292,5.9691e+0,4.1469e+11,4.6765e+11
0.03646,0.32292,5.8837e+0,4.7433e+11,6.4332e+11
0.03854,0.32292,5.7950e+0,4.4704e+11,7.0100e+11
0.04063,0.32292,5.6957e+0,4.8506e+11,6.2908e+11
0.04271,0.32292,5.5924e+0,4.4478e+11,6.1907e+11
0.04479,0.32292,5.4823e+0,5.1186e+11,5.4433e+11
0.04688,0.32292,5.3760e+0,4.2243e+11,4.7590e+11
0.04896,0.32292,5.2703e+0,4.6379e+11,6.1537e+11
0.05104,0.32292,5.1565e+0,4.9148e+11,6.5950e+11
0.05312,0.32292,5.0339e+0,4.4841e+11,4.6413e+11
0.05521,0.32292,4.9151e+0,4.7204e+11,7.1106e+11
0.05729,0.32292,4.7845e+0,4.4253e+11,6.0863e+11
0.05937,0.32292,4.6479e+0,3.8970e+11,4.8676e+11
0.06146,0.32292,4.5097e+0,3.6954e+11,6.1612e+11
0.06354,0.32292,4.3585e+0,4.2718e+11,5.6628e+11
0.06563,0.32292,4.2017e+0,4.2677e+11,5.8615e+11
0.06771,0.32292,4.0385e+0,3.4836e+11,4.6998e+11
0.06979,0.32292,3.8718e+0,4.0992e+11,5.6647e+11
0.07187,0.32292,3.6993e+0,3.9521e+11,6.4972e+11
0.07396,0.32292,3.5154e+0,3.4462e+11,6.9837e+11
0.07604,0.32292,3.3126e+0,3.4145e+11,6.0349e+11
0.07813,0.32292,3.0969e+0,3.4815e+11,4.8983e+11
0.08021,0.32292,2.8769e+0,3.1249e+11,5.3585e+11
0.08229,0.32292,2.6478e+0,3.3068e+11,5.6768e+11
0.08438,0.32292,2.4094e+0,2.6553e+11,5.6855e+11
0.08646,0.32292,2.1559e+0,2.2463e+11,6.3136e+11
0.08854,0.32292,1.8792e+0,2.4631e+11,6.2457e+11
0.09062,0.32292,1.5821e+0,6.1216e+10,5.3485e+11
0.09271,0.32292,1.2577e+0,0.0000e+0,3.5649e+11
0.09479,0.32292,9.1435e-1,0.0000e+0,2.7402e+11
0.09688,0.32292,5.5713e-1,0.0000e+0,2.4551e+11
0.09896,0.32292,1.8741e-1,0.0000e+0,1.5380e+11
0.00104,0.32708,6.8542e+0,4.7585e+10,7.4021e+9
0.00313,0.32708,6.8520e+0,6.4581e+10,4.0565e+11
0.00521,0.32708,6.8254e+0,1.1544e+11,3.8650e+11
0.00729,0.32708,6.7876e+0,1.1868e+11,3.4554e+11
0.00937,0.32708,6.7418e+0,1.6748e+11,2.4579e+11
0.01146,0.32708,6.7021e+0,2.8961e+11,7.3849e+11
0.01354,0.32708,6.6440e+0,2.8634e+11,5.2394e+11
0.01563,0.32708,6.5813e+0,2.8321e+11,4.1373e+11
0.01771,0.32708,6.5199e+0,3.0232e+11,6.3586e+11
0.01979,0.32708,6.4450e+0,3.6222e+11,5.7953e+11
0.02187,0.32708,6.3674e+0,3.2593e+11,4.6672e+11
0.02396,0.32708,6.2915e+0,3.0947e+11,5.0838e+11
0.02604,0.32708,6.2139e+0,3.7300e+11,6.1739e+11
0.02813,0.32708,6.1302e+0,3.9322e+11,6.2657e+11
0.03021,0.32708,6.0398e+0,3.9165e+11,5.3059e+11
0.03229,0.32708,5.9492e+0,3.8922e+11,5.2900e+11
0.03438,0.32708,5.8575e+0,3.9670e+11,3.6012e+11
0.03646,0.32708,5.7765e+0,4.6833e+11,5.4159e+11
0.03854,0.32708,5.6975e+0,4.3658e+11,6.7634e+11
0.04063,0.32708,5.6084e+0,4.6765e+11,7.5718e+11
0.04271,0.32708,5.5063e+0,4.2714e+11,6.4784e+11
0.04479,0.32708,5.3958e+0,5.1046e+11,6.0050e+11
0.04688,0.32708,5.2857e+0,4.0870e+11,4.6861e+11
0.04896,0.32708,5.1750e+0,4.3758e+11,5.5072e+11
0.05104,0.32708,5.0579e+0,4.5826e+11,5.6073e+11
0.05312,0.32708,4.9355e+0,4.2964e+11,4.1306e+11
0.05521,0.32708,4.8176e+0,4.5503e+11,5.7354e+11
0.05729,0.32708,4.6949e+0,4.3338e+11,5.9615e+11
0.05937,0.32708,4.5658e+0,3.8556e+11,5.5298e+11
0.06146,0.32708,4.4314e+0,3.5206e+11,6.1267e+11
0.06354,0.32708,4.2832e+0,4.1036e+11,5.5028e+11
0.06563,0.32708,4.1291e+0,4.0009e+11,5.7619e+11
0.06771,0.32708,3.9670e+0,3.4089e+11,4.5077e+11
0.06979,0.32708,3.8012e+0,3.8735e+11,5.7526e+11
0.07187,0.32708,3.6263e+0,3.8277e+11,5.0748e+11
0.07396,0.32708,3.4472e+0,3.2449e+11,5.8788e+11
0.07604,0.32708,3.2543e+0,3.2475e+11,6.4779e+11
0.07813,0.32708,3.0447e+0,3.2955e+11,5.4939e+11
0.08021,0.32708,2.8264e+0,2.9666e+11,5.1284e+11
0.08229,0.32708,2.5995e+0,3.1126e+11,5.3188e+11
0.08438,0.32708,2.3633e+0,2.6803e+11,5.4922e+11
0.08646,0.32708,2.1129e+0,2.1720e+11,5.8611e+11
0.08854,0.32708,1.8403e+0,2.2500e+11,5.6268e+11
0.09062,0.32708,1.5474e+0,6.1197e+10,4.4117e+11
0.09271,0.32708,1.2297e+0,0.0000e+0,2.8482e+11
0.09479,0.32708,8.9513e-1,0.0000e+0,2.5883e+11
0.09688,0.32708,5.4739e-1,0.0000e+0,2.8269e+11
0.09896,0.32708,1.8596e-1,0.0000e+0,2.4248e+11
0.00104,0.33125,6.6747e+0,3.4001e+10,8.4308e+9
0.00313,0.33125,6.6744e+0,5.0560e+10,3.1749e+11
0.00521,0.33125,6.6565e+0,1.1457e+11,3.0756e+11
0.00729,0.33125,6.6297e+0,1.2389e+11,5.1372e+11
0.00937,0.33125,6.5839e+0,1.5904e+11,3.5724e+11
0.01146,0.33125,6.5345e+0,2.7468e+11,3.8081e+11
0.01354,0.33125,6.4861e+0,2.9053e+11,5.0616e+11
0.01563,0.33125,6.4318e+0,2.7633e+11,6.1494e+11
0.01771,0.33125,6.3647e+0,2.8969e+11,5.5730e+11
0.01979,0.33125,6.2896e+0,3.5303e+11,4.3345e+11
0.02187,0.33125,6.2197e+0,3.0987e+11,5.3847e+11
0.02396,0.33125,6.1439e+0,3.0129e+11,4.3910e+11
0.02604,0.33125,6.0679e+0,3.5483e+11,5.1040e+11
0.02813,0.33125,5.9886e+0,3.6705e+11,5.1607e+11
0.03021,0.33125,5.9056e+0,3.7450e+11,4.9000e+11
0.03229,0.33125,5.8217e+0,3.7429e+11,5.0852e+11
0.03438,0.33125,5.7352e+0,3.7447e+11,3.6680e+11
0.03646,0.33125,5.6564e+0,4.4722e+11,4.4104e+11
0.03854,0.33125,5.5837e+0,4.0786e+11,6.0392e+11
0.04063,0.33125,5.5016e+0,4.5061e+11,7.3505e+11
0.04271,0.33125,5.4052e+0,4.1975e+11,6.3928e+11
0.04479,0.33125,5.3001e+0,4.9575e+11,5.5766e+11
0.04688,0.33125,5.1987e+0,4.0139e+11,6.1179e+11
0.04896,0.33125,5.0893e+0,4.0972e+11,6.5955e+11
0.05104,0.33125,4.9679e+0,4.4554e+11,5.6043e+11
0.05312,0.33125,4.8434e+0,4.1829e+11,4.4953e+11
0.05521,0.33125,4.7199e+0,4.3564e+11,4.3441e+11
0.05729,0.33125,4.5980e+0,4.1286e+11,5.0595e+11
0.05937,0.33125,4.4710e+0,3.6659e+11,3.9890e+11
0.06146,0.33125,4.3453e+0,3.4078e+11,5.9371e+11
0.06354,0.33125,4.2069e+0,4.0102e+11,6.9575e+11
0.06563,0.33125,4.0541e+0,3.9463e+11,5.7204e+11
0.06771,0.33125,3.8953e+0,3.3292e+11,5.2340e+11
0.06979,0.33125,3.7283e+0,3.7951e+11,5.5863e+11
0.07187,0.33125,3.5518e+0,3.6879e+11,4.5160e+11
0.07396,0.33125,3.3724e+0,3.0751e+11,4.8061e+11
0.07604,0.33125,3.1836e+0,3.0963e+11,5.5011e+11
0.07813,0.33125,2.9806e+0,3.0886e+11,5.1257e+11
0.08021,0.33125,2.7661e+0,2.8478e+11,4.6669e+11
0.08229,0.33125,2.5421e+0,2.9022e+11,4.4943e+11
0.08438,0.33125,2.3103e+0,2.5882e+11,4.6842e+11
0.08646,0.33125,2.0674e+0,2.0716e+11,5.4695e+11
0.08854,0.33125,1.8035e+0,2.1580e+11,5.1749e+11
0.09062,0.33125,1.5208e+0,6.3068e+10,5.0792e+11
0.09271,0.33125,1.2085e+0,0.0000e+0,3.1241e+11
0.09479,0.33125,8.7743e-1,0.0000e+0,2.3693e+11
0.09688,0.33125,5.3406e-1,0.0000e+0,2.0928e+11
0.09896,0.33125,1.8116e-1,0.0000e+0,2.2141e+11
0.00104,0.33542,6.5056e+0,3.8304e+10,0.0000e+0
0.00313,0.33542,6.5075e+0,4.2186e+10,2.1143e+11
0.00521,0.33542,6.4986e+0,1.0877e+11,5.2997e+11
0.00729,0.33542,6.4665e+0,1.1662e+11,4.5923e+11
0.00937,0.33542,6.4205e+0,1.5541e+11,4.3331e+11
0.01146,0.33542,6.3649e+0,2.5046e+11,2.7615e+11
0.01354,0.33542,6.3158e+0,2.8433e+11,4.8947e+11
0.01563,0.33542,6.2596e+0,2.5631e+11,5.4486e+11
0.01771,0.33542,6.1909e+0,2.8038e+11,4.2830e+11
0.01979,0.33542,6.1188e+0,3.4166e+11,3.5481e+11
0.02187,0.33542,6.0516e+0,3.0628e+11,4.4170e+11
0.02396,0.33542,5.9799e+0,2.9024e+11,3.6071e+11
0.02604,0.33542,5.9110e+0,3.1861e+11,4.7879e+11
0.02813,0.33542,5.8390e+0,3.2554e+11,5.1495e+11
0.03021,0.33542,5.7621e+0,3.5073e+11,4.7468e+11
0.03229,0.33542,5.6845e+0,3.5956e+11,5.0505e+11
0.03438,0.33542,5.6044e+0,3.5373e+11,3.7409e+11
0.03646,0.33542,5.5312e+0,4.1978e+11,4.5683e+11
0.03854,0.33542,5.4628e+0,3.9292e+11,6.9011e+11
0.04063,0.33542,5.3807e+0,4.3724e+11,6.7051e+11
0.04271,0.33542,5.2900e+0,4.1523e+11,6.7845e+11
0.04479,0.33542,5.1889e+0,4.6574e+11,4.6624e+11
0.04688,0.33542,5.0967e+0,3.7877e+11,6.5434e+11
0.04896,0.33542,4.9925e+0,3.8823e+11,6.8832e+11
0.05104,0.33542,4.8741e+0,4.0744e+11,5.1115e+11
0.05312,0.33542,4.7569e+0,3.9101e+11,5.8219e+11
0.05521,0.33542,4.6348e+0,4.0952e+11,5.6059e+11
0.05729,0.33542,4.5102e+0,3.8015e+11,5.8578e+11
0.05937,0.33542,4.3786e+0,3.4756e+11,4.1326e+11
0.06146,0.33542,4.2487e+0,3.2906e+11,4.6339e+11
0.06354,0.33542,4.1145e+0,3.7311e+11,6.4018e+11
0.06563,0.33542,3.9669e+0,3.7327e+11,5.0330e+11
0.06771,0.33542,3.8172e+0,3.1917e+11,5.6735e+11
0.06979,0.33542,3.6572e+0,3.6349e+11,6.7176e+11
0.07187,0.33542,3.4834e+0,3.4041e+11,5.5964e+11
0.07396,0.33542,3.3012e+0,2.9544e+11,4.1250e+11
0.07604,0.33542,3.1158e+0,3.0574e+11,4.8684e+11
0.07813,0.33542,2.9214e+0,2.9932e+11,6.0910e+11
0.08021,0.33542,2.7089e+0,2.7296e+11,4.5250e+11
0.08229,0.33542,2.4885e+0,2.7072e+11,4.5041e+11
0.08438,0.33542,2.2597e+0,2.4605e+11,3.9193e+11
0.08646,0.33542,2.0236e+0,1.9653e+11,4.4703e+11
0.08854,0.33542,1.7731e+0,2.1897e+11,6.0466e+11
0.09062,0.33542,1.5000e+0,6.2590e+10,6.0668e+11
0.09271,0.33542,1.1935e+0,0.0000e+0,4.1392e+11
0.09479,0.33542,8.6401e-1,0.0000e+0,2.5251e+11
0.09688,0.33542,5.2310e-1,0.0000e+0,1.9241e+11
0.09896,0.33542,1.7453e-1,0.0000e+0,9.3855e+10
0.00104,0.33958,6.3337e+0,4.9357e+10,0.0000e+0
0.00313,0.33958,6.3399e+0,4.3964e+10,3.3182e+11
0.00521,0.33958,6.3343e+0,9.5230e+10,7.8272e+11
0.00729,0.33958,6.2955e+0,8.7931e+10,3.5577e+11
0.00937,0.33958,6.2539e+0,1.4750e+11,5.4390e+11
0.01146,0.33958,6.1993e+0,2.4654e+11,5.0531e+11
0.01354,0.33958,6.1414e+0,2.6565e+11,4.6707e+11
0.01563,0.33958,6.0804e+0,2.4810e+11,4.0277e+11
0.01771,0.33958,6.0174e+0,2.8030e+11,4.3214e+11
0.01979,0.33958,5.9538e+0,3.2234e+11,5.5698e+11
0.02187,0.33958,5.8848e+0,2.9212e+11,5.5121e+11
0.02396,0.33958,5.8075e+0,2.8573e+11,2.7806e+11
0.02604,0.33958,5.7385e+0,3.0421e+11,3.6092e+11
0.02813,0.33958,5.6715e+0,3.1134e+11,4.1102e+11
0.03021,0.33958,5.6037e+0,3.2888e+11,4.8058e+11
0.03229,0.33958,5.5322e+0,3.2617e+11,4.7489e+11
0.03438,0.33958,5.4579e+0,3.4077e+11,3.6433e+11
0.03646,0.33958,5.3911e+0,3.9515e+11,5.7495e+11
0.03854,0.33958,5.3201e+0,3.8184e+11,6.3517e+11
0.04063,0.33958,5.2382e+0,4.1636e+11,5.7086e+11
0.04271,0.33958,5.1526e+0,3.9157e+11,6.0189e+11
0.04479,0.33958,5.0595e+0,4.5309e+11,4.7927e+11
0.04688,0.33958,4.9739e+0,3.4923e+11,6.1310e+11
0.04896,0.33958,4.8770e+0,3.7321e+11,7.3030e+11
0.05104,0.33958,4.7624e+0,3.9298e+11,5.1549e+11
0.05312,0.33958,4.6490e+0,3.8456e+11,5.9420e+11
0.05521,0.33958,4.5303e+0,3.9300e+11,6.0573e+11
0.05729,0.33958,4.4050e+0,3.6797e+11,5.0452e+11
0.05937,0.33958,4.2767e+0,3.3160e+11,4.5508e+11
0.06146,0.33958,4.1453e+0,3.1612e+11,4.3416e+11
0.06354,0.33958,4.0102e+0,3.5611e+11,5.4574e+11
0.06563,0.33958,3.8665e+0,3.5619e+11,4.6558e+11
0.06771,0.33958,3.7210e+0,2.9534e+11,5.2047e+11
0.06979,0.33958,3.5649e+0,3.4388e+11,5.4242e+11
0.07187,0.33958,3.4000e+0,3.3228e+11,5.2300e+11
0.07396,0.33958,3.2271e+0,2.8885e+11,4.6805e+11
0.07604,0.33958,3.0479e+0,3.0127e+11,5.3927e+11
0.07813,0.33958,2.8586e+0,2.9528e+11,6.7160e+11
0.08021,0.33958,2.6493e+0,2.5851e+11,4.2742e+11
0.08229,0.33958,2.4354e+0,2.6254e+11,4.6369e+11
0.08438,0.33958,2.2150e+0,2.1960e+11,5.1577e+11
0.08646,0.33958,1.9824e+0,1.7910e+11,4.9206e+11
0.08854,0.33958,1.7363e+0,2.1031e+11,6.3141e+11
0.09062,0.33958,1.4684e+0,5.9574e+10,6.0727e+11
0.09271,0.33958,1.1688e+0,0.0000e+0,4.0987e+11
0.09479,0.33958,8.4650e-1,0.0000e+0,2.6104e+11
0.09688,0.33958,5.1203e-1,0.0000e+0,1.9625e+11
0.09896,0.33958,1.6970e-1,0.0000e+0,4.5915e+10
0.00104,0.34375,6.1275e+0,2.0280e+10,1.9826e+10
0.00313,0.34375,6.1282e+0,4.0924e+10,1.7252e+11
0.00521,0.34375,6.1222e+0,7.9194e+10,4.6248e+11
0.00729,0.34375,6.0973e+0,8.1277e+10,4.8753e+11
0.00937,0.34375,6.0574e+0,1.3815e+11,5.0867e+11
0.01146,0.34375,6.0064e+0,2.3544e+11,4.8901e+11
0.01354,0.34375,5.9532e+0,2.5044e+11,5.3258e+11
0.01563,0.34375,5.8936e+0,2.3080e+11,4.9751e+11
0.01771,0.34375,5.8280e+0,2.6558e+11,4.1747e+11
0.01979,0.34375,5.7645e+0,3.0823e+11,5.1696e+11
0.02187,0.34375,5.6981e+0,2.7960e+11,4.5479e+11
0.02396,0.34375,5.6294e+0,2.6955e+11,3.9093e+11
0.02604,0.34375,5.5625e+0,2.7040e+11,3.8985e+11
0.02813,0.34375,5.4954e+0,2.9781e+11,3.3937e+11
0.03021,0.34375,5.4317e+0,3.1235e+11,4.6480e+11
0.03229,0.34375,5.3634e+0,2.9973e+11,4.5467e+11
0.03438,0.34375,5.2908e+0,3.2614e+11,3.1448e+11
0.03646,0.34375,5.2270e+0,3.6979e+11,5.4869e+11
0.03854,0.34375,5.1581e+0,3.5605e+11,5.9630e+11
0.04063,0.34375,5.0792e+0,3.9218e+11,5.2862e+11
0.04271,0.34375,4.9966e+0,3.6080e+11,5.3241e+11
0.04479,0.34375,4.9083e+0,4.2869e+11,4.1576e+11
0.04688,0.34375,4.8300e+0,3.2507e+11,6.4022e+11
0.04896,0.34375,4.7379e+0,3.5525e+11,7.3370e+11
0.05104,0.34375,4.6261e+0,3.7181e+11,4.9242e+11
0.05312,0.34375,4.5144e+0,3.5979e+11,4.5603e+11
0.05521,0.34375,4.4035e+0,3.7432e+11,5.4362e+11
0.05729,0.34375,4.2875e+0,3.4742e+11,5.2126e+11
0.05937,0.34375,4.1670e+0,3.0904e+11,5.5519e+11
0.06146,0.34375,4.0374e+0,2.9317e+11,5.3036e+11
0.06354,0.34375,3.8989e+0,3.3836e+11,4.8570e+11
0.06563,0.34375,3.7575e+0,3.3972e+11,4.6864e+11
0.06771,0.34375,3.6146e+0,2.8046e+11,4.6772e+11
0.06979,0.34375,3.4652e+0,3.1704e+11,5.2220e+11
0.07187,0.34375,3.3077e+0,3.1935e+11,5.2769e+11
0.07396,0.34375,3.1419e+0,2.8220e+11,5.1522e+11
0.07604,0.34375,2.9660e+0,2.8720e+11,5.3451e+11
0.07813,0.34375,2.7786e+0,2.7342e+11,5.3344e+11
0.08021,0.34375,2.5777e+0,2.4640e+11,4.6990e+11
0.08229,0.34375,2.3663e+0,2.6330e+11,4.2122e+11
0.08438,0.34375,2.1487e+0,2.0862e+11,4.1435e+11
0.08646,0.34375,1.9202e+0,1.7338e+11,3.9656e+11
0.08854,0.34375,1.6787e+0,2.0088e+11,5.1516e+11
0.09062,0.34375,1.4178e+0,5.6565e+10,4.2552e+11
0.09271,0.34375,1.1340e+0,0.0000e+0,4.3380e+11
0.09479,0.34375,8.2457e-1,0.0000e+0,3.1202e+11
0.09688,0.34375,4.9982e-1,0.0000e+0,2.0525e+11
0.09896,0.34375,1.6746e-1,0.0000e+0,1.3158e+11
0.00104,0.34792,5.9162e+0,1.9590e+10,2.8462e+11
0.00313,0.34792,5.9088e+0,4.3605e+10,3.6512e+11
0.00521,0.34792,5.8902e+0,7.9442e+10,2.7398e+11
0.00729,0.34792,5.8689e+0,7.1705e+10,5.2105e+11
0.00937,0.34792,5.8289e+0,1.3245e+11,4.4975e+11
0.01146,0.34792,5.7812e+0,2.4365e+11,4.0571e+11
0.01354,0.34792,5.7361e+0,2.3415e+11,5.7606e+11
0.01563,0.34792,5.6805e+0,2.1499e+11,5.8296e+11
0.01771,0.34792,5.6128e+0,2.4613e+11,3.6787e+11
0.01979,0.34792,5.5489e+0,2.8872e+11,3.4604e+11
0.02187,0.34792,5.4911e+0,2.5375e+11,4.4424e+11
0.02396,0.34792,5.4298e+0,2.2703e+11,3.4570e+11
0.02604,0.34792,5.3713e+0,2.4817e+11,4.3543e+11
0.02813,0.34792,5.3117e+0,2.7258e+11,5.0875e+11
0.03021,0.34792,5.2481e+0,3.0115e+11,4.9901e+11
0.03229,0.34792,5.1819e+0,2.9180e+11,5.4174e+11
0.03438,0.34792,5.1086e+0,3.0719e+11,3.6159e+11
0.03646,0.34792,5.0420e+0,3.4177e+11,4.3134e+11
0.03854,0.34792,4.9770e+0,3.3069e+11,4.9457e+11
0.04063,0.34792,4.9084e+0,3.5713e+11,6.7207e+11
0.04271,0.34792,4.8261e+0,3.3032e+11,5.5947e+11
0.04479,0.34792,4.7369e+0,4.0315e+11,3.9861e+11
0.04688,0.34792,4.6576e+0,3.1396e+11,4.6090e+11
0.04896,0.34792,4.5757e+0,3.3055e+11,7.9209e+11
0.05104,0.34792,4.4696e+0,3.5459e+11,4.9526e+11
0.05312,0.34792,4.3642e+0,3.3175e+11,4.3460e+11
0.05521,0.34792,4.2612e+0,3.4400e+11,5.7191e+11
0.05729,0.34792,4.1505e+0,3.2245e+11,5.1978e+11
0.05937,0.34792,4.0341e+0,2.8728e+11,5.3132e+11
0.06146,0.34792,3.9081e+0,2.7319e+11,5.1719e+11
0.06354,0.34792,3.7718e+0,3.2786e+11,4.6856e+11
0.06563,0.34792,3.6324e+0,3.1718e+11,4.0435e+11
0.06771,0.34792,3.4932e+0,2.5685e+11,3.7675e+11
0.06979,0.34792,3.3514e+0,2.9640e+11,4.9167e+11
0.07187,0.34792,3.2022e+0,3.0225e+11,5.2785e+11
0.07396,0.34792,3.0432e+0,2.7019e+11,5.2951e+11
0.07604,0.34792,2.8721e+0,2.7589e+11,4.9843e+11
0.07813,0.34792,2.6915e+0,2.6114e+11,5.0853e+11
0.08021,0.34792,2.4992e+0,2.3323e+11,4.9135e+11
0.08229,0.34792,2.2946e+0,2.4561e+11,4.2557e+11
0.08438,0.34792,2.0832e+0,1.9921e+11,4.0866e+11
0.08646,0.34792,1.8626e+0,1.6437e+11,5.0449e+11
0.08854,0.34792,1.6234e+0,1.8806e+11,4.8575e+11
0.09062,0.34792,1.3675e+0,5.6025e+10,3.7855e+11
0.09271,0.34792,1.0926e+0,0.0000e+0,3.9628e+11
0.09479,0.34792,7.9363e-1,0.0000e+0,2.4962e+11
0.09688,0.34792,4.8189e-1,0.0000e+0,1.9591e+11
0.09896,0.34792,1.6216e-1,0.0000e+0,1.5057e+11
0.00104,0.35208,5.6807e+0,2.0818e+10,5.0675e+11
0.00313,0.35208,5.6682e+0,5.0347e+10,5.7515e+11
0.00521,0.35208,5.6390e+0,8.9040e+10,3.6700e+11
0.00729,0.35208,5.6099e+0,7.2268e+10,4.4552e+11
0.00937,0.35208,5.5703e+0,1.2999e+11,3.7781e+11
0.01146,0.35208,5.5282e+0,2.3760e+11,4.5627e+11
0.01354,0.35208,5.4843e+0,2.2949e+11,5.1467e+11
0.01563,0.35208,5.4334e+0,2.0265e+11,4.8530e+11
0.01771,0.35208,5.3756e+0,2.2189e+11,4.4088e+11
0.01979,0.35208,5.3160e+0,2.6530e+11,3.9960e+11
0.02187,0.35208,5.2608e+0,2.2355e+11,4.3049e+11
0.02396,0.35208,5.2027e+0,2.0203e+11,3.6257e+11
0.02604,0.35208,5.1447e+0,2.3245e+11,3.6932e+11
0.02813,0.35208,5.0883e+0,2.6018e+11,4.3278e+11
0.03021,0.35208,5.0309e+0,2.9321e+11,5.3159e+11
0.03229,0.35208,4.9677e+0,2.6561e+11,4.8925e+11
0.03438,0.35208,4.9000e+0,2.8499e+11,3.9073e+11
0.03646,0.35208,4.8369e+0,3.0548e+11,4.5509e+11
0.03854,0.35208,4.7739e+0,2.9372e+11,4.7106e+11
0.04063,0.35208,4.7083e+0,3.2951e+11,6.4625e+11
0.04271,0.35208,4.6285e+0,2.9687e+11,4.8710e+11
0.04479,0.35208,4.5430e+0,3.5853e+11,3.8480e+11
0.04688,0.35208,4.4637e+0,2.8115e+11,4.1827e+11
0.04896,0.35208,4.3809e+0,3.0522e+11,5.7806e+11
0.05104,0.35208,4.2838e+0,3.1224e+11,3.8692e+11
0.05312,0.35208,4.1884e+0,2.8910e+11,3.8777e+11
0.05521,0.35208,4.0940e+0,3.1129e+11,5.3736e+11
0.05729,0.35208,3.9911e+0,2.9092e+11,5.1063e+11
0.05937,0.35208,3.8802e+0,2.5817e+11,4.7634e+11
0.06146,0.35208,3.7609e+0,2.5382e+11,5.0465e+11
0.06354,0.35208,3.6308e+0,2.9072e+11,4.4680e+11
0.06563,0.35208,3.4966e+0,2.8608e+11,3.8823e+11
0.06771,0.35208,3.3617e+0,2.4354e+11,3.7110e+11
0.06979,0.35208,3.2237e+0,2.7458e+11,3.9449e+11
0.07187,0.35208,3.0826e+0,2.7428e+11,5.1446e+11
0.07396,0.35208,2.9302e+0,2.5452e+11,5.0998e+11
0.07604,0.35208,2.7655e+0,2.5664e+11,4.5478e+11
0.07813,0.35208,2.5935e+0,2.3870e+11,5.0659e+11
0.08021,0.35208,2.4094e+0,2.1970e+11,4.8182e+11
0.08229,0.35208,2.2142e+0,2.3242e+11,4.6749e+11
0.08438,0.35208,2.0103e+0,1.8916e+11,4.6439e+11
0.08646,0.35208,1.7943e+0,1.6189e+11,4.4961e+11
0.08854,0.35208,1.5650e+0,1.7854e+11,5.6162e+11
0.09062,0.35208,1.3160e+0,5.1956e+10,3.9741e+11
0.09271,0.35208,1.0489e+0,0.0000e+0,3.5444e+11
0.09479,0.35208,7.6219e-1,0.0000e+0,2.8886e+11
0.09688,0.35208,4.6154e-1,0.0000e+0,1.7589e+11
0.09896,0.35208,1.5499e-1,0.0000e+0,1.3008e+11
0.00104,0.35625,5.3926e+0,2.2720e+10,4.5288e+11
0.00313,0.35625,5.3850e+0,4.2808e+10,8.5568e+11
0.00521,0.35625,5.3471e+0,7.1771e+10,3.3570e+11
0.00729,0.35625,5.3146e+0,6.4532e+10,3.1385e+11
0.00937,0.35625,5.2801e+0,1.0616e+11,3.0011e+11
0.01146,0.35625,5.2451e+0,1.9969e+11,5.3016e+11
0.01354,0.35625,5.1999e+0,2.1017e+11,3.8173e+11
0.01563,0.35625,5.1545e+0,1.7926e+11,3.9869e+11
0.01771,0.35625,5.1039e+0,1.9964e+11,4.5578e+11
0.01979,0.35625,5.0475e+0,2.2950e+11,3.0923e+11
0.02187,0.35625,4.9987e+0,2.0365e+11,4.4794e+11
0.02396,0.35625,4.9449e+0,1.9163e+11,4.1751e+11
0.02604,0.35625,4.8869e+0,2.1258e+11,3.2957e+11
0.02813,0.35625,4.8317e+0,2.3968e+11,3.5676e+11
0.03021,0.35625,4.7786e+0,2.6068e+11,5.1346e+11
0.03229,0.35625,4.7177e+0,2.4387e+11,3.9409e+11
0.03438,0.35625,4.6559e+0,2.5966e+11,3.2602e+11
0.03646,0.35625,4.5989e+0,2.7395e+11,4.3214e+11
0.03854,0.35625,4.5393e+0,2.6822e+11,3.6952e+11
0.04063,0.35625,4.4803e+0,3.0385e+11,5.6763e+11
0.04271,0.35625,4.4100e+0,2.6358e+11,4.9724e+11
0.04479,0.35625,4.3315e+0,3.2913e+11,4.3839e+11
0.04688,0.35625,4.2547e+0,2.4641e+11,4.1901e+11
0.04896,0.35625,4.1732e+0,2.7784e+11,4.7893e+11
0.05104,0.35625,4.0836e+0,2.7294e+11,3.8864e+11
0.05312,0.35625,3.9925e+0,2.6024e+11,3.2709e+11
0.05521,0.35625,3.9046e+0,2.8695e+11,5.0147e+11
0.05729,0.35625,3.8100e+0,2.6599e+11,5.0592e+11
0.05937,0.35625,3.7078e+0,2.3535e+11,5.2614e+11
0.06146,0.35625,3.5946e+0,2.3000e+11,4.6558e+11
0.06354,0.35625,3.4747e+0,2.5619e+11,5.0141e+11
0.06563,0.35625,3.3484e+0,2.5629e+11,4.5088e+11
0.06771,0.35625,3.2199e+0,2.1491e+11,4.3720e+11
0.06979,0.35625,3.0868e+0,2.3664e+11,4.3895e+11
0.07187,0.35625,2.9503e+0,2.4421e+11,5.3238e+11
0.07396,0.35625,2.8037e+0,2.2852e+11,5.4871e+11
0.07604,0.35625,2.6441e+0,2.2024e+11,4.3422e+11
0.07813,0.35625,2.4787e+0,2.1482e+11,5.1028e+11
0.08021,0.35625,2.3016e+0,1.9928e+11,4.5572e+11
0.08229,0.35625,2.1151e+0,2.1561e+11,4.6648e+11
0.08438,0.35625,1.9203e+0,1.7831e+11,5.1438e+11
0.08646,0.35625,1.7100e+0,1.5046e+11,4.1798e+11
0.08854,0.35625,1.4880e+0,1.6722e+11,4.6114e+11
0.09062,0.35625,1.2517e+0,4.6917e+10,3.9119e+11
0.09271,0.35625,9.9755e-1,0.0000e+0,3.9389e+11
0.09479,0.35625,7.2150e-1,0.0000e+0,2.1679e+11
0.09688,0.35625,4.3564e-1,0.0000e+0,1.2295e+11
0.09896,0.35625,1.4661e-1,0.0000e+0,1.3505e+11
0.00104,0.36042,5.0300e+0,2.6291e+10,1.3086e+11
0.00313,0.36042,5.0281e+0,3.1531e+10,4.3385e+11
0.00521,0.36042,5.0072e+0,6.5934e+10,2.3742e+11
0.00729,0.36042,4.9877e+0,7.1234e+10,3.4701e+11
0.00937,0.36042,4.9612e+0,1.0492e+11,3.7401e+11
0.01146,0.36042,4.9287e+0,1.7755e+11,4.5054e+11
0.01354,0.36042,4.8899e+0,2.0212e+11,3.6039e+11
0.01563,0.36042,4.8532e+0,1.7802e+11,5.7443e+11
0.01771,0.36042,4.8004e+0,1.7919e+11,3.7679e+11
0.01979,0.36042,4.7456e+0,1.9559e+11,2.3678e+11
0.02187,0.36042,4.6996e+0,1.8608e+11,3.4923e+11
0.02396,0.36042,4.6523e+0,1.6985e+11,4.0181e+11
0.02604,0.36042,4.5992e+0,1.9383e+11,3.5907e+11
0.02813,0.36042,4.5455e+0,2.1288e+11,3.1806e+11
0.03021,0.36042,4.4942e+0,2.1461e+11,3.6549e+11
0.03229,0.36042,4.4399e+0,2.0615e+11,3.0996e+11
0.03438,0.36042,4.3865e+0,2.2351e+11,3.1986e+11
0.03646,0.36042,4.3348e+0,2.3550e+11,3.5206e+11
0.03854,0.36042,4.2832e+0,2.4025e+11,4.0755e+11
0.04063,0.36042,4.2282e+0,2.6818e+11,5.0112e+11
0.04271,0.36042,4.1649e+0,2.4239e+11,4.7938e+11
0.04479,0.36042,4.0937e+0,2.8772e+11,4.0346e+11
0.04688,0.36042,4.0245e+0,2.1385e+11,4.3938e+11
0.04896,0.36042,3.9493e+0,2.3686e+11,4.7320e+11
0.05104,0.36042,3.8672e+0,2.3778e+11,4.9587e+11
0.05312,0.36042,3.7776e+0,2.3830e+11,3.8491e+11
0.05521,0.36042,3.6879e+0,2.6609e+11,3.9865e+11
0.05729,0.36042,3.5979e+0,2.3093e+11,4.1006e+11
0.05937,0.36042,3.5037e+0,2.0677e+11,4.9987e+11
0.06146,0.36042,3.3968e+0,2.1558e+11,4.3305e+11
0.06354,0.36042,3.2832e+0,2.3221e+11,4.3420e+11
0.06563,0.36042,3.1640e+0,2.4014e+11,3.8988e+11
0.06771,0.36042,3.0430e+0,1.9247e+11,3.9478e+11
0.06979,0.36042,2.9157e+0,2.1892e+11,3.8370e+11
0.07187,0.36042,2.7843e+0,2.0524e+11,4.0398e+11
0.07396,0.36042,2.6461e+0,1.9402e+11,4.5191e+11
0.07604,0.36042,2.4962e+0,1.8856e+11,4.3129e+11
0.07813,0.36042,2.3366e+0,1.8705e+11,3.9256e+11
0.08021,0.36042,2.1691e+0,1.7527e+11,4.2324e+11
0.08229,0.36042,1.9905e+0,1.8776e+11,3.6269e+11
0.08438,0.36042,1.8059e+0,1.6005e+11,4.0832e+11
0.08646,0.36042,1.6097e+0,1.3684e+11,4.4583e+11
0.08854,0.36042,1.3975e+0,1.5648e+11,4.0992e+11
0.09062,0.36042,1.1730e+0,4.3706e+10,3.2235e+11
0.09271,0.36042,9.3392e-1,0.0000e+0,3.2089e+11
0.09479,0.36042,6.7660e-1,0.0000e+0,2.1904e+11
0.09688,0.36042,4.0855e-1,0.0000e+0,1.1857e+11
0.09896,0.36042,1.3711e-1,0.0000e+0,1.0814e+11
0.00104,0.36458,4.6500e+0,3.5373e+10,8.0639e+9
0.00313,0.36458,4.6511e+0,3.3698e+10,2.4583e+11
0.00521,0.36458,4.6398e+0,5.8837e+10,1.4870e+11
0.00729,0.36458,4.6287e+0,6.9845e+10,2.9399e+11
0.00937,0.36458,4.6083e+0,1.0957e+11,3.9589e+11
0.01146,0.36458,4.5771e+0,1.6795e+11,3.1682e+11
0.01354,0.36458,4.5455e+0,1.7054e+11,2.9281e+11
0.01563,0.36458,4.5151e+0,1.5394e+11,5.3076e+11
0.01771,0.36458,4.4687e+0,1.5836e+11,4.1962e+11
0.01979,0.36458,4.4163e+0,1.6672e+11,2.2024e+11
0.02187,0.36458,4.3721e+0,1.5746e+11,2.9806e+11
0.02396,0.36458,4.3277e+0,1.4897e+11,3.4277e+11
0.02604,0.36458,4.2793e+0,1.6566e+11,2.8567e+11
0.02813,0.36458,4.2323e+0,1.8369e+11,2.6291e+11
0.03021,0.36458,4.1890e+0,1.8716e+11,4.0128e+11
0.03229,0.36458,4.1396e+0,1.7754e+11,2.6698e+11
0.03438,0.36458,4.0929e+0,1.9632e+11,3.2845e+11
0.03646,0.36458,4.0452e+0,2.0316e+11,3.0007e+11
0.03854,0.36458,3.9997e+0,2.0994e+11,4.2334e+11
0.04063,0.36458,3.9484e+0,2.3602e+11,4.5876e+11
0.04271,0.36458,3.8900e+0,2.1222e+11,4.3726e+11
0.04479,0.36458,3.8243e+0,2.6203e+11,3.5917e+11
0.04688,0.36458,3.7608e+0,2.0142e+11,4.0917e+11
0.04896,0.36458,3.6915e+0,2.1423e+11,4.5261e+11
0.05104,0.36458,3.6143e+0,2.1011e+11,4.2566e+11
0.05312,0.36458,3.5306e+0,2.1089e+11,3.6345e+11
0.05521,0.36458,3.4449e+0,2.2452e+11,3.4942e+11
0.05729,0.36458,3.3596e+0,2.0513e+11,3.5424e+11
0.05937,0.36458,3.2723e+0,1.7355e+11,4.6143e+11
0.06146,0.36458,3.1725e+0,1.8672e+11,3.9254e+11
0.06354,0.36458,3.0660e+0,1.9939e+11,3.6292e+11
0.06563,0.36458,2.9552e+0,2.2099e+11,3.4394e+11
0.06771,0.36458,2.8429e+0,1.7937e+11,3.5295e+11
0.06979,0.36458,2.7250e+0,2.0268e+11,4.2210e+11
0.07187,0.36458,2.5986e+0,1.8834e+11,3.0890e+11
0.07396,0.36458,2.4703e+0,1.7284e+11,4.3902e+11
0.07604,0.36458,2.3281e+0,1.7524e+11,3.5030e+11
0.07813,0.36458,2.1786e+0,1.6642e+11,3.5127e+11
0.08021,0.36458,2.0212e+0,1.5731e+11,3.7906e+11
0.08229,0.36458,1.8529e+0,1.6770e+11,3.2364e+11
0.08438,0.36458,1.6792e+0,1.4629e+11,3.5774e+11
0.08646,0.36458,1.4956e+0,1.2447e+11,3.9221e+11
0.08854,0.36458,1.2975e+0,1.3436e+11,3.8855e+11
0.09062,0.36458,1.0862e+0,3.6902e+10,2.3829e+11
0.09271,0.36458,8.6475e-1,0.0000e+0,2.6054e+11
0.09479,0.36458,6.2888e-1,0.0000e+0,2.4013e+11
0.09688,0.36458,3.8098e-1,0.0000e+0,1.5203e+11
0.09896,0.36458,1.2777e-1,0.0000e+0,1.0299e+11
0.00104,0.36875,4.2694e+0,3.3183e+10,7.5319e+10
0.00313,0.36875,4.2709e+0,2.3146e+10,2.8075e+11
0.00521,0.36875,4.2618e+0,5.7814e+10,2.1408e+11
0.00729,0.36875,4.2539e+0,6.5996e+10,4.4139e+11
0.00937,0.36875,4.2316e+0,1.0060e+11,3.8192e+11
0.01146,0.36875,4.2032e+0,1.5919e+11,3.1192e+11
0.01354,0.36875,4.1772e+0,1.5191e+11,4.4302e+11
0.01563,0.36875,4.1430e+0,1.4005e+11,4.0012e+11
0.01771,0.36875,4.1018e+0,1.6053e+11,3.5948e+11
0.01979,0.36875,4.0580e+0,1.5430e+11,2.6313e+11
0.02187,0.36875,4.0180e+0,1.2880e+11,3.2151e+11
0.02396,0.36875,3.9743e+0,1.3408e+11,2.4598e+11
0.02604,0.36875,3.9316e+0,1.5215e+11,2.2487e+11
0.02813,0.36875,3.8926e+0,1.5730e+11,2.7790e+11
0.03021,0.36875,3.8539e+0,1.6299e+11,3.2022e+11
0.03229,0.36875,3.8126e+0,1.5592e+11,2.6767e+11
0.03438,0.36875,3.7730e+0,1.6054e+11,3.6942e+11
0.03646,0.36875,3.7275e+0,1.6600e+11,2.7649e+11
0.03854,0.36875,3.6825e+0,1.8010e+11,2.6878e+11
0.04063,0.36875,3.6384e+0,2.1097e+11,4.4578e+11
0.04271,0.36875,3.5859e+0,1.9564e+11,4.0517e+11
0.04479,0.36875,3.5272e+0,2.3938e+11,3.8565e+11
0.04688,0.36875,3.4672e+0,1.7729e+11,3.5822e+11
0.04896,0.36875,3.4029e+0,1.9352e+11,3.8610e+11
0.05104,0.36875,3.3329e+0,1.8618e+11,3.8279e+11
0.05312,0.36875,3.2564e+0,1.8718e+11,3.6827e+11
0.05521,0.36875,3.1747e+0,1.9207e+11,2.8474e+11
0.05729,0.36875,3.0944e+0,1.8459e+11,2.9755e+11
0.05937,0.36875,3.0137e+0,1.5149e+11,3.6732e+11
0.06146,0.36875,2.9241e+0,1.6607e+11,3.4775e+11
0.06354,0.36875,2.8291e+0,1.8243e+11,3.9100e+11
0.06563,0.36875,2.7278e+0,1.8673e+11,3.3615e+11
0.06771,0.36875,2.6245e+0,1.6077e+11,3.6731e+11
0.06979,0.36875,2.5143e+0,1.7237e+11,3.6452e+11
0.07187,0.36875,2.3973e+0,1.6958e+11,2.5298e+11
0.07396,0.36875,2.2815e+0,1.5174e+11,4.5533e+11
0.07604,0.36875,2.1503e+0,1.5154e+11,3.5459e+11
0.07813,0.36875,2.0107e+0,1.4950e+11,3.2548e+11
0.08021,0.36875,1.8637e+0,1.3738e+11,3.5097e+11
0.08229,0.36875,1.7056e+0,1.4830e+11,2.5620e+11
0.08438,0.36875,1.5435e+0,1.3261e+11,2.9081e+11
0.08646,0.36875,1.3736e+0,1.0922e+11,3.4503e+11
0.08854,0.36875,1.1898e+0,1.1501e+11,2.8261e+11
0.09062,0.36875,9.9681e-1,3.1501e+10,2.4080e+11
0.09271,0.36875,7.9191e-1,0.0000e+0,2.0566e+11
0.09479,0.36875,5.7511e-1,0.0000e+0,1.8115e+11
0.09688,0.36875,3.4840e-1,0.0000e+0,1.2400e+11
0.09896,0.36875,1.1685e-1,0.0000e+0,8.9180e+10
0.00104,0.37292,3.8636e+0,1.5097e+10,2.6182e+11
0.00313,0.37292,3.8621e+0,1.8456e+10,5.1435e+11
0.00521,0.37292,3.8436e+0,6.1500e+10,1.4143e+11
0.00729,0.37292,3.8358e+0,6.3543e+10,4.4641e+11
0.00937,0.37292,3.8139e+0,8.1144e+10,2.7744e+11
0.01146,0.37292,3.7918e+0,1.1811e+11,3.2224e+11
0.01354,0.37292,3.7683e+0,1.1757e+11,3.9647e+11
0.01563,0.37292,3.7372e+0,1.1491e+11,3.2824e+11
0.01771,0.37292,3.7033e+0,1.4276e+11,3.3829e+11
0.01979,0.37292,3.6679e+0,1.3804e+11,2.9237e+11
0.02187,0.37292,3.6338e+0,9.9268e+10,3.0050e+11
0.02396,0.37292,3.5970e+0,1.0552e+11,2.7843e+11
0.02604,0.37292,3.5596e+0,1.3179e+11,2.5135e+11
0.02813,0.37292,3.5251e+0,1.3748e+11,2.9511e+11
0.03021,0.37292,3.4906e+0,1.3622e+11,3.0819e+11
0.03229,0.37292,3.4546e+0,1.3868e+11,2.5011e+11
0.03438,0.37292,3.4208e+0,1.3822e+11,3.1722e+11
0.03646,0.37292,3.3836e+0,1.4000e+11,3.0937e+11
0.03854,0.37292,3.3438e+0,1.5994e+11,3.7052e+11
0.04063,0.37292,3.2981e+0,1.9158e+11,3.2841e+11
0.04271,0.37292,3.2515e+0,1.6733e+11,3.5941e+11
0.04479,0.37292,3.2000e+0,1.9653e+11,3.7099e+11
0.04688,0.37292,3.1453e+0,1.5101e+11,3.0790e+11
0.04896,0.37292,3.0882e+0,1.6580e+11,3.4157e+11
0.05104,0.37292,3.0274e+0,1.5556e+11,3.9447e+11
0.05312,0.37292,2.9588e+0,1.5188e+11,4.0157e+11
0.05521,0.37292,2.8818e+0,1.6552e+11,2.6036e+11
0.05729,0.37292,2.8074e+0,1.5616e+11,2.5514e+11
0.05937,0.37292,2.7347e+0,1.2525e+11,3.6302e+11
0.06146,0.37292,2.6527e+0,1.3785e+11,3.2669e+11
0.06354,0.37292,2.5649e+0,1.5455e+11,3.0007e+11
0.06563,0.37292,2.4746e+0,1.5684e+11,2.9826e+11
0.06771,0.37292,2.3824e+0,1.3287e+11,3.3649e+11
0.06979,0.37292,2.2833e+0,1.5263e+11,3.3245e+11
0.07187,0.37292,2.1789e+0,1.3773e+11,2.6747e+11
0.07396,0.37292,2.0731e+0,1.2609e+11,3.6418e+11
0.07604,0.37292,1.9571e+0,1.2973e+11,3.6098e+11
0.07813,0.37292,1.8320e+0,1.3352e+11,3.3422e+11
0.08021,0.37292,1.6995e+0,1.1629e+11,3.5283e+11
0.08229,0.37292,1.5568e+0,1.3308e+11,3.3405e+11
0.08438,0.37292,1.4060e+0,1.1511e+11,2.6600e+11
0.08646,0.37292,1.2497e+0,9.0256e+10,2.8079e+11
0.08854,0.37292,1.0839e+0,9.8737e+10,3.0412e+11
0.09062,0.37292,9.0766e-1,2.8521e+10,2.2757e+11
0.09271,0.37292,7.2099e-1,0.0000e+0,2.0376e+11
0.09479,0.37292,5.2355e-1,0.0000e+0,1.9032e+11
0.09688,0.37292,3.1600e-1,0.0000e+0,8.6575e+10
0.09896,0.37292,1.0602e-1,0.0000e+0,8.4120e+10
0.00104,0.37708,3.3922e+0,2.1177e+10,1.6234e+11
0.00313,0.37708,3.3921e+0,2.1890e+10,3.7782e+11
0.00521,0.37708,3.3786e+0,4.3937e+10,1.3531e+11
0.00729,0.37708,3.3710e+0,4.1942e+10,3.1042e+11
0.00937,0.37708,3.3545e+0,6.6496e+10,2.2571e+11
0.01146,0.37708,3.3385e+0,8.6105e+10,3.0711e+11
0.01354,0.37708,3.3188e+0,9.6779e+10,3.4155e+11
0.01563,0.37708,3.2932e+0,1.0046e+11,3.0941e+11
0.01771,0.37708,3.2654e+0,1.1529e+11,2.7538e+11
0.01979,0.37708,3.2389e+0,1.0914e+11,3.1465e+11
0.02187,0.37708,3.2103e+0,8.2134e+10,2.7172e+11
0.02396,0.37708,3.1807e+0,8.4684e+10,2.8329e+11
0.02604,0.37708,3.1500e+0,1.0069e+11,2.8789e+11
0.02813,0.37708,3.1187e+0,1.2111e+11,2.6972e+11
0.03021,0.37708,3.0887e+0,1.1557e+11,2.2990e+11
0.03229,0.37708,3.0615e+0,1.1775e+11,2.6405e+11
0.03438,0.37708,3.0351e+0,1.1664e+11,3.1606e+11
0.03646,0.37708,3.0057e+0,1.1544e+11,3.5421e+11
0.03854,0.37708,2.9717e+0,1.3181e+11,4.5046e+11
0.04063,0.37708,2.9278e+0,1.5481e+11,3.0157e+11
0.04271,0.37708,2.8860e+0,1.2551e+11,3.3450e+11
0.04479,0.37708,2.8408e+0,1.5330e+11,3.3416e+11
0.04688,0.37708,2.7940e+0,1.2474e+11,3.4281e+11
0.04896,0.37708,2.7426e+0,1.3500e+11,3.1964e+11
0.05104,0.37708,2.6887e+0,1.3043e+11,3.7012e+11
0.05312,0.37708,2.6280e+0,1.2162e+11,3.7686e+11
0.05521,0.37708,2.5599e+0,1.2493e+11,2.6026e+11
0.05729,0.37708,2.4932e+0,1.1589e+11,2.2392e+11
0.05937,0.37708,2.4288e+0,9.7494e+10,3.2371e+11
0.06146,0.37708,2.3568e+0,1.0743e+11,3.3651e+11
0.06354,0.37708,2.2764e+0,1.2915e+11,2.2818e+11
0.06563,0.37708,2.1963e+0,1.3155e+11,2.4516e+11
0.06771,0.37708,2.1154e+0,1.1576e+11,2.7968e+11
0.06979,0.37708,2.0295e+0,1.2193e+11,3.0664e+11
0.07187,0.37708,1.9373e+0,1.2039e+11,2.5331e+11
0.07396,0.37708,1.8431e+0,1.1088e+11,3.1136e+11
0.07604,0.37708,1.7414e+0,1.0725e+11,2.9781e+11
0.07813,0.37708,1.6331e+0,1.1319e+11,3.3281e+11
0.08021,0.37708,1.5163e+0,9.8324e+10,2.9426e+11
0.08229,0.37708,1.3920e+0,1.1347e+11,3.3793e+11
0.08438,0.37708,1.2582e+0,9.6165e+10,2.4575e+11
0.08646,0.37708,1.1195e+0,7.9320e+10,2.8065e+11
0.08854,0.37708,9.7123e-1,8.6623e+10,2.7293e+11
0.09062,0.37708,8.1444e-1,2.4019e+10,2.4760e+11
0.09271,0.37708,6.4643e-1,0.0000e+0,1.8095e+11
0.09479,0.37708,4.7044e-1,0.0000e+0,2.1397e+11
0.09688,0.37708,2.8402e-1,0.0000e+0,1.0448e+11
0.09896,0.37708,9.4860e-2,0.0000e+0,6.2919e+10
0.00104,0.38125,2.8771e+0,1.4654e+10,1.0222e+10
0.00313,0.38125,2.8823e+0,1.6097e+10,2.7939e+11
0.00521,0.38125,2.8780e+0,4.1750e+10,2.7199e+11
0.00729,0.38125,2.8710e+0,3.8208e+10,2.9266e+11
0.00937,0.38125,2.8580e+0,6.2969e+10,2.5556e+11
0.01146,0.38125,2.8435e+0,7.2143e+10,2.2386e+11
0.01354,0.38125,2.8298e+0,7.3694e+10,3.7936e+11
0.01563,0.38125,2.8062e+0,8.3486e+10,2.2055e+11
0.01771,0.38125,2.7850e+0,9.0770e+10,2.3313e+11
0.01979,0.38125,2.7657e+0,8.5153e+10,3.0970e+11
0.02187,0.38125,2.7422e+0,6.5478e+10,2.6278e+11
0.02396,0.38125,2.7170e+0,6.5603e+10,2.1253e+11
0.02604,0.38125,2.6938e+0,7.1792e+10,2.6021e+11
0.02813,0.38125,2.6694e+0,9.3228e+10,2.2473e+11
0.03021,0.38125,2.6476e+0,9.4833e+10,2.4982e+11
0.03229,0.38125,2.6266e+0,8.5961e+10,2.6636e+11
0.03438,0.38125,2.6050e+0,8.9631e+10,3.3367e+11
0.03646,0.38125,2.5786e+0,9.3956e+10,3.3352e+11
0.03854,0.38125,2.5474e+0,9.7904e+10,3.2521e+11
0.04063,0.38125,2.5114e+0,1.1576e+11,2.5973e+11
0.04271,0.38125,2.4773e+0,1.0032e+11,3.1706e+11
0.04479,0.38125,2.4398e+0,1.1227e+11,2.9222e+11
0.04688,0.38125,2.4011e+0,1.0141e+11,3.1884e+11
0.04896,0.38125,2.3582e+0,1.1048e+11,3.2219e+11
0.05104,0.38125,2.3112e+0,1.0977e+11,3.6249e+11
0.05312,0.38125,2.2564e+0,9.5730e+10,2.4357e+11
0.05521,0.38125,2.2004e+0,1.0092e+11,2.2623e+11
0.05729,0.38125,2.1453e+0,9.4328e+10,2.0913e+11
0.05937,0.38125,2.0921e+0,7.5893e+10,2.8684e+11
0.06146,0.38125,2.0332e+0,8.3995e+10,3.4165e+11
0.06354,0.38125,1.9655e+0,1.0521e+11,2.6294e+11
0.06563,0.38125,1.8965e+0,1.0435e+11,2.5132e+11
0.06771,0.38125,1.8267e+0,9.7267e+10,2.7671e+11
0.06979,0.38125,1.7531e+0,9.8798e+10,3.0625e+11
0.07187,0.38125,1.6733e+0,9.7225e+10,2.5329e+11
0.07396,0.38125,1.5910e+0,9.2698e+10,2.7397e+11
0.07604,0.38125,1.5035e+0,8.4771e+10,2.5354e+11
0.07813,0.38125,1.4115e+0,9.2230e+10,2.7343e+11
0.08021,0.38125,1.3141e+0,8.0279e+10,3.1071e+11
0.08229,0.38125,1.2077e+0,9.6375e+10,2.6512e+11
0.08438,0.38125,1.0966e+0,7.8771e+10,2.9038e+11
0.08646,0.38125,9.7790e-1,7.0607e+10,3.1778e+11
0.08854,0.38125,8.4858e-1,7.3864e+10,2.8185e+11
0.09062,0.38125,7.1086e-1,2.0552e+10,2.4325e+11
0.09271,0.38125,5.6236e-1,0.0000e+0,1.4813e+11
0.09479,0.38125,4.0775e-1,0.0000e+0,1.4368e+11
0.09688,0.38125,2.4637e-1,0.0000e+0,8.6403e+10
0.09896,0.38125,8.2118e-2,0.0000e+0,4.6402e+10
0.00104,0.38542,2.3222e+0,7.0273e+9,3.2099e+10
0.00313,0.38542,2.3260e+0,1.7270e+10,1.7555e+11
0.00521,0.38542,2.3254e+0,3.3870e+10,1.3615e+11
0.00729,0.38542,2.3259e+0,2.7935e+10,2.5442e+11
0.00937,0.38542,2.3195e+0,5.0245e+10,2.6999e+11
0.01146,0.38542,2.3082e+0,5.9231e+10,2.3907e+11
0.01354,0.38542,2.2955e+0,5.5729e+10,2.6592e+11
0.01563,0.38542,2.2786e+0,6.7254e+10,2.3111e+11
0.01771,0.38542,2.2622e+0,7.7467e+10,2.3493e+11
0.01979,0.38542,2.2473e+0,6.6374e+10,3.1103e+11
0.02187,0.38542,2.2284e+0,5.4599e+10,2.7173e+11
0.02396,0.38542,2.2076e+0,5.2863e+10,1.8531e+11
0.02604,0.38542,2.1909e+0,4.9426e+10,2.2509e+11
0.02813,0.38542,2.1753e+0,6.5349e+10,2.5190e+11
0.03021,0.38542,2.1603e+0,7.3415e+10,3.0580e+11
0.03229,0.38542,2.1426e+0,6.8084e+10,2.8400e+11
0.03438,0.38542,2.1235e+0,6.4187e+10,2.7956e+11
0.03646,0.38542,2.1021e+0,6.6996e+10,2.8037e+11
0.03854,0.38542,2.0784e+0,7.4135e+10,3.3450e+11
0.04063,0.38542,2.0490e+0,8.0530e+10,2.3725e+11
0.04271,0.38542,2.0214e+0,6.7014e+10,2.4496e+11
0.04479,0.38542,1.9936e+0,8.3088e+10,2.7104e+11
0.04688,0.38542,1.9642e+0,7.7805e+10,2.8783e+11
0.04896,0.38542,1.9315e+0,8.7038e+10,3.1762e+11
0.05104,0.38542,1.8940e+0,8.1890e+10,3.1118e+11
0.05312,0.38542,1.8517e+0,7.3197e+10,2.8950e+11
0.05521,0.38542,1.8059e+0,7.7839e+10,2.2431e+11
0.05729,0.38542,1.7620e+0,7.4986e+10,2.2733e+11
0.05937,0.38542,1.7196e+0,6.1459e+10,3.0106e+11
0.06146,0.38542,1.6721e+0,6.3840e+10,3.1011e+11
0.06354,0.38542,1.6193e+0,7.7615e+10,3.1610e+11
0.06563,0.38542,1.5626e+0,7.6244e+10,2.5515e+11
0.06771,0.38542,1.5059e+0,7.1451e+10,2.9696e+11
0.06979,0.38542,1.4451e+0,7.9022e+10,2.9452e+11
0.07187,0.38542,1.3800e+0,7.2687e+10,2.5816e+11
0.07396,0.38542,1.3120e+0,7.0516e+10,2.4602e+11
0.07604,0.38542,1.2404e+0,6.6476e+10,2.4733e+11
0.07813,0.38542,1.1649e+0,7.3082e+10,2.3649e+11
0.08021,0.38542,1.0862e+0,6.8299e+10,2.8538e+11
0.08229,0.38542,1.0000e+0,7.6162e+10,2.4392e+11
0.08438,0.38542,9.1008e-1,6.3395e+10,2.7018e+11
0.08646,0.38542,8.1324e-1,5.5750e+10,2.8910e+11
0.08854,0.38542,7.0673e-1,6.1398e+10,2.5160e+11
0.09062,0.38542,5.9361e-1,1.6198e+10,2.5369e+11
0.09271,0.38542,4.6980e-1,0.0000e+0,1.5173e+11
0.09479,0.38542,3.4091e-1,0.0000e+0,1.3865e+11
0.09688,0.38542,2.0704e-1,0.0000e+0,1.2720e+11
0.09896,0.38542,6.8581e-2,0.0000e+0,2.9806e+10
0.00104,0.38958,1.7291e+0,8.9302e+9,5.3285e+10
0.00313,0.38958,1.7334e+0,1.3457e+10,1.5767e+11
0.00521,0.38958,1.7363e+0,3.2705e+10,1.6024e+11
0.00729,0.38958,1.7406e+0,2.3901e+10,2.4257e+11
0.00937,0.38958,1.7397e+0,3.5549e+10,3.1043e+11
0.01146,0.38958,1.7308e+0,4.8159e+10,2.6145e+11
0.01354,0.38958,1.7207e+0,4.8932e+10,3.0033e+11
0.01563,0.38958,1.7066e+0,5.0620e+10,2.6870e+11
0.01771,0.38958,1.6907e+0,5.6270e+10,2.3627e+11
0.01979,0.38958,1.6757e+0,4.7499e+10,2.1558e+11
0.02187,0.38958,1.6616e+0,4.3719e+10,2.3964e+11
0.02396,0.38958,1.6463e+0,4.1873e+10,1.9145e+11
0.02604,0.38958,1.6337e+0,4.1631e+10,1.7258e+11
0.02813,0.38958,1.6247e+0,4.3140e+10,2.3624e+11
0.03021,0.38958,1.6151e+0,5.5298e+10,2.9945e+11
0.03229,0.38958,1.6012e+0,5.2324e+10,2.2151e+11
0.03438,0.38958,1.5886e+0,4.8763e+10,2.7965e+11
0.03646,0.38958,1.5726e+0,5.1359e+10,2.3372e+11
0.03854,0.38958,1.5567e+0,5.6064e+10,3.0880e+11
0.04063,0.38958,1.5355e+0,5.6881e+10,2.2028e+11
0.04271,0.38958,1.5162e+0,5.3046e+10,2.0005e+11
0.04479,0.38958,1.5002e+0,6.0587e+10,3.2106e+11
0.04688,0.38958,1.4796e+0,5.1900e+10,2.7193e+11
0.04896,0.38958,1.4576e+0,6.6420e+10,3.3095e+11
0.05104,0.38958,1.4305e+0,5.7556e+10,2.8914e+11
0.05312,0.38958,1.4002e+0,5.5156e+10,3.2306e+11
0.05521,0.38958,1.3646e+0,5.4183e+10,2.2865e+11
0.05729,0.38958,1.3308e+0,4.9822e+10,2.1772e+11
0.05937,0.38958,1.2989e+0,4.1986e+10,2.9808e+11
0.06146,0.38958,1.2613e+0,4.6371e+10,2.5395e+11
0.06354,0.38958,1.2210e+0,5.2197e+10,2.2539e+11
0.06563,0.38958,1.1800e+0,4.9988e+10,2.2598e+11
0.06771,0.38958,1.1378e+0,4.9416e+10,2.2666e+11
0.06979,0.38958,1.0940e+0,5.7083e+10,2.3982e+11
0.07187,0.38958,1.0483e+0,5.1437e+10,2.5173e+11
0.07396,0.38958,9.9967e-1,5.1475e+10,2.9856e+11
0.07604,0.38958,9.4458e-1,5.2317e+10,2.2460e+11
0.07813,0.38958,8.8767e-1,5.1838e+10,2.2428e+11
0.08021,0.38958,8.2848e-1,5.0464e+10,2.5856e+11
0.08229,0.38958,7.6368e-1,5.5498e+10,2.3175e+11
0.08438,0.38958,6.9548e-1,4.8848e+10,2.1832e+11
0.08646,0.38958,6.2371e-1,4.0078e+10,2.8403e+11
0.08854,0.38958,5.4194e-1,4.7987e+10,2.0785e+11
0.09062,0.38958,4.5543e-1,1.0315e+10,1.9657e+11
0.09271,0.38958,3.6122e-1,0.0000e+0,1.4181e+11
0.09479,0.38958,2.6201e-1,0.0000e+0,1.2736e+11
0.09688,0.38958,1.5783e-1,0.0000e+0,6.6440e+10
0.09896,0.38958,5.2093e-2,0.0000e+0,1.3538e+10
0.00104,0.39375,1.0879e+0,1.2983e+10,9.9392e+10
0.00313,0.39375,1.0918e+0,1.5534e+10,1.9350e+11
0.00521,0.39375,1.0952e+0,2.6482e+10,1.1743e+11
0.00729,0.39375,1.1057e+0,2.0334e+10,3.2000e+11
0.00937,0.39375,1.1098e+0,2.7807e+10,5.0218e+11
0.01146,0.39375,1.0983e+0,3.3188e+10,2.5654e+11
0.01354,0.39375,1.0902e+0,3.6447e+10,2.9844e+11
0.01563,0.39375,1.0812e+0,3.7578e+10,3.6448e+11
0.01771,0.39375,1.0665e+0,3.7043e+10,2.4314e+11
0.01979,0.39375,1.0541e+0,3.0430e+10,2.1521e+11
0.02187,0.39375,1.0432e+0,2.4106e+10,2.1390e+11
0.02396,0.39375,1.0325e+0,2.9296e+10,1.8493e+11
0.02604,0.39375,1.0242e+0,2.5620e+10,1.7307e+11
0.02813,0.39375,1.0186e+0,3.0927e+10,1.9945e+11
0.03021,0.39375,1.0139e+0,3.7581e+10,2.7103e+11
0.03229,0.39375,1.0052e+0,3.4174e+10,1.9969e+11
0.03438,0.39375,9.9781e-1,3.4864e+10,2.3480e+11
0.03646,0.39375,9.8911e-1,3.1574e+10,2.1370e+11
0.03854,0.39375,9.8067e-1,3.8705e+10,2.8678e+11
0.04063,0.39375,9.6748e-1,3.8009e+10,2.1127e+11
0.04271,0.39375,9.5517e-1,3.9374e+10,1.7709e+11
0.04479,0.39375,9.4628e-1,3.8180e+10,2.5343e+11
0.04688,0.39375,9.3556e-1,3.1265e+10,2.2269e+11
0.04896,0.39375,9.2554e-1,4.2628e+10,3.0736e+11
0.05104,0.39375,9.1113e-1,3.6312e+10,3.2100e+11
0.05312,0.39375,8.9122e-1,3.5387e+10,3.0381e+11
0.05521,0.39375,8.6665e-1,2.9952e+10,2.0324e+11
0.05729,0.39375,8.4409e-1,2.8553e+10,1.7616e+11
0.05937,0.39375,8.2501e-1,2.6564e+10,2.7002e+11
0.06146,0.39375,8.0165e-1,3.3869e+10,2.3796e+11
0.06354,0.39375,7.7671e-1,3.5775e+10,2.1720e+11
0.06563,0.39375,7.5162e-1,3.6808e+10,2.2174e+11
0.06771,0.39375,7.2587e-1,3.1648e+10,2.2724e+11
0.06979,0.39375,6.9879e-1,3.6260e+10,2.2955e+11
0.07187,0.39375,6.7023e-1,3.5794e+10,2.0393e+11
0.07396,0.39375,6.4163e-1,3.4769e+10,2.6704e+11
0.07604,0.39375,6.0803e-1,3.6721e+10,2.3924e+11
0.07813,0.39375,5.7163e-1,3.6923e+10,2.0766e+11
0.08021,0.39375,5.3423e-1,2.9553e+10,2.3598e+11
0.08229,0.39375,4.9235e-1,3.2139e+10,1.9120e+11
0.08438,0.39375,4.4887e-1,3.4095e+10,1.7168e+11
0.08646,0.39375,4.0490e-1,2.6907e+10,2.4353e+11
0.08854,0.39375,3.5379e-1,3.4550e+10,2.1454e+11
0.09062,0.39375,2.9788e-1,6.2454e+9,1.7614e+11
0.09271,0.39375,2.3678e-1,0.0000e+0,1.3401e+11
0.09479,0.39375,1.7193e-1,0.0000e+0,1.1799e+11
0.09688,0.39375,1.0297e-1,0.0000e+0,4.4140e+10
0.09896,0.39375,3.4001e-2,0.0000e+0,1.2964e+10
0.00104,0.39792,3.8766e-1,5.4682e+9,2.6784e+11
0.00313,0.39792,3.8674e-1,1.5367e+10,2.3446e+11
0.00521,0.39792,3.8621e-1,2.0531e+10,1.0232e+11
0.00729,0.39792,3.9371e-1,1.8690e+10,2.9624e+11
0.00937,0.39792,3.9675e-1,2.1308e+10,4.1990e+11
0.01146,0.39792,3.8911e-1,1.8759e+10,1.8834e+11
0.01354,0.39792,3.8636e-1,2.4288e+10,2.7021e+11
0.01563,0.39792,3.8204e-1,2.2149e+10,2.7240e+11
0.01771,0.39792,3.7505e-1,2.0723e+10,1.4814e+11
0.01979,0.39792,3.7323e-1,1.6599e+10,2.6359e+11
0.02187,0.39792,3.6873e-1,1.5874e+10,2.3571e+11
0.02396,0.39792,3.6318e-1,1.7383e+10,1.7388e+11
0.02604,0.39792,3.5999e-1,1.6110e+10,1.8732e+11
0.02813,0.39792,3.5752e-1,1.8527e+10,1.7142e+11
0.03021,0.39792,3.5666e-1,1.6357e+10,2.1498e+11
0.03229,0.39792,3.5435e-1,1.5229e+10,2.0976e+11
0.03438,0.39792,3.5138e-1,1.8341e+10,1.8732e+11
0.03646,0.39792,3.4938e-1,1.5811e+10,1.9730e+11
0.03854,0.39792,3.4797e-1,1.9390e+10,2.5376e+11
0.04063,0.39792,3.4412e-1,1.8998e+10,2.4092e+11
0.04271,0.39792,3.3927e-1,2.2702e+10,2.3155e+11
0.04479,0.39792,3.3394e-1,2.0296e+10,1.7704e+11
0.04688,0.39792,3.3037e-1,1.8465e+10,1.5634e+11
0.04896,0.39792,3.2996e-1,2.4267e+10,2.6126e+11
0.05104,0.39792,3.2709e-1,2.0244e+10,2.9945e+11
0.05312,0.39792,3.2004e-1,1.8533e+10,2.8351e+11
0.05521,0.39792,3.0974e-1,1.5873e+10,2.1135e+11
0.05729,0.39792,3.0011e-1,1.3707e+10,1.4139e+11
0.05937,0.39792,2.9479e-1,1.3105e+10,2.3120e+11
0.06146,0.39792,2.8740e-1,1.9303e+10,2.2436e+11
0.06354,0.39792,2.7931e-1,1.9497e+10,2.1988e+11
0.06563,0.39792,2.7106e-1,2.1483e+10,2.4301e+11
0.06771,0.39792,2.6108e-1,1.6056e+10,1.9047e+11
0.06979,0.39792,2.5205e-1,1.9982e+10,2.0765e+11
0.07187,0.39792,2.4288e-1,1.7101e+10,2.0107e+11
0.07396,0.39792,2.3413e-1,2.0967e+10,2.4942e+11
0.07604,0.39792,2.2291e-1,2.2194e+10,2.4303e+11
0.07813,0.39792,2.0985e-1,2.0951e+10,2.0421e+11
0.08021,0.39792,1.9722e-1,1.7475e+10,2.4143e+11
0.08229,0.39792,1.8172e-1,1.7272e+10,2.0165e+11
0.08438,0.39792,1.6534e-1,1.9206e+10,1.4628e+11
0.08646,0.39792,1.5116e-1,1.6676e+10,2.2258e+11
0.08854,0.39792,1.3333e-1,2.2817e+10,2.0602e+11
0.09062,0.39792,1.1312e-1,4.4396e+9,1.6870e+11
0.09271,0.39792,9.0859e-2,0.0000e+0,1.3901e+11
0.09479,0.39792,6.7149e-2,0.0000e+0,1.4235e+11
0.09688,0.39792,4.0194e-2,0.0000e+0,5.7025e+10
0.09896,0.39792,1.3738e-2,0.0000e+0,4.3184e+10