r_m,z_m,phi_V,ne_m3,ni_m3
0.00104,0.00208,1.6004e-1,9.4217e+9,0.0000e+0
0.00313,0.00208,1.6150e-1,2.0666e+10,0.0000e+0
0.00521,0.00208,1.6549e-1,1.0131e+10,5.4044e+9
0.00729,0.00208,1.7219e-1,7.6248e+9,2.0833e+11
0.00937,0.00208,1.7045e-1,1.1640e+10,1.2098e+11
0.01146,0.00208,1.6755e-1,1.7371e+10,9.2391e+10
0.01354,0.00208,1.6476e-1,1.6231e+10,7.7232e+10
0.01563,0.00208,1.6262e-1,1.2321e+10,1.7419e+10
0.01771,0.00208,1.6449e-1,1.2507e+10,4.7843e+10
0.01979,0.00208,1.6874e-1,1.6056e+10,2.3667e+11
0.02187,0.00208,1.6412e-1,1.6819e+10,7.7506e+10
0.02396,0.00208,1.6135e-1,1.3345e+10,7.3645e+10
0.02604,0.00208,1.5984e-1,1.7893e+10,6.6396e+10
0.02813,0.00208,1.5989e-1,2.2244e+10,1.0650e+11
0.03021,0.00208,1.5895e-1,1.7776e+10,6.2098e+10
0.03229,0.00208,1.5977e-1,1.8180e+10,1.3901e+11
0.03438,0.00208,1.5733e-1,1.7755e+10,1.1198e+11
0.03646,0.00208,1.5312e-1,2.3444e+10,8.3837e+10
0.03854,0.00208,1.4910e-1,2.1256e+10,5.4183e+10
0.04063,0.00208,1.4666e-1,2.3173e+10,7.8534e+10
0.04271,0.00208,1.4431e-1,2.3349e+10,1.0838e+11
0.04479,0.00208,1.4017e-1,1.9830e+10,8.3566e+10
0.04688,0.00208,1.3550e-1,1.7955e+10,5.0542e+10
0.04896,0.00208,1.3208e-1,1.2544e+10,3.4913e+10
0.05104,0.00208,1.3051e-1,1.5732e+10,1.2116e+11
0.05312,0.00208,1.2564e-1,1.7642e+10,6.3215e+10
0.05521,0.00208,1.2172e-1,2.0477e+10,5.8897e+10
0.05729,0.00208,1.1884e-1,2.3590e+10,8.4619e+10
0.05937,0.00208,1.1560e-1,2.4484e+10,7.8521e+10
0.06146,0.00208,1.1264e-1,2.3085e+10,8.2184e+10
0.06354,0.00208,1.0973e-1,1.8877e+10,9.8195e+10
0.06563,0.00208,1.0549e-1,2.2819e+10,1.1163e+11
0.06771,0.00208,9.9267e-2,2.2181e+10,6.3327e+10
0.06979,0.00208,9.3792e-2,2.1476e+10,4.2239e+10
0.07187,0.00208,8.9786e-2,2.6065e+10,6.8714e+10
0.07396,0.00208,8.5629e-2,2.3916e+10,9.6187e+10
0.07604,0.00208,7.9564e-2,2.3611e+10,6.0827e+10
0.07813,0.00208,7.3994e-2,2.2250e+10,7.0740e+10
0.08021,0.00208,6.8052e-2,1.8171e+10,5.7153e+10
0.08229,0.00208,6.2073e-2,2.4604e+10,5.3396e+10
0.08438,0.00208,5.6396e-2,2.1554e+10,4.2674e+10
0.08646,0.00208,5.1044e-2,1.9053e+10,3.9804e+10
0.08854,0.00208,4.5819e-2,1.4974e+10,5.5631e+10
0.09062,0.00208,3.9551e-2,6.5281e+9,4.7499e+10
0.09271,0.00208,3.1930e-2,3.8027e+9,2.6706e+10
0.09479,0.00208,2.3570e-2,6.3713e+8,1.7428e+10
0.09688,0.00208,1.4533e-2,1.2212e+8,1.0919e+10
0.09896,0.00208,4.9135e-3,1.8622e+6,4.9154e+9
0.00104,0.00625,4.7140e-1,8.3855e+9,0.0000e+0
0.00313,0.00625,4.7361e-1,1.5106e+10,0.0000e+0
0.00521,0.00625,4.7856e-1,1.2114e+10,2.7518e+10
0.00729,0.00625,4.8441e-1,1.3996e+10,1.4070e+11
0.00937,0.00625,4.8375e-1,1.4442e+10,1.0671e+11
0.01146,0.00625,4.8071e-1,2.4653e+10,1.4483e+11
0.01354,0.00625,4.7406e-1,2.3563e+10,5.0776e+10
0.01563,0.00625,4.7027e-1,1.5699e+10,1.3735e+9
0.01771,0.00625,4.7142e-1,1.3289e+10,5.8839e+10
0.01979,0.00625,4.7253e-1,1.4740e+10,1.4879e+11
0.02187,0.00625,4.6723e-1,2.2414e+10,1.0308e+11
0.02396,0.00625,4.6086e-1,2.3750e+10,4.2262e+10
0.02604,0.00625,4.5829e-1,3.2723e+10,8.4373e+10
0.02813,0.00625,4.5727e-1,3.3591e+10,1.1649e+11
0.03021,0.00625,4.5595e-1,2.7880e+10,1.1012e+11
0.03229,0.00625,4.5459e-1,2.8601e+10,1.4756e+11
0.03438,0.00625,4.5023e-1,2.5261e+10,1.7229e+11
0.03646,0.00625,4.4058e-1,3.1184e+10,8.6183e+10
0.03854,0.00625,4.3133e-1,2.9308e+10,7.8911e+10
0.04063,0.00625,4.2277e-1,2.8373e+10,9.1068e+10
0.04271,0.00625,4.1399e-1,3.1820e+10,1.1834e+11
0.04479,0.00625,4.0339e-1,3.3130e+10,1.0505e+11
0.04688,0.00625,3.9200e-1,2.8194e+10,6.1143e+10
0.04896,0.00625,3.8229e-1,2.0684e+10,7.8182e+10
0.05104,0.00625,3.7209e-1,2.9065e+10,1.0797e+11
0.05312,0.00625,3.5945e-1,2.9870e+10,3.6319e+10
0.05521,0.00625,3.4950e-1,2.9444e+10,7.6853e+10
0.05729,0.00625,3.3923e-1,3.1716e+10,7.0236e+10
0.05937,0.00625,3.2915e-1,3.0474e+10,6.6430e+10
0.06146,0.00625,3.1956e-1,2.9114e+10,7.0383e+10
0.06354,0.00625,3.1008e-1,2.7250e+10,1.2171e+11
0.06563,0.00625,2.9713e-1,3.3659e+10,1.0114e+11
0.06771,0.00625,2.8261e-1,2.8393e+10,5.1105e+10
0.06979,0.00625,2.6955e-1,3.0338e+10,7.2598e+10
0.07187,0.00625,2.5703e-1,3.6507e+10,1.1888e+11
0.07396,0.00625,2.4239e-1,3.4331e+10,1.1398e+11
0.07604,0.00625,2.2566e-1,3.4385e+10,8.0486e+10
0.07813,0.00625,2.0885e-1,3.2935e+10,5.6891e+10
0.08021,0.00625,1.9267e-1,2.6276e+10,4.6726e+10
0.08229,0.00625,1.7656e-1,3.1621e+10,2.9432e+10
0.08438,0.00625,1.6180e-1,2.8374e+10,5.4921e+10
0.08646,0.00625,1.4662e-1,2.6691e+10,8.1900e+10
0.08854,0.00625,1.2940e-1,1.9646e+10,4.8655e+10
0.09062,0.00625,1.1183e-1,9.8069e+9,5.7678e+10
0.09271,0.00625,9.2274e-2,5.7678e+9,8.0359e+10
0.09479,0.00625,6.8903e-2,9.8178e+8,4.9348e+10
0.09688,0.00625,4.3342e-2,1.2534e+8,5.1965e+10
0.09896,0.00625,1.4845e-2,1.4009e+7,2.3461e+10
0.00104,0.01042,7.6776e-1,9.0493e+9,0.0000e+0
0.00313,0.01042,7.6992e-1,1.3283e+10,0.0000e+0
0.00521,0.01042,7.7457e-1,1.2122e+10,2.5558e+10
0.00729,0.01042,7.7994e-1,1.3940e+10,1.3530e+11
0.00937,0.01042,7.7918e-1,2.1635e+10,1.3769e+11
0.01146,0.01042,7.7407e-1,3.0624e+10,1.2488e+11
0.01354,0.01042,7.6659e-1,3.2118e+10,2.3913e+10
0.01563,0.01042,7.6335e-1,2.3005e+10,1.9761e+10
0.01771,0.01042,7.6368e-1,1.7064e+10,1.1052e+11
0.01979,0.01042,7.6071e-1,1.7119e+10,1.4893e+11
0.02187,0.01042,7.5151e-1,2.9991e+10,1.0787e+11
0.02396,0.01042,7.4090e-1,3.2367e+10,2.5604e+10
0.02604,0.01042,7.3486e-1,4.2547e+10,7.2550e+10
0.02813,0.01042,7.3017e-1,4.8861e+10,6.5648e+10
0.03021,0.01042,7.2760e-1,3.9173e+10,8.9049e+10
0.03229,0.01042,7.2485e-1,3.4914e+10,1.2149e+11
0.03438,0.01042,7.1973e-1,3.5671e+10,1.4085e+11
0.03646,0.01042,7.1137e-1,4.2693e+10,2.0475e+11
0.03854,0.01042,6.9714e-1,3.9129e+10,1.3811e+11
0.04063,0.01042,6.8183e-1,3.8548e+10,1.2460e+11
0.04271,0.01042,6.6564e-1,3.9533e+10,1.0240e+11
0.04479,0.01042,6.4922e-1,4.3137e+10,8.3096e+10
0.04688,0.01042,6.3332e-1,4.1603e+10,7.2857e+10
0.04896,0.01042,6.1807e-1,3.2377e+10,9.8093e+10
0.05104,0.01042,6.0055e-1,4.3375e+10,8.5222e+10
0.05312,0.01042,5.8223e-1,4.7439e+10,6.3951e+10
0.05521,0.01042,5.6517e-1,4.2701e+10,7.4836e+10
0.05729,0.01042,5.4827e-1,4.1713e+10,8.8779e+10
0.05937,0.01042,5.3077e-1,3.9001e+10,6.0864e+10
0.06146,0.01042,5.1440e-1,3.9159e+10,1.0486e+11
0.06354,0.01042,4.9612e-1,3.5121e+10,1.1108e+11
0.06563,0.01042,4.7556e-1,4.2566e+10,9.2979e+10
0.06771,0.01042,4.5474e-1,3.7316e+10,1.2744e+11
0.06979,0.01042,4.3132e-1,3.9540e+10,8.3367e+10
0.07187,0.01042,4.0851e-1,4.3807e+10,1.0849e+11
0.07396,0.01042,3.8421e-1,4.4253e+10,8.6699e+10
0.07604,0.01042,3.5948e-1,4.4089e+10,6.7109e+10
0.07813,0.01042,3.3536e-1,3.7341e+10,5.1918e+10
0.08021,0.01042,3.1233e-1,3.3938e+10,8.5256e+10
0.08229,0.01042,2.8787e-1,4.0381e+10,9.3827e+10
0.08438,0.01042,2.6202e-1,3.4272e+10,9.2802e+10
0.08646,0.01042,2.3456e-1,3.2843e+10,7.0483e+10
0.08854,0.01042,2.0691e-1,2.2087e+10,6.4723e+10
0.09062,0.01042,1.7870e-1,1.3526e+10,1.0635e+11
0.09271,0.01042,1.4639e-1,5.6346e+9,9.6811e+10
0.09479,0.01042,1.0995e-1,1.0228e+9,8.1461e+10
0.09688,0.01042,6.9940e-2,1.2050e+8,1.0078e+11
0.09896,0.01042,2.4626e-2,3.8629e+7,7.4004e+10
0.00104,0.01458,1.0497e+0,1.1604e+10,0.0000e+0
0.00313,0.01458,1.0514e+0,2.3292e+10,0.0000e+0
0.00521,0.01458,1.0555e+0,1.5899e+10,3.4975e+10
0.00729,0.01458,1.0592e+0,1.9638e+10,1.0659e+11
0.00937,0.01458,1.0582e+0,2.4836e+10,1.3380e+11
0.01146,0.01458,1.0519e+0,3.4915e+10,4.5452e+10
0.01354,0.01458,1.0480e+0,3.7627e+10,8.1871e+10
0.01563,0.01458,1.0440e+0,2.9079e+10,6.3575e+10
0.01771,0.01458,1.0404e+0,2.9460e+10,9.1510e+10
0.01979,0.01458,1.0350e+0,2.5847e+10,1.9432e+11
0.02187,0.01458,1.0207e+0,3.2140e+10,6.0002e+10
0.02396,0.01458,1.0077e+0,3.8475e+10,3.6342e+10
0.02604,0.01458,9.9828e-1,4.8734e+10,6.7995e+10
0.02813,0.01458,9.9047e-1,5.5276e+10,6.0470e+10
0.03021,0.01458,9.8496e-1,5.3534e+10,9.7145e+10
0.03229,0.01458,9.7845e-1,4.7769e+10,9.2403e+10
0.03438,0.01458,9.7078e-1,4.7203e+10,1.6343e+11
0.03646,0.01458,9.5731e-1,5.8452e+10,1.5518e+11
0.03854,0.01458,9.3936e-1,4.9165e+10,1.0233e+11
0.04063,0.01458,9.2057e-1,5.1524e+10,9.6953e+10
0.04271,0.01458,9.0169e-1,4.6412e+10,7.8985e+10
0.04479,0.01458,8.8343e-1,5.6299e+10,9.7216e+10
0.04688,0.01458,8.6502e-1,5.2252e+10,1.1723e+11
0.04896,0.01458,8.4505e-1,4.2118e+10,1.3289e+11
0.05104,0.01458,8.2196e-1,5.8112e+10,1.3376e+11
0.05312,0.01458,7.9763e-1,5.8643e+10,1.2830e+11
0.05521,0.01458,7.7263e-1,4.9036e+10,9.9173e+10
0.05729,0.01458,7.4741e-1,5.0671e+10,7.0253e+10
0.05937,0.01458,7.2338e-1,5.2458e+10,9.5955e+10
0.06146,0.01458,6.9861e-1,4.8773e+10,1.3408e+11
0.06354,0.01458,6.6997e-1,4.6717e+10,6.7958e+10
0.06563,0.01458,6.4180e-1,5.0360e+10,1.0539e+11
0.06771,0.01458,6.1170e-1,4.6978e+10,1.0106e+11
0.06979,0.01458,5.7964e-1,5.1981e+10,6.5896e+10
0.07187,0.01458,5.4836e-1,5.6106e+10,7.4647e+10
0.07396,0.01458,5.1717e-1,5.6084e+10,6.8601e+10
0.07604,0.01458,4.8631e-1,5.0623e+10,6.6194e+10
0.07813,0.01458,4.5546e-1,4.7197e+10,7.6799e+10
0.08021,0.01458,4.2404e-1,4.4902e+10,1.1004e+11
0.08229,0.01458,3.9047e-1,4.8318e+10,1.4954e+11
0.08438,0.01458,3.5296e-1,4.1259e+10,1.0727e+11
0.08646,0.01458,3.1407e-1,3.6369e+10,6.8594e+10
0.08854,0.01458,2.7593e-1,2.7974e+10,1.0182e+11
0.09062,0.01458,2.3554e-1,1.6087e+10,1.0688e+11
0.09271,0.01458,1.9151e-1,5.7408e+9,1.0578e+11
0.09479,0.01458,1.4334e-1,8.6615e+8,1.1752e+11
0.09688,0.01458,8.9815e-2,8.3872e+7,1.0743e+11
0.09896,0.01458,3.0901e-2,4.0700e+7,6.0144e+10
0.00104,0.01875,1.3215e+0,1.0906e+10,0.0000e+0
0.00313,0.01875,1.3228e+0,2.0236e+10,1.4420e+7
0.00521,0.01875,1.3257e+0,1.9761e+10,2.6079e+10
0.00729,0.01875,1.3288e+0,3.0101e+10,1.2307e+11
0.00937,0.01875,1.3268e+0,3.4751e+10,1.0921e+11
0.01146,0.01875,1.3210e+0,4.2654e+10,1.6882e+10
0.01354,0.01875,1.3183e+0,4.0068e+10,7.8730e+10
0.01563,0.01875,1.3141e+0,3.4057e+10,9.5111e+10
0.01771,0.01875,1.3066e+0,3.9073e+10,1.0680e+11
0.01979,0.01875,1.2964e+0,3.7668e+10,1.4259e+11
0.02187,0.01875,1.2811e+0,4.3490e+10,1.0213e+11
0.02396,0.01875,1.2648e+0,5.4130e+10,5.3034e+10
0.02604,0.01875,1.2520e+0,6.2048e+10,6.8268e+10
0.02813,0.01875,1.2419e+0,6.8055e+10,6.8081e+10
0.03021,0.01875,1.2343e+0,7.1003e+10,1.3898e+11
0.03229,0.01875,1.2245e+0,6.8632e+10,1.6067e+11
0.03438,0.01875,1.2111e+0,6.5682e+10,1.4629e+11
0.03646,0.01875,1.1944e+0,6.5538e+10,1.7068e+11
0.03854,0.01875,1.1722e+0,6.3114e+10,1.0742e+11
0.04063,0.01875,1.1493e+0,6.2718e+10,6.0819e+10
0.04271,0.01875,1.1286e+0,5.7413e+10,7.3449e+10
0.04479,0.01875,1.1087e+0,6.0572e+10,1.3483e+11
0.04688,0.01875,1.0860e+0,5.5510e+10,1.4449e+11
0.04896,0.01875,1.0597e+0,5.2755e+10,1.5471e+11
0.05104,0.01875,1.0284e+0,6.8536e+10,9.3737e+10
0.05312,0.01875,9.9769e-1,7.5314e+10,8.3664e+10
0.05521,0.01875,9.6897e-1,6.3172e+10,1.1980e+11
0.05729,0.01875,9.3928e-1,6.2853e+10,1.1974e+11
0.05937,0.01875,9.0864e-1,6.0318e+10,1.3451e+11
0.06146,0.01875,8.7516e-1,5.6507e+10,1.2227e+11
0.06354,0.01875,8.3901e-1,5.4850e+10,9.3415e+10
0.06563,0.01875,8.0216e-1,6.2734e+10,1.1148e+11
0.06771,0.01875,7.6334e-1,6.1068e+10,7.7096e+10
0.06979,0.01875,7.2427e-1,6.3656e+10,6.9699e+10
0.07187,0.01875,6.8562e-1,6.5176e+10,5.5580e+10
0.07396,0.01875,6.4836e-1,6.1661e+10,6.5726e+10
0.07604,0.01875,6.1162e-1,5.8000e+10,1.2550e+11
0.07813,0.01875,5.7181e-1,5.6270e+10,1.6243e+11
0.08021,0.01875,5.2731e-1,5.7733e+10,1.2322e+11
0.08229,0.01875,4.8062e-1,5.3150e+10,9.4758e+10
0.08438,0.01875,4.3245e-1,4.4849e+10,5.6752e+10
0.08646,0.01875,3.8418e-1,4.1877e+10,6.8571e+10
0.08854,0.01875,3.3448e-1,3.3924e+10,6.5530e+10
0.09062,0.01875,2.8226e-1,1.8631e+10,6.5163e+10
0.09271,0.01875,2.2594e-1,6.8917e+9,4.4249e+10
0.09479,0.01875,1.6594e-1,9.6427e+8,3.8440e+10
0.09688,0.01875,1.0237e-1,1.6002e+8,5.0832e+10
0.09896,0.01875,3.4924e-2,7.2407e+7,4.4402e+10
0.00104,0.02292,1.5867e+0,1.1333e+10,8.9113e+8
0.00313,0.02292,1.5885e+0,2.4917e+10,8.0080e+10
0.00521,0.02292,1.5882e+0,3.3364e+10,5.6411e+10
0.00729,0.02292,1.5885e+0,3.3788e+10,2.2353e+10
0.00937,0.02292,1.5911e+0,3.9257e+10,1.3657e+11
0.01146,0.02292,1.5886e+0,5.4216e+10,1.1524e+11
0.01354,0.02292,1.5848e+0,4.8411e+10,9.3733e+10
0.01563,0.02292,1.5814e+0,4.1124e+10,2.5644e+11
0.01771,0.02292,1.5667e+0,4.4104e+10,1.2187e+11
0.01979,0.02292,1.5505e+0,4.2838e+10,1.1739e+11
0.02187,0.02292,1.5331e+0,5.3845e+10,1.5756e+11
0.02396,0.02292,1.5131e+0,6.2650e+10,6.6556e+10
0.02604,0.02292,1.4969e+0,6.9378e+10,4.6237e+10
0.02813,0.02292,1.4856e+0,8.3681e+10,1.3377e+11
0.03021,0.02292,1.4736e+0,7.8276e+10,1.4377e+11
0.03229,0.02292,1.4593e+0,8.3117e+10,1.4315e+11
0.03438,0.02292,1.4428e+0,7.8379e+10,1.2678e+11
0.03646,0.02292,1.4245e+0,7.1414e+10,1.9638e+11
0.03854,0.02292,1.3993e+0,7.6253e+10,1.1663e+11
0.04063,0.02292,1.3737e+0,7.1168e+10,5.8565e+10
0.04271,0.02292,1.3516e+0,6.9685e+10,1.6270e+11
0.04479,0.02292,1.3261e+0,7.3320e+10,1.5187e+11
0.04688,0.02292,1.2979e+0,6.8960e+10,1.5636e+11
0.04896,0.02292,1.2667e+0,6.7582e+10,2.0199e+11
0.05104,0.02292,1.2298e+0,7.9690e+10,1.4887e+11
0.05312,0.02292,1.1918e+0,9.3763e+10,1.0772e+11
0.05521,0.02292,1.1558e+0,8.1123e+10,7.7561e+10
0.05729,0.02292,1.1215e+0,8.1634e+10,1.1276e+11
0.05937,0.02292,1.0864e+0,7.0174e+10,1.6198e+11
0.06146,0.02292,1.0465e+0,6.7695e+10,1.4039e+11
0.06354,0.02292,1.0035e+0,7.3907e+10,1.0781e+11
0.06563,0.02292,9.5994e-1,7.4755e+10,1.0544e+11
0.06771,0.02292,9.1574e-1,7.1984e+10,1.1577e+11
0.06979,0.02292,8.6993e-1,7.6584e+10,9.3277e+10
0.07187,0.02292,8.2476e-1,7.6494e+10,9.6606e+10
0.07396,0.02292,7.8031e-1,6.7935e+10,1.5098e+11
0.07604,0.02292,7.3224e-1,6.5547e+10,1.8177e+11
0.07813,0.02292,6.7810e-1,6.5645e+10,9.2173e+10
0.08021,0.02292,6.2345e-1,6.6903e+10,8.1952e+10
0.08229,0.02292,5.6845e-1,6.4934e+10,7.2448e+10
0.08438,0.02292,5.1340e-1,5.1902e+10,9.0169e+10
0.08646,0.02292,4.5630e-1,4.8386e+10,7.7705e+10
0.08854,0.02292,3.9796e-1,3.6096e+10,1.0111e+11
0.09062,0.02292,3.3581e-1,1.8814e+10,9.6982e+10
0.09271,0.02292,2.6853e-1,7.7544e+9,7.2782e+10
0.09479,0.02292,1.9646e-1,1.4176e+9,5.6020e+10
0.09688,0.02292,1.2019e-1,1.5551e+8,4.8275e+10
0.09896,0.02292,4.0400e-2,7.0781e+7,2.3472e+10
0.00104,0.02708,1.8407e+0,1.6170e+10,1.0242e+9
0.00313,0.02708,1.8434e+0,2.2157e+10,1.3839e+11
0.00521,0.02708,1.8412e+0,3.6775e+10,4.2943e+10
0.00729,0.02708,1.8413e+0,4.4625e+10,7.6453e+9
0.00937,0.02708,1.8449e+0,4.4852e+10,1.0822e+11
0.01146,0.02708,1.8449e+0,5.7709e+10,2.0097e+11
0.01354,0.02708,1.8372e+0,5.3913e+10,6.2171e+10
0.01563,0.02708,1.8315e+0,4.9154e+10,2.2141e+11
0.01771,0.02708,1.8154e+0,5.5886e+10,2.0428e+11
0.01979,0.02708,1.7926e+0,5.3814e+10,9.0528e+10
0.02187,0.02708,1.7707e+0,6.2583e+10,7.0611e+10
0.02396,0.02708,1.7509e+0,6.9865e+10,6.8947e+10
0.02604,0.02708,1.7339e+0,7.9927e+10,8.0169e+10
0.02813,0.02708,1.7194e+0,8.7659e+10,1.1228e+11
0.03021,0.02708,1.7054e+0,8.2497e+10,1.5388e+11
0.03229,0.02708,1.6881e+0,9.0883e+10,1.1648e+11
0.03438,0.02708,1.6706e+0,8.7318e+10,1.7611e+11
0.03646,0.02708,1.6482e+0,8.3975e+10,1.8175e+11
0.03854,0.02708,1.6205e+0,8.5436e+10,1.1448e+11
0.04063,0.02708,1.5929e+0,7.3531e+10,1.2681e+11
0.04271,0.02708,1.5641e+0,7.8816e+10,1.3234e+11
0.04479,0.02708,1.5340e+0,8.9554e+10,1.8865e+11
0.04688,0.02708,1.4997e+0,7.9735e+10,1.9569e+11
0.04896,0.02708,1.4604e+0,8.0729e+10,1.3691e+11
0.05104,0.02708,1.4200e+0,9.3136e+10,1.3273e+11
0.05312,0.02708,1.3796e+0,9.5228e+10,9.4472e+10
0.05521,0.02708,1.3418e+0,9.2217e+10,1.4487e+11
0.05729,0.02708,1.3026e+0,9.9035e+10,1.8479e+11
0.05937,0.02708,1.2596e+0,8.6856e+10,1.6015e+11
0.06146,0.02708,1.2133e+0,8.2492e+10,1.3367e+11
0.06354,0.02708,1.1648e+0,8.8516e+10,1.0640e+11
0.06563,0.02708,1.1164e+0,9.1386e+10,1.3792e+11
0.06771,0.02708,1.0664e+0,8.3884e+10,1.5826e+11
0.06979,0.02708,1.0132e+0,8.2025e+10,1.1637e+11
0.07187,0.02708,9.5984e-1,8.6584e+10,1.2151e+11
0.07396,0.02708,9.0590e-1,8.6256e+10,1.8451e+11
0.07604,0.02708,8.4621e-1,8.3592e+10,1.1892e+11
0.07813,0.02708,7.8391e-1,7.6055e+10,5.8748e+10
0.08021,0.02708,7.2193e-1,7.2851e+10,5.9039e+10
0.08229,0.02708,6.5971e-1,7.0912e+10,7.7569e+10
0.08438,0.02708,5.9602e-1,6.2373e+10,8.6293e+10
0.08646,0.02708,5.2977e-1,5.2787e+10,6.1191e+10
0.08854,0.02708,4.6193e-1,4.0615e+10,6.6538e+10
0.09062,0.02708,3.9124e-1,2.1730e+10,7.7453e+10
0.09271,0.02708,3.1615e-1,7.7129e+9,1.2846e+11
0.09479,0.02708,2.3317e-1,1.4770e+9,1.1639e+11
0.09688,0.02708,1.4364e-1,1.1137e+8,9.3238e+10
0.09896,0.02708,4.9337e-2,4.0700e+7,8.6595e+10
0.00104,0.03125,2.0778e+0,3.8361e+10,0.0000e+0
0.00313,0.03125,2.0806e+0,2.6313e+10,1.4585e+10
0.00521,0.03125,2.0845e+0,3.7008e+10,4.5489e+10
0.00729,0.03125,2.0897e+0,4.4070e+10,1.3060e+11
0.00937,0.03125,2.0918e+0,4.7795e+10,1.6612e+11
0.01146,0.03125,2.0892e+0,6.6792e+10,1.6671e+11
0.01354,0.03125,2.0837e+0,5.8615e+10,1.7360e+11
0.01563,0.03125,2.0742e+0,5.1338e+10,2.4241e+11
0.01771,0.03125,2.0539e+0,5.3636e+10,1.6067e+11
0.01979,0.03125,2.0293e+0,6.1234e+10,1.0763e+11
0.02187,0.03125,2.0048e+0,7.0464e+10,5.6695e+10
0.02396,0.03125,1.9844e+0,7.6425e+10,9.0816e+10
0.02604,0.03125,1.9659e+0,8.2567e+10,1.1580e+11
0.02813,0.03125,1.9479e+0,1.0278e+11,9.2414e+10
0.03021,0.03125,1.9324e+0,9.8621e+10,1.5651e+11
0.03229,0.03125,1.9142e+0,1.0633e+11,1.6092e+11
0.03438,0.03125,1.8949e+0,9.6016e+10,2.5210e+11
0.03646,0.03125,1.8678e+0,9.3846e+10,1.8329e+11
0.03854,0.03125,1.8381e+0,9.6611e+10,1.9561e+11
0.04063,0.03125,1.8059e+0,8.4338e+10,1.9073e+11
0.04271,0.03125,1.7711e+0,9.3381e+10,1.9987e+11
0.04479,0.03125,1.7333e+0,1.0188e+11,2.1365e+11
0.04688,0.03125,1.6913e+0,9.5192e+10,1.4957e+11
0.04896,0.03125,1.6478e+0,9.3898e+10,1.2049e+11
0.05104,0.03125,1.6045e+0,1.1348e+11,1.0967e+11
0.05312,0.03125,1.5632e+0,1.0478e+11,1.3047e+11
0.05521,0.03125,1.5226e+0,1.0025e+11,1.9622e+11
0.05729,0.03125,1.4783e+0,1.0317e+11,2.1975e+11
0.05937,0.03125,1.4288e+0,1.0221e+11,1.3554e+11
0.06146,0.03125,1.3793e+0,9.6905e+10,1.7875e+11
0.06354,0.03125,1.3265e+0,1.0128e+11,1.8984e+11
0.06563,0.03125,1.2707e+0,1.0215e+11,1.7672e+11
0.06771,0.03125,1.2127e+0,9.3988e+10,1.4935e+11
0.06979,0.03125,1.1531e+0,9.0325e+10,1.3448e+11
0.07187,0.03125,1.0923e+0,9.5173e+10,1.3232e+11
0.07396,0.03125,1.0301e+0,1.0318e+11,1.2996e+11
0.07604,0.03125,9.6615e-1,1.0232e+11,1.3031e+11
0.07813,0.03125,9.0053e-1,8.7899e+10,1.3689e+11
0.08021,0.03125,8.3216e-1,8.3568e+10,1.3481e+11
0.08229,0.03125,7.6117e-1,7.8817e+10,1.2288e+11
0.08438,0.03125,6.8779e-1,7.2638e+10,9.4215e+10
0.08646,0.03125,6.1336e-1,6.1447e+10,1.1608e+11
0.08854,0.03125,5.3573e-1,4.7158e+10,1.2285e+11
0.09062,0.03125,4.5344e-1,2.3860e+10,1.2452e+11
0.09271,0.03125,3.6451e-1,8.1741e+9,1.2366e+11
0.09479,0.03125,2.6757e-1,1.7718e+9,8.7869e+10
0.09688,0.03125,1.6484e-1,1.4414e+8,8.5179e+10
0.09896,0.03125,5.6686e-2,4.0736e+7,9.0723e+10
0.00104,0.03542,2.3053e+0,3.0760e+10,0.0000e+0
0.00313,0.03542,2.3079e+0,2.4235e+10,0.0000e+0
0.00521,0.03542,2.3124e+0,4.2304e+10,1.1684e+7
0.00729,0.03542,2.3193e+0,4.8963e+10,1.4528e+11
0.00937,0.03542,2.3204e+0,5.9158e+10,1.5399e+11
0.01146,0.03542,2.3170e+0,6.8186e+10,9.8210e+10
0.01354,0.03542,2.3148e+0,6.4761e+10,1.8718e+11
0.01563,0.03542,2.3081e+0,5.8258e+10,3.5967e+11
0.01771,0.03542,2.2861e+0,6.1662e+10,1.8393e+11
0.01979,0.03542,2.2615e+0,6.7678e+10,1.4988e+11
0.02187,0.03542,2.2359e+0,8.1936e+10,1.1599e+11
0.02396,0.03542,2.2120e+0,9.2721e+10,9.6633e+10
0.02604,0.03542,2.1916e+0,1.0019e+11,1.0651e+11
0.02813,0.03542,2.1741e+0,1.2298e+11,1.7428e+11
0.03021,0.03542,2.1571e+0,1.2032e+11,3.0287e+11
0.03229,0.03542,2.1320e+0,1.2170e+11,2.0228e+11
0.03438,0.03542,2.1072e+0,1.0630e+11,2.6940e+11
0.03646,0.03542,2.0764e+0,1.1728e+11,2.6392e+11
0.03854,0.03542,2.0416e+0,1.1100e+11,2.7082e+11
0.04063,0.03542,2.0023e+0,9.8397e+10,1.6948e+11
0.04271,0.03542,1.9639e+0,9.9126e+10,2.1469e+11
0.04479,0.03542,1.9220e+0,1.1391e+11,1.8112e+11
0.04688,0.03542,1.8789e+0,1.0621e+11,1.8099e+11
0.04896,0.03542,1.8337e+0,1.1062e+11,1.3432e+11
0.05104,0.03542,1.7891e+0,1.2365e+11,1.8848e+11
0.05312,0.03542,1.7424e+0,1.1913e+11,1.7868e+11
0.05521,0.03542,1.6939e+0,1.1091e+11,1.4421e+11
0.05729,0.03542,1.6457e+0,1.1746e+11,2.0289e+11
0.05937,0.03542,1.5943e+0,1.1064e+11,2.1459e+11
0.06146,0.03542,1.5396e+0,1.0793e+11,2.4583e+11
0.06354,0.03542,1.4797e+0,1.1296e+11,2.0200e+11
0.06563,0.03542,1.4177e+0,1.1593e+11,1.7570e+11
0.06771,0.03542,1.3549e+0,1.0808e+11,1.5641e+11
0.06979,0.03542,1.2914e+0,1.0879e+11,1.5968e+11
0.07187,0.03542,1.2262e+0,1.1344e+11,1.5202e+11
0.07396,0.03542,1.1594e+0,1.1782e+11,1.4368e+11
0.07604,0.03542,1.0913e+0,1.1569e+11,1.7113e+11
0.07813,0.03542,1.0199e+0,1.0037e+11,1.6993e+11
0.08021,0.03542,9.4407e-1,9.5236e+10,1.3290e+11
0.08229,0.03542,8.6561e-1,8.9454e+10,1.2491e+11
0.08438,0.03542,7.8428e-1,8.1594e+10,1.2655e+11
0.08646,0.03542,6.9994e-1,7.1168e+10,1.3190e+11
0.08854,0.03542,6.1187e-1,5.6164e+10,1.4891e+11
0.09062,0.03542,5.1845e-1,2.6513e+10,1.5998e+11
0.09271,0.03542,4.1703e-1,8.8320e+9,1.5673e+11
0.09479,0.03542,3.0682e-1,2.4038e+9,1.2301e+11
0.09688,0.03542,1.9007e-1,1.9291e+8,1.3734e+11
0.09896,0.03542,6.5758e-2,3.9775e+7,1.3055e+11
0.00104,0.03958,2.5213e+0,2.4386e+10,0.0000e+0
0.00313,0.03958,2.5262e+0,2.7827e+10,2.3996e+10
0.00521,0.03958,2.5350e+0,3.9487e+10,2.1899e+11
0.00729,0.03958,2.5370e+0,5.4226e+10,1.7332e+11
0.00937,0.03958,2.5382e+0,5.9634e+10,2.6034e+11
0.01146,0.03958,2.5326e+0,7.6756e+10,1.6009e+11
0.01354,0.03958,2.5279e+0,7.6977e+10,2.7815e+11
0.01563,0.03958,2.5166e+0,6.1013e+10,2.1603e+11
0.01771,0.03958,2.5010e+0,6.6098e+10,2.0548e+11
0.01979,0.03958,2.4824e+0,7.8584e+10,2.5836e+11
0.02187,0.03958,2.4589e+0,9.1634e+10,2.4179e+11
0.02396,0.03958,2.4325e+0,1.0383e+11,1.6653e+11
0.02604,0.03958,2.4094e+0,1.1870e+11,2.1364e+11
0.02813,0.03958,2.3873e+0,1.3367e+11,2.8085e+11
0.03021,0.03958,2.3626e+0,1.3030e+11,3.5021e+11
0.03229,0.03958,2.3300e+0,1.3605e+11,2.3371e+11
0.03438,0.03958,2.2984e+0,1.2239e+11,2.7111e+11
0.03646,0.03958,2.2628e+0,1.2962e+11,2.9781e+11
0.03854,0.03958,2.2209e+0,1.3001e+11,1.7664e+11
0.04063,0.03958,2.1807e+0,1.1394e+11,1.5089e+11
0.04271,0.03958,2.1421e+0,1.1173e+11,1.7667e+11
0.04479,0.03958,2.1020e+0,1.3217e+11,2.0499e+11
0.04688,0.03958,2.0597e+0,1.3002e+11,1.8165e+11
0.04896,0.03958,2.0172e+0,1.2732e+11,2.8011e+11
0.05104,0.03958,1.9697e+0,1.4163e+11,3.2373e+11
0.05312,0.03958,1.9173e+0,1.3202e+11,3.1827e+11
0.05521,0.03958,1.8609e+0,1.2188e+11,2.1993e+11
0.05729,0.03958,1.8061e+0,1.3660e+11,2.8284e+11
0.05937,0.03958,1.7478e+0,1.2771e+11,2.7256e+11
0.06146,0.03958,1.6850e+0,1.1857e+11,1.9080e+11
0.06354,0.03958,1.6212e+0,1.3249e+11,1.7472e+11
0.06563,0.03958,1.5573e+0,1.3825e+11,1.8858e+11
0.06771,0.03958,1.4927e+0,1.2591e+11,1.6942e+11
0.06979,0.03958,1.4278e+0,1.2657e+11,1.7394e+11
0.07187,0.03958,1.3624e+0,1.2481e+11,2.2385e+11
0.07396,0.03958,1.2931e+0,1.2850e+11,2.3036e+11
0.07604,0.03958,1.2200e+0,1.2930e+11,2.3245e+11
0.07813,0.03958,1.1427e+0,1.1333e+11,1.9752e+11
0.08021,0.03958,1.0628e+0,1.1166e+11,2.3509e+11
0.08229,0.03958,9.7845e-1,1.0713e+11,2.7553e+11
0.08438,0.03958,8.8688e-1,9.4310e+10,2.2125e+11
0.08646,0.03958,7.9067e-1,8.3442e+10,2.0506e+11
0.08854,0.03958,6.8886e-1,6.0865e+10,1.5926e+11
0.09062,0.03958,5.8247e-1,2.9168e+10,1.7270e+11
0.09271,0.03958,4.6778e-1,9.6369e+9,1.5574e+11
0.09479,0.03958,3.4428e-1,1.7569e+9,1.3700e+11
0.09688,0.03958,2.1284e-1,1.8374e+8,1.3592e+11
0.09896,0.03958,7.3429e-2,7.0070e+7,1.2888e+11
0.00104,0.04375,2.7060e+0,1.9525e+10,0.0000e+0
0.00313,0.04375,2.7118e+0,2.1505e+10,7.7319e+10
0.00521,0.04375,2.7196e+0,3.3722e+10,2.7696e+11
0.00729,0.04375,2.7186e+0,5.1015e+10,9.7726e+10
0.00937,0.04375,2.7221e+0,6.3290e+10,2.1616e+11
0.01146,0.04375,2.7221e+0,8.7375e+10,3.7233e+11
0.01354,0.04375,2.7094e+0,8.3085e+10,1.1472e+11
0.01563,0.04375,2.7008e+0,6.0867e+10,1.4380e+11
0.01771,0.04375,2.6919e+0,6.8363e+10,2.6088e+11
0.01979,0.04375,2.6758e+0,8.4766e+10,2.3229e+11
0.02187,0.04375,2.6554e+0,1.0465e+11,3.0617e+11
0.02396,0.04375,2.6288e+0,1.1076e+11,2.6287e+11
0.02604,0.04375,2.6008e+0,1.2525e+11,2.6144e+11
0.02813,0.04375,2.5712e+0,1.4611e+11,2.8991e+11
0.03021,0.04375,2.5386e+0,1.4019e+11,2.9370e+11
0.03229,0.04375,2.5017e+0,1.4677e+11,2.0039e+11
0.03438,0.04375,2.4673e+0,1.3546e+11,2.6308e+11
0.03646,0.04375,2.4300e+0,1.4081e+11,3.0249e+11
0.03854,0.04375,2.3877e+0,1.4990e+11,1.9326e+11
0.04063,0.04375,2.3493e+0,1.3443e+11,1.8472e+11
0.04271,0.04375,2.3136e+0,1.3567e+11,2.5092e+11
0.04479,0.04375,2.2761e+0,1.5063e+11,3.6244e+11
0.04688,0.04375,2.2321e+0,1.3712e+11,3.9490e+11
0.04896,0.04375,2.1802e+0,1.3896e+11,3.8393e+11
0.05104,0.04375,2.1207e+0,1.6022e+11,3.2074e+11
0.05312,0.04375,2.0582e+0,1.4992e+11,1.9194e+11
0.05521,0.04375,1.9996e+0,1.3311e+11,1.9838e+11
0.05729,0.04375,1.9425e+0,1.5554e+11,2.7790e+11
0.05937,0.04375,1.8822e+0,1.4183e+11,2.3682e+11
0.06146,0.04375,1.8205e+0,1.3427e+11,2.2673e+11
0.06354,0.04375,1.7579e+0,1.5119e+11,2.7377e+11
0.06563,0.04375,1.6927e+0,1.5496e+11,2.7294e+11
0.06771,0.04375,1.6255e+0,1.4487e+11,2.2821e+11
0.06979,0.04375,1.5590e+0,1.4103e+11,2.5558e+11
0.07187,0.04375,1.4911e+0,1.3969e+11,3.0534e+11
0.07396,0.04375,1.4181e+0,1.4369e+11,2.8980e+11
0.07604,0.04375,1.3415e+0,1.4419e+11,3.4478e+11
0.07813,0.04375,1.2574e+0,1.2759e+11,2.7590e+11
0.08021,0.04375,1.1696e+0,1.2441e+11,2.9844e+11
0.08229,0.04375,1.0760e+0,1.2582e+11,2.7816e+11
0.08438,0.04375,9.7749e-1,1.1152e+11,2.4699e+11
0.08646,0.04375,8.7509e-1,9.5974e+10,3.0552e+11
0.08854,0.04375,7.6305e-1,6.5288e+10,2.1669e+11
0.09062,0.04375,6.4475e-1,3.4683e+10,1.9419e+11
0.09271,0.04375,5.1857e-1,9.0602e+9,1.9433e+11
0.09479,0.04375,3.8227e-1,1.4743e+9,1.7509e+11
0.09688,0.04375,2.3645e-1,3.9495e+8,1.5158e+11
0.09896,0.04375,8.2487e-2,2.0601e+8,1.9114e+11
0.00104,0.04792,2.8505e+0,2.0758e+10,0.0000e+0
0.00313,0.04792,2.8533e+0,2.1258e+10,0.0000e+0
0.00521,0.04792,2.8582e+0,3.3267e+10,0.0000e+0
0.00729,0.04792,2.8654e+0,5.5396e+10,1.0165e+11
0.00937,0.04792,2.8709e+0,6.4434e+10,1.0294e+11
0.01146,0.04792,2.8772e+0,8.7333e+10,3.2627e+11
0.01354,0.04792,2.8716e+0,8.9570e+10,2.2856e+11
0.01563,0.04792,2.8642e+0,7.1927e+10,1.8009e+11
0.01771,0.04792,2.8575e+0,8.0216e+10,2.6346e+11
0.01979,0.04792,2.8474e+0,9.8478e+10,4.9014e+11
0.02187,0.04792,2.8221e+0,1.1881e+11,3.8380e+11
0.02396,0.04792,2.7926e+0,1.2679e+11,2.9178e+11
0.02604,0.04792,2.7648e+0,1.3385e+11,3.7632e+11
0.02813,0.04792,2.7314e+0,1.5618e+11,3.5912e+11
0.03021,0.04792,2.6935e+0,1.4779e+11,2.5899e+11
0.03229,0.04792,2.6553e+0,1.5363e+11,2.5312e+11
0.03438,0.04792,2.6168e+0,1.4873e+11,2.8357e+11
0.03646,0.04792,2.5750e+0,1.6337e+11,2.1391e+11
0.03854,0.04792,2.5344e+0,1.6785e+11,1.7313e+11
0.04063,0.04792,2.4990e+0,1.4813e+11,2.6189e+11
0.04271,0.04792,2.4632e+0,1.5035e+11,4.3068e+11
0.04479,0.04792,2.4175e+0,1.6265e+11,4.2346e+11
0.04688,0.04792,2.3634e+0,1.4610e+11,3.0116e+11
0.04896,0.04792,2.3063e+0,1.4808e+11,3.2415e+11
0.05104,0.04792,2.2430e+0,1.7515e+11,2.3964e+11
0.05312,0.04792,2.1801e+0,1.5842e+11,1.7393e+11
0.05521,0.04792,2.1207e+0,1.3699e+11,1.9028e+11
0.05729,0.04792,2.0613e+0,1.6297e+11,2.2514e+11
0.05937,0.04792,2.0011e+0,1.5399e+11,2.3509e+11
0.06146,0.04792,1.9393e+0,1.5158e+11,2.6114e+11
0.06354,0.04792,1.8745e+0,1.6372e+11,2.7134e+11
0.06563,0.04792,1.8072e+0,1.6297e+11,2.7024e+11
0.06771,0.04792,1.7374e+0,1.5900e+11,2.1972e+11
0.06979,0.04792,1.6684e+0,1.6066e+11,2.7930e+11
0.07187,0.04792,1.5957e+0,1.6090e+11,2.6260e+11
0.07396,0.04792,1.5202e+0,1.5521e+11,3.0159e+11
0.07604,0.04792,1.4390e+0,1.5725e+11,3.4143e+11
0.07813,0.04792,1.3492e+0,1.3829e+11,2.6990e+11
0.08021,0.04792,1.2543e+0,1.4104e+11,2.5237e+11
0.08229,0.04792,1.1552e+0,1.3401e+11,2.5516e+11
0.08438,0.04792,1.0510e+0,1.2248e+11,2.2932e+11
0.08646,0.04792,9.4260e-1,1.1318e+11,2.7852e+11
0.08854,0.04792,8.2556e-1,7.6067e+10,2.4829e+11
0.09062,0.04792,6.9970e-1,3.8897e+10,2.3270e+11
0.09271,0.04792,5.6341e-1,9.4951e+9,2.0146e+11
0.09479,0.04792,4.1625e-1,1.4866e+9,1.9355e+11
0.09688,0.04792,2.5798e-1,5.3936e+8,1.8706e+11
0.09896,0.04792,8.9048e-2,4.0223e+8,1.6365e+11
0.00104,0.05208,2.9796e+0,2.2335e+10,0.0000e+0
0.00313,0.05208,2.9825e+0,1.9655e+10,0.0000e+0
0.00521,0.05208,2.9884e+0,3.1771e+10,1.5474e+10
0.00729,0.05208,2.9976e+0,5.6180e+10,2.2070e+11
0.00937,0.05208,2.9986e+0,6.9954e+10,5.7126e+10
0.01146,0.05208,3.0049e+0,8.0973e+10,2.7217e+11
0.01354,0.05208,3.0018e+0,9.1083e+10,2.4850e+11
0.01563,0.05208,2.9939e+0,8.1047e+10,2.0554e+11
0.01771,0.05208,2.9836e+0,8.8445e+10,3.1018e+11
0.01979,0.05208,2.9639e+0,1.1357e+11,3.4870e+11
0.02187,0.05208,2.9331e+0,1.3351e+11,1.2474e+11
0.02396,0.05208,2.9078e+0,1.4247e+11,1.7273e+11
0.02604,0.05208,2.8851e+0,1.5159e+11,3.1260e+11
0.02813,0.05208,2.8561e+0,1.6923e+11,2.8182e+11
0.03021,0.05208,2.8254e+0,1.5225e+11,3.5145e+11
0.03229,0.05208,2.7881e+0,1.6117e+11,3.0159e+11
0.03438,0.05208,2.7476e+0,1.5809e+11,2.2176e+11
0.03646,0.05208,2.7082e+0,1.7122e+11,2.8883e+11
0.03854,0.05208,2.6670e+0,1.7741e+11,3.4067e+11
0.04063,0.05208,2.6216e+0,1.6415e+11,3.1288e+11
0.04271,0.05208,2.5722e+0,1.5700e+11,2.4743e+11
0.04479,0.05208,2.5200e+0,1.7132e+11,2.0828e+11
0.04688,0.05208,2.4674e+0,1.5544e+11,2.0827e+11
0.04896,0.05208,2.4126e+0,1.6463e+11,2.4506e+11
0.05104,0.05208,2.3533e+0,1.8890e+11,2.2799e+11
0.05312,0.05208,2.2930e+0,1.7603e+11,1.8511e+11
0.05521,0.05208,2.2341e+0,1.6262e+11,2.2846e+11
0.05729,0.05208,2.1726e+0,1.7701e+11,2.2963e+11
0.05937,0.05208,2.1094e+0,1.6087e+11,2.1903e+11
0.06146,0.05208,2.0441e+0,1.6420e+11,2.3596e+11
0.06354,0.05208,1.9763e+0,1.8351e+11,2.5273e+11
0.06563,0.05208,1.9071e+0,1.7468e+11,2.5811e+11
0.06771,0.05208,1.8354e+0,1.6912e+11,2.2431e+11
0.06979,0.05208,1.7635e+0,1.7238e+11,2.7082e+11
0.07187,0.05208,1.6883e+0,1.7096e+11,2.9543e+11
0.07396,0.05208,1.6083e+0,1.6845e+11,3.0483e+11
0.07604,0.05208,1.5224e+0,1.6040e+11,3.0578e+11
0.07813,0.05208,1.4295e+0,1.4922e+11,2.6884e+11
0.08021,0.05208,1.3312e+0,1.5500e+11,2.7144e+11
0.08229,0.05208,1.2268e+0,1.5008e+11,2.3717e+11
0.08438,0.05208,1.1182e+0,1.3115e+11,2.4277e+11
0.08646,0.05208,1.0036e+0,1.1720e+11,2.6519e+11
0.08854,0.05208,8.8064e-1,7.8651e+10,2.5345e+11
0.09062,0.05208,7.4755e-1,3.5954e+10,2.1727e+11
0.09271,0.05208,6.0418e-1,8.6618e+9,2.3585e+11
0.09479,0.05208,4.4778e-1,1.3734e+9,2.4361e+11
0.09688,0.05208,2.7765e-1,4.2715e+8,2.1641e+11
0.09896,0.05208,9.5580e-2,2.3295e+8,1.7143e+11
0.00104,0.05625,3.0922e+0,2.6438e+10,0.0000e+0
0.00313,0.05625,3.0943e+0,2.2172e+10,0.0000e+0
0.00521,0.05625,3.0985e+0,3.1819e+10,9.2536e+9
0.00729,0.05625,3.1050e+0,5.2874e+10,1.4353e+11
0.00937,0.05625,3.1060e+0,7.3393e+10,6.7082e+10
0.01146,0.05625,3.1088e+0,8.2244e+10,1.8126e+11
0.01354,0.05625,3.1050e+0,9.0850e+10,1.3707e+11
0.01563,0.05625,3.0986e+0,7.9930e+10,1.8528e+11
0.01771,0.05625,3.0851e+0,9.3795e+10,2.3490e+11
0.01979,0.05625,3.0614e+0,1.3928e+11,1.5425e+11
0.02187,0.05625,3.0356e+0,1.3851e+11,1.3718e+11
0.02396,0.05625,3.0108e+0,1.5205e+11,1.3249e+11
0.02604,0.05625,2.9890e+0,1.5663e+11,2.7286e+11
0.02813,0.05625,2.9604e+0,1.7388e+11,2.2612e+11
0.03021,0.05625,2.9311e+0,1.7184e+11,2.3729e+11
0.03229,0.05625,2.8996e+0,1.7753e+11,2.9763e+11
0.03438,0.05625,2.8632e+0,1.6883e+11,3.2984e+11
0.03646,0.05625,2.8212e+0,1.6957e+11,3.2155e+11
0.03854,0.05625,2.7742e+0,1.7513e+11,2.8701e+11
0.04063,0.05625,2.7237e+0,1.6760e+11,2.0880e+11
0.04271,0.05625,2.6739e+0,1.6893e+11,2.4926e+11
0.04479,0.05625,2.6221e+0,1.8448e+11,2.0886e+11
0.04688,0.05625,2.5732e+0,1.6956e+11,2.8740e+11
0.04896,0.05625,2.5214e+0,1.7605e+11,3.2797e+11
0.05104,0.05625,2.4655e+0,1.9305e+11,3.3538e+11
0.05312,0.05625,2.4063e+0,1.9012e+11,2.9029e+11
0.05521,0.05625,2.3461e+0,1.8536e+11,2.8685e+11
0.05729,0.05625,2.2834e+0,1.9358e+11,3.1653e+11
0.05937,0.05625,2.2171e+0,1.7205e+11,3.2675e+11
0.06146,0.05625,2.1452e+0,1.7290e+11,2.7465e+11
0.06354,0.05625,2.0709e+0,2.0137e+11,2.2087e+11
0.06563,0.05625,1.9994e+0,1.9694e+11,2.8623e+11
0.06771,0.05625,1.9257e+0,1.8828e+11,2.8086e+11
0.06979,0.05625,1.8497e+0,1.8283e+11,2.9644e+11
0.07187,0.05625,1.7699e+0,1.8682e+11,3.0059e+11
0.07396,0.05625,1.6866e+0,1.8036e+11,3.3557e+11
0.07604,0.05625,1.5977e+0,1.7349e+11,3.1767e+11
0.07813,0.05625,1.5046e+0,1.5870e+11,3.2408e+11
0.08021,0.05625,1.4060e+0,1.5180e+11,3.6021e+11
0.08229,0.05625,1.2990e+0,1.5554e+11,3.4621e+11
0.08438,0.05625,1.1851e+0,1.4308e+11,3.4024e+11
0.08646,0.05625,1.0634e+0,1.2660e+11,3.1651e+11
0.08854,0.05625,9.3318e-1,8.5695e+10,2.9511e+11
0.09062,0.05625,7.9230e-1,4.0531e+10,2.6528e+11
0.09271,0.05625,6.3913e-1,9.2310e+9,2.4515e+11
0.09479,0.05625,4.7247e-1,1.4328e+9,2.3194e+11
0.09688,0.05625,2.9236e-1,6.2667e+8,2.0456e+11
0.09896,0.05625,1.0041e-1,2.7313e+8,1.6433e+11
0.00104,0.06042,3.1958e+0,1.9939e+10,0.0000e+0
0.00313,0.06042,3.1965e+0,2.8224e+10,0.0000e+0
0.00521,0.06042,3.1983e+0,3.4408e+10,0.0000e+0
0.00729,0.06042,3.2012e+0,6.4138e+10,2.9670e+9
0.00937,0.06042,3.2066e+0,8.4594e+10,1.3211e+11
0.01146,0.06042,3.2086e+0,9.4155e+10,1.5978e+11
0.01354,0.06042,3.2068e+0,9.6672e+10,1.2511e+11
0.01563,0.06042,3.2042e+0,9.2593e+10,2.6073e+11
0.01771,0.06042,3.1919e+0,9.6593e+10,2.4760e+11
0.01979,0.06042,3.1731e+0,1.3561e+11,3.4703e+11
0.02187,0.06042,3.1446e+0,1.5355e+11,2.3622e+11
0.02396,0.06042,3.1159e+0,1.5377e+11,1.7381e+11
0.02604,0.06042,3.0912e+0,1.6010e+11,3.0512e+11
0.02813,0.06042,3.0601e+0,1.9182e+11,1.9140e+11
0.03021,0.06042,3.0331e+0,1.8586e+11,3.0510e+11
0.03229,0.06042,3.0020e+0,1.8740e+11,3.9378e+11
0.03438,0.06042,2.9602e+0,1.8022e+11,2.5298e+11
0.03646,0.06042,2.9167e+0,1.6821e+11,2.4800e+11
0.03854,0.06042,2.8709e+0,1.8059e+11,3.0336e+11
0.04063,0.06042,2.8202e+0,1.8012e+11,2.6894e+11
0.04271,0.06042,2.7682e+0,1.8246e+11,2.7493e+11
0.04479,0.06042,2.7143e+0,1.8782e+11,2.3078e+11
0.04688,0.06042,2.6622e+0,1.7458e+11,2.5547e+11
0.04896,0.06042,2.6085e+0,1.9030e+11,2.4421e+11
0.05104,0.06042,2.5551e+0,2.0357e+11,2.8212e+11
0.05312,0.06042,2.5018e+0,1.9865e+11,3.4891e+11
0.05521,0.06042,2.4454e+0,2.0730e+11,4.6695e+11
0.05729,0.06042,2.3797e+0,2.1586e+11,4.3372e+11
0.05937,0.06042,2.3081e+0,1.9071e+11,3.4494e+11
0.06146,0.06042,2.2338e+0,1.8574e+11,3.1543e+11
0.06354,0.06042,2.1574e+0,2.1015e+11,2.8597e+11
0.06563,0.06042,2.0821e+0,2.0982e+11,3.0497e+11
0.06771,0.06042,2.0056e+0,2.0116e+11,3.4414e+11
0.06979,0.06042,1.9248e+0,1.9862e+11,3.5459e+11
0.07187,0.06042,1.8388e+0,1.9811e+11,3.3653e+11
0.07396,0.06042,1.7480e+0,1.9524e+11,2.7722e+11
0.07604,0.06042,1.6549e+0,1.9167e+11,2.6032e+11
0.07813,0.06042,1.5599e+0,1.6847e+11,2.9873e+11
0.08021,0.06042,1.4593e+0,1.5516e+11,3.3636e+11
0.08229,0.06042,1.3500e+0,1.6835e+11,3.4168e+11
0.08438,0.06042,1.2333e+0,1.5306e+11,3.1973e+11
0.08646,0.06042,1.1097e+0,1.3584e+11,3.5578e+11
0.08854,0.06042,9.7528e-1,9.4017e+10,3.1949e+11
0.09062,0.06042,8.2908e-1,4.4405e+10,3.0128e+11
0.09271,0.06042,6.6832e-1,8.9541e+9,2.4854e+11
0.09479,0.06042,4.9382e-1,1.3757e+9,2.3111e+11
0.09688,0.06042,3.0637e-1,7.1503e+8,2.3569e+11
0.09896,0.06042,1.0573e-1,2.8017e+8,1.9989e+11
0.00104,0.06458,3.2998e+0,2.0595e+10,0.0000e+0
0.00313,0.06458,3.3001e+0,2.0964e+10,0.0000e+0
0.00521,0.06458,3.3006e+0,3.2830e+10,0.0000e+0
0.00729,0.06458,3.3018e+0,6.2834e+10,2.8505e+10
0.00937,0.06458,3.3029e+0,8.3751e+10,7.1095e+10
0.01146,0.06458,3.3025e+0,1.0179e+11,3.1779e+10
0.01354,0.06458,3.3048e+0,9.6584e+10,1.7504e+11
0.01563,0.06458,3.2994e+0,9.4520e+10,2.0408e+11
0.01771,0.06458,3.2843e+0,1.0527e+11,1.2835e+11
0.01979,0.06458,3.2674e+0,1.3602e+11,3.2610e+11
0.02187,0.06458,3.2389e+0,1.6099e+11,2.4147e+11
0.02396,0.06458,3.2084e+0,1.6151e+11,1.5370e+11
0.02604,0.06458,3.1819e+0,1.6323e+11,2.4856e+11
0.02813,0.06458,3.1524e+0,1.9844e+11,2.7789e+11
0.03021,0.06458,3.1218e+0,1.9920e+11,2.4415e+11
0.03229,0.06458,3.0921e+0,1.9219e+11,4.0562e+11
0.03438,0.06458,3.0513e+0,1.8775e+11,3.1171e+11
0.03646,0.06458,3.0065e+0,1.7675e+11,2.8957e+11
0.03854,0.06458,2.9586e+0,1.9312e+11,3.5101e+11
0.04063,0.06458,2.9050e+0,1.8536e+11,2.7412e+11
0.04271,0.06458,2.8512e+0,1.8389e+11,2.9929e+11
0.04479,0.06458,2.7953e+0,1.9594e+11,2.3833e+11
0.04688,0.06458,2.7417e+0,1.8444e+11,2.5274e+11
0.04896,0.06458,2.6868e+0,1.9090e+11,2.8567e+11
0.05104,0.06458,2.6285e+0,2.1084e+11,2.3724e+11
0.05312,0.06458,2.5713e+0,2.0156e+11,3.1627e+11
0.05521,0.06458,2.5093e+0,2.0995e+11,3.4965e+11
0.05729,0.06458,2.4411e+0,2.1949e+11,2.9106e+11
0.05937,0.06458,2.3716e+0,2.0064e+11,2.8881e+11
0.06146,0.06458,2.3003e+0,1.9704e+11,3.1681e+11
0.06354,0.06458,2.2260e+0,2.1746e+11,3.4015e+11
0.06563,0.06458,2.1490e+0,2.1463e+11,3.6387e+11
0.06771,0.06458,2.0672e+0,2.1488e+11,3.2996e+11
0.06979,0.06458,1.9819e+0,2.1156e+11,2.9814e+11
0.07187,0.06458,1.8938e+0,2.0529e+11,2.7407e+11
0.07396,0.06458,1.8035e+0,2.0007e+11,3.1657e+11
0.07604,0.06458,1.7080e+0,2.0275e+11,3.1347e+11
0.07813,0.06458,1.6074e+0,1.7903e+11,2.8673e+11
0.08021,0.06458,1.5012e+0,1.7170e+11,2.9063e+11
0.08229,0.06458,1.3877e+0,1.7813e+11,2.7380e+11
0.08438,0.06458,1.2683e+0,1.7865e+11,2.8277e+11
0.08646,0.06458,1.1429e+0,1.4135e+11,3.2095e+11
0.08854,0.06458,1.0068e+0,1.0133e+11,3.2357e+11
0.09062,0.06458,8.5749e-1,4.4256e+10,3.0999e+11
0.09271,0.06458,6.9234e-1,9.7411e+9,2.8875e+11
0.09479,0.06458,5.1067e-1,1.9294e+9,2.3047e+11
0.09688,0.06458,3.1596e-1,1.0274e+9,2.1472e+11
0.09896,0.06458,1.0905e-1,3.2772e+8,2.0151e+11
0.00104,0.06875,3.4078e+0,1.4443e+10,0.0000e+0
0.00313,0.06875,3.4083e+0,1.9129e+10,0.0000e+0
0.00521,0.06875,3.4094e+0,3.4430e+10,1.6943e+9
0.00729,0.06875,3.4117e+0,6.2461e+10,1.2940e+11
0.00937,0.06875,3.4093e+0,8.7163e+10,1.0671e+11
0.01146,0.06875,3.4071e+0,1.0755e+11,7.3262e+10
0.01354,0.06875,3.4095e+0,1.1254e+11,2.3719e+11
0.01563,0.06875,3.4047e+0,9.9390e+10,3.6527e+11
0.01771,0.06875,3.3839e+0,1.0382e+11,2.2697e+11
0.01979,0.06875,3.3583e+0,1.3387e+11,2.5526e+11
0.02187,0.06875,3.3267e+0,1.6174e+11,1.4065e+11
0.02396,0.06875,3.2977e+0,1.7654e+11,2.2090e+11
0.02604,0.06875,3.2666e+0,1.7307e+11,2.1790e+11
0.02813,0.06875,3.2334e+0,2.0434e+11,2.3564e+11
0.03021,0.06875,3.2008e+0,2.0821e+11,2.6492e+11
0.03229,0.06875,3.1687e+0,1.9862e+11,3.5545e+11
0.03438,0.06875,3.1300e+0,1.9150e+11,3.7402e+11
0.03646,0.06875,3.0838e+0,1.8847e+11,3.4901e+11
0.03854,0.06875,3.0309e+0,2.1117e+11,3.2603e+11
0.04063,0.06875,2.9736e+0,1.8876e+11,2.1602e+11
0.04271,0.06875,2.9170e+0,1.9634e+11,1.7632e+11
0.04479,0.06875,2.8641e+0,2.0780e+11,2.1665e+11
0.04688,0.06875,2.8146e+0,1.8733e+11,3.5307e+11
0.04896,0.06875,2.7586e+0,1.8981e+11,3.3901e+11
0.05104,0.06875,2.6986e+0,2.1550e+11,3.7788e+11
0.05312,0.06875,2.6329e+0,2.1061e+11,3.0095e+11
0.05521,0.06875,2.5644e+0,2.1595e+11,2.6003e+11
0.05729,0.06875,2.4949e+0,2.2253e+11,2.6241e+11
0.05937,0.06875,2.4243e+0,2.0700e+11,2.5635e+11
0.06146,0.06875,2.3516e+0,2.0481e+11,2.6954e+11
0.06354,0.06875,2.2762e+0,2.2412e+11,3.0342e+11
0.06563,0.06875,2.1983e+0,2.2783e+11,3.2590e+11
0.06771,0.06875,2.1173e+0,2.3415e+11,3.4802e+11
0.06979,0.06875,2.0333e+0,2.2372e+11,3.5358e+11
0.07187,0.06875,1.9463e+0,2.1725e+11,3.8752e+11
0.07396,0.06875,1.8538e+0,2.1188e+11,3.7091e+11
0.07604,0.06875,1.7572e+0,2.0726e+11,3.8603e+11
0.07813,0.06875,1.6548e+0,1.8389e+11,3.6802e+11
0.08021,0.06875,1.5462e+0,1.7518e+11,3.5395e+11
0.08229,0.06875,1.4308e+0,1.7330e+11,3.7122e+11
0.08438,0.06875,1.3065e+0,1.7678e+11,3.2640e+11
0.08646,0.06875,1.1755e+0,1.4084e+11,3.2121e+11
0.08854,0.06875,1.0343e+0,1.0530e+11,3.0960e+11
0.09062,0.06875,8.8037e-1,4.5929e+10,2.9307e+11
0.09271,0.06875,7.1034e-1,1.1133e+10,2.6125e+11
0.09479,0.06875,5.2448e-1,2.4060e+9,2.3894e+11
0.09688,0.06875,3.2446e-1,1.1393e+9,2.1908e+11
0.09896,0.06875,1.1186e-1,4.5238e+8,2.0085e+11
0.00104,0.07292,3.5165e+0,1.0985e+10,0.0000e+0
0.00313,0.07292,3.5179e+0,2.7123e+10,0.0000e+0
0.00521,0.07292,3.5211e+0,4.8131e+10,1.1314e+11
0.00729,0.07292,3.5193e+0,6.2014e+10,1.4651e+11
0.00937,0.07292,3.5106e+0,8.4259e+10,5.1908e+10
0.01146,0.07292,3.5044e+0,1.1947e+11,2.6696e+10
0.01354,0.07292,3.5041e+0,1.2437e+11,2.0490e+11
0.01563,0.07292,3.4975e+0,1.1317e+11,3.4157e+11
0.01771,0.07292,3.4752e+0,1.1137e+11,2.4603e+11
0.01979,0.07292,3.4471e+0,1.4356e+11,1.5209e+11
0.02187,0.07292,3.4219e+0,1.7608e+11,3.1828e+11
0.02396,0.07292,3.3921e+0,1.8623e+11,3.8820e+11
0.02604,0.07292,3.3558e+0,1.8655e+11,4.0322e+11
0.02813,0.07292,3.3116e+0,2.1640e+11,2.5923e+11
0.03021,0.07292,3.2696e+0,2.0528e+11,1.9794e+11
0.03229,0.07292,3.2313e+0,2.0640e+11,2.5156e+11
0.03438,0.07292,3.1917e+0,2.0301e+11,2.8195e+11
0.03646,0.07292,3.1485e+0,1.9150e+11,3.4197e+11
0.03854,0.07292,3.0969e+0,2.2417e+11,3.0464e+11
0.04063,0.07292,3.0424e+0,2.0434e+11,3.1252e+11
0.04271,0.07292,2.9845e+0,2.1824e+11,2.8046e+11
0.04479,0.07292,2.9265e+0,2.1800e+11,2.3675e+11
0.04688,0.07292,2.8707e+0,1.9349e+11,2.9395e+11
0.04896,0.07292,2.8094e+0,1.9472e+11,1.8015e+11
0.05104,0.07292,2.7507e+0,2.2661e+11,3.2256e+11
0.05312,0.07292,2.6876e+0,2.2593e+11,3.3850e+11
0.05521,0.07292,2.6202e+0,2.1244e+11,2.9050e+11
0.05729,0.07292,2.5513e+0,2.2360e+11,3.2760e+11
0.05937,0.07292,2.4798e+0,2.0442e+11,3.5235e+11
0.06146,0.07292,2.4029e+0,2.0326e+11,3.2587e+11
0.06354,0.07292,2.3221e+0,2.3475e+11,3.2783e+11
0.06563,0.07292,2.2390e+0,2.3505e+11,3.1134e+11
0.06771,0.07292,2.1536e+0,2.3554e+11,2.9810e+11
0.06979,0.07292,2.0667e+0,2.3178e+11,3.1422e+11
0.07187,0.07292,1.9772e+0,2.2835e+11,3.6818e+11
0.07396,0.07292,1.8813e+0,2.2787e+11,2.9658e+11
0.07604,0.07292,1.7841e+0,2.1966e+11,3.5059e+11
0.07813,0.07292,1.6811e+0,1.8391e+11,3.0619e+11
0.08021,0.07292,1.5733e+0,1.8355e+11,3.3523e+11
0.08229,0.07292,1.4592e+0,1.8246e+11,3.5151e+11
0.08438,0.07292,1.3377e+0,1.7678e+11,4.0187e+11
0.08646,0.07292,1.2050e+0,1.4484e+11,3.5277e+11
0.08854,0.07292,1.0627e+0,1.0529e+11,3.9932e+11
0.09062,0.07292,9.0478e-1,4.3946e+10,3.6120e+11
0.09271,0.07292,7.2906e-1,1.0278e+10,2.9636e+11
0.09479,0.07292,5.3759e-1,2.3693e+9,2.5042e+11
0.09688,0.07292,3.3261e-1,9.1958e+8,2.3750e+11
0.09896,0.07292,1.1450e-1,5.5107e+8,2.0099e+11
0.00104,0.07708,3.6180e+0,1.3152e+10,0.0000e+0
0.00313,0.07708,3.6221e+0,2.4162e+10,0.0000e+0
0.00521,0.07708,3.6315e+0,5.0624e+10,2.3705e+11
0.00729,0.07708,3.6342e+0,6.4871e+10,4.5057e+11
0.00937,0.07708,3.6186e+0,7.8543e+10,9.7087e+10
0.01146,0.07708,3.6093e+0,1.1268e+11,1.4783e+11
0.01354,0.07708,3.6011e+0,1.3019e+11,2.6195e+11
0.01563,0.07708,3.5889e+0,1.1490e+11,4.7783e+11
0.01771,0.07708,3.5593e+0,1.1922e+11,2.2761e+11
0.01979,0.07708,3.5324e+0,1.5394e+11,3.4681e+11
0.02187,0.07708,3.5018e+0,1.8017e+11,4.5573e+11
0.02396,0.07708,3.4609e+0,1.9916e+11,2.8944e+11
0.02604,0.07708,3.4210e+0,1.8598e+11,2.8299e+11
0.02813,0.07708,3.3803e+0,2.2613e+11,3.5882e+11
0.03021,0.07708,3.3368e+0,2.0456e+11,2.6903e+11
0.03229,0.07708,3.2949e+0,2.1266e+11,2.7677e+11
0.03438,0.07708,3.2529e+0,2.1250e+11,2.7386e+11
0.03646,0.07708,3.2105e+0,1.9189e+11,3.6974e+11
0.03854,0.07708,3.1603e+0,2.3147e+11,4.2430e+11
0.04063,0.07708,3.1029e+0,2.1999e+11,3.3638e+11
0.04271,0.07708,3.0437e+0,2.2510e+11,3.0936e+11
0.04479,0.07708,2.9850e+0,2.2113e+11,2.8157e+11
0.04688,0.07708,2.9279e+0,2.0345e+11,3.6443e+11
0.04896,0.07708,2.8648e+0,2.0221e+11,3.1102e+11
0.05104,0.07708,2.8000e+0,2.3148e+11,3.1411e+11
0.05312,0.07708,2.7344e+0,2.2502e+11,3.0383e+11
0.05521,0.07708,2.6677e+0,2.1431e+11,3.4775e+11
0.05729,0.07708,2.5954e+0,2.2918e+11,3.0336e+11
0.05937,0.07708,2.5210e+0,2.1159e+11,3.0717e+11
0.06146,0.07708,2.4421e+0,2.1357e+11,3.0146e+11
0.06354,0.07708,2.3588e+0,2.3821e+11,2.6157e+11
0.06563,0.07708,2.2752e+0,2.3548e+11,3.1889e+11
0.06771,0.07708,2.1874e+0,2.3704e+11,3.2628e+11
0.06979,0.07708,2.0949e+0,2.4333e+11,2.8020e+11
0.07187,0.07708,2.0003e+0,2.2758e+11,2.5722e+11
0.07396,0.07708,1.9034e+0,2.3219e+11,2.6164e+11
0.07604,0.07708,1.8041e+0,2.2242e+11,2.9871e+11
0.07813,0.07708,1.6990e+0,1.8954e+11,2.3702e+11
0.08021,0.07708,1.5900e+0,1.7957e+11,2.4180e+11
0.08229,0.07708,1.4760e+0,1.7907e+11,2.7327e+11
0.08438,0.07708,1.3552e+0,1.8174e+11,3.8105e+11
0.08646,0.07708,1.2210e+0,1.5649e+11,3.3215e+11
0.08854,0.07708,1.0757e+0,1.0487e+11,3.2716e+11
0.09062,0.07708,9.1582e-1,4.4531e+10,3.2079e+11
0.09271,0.07708,7.3747e-1,1.1318e+10,2.3988e+11
0.09479,0.07708,5.4422e-1,2.4831e+9,2.2496e+11
0.09688,0.07708,3.3717e-1,7.6935e+8,2.2966e+11
0.09896,0.07708,1.1657e-1,5.2977e+8,2.2205e+11
0.00104,0.08125,3.6913e+0,1.5247e+10,0.0000e+0
0.00313,0.08125,3.6942e+0,2.7343e+10,0.0000e+0
0.00521,0.08125,3.7007e+0,5.1819e+10,5.4758e+10
0.00729,0.08125,3.7084e+0,6.2289e+10,2.3954e+11
0.00937,0.08125,3.7070e+0,7.6529e+10,1.9619e+11
0.01146,0.08125,3.7045e+0,1.0887e+11,5.6897e+11
0.01354,0.08125,3.6795e+0,1.2745e+11,3.7390e+11
0.01563,0.08125,3.6468e+0,1.1386e+11,2.4305e+11
0.01771,0.08125,3.6121e+0,1.2992e+11,1.1942e+11
0.01979,0.08125,3.5840e+0,1.6033e+11,3.2547e+11
0.02187,0.08125,3.5497e+0,1.7467e+11,3.0632e+11
0.02396,0.08125,3.5114e+0,1.9692e+11,2.7897e+11
0.02604,0.08125,3.4721e+0,1.8945e+11,2.9924e+11
0.02813,0.08125,3.4306e+0,2.4260e+11,3.2032e+11
0.03021,0.08125,3.3896e+0,2.1643e+11,2.9120e+11
0.03229,0.08125,3.3495e+0,2.1802e+11,3.4494e+11
0.03438,0.08125,3.3069e+0,2.1051e+11,3.7874e+11
0.03646,0.08125,3.2579e+0,1.9996e+11,3.2983e+11
0.03854,0.08125,3.2037e+0,2.3744e+11,3.3488e+11
0.04063,0.08125,3.1460e+0,2.2710e+11,3.0028e+11
0.04271,0.08125,3.0865e+0,2.2646e+11,2.4820e+11
0.04479,0.08125,3.0284e+0,2.3075e+11,2.8433e+11
0.04688,0.08125,2.9688e+0,2.1573e+11,2.9342e+11
0.04896,0.08125,2.9043e+0,2.1213e+11,2.5906e+11
0.05104,0.08125,2.8366e+0,2.3714e+11,1.9094e+11
0.05312,0.08125,2.7718e+0,2.3269e+11,2.4128e+11
0.05521,0.08125,2.7057e+0,2.3619e+11,2.8948e+11
0.05729,0.08125,2.6353e+0,2.3258e+11,2.9020e+11
0.05937,0.08125,2.5611e+0,2.1680e+11,2.8453e+11
0.06146,0.08125,2.4823e+0,2.2517e+11,2.7911e+11
0.06354,0.08125,2.3999e+0,2.4089e+11,3.0615e+11
0.06563,0.08125,2.3131e+0,2.3542e+11,2.7526e+11
0.06771,0.08125,2.2233e+0,2.4888e+11,2.8869e+11
0.06979,0.08125,2.1308e+0,2.4043e+11,2.9795e+11
0.07187,0.08125,2.0347e+0,2.3846e+11,2.8261e+11
0.07396,0.08125,1.9366e+0,2.4425e+11,3.1311e+11
0.07604,0.08125,1.8348e+0,2.3510e+11,3.0358e+11
0.07813,0.08125,1.7290e+0,2.0260e+11,2.8594e+11
0.08021,0.08125,1.6188e+0,1.8383e+11,3.1514e+11
0.08229,0.08125,1.5019e+0,1.8244e+11,3.4788e+11
0.08438,0.08125,1.3767e+0,1.8045e+11,3.9754e+11
0.08646,0.08125,1.2393e+0,1.6002e+11,3.6057e+11
0.08854,0.08125,1.0917e+0,1.0711e+11,3.7816e+11
0.09062,0.08125,9.2947e-1,4.5392e+10,3.5048e+11
0.09271,0.08125,7.5034e-1,1.1053e+10,3.2159e+11
0.09479,0.08125,5.5378e-1,2.6610e+9,2.6679e+11
0.09688,0.08125,3.4243e-1,8.6087e+8,2.2950e+11
0.09896,0.08125,1.1831e-1,3.5025e+8,2.2187e+11
0.00104,0.08542,3.7461e+0,2.5952e+10,0.0000e+0
0.00313,0.08542,3.7484e+0,3.1466e+10,0.0000e+0
0.00521,0.08542,3.7528e+0,4.7303e+10,7.4800e+9
0.00729,0.08542,3.7595e+0,5.6749e+10,1.0549e+11
0.00937,0.08542,3.7637e+0,8.1257e+10,3.1927e+11
0.01146,0.08542,3.7555e+0,1.1291e+11,4.5634e+11
0.01354,0.08542,3.7285e+0,1.2216e+11,3.6277e+11
0.01563,0.08542,3.6907e+0,1.1002e+11,1.3299e+11
0.01771,0.08542,3.6561e+0,1.2735e+11,1.7723e+11
0.01979,0.08542,3.6214e+0,1.6931e+11,2.0257e+11
0.02187,0.08542,3.5863e+0,1.7434e+11,1.8380e+11
0.02396,0.08542,3.5540e+0,1.9201e+11,4.3192e+11
0.02604,0.08542,3.5102e+0,1.9748e+11,2.6551e+11
0.02813,0.08542,3.4668e+0,2.4219e+11,2.5406e+11
0.03021,0.08542,3.4263e+0,2.2332e+11,2.9475e+11
0.03229,0.08542,3.3850e+0,2.2963e+11,2.9184e+11
0.03438,0.08542,3.3443e+0,2.1843e+11,3.8859e+11
0.03646,0.08542,3.2975e+0,2.1776e+11,4.1801e+11
0.03854,0.08542,3.2429e+0,2.4237e+11,3.6948e+11
0.04063,0.08542,3.1851e+0,2.2451e+11,2.6748e+11
0.04271,0.08542,3.1282e+0,2.2593e+11,2.4368e+11
0.04479,0.08542,3.0722e+0,2.4059e+11,2.7537e+11
0.04688,0.08542,3.0158e+0,2.2547e+11,3.5357e+11
0.04896,0.08542,2.9528e+0,2.2008e+11,3.0276e+11
0.05104,0.08542,2.8870e+0,2.4069e+11,2.6947e+11
0.05312,0.08542,2.8223e+0,2.4309e+11,3.2898e+11
0.05521,0.08542,2.7545e+0,2.5098e+11,3.5042e+11
0.05729,0.08542,2.6826e+0,2.4843e+11,3.2090e+11
0.05937,0.08542,2.6087e+0,2.2732e+11,3.2339e+11
0.06146,0.08542,2.5316e+0,2.3867e+11,3.9053e+11
0.06354,0.08542,2.4489e+0,2.5368e+11,3.9768e+11
0.06563,0.08542,2.3615e+0,2.4822e+11,3.9754e+11
0.06771,0.08542,2.2691e+0,2.5159e+11,3.5907e+11
0.06979,0.08542,2.1739e+0,2.4735e+11,3.6185e+11
0.07187,0.08542,2.0747e+0,2.4592e+11,3.1857e+11
0.07396,0.08542,1.9741e+0,2.5236e+11,3.2976e+11
0.07604,0.08542,1.8713e+0,2.4011e+11,3.7663e+11
0.07813,0.08542,1.7621e+0,2.0652e+11,3.6294e+11
0.08021,0.08542,1.6449e+0,1.9097e+11,3.1899e+11
0.08229,0.08542,1.5216e+0,1.9272e+11,3.3219e+11
0.08438,0.08542,1.3913e+0,1.8385e+11,3.7983e+11
0.08646,0.08542,1.2493e+0,1.7023e+11,3.6478e+11
0.08854,0.08542,1.0956e+0,1.1254e+11,2.9060e+11
0.09062,0.08542,9.3062e-1,5.0134e+10,2.5795e+11
0.09271,0.08542,7.5227e-1,9.7038e+9,2.7335e+11
0.09479,0.08542,5.5742e-1,2.4489e+9,2.8920e+11
0.09688,0.08542,3.4571e-1,7.4657e+8,2.5931e+11
0.09896,0.08542,1.1985e-1,2.3131e+8,2.5135e+11
0.00104,0.08958,3.7912e+0,3.5236e+10,0.0000e+0
0.00313,0.08958,3.7946e+0,3.3315e+10,3.3709e+10
0.00521,0.08958,3.7996e+0,4.4749e+10,1.7063e+11
0.00729,0.08958,3.7989e+0,5.6063e+10,1.0115e+11
0.00937,0.08958,3.7970e+0,8.2723e+10,1.8987e+11
0.01146,0.08958,3.7869e+0,1.1632e+11,2.8087e+11
0.01354,0.08958,3.7646e+0,1.2141e+11,2.6330e+11
0.01563,0.08958,3.7342e+0,1.0612e+11,1.8450e+11
0.01771,0.08958,3.7014e+0,1.2168e+11,2.1511e+11
0.01979,0.08958,3.6647e+0,1.6861e+11,2.8520e+11
0.02187,0.08958,3.6215e+0,1.7690e+11,1.7554e+11
0.02396,0.08958,3.5804e+0,2.0204e+11,2.1059e+11
0.02604,0.08958,3.5392e+0,2.0975e+11,2.0752e+11
0.02813,0.08958,3.4999e+0,2.4010e+11,3.5566e+11
0.03021,0.08958,3.4555e+0,2.2745e+11,2.9814e+11
0.03229,0.08958,3.4085e+0,2.3475e+11,2.3617e+11
0.03438,0.08958,3.3638e+0,2.2910e+11,2.7295e+11
0.03646,0.08958,3.3169e+0,2.2504e+11,2.7655e+11
0.03854,0.08958,3.2667e+0,2.4542e+11,2.2934e+11
0.04063,0.08958,3.2192e+0,2.2432e+11,2.7320e+11
0.04271,0.08958,3.1718e+0,2.3230e+11,4.0697e+11
0.04479,0.08958,3.1175e+0,2.4679e+11,3.7624e+11
0.04688,0.08958,3.0593e+0,2.2770e+11,3.4131e+11
0.04896,0.08958,2.9974e+0,2.3020e+11,2.9974e+11
0.05104,0.08958,2.9345e+0,2.4742e+11,3.4507e+11
0.05312,0.08958,2.8691e+0,2.4945e+11,3.8097e+11
0.05521,0.08958,2.7986e+0,2.5487e+11,3.4511e+11
0.05729,0.08958,2.7260e+0,2.4376e+11,3.6816e+11
0.05937,0.08958,2.6490e+0,2.3308e+11,3.6524e+11
0.06146,0.08958,2.5669e+0,2.4940e+11,3.3612e+11
0.06354,0.08958,2.4821e+0,2.7138e+11,3.5690e+11
0.06563,0.08958,2.3947e+0,2.5285e+11,3.4504e+11
0.06771,0.08958,2.3039e+0,2.5033e+11,3.6319e+11
0.06979,0.08958,2.2087e+0,2.5906e+11,3.7882e+11
0.07187,0.08958,2.1091e+0,2.5155e+11,3.4834e+11
0.07396,0.08958,2.0072e+0,2.5197e+11,3.4781e+11
0.07604,0.08958,1.9026e+0,2.3532e+11,4.0381e+11
0.07813,0.08958,1.7901e+0,2.1640e+11,4.1315e+11
0.08021,0.08958,1.6670e+0,2.0449e+11,3.1285e+11
0.08229,0.08958,1.5390e+0,2.0353e+11,3.2998e+11
0.08438,0.08958,1.4041e+0,1.9111e+11,3.4499e+11
0.08646,0.08958,1.2594e+0,1.6517e+11,3.3887e+11
0.08854,0.08958,1.1036e+0,1.0990e+11,2.8929e+11
0.09062,0.08958,9.3583e-1,4.8432e+10,2.5025e+11
0.09271,0.08958,7.5410e-1,9.7757e+9,2.3688e+11
0.09479,0.08958,5.5632e-1,3.1111e+9,2.2038e+11
0.09688,0.08958,3.4312e-1,9.0503e+8,1.8350e+11
0.09896,0.08958,1.1755e-1,2.4909e+8,1.6396e+11
0.00104,0.09375,3.8205e+0,3.8533e+10,0.0000e+0
0.00313,0.09375,3.8228e+0,3.7436e+10,7.6453e+9
0.00521,0.09375,3.8265e+0,4.6868e+10,2.4513e+10
0.00729,0.09375,3.8304e+0,5.6423e+10,3.5848e+10
0.00937,0.09375,3.8348e+0,8.2301e+10,2.7009e+11
0.01146,0.09375,3.8271e+0,1.1693e+11,3.8220e+11
0.01354,0.09375,3.8050e+0,1.1898e+11,2.4681e+11
0.01563,0.09375,3.7796e+0,9.8321e+10,2.4776e+11
0.01771,0.09375,3.7491e+0,1.2138e+11,2.6498e+11
0.01979,0.09375,3.7140e+0,1.8334e+11,4.7759e+11
0.02187,0.09375,3.6647e+0,1.8610e+11,2.1717e+11
0.02396,0.09375,3.6190e+0,2.1369e+11,2.5748e+11
0.02604,0.09375,3.5739e+0,2.1050e+11,2.2912e+11
0.02813,0.09375,3.5301e+0,2.4377e+11,2.8379e+11
0.03021,0.09375,3.4850e+0,2.3330e+11,3.3673e+11
0.03229,0.09375,3.4345e+0,2.4266e+11,1.8562e+11
0.03438,0.09375,3.3895e+0,2.3281e+11,2.5286e+11
0.03646,0.09375,3.3441e+0,2.2979e+11,2.9729e+11
0.03854,0.09375,3.2953e+0,2.4483e+11,2.6681e+11
0.04063,0.09375,3.2472e+0,2.3138e+11,2.6660e+11
0.04271,0.09375,3.1985e+0,2.3989e+11,2.9273e+11
0.04479,0.09375,3.1478e+0,2.4954e+11,3.3822e+11
0.04688,0.09375,3.0929e+0,2.3322e+11,3.2445e+11
0.04896,0.09375,3.0343e+0,2.3372e+11,3.4208e+11
0.05104,0.09375,2.9719e+0,2.5143e+11,3.6410e+11
0.05312,0.09375,2.9059e+0,2.5528e+11,4.1041e+11
0.05521,0.09375,2.8334e+0,2.6925e+11,3.7141e+11
0.05729,0.09375,2.7591e+0,2.4884e+11,3.9813e+11
0.05937,0.09375,2.6792e+0,2.3371e+11,3.2579e+11
0.06146,0.09375,2.5970e+0,2.4676e+11,3.6388e+11
0.06354,0.09375,2.5104e+0,2.7257e+11,3.1952e+11
0.06563,0.09375,2.4241e+0,2.5230e+11,3.8051e+11
0.06771,0.09375,2.3318e+0,2.5738e+11,3.6445e+11
0.06979,0.09375,2.2349e+0,2.5035e+11,3.3844e+11
0.07187,0.09375,2.1344e+0,2.5465e+11,3.0939e+11
0.07396,0.09375,2.0321e+0,2.5214e+11,3.4574e+11
0.07604,0.09375,1.9248e+0,2.3615e+11,3.5028e+11
0.07813,0.09375,1.8114e+0,2.2077e+11,3.9896e+11
0.08021,0.09375,1.6877e+0,2.1160e+11,3.4561e+11
0.08229,0.09375,1.5579e+0,2.0006e+11,3.5158e+11
0.08438,0.09375,1.4211e+0,1.8902e+11,3.7997e+11
0.08646,0.09375,1.2745e+0,1.6702e+11,3.4940e+11
0.08854,0.09375,1.1179e+0,1.1705e+11,3.1380e+11
0.09062,0.09375,9.4965e-1,5.0377e+10,3.0201e+11
0.09271,0.09375,7.6582e-1,9.7199e+9,2.6009e+11
0.09479,0.09375,5.6672e-1,3.3845e+9,2.7302e+11
0.09688,0.09375,3.5154e-1,1.2319e+9,2.6284e+11
0.09896,0.09375,1.2129e-1,3.9167e+8,2.2497e+11
0.00104,0.09792,3.8436e+0,4.0459e+10,0.0000e+0
0.00313,0.09792,3.8467e+0,3.8120e+10,0.0000e+0
0.00521,0.09792,3.8534e+0,4.4103e+10,6.1024e+10
0.00729,0.09792,3.8615e+0,5.1582e+10,2.0487e+11
0.00937,0.09792,3.8637e+0,7.5490e+10,3.4264e+11
0.01146,0.09792,3.8524e+0,1.0950e+11,2.9434e+11
0.01354,0.09792,3.8327e+0,1.2034e+11,1.7707e+11
0.01563,0.09792,3.8138e+0,9.6463e+10,3.1700e+11
0.01771,0.09792,3.7850e+0,1.2327e+11,3.7082e+11
0.01979,0.09792,3.7457e+0,1.7953e+11,3.5616e+11
0.02187,0.09792,3.7019e+0,1.9233e+11,3.5302e+11
0.02396,0.09792,3.6569e+0,2.1770e+11,3.5182e+11
0.02604,0.09792,3.6124e+0,2.1796e+11,3.8188e+11
0.02813,0.09792,3.5653e+0,2.4237e+11,3.6546e+11
0.03021,0.09792,3.5174e+0,2.3565e+11,3.3620e+11
0.03229,0.09792,3.4686e+0,2.5515e+11,3.2196e+11
0.03438,0.09792,3.4215e+0,2.3281e+11,3.0019e+11
0.03646,0.09792,3.3743e+0,2.3312e+11,3.1516e+11
0.03854,0.09792,3.3248e+0,2.5402e+11,2.9317e+11
0.04063,0.09792,3.2762e+0,2.4502e+11,3.0636e+11
0.04271,0.09792,3.2266e+0,2.4107e+11,2.9555e+11
0.04479,0.09792,3.1762e+0,2.4080e+11,3.1524e+11
0.04688,0.09792,3.1233e+0,2.2928e+11,3.6995e+11
0.04896,0.09792,3.0628e+0,2.3695e+11,3.2692e+11
0.05104,0.09792,2.9987e+0,2.5934e+11,3.5129e+11
0.05312,0.09792,2.9306e+0,2.6471e+11,4.0598e+11
0.05521,0.09792,2.8545e+0,2.6721e+11,2.9754e+11
0.05729,0.09792,2.7790e+0,2.4812e+11,3.1679e+11
0.05937,0.09792,2.7010e+0,2.2990e+11,3.1182e+11
0.06146,0.09792,2.6194e+0,2.4750e+11,3.2868e+11
0.06354,0.09792,2.5339e+0,2.6931e+11,3.0551e+11
0.06563,0.09792,2.4485e+0,2.5610e+11,3.8892e+11
0.06771,0.09792,2.3565e+0,2.6499e+11,3.7512e+11
0.06979,0.09792,2.2595e+0,2.5672e+11,3.1083e+11
0.07187,0.09792,2.1618e+0,2.5678e+11,3.8764e+11
0.07396,0.09792,2.0591e+0,2.5904e+11,4.5113e+11
0.07604,0.09792,1.9481e+0,2.4351e+11,4.2346e+11
0.07813,0.09792,1.8302e+0,2.3472e+11,4.2672e+11
0.08021,0.09792,1.7036e+0,2.2235e+11,3.6781e+11
0.08229,0.09792,1.5708e+0,2.0236e+11,3.4148e+11
0.08438,0.09792,1.4315e+0,1.8959e+11,3.1784e+11
0.08646,0.09792,1.2865e+0,1.6932e+11,3.5530e+11
0.08854,0.09792,1.1323e+0,1.0682e+11,3.7859e+11
0.09062,0.09792,9.6303e-1,4.3761e+10,3.3716e+11
0.09271,0.09792,7.7716e-1,9.4518e+9,2.9820e+11
0.09479,0.09792,5.7495e-1,3.1480e+9,2.8063e+11
0.09688,0.09792,3.5723e-1,1.2311e+9,2.8168e+11
0.09896,0.09792,1.2368e-1,2.8828e+8,2.4673e+11
0.00104,0.10208,3.8539e+0,4.4790e+10,0.0000e+0
0.00313,0.10208,3.8554e+0,3.7861e+10,0.0000e+0
0.00521,0.10208,3.8580e+0,4.4422e+10,5.1420e+6
0.00729,0.10208,3.8620e+0,5.2969e+10,2.8074e+10
0.00937,0.10208,3.8663e+0,7.6763e+10,1.6997e+11
0.01146,0.10208,3.8647e+0,1.0895e+11,3.5085e+11
0.01354,0.10208,3.8514e+0,1.1849e+11,3.4423e+11
0.01563,0.10208,3.8309e+0,9.7347e+10,3.4678e+11
0.01771,0.10208,3.8016e+0,1.2646e+11,4.7378e+11
0.01979,0.10208,3.7571e+0,1.7495e+11,3.1141e+11
0.02187,0.10208,3.7107e+0,1.9237e+11,2.2559e+11
0.02396,0.10208,3.6659e+0,2.1890e+11,1.7698e+11
0.02604,0.10208,3.6241e+0,2.1893e+11,2.2819e+11
0.02813,0.10208,3.5797e+0,2.4973e+11,2.3450e+11
0.03021,0.10208,3.5347e+0,2.4695e+11,2.4332e+11
0.03229,0.10208,3.4879e+0,2.5131e+11,1.8738e+11
0.03438,0.10208,3.4436e+0,2.2950e+11,2.1328e+11
0.03646,0.10208,3.3989e+0,2.4107e+11,2.9412e+11
0.03854,0.10208,3.3495e+0,2.6080e+11,2.6805e+11
0.04063,0.10208,3.2997e+0,2.5169e+11,2.4168e+11
0.04271,0.10208,3.2502e+0,2.5071e+11,2.3357e+11
0.04479,0.10208,3.2014e+0,2.5026e+11,2.9077e+11
0.04688,0.10208,3.1498e+0,2.4019e+11,3.8866e+11
0.04896,0.10208,3.0879e+0,2.3970e+11,3.0867e+11
0.05104,0.10208,3.0234e+0,2.6098e+11,3.8453e+11
0.05312,0.10208,2.9539e+0,2.6187e+11,4.4467e+11
0.05521,0.10208,2.8751e+0,2.6114e+11,2.7026e+11
0.05729,0.10208,2.7989e+0,2.4766e+11,3.0205e+11
0.05937,0.10208,2.7224e+0,2.3457e+11,3.3373e+11
0.06146,0.10208,2.6433e+0,2.5019e+11,4.3302e+11
0.06354,0.10208,2.5568e+0,2.7005e+11,3.7206e+11
0.06563,0.10208,2.4686e+0,2.6465e+11,3.6974e+11
0.06771,0.10208,2.3784e+0,2.5935e+11,4.4279e+11
0.06979,0.10208,2.2813e+0,2.6657e+11,4.2829e+11
0.07187,0.10208,2.1798e+0,2.6380e+11,4.5729e+11
0.07396,0.10208,2.0709e+0,2.5935e+11,4.3506e+11
0.07604,0.10208,1.9546e+0,2.5848e+11,3.3873e+11
0.07813,0.10208,1.8370e+0,2.4249e+11,4.0030e+11
0.08021,0.10208,1.7122e+0,2.2270e+11,3.9088e+11
0.08229,0.10208,1.5797e+0,1.9737e+11,3.7499e+11
0.08438,0.10208,1.4387e+0,1.8894e+11,3.3085e+11
0.08646,0.10208,1.2913e+0,1.7850e+11,3.2652e+11
0.08854,0.10208,1.1365e+0,1.0350e+11,3.4263e+11
0.09062,0.10208,9.6704e-1,4.2136e+10,3.0443e+11
0.09271,0.10208,7.8063e-1,9.2520e+9,2.7896e+11
0.09479,0.10208,5.7652e-1,3.2344e+9,2.3619e+11
0.09688,0.10208,3.5752e-1,1.3206e+9,2.3452e+11
0.09896,0.10208,1.2411e-1,2.3143e+8,2.5064e+11
0.00104,0.10625,3.8663e+0,4.3575e+10,0.0000e+0
0.00313,0.10625,3.8662e+0,3.6081e+10,0.0000e+0
0.00521,0.10625,3.8654e+0,4.2710e+10,0.0000e+0
0.00729,0.10625,3.8641e+0,5.2260e+10,7.7438e+7
0.00937,0.10625,3.8623e+0,7.5033e+10,1.0440e+11
0.01146,0.10625,3.8536e+0,1.1068e+11,1.4814e+11
0.01354,0.10625,3.8381e+0,1.2627e+11,1.4987e+11
0.01563,0.10625,3.8180e+0,9.7779e+10,2.1426e+11
0.01771,0.10625,3.7871e+0,1.2180e+11,1.4019e+11
0.01979,0.10625,3.7522e+0,1.6787e+11,8.8465e+10
0.02187,0.10625,3.7206e+0,1.8104e+11,1.2475e+11
0.02396,0.10625,3.6908e+0,2.0889e+11,2.6937e+11
0.02604,0.10625,3.6571e+0,2.1592e+11,3.6855e+11
0.02813,0.10625,3.6145e+0,2.5766e+11,2.9140e+11
0.03021,0.10625,3.5732e+0,2.5144e+11,3.6170e+11
0.03229,0.10625,3.5289e+0,2.4359e+11,3.3741e+11
0.03438,0.10625,3.4836e+0,2.2613e+11,3.2936e+11
0.03646,0.10625,3.4359e+0,2.4813e+11,3.6803e+11
0.03854,0.10625,3.3847e+0,2.6963e+11,3.2746e+11
0.04063,0.10625,3.3352e+0,2.5506e+11,3.2842e+11
0.04271,0.10625,3.2862e+0,2.5625e+11,3.8767e+11
0.04479,0.10625,3.2343e+0,2.6161e+11,3.9590e+11
0.04688,0.10625,3.1805e+0,2.4637e+11,5.5251e+11
0.04896,0.10625,3.1131e+0,2.4858e+11,4.3749e+11
0.05104,0.10625,3.0397e+0,2.6355e+11,2.8887e+11
0.05312,0.10625,2.9692e+0,2.5740e+11,3.6821e+11
0.05521,0.10625,2.8939e+0,2.6622e+11,3.7304e+11
0.05729,0.10625,2.8145e+0,2.5171e+11,3.1913e+11
0.05937,0.10625,2.7334e+0,2.3537e+11,2.8737e+11
0.06146,0.10625,2.6508e+0,2.5454e+11,3.1732e+11
0.06354,0.10625,2.5657e+0,2.7442e+11,3.8686e+11
0.06563,0.10625,2.4750e+0,2.7227e+11,3.4605e+11
0.06771,0.10625,2.3817e+0,2.6636e+11,3.8488e+11
0.06979,0.10625,2.2822e+0,2.6142e+11,3.3853e+11
0.07187,0.10625,2.1786e+0,2.6710e+11,3.5417e+11
0.07396,0.10625,2.0696e+0,2.6358e+11,3.6004e+11
0.07604,0.10625,1.9543e+0,2.5760e+11,3.2380e+11
0.07813,0.10625,1.8354e+0,2.4391e+11,3.1673e+11
0.08021,0.10625,1.7123e+0,2.2429e+11,3.6892e+11
0.08229,0.10625,1.5807e+0,2.0752e+11,3.5953e+11
0.08438,0.10625,1.4408e+0,1.8766e+11,3.2294e+11
0.08646,0.10625,1.2939e+0,1.8461e+11,3.1157e+11
0.08854,0.10625,1.1399e+0,1.1021e+11,3.1464e+11
0.09062,0.10625,9.7266e-1,4.3832e+10,3.2037e+11
0.09271,0.10625,7.8769e-1,9.1961e+9,3.2328e+11
0.09479,0.10625,5.8306e-1,3.1568e+9,2.8846e+11
0.09688,0.10625,3.6168e-1,1.3568e+9,2.6258e+11
0.09896,0.10625,1.2538e-1,2.5250e+8,2.5202e+11
0.00104,0.11042,3.8933e+0,4.4398e+10,0.0000e+0
0.00313,0.11042,3.8924e+0,4.1482e+10,0.0000e+0
0.00521,0.11042,3.8899e+0,5.2052e+10,0.0000e+0
0.00729,0.11042,3.8865e+0,5.3642e+10,3.8218e+9
0.00937,0.11042,3.8817e+0,7.3719e+10,1.6287e+11
0.01146,0.11042,3.8660e+0,1.0667e+11,8.6374e+10
0.01354,0.11042,3.8474e+0,1.2785e+11,1.1169e+11
0.01563,0.11042,3.8249e+0,9.9062e+10,9.2273e+10
0.01771,0.11042,3.7985e+0,1.2667e+11,7.3867e+10
0.01979,0.11042,3.7734e+0,1.7092e+11,1.1556e+11
0.02187,0.11042,3.7520e+0,1.8014e+11,2.9824e+11
0.02396,0.11042,3.7239e+0,1.9835e+11,3.3651e+11
0.02604,0.11042,3.6896e+0,2.2643e+11,4.4406e+11
0.02813,0.11042,3.6461e+0,2.6599e+11,3.9909e+11
0.03021,0.11042,3.6009e+0,2.5002e+11,3.5262e+11
0.03229,0.11042,3.5558e+0,2.4439e+11,3.3141e+11
0.03438,0.11042,3.5121e+0,2.3437e+11,4.4317e+11
0.03646,0.11042,3.4602e+0,2.5054e+11,3.5837e+11
0.03854,0.11042,3.4063e+0,2.7408e+11,3.1308e+11
0.04063,0.11042,3.3550e+0,2.5549e+11,3.4051e+11
0.04271,0.11042,3.3028e+0,2.5618e+11,4.2451e+11
0.04479,0.11042,3.2425e+0,2.7114e+11,3.2437e+11
0.04688,0.11042,3.1803e+0,2.5148e+11,2.7977e+11
0.04896,0.11042,3.1152e+0,2.5818e+11,2.8060e+11
0.05104,0.11042,3.0481e+0,2.6200e+11,2.9156e+11
0.05312,0.11042,2.9802e+0,2.5227e+11,3.5571e+11
0.05521,0.11042,2.9068e+0,2.7130e+11,3.8165e+11
0.05729,0.11042,2.8279e+0,2.6007e+11,3.3964e+11
0.05937,0.11042,2.7453e+0,2.4313e+11,2.9806e+11
0.06146,0.11042,2.6603e+0,2.5875e+11,3.0346e+11
0.06354,0.11042,2.5733e+0,2.7610e+11,3.8282e+11
0.06563,0.11042,2.4800e+0,2.7780e+11,3.2735e+11
0.06771,0.11042,2.3848e+0,2.7062e+11,3.2017e+11
0.06979,0.11042,2.2869e+0,2.6246e+11,3.3959e+11
0.07187,0.11042,2.1843e+0,2.6599e+11,3.5707e+11
0.07396,0.11042,2.0759e+0,2.7160e+11,3.8008e+11
0.07604,0.11042,1.9606e+0,2.5598e+11,3.4235e+11
0.07813,0.11042,1.8403e+0,2.3952e+11,3.3324e+11
0.08021,0.11042,1.7143e+0,2.1540e+11,3.2607e+11
0.08229,0.11042,1.5809e+0,2.1248e+11,2.7996e+11
0.08438,0.11042,1.4429e+0,1.8985e+11,2.8198e+11
0.08646,0.11042,1.2995e+0,1.7495e+11,3.3625e+11
0.08854,0.11042,1.1467e+0,1.1207e+11,3.6056e+11
0.09062,0.11042,9.7866e-1,4.2303e+10,3.3761e+11
0.09271,0.11042,7.9223e-1,9.0413e+9,3.3164e+11
0.09479,0.11042,5.8573e-1,3.3121e+9,2.7590e+11
0.09688,0.11042,3.6315e-1,1.4505e+9,2.5564e+11
0.09896,0.11042,1.2588e-1,3.2152e+8,2.5319e+11
0.00104,0.11458,3.9418e+0,6.9023e+10,1.4063e+10
0.00313,0.11458,3.9418e+0,5.1934e+10,1.6533e+10
0.00521,0.11458,3.9399e+0,5.0269e+10,5.9137e+10
0.00729,0.11458,3.9344e+0,6.0737e+10,6.9140e+10
0.00937,0.11458,3.9255e+0,7.9361e+10,1.6597e+11
0.01146,0.11458,3.9089e+0,1.0870e+11,1.6610e+11
0.01354,0.11458,3.8905e+0,1.2098e+11,3.0504e+11
0.01563,0.11458,3.8623e+0,1.0487e+11,1.6450e+11
0.01771,0.11458,3.8335e+0,1.2708e+11,1.4176e+11
0.01979,0.11458,3.8068e+0,1.6739e+11,1.8824e+11
0.02187,0.11458,3.7826e+0,1.8431e+11,3.9799e+11
0.02396,0.11458,3.7492e+0,2.0020e+11,4.8078e+11
0.02604,0.11458,3.7035e+0,2.1909e+11,3.5169e+11
0.02813,0.11458,3.6551e+0,2.6144e+11,3.1398e+11
0.03021,0.11458,3.6088e+0,2.5917e+11,3.4489e+11
0.03229,0.11458,3.5616e+0,2.5888e+11,2.5848e+11
0.03438,0.11458,3.5192e+0,2.4459e+11,3.9384e+11
0.03646,0.11458,3.4704e+0,2.5261e+11,3.8496e+11
0.03854,0.11458,3.4167e+0,2.7162e+11,3.2209e+11
0.04063,0.11458,3.3628e+0,2.5903e+11,2.8011e+11
0.04271,0.11458,3.3092e+0,2.5385e+11,3.0049e+11
0.04479,0.11458,3.2534e+0,2.7998e+11,3.6116e+11
0.04688,0.11458,3.1944e+0,2.6227e+11,4.0557e+11
0.04896,0.11458,3.1291e+0,2.7323e+11,3.8365e+11
0.05104,0.11458,3.0612e+0,2.7716e+11,3.6373e+11
0.05312,0.11458,2.9921e+0,2.6045e+11,3.8423e+11
0.05521,0.11458,2.9183e+0,2.8097e+11,3.5421e+11
0.05729,0.11458,2.8425e+0,2.7515e+11,3.8414e+11
0.05937,0.11458,2.7620e+0,2.4909e+11,3.9590e+11
0.06146,0.11458,2.6750e+0,2.5462e+11,3.6244e+11
0.06354,0.11458,2.5841e+0,2.7974e+11,3.8027e+11
0.06563,0.11458,2.4895e+0,2.7530e+11,3.2838e+11
0.06771,0.11458,2.3949e+0,2.6971e+11,3.5483e+11
0.06979,0.11458,2.2978e+0,2.6194e+11,3.6092e+11
0.07187,0.11458,2.1971e+0,2.6327e+11,4.2886e+11
0.07396,0.11458,2.0884e+0,2.6593e+11,4.1447e+11
0.07604,0.11458,1.9728e+0,2.5935e+11,3.8878e+11
0.07813,0.11458,1.8515e+0,2.3161e+11,3.5875e+11
0.08021,0.11458,1.7249e+0,2.0486e+11,3.4177e+11
0.08229,0.11458,1.5920e+0,2.1014e+11,3.6719e+11
0.08438,0.11458,1.4518e+0,2.0254e+11,3.3432e+11
0.08646,0.11458,1.3059e+0,1.8415e+11,3.4124e+11
0.08854,0.11458,1.1516e+0,1.1581e+11,3.5953e+11
0.09062,0.11458,9.8179e-1,4.2501e+10,3.1989e+11
0.09271,0.11458,7.9335e-1,8.7770e+9,2.9299e+11
0.09479,0.11458,5.8592e-1,3.2836e+9,2.4209e+11
0.09688,0.11458,3.6331e-1,1.5916e+9,2.4941e+11
0.09896,0.11458,1.2544e-1,4.2831e+8,2.2513e+11
0.00104,0.11875,4.0077e+0,9.6599e+10,1.7757e+11
0.00313,0.11875,4.0131e+0,5.5886e+10,4.5839e+11
0.00521,0.11875,4.0069e+0,4.1633e+10,2.7597e+11
0.00729,0.11875,4.0016e+0,5.8421e+10,4.6229e+11
0.00937,0.11875,3.9840e+0,8.0890e+10,4.7267e+11
0.01146,0.11875,3.9540e+0,1.2243e+11,2.3654e+11
0.01354,0.11875,3.9289e+0,1.2949e+11,3.5967e+11
0.01563,0.11875,3.8988e+0,1.1222e+11,2.7709e+11
0.01771,0.11875,3.8686e+0,1.2528e+11,3.4059e+11
0.01979,0.11875,3.8342e+0,1.6165e+11,3.9673e+11
0.02187,0.11875,3.7937e+0,1.7709e+11,3.2165e+11
0.02396,0.11875,3.7494e+0,2.1315e+11,2.8290e+11
0.02604,0.11875,3.7019e+0,2.2712e+11,2.4408e+11
0.02813,0.11875,3.6529e+0,2.4996e+11,1.7856e+11
0.03021,0.11875,3.6063e+0,2.4551e+11,2.0680e+11
0.03229,0.11875,3.5596e+0,2.5439e+11,1.7159e+11
0.03438,0.11875,3.5162e+0,2.4385e+11,2.1657e+11
0.03646,0.11875,3.4706e+0,2.5030e+11,2.2937e+11
0.03854,0.11875,3.4238e+0,2.6748e+11,3.0950e+11
0.04063,0.11875,3.3734e+0,2.6276e+11,2.8844e+11
0.04271,0.11875,3.3207e+0,2.6908e+11,3.4511e+11
0.04479,0.11875,3.2621e+0,2.7418e+11,3.3044e+11
0.04688,0.11875,3.1995e+0,2.5571e+11,3.4104e+11
0.04896,0.11875,3.1305e+0,2.7540e+11,2.4758e+11
0.05104,0.11875,3.0627e+0,2.7984e+11,2.6718e+11
0.05312,0.11875,2.9953e+0,2.6016e+11,2.7516e+11
0.05521,0.11875,2.9265e+0,2.8249e+11,3.6195e+11
0.05729,0.11875,2.8528e+0,2.7197e+11,4.1407e+11
0.05937,0.11875,2.7705e+0,2.4338e+11,3.4517e+11
0.06146,0.11875,2.6831e+0,2.5669e+11,3.6361e+11
0.06354,0.11875,2.5902e+0,2.8107e+11,3.3215e+11
0.06563,0.11875,2.4949e+0,2.7368e+11,2.8842e+11
0.06771,0.11875,2.3997e+0,2.7250e+11,3.0843e+11
0.06979,0.11875,2.3035e+0,2.6672e+11,3.6713e+11
0.07187,0.11875,2.2025e+0,2.5783e+11,3.9995e+11
0.07396,0.11875,2.0944e+0,2.5797e+11,3.8926e+11
0.07604,0.11875,1.9798e+0,2.6364e+11,4.0538e+11
0.07813,0.11875,1.8574e+0,2.3719e+11,3.2141e+11
0.08021,0.11875,1.7308e+0,2.1898e+11,3.4244e+11
0.08229,0.11875,1.5968e+0,2.1242e+11,3.2130e+11
0.08438,0.11875,1.4566e+0,2.0193e+11,3.1181e+11
0.08646,0.11875,1.3105e+0,1.8333e+11,3.1180e+11
0.08854,0.11875,1.1576e+0,1.1875e+11,3.7548e+11
0.09062,0.11875,9.8872e-1,4.5998e+10,3.7743e+11
0.09271,0.11875,7.9895e-1,9.0357e+9,3.1124e+11
0.09479,0.11875,5.9072e-1,3.2193e+9,2.7583e+11
0.09688,0.11875,3.6646e-1,1.6126e+9,2.6384e+11
0.09896,0.11875,1.2705e-1,3.8303e+8,2.5913e+11
0.00104,0.12292,4.0048e+0,4.5330e+10,3.6751e+8
0.00313,0.12292,4.0054e+0,3.9205e+10,5.1788e+9
0.00521,0.12292,4.0054e+0,4.1313e+10,4.2113e+10
0.00729,0.12292,4.0046e+0,5.5590e+10,2.6960e+11
0.00937,0.12292,3.9903e+0,8.0474e+10,3.0071e+11
0.01146,0.12292,3.9634e+0,1.2593e+11,2.0411e+11
0.01354,0.12292,3.9323e+0,1.3331e+11,1.5186e+11
0.01563,0.12292,3.9000e+0,1.0708e+11,1.0965e+11
0.01771,0.12292,3.8677e+0,1.2517e+11,2.3258e+11
0.01979,0.12292,3.8283e+0,1.6228e+11,1.6686e+11
0.02187,0.12292,3.7904e+0,1.7705e+11,1.7626e+11
0.02396,0.12292,3.7562e+0,1.9702e+11,3.4300e+11
0.02604,0.12292,3.7171e+0,2.1617e+11,3.2113e+11
0.02813,0.12292,3.6770e+0,2.4239e+11,4.3989e+11
0.03021,0.12292,3.6296e+0,2.5044e+11,3.1892e+11
0.03229,0.12292,3.5824e+0,2.5250e+11,2.3466e+11
0.03438,0.12292,3.5409e+0,2.4476e+11,3.8287e+11
0.03646,0.12292,3.4927e+0,2.4733e+11,3.0947e+11
0.03854,0.12292,3.4431e+0,2.6042e+11,2.8211e+11
0.04063,0.12292,3.3954e+0,2.5393e+11,3.8946e+11
0.04271,0.12292,3.3427e+0,2.5774e+11,4.7690e+11
0.04479,0.12292,3.2801e+0,2.7408e+11,3.8332e+11
0.04688,0.12292,3.2155e+0,2.6016e+11,3.8814e+11
0.04896,0.12292,3.1471e+0,2.7446e+11,3.5845e+11
0.05104,0.12292,3.0780e+0,2.8444e+11,3.3126e+11
0.05312,0.12292,3.0103e+0,2.6061e+11,3.5871e+11
0.05521,0.12292,2.9397e+0,2.8184e+11,4.1331e+11
0.05729,0.12292,2.8637e+0,2.7532e+11,4.3180e+11
0.05937,0.12292,2.7800e+0,2.5317e+11,3.5413e+11
0.06146,0.12292,2.6919e+0,2.6810e+11,3.3723e+11
0.06354,0.12292,2.6020e+0,2.8801e+11,4.1298e+11
0.06563,0.12292,2.5073e+0,2.8028e+11,3.9249e+11
0.06771,0.12292,2.4090e+0,2.7925e+11,3.5323e+11
0.06979,0.12292,2.3088e+0,2.6748e+11,3.5725e+11
0.07187,0.12292,2.2041e+0,2.6800e+11,3.0559e+11
0.07396,0.12292,2.0976e+0,2.7606e+11,3.6484e+11
0.07604,0.12292,1.9862e+0,2.6804e+11,4.1349e+11
0.07813,0.12292,1.8668e+0,2.3660e+11,3.7529e+11
0.08021,0.12292,1.7410e+0,2.1453e+11,3.9991e+11
0.08229,0.12292,1.6062e+0,2.1294e+11,3.6347e+11
0.08438,0.12292,1.4645e+0,1.9963e+11,3.3634e+11
0.08646,0.12292,1.3166e+0,1.8733e+11,3.3458e+11
0.08854,0.12292,1.1616e+0,1.2257e+11,3.7387e+11
0.09062,0.12292,9.9172e-1,4.6872e+10,3.7415e+11
0.09271,0.12292,8.0133e-1,9.8384e+9,3.0752e+11
0.09479,0.12292,5.9298e-1,3.5071e+9,2.9283e+11
0.09688,0.12292,3.6775e-1,1.7243e+9,2.7527e+11
0.09896,0.12292,1.2697e-1,4.4931e+8,2.3822e+11
0.00104,0.12708,4.0110e+0,3.8740e+10,0.0000e+0
0.00313,0.12708,4.0102e+0,3.4743e+10,0.0000e+0
0.00521,0.12708,4.0077e+0,4.2248e+10,1.8630e+8
0.00729,0.12708,4.0031e+0,5.0620e+10,1.7992e+10
0.00937,0.12708,3.9956e+0,7.9150e+10,7.9757e+10
0.01146,0.12708,3.9866e+0,1.2313e+11,5.3644e+11
0.01354,0.12708,3.9540e+0,1.2674e+11,2.9543e+11
0.01563,0.12708,3.9180e+0,1.0853e+11,2.6158e+11
0.01771,0.12708,3.8782e+0,1.2872e+11,2.8043e+11
0.01979,0.12708,3.8315e+0,1.6310e+11,1.7686e+11
0.02187,0.12708,3.7862e+0,1.7801e+11,4.7739e+10
0.02396,0.12708,3.7495e+0,1.9405e+11,1.1268e+11
0.02604,0.12708,3.7161e+0,2.1206e+11,2.1381e+11
0.02813,0.12708,3.6812e+0,2.4297e+11,2.9449e+11
0.03021,0.12708,3.6431e+0,2.4615e+11,3.3851e+11
0.03229,0.12708,3.6000e+0,2.5269e+11,2.3556e+11
0.03438,0.12708,3.5599e+0,2.4749e+11,3.6715e+11
0.03646,0.12708,3.5119e+0,2.5514e+11,3.4818e+11
0.03854,0.12708,3.4584e+0,2.7945e+11,3.0136e+11
0.04063,0.12708,3.4052e+0,2.4912e+11,3.5379e+11
0.04271,0.12708,3.3465e+0,2.6373e+11,3.4026e+11
0.04479,0.12708,3.2843e+0,2.7588e+11,3.6371e+11
0.04688,0.12708,3.2181e+0,2.5759e+11,2.8709e+11
0.04896,0.12708,3.1514e+0,2.5988e+11,2.8703e+11
0.05104,0.12708,3.0846e+0,2.7519e+11,3.3125e+11
0.05312,0.12708,3.0166e+0,2.5696e+11,3.6247e+11
0.05521,0.12708,2.9445e+0,2.7494e+11,3.9303e+11
0.05729,0.12708,2.8681e+0,2.6807e+11,3.9438e+11
0.05937,0.12708,2.7872e+0,2.5718e+11,4.4762e+11
0.06146,0.12708,2.6977e+0,2.7151e+11,3.5948e+11
0.06354,0.12708,2.6065e+0,2.8348e+11,3.9024e+11
0.06563,0.12708,2.5112e+0,2.8768e+11,3.4431e+11
0.06771,0.12708,2.4146e+0,2.7823e+11,3.3089e+11
0.06979,0.12708,2.3161e+0,2.6447e+11,3.5363e+11
0.07187,0.12708,2.2128e+0,2.7323e+11,3.5243e+11
0.07396,0.12708,2.1053e+0,2.7923e+11,3.7986e+11
0.07604,0.12708,1.9919e+0,2.7596e+11,3.9521e+11
0.07813,0.12708,1.8709e+0,2.3672e+11,3.4942e+11
0.08021,0.12708,1.7431e+0,2.2053e+11,3.2419e+11
0.08229,0.12708,1.6095e+0,2.2313e+11,3.6271e+11
0.08438,0.12708,1.4682e+0,2.0954e+11,3.3580e+11
0.08646,0.12708,1.3198e+0,1.8266e+11,3.4162e+11
0.08854,0.12708,1.1617e+0,1.3481e+11,3.3720e+11
0.09062,0.12708,9.9034e-1,4.6270e+10,3.2880e+11
0.09271,0.12708,7.9997e-1,9.5836e+9,2.9371e+11
0.09479,0.12708,5.9097e-1,3.7657e+9,2.6497e+11
0.09688,0.12708,3.6531e-1,1.7405e+9,2.3225e+11
0.09896,0.12708,1.2570e-1,4.4828e+8,2.1158e+11
0.00104,0.13125,4.0364e+0,2.9393e+10,0.0000e+0
0.00313,0.13125,4.0367e+0,3.6184e+10,1.5867e+9
0.00521,0.13125,4.0369e+0,4.7748e+10,8.4061e+10
0.00729,0.13125,4.0305e+0,5.7422e+10,1.5435e+11
0.00937,0.13125,4.0144e+0,8.1401e+10,1.7611e+11
0.01146,0.13125,3.9895e+0,1.1655e+11,2.0197e+11
0.01354,0.13125,3.9571e+0,1.2761e+11,1.6162e+11
0.01563,0.13125,3.9232e+0,1.1405e+11,1.3554e+11
0.01771,0.13125,3.8887e+0,1.2621e+11,2.7073e+11
0.01979,0.13125,3.8444e+0,1.6782e+11,1.3806e+11
0.02187,0.13125,3.8038e+0,1.8299e+11,1.6016e+11
0.02396,0.13125,3.7678e+0,1.9587e+11,2.4410e+11
0.02604,0.13125,3.7311e+0,2.0595e+11,2.7072e+11
0.02813,0.13125,3.6929e+0,2.4878e+11,2.4360e+11
0.03021,0.13125,3.6586e+0,2.5061e+11,3.5944e+11
0.03229,0.13125,3.6217e+0,2.6083e+11,3.6767e+11
0.03438,0.13125,3.5840e+0,2.5039e+11,5.0430e+11
0.03646,0.13125,3.5353e+0,2.5488e+11,4.9264e+11
0.03854,0.13125,3.4768e+0,2.7801e+11,3.8971e+11
0.04063,0.13125,3.4161e+0,2.5377e+11,3.3877e+11
0.04271,0.13125,3.3517e+0,2.7889e+11,2.7084e+11
0.04479,0.13125,3.2885e+0,2.8341e+11,2.7407e+11
0.04688,0.13125,3.2259e+0,2.5828e+11,3.3103e+11
0.04896,0.13125,3.1586e+0,2.5553e+11,3.0153e+11
0.05104,0.13125,3.0895e+0,2.7227e+11,3.4620e+11
0.05312,0.13125,3.0167e+0,2.5589e+11,2.9893e+11
0.05521,0.13125,2.9414e+0,2.7721e+11,3.3739e+11
0.05729,0.13125,2.8618e+0,2.6926e+11,2.8062e+11
0.05937,0.13125,2.7809e+0,2.4596e+11,3.0252e+11
0.06146,0.13125,2.6951e+0,2.6359e+11,3.2094e+11
0.06354,0.13125,2.6056e+0,2.8871e+11,3.2243e+11
0.06563,0.13125,2.5153e+0,2.9060e+11,3.5750e+11
0.06771,0.13125,2.4231e+0,2.8375e+11,3.9271e+11
0.06979,0.13125,2.3264e+0,2.7951e+11,3.8408e+11
0.07187,0.13125,2.2258e+0,2.7259e+11,4.3510e+11
0.07396,0.13125,2.1175e+0,2.6593e+11,4.1013e+11
0.07604,0.13125,2.0029e+0,2.6395e+11,4.3008e+11
0.07813,0.13125,1.8805e+0,2.4257e+11,4.2264e+11
0.08021,0.13125,1.7492e+0,2.2293e+11,3.2286e+11
0.08229,0.13125,1.6142e+0,2.1854e+11,3.3483e+11
0.08438,0.13125,1.4742e+0,2.0720e+11,3.6165e+11
0.08646,0.13125,1.3271e+0,1.8103e+11,4.3026e+11
0.08854,0.13125,1.1668e+0,1.2908e+11,3.7458e+11
0.09062,0.13125,9.9275e-1,4.4269e+10,3.2208e+11
0.09271,0.13125,8.0185e-1,9.2314e+9,3.1274e+11
0.09479,0.13125,5.9260e-1,3.7046e+9,2.9292e+11
0.09688,0.13125,3.6629e-1,1.5869e+9,2.4937e+11
0.09896,0.13125,1.2592e-1,4.1492e+8,2.1308e+11
0.00104,0.13542,4.0681e+0,2.8117e+10,0.0000e+0
0.00313,0.13542,4.0741e+0,3.8465e+10,4.2163e+10
0.00521,0.13542,4.0864e+0,4.5804e+10,5.3127e+11
0.00729,0.13542,4.0789e+0,5.1941e+10,5.3027e+11
0.00937,0.13542,4.0569e+0,8.1715e+10,5.9227e+11
0.01146,0.13542,4.0163e+0,1.1294e+11,2.8195e+11
0.01354,0.13542,3.9760e+0,1.2479e+11,1.2418e+11
0.01563,0.13542,3.9428e+0,1.2622e+11,1.6392e+11
0.01771,0.13542,3.9112e+0,1.2834e+11,3.3494e+11
0.01979,0.13542,3.8694e+0,1.6823e+11,2.7817e+11
0.02187,0.13542,3.8253e+0,1.9162e+11,1.8403e+11
0.02396,0.13542,3.7863e+0,1.9742e+11,2.7747e+11
0.02604,0.13542,3.7440e+0,2.0537e+11,2.2435e+11
0.02813,0.13542,3.7008e+0,2.4934e+11,1.9475e+11
0.03021,0.13542,3.6606e+0,2.5044e+11,1.8142e+11
0.03229,0.13542,3.6228e+0,2.6464e+11,2.6986e+11
0.03438,0.13542,3.5826e+0,2.5515e+11,3.2690e+11
0.03646,0.13542,3.5351e+0,2.6174e+11,3.1803e+11
0.03854,0.13542,3.4824e+0,2.8008e+11,3.2268e+11
0.04063,0.13542,3.4275e+0,2.5831e+11,3.6372e+11
0.04271,0.13542,3.3672e+0,2.7194e+11,3.4172e+11
0.04479,0.13542,3.3050e+0,2.7922e+11,3.5725e+11
0.04688,0.13542,3.2411e+0,2.5629e+11,4.2020e+11
0.04896,0.13542,3.1701e+0,2.6097e+11,3.3889e+11
0.05104,0.13542,3.0974e+0,2.7345e+11,3.1131e+11
0.05312,0.13542,3.0250e+0,2.6818e+11,3.6755e+11
0.05521,0.13542,2.9482e+0,2.8165e+11,3.6898e+11
0.05729,0.13542,2.8685e+0,2.7301e+11,3.3384e+11
0.05937,0.13542,2.7883e+0,2.4660e+11,3.9760e+11
0.06146,0.13542,2.7013e+0,2.5392e+11,3.8012e+11
0.06354,0.13542,2.6091e+0,2.7850e+11,3.0887e+11
0.06563,0.13542,2.5179e+0,2.8193e+11,3.1354e+11
0.06771,0.13542,2.4265e+0,2.8045e+11,3.6189e+11
0.06979,0.13542,2.3314e+0,2.7285e+11,3.8176e+11
0.07187,0.13542,2.2307e+0,2.7115e+11,4.1637e+11
0.07396,0.13542,2.1219e+0,2.6676e+11,3.8208e+11
0.07604,0.13542,2.0062e+0,2.6166e+11,3.7797e+11
0.07813,0.13542,1.8824e+0,2.4780e+11,3.3152e+11
0.08021,0.13542,1.7524e+0,2.1928e+11,3.0566e+11
0.08229,0.13542,1.6168e+0,2.1410e+11,3.2721e+11
0.08438,0.13542,1.4739e+0,2.0954e+11,3.1468e+11
0.08646,0.13542,1.3240e+0,1.8166e+11,3.0696e+11
0.08854,0.13542,1.1654e+0,1.2792e+11,3.4758e+11
0.09062,0.13542,9.9210e-1,4.5200e+10,3.3201e+11
0.09271,0.13542,7.9974e-1,9.3922e+9,2.6498e+11
0.09479,0.13542,5.9074e-1,3.5173e+9,2.5817e+11
0.09688,0.13542,3.6576e-1,1.5195e+9,2.4877e+11
0.09896,0.13542,1.2596e-1,4.2018e+8,2.1831e+11
0.00104,0.13958,4.0611e+0,2.7754e+10,0.0000e+0
0.00313,0.13958,4.0605e+0,3.5206e+10,3.2497e+9
0.00521,0.13958,4.0586e+0,4.1145e+10,1.9567e+10
0.00729,0.13958,4.0522e+0,5.0432e+10,5.2017e+10
0.00937,0.13958,4.0406e+0,8.5075e+10,1.8967e+11
0.01146,0.13958,4.0191e+0,1.2864e+11,2.9228e+11
0.01354,0.13958,3.9887e+0,1.3589e+11,1.7919e+11
0.01563,0.13958,3.9613e+0,1.2194e+11,2.8920e+11
0.01771,0.13958,3.9274e+0,1.3158e+11,2.7863e+11
0.01979,0.13958,3.8869e+0,1.8656e+11,2.6700e+11
0.02187,0.13958,3.8446e+0,2.1084e+11,1.9797e+11
0.02396,0.13958,3.8069e+0,2.0370e+11,2.5162e+11
0.02604,0.13958,3.7683e+0,2.0096e+11,2.8235e+11
0.02813,0.13958,3.7263e+0,2.4377e+11,2.7860e+11
0.03021,0.13958,3.6848e+0,2.5557e+11,2.9292e+11
0.03229,0.13958,3.6426e+0,2.6165e+11,3.0771e+11
0.03438,0.13958,3.5982e+0,2.5570e+11,3.3399e+11
0.03646,0.13958,3.5495e+0,2.5991e+11,3.5801e+11
0.03854,0.13958,3.4954e+0,2.7553e+11,3.2515e+11
0.04063,0.13958,3.4391e+0,2.4993e+11,3.0569e+11
0.04271,0.13958,3.3804e+0,2.8319e+11,4.1804e+11
0.04479,0.13958,3.3152e+0,2.8718e+11,3.9324e+11
0.04688,0.13958,3.2458e+0,2.5761e+11,2.9071e+11
0.04896,0.13958,3.1757e+0,2.6335e+11,3.0294e+11
0.05104,0.13958,3.1041e+0,2.9255e+11,3.2535e+11
0.05312,0.13958,3.0313e+0,2.7797e+11,3.9458e+11
0.05521,0.13958,2.9513e+0,2.9500e+11,3.2544e+11
0.05729,0.13958,2.8696e+0,2.7666e+11,2.8641e+11
0.05937,0.13958,2.7876e+0,2.4109e+11,3.1834e+11
0.06146,0.13958,2.7004e+0,2.5811e+11,3.0104e+11
0.06354,0.13958,2.6113e+0,2.7444e+11,3.0490e+11
0.06563,0.13958,2.5224e+0,2.8158e+11,3.5795e+11
0.06771,0.13958,2.4314e+0,2.8630e+11,4.1229e+11
0.06979,0.13958,2.3357e+0,2.6588e+11,4.0669e+11
0.07187,0.13958,2.2347e+0,2.6486e+11,3.8956e+11
0.07396,0.13958,2.1302e+0,2.7102e+11,4.6209e+11
0.07604,0.13958,2.0187e+0,2.6416e+11,5.1709e+11
0.07813,0.13958,1.8958e+0,2.4204e+11,4.4250e+11
0.08021,0.13958,1.7653e+0,2.1460e+11,4.1293e+11
0.08229,0.13958,1.6269e+0,2.1757e+11,3.7568e+11
0.08438,0.13958,1.4828e+0,2.1309e+11,3.9101e+11
0.08646,0.13958,1.3316e+0,1.7860e+11,4.0561e+11
0.08854,0.13958,1.1691e+0,1.2749e+11,3.5283e+11
0.09062,0.13958,9.9448e-1,4.7539e+10,3.4004e+11
0.09271,0.13958,8.0195e-1,9.3298e+9,2.9542e+11
0.09479,0.13958,5.9187e-1,3.1872e+9,2.5262e+11
0.09688,0.13958,3.6682e-1,1.3809e+9,2.5671e+11
0.09896,0.13958,1.2678e-1,4.8380e+8,2.3898e+11
0.00104,0.14375,4.0673e+0,2.8227e+10,0.0000e+0
0.00313,0.14375,4.0657e+0,3.1769e+10,0.0000e+0
0.00521,0.14375,4.0621e+0,3.8884e+10,0.0000e+0
0.00729,0.14375,4.0558e+0,5.1332e+10,1.0364e+10
0.00937,0.14375,4.0460e+0,9.1840e+10,2.0221e+11
0.01146,0.14375,4.0244e+0,1.4251e+11,2.3927e+11
0.01354,0.14375,3.9942e+0,1.4050e+11,3.3647e+10
0.01563,0.14375,3.9691e+0,1.1949e+11,1.1021e+11
0.01771,0.14375,3.9413e+0,1.3307e+11,2.3546e+11
0.01979,0.14375,3.9042e+0,1.9227e+11,2.2625e+11
0.02187,0.14375,3.8648e+0,2.0946e+11,1.7657e+11
0.02396,0.14375,3.8288e+0,2.0461e+11,2.1289e+11
0.02604,0.14375,3.7940e+0,2.0966e+11,3.6262e+11
0.02813,0.14375,3.7510e+0,2.5123e+11,2.5944e+11
0.03021,0.14375,3.7117e+0,2.6244e+11,3.8868e+11
0.03229,0.14375,3.6677e+0,2.6164e+11,4.1616e+11
0.03438,0.14375,3.6178e+0,2.5965e+11,3.5000e+11
0.03646,0.14375,3.5664e+0,2.5992e+11,3.4437e+11
0.03854,0.14375,3.5135e+0,2.6090e+11,4.0606e+11
0.04063,0.14375,3.4548e+0,2.5771e+11,4.1367e+11
0.04271,0.14375,3.3890e+0,2.8499e+11,3.5247e+11
0.04479,0.14375,3.3215e+0,2.8593e+11,3.1624e+11
0.04688,0.14375,3.2551e+0,2.5595e+11,3.2599e+11
0.04896,0.14375,3.1873e+0,2.6766e+11,3.4910e+11
0.05104,0.14375,3.1168e+0,2.9614e+11,3.8288e+11
0.05312,0.14375,3.0423e+0,2.8114e+11,3.6690e+11
0.05521,0.14375,2.9631e+0,2.9894e+11,3.5891e+11
0.05729,0.14375,2.8813e+0,2.7349e+11,3.5180e+11
0.05937,0.14375,2.7952e+0,2.4264e+11,2.9765e+11
0.06146,0.14375,2.7055e+0,2.6327e+11,2.9316e+11
0.06354,0.14375,2.6146e+0,2.7879e+11,3.0400e+11
0.06563,0.14375,2.5230e+0,2.8358e+11,3.6554e+11
0.06771,0.14375,2.4271e+0,3.0215e+11,3.5389e+11
0.06979,0.14375,2.3289e+0,2.7481e+11,3.6444e+11
0.07187,0.14375,2.2250e+0,2.6595e+11,2.9144e+11
0.07396,0.14375,2.1193e+0,2.6809e+11,3.2826e+11
0.07604,0.14375,2.0095e+0,2.6400e+11,4.0436e+11
0.07813,0.14375,1.8906e+0,2.3252e+11,3.9737e+11
0.08021,0.14375,1.7616e+0,2.1395e+11,3.6032e+11
0.08229,0.14375,1.6242e+0,2.1743e+11,3.6043e+11
0.08438,0.14375,1.4788e+0,2.1539e+11,3.1700e+11
0.08646,0.14375,1.3281e+0,1.7487e+11,3.5079e+11
0.08854,0.14375,1.1663e+0,1.3461e+11,3.1411e+11
0.09062,0.14375,9.9354e-1,5.0658e+10,3.3282e+11
0.09271,0.14375,8.0258e-1,9.5847e+9,2.9586e+11
0.09479,0.14375,5.9364e-1,3.1099e+9,2.8414e+11
0.09688,0.14375,3.6765e-1,1.3027e+9,2.4533e+11
0.09896,0.14375,1.2757e-1,6.7722e+8,2.6278e+11
0.00104,0.14792,4.0953e+0,3.1337e+10,0.0000e+0
0.00313,0.14792,4.0960e+0,3.0803e+10,1.4803e+10
0.00521,0.14792,4.0963e+0,4.0520e+10,5.7987e+10
0.00729,0.14792,4.0956e+0,5.5051e+10,3.4703e+11
0.00937,0.14792,4.0783e+0,1.0148e+11,2.7155e+11
0.01146,0.14792,4.0522e+0,1.4033e+11,8.3785e+10
0.01354,0.14792,4.0301e+0,1.3056e+11,1.7731e+11
0.01563,0.14792,4.0050e+0,1.2611e+11,2.3405e+11
0.01771,0.14792,3.9753e+0,1.3295e+11,3.5425e+11
0.01979,0.14792,3.9358e+0,1.9126e+11,2.8672e+11
0.02187,0.14792,3.8962e+0,1.9839e+11,3.0983e+11
0.02396,0.14792,3.8554e+0,1.9821e+11,2.5325e+11
0.02604,0.14792,3.8171e+0,2.0896e+11,3.9961e+11
0.02813,0.14792,3.7709e+0,2.5996e+11,2.7451e+11
0.03021,0.14792,3.7290e+0,2.7887e+11,4.2565e+11
0.03229,0.14792,3.6800e+0,2.7506e+11,3.4112e+11
0.03438,0.14792,3.6276e+0,2.6269e+11,2.6656e+11
0.03646,0.14792,3.5746e+0,2.5485e+11,2.5479e+11
0.03854,0.14792,3.5209e+0,2.5863e+11,3.0410e+11
0.04063,0.14792,3.4629e+0,2.5937e+11,3.8011e+11
0.04271,0.14792,3.3958e+0,2.8880e+11,3.1973e+11
0.04479,0.14792,3.3268e+0,2.9223e+11,2.6153e+11
0.04688,0.14792,3.2597e+0,2.6454e+11,2.0067e+11
0.04896,0.14792,3.1960e+0,2.7447e+11,3.0351e+11
0.05104,0.14792,3.1302e+0,2.9804e+11,4.2530e+11
0.05312,0.14792,3.0569e+0,2.7994e+11,3.8206e+11
0.05521,0.14792,2.9786e+0,2.9964e+11,3.6901e+11
0.05729,0.14792,2.8982e+0,2.7614e+11,4.1105e+11
0.05937,0.14792,2.8119e+0,2.5236e+11,4.1378e+11
0.06146,0.14792,2.7184e+0,2.6467e+11,3.2074e+11
0.06354,0.14792,2.6248e+0,2.8063e+11,3.8732e+11
0.06563,0.14792,2.5267e+0,2.8336e+11,3.2549e+11
0.06771,0.14792,2.4276e+0,2.9255e+11,3.0370e+11
0.06979,0.14792,2.3289e+0,2.7952e+11,3.5243e+11
0.07187,0.14792,2.2261e+0,2.7260e+11,3.5927e+11
0.07396,0.14792,2.1186e+0,2.5976e+11,3.5020e+11
0.07604,0.14792,2.0053e+0,2.6347e+11,3.3660e+11
0.07813,0.14792,1.8868e+0,2.4260e+11,3.6812e+11
0.08021,0.14792,1.7596e+0,2.1418e+11,3.5839e+11
0.08229,0.14792,1.6227e+0,2.2166e+11,3.3002e+11
0.08438,0.14792,1.4788e+0,2.1941e+11,3.3301e+11
0.08646,0.14792,1.3285e+0,1.7559e+11,3.5596e+11
0.08854,0.14792,1.1671e+0,1.3998e+11,3.4459e+11
0.09062,0.14792,9.9336e-1,5.2928e+10,3.0476e+11
0.09271,0.14792,8.0319e-1,9.4524e+9,2.9919e+11
0.09479,0.14792,5.9445e-1,2.8550e+9,2.8808e+11
0.09688,0.14792,3.6819e-1,1.1944e+9,2.5373e+11
0.09896,0.14792,1.2714e-1,6.7400e+8,2.3510e+11
0.00104,0.15208,4.1273e+0,4.5110e+10,0.0000e+0
0.00313,0.15208,4.1316e+0,3.2319e+10,1.9343e+11
0.00521,0.15208,4.1294e+0,4.7309e+10,2.3476e+11
0.00729,0.15208,4.1208e+0,6.9279e+10,1.5280e+11
0.00937,0.15208,4.1113e+0,1.2345e+11,2.3427e+11
0.01146,0.15208,4.0992e+0,1.3068e+11,3.6343e+11
0.01354,0.15208,4.0779e+0,1.2148e+11,4.7220e+11
0.01563,0.15208,4.0397e+0,1.3188e+11,3.1169e+11
0.01771,0.15208,3.9957e+0,1.4544e+11,1.8015e+11
0.01979,0.15208,3.9545e+0,1.9542e+11,2.8416e+11
0.02187,0.15208,3.9131e+0,1.9773e+11,3.3797e+11
0.02396,0.15208,3.8679e+0,2.0461e+11,2.2628e+11
0.02604,0.15208,3.8259e+0,2.0491e+11,2.5941e+11
0.02813,0.15208,3.7818e+0,2.5256e+11,2.1592e+11
0.03021,0.15208,3.7410e+0,2.7925e+11,3.1113e+11
0.03229,0.15208,3.6984e+0,2.7839e+11,3.6799e+11
0.03438,0.15208,3.6509e+0,2.7060e+11,3.7500e+11
0.03646,0.15208,3.5981e+0,2.6376e+11,3.2261e+11
0.03854,0.15208,3.5432e+0,2.6523e+11,3.5337e+11
0.04063,0.15208,3.4827e+0,2.5879e+11,3.6790e+11
0.04271,0.15208,3.4138e+0,2.9122e+11,2.6038e+11
0.04479,0.15208,3.3463e+0,2.9096e+11,2.2706e+11
0.04688,0.15208,3.2827e+0,2.6380e+11,3.0556e+11
0.04896,0.15208,3.2152e+0,2.7701e+11,3.1471e+11
0.05104,0.15208,3.1446e+0,2.9912e+11,3.2972e+11
0.05312,0.15208,3.0718e+0,2.8365e+11,3.9313e+11
0.05521,0.15208,2.9924e+0,2.9526e+11,3.9028e+11
0.05729,0.15208,2.9080e+0,2.7973e+11,3.5505e+11
0.05937,0.15208,2.8198e+0,2.4875e+11,3.3338e+11
0.06146,0.15208,2.7265e+0,2.6440e+11,2.9377e+11
0.06354,0.15208,2.6324e+0,2.8109e+11,3.6436e+11
0.06563,0.15208,2.5338e+0,2.7653e+11,2.9694e+11
0.06771,0.15208,2.4348e+0,2.8618e+11,3.1454e+11
0.06979,0.15208,2.3345e+0,2.7793e+11,3.2287e+11
0.07187,0.15208,2.2316e+0,2.7620e+11,3.4532e+11
0.07396,0.15208,2.1247e+0,2.6552e+11,3.6634e+11
0.07604,0.15208,2.0114e+0,2.6203e+11,3.5832e+11
0.07813,0.15208,1.8919e+0,2.5001e+11,3.6788e+11
0.08021,0.15208,1.7648e+0,2.1823e+11,3.4965e+11
0.08229,0.15208,1.6290e+0,2.1749e+11,3.6722e+11
0.08438,0.15208,1.4838e+0,2.2200e+11,3.4886e+11
0.08646,0.15208,1.3311e+0,1.7567e+11,3.2507e+11
0.08854,0.15208,1.1693e+0,1.3865e+11,3.2505e+11
0.09062,0.15208,9.9632e-1,5.0606e+10,3.4452e+11
0.09271,0.15208,8.0502e-1,9.2012e+9,3.1294e+11
0.09479,0.15208,5.9487e-1,3.1130e+9,2.7442e+11
0.09688,0.15208,3.6861e-1,1.2590e+9,2.6891e+11
0.09896,0.15208,1.2687e-1,6.4205e+8,2.2129e+11
0.00104,0.15625,4.1395e+0,3.9365e+10,0.0000e+0
0.00313,0.15625,4.1396e+0,3.5641e+10,1.7761e+10
0.00521,0.15625,4.1377e+0,5.7726e+10,4.3933e+10
0.00729,0.15625,4.1338e+0,7.0830e+10,4.1275e+10
0.00937,0.15625,4.1296e+0,1.2450e+11,1.5566e+11
0.01146,0.15625,4.1218e+0,1.3218e+11,3.1159e+11
0.01354,0.15625,4.1014e+0,1.2815e+11,4.1573e+11
0.01563,0.15625,4.0631e+0,1.3882e+11,3.4724e+11
0.01771,0.15625,4.0139e+0,1.4762e+11,2.0595e+11
0.01979,0.15625,3.9632e+0,1.9823e+11,1.3247e+11
0.02187,0.15625,3.9179e+0,2.0055e+11,1.3847e+11
0.02396,0.15625,3.8758e+0,2.1205e+11,1.0606e+11
0.02604,0.15625,3.8399e+0,2.1171e+11,2.0764e+11
0.02813,0.15625,3.8035e+0,2.5739e+11,3.3752e+11
0.03021,0.15625,3.7615e+0,2.6971e+11,2.5596e+11
0.03229,0.15625,3.7206e+0,2.6753e+11,3.5911e+11
0.03438,0.15625,3.6742e+0,2.6622e+11,3.3819e+11
0.03646,0.15625,3.6241e+0,2.6175e+11,3.1882e+11
0.03854,0.15625,3.5728e+0,2.7214e+11,4.3851e+11
0.04063,0.15625,3.5148e+0,2.5695e+11,4.5686e+11
0.04271,0.15625,3.4490e+0,2.9962e+11,4.0943e+11
0.04479,0.15625,3.3829e+0,3.0655e+11,3.7247e+11
0.04688,0.15625,3.3197e+0,2.7556e+11,5.3022e+11
0.04896,0.15625,3.2468e+0,2.7918e+11,4.4732e+11
0.05104,0.15625,3.1697e+0,2.9899e+11,4.0693e+11
0.05312,0.15625,3.0908e+0,2.8009e+11,3.8555e+11
0.05521,0.15625,3.0083e+0,2.9881e+11,3.8776e+11
0.05729,0.15625,2.9223e+0,2.8460e+11,3.3833e+11
0.05937,0.15625,2.8346e+0,2.5117e+11,3.5782e+11
0.06146,0.15625,2.7408e+0,2.6859e+11,3.3526e+11
0.06354,0.15625,2.6446e+0,2.8529e+11,3.2023e+11
0.06563,0.15625,2.5486e+0,2.7138e+11,3.5083e+11
0.06771,0.15625,2.4505e+0,2.7746e+11,3.9191e+11
0.06979,0.15625,2.3483e+0,2.7572e+11,3.5852e+11
0.07187,0.15625,2.2438e+0,2.6963e+11,3.4915e+11
0.07396,0.15625,2.1368e+0,2.6077e+11,3.7312e+11
0.07604,0.15625,2.0245e+0,2.5945e+11,4.1051e+11
0.07813,0.15625,1.9040e+0,2.4673e+11,3.6346e+11
0.08021,0.15625,1.7770e+0,2.1763e+11,3.7383e+11
0.08229,0.15625,1.6402e+0,2.0812e+11,3.6900e+11
0.08438,0.15625,1.4933e+0,2.2598e+11,3.6101e+11
0.08646,0.15625,1.3385e+0,1.8653e+11,3.4547e+11
0.08854,0.15625,1.1731e+0,1.3094e+11,2.7529e+11
0.09062,0.15625,9.9706e-1,4.8711e+10,2.6190e+11
0.09271,0.15625,8.0487e-1,9.5257e+9,2.6631e+11
0.09479,0.15625,5.9372e-1,2.7376e+9,2.2049e+11
0.09688,0.15625,3.6697e-1,1.0076e+9,2.1179e+11
0.09896,0.15625,1.2616e-1,5.0278e+8,1.9867e+11
0.00104,0.16042,4.1631e+0,7.4368e+10,0.0000e+0
0.00313,0.16042,4.1636e+0,4.7790e+10,0.0000e+0
0.00521,0.16042,4.1630e+0,5.7262e+10,0.0000e+0
0.00729,0.16042,4.1623e+0,6.6248e+10,7.7191e+10
0.00937,0.16042,4.1576e+0,1.1782e+11,1.6018e+11
0.01146,0.16042,4.1484e+0,1.4353e+11,3.2899e+11
0.01354,0.16042,4.1249e+0,1.4126e+11,3.3414e+11
0.01563,0.16042,4.0877e+0,1.4468e+11,2.9823e+11
0.01771,0.16042,4.0429e+0,1.5363e+11,3.1720e+11
0.01979,0.16042,3.9916e+0,2.0419e+11,1.7754e+11
0.02187,0.16042,3.9459e+0,2.1184e+11,1.5140e+11
0.02396,0.16042,3.9054e+0,2.2016e+11,1.5683e+11
0.02604,0.16042,3.8692e+0,2.2575e+11,1.9507e+11
0.02813,0.16042,3.8339e+0,2.6469e+11,3.2397e+11
0.03021,0.16042,3.7933e+0,2.6272e+11,3.5233e+11
0.03229,0.16042,3.7471e+0,2.7341e+11,2.9892e+11
0.03438,0.16042,3.7013e+0,2.6177e+11,4.0796e+11
0.03646,0.16042,3.6488e+0,2.6801e+11,4.3945e+11
0.03854,0.16042,3.5886e+0,2.7807e+11,3.4316e+11
0.04063,0.16042,3.5277e+0,2.6217e+11,3.5262e+11
0.04271,0.16042,3.4643e+0,2.9577e+11,4.0455e+11
0.04479,0.16042,3.3985e+0,3.0793e+11,4.5271e+11
0.04688,0.16042,3.3282e+0,2.7823e+11,3.7968e+11
0.04896,0.16042,3.2551e+0,2.8099e+11,3.5824e+11
0.05104,0.16042,3.1806e+0,2.9668e+11,3.8681e+11
0.05312,0.16042,3.1039e+0,2.7671e+11,3.9068e+11
0.05521,0.16042,3.0228e+0,3.0211e+11,3.9247e+11
0.05729,0.16042,2.9395e+0,2.8236e+11,4.0403e+11
0.05937,0.16042,2.8526e+0,2.4907e+11,4.3745e+11
0.06146,0.16042,2.7568e+0,2.7409e+11,3.7898e+11
0.06354,0.16042,2.6578e+0,2.8954e+11,3.3587e+11
0.06563,0.16042,2.5589e+0,2.7749e+11,3.1677e+11
0.06771,0.16042,2.4594e+0,2.7964e+11,3.4151e+11
0.06979,0.16042,2.3572e+0,2.8453e+11,3.2963e+11
0.07187,0.16042,2.2537e+0,2.7254e+11,3.4644e+11
0.07396,0.16042,2.1470e+0,2.5623e+11,3.5401e+11
0.07604,0.16042,2.0360e+0,2.6419e+11,4.0620e+11
0.07813,0.16042,1.9184e+0,2.3919e+11,4.0827e+11
0.08021,0.16042,1.7934e+0,2.1973e+11,4.7483e+11
0.08229,0.16042,1.6552e+0,2.1166e+11,4.1640e+11
0.08438,0.16042,1.5072e+0,2.2949e+11,3.5969e+11
0.08646,0.16042,1.3539e+0,1.8183e+11,3.7408e+11
0.08854,0.16042,1.1904e+0,1.2492e+11,3.8015e+11
0.09062,0.16042,1.0122e+0,4.8673e+10,3.2269e+11
0.09271,0.16042,8.1801e-1,1.0656e+10,3.1221e+11
0.09479,0.16042,6.0584e-1,2.7970e+9,3.1797e+11
0.09688,0.16042,3.7546e-1,9.2859e+8,2.7542e+11
0.09896,0.16042,1.3002e-1,4.0018e+8,2.6535e+11
0.00104,0.16458,4.2059e+0,6.0197e+10,0.0000e+0
0.00313,0.16458,4.2070e+0,3.5334e+10,0.0000e+0
0.00521,0.16458,4.2078e+0,5.0864e+10,6.9937e+10
0.00729,0.16458,4.2069e+0,7.2573e+10,2.6480e+11
0.00937,0.16458,4.1961e+0,1.2182e+11,1.9504e+11
0.01146,0.16458,4.1860e+0,1.4741e+11,4.6046e+11
0.01354,0.16458,4.1610e+0,1.4557e+11,5.2300e+11
0.01563,0.16458,4.1160e+0,1.5125e+11,2.3442e+11
0.01771,0.16458,4.0696e+0,1.6553e+11,1.6163e+11
0.01979,0.16458,4.0267e+0,2.0571e+11,2.1810e+11
0.02187,0.16458,3.9882e+0,2.0955e+11,2.7223e+11
0.02396,0.16458,3.9514e+0,2.3303e+11,3.0100e+11
0.02604,0.16458,3.9157e+0,2.3961e+11,3.4454e+11
0.02813,0.16458,3.8780e+0,2.7557e+11,4.7574e+11
0.03021,0.16458,3.8312e+0,2.6904e+11,4.5635e+11
0.03229,0.16458,3.7761e+0,2.8767e+11,3.4137e+11
0.03438,0.16458,3.7212e+0,2.7256e+11,3.4714e+11
0.03646,0.16458,3.6634e+0,2.8807e+11,4.0714e+11
0.03854,0.16458,3.5993e+0,2.8231e+11,3.1562e+11
0.04063,0.16458,3.5353e+0,2.6363e+11,3.4004e+11
0.04271,0.16458,3.4679e+0,2.8848e+11,3.3339e+11
0.04479,0.16458,3.3993e+0,3.0202e+11,3.5398e+11
0.04688,0.16458,3.3286e+0,2.7038e+11,2.9041e+11
0.04896,0.16458,3.2575e+0,2.7680e+11,3.2174e+11
0.05104,0.16458,3.1840e+0,2.9338e+11,2.9966e+11
0.05312,0.16458,3.1114e+0,2.7495e+11,4.3157e+11
0.05521,0.16458,3.0301e+0,3.1120e+11,4.0210e+11
0.05729,0.16458,2.9450e+0,2.8036e+11,3.1325e+11
0.05937,0.16458,2.8598e+0,2.5408e+11,4.0359e+11
0.06146,0.16458,2.7661e+0,2.8569e+11,3.7170e+11
0.06354,0.16458,2.6693e+0,2.9580e+11,3.5449e+11
0.06563,0.16458,2.5713e+0,2.8487e+11,3.4380e+11
0.06771,0.16458,2.4722e+0,2.8196e+11,3.7091e+11
0.06979,0.16458,2.3695e+0,2.9251e+11,3.5324e+11
0.07187,0.16458,2.2650e+0,2.8276e+11,3.8530e+11
0.07396,0.16458,2.1562e+0,2.5635e+11,3.7216e+11
0.07604,0.16458,2.0417e+0,2.5969e+11,3.6032e+11
0.07813,0.16458,1.9225e+0,2.4387e+11,3.7869e+11
0.08021,0.16458,1.7958e+0,2.2615e+11,3.8448e+11
0.08229,0.16458,1.6598e+0,2.1619e+11,3.7590e+11
0.08438,0.16458,1.5158e+0,2.3013e+11,3.8845e+11
0.08646,0.16458,1.3654e+0,1.8238e+11,4.4588e+11
0.08854,0.16458,1.2017e+0,1.2227e+11,4.1119e+11
0.09062,0.16458,1.0230e+0,4.8197e+10,3.6806e+11
0.09271,0.16458,8.2640e-1,1.0680e+10,3.3504e+11
0.09479,0.16458,6.1125e-1,3.2948e+9,3.0859e+11
0.09688,0.16458,3.7845e-1,1.1916e+9,2.7241e+11
0.09896,0.16458,1.3026e-1,4.5230e+8,2.2755e+11
0.00104,0.16875,4.2587e+0,4.9254e+10,6.5747e+10
0.00313,0.16875,4.2601e+0,3.4064e+10,2.2311e+11
0.00521,0.16875,4.2538e+0,5.2870e+10,3.2109e+11
0.00729,0.16875,4.2369e+0,7.4563e+10,1.9471e+11
0.00937,0.16875,4.2184e+0,1.2763e+11,2.4442e+11
0.01146,0.16875,4.1974e+0,1.4913e+11,1.5178e+11
0.01354,0.16875,4.1806e+0,1.5919e+11,4.6917e+11
0.01563,0.16875,4.1479e+0,1.6520e+11,4.5018e+11
0.01771,0.16875,4.1044e+0,1.6571e+11,3.4226e+11
0.01979,0.16875,4.0580e+0,1.9806e+11,2.1328e+11
0.02187,0.16875,4.0178e+0,2.0808e+11,1.8761e+11
0.02396,0.16875,3.9841e+0,2.3246e+11,3.3244e+11
0.02604,0.16875,3.9492e+0,2.4430e+11,4.4429e+11
0.02813,0.16875,3.9084e+0,2.6288e+11,5.3859e+11
0.03021,0.16875,3.8577e+0,2.7311e+11,4.9060e+11
0.03229,0.16875,3.8010e+0,2.9915e+11,4.2796e+11
0.03438,0.16875,3.7433e+0,2.7507e+11,4.4020e+11
0.03646,0.16875,3.6797e+0,2.8842e+11,3.9454e+11
0.03854,0.16875,3.6133e+0,2.7556e+11,3.3982e+11
0.04063,0.16875,3.5457e+0,2.6209e+11,3.2954e+11
0.04271,0.16875,3.4754e+0,2.8671e+11,3.0795e+11
0.04479,0.16875,3.4049e+0,3.0373e+11,2.8983e+11
0.04688,0.16875,3.3370e+0,2.6985e+11,3.0898e+11
0.04896,0.16875,3.2680e+0,2.7417e+11,3.7934e+11
0.05104,0.16875,3.1937e+0,3.0087e+11,3.7398e+11
0.05312,0.16875,3.1164e+0,2.7661e+11,3.3123e+11
0.05521,0.16875,3.0364e+0,3.1566e+11,3.8332e+11
0.05729,0.16875,2.9529e+0,2.8670e+11,3.4689e+11
0.05937,0.16875,2.8666e+0,2.6090e+11,3.7467e+11
0.06146,0.16875,2.7739e+0,2.9487e+11,3.5849e+11
0.06354,0.16875,2.6797e+0,2.9996e+11,3.8943e+11
0.06563,0.16875,2.5824e+0,2.8958e+11,3.4352e+11
0.06771,0.16875,2.4843e+0,2.8999e+11,3.9163e+11
0.06979,0.16875,2.3816e+0,3.0773e+11,4.1789e+11
0.07187,0.16875,2.2741e+0,3.0045e+11,3.7305e+11
0.07396,0.16875,2.1641e+0,2.6116e+11,3.8847e+11
0.07604,0.16875,2.0478e+0,2.6280e+11,3.7110e+11
0.07813,0.16875,1.9271e+0,2.5349e+11,4.0878e+11
0.08021,0.16875,1.7991e+0,2.2926e+11,4.2846e+11
0.08229,0.16875,1.6609e+0,2.2310e+11,3.9361e+11
0.08438,0.16875,1.5147e+0,2.3337e+11,3.7608e+11
0.08646,0.16875,1.3621e+0,1.8508e+11,3.7469e+11
0.08854,0.16875,1.1989e+0,1.2202e+11,3.6385e+11
0.09062,0.16875,1.0216e+0,4.9773e+10,3.5909e+11
0.09271,0.16875,8.2583e-1,1.0906e+10,3.3278e+11
0.09479,0.16875,6.1100e-1,3.1531e+9,3.0599e+11
0.09688,0.16875,3.7847e-1,9.6040e+8,2.8051e+11
0.09896,0.16875,1.2992e-1,3.0946e+8,2.1366e+11
0.00104,0.17292,4.2947e+0,5.1016e+10,9.5073e+10
0.00313,0.17292,4.2913e+0,3.8101e+10,2.1156e+11
0.00521,0.17292,4.2762e+0,5.5920e+10,1.3999e+11
0.00729,0.17292,4.2560e+0,7.5936e+10,1.6390e+11
0.00937,0.17292,4.2320e+0,1.3241e+11,2.5257e+11
0.01146,0.17292,4.2043e+0,1.6215e+11,1.5746e+11
0.01354,0.17292,4.1820e+0,1.6418e+11,3.0464e+11
0.01563,0.17292,4.1537e+0,1.6673e+11,3.6656e+11
0.01771,0.17292,4.1163e+0,1.7384e+11,2.6544e+11
0.01979,0.17292,4.0776e+0,2.0264e+11,2.2036e+11
0.02187,0.17292,4.0422e+0,2.2095e+11,3.6343e+11
0.02396,0.17292,4.0024e+0,2.4080e+11,4.2915e+11
0.02604,0.17292,3.9556e+0,2.4923e+11,3.8533e+11
0.02813,0.17292,3.9049e+0,2.7583e+11,3.2372e+11
0.03021,0.17292,3.8549e+0,2.8457e+11,3.4896e+11
0.03229,0.17292,3.8043e+0,3.1522e+11,4.2771e+11
0.03438,0.17292,3.7514e+0,2.7736e+11,4.9208e+11
0.03646,0.17292,3.6894e+0,2.7833e+11,3.7782e+11
0.03854,0.17292,3.6256e+0,2.8230e+11,3.5842e+11
0.04063,0.17292,3.5607e+0,2.7312e+11,4.1686e+11
0.04271,0.17292,3.4901e+0,2.9016e+11,3.6670e+11
0.04479,0.17292,3.4178e+0,3.0509e+11,2.8832e+11
0.04688,0.17292,3.3491e+0,2.7056e+11,3.1262e+11
0.04896,0.17292,3.2792e+0,2.6907e+11,3.7532e+11
0.05104,0.17292,3.2047e+0,2.9515e+11,3.9465e+11
0.05312,0.17292,3.1275e+0,2.8264e+11,3.7921e+11
0.05521,0.17292,3.0479e+0,3.1319e+11,4.0608e+11
0.05729,0.17292,2.9657e+0,2.8221e+11,4.4715e+11
0.05937,0.17292,2.8754e+0,2.6772e+11,3.5954e+11
0.06146,0.17292,2.7806e+0,3.0385e+11,3.0294e+11
0.06354,0.17292,2.6865e+0,3.0026e+11,3.0213e+11
0.06563,0.17292,2.5925e+0,2.9535e+11,3.5724e+11
0.06771,0.17292,2.4949e+0,2.9591e+11,4.0127e+11
0.06979,0.17292,2.3913e+0,3.0861e+11,4.0259e+11
0.07187,0.17292,2.2827e+0,3.0117e+11,3.9071e+11
0.07396,0.17292,2.1700e+0,2.6894e+11,3.8985e+11
0.07604,0.17292,2.0505e+0,2.6926e+11,3.7138e+11
0.07813,0.17292,1.9255e+0,2.5505e+11,3.4897e+11
0.08021,0.17292,1.7948e+0,2.2914e+11,3.6771e+11
0.08229,0.17292,1.6547e+0,2.3134e+11,3.2447e+11
0.08438,0.17292,1.5087e+0,2.3555e+11,3.2659e+11
0.08646,0.17292,1.3573e+0,1.8721e+11,3.8829e+11
0.08854,0.17292,1.1926e+0,1.2618e+11,3.4113e+11
0.09062,0.17292,1.0137e+0,5.2408e+10,2.8590e+11
0.09271,0.17292,8.1902e-1,1.0877e+10,2.8451e+11
0.09479,0.17292,6.0604e-1,3.0198e+9,2.7949e+11
0.09688,0.17292,3.7545e-1,8.1720e+8,2.6308e+11
0.09896,0.17292,1.2910e-1,1.7196e+8,2.1804e+11
0.00104,0.17708,4.3439e+0,5.1228e+10,1.3384e+11
0.00313,0.17708,4.3395e+0,3.9682e+10,2.3229e+11
0.00521,0.17708,4.3211e+0,5.5473e+10,2.4657e+11
0.00729,0.17708,4.2878e+0,7.5771e+10,2.5208e+11
0.00937,0.17708,4.2456e+0,1.2296e+11,8.3212e+10
0.01146,0.17708,4.2088e+0,1.5649e+11,5.5327e+10
0.01354,0.17708,4.1794e+0,1.7185e+11,1.2842e+11
0.01563,0.17708,4.1507e+0,1.6880e+11,1.3475e+11
0.01771,0.17708,4.1224e+0,1.6928e+11,1.7615e+11
0.01979,0.17708,4.0941e+0,2.0158e+11,4.3659e+11
0.02187,0.17708,4.0535e+0,2.2324e+11,4.1178e+11
0.02396,0.17708,4.0048e+0,2.3052e+11,3.5322e+11
0.02604,0.17708,3.9506e+0,2.3811e+11,2.2424e+11
0.02813,0.17708,3.8979e+0,2.8260e+11,2.0852e+11
0.03021,0.17708,3.8487e+0,2.8730e+11,3.2499e+11
0.03229,0.17708,3.7950e+0,3.0917e+11,2.7961e+11
0.03438,0.17708,3.7420e+0,2.8338e+11,2.5778e+11
0.03646,0.17708,3.6895e+0,2.7770e+11,3.5351e+11
0.03854,0.17708,3.6323e+0,2.8994e+11,4.3796e+11
0.04063,0.17708,3.5672e+0,2.9112e+11,3.3552e+11
0.04271,0.17708,3.5017e+0,2.8835e+11,3.6039e+11
0.04479,0.17708,3.4345e+0,2.9324e+11,3.7332e+11
0.04688,0.17708,3.3657e+0,2.7068e+11,4.5295e+11
0.04896,0.17708,3.2873e+0,2.7584e+11,3.2392e+11
0.05104,0.17708,3.2073e+0,2.9871e+11,2.5220e+11
0.05312,0.17708,3.1306e+0,2.7706e+11,2.8243e+11
0.05521,0.17708,3.0527e+0,3.0075e+11,3.4898e+11
0.05729,0.17708,2.9715e+0,2.8495e+11,3.5278e+11
0.05937,0.17708,2.8869e+0,2.7129e+11,3.8546e+11
0.06146,0.17708,2.7971e+0,2.9986e+11,3.9691e+11
0.06354,0.17708,2.7049e+0,3.0082e+11,4.2662e+11
0.06563,0.17708,2.6093e+0,2.9436e+11,4.3054e+11
0.06771,0.17708,2.5093e+0,2.9316e+11,4.2014e+11
0.06979,0.17708,2.4040e+0,3.0426e+11,4.2973e+11
0.07187,0.17708,2.2924e+0,3.0191e+11,3.7654e+11
0.07396,0.17708,2.1779e+0,2.7164e+11,3.8363e+11
0.07604,0.17708,2.0566e+0,2.7006e+11,3.4922e+11
0.07813,0.17708,1.9306e+0,2.5427e+11,3.4642e+11
0.08021,0.17708,1.7987e+0,2.3133e+11,3.6965e+11
0.08229,0.17708,1.6572e+0,2.3911e+11,3.1534e+11
0.08438,0.17708,1.5108e+0,2.3445e+11,3.4225e+11
0.08646,0.17708,1.3574e+0,1.7955e+11,3.5584e+11
0.08854,0.17708,1.1919e+0,1.3345e+11,3.3100e+11
0.09062,0.17708,1.0129e+0,5.2632e+10,2.8114e+11
0.09271,0.17708,8.1767e-1,1.0984e+10,2.6730e+11
0.09479,0.17708,6.0416e-1,3.0579e+9,2.4915e+11
0.09688,0.17708,3.7364e-1,8.3288e+8,2.2867e+11
0.09896,0.17708,1.2841e-1,2.7076e+8,2.0521e+11
0.00104,0.18125,4.4026e+0,5.4218e+10,1.3998e+10
0.00313,0.18125,4.4136e+0,4.5701e+10,5.7427e+11
0.00521,0.18125,4.4065e+0,5.4244e+10,1.3005e+12
0.00729,0.18125,4.3432e+0,7.0448e+10,3.5483e+11
0.00937,0.18125,4.2851e+0,1.1171e+11,1.4537e+11
0.01146,0.18125,4.2397e+0,1.4643e+11,1.0206e+11
0.01354,0.18125,4.2053e+0,1.6155e+11,1.8989e+11
0.01563,0.18125,4.1721e+0,1.6000e+11,1.7287e+11
0.01771,0.18125,4.1394e+0,1.7047e+11,3.0380e+11
0.01979,0.18125,4.1003e+0,2.0425e+11,3.3141e+11
0.02187,0.18125,4.0554e+0,2.2202e+11,2.9302e+11
0.02396,0.18125,4.0081e+0,2.3819e+11,2.5898e+11
0.02604,0.18125,3.9615e+0,2.4592e+11,2.8635e+11
0.02813,0.18125,3.9154e+0,2.7953e+11,4.4757e+11
0.03021,0.18125,3.8624e+0,2.8299e+11,4.0598e+11
0.03229,0.18125,3.8060e+0,2.9647e+11,3.4401e+11
0.03438,0.18125,3.7516e+0,2.8292e+11,3.6059e+11
0.03646,0.18125,3.6966e+0,2.8252e+11,3.9670e+11
0.03854,0.18125,3.6378e+0,2.8921e+11,4.2226e+11
0.04063,0.18125,3.5741e+0,2.8396e+11,3.4983e+11
0.04271,0.18125,3.5108e+0,2.9024e+11,3.9102e+11
0.04479,0.18125,3.4453e+0,3.0538e+11,4.3049e+11
0.04688,0.18125,3.3760e+0,2.7541e+11,4.2084e+11
0.04896,0.18125,3.3007e+0,2.7784e+11,3.6509e+11
0.05104,0.18125,3.2242e+0,3.0714e+11,3.7147e+11
0.05312,0.18125,3.1486e+0,2.7244e+11,4.1088e+11
0.05521,0.18125,3.0673e+0,2.9620e+11,3.9497e+11
0.05729,0.18125,2.9819e+0,2.8766e+11,3.2350e+11
0.05937,0.18125,2.8959e+0,2.6807e+11,3.6762e+11
0.06146,0.18125,2.8047e+0,3.0518e+11,3.9569e+11
0.06354,0.18125,2.7094e+0,2.9688e+11,3.3546e+11
0.06563,0.18125,2.6135e+0,2.9301e+11,3.2489e+11
0.06771,0.18125,2.5180e+0,3.0004e+11,4.6135e+11
0.06979,0.18125,2.4147e+0,3.1440e+11,4.8593e+11
0.07187,0.18125,2.3041e+0,3.0902e+11,4.2596e+11
0.07396,0.18125,2.1907e+0,2.7235e+11,4.4006e+11
0.07604,0.18125,2.0703e+0,2.6841e+11,4.0836e+11
0.07813,0.18125,1.9442e+0,2.5436e+11,3.9154e+11
0.08021,0.18125,1.8118e+0,2.3038e+11,4.0123e+11
0.08229,0.18125,1.6697e+0,2.2502e+11,3.4700e+11
0.08438,0.18125,1.5217e+0,2.2343e+11,3.6279e+11
0.08646,0.18125,1.3658e+0,1.8521e+11,3.4506e+11
0.08854,0.18125,1.1998e+0,1.3329e+11,3.1723e+11
0.09062,0.18125,1.0222e+0,5.1990e+10,3.2453e+11
0.09271,0.18125,8.2728e-1,1.0209e+10,3.2688e+11
0.09479,0.18125,6.1255e-1,2.5695e+9,3.0801e+11
0.09688,0.18125,3.7956e-1,8.5713e+8,2.7448e+11
0.09896,0.18125,1.3080e-1,3.9108e+8,2.3298e+11
0.00104,0.18542,4.3863e+0,5.2500e+10,0.0000e+0
0.00313,0.18542,4.3883e+0,5.9401e+10,1.6295e+11
0.00521,0.18542,4.3819e+0,6.6857e+10,3.5090e+11
0.00729,0.18542,4.3580e+0,7.4330e+10,6.1158e+11
0.00937,0.18542,4.3093e+0,1.1945e+11,1.8285e+11
0.01146,0.18542,4.2695e+0,1.4378e+11,1.4668e+11
0.01354,0.18542,4.2384e+0,1.5434e+11,3.0255e+11
0.01563,0.18542,4.2049e+0,1.5300e+11,4.6035e+11
0.01771,0.18542,4.1572e+0,1.7111e+11,2.6016e+11
0.01979,0.18542,4.1076e+0,2.0009e+11,1.7680e+11
0.02187,0.18542,4.0622e+0,2.2056e+11,2.2814e+11
0.02396,0.18542,4.0186e+0,2.4409e+11,3.3483e+11
0.02604,0.18542,3.9724e+0,2.4836e+11,3.8340e+11
0.02813,0.18542,3.9221e+0,2.8396e+11,4.4923e+11
0.03021,0.18542,3.8662e+0,3.0107e+11,4.2515e+11
0.03229,0.18542,3.8087e+0,3.1122e+11,4.0161e+11
0.03438,0.18542,3.7524e+0,2.8559e+11,3.8225e+11
0.03646,0.18542,3.6962e+0,2.8069e+11,4.3795e+11
0.03854,0.18542,3.6346e+0,2.7874e+11,3.6500e+11
0.04063,0.18542,3.5718e+0,2.8875e+11,3.3729e+11
0.04271,0.18542,3.5092e+0,2.9886e+11,3.7246e+11
0.04479,0.18542,3.4444e+0,3.1510e+11,3.8557e+11
0.04688,0.18542,3.3780e+0,2.8098e+11,4.2281e+11
0.04896,0.18542,3.3041e+0,2.7896e+11,3.3265e+11
0.05104,0.18542,3.2298e+0,2.9931e+11,3.2562e+11
0.05312,0.18542,3.1579e+0,2.7221e+11,4.2598e+11
0.05521,0.18542,3.0800e+0,2.9497e+11,4.6411e+11
0.05729,0.18542,2.9962e+0,2.8564e+11,4.5565e+11
0.05937,0.18542,2.9066e+0,2.7218e+11,4.0447e+11
0.06146,0.18542,2.8131e+0,2.9890e+11,4.0889e+11
0.06354,0.18542,2.7168e+0,2.9580e+11,4.0129e+11
0.06563,0.18542,2.6183e+0,3.0041e+11,3.8316e+11
0.06771,0.18542,2.5193e+0,2.9404e+11,4.5132e+11
0.06979,0.18542,2.4136e+0,3.2037e+11,4.4467e+11
0.07187,0.18542,2.3034e+0,3.1053e+11,3.8690e+11
0.07396,0.18542,2.1919e+0,2.7531e+11,3.8835e+11
0.07604,0.18542,2.0764e+0,2.6788e+11,4.3118e+11
0.07813,0.18542,1.9538e+0,2.5831e+11,4.2765e+11
0.08021,0.18542,1.8239e+0,2.3496e+11,4.6053e+11
0.08229,0.18542,1.6827e+0,2.3524e+11,3.9269e+11
0.08438,0.18542,1.5351e+0,2.2747e+11,3.9992e+11
0.08646,0.18542,1.3796e+0,1.7371e+11,3.9018e+11
0.08854,0.18542,1.2126e+0,1.3356e+11,3.6964e+11
0.09062,0.18542,1.0326e+0,5.8215e+10,3.5713e+11
0.09271,0.18542,8.3492e-1,1.0841e+10,3.3658e+11
0.09479,0.18542,6.1775e-1,2.3653e+9,3.0199e+11
0.09688,0.18542,3.8329e-1,1.0387e+9,2.8709e+11
0.09896,0.18542,1.3294e-1,2.3945e+8,2.7937e+11
0.00104,0.18958,4.3700e+0,6.1017e+10,0.0000e+0
0.00313,0.18958,4.3702e+0,6.7164e+10,1.4443e+11
0.00521,0.18958,4.3622e+0,6.8663e+10,1.6574e+11
0.00729,0.18958,4.3447e+0,7.9608e+10,2.1076e+11
0.00937,0.18958,4.3171e+0,1.3721e+11,1.7713e+11
0.01146,0.18958,4.2893e+0,1.4900e+11,3.0651e+11
0.01354,0.18958,4.2544e+0,1.5526e+11,2.1886e+11
0.01563,0.18958,4.2193e+0,1.5551e+11,3.2562e+11
0.01771,0.18958,4.1776e+0,1.6935e+11,4.2474e+11
0.01979,0.18958,4.1257e+0,1.9801e+11,2.6914e+11
0.02187,0.18958,4.0759e+0,2.1875e+11,2.8035e+11
0.02396,0.18958,4.0269e+0,2.3349e+11,3.8812e+11
0.02604,0.18958,3.9724e+0,2.4873e+11,3.5484e+11
0.02813,0.18958,3.9154e+0,2.8687e+11,4.2129e+11
0.03021,0.18958,3.8526e+0,2.9699e+11,2.7878e+11
0.03229,0.18958,3.7929e+0,3.0287e+11,2.5963e+11
0.03438,0.18958,3.7366e+0,2.7701e+11,2.5386e+11
0.03646,0.18958,3.6810e+0,2.7385e+11,2.9520e+11
0.03854,0.18958,3.6225e+0,2.8883e+11,2.5624e+11
0.04063,0.18958,3.5661e+0,2.8922e+11,3.5928e+11
0.04271,0.18958,3.5061e+0,3.0334e+11,4.2945e+11
0.04479,0.18958,3.4397e+0,3.0033e+11,2.7198e+11
0.04688,0.18958,3.3777e+0,2.7028e+11,4.5563e+11
0.04896,0.18958,3.3048e+0,2.7977e+11,3.6640e+11
0.05104,0.18958,3.2299e+0,2.9576e+11,3.6609e+11
0.05312,0.18958,3.1543e+0,2.7140e+11,3.6700e+11
0.05521,0.18958,3.0755e+0,2.9939e+11,4.0748e+11
0.05729,0.18958,2.9930e+0,2.7911e+11,4.3131e+11
0.05937,0.18958,2.9040e+0,2.7090e+11,3.8591e+11
0.06146,0.18958,2.8110e+0,3.1284e+11,4.3979e+11
0.06354,0.18958,2.7126e+0,2.8773e+11,3.5548e+11
0.06563,0.18958,2.6122e+0,3.0030e+11,3.5526e+11
0.06771,0.18958,2.5101e+0,2.9338e+11,3.5455e+11
0.06979,0.18958,2.4044e+0,3.0798e+11,3.3939e+11
0.07187,0.18958,2.2964e+0,3.0650e+11,3.2855e+11
0.07396,0.18958,2.1868e+0,2.7422e+11,3.4967e+11
0.07604,0.18958,2.0725e+0,2.7477e+11,3.7252e+11
0.07813,0.18958,1.9527e+0,2.5831e+11,4.1090e+11
0.08021,0.18958,1.8245e+0,2.4712e+11,4.1531e+11
0.08229,0.18958,1.6866e+0,2.4010e+11,3.8938e+11
0.08438,0.18958,1.5410e+0,2.2126e+11,3.8999e+11
0.08646,0.18958,1.3871e+0,1.7013e+11,4.1198e+11
0.08854,0.18958,1.2195e+0,1.3677e+11,3.9776e+11
0.09062,0.18958,1.0368e+0,6.4440e+10,3.4440e+11
0.09271,0.18958,8.3697e-1,1.3406e+10,3.1516e+11
0.09479,0.18958,6.1782e-1,2.4130e+9,2.7119e+11
0.09688,0.18958,3.8160e-1,9.1227e+8,2.2968e+11
0.09896,0.18958,1.3119e-1,2.2846e+8,2.0712e+11
0.00104,0.19375,4.3707e+0,5.8950e+10,0.0000e+0
0.00313,0.19375,4.3715e+0,6.3962e+10,4.8511e+10
0.00521,0.19375,4.3701e+0,5.5582e+10,1.9587e+11
0.00729,0.19375,4.3565e+0,7.3234e+10,1.3790e+11
0.00937,0.19375,4.3378e+0,1.3618e+11,2.8053e+11
0.01146,0.19375,4.3110e+0,1.5150e+11,3.6090e+11
0.01354,0.19375,4.2733e+0,1.5117e+11,3.5979e+11
0.01563,0.19375,4.2264e+0,1.4960e+11,1.9325e+11
0.01771,0.19375,4.1811e+0,1.6958e+11,2.4624e+11
0.01979,0.19375,4.1345e+0,1.9891e+11,2.9674e+11
0.02187,0.19375,4.0856e+0,2.1876e+11,4.2922e+11
0.02396,0.19375,4.0267e+0,2.2591e+11,2.7915e+11
0.02604,0.19375,3.9674e+0,2.4183e+11,2.6868e+11
0.02813,0.19375,3.9069e+0,2.8500e+11,2.2083e+11
0.03021,0.19375,3.8492e+0,2.8471e+11,2.3152e+11
0.03229,0.19375,3.7925e+0,2.9542e+11,2.1710e+11
0.03438,0.19375,3.7384e+0,2.7805e+11,2.5249e+11
0.03646,0.19375,3.6836e+0,2.8955e+11,3.1383e+11
0.03854,0.19375,3.6249e+0,2.9641e+11,3.0955e+11
0.04063,0.19375,3.5642e+0,2.8938e+11,2.9629e+11
0.04271,0.19375,3.5018e+0,3.0011e+11,3.0776e+11
0.04479,0.19375,3.4384e+0,3.0302e+11,3.2389e+11
0.04688,0.19375,3.3746e+0,2.7251e+11,4.4363e+11
0.04896,0.19375,3.2992e+0,2.8696e+11,3.0458e+11
0.05104,0.19375,3.2227e+0,3.1029e+11,3.0021e+11
0.05312,0.19375,3.1459e+0,2.8113e+11,3.2725e+11
0.05521,0.19375,3.0638e+0,3.0394e+11,3.0458e+11
0.05729,0.19375,2.9801e+0,2.8400e+11,3.0510e+11
0.05937,0.19375,2.8946e+0,2.6816e+11,3.6033e+11
0.06146,0.19375,2.8031e+0,3.0803e+11,3.7191e+11
0.06354,0.19375,2.7084e+0,2.9298e+11,3.9171e+11
0.06563,0.19375,2.6083e+0,2.9942e+11,3.0828e+11
0.06771,0.19375,2.5087e+0,2.8984e+11,3.2704e+11
0.06979,0.19375,2.4075e+0,3.1013e+11,4.0523e+11
0.07187,0.19375,2.3011e+0,3.0234e+11,3.8243e+11
0.07396,0.19375,2.1898e+0,2.7164e+11,3.5331e+11
0.07604,0.19375,2.0726e+0,2.8045e+11,3.4214e+11
0.07813,0.19375,1.9508e+0,2.6988e+11,3.2636e+11
0.08021,0.19375,1.8246e+0,2.4001e+11,3.8207e+11
0.08229,0.19375,1.6885e+0,2.3596e+11,3.8966e+11
0.08438,0.19375,1.5423e+0,2.2544e+11,3.5279e+11
0.08646,0.19375,1.3885e+0,1.7208e+11,3.8151e+11
0.08854,0.19375,1.2215e+0,1.3895e+11,3.7301e+11
0.09062,0.19375,1.0394e+0,6.5994e+10,3.2485e+11
0.09271,0.19375,8.4022e-1,9.7292e+9,3.0587e+11
0.09479,0.19375,6.2176e-1,2.6684e+9,2.8404e+11
0.09688,0.19375,3.8577e-1,6.7612e+8,2.7300e+11
0.09896,0.19375,1.3386e-1,1.1493e+8,2.7740e+11
0.00104,0.19792,4.3834e+0,4.0642e+10,0.0000e+0
0.00313,0.19792,4.3877e+0,4.4711e+10,5.0767e+10
0.00521,0.19792,4.3942e+0,4.7191e+10,3.6929e+11
0.00729,0.19792,4.3870e+0,6.8660e+10,4.9079e+11
0.00937,0.19792,4.3658e+0,1.3024e+11,5.3084e+11
0.01146,0.19792,4.3337e+0,1.5492e+11,5.4052e+11
0.01354,0.19792,4.2897e+0,1.4794e+11,4.2702e+11
0.01563,0.19792,4.2376e+0,1.4351e+11,2.3694e+11
0.01771,0.19792,4.1878e+0,1.6415e+11,2.2725e+11
0.01979,0.19792,4.1414e+0,1.9495e+11,3.8604e+11
0.02187,0.19792,4.0899e+0,2.1814e+11,4.2140e+11
0.02396,0.19792,4.0318e+0,2.2722e+11,2.6348e+11
0.02604,0.19792,3.9783e+0,2.4799e+11,3.4131e+11
0.02813,0.19792,3.9244e+0,2.7270e+11,3.1084e+11
0.03021,0.19792,3.8745e+0,2.7025e+11,4.2262e+11
0.03229,0.19792,3.8210e+0,2.8657e+11,4.5000e+11
0.03438,0.19792,3.7639e+0,2.7019e+11,3.7152e+11
0.03646,0.19792,3.7071e+0,2.8160e+11,4.4241e+11
0.03854,0.19792,3.6444e+0,2.9440e+11,3.9291e+11
0.04063,0.19792,3.5795e+0,2.8930e+11,3.9051e+11
0.04271,0.19792,3.5114e+0,2.9401e+11,3.2233e+11
0.04479,0.19792,3.4434e+0,3.1176e+11,3.1007e+11
0.04688,0.19792,3.3770e+0,2.7583e+11,3.5881e+11
0.04896,0.19792,3.3053e+0,2.8113e+11,3.2757e+11
0.05104,0.19792,3.2327e+0,3.0261e+11,4.0596e+11
0.05312,0.19792,3.1563e+0,2.8347e+11,4.6446e+11
0.05521,0.19792,3.0708e+0,2.9946e+11,4.1591e+11
0.05729,0.19792,2.9805e+0,2.8374e+11,2.8135e+11
0.05937,0.19792,2.8925e+0,2.6800e+11,3.3694e+11
0.06146,0.19792,2.8004e+0,2.9514e+11,3.1617e+11
0.06354,0.19792,2.7076e+0,2.9598e+11,3.4902e+11
0.06563,0.19792,2.6125e+0,2.9961e+11,3.7514e+11
0.06771,0.19792,2.5144e+0,2.9589e+11,3.6376e+11
0.06979,0.19792,2.4142e+0,3.1872e+11,3.7865e+11
0.07187,0.19792,2.3126e+0,2.9545e+11,4.5353e+11
0.07396,0.19792,2.2034e+0,2.7830e+11,4.6315e+11
0.07604,0.19792,2.0851e+0,2.9187e+11,4.1424e+11
0.07813,0.19792,1.9622e+0,2.8007e+11,4.1843e+11
0.08021,0.19792,1.8333e+0,2.4077e+11,4.0122e+11
0.08229,0.19792,1.6967e+0,2.3212e+11,4.4208e+11
0.08438,0.19792,1.5488e+0,2.2760e+11,3.9622e+11
0.08646,0.19792,1.3924e+0,1.7716e+11,3.3854e+11
0.08854,0.19792,1.2271e+0,1.4019e+11,4.0716e+11
0.09062,0.19792,1.0461e+0,6.6169e+10,3.7781e+11
0.09271,0.19792,8.4646e-1,9.0257e+9,3.3926e+11
0.09479,0.19792,6.2739e-1,2.7739e+9,3.3991e+11
0.09688,0.19792,3.8903e-1,6.9067e+8,2.9306e+11
0.09896,0.19792,1.3455e-1,7.6122e+7,2.6236e+11
0.00104,0.20208,4.3740e+0,4.2792e+10,0.0000e+0
0.00313,0.20208,4.3787e+0,4.3613e+10,2.7660e+11
0.00521,0.20208,4.3730e+0,4.5909e+10,2.9281e+11
0.00729,0.20208,4.3568e+0,6.7006e+10,2.3298e+11
0.00937,0.20208,4.3355e+0,1.2211e+11,2.4768e+11
0.01146,0.20208,4.3103e+0,1.5602e+11,2.8886e+11
0.01354,0.20208,4.2801e+0,1.4468e+11,3.9888e+11
0.01563,0.20208,4.2382e+0,1.3921e+11,4.2193e+11
0.01771,0.20208,4.1831e+0,1.7301e+11,2.2588e+11
0.01979,0.20208,4.1294e+0,2.0806e+11,1.9822e+11
0.02187,0.20208,4.0777e+0,2.1531e+11,1.9469e+11
0.02396,0.20208,4.0269e+0,2.3423e+11,2.0549e+11
0.02604,0.20208,3.9784e+0,2.5689e+11,2.9539e+11
0.02813,0.20208,3.9290e+0,2.7643e+11,3.2409e+11
0.03021,0.20208,3.8806e+0,2.7345e+11,4.1938e+11
0.03229,0.20208,3.8269e+0,2.8517e+11,3.9380e+11
0.03438,0.20208,3.7704e+0,2.7429e+11,2.9857e+11
0.03646,0.20208,3.7173e+0,2.8388e+11,4.7375e+11
0.03854,0.20208,3.6551e+0,2.8266e+11,3.7574e+11
0.04063,0.20208,3.5901e+0,2.8609e+11,3.2621e+11
0.04271,0.20208,3.5243e+0,2.9040e+11,3.4848e+11
0.04479,0.20208,3.4556e+0,3.0499e+11,3.3521e+11
0.04688,0.20208,3.3864e+0,2.7918e+11,3.4656e+11
0.04896,0.20208,3.3130e+0,2.9021e+11,3.2523e+11
0.05104,0.20208,3.2377e+0,3.0911e+11,3.6040e+11
0.05312,0.20208,3.1586e+0,2.8592e+11,3.7201e+11
0.05521,0.20208,3.0735e+0,3.0048e+11,3.4712e+11
0.05729,0.20208,2.9858e+0,2.8488e+11,3.1537e+11
0.05937,0.20208,2.8975e+0,2.7137e+11,3.2833e+11
0.06146,0.20208,2.8064e+0,2.9428e+11,3.6887e+11
0.06354,0.20208,2.7118e+0,3.0098e+11,3.2627e+11
0.06563,0.20208,2.6168e+0,3.0391e+11,3.4028e+11
0.06771,0.20208,2.5196e+0,2.9843e+11,3.3676e+11
0.06979,0.20208,2.4197e+0,3.2954e+11,3.7281e+11
0.07187,0.20208,2.3171e+0,3.0890e+11,3.9326e+11
0.07396,0.20208,2.2085e+0,2.8557e+11,4.2847e+11
0.07604,0.20208,2.0902e+0,3.0053e+11,3.7784e+11
0.07813,0.20208,1.9675e+0,2.8171e+11,4.1904e+11
0.08021,0.20208,1.8366e+0,2.4785e+11,3.7551e+11
0.08229,0.20208,1.6982e+0,2.3758e+11,3.7265e+11
0.08438,0.20208,1.5515e+0,2.3294e+11,3.7673e+11
0.08646,0.20208,1.3962e+0,1.7324e+11,3.7925e+11
0.08854,0.20208,1.2284e+0,1.3813e+11,3.6716e+11
0.09062,0.20208,1.0466e+0,5.9039e+10,3.6087e+11
0.09271,0.20208,8.4562e-1,8.4151e+9,3.2619e+11
0.09479,0.20208,6.2439e-1,2.7714e+9,2.7884e+11
0.09688,0.20208,3.8614e-1,8.2501e+8,2.4961e+11
0.09896,0.20208,1.3334e-1,8.0104e+7,2.4678e+11
0.00104,0.20625,4.3398e+0,5.0586e+10,0.0000e+0
0.00313,0.20625,4.3400e+0,5.1188e+10,1.1095e+11
0.00521,0.20625,4.3334e+0,5.0836e+10,1.7620e+11
0.00729,0.20625,4.3168e+0,6.8883e+10,2.4015e+10
0.00937,0.20625,4.3015e+0,1.2143e+11,9.3300e+10
0.01146,0.20625,4.2856e+0,1.5933e+11,2.8769e+11
0.01354,0.20625,4.2597e+0,1.5070e+11,2.3798e+11
0.01563,0.20625,4.2281e+0,1.4417e+11,3.5481e+11
0.01771,0.20625,4.1821e+0,1.8792e+11,2.1427e+11
0.01979,0.20625,4.1350e+0,2.0515e+11,2.4508e+11
0.02187,0.20625,4.0874e+0,2.2738e+11,2.8962e+11
0.02396,0.20625,4.0388e+0,2.4503e+11,3.5619e+11
0.02604,0.20625,3.9862e+0,2.6244e+11,3.7039e+11
0.02813,0.20625,3.9290e+0,2.8555e+11,2.3632e+11
0.03021,0.20625,3.8764e+0,2.8128e+11,2.6549e+11
0.03229,0.20625,3.8236e+0,2.8915e+11,2.8165e+11
0.03438,0.20625,3.7695e+0,2.7781e+11,2.2622e+11
0.03646,0.20625,3.7171e+0,2.8594e+11,2.9357e+11
0.03854,0.20625,3.6618e+0,2.7667e+11,2.9503e+11
0.04063,0.20625,3.6050e+0,2.8485e+11,3.8981e+11
0.04271,0.20625,3.5430e+0,2.9851e+11,4.6411e+11
0.04479,0.20625,3.4734e+0,3.0011e+11,3.7538e+11
0.04688,0.20625,3.4043e+0,2.7205e+11,4.3461e+11
0.04896,0.20625,3.3300e+0,2.8587e+11,4.1059e+11
0.05104,0.20625,3.2538e+0,3.0724e+11,4.8562e+11
0.05312,0.20625,3.1713e+0,2.9127e+11,4.2056e+11
0.05521,0.20625,3.0845e+0,2.9949e+11,3.5863e+11
0.05729,0.20625,2.9974e+0,2.8759e+11,3.6129e+11
0.05937,0.20625,2.9078e+0,2.8022e+11,3.3766e+11
0.06146,0.20625,2.8158e+0,3.0979e+11,3.4654e+11
0.06354,0.20625,2.7225e+0,3.0291e+11,3.1260e+11
0.06563,0.20625,2.6302e+0,2.9873e+11,3.6517e+11
0.06771,0.20625,2.5356e+0,2.9501e+11,4.3215e+11
0.06979,0.20625,2.4351e+0,3.2840e+11,4.4162e+11
0.07187,0.20625,2.3308e+0,3.1507e+11,4.5630e+11
0.07396,0.20625,2.2205e+0,2.8572e+11,4.5637e+11
0.07604,0.20625,2.1014e+0,2.8962e+11,4.2920e+11
0.07813,0.20625,1.9764e+0,2.7792e+11,4.3331e+11
0.08021,0.20625,1.8437e+0,2.4856e+11,3.7136e+11
0.08229,0.20625,1.7051e+0,2.3971e+11,4.0502e+11
0.08438,0.20625,1.5579e+0,2.2948e+11,4.1883e+11
0.08646,0.20625,1.4012e+0,1.7344e+11,4.2520e+11
0.08854,0.20625,1.2304e+0,1.3422e+11,3.6187e+11
0.09062,0.20625,1.0465e+0,5.4258e+10,3.3881e+11
0.09271,0.20625,8.4490e-1,9.0247e+9,3.3411e+11
0.09479,0.20625,6.2301e-1,2.9359e+9,2.8019e+11
0.09688,0.20625,3.8436e-1,1.1316e+9,2.3641e+11
0.09896,0.20625,1.3206e-1,1.5314e+8,2.1313e+11
0.00104,0.21042,4.3202e+0,5.8274e+10,0.0000e+0
0.00313,0.21042,4.3182e+0,5.4432e+10,3.4130e+7
0.00521,0.21042,4.3128e+0,5.4957e+10,1.5488e+10
0.00729,0.21042,4.3039e+0,7.5371e+10,6.7943e+10
0.00937,0.21042,4.2931e+0,1.2120e+11,2.1923e+11
0.01146,0.21042,4.2751e+0,1.6953e+11,2.3256e+11
0.01354,0.21042,4.2528e+0,1.6137e+11,1.6136e+11
0.01563,0.21042,4.2303e+0,1.4050e+11,2.7876e+11
0.01771,0.21042,4.1990e+0,1.8132e+11,5.0154e+11
0.01979,0.21042,4.1499e+0,1.8642e+11,2.6347e+11
0.02187,0.21042,4.1000e+0,2.2020e+11,2.4908e+11
0.02396,0.21042,4.0497e+0,2.4003e+11,2.8404e+11
0.02604,0.21042,3.9957e+0,2.5437e+11,2.1345e+11
0.02813,0.21042,3.9423e+0,2.7968e+11,1.9199e+11
0.03021,0.21042,3.8927e+0,2.7896e+11,2.8250e+11
0.03229,0.21042,3.8418e+0,2.9167e+11,2.9468e+11
0.03438,0.21042,3.7906e+0,2.7514e+11,2.8380e+11
0.03646,0.21042,3.7384e+0,2.7291e+11,3.5278e+11
0.03854,0.21042,3.6804e+0,2.8477e+11,3.4293e+11
0.04063,0.21042,3.6203e+0,2.8871e+11,4.4289e+11
0.04271,0.21042,3.5528e+0,3.0383e+11,4.5490e+11
0.04479,0.21042,3.4786e+0,2.9662e+11,3.4541e+11
0.04688,0.21042,3.4046e+0,2.8299e+11,3.4470e+11
0.04896,0.21042,3.3283e+0,2.9777e+11,3.0445e+11
0.05104,0.21042,3.2525e+0,3.1831e+11,3.6840e+11
0.05312,0.21042,3.1734e+0,2.9977e+11,3.4854e+11
0.05521,0.21042,3.0913e+0,3.1155e+11,3.3303e+11
0.05729,0.21042,3.0084e+0,2.9397e+11,3.4501e+11
0.05937,0.21042,2.9224e+0,2.9385e+11,3.6738e+11
0.06146,0.21042,2.8320e+0,3.1012e+11,3.7973e+11
0.06354,0.21042,2.7378e+0,3.0087e+11,3.2654e+11
0.06563,0.21042,2.6438e+0,3.0145e+11,4.0935e+11
0.06771,0.21042,2.5444e+0,3.0595e+11,3.8022e+11
0.06979,0.21042,2.4419e+0,3.3037e+11,3.8313e+11
0.07187,0.21042,2.3371e+0,3.1238e+11,4.1359e+11
0.07396,0.21042,2.2267e+0,2.8357e+11,4.4847e+11
0.07604,0.21042,2.1061e+0,2.8817e+11,3.7915e+11
0.07813,0.21042,1.9811e+0,2.7011e+11,3.8736e+11
0.08021,0.21042,1.8503e+0,2.4271e+11,4.4859e+11
0.08229,0.21042,1.7085e+0,2.3709e+11,4.1151e+11
0.08438,0.21042,1.5577e+0,2.2914e+11,3.7310e+11
0.08646,0.21042,1.3996e+0,1.7788e+11,3.8070e+11
0.08854,0.21042,1.2297e+0,1.3356e+11,3.7914e+11
0.09062,0.21042,1.0453e+0,5.0020e+10,3.5470e+11
0.09271,0.21042,8.4241e-1,9.6528e+9,3.0579e+11
0.09479,0.21042,6.2179e-1,3.2221e+9,2.9059e+11
0.09688,0.21042,3.8442e-1,1.1511e+9,2.5819e+11
0.09896,0.21042,1.3289e-1,1.6926e+8,2.5975e+11
0.00104,0.21458,4.3350e+0,5.0907e+10,3.0805e+10
0.00313,0.21458,4.3369e+0,4.7320e+10,2.1105e+11
0.00521,0.21458,4.3303e+0,5.7968e+10,3.1433e+11
0.00729,0.21458,4.3119e+0,8.5587e+10,1.4942e+11
0.00937,0.21458,4.2952e+0,1.4058e+11,2.0739e+11
0.01146,0.21458,4.2769e+0,1.7251e+11,1.7411e+11
0.01354,0.21458,4.2606e+0,1.5228e+11,2.8402e+11
0.01563,0.21458,4.2381e+0,1.3577e+11,3.2259e+11
0.01771,0.21458,4.2054e+0,1.7709e+11,3.4216e+11
0.01979,0.21458,4.1651e+0,1.9205e+11,3.0685e+11
0.02187,0.21458,4.1239e+0,2.2325e+11,4.1209e+11
0.02396,0.21458,4.0794e+0,2.3730e+11,4.2059e+11
0.02604,0.21458,4.0330e+0,2.5303e+11,4.7469e+11
0.02813,0.21458,3.9833e+0,2.8845e+11,5.6119e+11
0.03021,0.21458,3.9272e+0,2.8426e+11,4.2002e+11
0.03229,0.21458,3.8731e+0,2.9583e+11,3.6009e+11
0.03438,0.21458,3.8254e+0,2.7541e+11,5.3398e+11
0.03646,0.21458,3.7705e+0,2.7423e+11,6.1728e+11
0.03854,0.21458,3.7019e+0,2.8493e+11,4.6569e+11
0.04063,0.21458,3.6300e+0,2.8881e+11,4.0545e+11
0.04271,0.21458,3.5558e+0,3.0557e+11,3.7370e+11
0.04479,0.21458,3.4810e+0,3.0109e+11,3.2714e+11
0.04688,0.21458,3.4084e+0,2.8948e+11,3.4931e+11
0.04896,0.21458,3.3355e+0,3.0781e+11,3.9407e+11
0.05104,0.21458,3.2608e+0,3.1675e+11,3.8981e+11
0.05312,0.21458,3.1853e+0,2.9889e+11,4.2028e+11
0.05521,0.21458,3.1072e+0,3.2317e+11,4.4271e+11
0.05729,0.21458,3.0278e+0,2.9808e+11,4.7441e+11
0.05937,0.21458,2.9440e+0,2.9142e+11,4.9940e+11
0.06146,0.21458,2.8537e+0,3.1197e+11,5.1126e+11
0.06354,0.21458,2.7569e+0,3.0326e+11,4.3850e+11
0.06563,0.21458,2.6570e+0,2.9751e+11,3.8291e+11
0.06771,0.21458,2.5553e+0,3.0768e+11,3.5308e+11
0.06979,0.21458,2.4531e+0,3.2298e+11,4.0500e+11
0.07187,0.21458,2.3470e+0,3.1120e+11,4.2323e+11
0.07396,0.21458,2.2346e+0,2.8322e+11,4.3228e+11
0.07604,0.21458,2.1132e+0,2.8234e+11,3.9396e+11
0.07813,0.21458,1.9855e+0,2.6954e+11,3.8491e+11
0.08021,0.21458,1.8505e+0,2.4159e+11,3.4493e+11
0.08229,0.21458,1.7077e+0,2.3124e+11,3.3712e+11
0.08438,0.21458,1.5568e+0,2.1959e+11,3.3960e+11
0.08646,0.21458,1.3978e+0,1.8133e+11,3.6996e+11
0.08854,0.21458,1.2262e+0,1.3521e+11,3.4494e+11
0.09062,0.21458,1.0402e+0,5.2529e+10,2.9578e+11
0.09271,0.21458,8.3693e-1,1.0012e+10,2.4205e+11
0.09479,0.21458,6.1738e-1,3.2475e+9,2.4660e+11
0.09688,0.21458,3.8138e-1,1.0467e+9,2.3178e+11
0.09896,0.21458,1.3101e-1,2.2152e+8,2.0740e+11
0.00104,0.21875,4.3413e+0,5.1369e+10,7.0912e+10
0.00313,0.21875,4.3445e+0,4.7512e+10,3.6800e+11
0.00521,0.21875,4.3340e+0,5.9009e+10,3.6875e+11
0.00729,0.21875,4.3132e+0,8.5093e+10,1.3041e+11
0.00937,0.21875,4.2986e+0,1.4866e+11,2.7187e+11
0.01146,0.21875,4.2826e+0,1.9292e+11,3.5044e+11
0.01354,0.21875,4.2638e+0,1.5208e+11,2.8162e+11
0.01563,0.21875,4.2430e+0,1.4275e+11,4.4279e+11
0.01771,0.21875,4.2072e+0,1.7651e+11,3.5355e+11
0.01979,0.21875,4.1652e+0,1.9245e+11,3.3305e+11
0.02187,0.21875,4.1183e+0,2.2498e+11,2.3245e+11
0.02396,0.21875,4.0746e+0,2.4022e+11,3.2159e+11
0.02604,0.21875,4.0296e+0,2.5034e+11,4.0578e+11
0.02813,0.21875,3.9798e+0,2.8321e+11,4.4567e+11
0.03021,0.21875,3.9259e+0,2.7478e+11,3.9964e+11
0.03229,0.21875,3.8722e+0,2.9196e+11,3.9329e+11
0.03438,0.21875,3.8204e+0,2.7056e+11,4.4934e+11
0.03646,0.21875,3.7631e+0,2.6647e+11,4.9025e+11
0.03854,0.21875,3.6957e+0,2.8286e+11,3.9005e+11
0.04063,0.21875,3.6265e+0,2.8201e+11,3.8893e+11
0.04271,0.21875,3.5549e+0,2.9879e+11,3.9826e+11
0.04479,0.21875,3.4802e+0,3.0856e+11,3.3265e+11
0.04688,0.21875,3.4072e+0,2.9061e+11,3.1429e+11
0.04896,0.21875,3.3360e+0,3.0277e+11,4.1639e+11
0.05104,0.21875,3.2609e+0,3.1994e+11,4.3728e+11
0.05312,0.21875,3.1820e+0,3.0424e+11,3.7341e+11
0.05521,0.21875,3.1021e+0,3.1326e+11,3.6881e+11
0.05729,0.21875,3.0217e+0,2.8582e+11,3.6286e+11
0.05937,0.21875,2.9388e+0,2.9074e+11,3.9764e+11
0.06146,0.21875,2.8510e+0,3.1472e+11,4.1264e+11
0.06354,0.21875,2.7592e+0,3.1536e+11,4.1942e+11
0.06563,0.21875,2.6634e+0,3.0690e+11,3.7607e+11
0.06771,0.21875,2.5663e+0,3.0754e+11,3.9808e+11
0.06979,0.21875,2.4666e+0,3.1090e+11,4.6514e+11
0.07187,0.21875,2.3596e+0,2.9886e+11,4.6453e+11
0.07396,0.21875,2.2448e+0,2.7539e+11,4.0930e+11
0.07604,0.21875,2.1238e+0,2.7929e+11,4.0674e+11
0.07813,0.21875,1.9974e+0,2.7075e+11,4.2425e+11
0.08021,0.21875,1.8640e+0,2.4514e+11,4.4311e+11
0.08229,0.21875,1.7205e+0,2.2962e+11,4.3672e+11
0.08438,0.21875,1.5658e+0,2.2238e+11,3.7108e+11
0.08646,0.21875,1.4033e+0,1.9239e+11,3.6010e+11
0.08854,0.21875,1.2312e+0,1.4025e+11,3.6446e+11
0.09062,0.21875,1.0453e+0,5.5391e+10,3.1875e+11
0.09271,0.21875,8.4286e-1,9.4772e+9,3.0294e+11
0.09479,0.21875,6.2235e-1,3.1255e+9,2.9238e+11
0.09688,0.21875,3.8430e-1,9.1720e+8,2.4247e+11
0.09896,0.21875,1.3215e-1,2.6742e+8,2.2151e+11
0.00104,0.22292,4.3157e+0,8.3494e+10,7.0095e+10
0.00313,0.22292,4.3158e+0,7.1124e+10,2.0622e+11
0.00521,0.22292,4.3069e+0,6.0829e+10,1.0356e+11
0.00729,0.22292,4.2960e+0,8.0007e+10,1.2872e+11
0.00937,0.22292,4.2822e+0,1.4301e+11,1.9046e+11
0.01146,0.22292,4.2631e+0,1.9287e+11,9.6683e+10
0.01354,0.22292,4.2461e+0,1.4737e+11,7.0745e+10
0.01563,0.22292,4.2285e+0,1.4839e+11,2.6822e+11
0.01771,0.22292,4.1970e+0,1.6608e+11,2.5570e+11
0.01979,0.22292,4.1592e+0,1.8668e+11,3.1883e+11
0.02187,0.22292,4.1149e+0,2.1753e+11,3.5844e+11
0.02396,0.22292,4.0648e+0,2.3555e+11,3.4351e+11
0.02604,0.22292,4.0118e+0,2.5196e+11,3.3144e+11
0.02813,0.22292,3.9570e+0,2.8190e+11,3.5151e+11
0.03021,0.22292,3.8991e+0,2.8234e+11,2.1935e+11
0.03229,0.22292,3.8455e+0,2.9950e+11,2.3680e+11
0.03438,0.22292,3.7948e+0,2.6865e+11,3.0022e+11
0.03646,0.22292,3.7399e+0,2.6068e+11,3.2346e+11
0.03854,0.22292,3.6780e+0,2.8117e+11,2.9671e+11
0.04063,0.22292,3.6137e+0,2.8848e+11,2.9772e+11
0.04271,0.22292,3.5488e+0,2.9683e+11,3.8697e+11
0.04479,0.22292,3.4787e+0,3.0277e+11,3.8742e+11
0.04688,0.22292,3.4048e+0,2.9724e+11,3.5348e+11
0.04896,0.22292,3.3284e+0,2.9310e+11,2.9851e+11
0.05104,0.22292,3.2519e+0,3.1396e+11,3.3970e+11
0.05312,0.22292,3.1736e+0,2.9751e+11,3.1509e+11
0.05521,0.22292,3.0936e+0,3.0358e+11,3.0315e+11
0.05729,0.22292,3.0130e+0,2.8984e+11,2.8787e+11
0.05937,0.22292,2.9317e+0,2.8411e+11,3.3565e+11
0.06146,0.22292,2.8459e+0,3.1423e+11,3.6777e+11
0.06354,0.22292,2.7567e+0,3.1931e+11,3.7662e+11
0.06563,0.22292,2.6656e+0,3.0679e+11,4.1097e+11
0.06771,0.22292,2.5713e+0,3.0977e+11,4.4444e+11
0.06979,0.22292,2.4729e+0,3.0832e+11,5.3164e+11
0.07187,0.22292,2.3647e+0,2.9178e+11,4.5368e+11
0.07396,0.22292,2.2510e+0,2.7691e+11,4.6875e+11
0.07604,0.22292,2.1296e+0,2.9022e+11,4.4944e+11
0.07813,0.22292,2.0026e+0,2.7275e+11,4.1914e+11
0.08021,0.22292,1.8701e+0,2.4269e+11,4.2548e+11
0.08229,0.22292,1.7284e+0,2.2870e+11,4.3257e+11
0.08438,0.22292,1.5748e+0,2.2158e+11,3.9956e+11
0.08646,0.22292,1.4110e+0,1.9431e+11,3.5085e+11
0.08854,0.22292,1.2378e+0,1.4622e+11,3.4732e+11
0.09062,0.22292,1.0516e+0,5.4300e+10,3.1855e+11
0.09271,0.22292,8.4795e-1,9.8313e+9,2.8271e+11
0.09479,0.22292,6.2675e-1,3.6770e+9,2.7468e+11
0.09688,0.22292,3.8880e-1,9.5429e+8,2.8118e+11
0.09896,0.22292,1.3414e-1,3.6156e+8,2.4282e+11
0.00104,0.22708,4.2935e+0,1.1088e+11,7.9265e+10
0.00313,0.22708,4.2923e+0,8.9566e+10,6.0614e+10
0.00521,0.22708,4.2902e+0,6.5945e+10,4.5435e+10
0.00729,0.22708,4.2887e+0,8.4895e+10,9.3496e+10
0.00937,0.22708,4.2874e+0,1.4208e+11,3.1234e+11
0.01146,0.22708,4.2781e+0,1.7727e+11,3.3224e+11
0.01354,0.22708,4.2656e+0,1.3814e+11,3.8654e+11
0.01563,0.22708,4.2450e+0,1.4761e+11,6.5407e+11
0.01771,0.22708,4.2000e+0,1.6432e+11,3.1976e+11
0.01979,0.22708,4.1552e+0,1.8487e+11,3.5534e+11
0.02187,0.22708,4.1079e+0,2.2925e+11,4.7026e+11
0.02396,0.22708,4.0509e+0,2.3168e+11,3.1974e+11
0.02604,0.22708,3.9939e+0,2.4383e+11,2.4091e+11
0.02813,0.22708,3.9409e+0,2.7400e+11,2.6861e+11
0.03021,0.22708,3.8906e+0,2.7444e+11,3.1865e+11
0.03229,0.22708,3.8403e+0,3.0427e+11,3.7018e+11
0.03438,0.22708,3.7887e+0,2.7026e+11,2.9392e+11
0.03646,0.22708,3.7384e+0,2.7206e+11,4.5397e+11
0.03854,0.22708,3.6784e+0,2.7840e+11,3.9163e+11
0.04063,0.22708,3.6139e+0,2.8974e+11,3.4525e+11
0.04271,0.22708,3.5488e+0,2.9872e+11,4.1033e+11
0.04479,0.22708,3.4790e+0,3.0178e+11,3.6916e+11
0.04688,0.22708,3.4078e+0,2.8365e+11,3.9695e+11
0.04896,0.22708,3.3324e+0,2.8527e+11,3.7623e+11
0.05104,0.22708,3.2548e+0,3.0005e+11,3.1802e+11
0.05312,0.22708,3.1792e+0,2.9762e+11,4.0635e+11
0.05521,0.22708,3.0990e+0,3.1297e+11,3.3494e+11
0.05729,0.22708,3.0201e+0,2.8597e+11,3.5878e+11
0.05937,0.22708,2.9382e+0,2.7779e+11,3.9966e+11
0.06146,0.22708,2.8493e+0,3.0084e+11,3.8751e+11
0.06354,0.22708,2.7555e+0,3.1935e+11,3.5836e+11
0.06563,0.22708,2.6602e+0,3.0719e+11,3.5931e+11
0.06771,0.22708,2.5619e+0,3.1725e+11,3.6798e+11
0.06979,0.22708,2.4604e+0,3.1169e+11,3.9320e+11
0.07187,0.22708,2.3536e+0,2.9507e+11,3.9189e+11
0.07396,0.22708,2.2416e+0,2.7152e+11,4.2619e+11
0.07604,0.22708,2.1210e+0,2.8865e+11,3.7773e+11
0.07813,0.22708,1.9975e+0,2.7766e+11,3.9401e+11
0.08021,0.22708,1.8700e+0,2.4315e+11,4.3251e+11
0.08229,0.22708,1.7343e+0,2.3668e+11,5.2666e+11
0.08438,0.22708,1.5848e+0,2.2139e+11,4.9651e+11
0.08646,0.22708,1.4234e+0,1.8482e+11,4.6226e+11
0.08854,0.22708,1.2500e+0,1.4209e+11,4.3626e+11
0.09062,0.22708,1.0624e+0,5.6270e+10,3.8619e+11
0.09271,0.22708,8.5670e-1,1.0621e+10,3.2296e+11
0.09479,0.22708,6.3325e-1,3.3881e+9,2.9366e+11
0.09688,0.22708,3.9333e-1,8.7940e+8,2.9598e+11
0.09896,0.22708,1.3642e-1,3.1197e+8,2.7793e+11
0.00104,0.23125,4.2909e+0,1.0230e+11,3.1738e+11
0.00313,0.23125,4.2857e+0,8.8050e+10,1.8098e+11
0.00521,0.23125,4.2807e+0,6.6866e+10,6.5353e+10
0.00729,0.23125,4.2792e+0,7.6575e+10,1.1445e+11
0.00937,0.23125,4.2763e+0,1.2335e+11,2.5156e+11
0.01146,0.23125,4.2647e+0,1.7582e+11,2.4936e+11
0.01354,0.23125,4.2496e+0,1.4845e+11,4.1678e+11
0.01563,0.23125,4.2173e+0,1.5204e+11,2.8630e+11
0.01771,0.23125,4.1747e+0,1.6597e+11,1.9592e+11
0.01979,0.23125,4.1276e+0,2.0443e+11,1.2502e+11
0.02187,0.23125,4.0831e+0,2.3649e+11,3.2635e+11
0.02396,0.23125,4.0298e+0,2.2455e+11,1.9000e+11
0.02604,0.23125,3.9782e+0,2.3672e+11,1.7601e+11
0.02813,0.23125,3.9308e+0,2.7092e+11,2.8197e+11
0.03021,0.23125,3.8824e+0,2.7176e+11,2.7066e+11
0.03229,0.23125,3.8325e+0,3.0105e+11,2.7706e+11
0.03438,0.23125,3.7828e+0,2.7691e+11,2.9642e+11
0.03646,0.23125,3.7308e+0,2.8061e+11,3.2639e+11
0.03854,0.23125,3.6745e+0,2.7548e+11,3.3346e+11
0.04063,0.23125,3.6123e+0,2.7739e+11,3.2070e+11
0.04271,0.23125,3.5461e+0,3.0182e+11,3.5540e+11
0.04479,0.23125,3.4764e+0,3.0638e+11,3.4421e+11
0.04688,0.23125,3.4052e+0,2.7519e+11,3.6427e+11
0.04896,0.23125,3.3299e+0,2.8549e+11,3.0815e+11
0.05104,0.23125,3.2560e+0,2.9961e+11,3.6259e+11
0.05312,0.23125,3.1815e+0,2.9662e+11,3.9163e+11
0.05521,0.23125,3.1049e+0,3.0889e+11,4.1069e+11
0.05729,0.23125,3.0274e+0,2.8412e+11,4.3877e+11
0.05937,0.23125,2.9465e+0,2.7445e+11,5.0889e+11
0.06146,0.23125,2.8576e+0,2.9921e+11,5.3973e+11
0.06354,0.23125,2.7608e+0,3.1692e+11,4.5063e+11
0.06563,0.23125,2.6621e+0,3.0740e+11,4.0794e+11
0.06771,0.23125,2.5620e+0,3.1453e+11,4.6109e+11
0.06979,0.23125,2.4560e+0,3.0778e+11,4.1396e+11
0.07187,0.23125,2.3455e+0,2.9947e+11,3.9056e+11
0.07396,0.23125,2.2310e+0,2.7489e+11,3.9571e+11
0.07604,0.23125,2.1095e+0,2.8985e+11,3.4488e+11
0.07813,0.23125,1.9856e+0,2.7660e+11,3.6651e+11
0.08021,0.23125,1.8564e+0,2.4387e+11,3.6373e+11
0.08229,0.23125,1.7189e+0,2.3490e+11,3.6795e+11
0.08438,0.23125,1.5715e+0,2.1943e+11,3.6856e+11
0.08646,0.23125,1.4130e+0,1.8160e+11,3.4167e+11
0.08854,0.23125,1.2434e+0,1.3970e+11,3.5238e+11
0.09062,0.23125,1.0597e+0,5.8764e+10,3.4567e+11
0.09271,0.23125,8.5778e-1,1.0928e+10,3.5440e+11
0.09479,0.23125,6.3480e-1,3.4010e+9,3.0645e+11
0.09688,0.23125,3.9450e-1,1.2138e+9,3.0023e+11
0.09896,0.23125,1.3745e-1,3.8750e+8,3.1103e+11
0.00104,0.23542,4.2622e+0,8.2796e+10,0.0000e+0
0.00313,0.23542,4.2622e+0,8.9786e+10,0.0000e+0
0.00521,0.23542,4.2634e+0,7.5860e+10,0.0000e+0
0.00729,0.23542,4.2658e+0,7.4879e+10,6.2995e+10
0.00937,0.23542,4.2661e+0,1.1421e+11,2.8561e+11
0.01146,0.23542,4.2523e+0,1.4024e+11,1.9607e+11
0.01354,0.23542,4.2324e+0,1.3974e+11,1.4162e+11
0.01563,0.23542,4.2092e+0,1.4807e+11,2.2279e+11
0.01771,0.23542,4.1787e+0,1.6223e+11,3.5912e+11
0.01979,0.23542,4.1333e+0,2.0081e+11,2.6494e+11
0.02187,0.23542,4.0845e+0,2.1197e+11,2.8272e+11
0.02396,0.23542,4.0306e+0,2.2005e+11,1.7047e+11
0.02604,0.23542,3.9808e+0,2.4320e+11,1.8839e+11
0.02813,0.23542,3.9357e+0,2.7021e+11,2.4636e+11
0.03021,0.23542,3.8936e+0,2.7323e+11,4.0792e+11
0.03229,0.23542,3.8446e+0,2.9123e+11,3.9496e+11
0.03438,0.23542,3.7920e+0,2.7664e+11,3.5532e+11
0.03646,0.23542,3.7383e+0,2.7409e+11,3.0818e+11
0.03854,0.23542,3.6887e+0,2.7497e+11,5.6739e+11
0.04063,0.23542,3.6268e+0,2.7385e+11,5.4440e+11
0.04271,0.23542,3.5538e+0,2.9727e+11,3.7801e+11
0.04479,0.23542,3.4805e+0,3.1607e+11,3.9245e+11
0.04688,0.23542,3.4044e+0,2.8150e+11,3.0298e+11
0.04896,0.23542,3.3276e+0,2.9298e+11,2.8296e+11
0.05104,0.23542,3.2519e+0,2.8962e+11,3.3266e+11
0.05312,0.23542,3.1741e+0,2.8879e+11,3.4638e+11
0.05521,0.23542,3.0935e+0,3.0726e+11,3.4331e+11
0.05729,0.23542,3.0119e+0,2.7564e+11,3.6362e+11
0.05937,0.23542,2.9246e+0,2.7098e+11,2.9761e+11
0.06146,0.23542,2.8348e+0,2.9563e+11,3.0766e+11
0.06354,0.23542,2.7441e+0,3.1810e+11,3.7591e+11
0.06563,0.23542,2.6506e+0,3.0469e+11,3.9603e+11
0.06771,0.23542,2.5527e+0,3.1836e+11,4.2514e+11
0.06979,0.23542,2.4490e+0,3.0899e+11,4.2942e+11
0.07187,0.23542,2.3382e+0,3.0387e+11,3.6669e+11
0.07396,0.23542,2.2238e+0,2.7785e+11,3.5619e+11
0.07604,0.23542,2.1035e+0,2.8994e+11,3.3312e+11
0.07813,0.23542,1.9801e+0,2.7242e+11,3.4302e+11
0.08021,0.23542,1.8520e+0,2.4387e+11,3.7099e+11
0.08229,0.23542,1.7160e+0,2.3409e+11,3.9876e+11
0.08438,0.23542,1.5709e+0,2.2510e+11,4.5748e+11
0.08646,0.23542,1.4125e+0,1.8262e+11,3.9759e+11
0.08854,0.23542,1.2426e+0,1.3670e+11,3.9161e+11
0.09062,0.23542,1.0580e+0,5.5739e+10,3.6299e+11
0.09271,0.23542,8.5412e-1,9.8365e+9,3.1291e+11
0.09479,0.23542,6.3082e-1,3.2793e+9,2.7943e+11
0.09688,0.23542,3.9014e-1,1.2125e+9,2.4330e+11
0.09896,0.23542,1.3462e-1,4.5878e+8,2.3477e+11
0.00104,0.23958,4.2601e+0,5.1017e+10,0.0000e+0
0.00313,0.23958,4.2604e+0,7.1112e+10,0.0000e+0
0.00521,0.23958,4.2618e+0,7.4066e+10,0.0000e+0
0.00729,0.23958,4.2636e+0,8.0006e+10,3.5777e+9
0.00937,0.23958,4.2639e+0,1.2296e+11,6.8857e+10
0.01146,0.23958,4.2594e+0,1.4779e+11,2.4834e+11
0.01354,0.23958,4.2409e+0,1.4916e+11,9.3985e+10
0.01563,0.23958,4.2213e+0,1.4702e+11,1.7292e+11
0.01771,0.23958,4.1981e+0,1.6016e+11,5.2253e+11
0.01979,0.23958,4.1525e+0,1.8785e+11,3.3855e+11
0.02187,0.23958,4.1039e+0,2.0349e+11,3.9965e+11
0.02396,0.23958,4.0486e+0,2.2846e+11,2.6651e+11
0.02604,0.23958,3.9967e+0,2.5099e+11,2.6472e+11
0.02813,0.23958,3.9493e+0,2.5712e+11,3.1792e+11
0.03021,0.23958,3.9027e+0,2.6604e+11,3.9318e+11
0.03229,0.23958,3.8513e+0,2.9523e+11,4.2101e+11
0.03438,0.23958,3.7942e+0,2.7793e+11,3.9009e+11
0.03646,0.23958,3.7306e+0,2.8032e+11,2.0258e+11
0.03854,0.23958,3.6721e+0,2.7362e+11,2.2578e+11
0.04063,0.23958,3.6142e+0,2.6880e+11,3.0135e+11
0.04271,0.23958,3.5521e+0,2.9576e+11,3.8513e+11
0.04479,0.23958,3.4851e+0,3.2451e+11,4.3592e+11
0.04688,0.23958,3.4139e+0,2.8530e+11,4.2542e+11
0.04896,0.23958,3.3364e+0,2.9445e+11,3.8173e+11
0.05104,0.23958,3.2555e+0,2.8658e+11,3.3247e+11
0.05312,0.23958,3.1725e+0,2.9252e+11,3.3515e+11
0.05521,0.23958,3.0867e+0,3.0329e+11,2.5468e+11
0.05729,0.23958,3.0039e+0,2.6880e+11,3.1412e+11
0.05937,0.23958,2.9171e+0,2.7470e+11,3.5072e+11
0.06146,0.23958,2.8243e+0,2.9727e+11,2.8294e+11
0.06354,0.23958,2.7323e+0,3.2025e+11,3.2289e+11
0.06563,0.23958,2.6401e+0,3.0381e+11,3.5587e+11
0.06771,0.23958,2.5455e+0,3.1225e+11,4.2846e+11
0.06979,0.23958,2.4451e+0,3.1468e+11,4.5022e+11
0.07187,0.23958,2.3388e+0,2.9969e+11,4.2469e+11
0.07396,0.23958,2.2286e+0,2.7430e+11,4.7509e+11
0.07604,0.23958,2.1096e+0,2.8817e+11,4.6024e+11
0.07813,0.23958,1.9846e+0,2.6709e+11,4.3999e+11
0.08021,0.23958,1.8529e+0,2.4096e+11,4.2114e+11
0.08229,0.23958,1.7127e+0,2.4028e+11,4.0404e+11
0.08438,0.23958,1.5647e+0,2.2316e+11,4.1132e+11
0.08646,0.23958,1.4066e+0,1.7985e+11,3.8202e+11
0.08854,0.23958,1.2375e+0,1.3743e+11,3.7359e+11
0.09062,0.23958,1.0547e+0,5.3011e+10,3.7921e+11
0.09271,0.23958,8.5206e-1,9.4285e+9,3.3415e+11
0.09479,0.23958,6.3002e-1,3.2112e+9,3.0290e+11
0.09688,0.23958,3.9044e-1,1.0678e+9,2.7500e+11
0.09896,0.23958,1.3519e-1,4.0864e+8,2.6600e+11
0.00104,0.24375,4.2717e+0,6.2003e+10,0.0000e+0
0.00313,0.24375,4.2740e+0,8.3831e+10,4.1648e+8
0.00521,0.24375,4.2797e+0,7.8959e+10,5.2168e+9
0.00729,0.24375,4.2902e+0,8.7607e+10,1.5171e+11
0.00937,0.24375,4.2995e+0,1.3966e+11,4.1388e+11
0.01146,0.24375,4.2992e+0,1.5766e+11,5.9316e+11
0.01354,0.24375,4.2828e+0,1.5865e+11,6.3203e+11
0.01563,0.24375,4.2507e+0,1.4121e+11,4.7277e+11
0.01771,0.24375,4.2099e+0,1.6629e+11,4.8607e+11
0.01979,0.24375,4.1562e+0,1.8088e+11,2.1302e+11
0.02187,0.24375,4.1078e+0,1.9933e+11,2.7105e+11
0.02396,0.24375,4.0600e+0,2.2790e+11,3.9695e+11
0.02604,0.24375,4.0060e+0,2.5253e+11,2.8822e+11
0.02813,0.24375,3.9542e+0,2.5809e+11,2.8030e+11
0.03021,0.24375,3.9047e+0,2.6551e+11,2.9352e+11
0.03229,0.24375,3.8552e+0,2.9361e+11,3.7248e+11
0.03438,0.24375,3.8017e+0,2.7561e+11,4.0603e+11
0.03646,0.24375,3.7411e+0,2.8556e+11,3.1722e+11
0.03854,0.24375,3.6809e+0,2.8524e+11,3.0739e+11
0.04063,0.24375,3.6206e+0,2.7694e+11,3.6575e+11
0.04271,0.24375,3.5542e+0,2.9339e+11,3.5002e+11
0.04479,0.24375,3.4845e+0,3.2653e+11,3.0424e+11
0.04688,0.24375,3.4176e+0,2.9004e+11,3.9940e+11
0.04896,0.24375,3.3453e+0,2.9203e+11,4.4618e+11
0.05104,0.24375,3.2658e+0,2.9924e+11,3.9526e+11
0.05312,0.24375,3.1823e+0,3.0216e+11,3.5901e+11
0.05521,0.24375,3.0960e+0,3.0074e+11,3.2320e+11
0.05729,0.24375,3.0099e+0,2.7330e+11,3.1825e+11
0.05937,0.24375,2.9222e+0,2.6987e+11,3.9603e+11
0.06146,0.24375,2.8273e+0,3.0112e+11,3.4342e+11
0.06354,0.24375,2.7326e+0,3.2494e+11,4.1788e+11
0.06563,0.24375,2.6347e+0,3.0520e+11,3.4469e+11
0.06771,0.24375,2.5368e+0,2.9597e+11,3.8785e+11
0.06979,0.24375,2.4349e+0,3.0572e+11,4.0061e+11
0.07187,0.24375,2.3285e+0,2.9301e+11,3.9764e+11
0.07396,0.24375,2.2181e+0,2.7718e+11,4.5664e+11
0.07604,0.24375,2.0990e+0,2.9567e+11,4.1661e+11
0.07813,0.24375,1.9755e+0,2.7244e+11,4.2892e+11
0.08021,0.24375,1.8452e+0,2.4227e+11,4.5233e+11
0.08229,0.24375,1.7037e+0,2.3393e+11,3.7652e+11
0.08438,0.24375,1.5547e+0,2.1693e+11,3.6171e+11
0.08646,0.24375,1.3974e+0,1.7916e+11,3.5669e+11
0.08854,0.24375,1.2291e+0,1.3939e+11,3.7028e+11
0.09062,0.24375,1.0460e+0,5.2670e+10,3.2241e+11
0.09271,0.24375,8.4480e-1,9.7244e+9,2.8542e+11
0.09479,0.24375,6.2548e-1,3.3370e+9,2.8396e+11
0.09688,0.24375,3.8867e-1,1.1855e+9,2.8646e+11
0.09896,0.24375,1.3499e-1,4.1409e+8,2.8242e+11
0.00104,0.24792,4.2846e+0,4.9742e+10,0.0000e+0
0.00313,0.24792,4.2893e+0,6.9954e+10,2.0972e+11
0.00521,0.24792,4.2888e+0,7.3349e+10,1.0437e+11
0.00729,0.24792,4.2902e+0,9.0460e+10,2.1375e+11
0.00937,0.24792,4.2837e+0,1.2800e+11,1.6340e+11
0.01146,0.24792,4.2721e+0,1.4459e+11,1.5701e+11
0.01354,0.24792,4.2544e+0,1.5703e+11,2.0214e+11
0.01563,0.24792,4.2296e+0,1.4179e+11,2.8153e+11
0.01771,0.24792,4.1952e+0,1.7785e+11,3.6385e+11
0.01979,0.24792,4.1504e+0,1.9217e+11,2.5875e+11
0.02187,0.24792,4.1049e+0,2.0339e+11,2.3295e+11
0.02396,0.24792,4.0612e+0,2.2433e+11,3.6139e+11
0.02604,0.24792,4.0119e+0,2.5219e+11,3.9329e+11
0.02813,0.24792,3.9585e+0,2.6171e+11,2.7165e+11
0.03021,0.24792,3.9111e+0,2.7035e+11,3.7270e+11
0.03229,0.24792,3.8638e+0,3.1155e+11,5.0709e+11
0.03438,0.24792,3.8110e+0,2.8573e+11,4.7010e+11
0.03646,0.24792,3.7531e+0,2.8811e+11,3.7326e+11
0.03854,0.24792,3.6969e+0,2.9381e+11,4.5220e+11
0.04063,0.24792,3.6360e+0,2.8049e+11,5.0219e+11
0.04271,0.24792,3.5651e+0,2.9093e+11,3.7153e+11
0.04479,0.24792,3.4923e+0,3.2199e+11,3.4130e+11
0.04688,0.24792,3.4206e+0,2.8982e+11,3.1516e+11
0.04896,0.24792,3.3479e+0,2.8483e+11,3.0145e+11
0.05104,0.24792,3.2757e+0,3.0773e+11,4.4863e+11
0.05312,0.24792,3.1980e+0,2.9829e+11,5.3436e+11
0.05521,0.24792,3.1109e+0,3.1013e+11,4.4996e+11
0.05729,0.24792,3.0210e+0,2.6670e+11,3.8178e+11
0.05937,0.24792,2.9290e+0,2.5532e+11,4.3614e+11
0.06146,0.24792,2.8295e+0,3.0251e+11,3.8054e+11
0.06354,0.24792,2.7291e+0,3.1994e+11,3.5477e+11
0.06563,0.24792,2.6292e+0,3.0627e+11,3.4679e+11
0.06771,0.24792,2.5281e+0,2.9021e+11,3.2770e+11
0.06979,0.24792,2.4248e+0,2.9684e+11,4.0203e+11
0.07187,0.24792,2.3141e+0,2.9232e+11,3.4885e+11
0.07396,0.24792,2.1988e+0,2.7530e+11,2.9460e+11
0.07604,0.24792,2.0809e+0,2.9072e+11,3.4962e+11
0.07813,0.24792,1.9585e+0,2.7433e+11,3.5668e+11
0.08021,0.24792,1.8306e+0,2.3720e+11,3.7138e+11
0.08229,0.24792,1.6942e+0,2.2511e+11,3.9727e+11
0.08438,0.24792,1.5476e+0,2.1811e+11,3.8126e+11
0.08646,0.24792,1.3920e+0,1.8183e+11,3.9228e+11
0.08854,0.24792,1.2242e+0,1.3876e+11,3.7697e+11
0.09062,0.24792,1.0423e+0,5.2115e+10,3.4108e+11
0.09271,0.24792,8.4243e-1,9.6104e+9,3.2714e+11
0.09479,0.24792,6.2283e-1,3.2590e+9,2.9148e+11
0.09688,0.24792,3.8581e-1,1.3043e+9,2.6392e+11
0.09896,0.24792,1.3345e-1,3.5949e+8,2.5595e+11
0.00104,0.25208,4.2749e+0,4.3533e+10,0.0000e+0
0.00313,0.25208,4.2765e+0,6.3454e+10,1.5210e+10
0.00521,0.25208,4.2796e+0,6.7702e+10,6.0724e+9
0.00729,0.25208,4.2859e+0,9.1155e+10,1.9371e+11
0.00937,0.25208,4.2852e+0,1.3054e+11,2.7798e+11
0.01146,0.25208,4.2767e+0,1.4406e+11,4.2068e+11
0.01354,0.25208,4.2528e+0,1.6306e+11,3.7135e+11
0.01563,0.25208,4.2187e+0,1.4563e+11,1.9938e+11
0.01771,0.25208,4.1826e+0,1.6739e+11,1.8375e+11
0.01979,0.25208,4.1456e+0,1.8513e+11,2.8062e+11
0.02187,0.25208,4.1024e+0,1.9680e+11,2.5908e+11
0.02396,0.25208,4.0573e+0,2.2868e+11,3.4516e+11
0.02604,0.25208,4.0070e+0,2.6575e+11,3.8263e+11
0.02813,0.25208,3.9503e+0,2.6334e+11,1.9701e+11
0.03021,0.25208,3.8979e+0,2.6610e+11,2.1943e+11
0.03229,0.25208,3.8459e+0,3.0263e+11,2.2155e+11
0.03438,0.25208,3.7959e+0,2.8214e+11,2.7106e+11
0.03646,0.25208,3.7447e+0,2.7945e+11,2.5798e+11
0.03854,0.25208,3.6943e+0,2.9329e+11,4.2790e+11
0.04063,0.25208,3.6354e+0,2.8017e+11,3.8109e+11
0.04271,0.25208,3.5721e+0,2.8218e+11,4.2814e+11
0.04479,0.25208,3.5037e+0,3.0864e+11,4.4520e+11
0.04688,0.25208,3.4321e+0,2.8166e+11,4.2746e+11
0.04896,0.25208,3.3557e+0,2.8213e+11,4.1124e+11
0.05104,0.25208,3.2749e+0,3.0287e+11,3.9403e+11
0.05312,0.25208,3.1910e+0,2.9409e+11,3.3359e+11
0.05521,0.25208,3.1059e+0,3.1731e+11,3.9594e+11
0.05729,0.25208,3.0173e+0,2.7012e+11,3.8527e+11
0.05937,0.25208,2.9228e+0,2.4909e+11,3.2328e+11
0.06146,0.25208,2.8240e+0,2.8786e+11,2.8972e+11
0.06354,0.25208,2.7260e+0,3.0298e+11,3.0818e+11
0.06563,0.25208,2.6284e+0,3.0131e+11,3.3980e+11
0.06771,0.25208,2.5289e+0,2.8536e+11,3.7794e+11
0.06979,0.25208,2.4238e+0,2.9436e+11,3.7269e+11
0.07187,0.25208,2.3136e+0,2.8502e+11,3.7385e+11
0.07396,0.25208,2.1974e+0,2.7832e+11,3.6220e+11
0.07604,0.25208,2.0753e+0,2.8542e+11,3.1688e+11
0.07813,0.25208,1.9505e+0,2.6661e+11,3.0419e+11
0.08021,0.25208,1.8222e+0,2.3899e+11,3.4105e+11
0.08229,0.25208,1.6853e+0,2.2371e+11,3.2078e+11
0.08438,0.25208,1.5405e+0,2.1533e+11,3.6513e+11
0.08646,0.25208,1.3849e+0,1.7315e+11,3.4399e+11
0.08854,0.25208,1.2171e+0,1.3437e+11,3.0718e+11
0.09062,0.25208,1.0374e+0,5.0742e+10,3.4190e+11
0.09271,0.25208,8.3800e-1,8.8385e+9,2.9615e+11
0.09479,0.25208,6.1943e-1,2.9480e+9,2.8540e+11
0.09688,0.25208,3.8285e-1,1.4797e+9,2.4771e+11
0.09896,0.25208,1.3167e-1,3.9922e+8,2.1942e+11
0.00104,0.25625,4.2660e+0,4.4782e+10,0.0000e+0
0.00313,0.25625,4.2666e+0,7.4116e+10,0.0000e+0
0.00521,0.25625,4.2693e+0,7.8167e+10,0.0000e+0
0.00729,0.25625,4.2740e+0,9.0862e+10,7.4890e+10
0.00937,0.25625,4.2757e+0,1.3603e+11,2.4438e+11
0.01146,0.25625,4.2680e+0,1.5250e+11,4.2763e+11
0.01354,0.25625,4.2443e+0,1.6212e+11,2.7948e+11
0.01563,0.25625,4.2178e+0,1.4203e+11,3.1368e+11
0.01771,0.25625,4.1855e+0,1.6943e+11,2.6843e+11
0.01979,0.25625,4.1527e+0,1.8578e+11,4.8634e+11
0.02187,0.25625,4.1043e+0,1.9387e+11,2.8494e+11
0.02396,0.25625,4.0547e+0,2.2611e+11,2.2650e+11
0.02604,0.25625,4.0081e+0,2.6582e+11,3.1072e+11
0.02813,0.25625,3.9619e+0,2.6784e+11,4.1863e+11
0.03021,0.25625,3.9121e+0,2.7759e+11,4.5559e+11
0.03229,0.25625,3.8584e+0,2.8016e+11,4.2667e+11
0.03438,0.25625,3.8019e+0,2.8548e+11,2.8761e+11
0.03646,0.25625,3.7510e+0,2.8451e+11,4.2478e+11
0.03854,0.25625,3.6954e+0,2.8308e+11,4.2256e+11
0.04063,0.25625,3.6337e+0,2.7489e+11,3.8455e+11
0.04271,0.25625,3.5661e+0,2.8889e+11,3.0087e+11
0.04479,0.25625,3.4981e+0,3.1437e+11,3.0495e+11
0.04688,0.25625,3.4306e+0,2.8205e+11,4.1665e+11
0.04896,0.25625,3.3535e+0,2.9593e+11,3.6883e+11
0.05104,0.25625,3.2717e+0,3.1234e+11,3.1765e+11
0.05312,0.25625,3.1892e+0,2.9848e+11,3.4034e+11
0.05521,0.25625,3.1036e+0,3.2458e+11,3.8050e+11
0.05729,0.25625,3.0144e+0,2.8702e+11,3.1241e+11
0.05937,0.25625,2.9237e+0,2.4891e+11,3.2183e+11
0.06146,0.25625,2.8283e+0,2.7639e+11,2.9982e+11
0.06354,0.25625,2.7326e+0,3.0075e+11,3.5164e+11
0.06563,0.25625,2.6353e+0,3.0804e+11,3.6998e+11
0.06771,0.25625,2.5358e+0,2.9294e+11,3.9302e+11
0.06979,0.25625,2.4316e+0,2.9800e+11,4.1973e+11
0.07187,0.25625,2.3223e+0,2.8586e+11,4.3024e+11
0.07396,0.25625,2.2067e+0,2.7137e+11,4.2925e+11
0.07604,0.25625,2.0841e+0,2.8287e+11,3.9401e+11
0.07813,0.25625,1.9583e+0,2.6394e+11,3.6603e+11
0.08021,0.25625,1.8300e+0,2.3506e+11,4.3705e+11
0.08229,0.25625,1.6917e+0,2.2300e+11,4.0345e+11
0.08438,0.25625,1.5445e+0,2.1418e+11,3.8437e+11
0.08646,0.25625,1.3881e+0,1.6554e+11,3.5876e+11
0.08854,0.25625,1.2196e+0,1.3168e+11,3.4205e+11
0.09062,0.25625,1.0377e+0,5.1458e+10,3.1080e+11
0.09271,0.25625,8.3864e-1,8.8354e+9,3.1997e+11
0.09479,0.25625,6.1931e-1,2.8301e+9,2.8899e+11
0.09688,0.25625,3.8191e-1,1.7002e+9,2.2681e+11
0.09896,0.25625,1.3134e-1,4.7595e+8,2.2025e+11
0.00104,0.26042,4.2665e+0,4.8307e+10,0.0000e+0
0.00313,0.26042,4.2670e+0,7.7614e+10,0.0000e+0
0.00521,0.26042,4.2698e+0,7.8764e+10,1.1907e+9
0.00729,0.26042,4.2753e+0,9.1835e+10,2.0138e+11
0.00937,0.26042,4.2725e+0,1.3191e+11,4.7902e+11
0.01146,0.26042,4.2482e+0,1.4616e+11,1.6059e+11
0.01354,0.26042,4.2253e+0,1.4722e+11,1.7338e+11
0.01563,0.26042,4.2016e+0,1.3869e+11,1.8558e+11
0.01771,0.26042,4.1749e+0,1.6963e+11,2.4366e+11
0.01979,0.26042,4.1447e+0,1.9825e+11,4.2431e+11
0.02187,0.26042,4.1012e+0,2.0603e+11,2.8268e+11
0.02396,0.26042,4.0567e+0,2.3090e+11,3.5448e+11
0.02604,0.26042,4.0083e+0,2.6836e+11,3.9436e+11
0.02813,0.26042,3.9542e+0,2.7831e+11,2.8577e+11
0.03021,0.26042,3.9008e+0,2.9229e+11,2.3692e+11
0.03229,0.26042,3.8506e+0,2.8586e+11,3.1250e+11
0.03438,0.26042,3.7974e+0,2.8440e+11,2.6396e+11
0.03646,0.26042,3.7440e+0,2.8703e+11,2.4602e+11
0.03854,0.26042,3.6902e+0,2.7481e+11,2.6787e+11
0.04063,0.26042,3.6343e+0,2.6454e+11,3.6963e+11
0.04271,0.26042,3.5711e+0,2.9348e+11,3.5321e+11
0.04479,0.26042,3.5060e+0,3.1864e+11,4.1829e+11
0.04688,0.26042,3.4378e+0,2.8700e+11,4.6019e+11
0.04896,0.26042,3.3608e+0,2.9596e+11,3.7521e+11
0.05104,0.26042,3.2827e+0,3.0731e+11,4.3786e+11
0.05312,0.26042,3.2000e+0,2.9140e+11,4.2773e+11
0.05521,0.26042,3.1116e+0,3.1513e+11,3.4480e+11
0.05729,0.26042,3.0227e+0,2.8547e+11,3.0181e+11
0.05937,0.26042,2.9331e+0,2.5305e+11,3.1550e+11
0.06146,0.26042,2.8395e+0,2.8907e+11,3.5713e+11
0.06354,0.26042,2.7424e+0,3.0980e+11,3.5382e+11
0.06563,0.26042,2.6443e+0,3.0503e+11,4.0853e+11
0.06771,0.26042,2.5422e+0,2.8979e+11,4.2584e+11
0.06979,0.26042,2.4347e+0,2.9689e+11,4.0104e+11
0.07187,0.26042,2.3237e+0,2.8606e+11,4.0774e+11
0.07396,0.26042,2.2072e+0,2.7929e+11,4.0055e+11
0.07604,0.26042,2.0849e+0,2.8248e+11,3.8890e+11
0.07813,0.26042,1.9578e+0,2.7157e+11,3.3888e+11
0.08021,0.26042,1.8279e+0,2.4130e+11,3.4802e+11
0.08229,0.26042,1.6915e+0,2.2968e+11,3.6142e+11
0.08438,0.26042,1.5472e+0,2.0623e+11,3.6695e+11
0.08646,0.26042,1.3943e+0,1.6265e+11,4.2081e+11
0.08854,0.26042,1.2264e+0,1.3528e+11,4.0344e+11
0.09062,0.26042,1.0426e+0,5.7364e+10,3.3700e+11
0.09271,0.26042,8.4143e-1,8.5952e+9,3.0446e+11
0.09479,0.26042,6.2165e-1,2.4439e+9,2.9314e+11
0.09688,0.26042,3.8389e-1,1.3995e+9,2.4407e+11
0.09896,0.26042,1.3204e-1,3.7569e+8,2.2161e+11
0.00104,0.26458,4.2779e+0,4.5129e+10,1.3338e+10
0.00313,0.26458,4.2784e+0,7.0033e+10,6.8557e+10
0.00521,0.26458,4.2769e+0,7.3654e+10,4.6588e+10
0.00729,0.26458,4.2742e+0,9.2370e+10,2.2325e+11
0.00937,0.26458,4.2582e+0,1.3305e+11,1.8563e+11
0.01146,0.26458,4.2355e+0,1.4672e+11,9.8360e+10
0.01354,0.26458,4.2159e+0,1.5116e+11,1.5813e+11
0.01563,0.26458,4.1961e+0,1.5374e+11,2.8341e+11
0.01771,0.26458,4.1687e+0,1.7717e+11,2.8873e+11
0.01979,0.26458,4.1345e+0,1.9875e+11,2.7345e+11
0.02187,0.26458,4.0943e+0,2.0669e+11,2.3437e+11
0.02396,0.26458,4.0522e+0,2.2668e+11,2.7758e+11
0.02604,0.26458,4.0078e+0,2.6453e+11,3.8200e+11
0.02813,0.26458,3.9572e+0,2.7466e+11,2.8477e+11
0.03021,0.26458,3.9083e+0,2.9984e+11,3.3126e+11
0.03229,0.26458,3.8600e+0,2.9615e+11,3.0817e+11
0.03438,0.26458,3.8134e+0,2.8037e+11,3.8737e+11
0.03646,0.26458,3.7633e+0,2.8771e+11,4.5951e+11
0.03854,0.26458,3.7073e+0,2.7079e+11,4.6920e+11
0.04063,0.26458,3.6438e+0,2.6822e+11,4.0404e+11
0.04271,0.26458,3.5768e+0,2.9687e+11,4.0014e+11
0.04479,0.26458,3.5078e+0,3.1559e+11,3.9083e+11
0.04688,0.26458,3.4386e+0,2.9186e+11,4.8144e+11
0.04896,0.26458,3.3613e+0,2.8780e+11,3.7002e+11
0.05104,0.26458,3.2836e+0,3.0684e+11,3.9633e+11
0.05312,0.26458,3.2047e+0,2.9406e+11,3.7877e+11
0.05521,0.26458,3.1251e+0,3.1037e+11,4.4718e+11
0.05729,0.26458,3.0419e+0,2.8897e+11,4.7547e+11
0.05937,0.26458,2.9519e+0,2.5521e+11,4.1792e+11
0.06146,0.26458,2.8564e+0,2.8782e+11,4.4441e+11
0.06354,0.26458,2.7546e+0,3.1333e+11,4.0667e+11
0.06563,0.26458,2.6498e+0,3.0547e+11,3.9065e+11
0.06771,0.26458,2.5402e+0,2.8944e+11,2.7133e+11
0.06979,0.26458,2.4325e+0,2.8909e+11,3.4939e+11
0.07187,0.26458,2.3217e+0,2.8287e+11,3.6855e+11
0.07396,0.26458,2.2067e+0,2.8516e+11,4.0299e+11
0.07604,0.26458,2.0850e+0,2.9405e+11,3.6314e+11
0.07813,0.26458,1.9606e+0,2.6945e+11,3.6058e+11
0.08021,0.26458,1.8326e+0,2.3592e+11,4.1694e+11
0.08229,0.26458,1.6950e+0,2.2214e+11,3.9773e+11
0.08438,0.26458,1.5489e+0,2.0320e+11,3.6901e+11
0.08646,0.26458,1.3952e+0,1.6461e+11,4.0587e+11
0.08854,0.26458,1.2289e+0,1.4213e+11,4.4497e+11
0.09062,0.26458,1.0464e+0,6.4307e+10,4.0585e+11
0.09271,0.26458,8.4485e-1,8.6514e+9,3.4194e+11
0.09479,0.26458,6.2470e-1,2.6479e+9,3.1715e+11
0.09688,0.26458,3.8705e-1,1.1108e+9,2.8537e+11
0.09896,0.26458,1.3386e-1,2.2243e+8,2.6244e+11
0.00104,0.26875,4.2960e+0,4.4566e+10,2.8768e+10
0.00313,0.26875,4.2990e+0,7.1403e+10,1.3106e+11
0.00521,0.26875,4.3009e+0,7.9499e+10,2.2799e+11
0.00729,0.26875,4.2962e+0,9.0665e+10,4.3205e+11
0.00937,0.26875,4.2710e+0,1.2228e+11,2.5999e+11
0.01146,0.26875,4.2409e+0,1.4416e+11,1.0508e+11
0.01354,0.26875,4.2175e+0,1.5114e+11,1.9633e+11
0.01563,0.26875,4.1926e+0,1.6200e+11,1.5585e+11
0.01771,0.26875,4.1687e+0,1.7041e+11,2.5535e+11
0.01979,0.26875,4.1407e+0,1.9612e+11,4.3179e+11
0.02187,0.26875,4.1020e+0,2.1373e+11,4.2451e+11
0.02396,0.26875,4.0562e+0,2.2855e+11,3.2501e+11
0.02604,0.26875,4.0102e+0,2.6178e+11,3.2897e+11
0.02813,0.26875,3.9654e+0,2.7844e+11,4.3181e+11
0.03021,0.26875,3.9166e+0,3.0539e+11,3.6767e+11
0.03229,0.26875,3.8709e+0,3.0729e+11,4.6695e+11
0.03438,0.26875,3.8215e+0,2.7695e+11,4.9100e+11
0.03646,0.26875,3.7644e+0,2.8573e+11,4.0938e+11
0.03854,0.26875,3.7048e+0,2.6972e+11,4.4102e+11
0.04063,0.26875,3.6380e+0,2.6887e+11,3.2750e+11
0.04271,0.26875,3.5715e+0,2.8836e+11,4.1914e+11
0.04479,0.26875,3.4997e+0,3.1610e+11,3.9208e+11
0.04688,0.26875,3.4254e+0,2.9096e+11,3.1534e+11
0.04896,0.26875,3.3507e+0,2.8684e+11,3.3087e+11
0.05104,0.26875,3.2742e+0,3.0648e+11,3.2149e+11
0.05312,0.26875,3.1978e+0,2.9970e+11,2.9871e+11
0.05521,0.26875,3.1225e+0,3.1143e+11,4.0613e+11
0.05729,0.26875,3.0420e+0,2.8508e+11,4.1498e+11
0.05937,0.26875,2.9549e+0,2.5669e+11,3.9124e+11
0.06146,0.26875,2.8623e+0,2.8685e+11,4.5600e+11
0.06354,0.26875,2.7636e+0,3.1335e+11,4.6330e+11
0.06563,0.26875,2.6607e+0,3.0598e+11,5.0646e+11
0.06771,0.26875,2.5503e+0,2.8837e+11,4.2262e+11
0.06979,0.26875,2.4364e+0,2.9327e+11,3.5011e+11
0.07187,0.26875,2.3228e+0,2.7947e+11,3.2497e+11
0.07396,0.26875,2.2089e+0,2.8756e+11,4.3394e+11
0.07604,0.26875,2.0880e+0,2.9684e+11,4.0505e+11
0.07813,0.26875,1.9629e+0,2.7572e+11,3.9143e+11
0.08021,0.26875,1.8324e+0,2.4147e+11,4.0400e+11
0.08229,0.26875,1.6923e+0,2.2090e+11,3.6257e+11
0.08438,0.26875,1.5432e+0,1.9703e+11,3.2442e+11
0.08646,0.26875,1.3860e+0,1.6762e+11,3.2529e+11
0.08854,0.26875,1.2179e+0,1.4027e+11,3.2803e+11
0.09062,0.26875,1.0366e+0,6.2473e+10,3.2592e+11
0.09271,0.26875,8.3693e-1,8.8923e+9,2.7724e+11
0.09479,0.26875,6.1905e-1,2.8064e+9,2.6436e+11
0.09688,0.26875,3.8422e-1,1.1309e+9,2.6607e+11
0.09896,0.26875,1.3337e-1,2.5425e+8,2.7463e+11
0.00104,0.27292,4.2952e+0,4.4575e+10,0.0000e+0
0.00313,0.27292,4.2985e+0,7.3344e+10,2.4422e+9
0.00521,0.27292,4.3069e+0,8.2256e+10,1.9463e+11
0.00729,0.27292,4.3102e+0,9.2541e+10,5.9134e+11
0.00937,0.27292,4.2846e+0,1.4043e+11,3.5834e+11
0.01146,0.27292,4.2513e+0,1.6069e+11,1.5604e+11
0.01354,0.27292,4.2256e+0,1.5606e+11,2.1727e+11
0.01563,0.27292,4.2005e+0,1.5107e+11,2.8835e+11
0.01771,0.27292,4.1703e+0,1.6401e+11,3.7886e+11
0.01979,0.27292,4.1300e+0,1.8376e+11,2.6414e+11
0.02187,0.27292,4.0880e+0,2.0018e+11,2.3350e+11
0.02396,0.27292,4.0469e+0,2.2179e+11,3.3698e+11
0.02604,0.27292,4.0008e+0,2.5382e+11,2.9982e+11
0.02813,0.27292,3.9549e+0,2.6691e+11,3.4424e+11
0.03021,0.27292,3.9064e+0,3.0850e+11,3.4963e+11
0.03229,0.27292,3.8586e+0,3.0598e+11,4.2042e+11
0.03438,0.27292,3.8060e+0,2.7638e+11,3.7138e+11
0.03646,0.27292,3.7506e+0,3.0288e+11,4.5028e+11
0.03854,0.27292,3.6905e+0,2.7013e+11,4.1435e+11
0.04063,0.27292,3.6266e+0,2.7196e+11,4.0598e+11
0.04271,0.27292,3.5595e+0,2.9167e+11,3.6598e+11
0.04479,0.27292,3.4912e+0,3.1985e+11,4.1137e+11
0.04688,0.27292,3.4193e+0,2.9505e+11,3.3882e+11
0.04896,0.27292,3.3465e+0,2.9227e+11,3.3196e+11
0.05104,0.27292,3.2724e+0,3.0993e+11,3.3416e+11
0.05312,0.27292,3.1984e+0,2.9744e+11,3.5856e+11
0.05521,0.27292,3.1224e+0,3.1087e+11,4.3090e+11
0.05729,0.27292,3.0405e+0,2.8659e+11,4.5869e+11
0.05937,0.27292,2.9496e+0,2.5972e+11,3.8623e+11
0.06146,0.27292,2.8529e+0,2.8394e+11,3.3452e+11
0.06354,0.27292,2.7552e+0,3.1082e+11,4.1495e+11
0.06563,0.27292,2.6524e+0,3.0694e+11,3.9555e+11
0.06771,0.27292,2.5458e+0,2.8761e+11,3.8455e+11
0.06979,0.27292,2.4354e+0,3.0114e+11,3.7465e+11
0.07187,0.27292,2.3236e+0,2.8023e+11,3.9834e+11
0.07396,0.27292,2.2065e+0,2.9188e+11,3.5951e+11
0.07604,0.27292,2.0869e+0,2.9109e+11,3.7320e+11
0.07813,0.27292,1.9642e+0,2.7647e+11,4.3196e+11
0.08021,0.27292,1.8336e+0,2.3749e+11,3.9003e+11
0.08229,0.27292,1.6955e+0,2.2389e+11,4.4714e+11
0.08438,0.27292,1.5451e+0,2.0508e+11,3.7375e+11
0.08646,0.27292,1.3863e+0,1.6656e+11,3.5343e+11
0.08854,0.27292,1.2174e+0,1.3669e+11,3.5948e+11
0.09062,0.27292,1.0353e+0,6.2311e+10,3.3502e+11
0.09271,0.27292,8.3617e-1,9.3069e+9,3.0262e+11
0.09479,0.27292,6.1891e-1,2.5067e+9,3.0914e+11
0.09688,0.27292,3.8313e-1,9.0244e+8,2.6284e+11
0.09896,0.27292,1.3199e-1,1.8473e+8,2.2592e+11
0.00104,0.27708,4.2823e+0,4.4906e+10,0.0000e+0
0.00313,0.27708,4.2841e+0,6.7232e+10,0.0000e+0
0.00521,0.27708,4.2887e+0,7.1615e+10,5.5600e+7
0.00729,0.27708,4.2959e+0,1.0042e+11,3.1266e+11
0.00937,0.27708,4.2870e+0,1.4755e+11,5.5268e+11
0.01146,0.27708,4.2541e+0,1.6417e+11,1.7451e+11
0.01354,0.27708,4.2277e+0,1.5590e+11,2.8022e+11
0.01563,0.27708,4.1999e+0,1.5390e+11,4.0044e+11
0.01771,0.27708,4.1620e+0,1.6274e+11,3.2711e+11
0.01979,0.27708,4.1177e+0,1.8248e+11,1.9536e+11
0.02187,0.27708,4.0756e+0,1.9780e+11,1.7194e+11
0.02396,0.27708,4.0368e+0,2.2249e+11,3.3980e+11
0.02604,0.27708,3.9911e+0,2.5405e+11,2.8851e+11
0.02813,0.27708,3.9446e+0,2.6025e+11,3.3067e+11
0.03021,0.27708,3.8940e+0,3.1345e+11,3.2707e+11
0.03229,0.27708,3.8424e+0,3.0488e+11,3.7512e+11
0.03438,0.27708,3.7850e+0,2.8216e+11,3.3118e+11
0.03646,0.27708,3.7222e+0,3.0709e+11,2.6021e+11
0.03854,0.27708,3.6592e+0,2.7022e+11,1.5357e+11
0.04063,0.27708,3.5997e+0,2.7208e+11,1.9336e+11
0.04271,0.27708,3.5422e+0,2.9732e+11,3.4586e+11
0.04479,0.27708,3.4813e+0,3.0342e+11,4.0141e+11
0.04688,0.27708,3.4160e+0,2.8755e+11,3.8482e+11
0.04896,0.27708,3.3477e+0,2.9299e+11,4.2651e+11
0.05104,0.27708,3.2745e+0,2.9656e+11,3.8675e+11
0.05312,0.27708,3.2002e+0,2.8883e+11,4.6150e+11
0.05521,0.27708,3.1194e+0,3.1342e+11,4.6047e+11
0.05729,0.27708,3.0341e+0,2.8349e+11,4.6771e+11
0.05937,0.27708,2.9406e+0,2.5717e+11,3.3631e+11
0.06146,0.27708,2.8449e+0,2.8140e+11,3.3613e+11
0.06354,0.27708,2.7479e+0,3.1576e+11,4.3955e+11
0.06563,0.27708,2.6446e+0,3.1104e+11,3.7830e+11
0.06771,0.27708,2.5390e+0,3.0471e+11,3.6961e+11
0.06979,0.27708,2.4306e+0,3.0407e+11,3.5290e+11
0.07187,0.27708,2.3213e+0,2.7800e+11,3.9261e+11
0.07396,0.27708,2.2064e+0,2.8135e+11,4.0183e+11
0.07604,0.27708,2.0860e+0,2.8474e+11,3.7646e+11
0.07813,0.27708,1.9617e+0,2.7797e+11,3.8817e+11
0.08021,0.27708,1.8310e+0,2.3386e+11,3.6656e+11
0.08229,0.27708,1.6920e+0,2.1544e+11,3.7377e+11
0.08438,0.27708,1.5430e+0,2.0542e+11,3.7271e+11
0.08646,0.27708,1.3843e+0,1.6556e+11,3.3434e+11
0.08854,0.27708,1.2161e+0,1.3185e+11,3.7228e+11
0.09062,0.27708,1.0338e+0,5.7635e+10,3.3999e+11
0.09271,0.27708,8.3455e-1,8.8376e+9,3.2307e+11
0.09479,0.27708,6.1646e-1,2.1845e+9,2.7942e+11
0.09688,0.27708,3.8212e-1,7.5577e+8,2.6633e+11
0.09896,0.27708,1.3281e-1,1.8568e+8,2.8788e+11
0.00104,0.28125,4.2692e+0,4.8222e+10,0.0000e+0
0.00313,0.28125,4.2705e+0,6.6736e+10,0.0000e+0
0.00521,0.28125,4.2739e+0,7.6913e+10,0.0000e+0
0.00729,0.28125,4.2796e+0,1.0970e+11,1.6151e+11
0.00937,0.28125,4.2772e+0,1.7084e+11,5.3947e+11
0.01146,0.28125,4.2487e+0,1.6808e+11,3.3659e+11
0.01354,0.28125,4.2133e+0,1.5602e+11,1.5680e+11
0.01563,0.28125,4.1801e+0,1.6310e+11,1.6088e+11
0.01771,0.28125,4.1466e+0,1.6690e+11,1.9656e+11
0.01979,0.28125,4.1104e+0,1.8654e+11,2.0973e+11
0.02187,0.28125,4.0741e+0,2.0407e+11,3.1626e+11
0.02396,0.28125,4.0320e+0,2.2641e+11,2.8758e+11
0.02604,0.28125,3.9882e+0,2.5453e+11,3.2696e+11
0.02813,0.28125,3.9431e+0,2.5489e+11,3.7007e+11
0.03021,0.28125,3.8952e+0,2.9694e+11,4.7945e+11
0.03229,0.28125,3.8411e+0,2.9455e+11,4.1396e+11
0.03438,0.28125,3.7850e+0,2.8105e+11,4.3506e+11
0.03646,0.28125,3.7240e+0,2.8928e+11,3.4571e+11
0.03854,0.28125,3.6636e+0,2.7293e+11,3.5747e+11
0.04063,0.28125,3.6013e+0,2.7650e+11,3.8199e+11
0.04271,0.28125,3.5349e+0,2.9658e+11,3.0068e+11
0.04479,0.28125,3.4702e+0,3.0642e+11,3.1827e+11
0.04688,0.28125,3.4055e+0,2.8696e+11,3.3690e+11
0.04896,0.28125,3.3389e+0,2.9134e+11,4.4088e+11
0.05104,0.28125,3.2646e+0,3.0326e+11,4.2342e+11
0.05312,0.28125,3.1858e+0,2.8594e+11,4.2242e+11
0.05521,0.28125,3.1006e+0,3.1006e+11,3.5525e+11
0.05729,0.28125,3.0155e+0,2.8904e+11,3.6684e+11
0.05937,0.28125,2.9287e+0,2.6035e+11,3.8960e+11
0.06146,0.28125,2.8382e+0,2.8408e+11,4.8156e+11
0.06354,0.28125,2.7401e+0,3.1404e+11,4.4652e+11
0.06563,0.28125,2.6385e+0,3.1329e+11,4.0813e+11
0.06771,0.28125,2.5356e+0,2.9996e+11,4.4561e+11
0.06979,0.28125,2.4277e+0,2.9975e+11,3.8407e+11
0.07187,0.28125,2.3181e+0,2.8362e+11,4.0348e+11
0.07396,0.28125,2.2036e+0,2.7806e+11,3.8095e+11
0.07604,0.28125,2.0852e+0,2.8044e+11,3.8084e+11
0.07813,0.28125,1.9638e+0,2.8138e+11,4.7482e+11
0.08021,0.28125,1.8338e+0,2.3771e+11,4.5518e+11
0.08229,0.28125,1.6935e+0,2.1525e+11,4.3619e+11
0.08438,0.28125,1.5425e+0,2.0507e+11,3.9042e+11
0.08646,0.28125,1.3826e+0,1.6560e+11,3.5627e+11
0.08854,0.28125,1.2128e+0,1.2612e+11,3.7273e+11
0.09062,0.28125,1.0284e+0,5.3984e+10,3.0695e+11
0.09271,0.28125,8.2849e-1,8.4174e+9,2.7050e+11
0.09479,0.28125,6.1181e-1,2.2372e+9,2.6922e+11
0.09688,0.28125,3.7833e-1,8.7062e+8,2.4309e+11
0.09896,0.28125,1.3017e-1,1.8727e+8,2.1482e+11
0.00104,0.28542,4.2610e+0,6.0012e+10,0.0000e+0
0.00313,0.28542,4.2627e+0,7.2957e+10,0.0000e+0
0.00521,0.28542,4.2675e+0,7.6164e+10,0.0000e+0
0.00729,0.28542,4.2771e+0,1.0994e+11,4.2051e+11
0.00937,0.28542,4.2694e+0,1.8117e+11,5.6687e+11
0.01146,0.28542,4.2418e+0,1.6951e+11,3.3222e+11
0.01354,0.28542,4.2107e+0,1.5801e+11,2.4631e+11
0.01563,0.28542,4.1800e+0,1.6917e+11,2.4687e+11
0.01771,0.28542,4.1493e+0,1.7589e+11,3.5792e+11
0.01979,0.28542,4.1117e+0,1.9408e+11,2.8502e+11
0.02187,0.28542,4.0751e+0,1.9973e+11,4.2329e+11
0.02396,0.28542,4.0303e+0,2.1569e+11,3.8616e+11
0.02604,0.28542,3.9817e+0,2.5713e+11,3.9753e+11
0.02813,0.28542,3.9306e+0,2.5859e+11,3.9021e+11
0.03021,0.28542,3.8776e+0,2.8327e+11,3.7291e+11
0.03229,0.28542,3.8245e+0,2.9221e+11,3.7336e+11
0.03438,0.28542,3.7709e+0,2.7789e+11,3.1349e+11
0.03646,0.28542,3.7190e+0,2.8339e+11,4.2270e+11
0.03854,0.28542,3.6628e+0,2.7476e+11,4.9192e+11
0.04063,0.28542,3.5992e+0,2.7651e+11,4.4840e+11
0.04271,0.28542,3.5322e+0,2.8914e+11,3.7350e+11
0.04479,0.28542,3.4679e+0,3.1084e+11,4.8737e+11
0.04688,0.28542,3.3983e+0,2.8952e+11,4.0930e+11
0.04896,0.28542,3.3257e+0,2.9139e+11,4.1476e+11
0.05104,0.28542,3.2478e+0,3.0180e+11,3.8757e+11
0.05312,0.28542,3.1666e+0,2.8733e+11,4.0149e+11
0.05521,0.28542,3.0804e+0,3.0894e+11,3.8697e+11
0.05729,0.28542,2.9917e+0,2.8114e+11,2.9907e+11
0.05937,0.28542,2.9035e+0,2.5991e+11,2.9730e+11
0.06146,0.28542,2.8123e+0,2.8779e+11,3.0532e+11
0.06354,0.28542,2.7180e+0,2.9446e+11,3.2578e+11
0.06563,0.28542,2.6201e+0,3.0467e+11,3.2710e+11
0.06771,0.28542,2.5202e+0,3.0263e+11,3.5149e+11
0.06979,0.28542,2.4176e+0,2.9712e+11,3.9754e+11
0.07187,0.28542,2.3103e+0,2.8570e+11,4.1218e+11
0.07396,0.28542,2.1969e+0,2.7903e+11,4.1320e+11
0.07604,0.28542,2.0775e+0,2.7807e+11,3.9803e+11
0.07813,0.28542,1.9535e+0,2.8421e+11,4.1283e+11
0.08021,0.28542,1.8235e+0,2.3415e+11,4.1470e+11
0.08229,0.28542,1.6834e+0,2.0582e+11,3.7357e+11
0.08438,0.28542,1.5343e+0,2.0367e+11,3.7445e+11
0.08646,0.28542,1.3764e+0,1.7119e+11,3.8156e+11
0.08854,0.28542,1.2071e+0,1.2312e+11,3.7067e+11
0.09062,0.28542,1.0234e+0,5.0297e+10,2.9169e+11
0.09271,0.28542,8.2580e-1,7.9572e+9,3.0643e+11
0.09479,0.28542,6.1033e-1,2.2975e+9,2.9497e+11
0.09688,0.28542,3.7783e-1,9.1192e+8,2.6980e+11
0.09896,0.28542,1.3028e-1,1.8170e+8,2.3988e+11
0.00104,0.28958,4.2578e+0,5.3058e+10,0.0000e+0
0.00313,0.28958,4.2571e+0,6.8896e+10,2.4223e+10
0.00521,0.28958,4.2539e+0,6.5221e+10,2.8269e+10
0.00729,0.28958,4.2457e+0,1.1476e+11,3.2893e+10
0.00937,0.28958,4.2353e+0,1.7677e+11,1.9031e+11
0.01146,0.28958,4.2192e+0,1.5550e+11,2.5145e+11
0.01354,0.28958,4.1976e+0,1.4522e+11,2.7789e+11
0.01563,0.28958,4.1719e+0,1.5717e+11,3.7436e+11
0.01771,0.28958,4.1387e+0,1.7402e+11,4.2808e+11
0.01979,0.28958,4.0960e+0,1.9329e+11,3.0740e+11
0.02187,0.28958,4.0539e+0,2.0135e+11,3.9512e+11
0.02396,0.28958,4.0065e+0,2.1964e+11,3.8088e+11
0.02604,0.28958,3.9567e+0,2.4986e+11,4.6867e+11
0.02813,0.28958,3.9002e+0,2.5369e+11,3.1445e+11
0.03021,0.28958,3.8467e+0,2.7290e+11,2.7925e+11
0.03229,0.28958,3.7985e+0,2.8228e+11,3.4550e+11
0.03438,0.28958,3.7514e+0,2.7130e+11,4.2544e+11
0.03646,0.28958,3.6994e+0,2.7430e+11,4.9806e+11
0.03854,0.28958,3.6369e+0,2.8278e+11,4.1313e+11
0.04063,0.28958,3.5699e+0,2.7941e+11,3.0641e+11
0.04271,0.28958,3.5050e+0,2.7927e+11,3.0251e+11
0.04479,0.28958,3.4433e+0,3.0537e+11,4.2760e+11
0.04688,0.28958,3.3784e+0,2.8178e+11,4.5022e+11
0.04896,0.28958,3.3083e+0,2.9082e+11,5.1345e+11
0.05104,0.28958,3.2296e+0,2.9692e+11,4.7625e+11
0.05312,0.28958,3.1450e+0,2.8867e+11,3.8334e+11
0.05521,0.28958,3.0586e+0,3.0708e+11,3.4242e+11
0.05729,0.28958,2.9735e+0,2.8669e+11,2.9617e+11
0.05937,0.28958,2.8912e+0,2.7337e+11,3.7856e+11
0.06146,0.28958,2.8056e+0,2.9072e+11,4.4910e+11
0.06354,0.28958,2.7134e+0,2.8226e+11,4.3417e+11
0.06563,0.28958,2.6152e+0,2.9545e+11,4.1312e+11
0.06771,0.28958,2.5126e+0,2.9962e+11,3.7567e+11
0.06979,0.28958,2.4072e+0,2.9421e+11,3.5629e+11
0.07187,0.28958,2.2998e+0,2.8110e+11,4.1220e+11
0.07396,0.28958,2.1854e+0,2.7759e+11,4.0384e+11
0.07604,0.28958,2.0642e+0,2.8356e+11,3.4271e+11
0.07813,0.28958,1.9401e+0,2.6984e+11,3.4748e+11
0.08021,0.28958,1.8109e+0,2.3055e+11,3.7363e+11
0.08229,0.28958,1.6712e+0,2.0640e+11,3.2099e+11
0.08438,0.28958,1.5231e+0,2.1365e+11,3.3802e+11
0.08646,0.28958,1.3658e+0,1.7518e+11,3.2648e+11
0.08854,0.28958,1.1974e+0,1.2341e+11,3.0637e+11
0.09062,0.28958,1.0161e+0,4.9149e+10,2.7367e+11
0.09271,0.28958,8.1927e-1,8.3885e+9,2.6508e+11
0.09479,0.28958,6.0467e-1,1.9167e+9,2.4810e+11
0.09688,0.28958,3.7370e-1,8.5270e+8,2.2976e+11
0.09896,0.28958,1.2849e-1,2.0528e+8,2.0903e+11
0.00104,0.29375,4.2776e+0,8.2351e+10,5.2174e+10
0.00313,0.29375,4.2801e+0,9.3729e+10,1.9218e+11
0.00521,0.29375,4.2813e+0,8.0232e+10,5.2501e+11
0.00729,0.29375,4.2594e+0,1.1672e+11,3.1362e+11
0.00937,0.29375,4.2318e+0,1.8141e+11,2.4994e+11
0.01146,0.29375,4.2024e+0,1.5375e+11,1.4058e+11
0.01354,0.29375,4.1733e+0,1.4869e+11,1.6950e+11
0.01563,0.29375,4.1414e+0,1.6000e+11,2.1932e+11
0.01771,0.29375,4.1045e+0,1.6798e+11,2.8380e+11
0.01979,0.29375,4.0598e+0,1.8725e+11,2.8049e+11
0.02187,0.29375,4.0101e+0,2.0839e+11,2.4361e+11
0.02396,0.29375,3.9583e+0,2.1376e+11,2.0578e+11
0.02604,0.29375,3.9071e+0,2.4504e+11,2.5450e+11
0.02813,0.29375,3.8549e+0,2.5250e+11,2.1707e+11
0.03021,0.29375,3.8064e+0,2.6766e+11,2.5384e+11
0.03229,0.29375,3.7609e+0,2.8008e+11,3.0461e+11
0.03438,0.29375,3.7151e+0,2.6347e+11,3.3766e+11
0.03646,0.29375,3.6641e+0,2.6502e+11,4.1040e+11
0.03854,0.29375,3.6027e+0,2.7457e+11,3.7644e+11
0.04063,0.29375,3.5365e+0,2.7004e+11,3.1964e+11
0.04271,0.29375,3.4703e+0,2.7250e+11,3.0542e+11
0.04479,0.29375,3.4052e+0,2.9151e+11,3.6223e+11
0.04688,0.29375,3.3385e+0,2.8486e+11,3.9122e+11
0.04896,0.29375,3.2676e+0,2.8716e+11,3.9116e+11
0.05104,0.29375,3.1922e+0,2.9959e+11,3.7569e+11
0.05312,0.29375,3.1140e+0,2.8324e+11,3.5987e+11
0.05521,0.29375,3.0335e+0,2.9999e+11,3.4808e+11
0.05729,0.29375,2.9532e+0,2.7575e+11,3.5718e+11
0.05937,0.29375,2.8711e+0,2.6682e+11,3.2437e+11
0.06146,0.29375,2.7875e+0,2.9086e+11,4.0722e+11
0.06354,0.29375,2.6976e+0,2.8677e+11,3.7330e+11
0.06563,0.29375,2.6039e+0,3.0432e+11,4.1715e+11
0.06771,0.29375,2.5050e+0,2.9318e+11,4.5412e+11
0.06979,0.29375,2.3977e+0,2.8584e+11,3.3913e+11
0.07187,0.29375,2.2894e+0,2.7433e+11,3.9632e+11
0.07396,0.29375,2.1746e+0,2.8206e+11,3.5460e+11
0.07604,0.29375,2.0569e+0,2.9235e+11,3.6940e+11
0.07813,0.29375,1.9365e+0,2.7605e+11,4.0017e+11
0.08021,0.29375,1.8092e+0,2.2946e+11,3.9324e+11
0.08229,0.29375,1.6711e+0,2.0547e+11,3.2526e+11
0.08438,0.29375,1.5246e+0,2.2357e+11,3.7002e+11
0.08646,0.29375,1.3672e+0,1.6815e+11,3.1894e+11
0.08854,0.29375,1.1989e+0,1.2248e+11,2.9585e+11
0.09062,0.29375,1.0177e+0,4.9781e+10,2.5680e+11
0.09271,0.29375,8.2157e-1,8.1374e+9,2.7264e+11
0.09479,0.29375,6.0677e-1,1.7770e+9,2.5728e+11
0.09688,0.29375,3.7510e-1,9.7492e+8,2.3192e+11
0.09896,0.29375,1.2935e-1,2.5312e+8,2.2930e+11
0.00104,0.29792,4.2873e+0,1.9375e+11,9.4111e+11
0.00313,0.29792,4.2724e+0,1.3395e+11,1.8512e+11
0.00521,0.29792,4.2777e+0,7.2888e+10,6.6169e+11
0.00729,0.29792,4.2625e+0,1.1472e+11,5.9212e+11
0.00937,0.29792,4.2388e+0,1.7976e+11,5.8054e+11
0.01146,0.29792,4.2103e+0,1.5949e+11,5.6219e+11
0.01354,0.29792,4.1721e+0,1.5854e+11,4.0576e+11
0.01563,0.29792,4.1307e+0,1.5938e+11,3.8007e+11
0.01771,0.29792,4.0841e+0,1.6557e+11,3.1095e+11
0.01979,0.29792,4.0343e+0,1.7944e+11,2.7574e+11
0.02187,0.29792,3.9831e+0,1.9724e+11,3.1390e+11
0.02396,0.29792,3.9279e+0,2.0999e+11,2.1739e+11
0.02604,0.29792,3.8749e+0,2.4408e+11,2.6595e+11
0.02813,0.29792,3.8213e+0,2.6114e+11,2.1818e+11
0.03021,0.29792,3.7710e+0,2.8984e+11,1.8279e+11
0.03229,0.29792,3.7289e+0,2.8197e+11,2.7828e+11
0.03438,0.29792,3.6880e+0,2.6566e+11,4.2862e+11
0.03646,0.29792,3.6373e+0,2.5547e+11,5.2658e+11
0.03854,0.29792,3.5697e+0,2.6471e+11,3.0334e+11
0.04063,0.29792,3.5014e+0,2.6345e+11,2.7205e+11
0.04271,0.29792,3.4335e+0,2.6746e+11,2.9291e+11
0.04479,0.29792,3.3639e+0,2.8552e+11,2.7097e+11
0.04688,0.29792,3.2940e+0,2.8199e+11,2.3700e+11
0.04896,0.29792,3.2243e+0,2.8718e+11,2.2871e+11
0.05104,0.29792,3.1548e+0,2.9597e+11,3.1959e+11
0.05312,0.29792,3.0811e+0,2.7345e+11,3.0068e+11
0.05521,0.29792,3.0041e+0,2.9224e+11,2.8551e+11
0.05729,0.29792,2.9269e+0,2.7390e+11,2.6373e+11
0.05937,0.29792,2.8500e+0,2.5600e+11,3.0967e+11
0.06146,0.29792,2.7698e+0,2.8732e+11,4.0811e+11
0.06354,0.29792,2.6822e+0,2.8668e+11,3.8031e+11
0.06563,0.29792,2.5899e+0,2.9552e+11,3.8674e+11
0.06771,0.29792,2.4932e+0,2.8352e+11,4.3137e+11
0.06979,0.29792,2.3884e+0,2.7798e+11,3.8062e+11
0.07187,0.29792,2.2798e+0,2.6697e+11,3.9436e+11
0.07396,0.29792,2.1653e+0,2.7122e+11,3.3242e+11
0.07604,0.29792,2.0498e+0,2.9343e+11,3.5259e+11
0.07813,0.29792,1.9342e+0,2.7184e+11,4.2324e+11
0.08021,0.29792,1.8133e+0,2.2416e+11,4.7431e+11
0.08229,0.29792,1.6816e+0,2.0161e+11,4.7747e+11
0.08438,0.29792,1.5382e+0,2.2396e+11,5.3030e+11
0.08646,0.29792,1.3812e+0,1.7038e+11,4.2565e+11
0.08854,0.29792,1.2133e+0,1.2255e+11,4.0886e+11
0.09062,0.29792,1.0319e+0,5.1248e+10,3.7974e+11
0.09271,0.29792,8.3373e-1,8.0092e+9,3.6920e+11
0.09479,0.29792,6.1574e-1,1.9463e+9,3.1652e+11
0.09688,0.29792,3.8076e-1,1.1253e+9,2.6742e+11
0.09896,0.29792,1.3131e-1,2.7436e+8,2.4065e+11
0.00104,0.30208,4.1816e+0,7.4518e+10,7.4577e+9
0.00313,0.30208,4.1802e+0,7.5231e+10,1.1995e+10
0.00521,0.30208,4.1795e+0,7.0796e+10,9.0926e+10
0.00729,0.30208,4.1718e+0,1.1170e+11,8.7211e+10
0.00937,0.30208,4.1618e+0,1.6188e+11,1.0250e+11
0.01146,0.30208,4.1553e+0,1.4727e+11,4.5024e+11
0.01354,0.30208,4.1303e+0,1.4517e+11,3.9386e+11
0.01563,0.30208,4.0948e+0,1.4759e+11,3.4891e+11
0.01771,0.30208,4.0536e+0,1.6540e+11,3.6138e+11
0.01979,0.30208,4.0055e+0,1.8563e+11,2.8182e+11
0.02187,0.30208,3.9561e+0,1.9921e+11,2.9215e+11
0.02396,0.30208,3.9048e+0,1.9603e+11,2.2352e+11
0.02604,0.30208,3.8550e+0,2.3020e+11,2.7219e+11
0.02813,0.30208,3.8039e+0,2.5406e+11,3.1562e+11
0.03021,0.30208,3.7488e+0,2.8254e+11,1.3513e+11
0.03229,0.30208,3.7044e+0,2.7780e+11,2.8251e+11
0.03438,0.30208,3.6599e+0,2.6486e+11,3.9497e+11
0.03646,0.30208,3.6063e+0,2.5763e+11,4.2770e+11
0.03854,0.30208,3.5416e+0,2.6427e+11,3.0427e+11
0.04063,0.30208,3.4767e+0,2.5225e+11,3.3531e+11
0.04271,0.30208,3.4084e+0,2.5865e+11,2.7680e+11
0.04479,0.30208,3.3412e+0,2.7809e+11,2.8134e+11
0.04688,0.30208,3.2755e+0,2.7558e+11,2.9154e+11
0.04896,0.30208,3.2101e+0,2.9125e+11,3.9529e+11
0.05104,0.30208,3.1389e+0,2.8983e+11,3.4879e+11
0.05312,0.30208,3.0642e+0,2.7219e+11,2.8858e+11
0.05521,0.30208,2.9893e+0,2.9212e+11,3.3443e+11
0.05729,0.30208,2.9136e+0,2.6032e+11,3.2707e+11
0.05937,0.30208,2.8366e+0,2.4767e+11,3.5957e+11
0.06146,0.30208,2.7550e+0,2.7745e+11,3.9369e+11
0.06354,0.30208,2.6682e+0,2.9015e+11,4.1152e+11
0.06563,0.30208,2.5768e+0,2.9575e+11,4.3395e+11
0.06771,0.30208,2.4795e+0,2.7748e+11,4.2176e+11
0.06979,0.30208,2.3749e+0,2.7637e+11,3.5109e+11
0.07187,0.30208,2.2672e+0,2.7025e+11,3.8735e+11
0.07396,0.30208,2.1532e+0,2.8082e+11,3.4429e+11
0.07604,0.30208,2.0371e+0,2.8832e+11,3.6841e+11
0.07813,0.30208,1.9184e+0,2.5875e+11,3.5713e+11
0.08021,0.30208,1.7955e+0,2.2298e+11,3.5973e+11
0.08229,0.30208,1.6655e+0,2.0779e+11,3.9751e+11
0.08438,0.30208,1.5253e+0,2.1546e+11,4.2882e+11
0.08646,0.30208,1.3741e+0,1.6905e+11,4.4804e+11
0.08854,0.30208,1.2081e+0,1.2329e+11,3.9735e+11
0.09062,0.30208,1.0275e+0,4.6342e+10,3.3126e+11
0.09271,0.30208,8.3042e-1,6.9549e+9,3.3472e+11
0.09479,0.30208,6.1376e-1,2.1786e+9,2.8097e+11
0.09688,0.30208,3.8143e-1,1.4209e+9,3.0245e+11
0.09896,0.30208,1.3202e-1,3.0332e+8,2.6355e+11
0.00104,0.30625,4.1081e+0,6.4325e+10,0.0000e+0
0.00313,0.30625,4.1081e+0,7.6827e+10,2.8835e+9
0.00521,0.30625,4.1093e+0,7.4315e+10,6.2849e+10
0.00729,0.30625,4.1084e+0,1.0606e+11,2.4879e+11
0.00937,0.30625,4.0970e+0,1.4626e+11,8.0958e+10
0.01146,0.30625,4.0902e+0,1.4396e+11,2.9364e+11
0.01354,0.30625,4.0711e+0,1.4254e+11,3.3262e+11
0.01563,0.30625,4.0390e+0,1.4065e+11,1.2831e+11
0.01771,0.30625,4.0102e+0,1.5453e+11,3.3527e+11
0.01979,0.30625,3.9723e+0,1.8812e+11,3.9230e+11
0.02187,0.30625,3.9262e+0,1.8823e+11,2.1212e+11
0.02396,0.30625,3.8849e+0,1.7753e+11,2.7535e+11
0.02604,0.30625,3.8436e+0,2.1882e+11,3.7286e+11
0.02813,0.30625,3.7984e+0,2.5220e+11,4.7564e+11
0.03021,0.30625,3.7441e+0,2.6518e+11,3.6272e+11
0.03229,0.30625,3.6901e+0,2.6337e+11,2.8835e+11
0.03438,0.30625,3.6395e+0,2.5904e+11,4.2800e+11
0.03646,0.30625,3.5795e+0,2.6120e+11,3.3387e+11
0.03854,0.30625,3.5161e+0,2.6096e+11,2.8088e+11
0.04063,0.30625,3.4526e+0,2.5271e+11,2.9846e+11
0.04271,0.30625,3.3871e+0,2.5204e+11,2.4985e+11
0.04479,0.30625,3.3236e+0,2.6596e+11,2.7661e+11
0.04688,0.30625,3.2624e+0,2.6565e+11,3.6747e+11
0.04896,0.30625,3.1986e+0,2.7923e+11,4.2630e+11
0.05104,0.30625,3.1299e+0,2.8553e+11,4.7920e+11
0.05312,0.30625,3.0551e+0,2.6946e+11,4.6377e+11
0.05521,0.30625,2.9755e+0,2.8961e+11,4.0779e+11
0.05729,0.30625,2.8960e+0,2.5226e+11,3.3191e+11
0.05937,0.30625,2.8176e+0,2.5084e+11,3.8669e+11
0.06146,0.30625,2.7356e+0,2.7669e+11,4.4748e+11
0.06354,0.30625,2.6465e+0,2.8895e+11,3.7783e+11
0.06563,0.30625,2.5555e+0,2.8007e+11,3.6412e+11
0.06771,0.30625,2.4625e+0,2.6758e+11,4.2165e+11
0.06979,0.30625,2.3628e+0,2.6834e+11,4.4062e+11
0.07187,0.30625,2.2558e+0,2.6368e+11,4.1333e+11
0.07396,0.30625,2.1425e+0,2.7119e+11,4.0799e+11
0.07604,0.30625,2.0226e+0,2.8669e+11,3.1671e+11
0.07813,0.30625,1.9016e+0,2.5031e+11,2.9002e+11
0.08021,0.30625,1.7764e+0,2.2263e+11,2.8619e+11
0.08229,0.30625,1.6439e+0,2.0735e+11,2.7383e+11
0.08438,0.30625,1.5037e+0,2.0007e+11,3.0732e+11
0.08646,0.30625,1.3538e+0,1.6620e+11,3.1561e+11
0.08854,0.30625,1.1920e+0,1.2412e+11,3.2502e+11
0.09062,0.30625,1.0164e+0,4.4567e+10,3.4484e+11
0.09271,0.30625,8.2113e-1,6.8535e+9,3.0617e+11
0.09479,0.30625,6.0661e-1,1.8371e+9,2.5971e+11
0.09688,0.30625,3.7662e-1,9.5879e+8,2.7854e+11
0.09896,0.30625,1.3014e-1,3.0673e+8,2.4564e+11
0.00104,0.31042,4.0540e+0,5.7957e+10,0.0000e+0
0.00313,0.31042,4.0532e+0,4.8802e+10,0.0000e+0
0.00521,0.31042,4.0512e+0,5.7316e+10,0.0000e+0
0.00729,0.31042,4.0488e+0,1.1120e+11,9.2091e+10
0.00937,0.31042,4.0424e+0,1.4046e+11,7.3314e+10
0.01146,0.31042,4.0371e+0,1.5317e+11,3.1731e+11
0.01354,0.31042,4.0197e+0,1.4257e+11,3.4921e+11
0.01563,0.31042,3.9902e+0,1.4445e+11,1.8486e+11
0.01771,0.31042,3.9620e+0,1.5531e+11,3.1715e+11
0.01979,0.31042,3.9253e+0,1.7900e+11,2.4910e+11
0.02187,0.31042,3.8863e+0,1.7938e+11,1.9645e+11
0.02396,0.31042,3.8483e+0,1.8075e+11,1.6515e+11
0.02604,0.31042,3.8138e+0,2.1130e+11,3.3590e+11
0.02813,0.31042,3.7735e+0,2.4361e+11,4.5848e+11
0.03021,0.31042,3.7224e+0,2.5897e+11,3.8116e+11
0.03229,0.31042,3.6683e+0,2.5810e+11,3.1098e+11
0.03438,0.31042,3.6168e+0,2.5146e+11,4.4905e+11
0.03646,0.31042,3.5576e+0,2.5960e+11,3.5724e+11
0.03854,0.31042,3.4981e+0,2.5531e+11,3.8755e+11
0.04063,0.31042,3.4357e+0,2.4090e+11,3.4975e+11
0.04271,0.31042,3.3711e+0,2.4357e+11,3.3379e+11
0.04479,0.31042,3.3046e+0,2.5322e+11,2.9516e+11
0.04688,0.31042,3.2393e+0,2.6761e+11,3.5286e+11
0.04896,0.31042,3.1714e+0,2.7325e+11,4.1445e+11
0.05104,0.31042,3.0961e+0,2.8053e+11,3.5882e+11
0.05312,0.31042,3.0161e+0,2.6241e+11,2.5100e+11
0.05521,0.31042,2.9363e+0,2.8786e+11,2.2415e+11
0.05729,0.31042,2.8601e+0,2.4675e+11,2.5095e+11
0.05937,0.31042,2.7822e+0,2.4260e+11,2.5924e+11
0.06146,0.31042,2.7022e+0,2.7151e+11,3.5487e+11
0.06354,0.31042,2.6162e+0,2.8851e+11,3.4524e+11
0.06563,0.31042,2.5270e+0,2.7507e+11,3.1905e+11
0.06771,0.31042,2.4362e+0,2.6137e+11,3.8664e+11
0.06979,0.31042,2.3384e+0,2.6869e+11,3.7319e+11
0.07187,0.31042,2.2350e+0,2.7099e+11,3.5898e+11
0.07396,0.31042,2.1279e+0,2.6480e+11,3.7085e+11
0.07604,0.31042,2.0168e+0,2.7851e+11,3.9923e+11
0.07813,0.31042,1.9021e+0,2.4988e+11,4.3121e+11
0.08021,0.31042,1.7800e+0,2.2582e+11,4.7482e+11
0.08229,0.31042,1.6459e+0,2.1031e+11,4.1960e+11
0.08438,0.31042,1.5021e+0,1.9941e+11,3.9449e+11
0.08646,0.31042,1.3486e+0,1.6901e+11,3.7264e+11
0.08854,0.31042,1.1839e+0,1.3056e+11,3.3214e+11
0.09062,0.31042,1.0072e+0,4.4825e+10,3.1164e+11
0.09271,0.31042,8.1300e-1,6.8333e+9,2.9247e+11
0.09479,0.31042,5.9993e-1,1.4385e+9,2.5402e+11
0.09688,0.31042,3.7104e-1,7.6624e+8,2.3924e+11
0.09896,0.31042,1.2773e-1,2.5357e+8,2.1738e+11
0.00104,0.31458,4.0250e+0,1.9488e+11,3.4730e+11
0.00313,0.31458,4.0215e+0,5.7030e+10,1.7272e+11
0.00521,0.31458,4.0166e+0,5.1211e+10,5.6241e+10
0.00729,0.31458,4.0165e+0,1.0311e+11,2.6106e+11
0.00937,0.31458,4.0094e+0,1.2714e+11,3.7306e+11
0.01146,0.31458,3.9889e+0,1.4751e+11,1.9221e+11
0.01354,0.31458,3.9662e+0,1.4631e+11,1.8711e+11
0.01563,0.31458,3.9392e+0,1.3733e+11,1.1158e+11
0.01771,0.31458,3.9120e+0,1.5368e+11,1.6800e+11
0.01979,0.31458,3.8818e+0,1.7537e+11,1.7133e+11
0.02187,0.31458,3.8512e+0,1.7201e+11,2.5548e+11
0.02396,0.31458,3.8157e+0,1.8193e+11,2.1251e+11
0.02604,0.31458,3.7799e+0,2.0855e+11,3.0429e+11
0.02813,0.31458,3.7379e+0,2.3872e+11,3.4944e+11
0.03021,0.31458,3.6889e+0,2.6319e+11,3.8989e+11
0.03229,0.31458,3.6332e+0,2.6393e+11,3.1374e+11
0.03438,0.31458,3.5760e+0,2.5164e+11,2.4855e+11
0.03646,0.31458,3.5201e+0,2.5728e+11,3.1181e+11
0.03854,0.31458,3.4628e+0,2.5059e+11,2.9048e+11
0.04063,0.31458,3.4071e+0,2.4109e+11,3.9901e+11
0.04271,0.31458,3.3466e+0,2.3763e+11,4.2153e+11
0.04479,0.31458,3.2800e+0,2.5152e+11,3.7435e+11
0.04688,0.31458,3.2115e+0,2.5850e+11,3.5651e+11
0.04896,0.31458,3.1418e+0,2.7335e+11,3.7129e+11
0.05104,0.31458,3.0695e+0,2.7930e+11,4.0281e+11
0.05312,0.31458,2.9922e+0,2.5926e+11,3.0880e+11
0.05521,0.31458,2.9148e+0,2.7972e+11,2.8718e+11
0.05729,0.31458,2.8405e+0,2.3618e+11,3.4748e+11
0.05937,0.31458,2.7612e+0,2.3838e+11,3.3563e+11
0.06146,0.31458,2.6777e+0,2.7538e+11,3.2445e+11
0.06354,0.31458,2.5929e+0,2.8855e+11,4.0103e+11
0.06563,0.31458,2.5020e+0,2.8013e+11,3.1477e+11
0.06771,0.31458,2.4103e+0,2.6135e+11,3.2467e+11
0.06979,0.31458,2.3157e+0,2.6387e+11,4.0662e+11
0.07187,0.31458,2.2137e+0,2.6489e+11,3.6949e+11
0.07396,0.31458,2.1083e+0,2.5231e+11,3.5572e+11
0.07604,0.31458,1.9999e+0,2.6921e+11,3.9809e+11
0.07813,0.31458,1.8876e+0,2.4706e+11,4.4724e+11
0.08021,0.31458,1.7665e+0,2.2459e+11,4.4368e+11
0.08229,0.31458,1.6351e+0,2.1252e+11,4.3763e+11
0.08438,0.31458,1.4927e+0,2.0255e+11,4.2331e+11
0.08646,0.31458,1.3395e+0,1.7224e+11,3.7373e+11
0.08854,0.31458,1.1763e+0,1.3329e+11,3.5126e+11
0.09062,0.31458,1.0013e+0,4.3989e+10,3.3226e+11
0.09271,0.31458,8.0894e-1,6.5292e+9,3.3302e+11
0.09479,0.31458,5.9657e-1,1.4406e+9,2.7166e+11
0.09688,0.31458,3.6853e-1,8.3841e+8,2.4457e+11
0.09896,0.31458,1.2671e-1,2.0553e+8,2.1399e+11
0.00104,0.31875,3.9760e+0,2.1128e+11,4.6989e+11
0.00313,0.31875,3.9702e+0,5.7932e+10,1.7106e+11
0.00521,0.31875,3.9655e+0,4.4310e+10,5.1354e+10
0.00729,0.31875,3.9663e+0,9.4739e+10,1.8252e+11
0.00937,0.31875,3.9654e+0,1.2741e+11,4.1731e+11
0.01146,0.31875,3.9506e+0,1.3576e+11,2.9942e+11
0.01354,0.31875,3.9330e+0,1.3986e+11,3.1235e+11
0.01563,0.31875,3.9113e+0,1.3094e+11,3.1543e+11
0.01771,0.31875,3.8833e+0,1.5634e+11,2.3795e+11
0.01979,0.31875,3.8537e+0,1.8194e+11,2.5752e+11
0.02187,0.31875,3.8220e+0,1.6861e+11,2.7585e+11
0.02396,0.31875,3.7869e+0,1.7750e+11,2.3625e+11
0.02604,0.31875,3.7534e+0,2.0319e+11,4.5355e+11
0.02813,0.31875,3.7089e+0,2.3439e+11,4.5297e+11
0.03021,0.31875,3.6568e+0,2.5435e+11,3.9040e+11
0.03229,0.31875,3.6033e+0,2.5943e+11,4.5949e+11
0.03438,0.31875,3.5442e+0,2.4577e+11,3.5288e+11
0.03646,0.31875,3.4846e+0,2.4272e+11,3.7600e+11
0.03854,0.31875,3.4205e+0,2.4719e+11,2.5679e+11
0.04063,0.31875,3.3598e+0,2.4188e+11,2.4945e+11
0.04271,0.31875,3.3017e+0,2.3318e+11,3.7228e+11
0.04479,0.31875,3.2366e+0,2.5120e+11,3.2658e+11
0.04688,0.31875,3.1699e+0,2.4854e+11,2.9293e+11
0.04896,0.31875,3.1043e+0,2.6041e+11,3.6402e+11
0.05104,0.31875,3.0359e+0,2.6673e+11,3.6174e+11
0.05312,0.31875,2.9653e+0,2.5500e+11,3.8287e+11
0.05521,0.31875,2.8902e+0,2.6714e+11,3.1645e+11
0.05729,0.31875,2.8167e+0,2.3211e+11,3.7200e+11
0.05937,0.31875,2.7383e+0,2.3518e+11,3.9354e+11
0.06146,0.31875,2.6542e+0,2.7283e+11,3.5677e+11
0.06354,0.31875,2.5700e+0,2.9008e+11,4.2233e+11
0.06563,0.31875,2.4812e+0,2.7604e+11,4.0067e+11
0.06771,0.31875,2.3876e+0,2.5827e+11,3.5177e+11
0.06979,0.31875,2.2896e+0,2.5537e+11,3.5850e+11
0.07187,0.31875,2.1852e+0,2.6288e+11,2.8516e+11
0.07396,0.31875,2.0798e+0,2.4717e+11,3.1302e+11
0.07604,0.31875,1.9705e+0,2.6623e+11,3.2703e+11
0.07813,0.31875,1.8579e+0,2.4136e+11,3.4638e+11
0.08021,0.31875,1.7390e+0,2.1720e+11,3.6139e+11
0.08229,0.31875,1.6113e+0,2.0210e+11,4.0176e+11
0.08438,0.31875,1.4714e+0,2.0424e+11,3.6991e+11
0.08646,0.31875,1.3224e+0,1.6590e+11,3.5087e+11
0.08854,0.31875,1.1634e+0,1.3410e+11,3.6848e+11
0.09062,0.31875,9.9135e-1,4.5036e+10,3.5543e+11
0.09271,0.31875,8.0051e-1,6.0655e+9,3.2199e+11
0.09479,0.31875,5.9028e-1,1.4206e+9,2.6043e+11
0.09688,0.31875,3.6486e-1,7.0904e+8,2.4057e+11
0.09896,0.31875,1.2574e-1,8.6949e+7,2.2396e+11
0.00104,0.32292,3.8921e+0,5.6094e+10,0.0000e+0
0.00313,0.32292,3.8926e+0,3.5539e+10,0.0000e+0
0.00521,0.32292,3.8934e+0,4.3306e+10,0.0000e+0
0.00729,0.32292,3.8959e+0,9.2002e+10,1.5923e+11
0.00937,0.32292,3.8924e+0,1.2950e+11,1.8179e+11
0.01146,0.32292,3.8841e+0,1.2977e+11,1.6646e+11
0.01354,0.32292,3.8741e+0,1.4237e+11,1.8064e+11
0.01563,0.32292,3.8634e+0,1.3089e+11,2.1704e+11
0.01771,0.32292,3.8493e+0,1.5710e+11,4.0214e+11
0.01979,0.32292,3.8233e+0,1.8231e+11,4.7335e+11
0.02187,0.32292,3.7850e+0,1.6537e+11,3.0943e+11
0.02396,0.32292,3.7456e+0,1.7693e+11,3.2980e+11
0.02604,0.32292,3.7043e+0,2.0070e+11,4.0080e+11
0.02813,0.32292,3.6562e+0,2.3306e+11,4.1186e+11
0.03021,0.32292,3.6019e+0,2.5006e+11,3.1227e+11
0.03229,0.32292,3.5476e+0,2.4355e+11,2.4552e+11
0.03438,0.32292,3.4947e+0,2.3498e+11,2.7985e+11
0.03646,0.32292,3.4397e+0,2.3745e+11,3.8687e+11
0.03854,0.32292,3.3753e+0,2.3202e+11,2.3240e+11
0.04063,0.32292,3.3118e+0,2.2318e+11,1.6272e+11
0.04271,0.32292,3.2530e+0,2.3354e+11,3.1025e+11
0.04479,0.32292,3.1882e+0,2.4280e+11,2.5311e+11
0.04688,0.32292,3.1219e+0,2.3735e+11,2.0287e+11
0.04896,0.32292,3.0569e+0,2.5085e+11,2.2972e+11
0.05104,0.32292,2.9928e+0,2.5472e+11,2.9568e+11
0.05312,0.32292,2.9276e+0,2.4637e+11,4.0681e+11
0.05521,0.32292,2.8547e+0,2.5791e+11,3.5647e+11
0.05729,0.32292,2.7798e+0,2.2919e+11,3.5407e+11
0.05937,0.32292,2.7001e+0,2.1795e+11,3.1648e+11
0.06146,0.32292,2.6161e+0,2.4871e+11,2.4908e+11
0.06354,0.32292,2.5348e+0,2.8067e+11,3.3747e+11
0.06563,0.32292,2.4526e+0,2.7435e+11,4.2203e+11
0.06771,0.32292,2.3647e+0,2.5617e+11,4.5046e+11
0.06979,0.32292,2.2688e+0,2.4921e+11,4.3207e+11
0.07187,0.32292,2.1656e+0,2.5945e+11,3.7659e+11
0.07396,0.32292,2.0583e+0,2.4974e+11,3.4254e+11
0.07604,0.32292,1.9473e+0,2.6138e+11,3.4110e+11
0.07813,0.32292,1.8327e+0,2.2850e+11,3.1663e+11
0.08021,0.32292,1.7141e+0,2.1234e+11,3.6684e+11
0.08229,0.32292,1.5868e+0,1.8979e+11,3.6200e+11
0.08438,0.32292,1.4492e+0,1.9016e+11,3.4844e+11
0.08646,0.32292,1.3020e+0,1.6033e+11,3.1184e+11
0.08854,0.32292,1.1448e+0,1.3025e+11,3.0915e+11
0.09062,0.32292,9.7558e-1,4.4052e+10,3.0487e+11
0.09271,0.32292,7.8840e-1,6.1732e+9,2.8828e+11
0.09479,0.32292,5.8254e-1,1.5114e+9,2.6070e+11
0.09688,0.32292,3.6062e-1,4.3756e+8,2.4066e+11
0.09896,0.32292,1.2451e-1,3.8298e+7,2.2730e+11
0.00104,0.32708,3.8221e+0,3.4679e+10,0.0000e+0
0.00313,0.32708,3.8232e+0,3.5252e+10,0.0000e+0
0.00521,0.32708,3.8255e+0,3.9401e+10,0.0000e+0
0.00729,0.32708,3.8291e+0,8.5132e+10,1.3855e+11
0.00937,0.32708,3.8272e+0,1.1493e+11,1.6894e+11
0.01146,0.32708,3.8194e+0,1.2971e+11,9.5363e+10
0.01354,0.32708,3.8123e+0,1.4008e+11,8.5904e+10
0.01563,0.32708,3.8089e+0,1.2967e+11,3.0382e+11
0.01771,0.32708,3.7952e+0,1.6961e+11,4.8085e+11
0.01979,0.32708,3.7643e+0,1.5788e+11,3.9352e+11
0.02187,0.32708,3.7223e+0,1.6047e+11,2.6803e+11
0.02396,0.32708,3.6780e+0,1.7757e+11,2.2787e+11
0.02604,0.32708,3.6332e+0,2.0481e+11,2.3533e+11
0.02813,0.32708,3.5881e+0,2.3110e+11,2.7468e+11
0.03021,0.32708,3.5421e+0,2.5267e+11,2.6842e+11
0.03229,0.32708,3.4991e+0,2.4458e+11,3.6228e+11
0.03438,0.32708,3.4532e+0,2.2971e+11,4.1731e+11
0.03646,0.32708,3.3985e+0,2.2678e+11,3.2022e+11
0.03854,0.32708,3.3406e+0,2.1333e+11,3.4780e+11
0.04063,0.32708,3.2766e+0,2.1656e+11,2.1114e+11
0.04271,0.32708,3.2159e+0,2.3129e+11,2.6414e+11
0.04479,0.32708,3.1552e+0,2.4672e+11,3.4327e+11
0.04688,0.32708,3.0907e+0,2.3702e+11,3.3174e+11
0.04896,0.32708,3.0235e+0,2.4965e+11,3.5653e+11
0.05104,0.32708,2.9519e+0,2.5467e+11,2.6342e+11
0.05312,0.32708,2.8812e+0,2.4393e+11,2.9828e+11
0.05521,0.32708,2.8072e+0,2.4665e+11,2.3854e+11
0.05729,0.32708,2.7341e+0,2.2232e+11,2.5217e+11
0.05937,0.32708,2.6594e+0,2.1338e+11,3.2224e+11
0.06146,0.32708,2.5784e+0,2.4068e+11,2.9085e+11
0.06354,0.32708,2.4956e+0,2.7574e+11,3.1173e+11
0.06563,0.32708,2.4118e+0,2.6913e+11,3.4673e+11
0.06771,0.32708,2.3236e+0,2.6194e+11,3.2413e+11
0.06979,0.32708,2.2321e+0,2.5640e+11,3.1909e+11
0.07187,0.32708,2.1376e+0,2.4766e+11,3.9649e+11
0.07396,0.32708,2.0352e+0,2.4094e+11,3.9630e+11
0.07604,0.32708,1.9253e+0,2.5213e+11,3.8118e+11
0.07813,0.32708,1.8089e+0,2.2757e+11,3.0586e+11
0.08021,0.32708,1.6881e+0,2.1191e+11,2.7827e+11
0.08229,0.32708,1.5625e+0,1.8968e+11,2.9305e+11
0.08438,0.32708,1.4301e+0,1.7971e+11,3.3791e+11
0.08646,0.32708,1.2883e+0,1.5020e+11,3.5400e+11
0.08854,0.32708,1.1339e+0,1.1878e+11,3.3035e+11
0.09062,0.32708,9.6597e-1,4.2932e+10,3.1812e+11
0.09271,0.32708,7.8002e-1,5.7819e+9,2.8347e+11
0.09479,0.32708,5.7644e-1,1.3411e+9,2.5740e+11
0.09688,0.32708,3.5738e-1,3.9478e+8,2.4815e+11
0.09896,0.32708,1.2395e-1,1.7605e+7,2.5209e+11
0.00104,0.33125,3.7538e+0,4.0551e+10,0.0000e+0
0.00313,0.33125,3.7557e+0,4.9386e+10,0.0000e+0
0.00521,0.33125,3.7600e+0,4.9536e+10,0.0000e+0
0.00729,0.33125,3.7667e+0,8.8312e+10,7.6676e+10
0.00937,0.33125,3.7733e+0,1.1728e+11,2.9069e+11
0.01146,0.33125,3.7677e+0,1.2913e+11,2.2757e+11
0.01354,0.33125,3.7560e+0,1.4220e+11,1.0334e+11
0.01563,0.33125,3.7456e+0,1.2615e+11,2.5582e+11
0.01771,0.33125,3.7227e+0,1.6302e+11,2.5370e+11
0.01979,0.33125,3.6906e+0,1.4932e+11,2.1733e+11
0.02187,0.33125,3.6516e+0,1.5460e+11,1.3244e+11
0.02396,0.33125,3.6119e+0,1.7469e+11,1.9192e+11
0.02604,0.33125,3.5681e+0,1.9517e+11,1.5076e+11
0.02813,0.33125,3.5238e+0,2.2072e+11,2.0541e+11
0.03021,0.33125,3.4771e+0,2.3924e+11,1.2107e+11
0.03229,0.33125,3.4370e+0,2.3966e+11,1.9323e+11
0.03438,0.33125,3.4002e+0,2.3136e+11,4.1061e+11
0.03646,0.33125,3.3536e+0,2.2060e+11,3.6605e+11
0.03854,0.33125,3.3012e+0,2.0579e+11,3.6171e+11
0.04063,0.33125,3.2428e+0,2.1249e+11,3.4540e+11
0.04271,0.33125,3.1807e+0,2.2629e+11,2.9852e+11
0.04479,0.33125,3.1180e+0,2.5174e+11,3.4684e+11
0.04688,0.33125,3.0530e+0,2.3816e+11,3.2265e+11
0.04896,0.33125,2.9858e+0,2.4542e+11,3.2258e+11
0.05104,0.33125,2.9160e+0,2.3827e+11,3.3493e+11
0.05312,0.33125,2.8424e+0,2.3444e+11,2.6581e+11
0.05521,0.33125,2.7695e+0,2.4494e+11,2.9757e+11
0.05729,0.33125,2.6961e+0,2.2457e+11,2.9564e+11
0.05937,0.33125,2.6210e+0,2.0849e+11,3.0189e+11
0.06146,0.33125,2.5431e+0,2.3346e+11,3.7667e+11
0.06354,0.33125,2.4602e+0,2.5587e+11,3.6774e+11
0.06563,0.33125,2.3747e+0,2.6086e+11,3.4773e+11
0.06771,0.33125,2.2879e+0,2.5151e+11,3.5488e+11
0.06979,0.33125,2.1985e+0,2.5278e+11,3.6670e+11
0.07187,0.33125,2.1056e+0,2.4553e+11,4.0738e+11
0.07396,0.33125,2.0057e+0,2.3758e+11,3.7672e+11
0.07604,0.33125,1.9010e+0,2.4788e+11,4.0321e+11
0.07813,0.33125,1.7908e+0,2.2682e+11,4.2514e+11
0.08021,0.33125,1.6729e+0,1.9702e+11,4.1179e+11
0.08229,0.33125,1.5460e+0,1.9305e+11,3.4394e+11
0.08438,0.33125,1.4128e+0,1.8256e+11,2.9973e+11
0.08646,0.33125,1.2751e+0,1.5128e+11,3.7331e+11
0.08854,0.33125,1.1254e+0,1.1893e+11,4.2647e+11
0.09062,0.33125,9.5843e-1,4.1794e+10,3.6593e+11
0.09271,0.33125,7.7248e-1,4.9548e+9,2.8176e+11
0.09479,0.33125,5.7034e-1,1.1141e+9,2.5646e+11
0.09688,0.33125,3.5326e-1,5.1700e+8,2.4049e+11
0.09896,0.33125,1.2237e-1,5.1028e+7,2.3883e+11
0.00104,0.33542,3.6829e+0,5.0262e+10,0.0000e+0
0.00313,0.33542,3.6857e+0,6.1573e+10,0.0000e+0
0.00521,0.33542,3.6920e+0,4.8185e+10,0.0000e+0
0.00729,0.33542,3.7006e+0,7.5940e+10,1.2600e+9
0.00937,0.33542,3.7133e+0,1.1504e+11,2.5006e+11
0.01146,0.33542,3.7156e+0,1.0852e+11,2.1580e+11
0.01354,0.33542,3.7136e+0,1.2813e+11,3.6639e+11
0.01563,0.33542,3.7004e+0,1.2842e+11,4.1277e+11
0.01771,0.33542,3.6714e+0,1.6431e+11,2.9165e+11
0.01979,0.33542,3.6382e+0,1.5112e+11,2.0632e+11
0.02187,0.33542,3.6057e+0,1.4708e+11,2.3763e+11
0.02396,0.33542,3.5714e+0,1.6890e+11,2.8194e+11
0.02604,0.33542,3.5331e+0,1.9592e+11,3.7508e+11
0.02813,0.33542,3.4868e+0,2.1475e+11,3.5145e+11
0.03021,0.33542,3.4356e+0,2.3062e+11,2.8722e+11
0.03229,0.33542,3.3855e+0,2.2442e+11,2.0496e+11
0.03438,0.33542,3.3408e+0,2.1429e+11,2.3800e+11
0.03646,0.33542,3.2973e+0,2.1880e+11,3.3988e+11
0.03854,0.33542,3.2488e+0,2.0716e+11,3.4048e+11
0.04063,0.33542,3.1947e+0,2.0148e+11,3.0873e+11
0.04271,0.33542,3.1371e+0,2.1816e+11,4.0635e+11
0.04479,0.33542,3.0719e+0,2.3974e+11,2.9242e+11
0.04688,0.33542,3.0095e+0,2.2383e+11,3.4255e+11
0.04896,0.33542,2.9455e+0,2.3191e+11,3.9259e+11
0.05104,0.33542,2.8770e+0,2.3609e+11,3.9727e+11
0.05312,0.33542,2.8025e+0,2.3113e+11,2.7867e+11
0.05521,0.33542,2.7286e+0,2.4006e+11,3.0301e+11
0.05729,0.33542,2.6532e+0,2.2251e+11,2.9631e+11
0.05937,0.33542,2.5752e+0,2.0562e+11,2.7819e+11
0.06146,0.33542,2.4941e+0,2.2995e+11,2.9260e+11
0.06354,0.33542,2.4109e+0,2.4191e+11,2.9604e+11
0.06563,0.33542,2.3262e+0,2.4875e+11,2.8135e+11
0.06771,0.33542,2.2409e+0,2.3666e+11,2.9057e+11
0.06979,0.33542,2.1541e+0,2.4326e+11,3.6206e+11
0.07187,0.33542,2.0618e+0,2.3265e+11,3.6480e+11
0.07396,0.33542,1.9633e+0,2.2694e+11,3.2448e+11
0.07604,0.33542,1.8617e+0,2.3450e+11,3.8345e+11
0.07813,0.33542,1.7533e+0,2.1651e+11,3.4194e+11
0.08021,0.33542,1.6392e+0,1.9910e+11,3.2180e+11
0.08229,0.33542,1.5198e+0,1.9747e+11,4.0043e+11
0.08438,0.33542,1.3909e+0,1.7968e+11,3.7864e+11
0.08646,0.33542,1.2534e+0,1.5482e+11,3.8445e+11
0.08854,0.33542,1.1046e+0,1.1566e+11,3.8609e+11
0.09062,0.33542,9.4111e-1,3.9445e+10,3.4511e+11
0.09271,0.33542,7.6021e-1,5.1532e+9,3.1091e+11
0.09479,0.33542,5.6223e-1,1.3223e+9,2.8978e+11
0.09688,0.33542,3.4824e-1,9.1501e+8,2.4278e+11
0.09896,0.33542,1.2120e-1,2.0858e+8,2.6747e+11
0.00104,0.33958,3.6054e+0,5.3254e+10,0.0000e+0
0.00313,0.33958,3.6091e+0,7.4131e+10,0.0000e+0
0.00521,0.33958,3.6177e+0,4.9319e+10,0.0000e+0
0.00729,0.33958,3.6295e+0,6.4695e+10,3.9424e+9
0.00937,0.33958,3.6458e+0,1.0519e+11,3.2792e+11
0.01146,0.33958,3.6467e+0,1.0094e+11,1.6369e+11
0.01354,0.33958,3.6461e+0,1.2512e+11,2.7800e+11
0.01563,0.33958,3.6401e+0,1.2694e+11,5.6388e+11
0.01771,0.33958,3.6120e+0,1.6516e+11,3.8281e+11
0.01979,0.33958,3.5789e+0,1.5398e+11,2.0939e+11
0.02187,0.33958,3.5516e+0,1.4689e+11,3.1060e+11
0.02396,0.33958,3.5235e+0,1.6884e+11,4.6331e+11
0.02604,0.33958,3.4878e+0,1.8708e+11,5.6924e+11
0.02813,0.33958,3.4406e+0,2.1250e+11,5.2277e+11
0.03021,0.33958,3.3862e+0,2.2834e+11,4.0095e+11
0.03229,0.33958,3.3304e+0,2.1802e+11,2.4141e+11
0.03438,0.33958,3.2798e+0,2.0583e+11,2.1449e+11
0.03646,0.33958,3.2333e+0,2.1584e+11,2.6220e+11
0.03854,0.33958,3.1882e+0,2.0998e+11,3.5290e+11
0.04063,0.33958,3.1382e+0,1.8985e+11,4.2863e+11
0.04271,0.33958,3.0767e+0,2.1565e+11,3.4995e+11
0.04479,0.33958,3.0101e+0,2.3182e+11,2.5552e+11
0.04688,0.33958,2.9461e+0,2.0642e+11,2.3197e+11
0.04896,0.33958,2.8841e+0,2.2161e+11,2.7485e+11
0.05104,0.33958,2.8228e+0,2.3842e+11,3.7897e+11
0.05312,0.33958,2.7575e+0,2.2520e+11,4.4481e+11
0.05521,0.33958,2.6845e+0,2.2866e+11,3.7198e+11
0.05729,0.33958,2.6091e+0,2.1370e+11,3.5885e+11
0.05937,0.33958,2.5296e+0,2.0451e+11,3.4260e+11
0.06146,0.33958,2.4454e+0,2.2208e+11,2.7525e+11
0.06354,0.33958,2.3617e+0,2.4173e+11,2.5924e+11
0.06563,0.33958,2.2803e+0,2.4555e+11,3.5642e+11
0.06771,0.33958,2.1939e+0,2.2439e+11,2.9796e+11
0.06979,0.33958,2.1048e+0,2.3458e+11,3.1703e+11
0.07187,0.33958,2.0124e+0,2.2045e+11,3.4976e+11
0.07396,0.33958,1.9141e+0,2.1936e+11,2.9643e+11
0.07604,0.33958,1.8141e+0,2.2564e+11,3.2706e+11
0.07813,0.33958,1.7114e+0,2.0697e+11,4.1329e+11
0.08021,0.33958,1.5999e+0,2.0497e+11,3.9343e+11
0.08229,0.33958,1.4808e+0,1.8936e+11,3.5958e+11
0.08438,0.33958,1.3539e+0,1.7403e+11,3.5097e+11
0.08646,0.33958,1.2183e+0,1.5142e+11,3.4048e+11
0.08854,0.33958,1.0728e+0,1.1224e+11,3.6117e+11
0.09062,0.33958,9.1306e-1,3.9393e+10,3.0572e+11
0.09271,0.33958,7.3724e-1,5.3396e+9,2.6872e+11
0.09479,0.33958,5.4565e-1,1.2011e+9,2.7113e+11
0.09688,0.33958,3.3837e-1,5.9739e+8,2.4929e+11
0.09896,0.33958,1.1731e-1,2.0179e+8,2.4088e+11
0.00104,0.34375,3.5155e+0,4.5991e+10,0.0000e+0
0.00313,0.34375,3.5198e+0,6.4217e+10,0.0000e+0
0.00521,0.34375,3.5295e+0,4.9029e+10,0.0000e+0
0.00729,0.34375,3.5437e+0,6.5812e+10,3.2316e+10
0.00937,0.34375,3.5620e+0,9.7332e+10,3.6838e+11
0.01146,0.34375,3.5643e+0,9.4633e+10,3.6043e+11
0.01354,0.34375,3.5540e+0,1.3198e+11,2.3090e+11
0.01563,0.34375,3.5400e+0,1.2995e+11,2.5319e+11
0.01771,0.34375,3.5189e+0,1.6057e+11,2.9374e+11
0.01979,0.34375,3.4917e+0,1.5411e+11,2.9296e+11
0.02187,0.34375,3.4599e+0,1.3821e+11,2.3239e+11
0.02396,0.34375,3.4247e+0,1.5698e+11,2.9067e+11
0.02604,0.34375,3.3819e+0,1.8407e+11,1.8897e+11
0.02813,0.34375,3.3404e+0,1.9779e+11,1.8617e+11
0.03021,0.34375,3.3037e+0,2.1933e+11,4.2343e+11
0.03229,0.34375,3.2607e+0,2.0820e+11,4.3058e+11
0.03438,0.34375,3.2117e+0,1.9783e+11,3.5607e+11
0.03646,0.34375,3.1593e+0,2.0736e+11,2.1711e+11
0.03854,0.34375,3.1126e+0,1.8920e+11,2.8982e+11
0.04063,0.34375,3.0647e+0,1.8520e+11,4.2121e+11
0.04271,0.34375,3.0065e+0,1.9983e+11,3.7798e+11
0.04479,0.34375,2.9424e+0,2.2813e+11,3.3215e+11
0.04688,0.34375,2.8780e+0,2.0123e+11,2.8474e+11
0.04896,0.34375,2.8141e+0,2.0762e+11,2.8690e+11
0.05104,0.34375,2.7503e+0,2.3080e+11,3.1595e+11
0.05312,0.34375,2.6852e+0,2.1888e+11,3.3458e+11
0.05521,0.34375,2.6164e+0,2.2888e+11,3.1324e+11
0.05729,0.34375,2.5469e+0,2.0964e+11,3.7739e+11
0.05937,0.34375,2.4710e+0,2.0598e+11,3.6511e+11
0.06146,0.34375,2.3891e+0,2.1786e+11,2.7589e+11
0.06354,0.34375,2.3091e+0,2.2605e+11,3.1240e+11
0.06563,0.34375,2.2298e+0,2.3656e+11,4.0131e+11
0.06771,0.34375,2.1457e+0,2.1732e+11,4.1763e+11
0.06979,0.34375,2.0539e+0,2.2119e+11,3.6851e+11
0.07187,0.34375,1.9569e+0,2.1101e+11,2.8229e+11
0.07396,0.34375,1.8586e+0,2.1554e+11,3.2373e+11
0.07604,0.34375,1.7563e+0,2.1917e+11,2.9061e+11
0.07813,0.34375,1.6513e+0,2.0401e+11,2.5307e+11
0.08021,0.34375,1.5443e+0,1.9007e+11,2.9747e+11
0.08229,0.34375,1.4316e+0,1.7203e+11,3.5241e+11
0.08438,0.34375,1.3088e+0,1.6367e+11,3.3384e+11
0.08646,0.34375,1.1769e+0,1.5055e+11,3.3131e+11
0.08854,0.34375,1.0344e+0,1.1112e+11,2.9248e+11
0.09062,0.34375,8.8091e-1,3.9986e+10,2.9213e+11
0.09271,0.34375,7.1119e-1,5.4694e+9,2.6909e+11
0.09479,0.34375,5.2453e-1,1.3062e+9,2.1918e+11
0.09688,0.34375,3.2393e-1,4.6518e+8,1.9551e+11
0.09896,0.34375,1.1122e-1,1.7172e+8,1.7238e+11
0.00104,0.34792,3.4057e+0,5.2867e+10,0.0000e+0
0.00313,0.34792,3.4102e+0,5.9616e+10,0.0000e+0
0.00521,0.34792,3.4196e+0,5.0930e+10,0.0000e+0
0.00729,0.34792,3.4333e+0,6.9594e+10,6.1327e+10
0.00937,0.34792,3.4481e+0,9.3243e+10,2.7606e+11
0.01146,0.34792,3.4519e+0,9.8988e+10,1.9574e+11
0.01354,0.34792,3.4527e+0,1.2309e+11,3.8792e+11
0.01563,0.34792,3.4395e+0,1.2055e+11,2.8230e+11
0.01771,0.34792,3.4191e+0,1.4932e+11,2.9792e+11
0.01979,0.34792,3.3917e+0,1.4145e+11,1.8605e+11
0.02187,0.34792,3.3650e+0,1.2233e+11,3.3645e+11
0.02396,0.34792,3.3280e+0,1.3779e+11,3.1320e+11
0.02604,0.34792,3.2831e+0,1.7514e+11,2.7298e+11
0.02813,0.34792,3.2359e+0,1.8657e+11,1.7407e+11
0.03021,0.34792,3.1934e+0,2.0276e+11,1.5105e+11
0.03229,0.34792,3.1570e+0,2.0248e+11,2.6612e+11
0.03438,0.34792,3.1199e+0,1.9327e+11,4.5970e+11
0.03646,0.34792,3.0706e+0,2.0007e+11,3.1631e+11
0.03854,0.34792,3.0206e+0,1.7526e+11,2.7703e+11
0.04063,0.34792,2.9692e+0,1.7927e+11,2.6837e+11
0.04271,0.34792,2.9159e+0,1.9550e+11,3.6289e+11
0.04479,0.34792,2.8554e+0,2.1033e+11,3.2188e+11
0.04688,0.34792,2.7928e+0,1.9385e+11,2.8286e+11
0.04896,0.34792,2.7298e+0,2.0173e+11,2.9803e+11
0.05104,0.34792,2.6664e+0,2.0841e+11,3.0745e+11
0.05312,0.34792,2.6024e+0,2.0430e+11,3.6034e+11
0.05521,0.34792,2.5346e+0,2.1230e+11,2.9774e+11
0.05729,0.34792,2.4684e+0,1.9831e+11,3.6326e+11
0.05937,0.34792,2.3977e+0,1.9486e+11,4.1683e+11
0.06146,0.34792,2.3180e+0,2.2161e+11,3.2589e+11
0.06354,0.34792,2.2369e+0,2.1283e+11,2.6652e+11
0.06563,0.34792,2.1569e+0,2.2434e+11,3.0635e+11
0.06771,0.34792,2.0760e+0,2.1804e+11,3.8106e+11
0.06979,0.34792,1.9891e+0,2.1109e+11,3.9760e+11
0.07187,0.34792,1.8951e+0,2.0099e+11,3.5604e+11
0.07396,0.34792,1.7970e+0,2.0334e+11,3.0500e+11
0.07604,0.34792,1.6978e+0,2.0342e+11,3.3112e+11
0.07813,0.34792,1.5951e+0,1.9583e+11,3.0843e+11
0.08021,0.34792,1.4895e+0,1.7533e+11,3.2712e+11
0.08229,0.34792,1.3779e+0,1.6462e+11,3.1550e+11
0.08438,0.34792,1.2596e+0,1.5724e+11,3.1731e+11
0.08646,0.34792,1.1339e+0,1.4208e+11,3.5058e+11
0.08854,0.34792,9.9739e-1,1.0818e+11,3.3430e+11
0.09062,0.34792,8.4917e-1,3.8037e+10,3.0699e+11
0.09271,0.34792,6.8614e-1,5.0753e+9,2.8587e+11
0.09479,0.34792,5.0768e-1,1.0569e+9,2.7460e+11
0.09688,0.34792,3.1446e-1,3.5707e+8,2.3984e+11
0.09896,0.34792,1.0832e-1,4.8112e+7,1.9480e+11
0.00104,0.35208,3.2764e+0,5.7964e+10,0.0000e+0
0.00313,0.35208,3.2810e+0,6.4997e+10,0.0000e+0
0.00521,0.35208,3.2904e+0,5.4528e+10,1.8638e+9
0.00729,0.35208,3.3046e+0,7.0822e+10,1.8797e+11
0.00937,0.35208,3.3130e+0,8.5315e+10,1.5564e+11
0.01146,0.35208,3.3190e+0,9.8633e+10,1.0578e+11
0.01354,0.35208,3.3280e+0,1.0530e+11,3.3129e+11
0.01563,0.35208,3.3261e+0,1.0824e+11,4.0964e+11
0.01771,0.35208,3.3117e+0,1.2892e+11,4.5855e+11
0.01979,0.35208,3.2868e+0,1.3299e+11,4.1583e+11
0.02187,0.35208,3.2558e+0,1.1564e+11,3.3874e+11
0.02396,0.35208,3.2218e+0,1.2741e+11,4.5609e+11
0.02604,0.35208,3.1776e+0,1.5892e+11,3.7825e+11
0.02813,0.35208,3.1300e+0,1.7423e+11,2.8082e+11
0.03021,0.35208,3.0855e+0,1.8869e+11,2.4280e+11
0.03229,0.35208,3.0455e+0,1.9390e+11,2.9658e+11
0.03438,0.35208,3.0040e+0,1.8631e+11,2.8931e+11
0.03646,0.35208,2.9591e+0,1.9143e+11,2.6439e+11
0.03854,0.35208,2.9136e+0,1.6591e+11,3.0453e+11
0.04063,0.35208,2.8640e+0,1.7743e+11,2.9709e+11
0.04271,0.35208,2.8121e+0,1.9305e+11,3.6870e+11
0.04479,0.35208,2.7538e+0,1.9484e+11,3.2581e+11
0.04688,0.35208,2.6921e+0,1.8442e+11,2.8361e+11
0.04896,0.35208,2.6282e+0,1.8382e+11,2.5760e+11
0.05104,0.35208,2.5638e+0,2.0014e+11,2.9997e+11
0.05312,0.35208,2.4963e+0,1.9413e+11,2.2861e+11
0.05521,0.35208,2.4293e+0,1.9890e+11,1.9957e+11
0.05729,0.35208,2.3659e+0,1.8947e+11,2.6402e+11
0.05937,0.35208,2.3015e+0,1.7376e+11,3.4440e+11
0.06146,0.35208,2.2304e+0,2.0392e+11,3.6988e+11
0.06354,0.35208,2.1541e+0,1.9684e+11,3.6314e+11
0.06563,0.35208,2.0722e+0,2.0299e+11,2.8376e+11
0.06771,0.35208,1.9896e+0,1.9900e+11,3.0217e+11
0.06979,0.35208,1.9044e+0,1.9047e+11,3.5287e+11
0.07187,0.35208,1.8126e+0,1.8352e+11,2.7429e+11
0.07396,0.35208,1.7191e+0,1.8777e+11,2.8232e+11
0.07604,0.35208,1.6239e+0,1.9422e+11,2.9751e+11
0.07813,0.35208,1.5260e+0,1.8717e+11,3.2735e+11
0.08021,0.35208,1.4225e+0,1.7283e+11,2.8067e+11
0.08229,0.35208,1.3152e+0,1.5487e+11,2.9962e+11
0.08438,0.35208,1.2018e+0,1.4737e+11,3.1748e+11
0.08646,0.35208,1.0811e+0,1.3477e+11,3.5017e+11
0.08854,0.35208,9.4967e-1,1.0405e+11,3.3078e+11
0.09062,0.35208,8.0643e-1,3.4453e+10,2.7308e+11
0.09271,0.35208,6.4996e-1,4.8307e+9,2.3926e+11
0.09479,0.35208,4.8024e-1,9.8591e+8,2.1489e+11
0.09688,0.35208,2.9865e-1,3.0124e+8,2.3409e+11
0.09896,0.35208,1.0407e-1,2.4686e+7,2.3889e+11
0.00104,0.35625,3.1290e+0,6.1783e+10,1.4936e+10
0.00313,0.35625,3.1343e+0,6.4727e+10,1.0841e+11
0.00521,0.35625,3.1397e+0,5.0721e+10,3.1558e+10
0.00729,0.35625,3.1493e+0,5.9728e+10,9.6924e+10
0.00937,0.35625,3.1588e+0,7.9998e+10,1.6809e+11
0.01146,0.35625,3.1662e+0,1.0314e+11,1.7734e+11
0.01354,0.35625,3.1739e+0,1.1319e+11,3.2194e+11
0.01563,0.35625,3.1725e+0,1.0339e+11,4.8889e+11
0.01771,0.35625,3.1522e+0,1.1845e+11,2.9507e+11
0.01979,0.35625,3.1290e+0,1.2515e+11,3.3867e+11
0.02187,0.35625,3.1005e+0,1.0909e+11,3.2198e+11
0.02396,0.35625,3.0673e+0,1.1629e+11,3.0454e+11
0.02604,0.35625,3.0309e+0,1.4167e+11,3.1834e+11
0.02813,0.35625,2.9924e+0,1.6751e+11,3.1884e+11
0.03021,0.35625,2.9538e+0,1.8058e+11,2.8842e+11
0.03229,0.35625,2.9185e+0,1.8750e+11,4.0156e+11
0.03438,0.35625,2.8799e+0,1.8520e+11,4.0231e+11
0.03646,0.35625,2.8371e+0,1.7589e+11,3.9474e+11
0.03854,0.35625,2.7898e+0,1.5592e+11,3.2994e+11
0.04063,0.35625,2.7406e+0,1.6825e+11,3.3116e+11
0.04271,0.35625,2.6898e+0,1.8373e+11,3.7175e+11
0.04479,0.35625,2.6357e+0,1.8475e+11,3.5219e+11
0.04688,0.35625,2.5798e+0,1.7073e+11,4.1645e+11
0.04896,0.35625,2.5167e+0,1.6288e+11,3.0867e+11
0.05104,0.35625,2.4527e+0,1.8536e+11,3.0567e+11
0.05312,0.35625,2.3877e+0,1.7611e+11,3.1320e+11
0.05521,0.35625,2.3196e+0,1.8355e+11,2.3998e+11
0.05729,0.35625,2.2532e+0,1.7173e+11,2.2066e+11
0.05937,0.35625,2.1883e+0,1.5507e+11,2.5290e+11
0.06146,0.35625,2.1216e+0,1.9236e+11,3.3872e+11
0.06354,0.35625,2.0512e+0,1.8875e+11,3.6720e+11
0.06563,0.35625,1.9759e+0,1.8483e+11,4.3253e+11
0.06771,0.35625,1.8912e+0,1.8115e+11,2.8980e+11
0.06979,0.35625,1.8057e+0,1.7244e+11,2.6231e+11
0.07187,0.35625,1.7191e+0,1.6198e+11,2.8221e+11
0.07396,0.35625,1.6290e+0,1.6289e+11,2.3612e+11
0.07604,0.35625,1.5388e+0,1.7627e+11,2.8506e+11
0.07813,0.35625,1.4461e+0,1.6410e+11,3.1167e+11
0.08021,0.35625,1.3479e+0,1.6115e+11,3.3351e+11
0.08229,0.35625,1.2429e+0,1.4111e+11,3.0443e+11
0.08438,0.35625,1.1312e+0,1.4050e+11,2.5616e+11
0.08646,0.35625,1.0153e+0,1.1840e+11,2.8260e+11
0.08854,0.35625,8.9107e-1,9.3464e+10,2.9388e+11
0.09062,0.35625,7.5548e-1,3.1013e+10,2.3074e+11
0.09271,0.35625,6.0775e-1,5.2244e+9,1.9010e+11
0.09479,0.35625,4.4851e-1,1.9298e+9,1.9170e+11
0.09688,0.35625,2.7751e-1,4.5318e+8,1.7499e+11
0.09896,0.35625,9.6038e-2,3.4565e+7,1.8266e+11
0.00104,0.36042,2.9538e+0,3.8996e+10,4.5273e+9
0.00313,0.36042,2.9590e+0,3.8853e+10,5.6813e+10
0.00521,0.36042,2.9664e+0,4.4616e+10,1.4160e+11
0.00729,0.36042,2.9717e+0,6.1711e+10,1.1033e+11
0.00937,0.36042,2.9778e+0,7.6996e+10,1.3982e+11
0.01146,0.36042,2.9836e+0,9.1619e+10,1.8967e+11
0.01354,0.36042,2.9884e+0,1.0255e+11,4.0602e+11
0.01563,0.36042,2.9790e+0,9.3956e+10,3.3957e+11
0.01771,0.36042,2.9594e+0,1.0123e+11,2.5585e+11
0.01979,0.36042,2.9363e+0,1.1381e+11,2.8467e+11
0.02187,0.36042,2.9085e+0,1.0810e+11,2.2788e+11
0.02396,0.36042,2.8790e+0,1.0777e+11,2.0985e+11
0.02604,0.36042,2.8491e+0,1.2543e+11,2.3711e+11
0.02813,0.36042,2.8188e+0,1.5984e+11,3.1698e+11
0.03021,0.36042,2.7857e+0,1.6224e+11,3.5547e+11
0.03229,0.36042,2.7469e+0,1.6416e+11,1.7582e+11
0.03438,0.36042,2.7139e+0,1.7081e+11,3.3484e+11
0.03646,0.36042,2.6750e+0,1.7038e+11,3.4647e+11
0.03854,0.36042,2.6298e+0,1.5044e+11,2.8089e+11
0.04063,0.36042,2.5821e+0,1.5052e+11,2.7641e+11
0.04271,0.36042,2.5321e+0,1.6058e+11,2.6132e+11
0.04479,0.36042,2.4824e+0,1.6592e+11,3.1443e+11
0.04688,0.36042,2.4296e+0,1.5948e+11,2.9029e+11
0.04896,0.36042,2.3742e+0,1.5637e+11,2.8038e+11
0.05104,0.36042,2.3180e+0,1.6376e+11,3.3608e+11
0.05312,0.36042,2.2587e+0,1.5484e+11,3.4596e+11
0.05521,0.36042,2.1958e+0,1.5727e+11,3.4724e+11
0.05729,0.36042,2.1290e+0,1.4975e+11,2.9455e+11
0.05937,0.36042,2.0603e+0,1.3793e+11,2.3376e+11
0.06146,0.36042,1.9910e+0,1.6475e+11,2.4522e+11
0.06354,0.36042,1.9213e+0,1.7375e+11,2.7381e+11
0.06563,0.36042,1.8497e+0,1.6864e+11,3.1908e+11
0.06771,0.36042,1.7721e+0,1.6631e+11,2.5754e+11
0.06979,0.36042,1.6933e+0,1.5951e+11,2.6448e+11
0.07187,0.36042,1.6124e+0,1.5416e+11,3.0213e+11
0.07396,0.36042,1.5264e+0,1.5165e+11,2.3765e+11
0.07604,0.36042,1.4394e+0,1.6254e+11,2.4099e+11
0.07813,0.36042,1.3520e+0,1.4787e+11,3.2147e+11
0.08021,0.36042,1.2571e+0,1.4404e+11,2.7651e+11
0.08229,0.36042,1.1571e+0,1.2589e+11,2.5473e+11
0.08438,0.36042,1.0521e+0,1.1603e+11,2.4297e+11
0.08646,0.36042,9.4297e-1,1.0260e+11,2.5783e+11
0.08854,0.36042,8.2713e-1,8.7174e+10,2.5581e+11
0.09062,0.36042,7.0339e-1,3.1780e+10,2.6380e+11
0.09271,0.36042,5.6729e-1,5.7971e+9,2.3757e+11
0.09479,0.36042,4.1871e-1,1.4202e+9,2.1343e+11
0.09688,0.36042,2.5862e-1,5.3548e+8,1.8263e+11
0.09896,0.36042,8.8770e-2,6.5706e+7,1.4621e+11
0.00104,0.36458,2.7481e+0,2.3092e+10,0.0000e+0
0.00313,0.36458,2.7524e+0,2.1752e+10,8.9158e+6
0.00521,0.36458,2.7611e+0,3.9658e+10,1.0622e+11
0.00729,0.36458,2.7689e+0,5.9271e+10,1.7637e+11
0.00937,0.36458,2.7729e+0,6.4005e+10,2.3434e+11
0.01146,0.36458,2.7700e+0,7.6541e+10,1.4885e+11
0.01354,0.36458,2.7663e+0,9.1079e+10,2.1225e+11
0.01563,0.36458,2.7568e+0,9.0123e+10,2.0149e+11
0.01771,0.36458,2.7420e+0,9.6911e+10,2.5431e+11
0.01979,0.36458,2.7195e+0,1.0271e+11,1.7183e+11
0.02187,0.36458,2.6965e+0,9.6673e+10,2.0651e+11
0.02396,0.36458,2.6706e+0,9.5887e+10,1.6887e+11
0.02604,0.36458,2.6434e+0,1.0882e+11,1.7240e+11
0.02813,0.36458,2.6164e+0,1.4205e+11,2.2539e+11
0.03021,0.36458,2.5891e+0,1.4554e+11,2.9166e+11
0.03229,0.36458,2.5582e+0,1.4545e+11,2.4200e+11
0.03438,0.36458,2.5287e+0,1.4754e+11,3.5124e+11
0.03646,0.36458,2.4922e+0,1.5068e+11,3.5194e+11
0.03854,0.36458,2.4485e+0,1.3414e+11,2.5448e+11
0.04063,0.36458,2.4033e+0,1.3716e+11,3.2031e+11
0.04271,0.36458,2.3514e+0,1.3457e+11,1.3846e+11
0.04479,0.36458,2.3048e+0,1.4314e+11,2.2696e+11
0.04688,0.36458,2.2580e+0,1.3459e+11,2.9879e+11
0.04896,0.36458,2.2056e+0,1.3837e+11,2.5508e+11
0.05104,0.36458,2.1508e+0,1.4747e+11,2.5624e+11
0.05312,0.36458,2.0938e+0,1.3691e+11,2.0896e+11
0.05521,0.36458,2.0373e+0,1.3793e+11,2.6622e+11
0.05729,0.36458,1.9772e+0,1.3950e+11,2.5494e+11
0.05937,0.36458,1.9142e+0,1.2918e+11,2.6677e+11
0.06146,0.36458,1.8463e+0,1.4926e+11,2.2976e+11
0.06354,0.36458,1.7771e+0,1.5167e+11,1.8505e+11
0.06563,0.36458,1.7094e+0,1.4758e+11,2.4759e+11
0.06771,0.36458,1.6392e+0,1.4858e+11,2.6336e+11
0.06979,0.36458,1.5656e+0,1.4761e+11,2.4403e+11
0.07187,0.36458,1.4896e+0,1.3534e+11,2.4065e+11
0.07396,0.36458,1.4105e+0,1.4239e+11,2.6909e+11
0.07604,0.36458,1.3266e+0,1.4300e+11,1.9678e+11
0.07813,0.36458,1.2427e+0,1.2830e+11,2.1536e+11
0.08021,0.36458,1.1555e+0,1.3573e+11,2.8292e+11
0.08229,0.36458,1.0609e+0,1.1058e+11,2.2940e+11
0.08438,0.36458,9.6067e-1,9.9844e+10,1.5297e+11
0.08646,0.36458,8.5942e-1,8.7290e+10,1.9713e+11
0.08854,0.36458,7.5308e-1,7.8612e+10,2.0909e+11
0.09062,0.36458,6.3983e-1,2.8155e+10,1.9284e+11
0.09271,0.36458,5.1670e-1,5.6283e+9,1.9521e+11
0.09479,0.36458,3.8188e-1,9.0451e+8,1.8929e+11
0.09688,0.36458,2.3578e-1,5.4724e+8,1.5591e+11
0.09896,0.36458,8.0971e-2,9.2342e+7,1.3625e+11
0.00104,0.36875,2.5145e+0,1.8231e+10,0.0000e+0
0.00313,0.36875,2.5181e+0,2.5552e+10,0.0000e+0
0.00521,0.36875,2.5256e+0,4.1052e+10,7.3817e+9
0.00729,0.36875,2.5374e+0,5.5856e+10,2.0869e+11
0.00937,0.36875,2.5417e+0,5.1553e+10,2.0273e+11
0.01146,0.36875,2.5395e+0,6.3253e+10,1.7541e+11
0.01354,0.36875,2.5337e+0,6.8547e+10,1.5136e+11
0.01563,0.36875,2.5273e+0,8.4934e+10,2.6629e+11
0.01771,0.36875,2.5145e+0,9.3238e+10,3.2236e+11
0.01979,0.36875,2.4922e+0,8.8477e+10,1.6333e+11
0.02187,0.36875,2.4713e+0,8.5125e+10,1.2508e+11
0.02396,0.36875,2.4534e+0,8.4779e+10,3.1657e+11
0.02604,0.36875,2.4258e+0,9.7470e+10,2.0987e+11
0.02813,0.36875,2.3973e+0,1.2775e+11,2.2577e+11
0.03021,0.36875,2.3691e+0,1.3494e+11,2.2279e+11
0.03229,0.36875,2.3413e+0,1.3441e+11,2.0328e+11
0.03438,0.36875,2.3153e+0,1.2865e+11,2.8146e+11
0.03646,0.36875,2.2843e+0,1.3182e+11,3.2692e+11
0.03854,0.36875,2.2452e+0,1.0981e+11,2.1893e+11
0.04063,0.36875,2.2041e+0,1.2589e+11,2.9130e+11
0.04271,0.36875,2.1572e+0,1.2625e+11,2.1500e+11
0.04479,0.36875,2.1111e+0,1.2455e+11,2.0006e+11
0.04688,0.36875,2.0656e+0,1.1912e+11,2.1108e+11
0.04896,0.36875,2.0187e+0,1.1376e+11,2.4084e+11
0.05104,0.36875,1.9677e+0,1.2463e+11,2.3163e+11
0.05312,0.36875,1.9134e+0,1.2350e+11,1.5493e+11
0.05521,0.36875,1.8615e+0,1.2105e+11,1.7946e+11
0.05729,0.36875,1.8096e+0,1.3299e+11,2.5455e+11
0.05937,0.36875,1.7537e+0,1.1788e+11,2.8586e+11
0.06146,0.36875,1.6907e+0,1.3423e+11,2.4463e+11
0.06354,0.36875,1.6248e+0,1.3601e+11,2.1191e+11
0.06563,0.36875,1.5573e+0,1.3211e+11,1.3701e+11
0.06771,0.36875,1.4921e+0,1.2692e+11,1.8076e+11
0.06979,0.36875,1.4259e+0,1.2868e+11,2.2625e+11
0.07187,0.36875,1.3557e+0,1.1395e+11,1.8877e+11
0.07396,0.36875,1.2827e+0,1.2545e+11,2.0132e+11
0.07604,0.36875,1.2062e+0,1.3109e+11,1.7676e+11
0.07813,0.36875,1.1285e+0,1.1589e+11,1.8389e+11
0.08021,0.36875,1.0466e+0,1.1592e+11,1.8401e+11
0.08229,0.36875,9.5945e-1,1.0157e+11,1.8478e+11
0.08438,0.36875,8.6669e-1,9.2231e+10,1.3606e+11
0.08646,0.36875,7.7170e-1,8.1503e+10,1.0263e+11
0.08854,0.36875,6.7605e-1,6.3973e+10,1.5969e+11
0.09062,0.36875,5.7491e-1,2.5665e+10,1.7378e+11
0.09271,0.36875,4.6488e-1,5.4294e+9,1.8925e+11
0.09479,0.36875,3.4339e-1,1.0799e+9,1.6461e+11
0.09688,0.36875,2.1190e-1,4.8241e+8,1.3809e+11
0.09896,0.36875,7.2260e-2,1.0836e+8,9.4517e+10
0.00104,0.37292,2.2580e+0,1.7062e+10,0.0000e+0
0.00313,0.37292,2.2614e+0,1.5391e+10,0.0000e+0
0.00521,0.37292,2.2679e+0,3.1893e+10,0.0000e+0
0.00729,0.37292,2.2784e+0,4.9862e+10,7.3868e+10
0.00937,0.37292,2.2884e+0,4.6498e+10,1.8942e+11
0.01146,0.37292,2.2910e+0,5.6260e+10,3.2914e+11
0.01354,0.37292,2.2809e+0,5.9359e+10,1.6035e+11
0.01563,0.37292,2.2713e+0,7.9886e+10,1.7351e+11
0.01771,0.37292,2.2617e+0,8.0318e+10,2.7002e+11
0.01979,0.37292,2.2450e+0,7.7308e+10,1.7305e+11
0.02187,0.37292,2.2285e+0,7.5766e+10,1.9479e+11
0.02396,0.37292,2.2103e+0,7.8492e+10,2.7043e+11
0.02604,0.37292,2.1851e+0,9.2050e+10,2.6486e+11
0.02813,0.37292,2.1551e+0,1.2111e+11,1.7533e+11
0.03021,0.37292,2.1275e+0,1.1459e+11,1.6873e+11
0.03229,0.37292,2.1022e+0,1.1587e+11,1.4127e+11
0.03438,0.37292,2.0808e+0,1.1214e+11,2.4573e+11
0.03646,0.37292,2.0554e+0,1.1370e+11,2.7648e+11
0.03854,0.37292,2.0246e+0,9.1055e+10,3.1354e+11
0.04063,0.37292,1.9846e+0,1.1204e+11,2.3967e+11
0.04271,0.37292,1.9413e+0,1.1167e+11,1.7765e+11
0.04479,0.37292,1.8995e+0,1.0755e+11,1.9245e+11
0.04688,0.37292,1.8582e+0,9.8946e+10,1.8616e+11
0.04896,0.37292,1.8170e+0,9.9260e+10,2.3546e+11
0.05104,0.37292,1.7722e+0,1.0328e+11,2.4924e+11
0.05312,0.37292,1.7224e+0,1.0858e+11,1.4998e+11
0.05521,0.37292,1.6748e+0,1.0714e+11,1.6136e+11
0.05729,0.37292,1.6279e+0,1.1585e+11,2.3141e+11
0.05937,0.37292,1.5770e+0,1.0327e+11,2.3466e+11
0.06146,0.37292,1.5209e+0,1.1121e+11,1.8654e+11
0.06354,0.37292,1.4640e+0,1.1885e+11,2.5263e+11
0.06563,0.37292,1.4027e+0,1.1875e+11,2.0106e+11
0.06771,0.37292,1.3404e+0,1.1020e+11,1.3819e+11
0.06979,0.37292,1.2794e+0,1.0981e+11,1.5385e+11
0.07187,0.37292,1.2180e+0,9.3588e+10,1.8653e+11
0.07396,0.37292,1.1530e+0,1.0367e+11,1.8591e+11
0.07604,0.37292,1.0850e+0,1.1446e+11,1.4214e+11
0.07813,0.37292,1.0187e+0,1.0582e+11,2.5331e+11
0.08021,0.37292,9.4555e-1,9.1815e+10,2.5486e+11
0.08229,0.37292,8.6365e-1,9.1400e+10,1.7776e+11
0.08438,0.37292,7.7712e-1,8.7326e+10,1.2219e+11
0.08646,0.37292,6.8920e-1,7.4540e+10,1.0793e+11
0.08854,0.37292,6.0016e-1,5.4514e+10,1.0363e+11
0.09062,0.37292,5.0874e-1,2.2505e+10,1.2303e+11
0.09271,0.37292,4.1154e-1,5.1456e+9,1.6521e+11
0.09479,0.37292,3.0466e-1,8.5401e+8,1.5187e+11
0.09688,0.37292,1.8905e-1,5.1084e+8,1.4722e+11
0.09896,0.37292,6.5374e-2,1.3665e+8,1.2952e+11
0.00104,0.37708,1.9799e+0,1.7208e+10,0.0000e+0
0.00313,0.37708,1.9836e+0,1.4401e+10,0.0000e+0
0.00521,0.37708,1.9908e+0,3.1382e+10,2.0908e+8
0.00729,0.37708,2.0026e+0,4.4562e+10,8.9555e+10
0.00937,0.37708,2.0137e+0,4.2674e+10,3.0942e+11
0.01146,0.37708,2.0102e+0,5.3973e+10,2.1409e+11
0.01354,0.37708,2.0009e+0,5.4560e+10,1.2932e+11
0.01563,0.37708,1.9912e+0,6.8290e+10,1.0150e+11
0.01771,0.37708,1.9833e+0,7.1202e+10,1.4363e+11
0.01979,0.37708,1.9740e+0,6.1104e+10,1.7100e+11
0.02187,0.37708,1.9620e+0,5.9109e+10,2.4802e+11
0.02396,0.37708,1.9425e+0,6.9064e+10,2.2565e+11
0.02604,0.37708,1.9187e+0,8.2544e+10,1.9320e+11
0.02813,0.37708,1.8940e+0,1.0978e+11,2.3423e+11
0.03021,0.37708,1.8674e+0,9.8673e+10,1.2533e+11
0.03229,0.37708,1.8454e+0,9.6345e+10,1.4199e+11
0.03438,0.37708,1.8262e+0,1.0010e+11,2.1242e+11
0.03646,0.37708,1.8036e+0,9.1426e+10,1.8265e+11
0.03854,0.37708,1.7788e+0,8.2175e+10,2.5394e+11
0.04063,0.37708,1.7463e+0,9.3705e+10,2.5912e+11
0.04271,0.37708,1.7074e+0,9.2030e+10,1.9605e+11
0.04479,0.37708,1.6668e+0,8.5566e+10,1.0866e+11
0.04688,0.37708,1.6302e+0,8.1047e+10,1.4857e+11
0.04896,0.37708,1.5947e+0,7.6423e+10,1.7233e+11
0.05104,0.37708,1.5583e+0,8.4394e+10,2.3274e+11
0.05312,0.37708,1.5171e+0,9.2432e+10,1.7102e+11
0.05521,0.37708,1.4755e+0,8.4459e+10,1.6474e+11
0.05729,0.37708,1.4326e+0,9.5744e+10,1.7353e+11
0.05937,0.37708,1.3877e+0,8.9442e+10,2.0000e+11
0.06146,0.37708,1.3380e+0,9.2043e+10,1.6363e+11
0.06354,0.37708,1.2863e+0,1.0001e+11,1.4857e+11
0.06563,0.37708,1.2347e+0,1.0357e+11,1.8224e+11
0.06771,0.37708,1.1818e+0,9.8904e+10,1.7309e+11
0.06979,0.37708,1.1280e+0,9.5862e+10,1.7121e+11
0.07187,0.37708,1.0733e+0,7.9422e+10,1.6980e+11
0.07396,0.37708,1.0167e+0,8.6803e+10,2.1103e+11
0.07604,0.37708,9.5612e-1,9.7684e+10,1.3553e+11
0.07813,0.37708,8.9690e-1,9.1086e+10,1.6138e+11
0.08021,0.37708,8.3651e-1,8.4498e+10,2.6274e+11
0.08229,0.37708,7.6778e-1,8.1667e+10,2.5922e+11
0.08438,0.37708,6.9074e-1,7.0703e+10,1.8057e+11
0.08646,0.37708,6.0923e-1,6.3442e+10,1.0620e+11
0.08854,0.37708,5.2684e-1,4.8689e+10,8.8321e+10
0.09062,0.37708,4.4276e-1,2.0521e+10,6.6020e+10
0.09271,0.37708,3.5585e-1,5.0993e+9,9.2419e+10
0.09479,0.37708,2.6314e-1,1.0601e+9,1.1984e+11
0.09688,0.37708,1.6269e-1,3.9671e+8,9.2798e+10
0.09896,0.37708,5.6841e-2,1.1822e+8,1.3237e+11
0.00104,0.38125,1.6777e+0,1.3823e+10,0.0000e+0
0.00313,0.38125,1.6818e+0,1.3686e+10,0.0000e+0
0.00521,0.38125,1.6899e+0,2.6366e+10,2.0006e+10
0.00729,0.38125,1.7020e+0,3.5246e+10,1.4508e+11
0.00937,0.38125,1.7106e+0,3.3907e+10,2.7866e+11
0.01146,0.38125,1.7067e+0,4.7192e+10,9.8470e+10
0.01354,0.38125,1.7047e+0,4.7029e+10,1.8734e+11
0.01563,0.38125,1.6986e+0,5.6856e+10,1.7142e+11
0.01771,0.38125,1.6914e+0,5.6247e+10,1.5615e+11
0.01979,0.38125,1.6841e+0,6.1820e+10,2.2552e+11
0.02187,0.38125,1.6722e+0,5.3782e+10,2.9773e+11
0.02396,0.38125,1.6499e+0,6.4215e+10,1.3951e+11
0.02604,0.38125,1.6287e+0,7.0815e+10,1.3499e+11
0.02813,0.38125,1.6090e+0,9.2697e+10,2.1180e+11
0.03021,0.38125,1.5872e+0,8.6775e+10,1.2182e+11
0.03229,0.38125,1.5690e+0,7.7757e+10,1.1806e+11
0.03438,0.38125,1.5545e+0,8.6601e+10,2.2608e+11
0.03646,0.38125,1.5369e+0,7.9457e+10,2.2116e+11
0.03854,0.38125,1.5165e+0,7.1655e+10,2.6978e+11
0.04063,0.38125,1.4889e+0,7.8296e+10,2.5698e+11
0.04271,0.38125,1.4551e+0,8.2240e+10,2.0743e+11
0.04479,0.38125,1.4183e+0,6.9867e+10,1.2869e+11
0.04688,0.38125,1.3830e+0,7.1710e+10,9.3560e+10
0.04896,0.38125,1.3516e+0,6.6402e+10,8.4296e+10
0.05104,0.38125,1.3237e+0,6.8905e+10,1.5044e+11
0.05312,0.38125,1.2948e+0,7.6831e+10,1.9713e+11
0.05521,0.38125,1.2628e+0,6.9854e+10,2.0545e+11
0.05729,0.38125,1.2272e+0,8.0189e+10,1.9003e+11
0.05937,0.38125,1.1896e+0,7.1532e+10,2.0677e+11
0.06146,0.38125,1.1475e+0,7.4977e+10,2.1894e+11
0.06354,0.38125,1.0999e+0,8.0455e+10,1.2098e+11
0.06563,0.38125,1.0538e+0,9.3058e+10,1.1905e+11
0.06771,0.38125,1.0098e+0,9.0050e+10,1.8348e+11
0.06979,0.38125,9.6317e-1,8.0931e+10,1.7020e+11
0.07187,0.38125,9.1371e-1,7.2929e+10,1.1240e+11
0.07396,0.38125,8.6437e-1,7.8667e+10,9.6056e+10
0.07604,0.38125,8.1631e-1,8.4175e+10,1.8104e+11
0.07813,0.38125,7.6409e-1,8.1870e+10,1.1848e+11
0.08021,0.38125,7.1150e-1,7.1004e+10,1.3289e+11
0.08229,0.38125,6.5682e-1,7.1199e+10,2.0920e+11
0.08438,0.38125,5.9553e-1,5.7944e+10,2.1571e+11
0.08646,0.38125,5.2723e-1,5.2978e+10,1.5711e+11
0.08854,0.38125,4.5567e-1,4.5646e+10,1.2083e+11
0.09062,0.38125,3.8166e-1,1.7437e+10,9.1562e+10
0.09271,0.38125,3.0404e-1,3.8348e+9,5.2921e+10
0.09479,0.38125,2.2370e-1,1.3952e+9,8.6801e+10
0.09688,0.38125,1.3781e-1,4.8875e+8,7.4053e+10
0.09896,0.38125,4.7327e-2,1.6649e+8,6.9723e+10
0.00104,0.38542,1.3476e+0,1.2869e+10,0.0000e+0
0.00313,0.38542,1.3515e+0,1.0681e+10,0.0000e+0
0.00521,0.38542,1.3591e+0,1.9796e+10,3.2174e+10
0.00729,0.38542,1.3692e+0,3.1312e+10,8.7524e+10
0.00937,0.38542,1.3784e+0,3.0919e+10,1.6134e+11
0.01146,0.38542,1.3819e+0,3.5560e+10,1.5230e+11
0.01354,0.38542,1.3833e+0,3.4333e+10,2.2054e+11
0.01563,0.38542,1.3780e+0,4.5558e+10,1.7807e+11
0.01771,0.38542,1.3714e+0,3.8641e+10,1.3935e+11
0.01979,0.38542,1.3657e+0,5.1916e+10,2.5391e+11
0.02187,0.38542,1.3536e+0,4.6148e+10,2.0861e+11
0.02396,0.38542,1.3371e+0,4.6885e+10,1.7527e+11
0.02604,0.38542,1.3189e+0,5.1506e+10,1.4304e+11
0.02813,0.38542,1.3014e+0,7.4010e+10,1.3131e+11
0.03021,0.38542,1.2868e+0,7.1038e+10,2.0662e+11
0.03229,0.38542,1.2696e+0,6.2023e+10,1.1895e+11
0.03438,0.38542,1.2550e+0,6.8613e+10,1.4414e+11
0.03646,0.38542,1.2413e+0,6.4999e+10,1.7187e+11
0.03854,0.38542,1.2262e+0,6.0326e+10,2.1954e+11
0.04063,0.38542,1.2062e+0,6.0016e+10,2.0988e+11
0.04271,0.38542,1.1826e+0,5.9119e+10,2.6275e+11
0.04479,0.38542,1.1522e+0,5.7110e+10,2.0049e+11
0.04688,0.38542,1.1192e+0,6.2358e+10,5.6774e+10
0.04896,0.38542,1.0937e+0,5.4610e+10,8.0293e+10
0.05104,0.38542,1.0723e+0,5.7994e+10,1.2437e+11
0.05312,0.38542,1.0518e+0,5.9800e+10,1.9460e+11
0.05521,0.38542,1.0272e+0,6.1173e+10,1.6823e+11
0.05729,0.38542,1.0009e+0,6.6887e+10,1.8096e+11
0.05937,0.38542,9.7239e-1,5.6101e+10,2.0083e+11
0.06146,0.38542,9.3977e-1,6.0345e+10,2.2838e+11
0.06354,0.38542,9.0115e-1,6.6886e+10,1.6176e+11
0.06563,0.38542,8.6215e-1,7.8028e+10,1.4140e+11
0.06771,0.38542,8.2434e-1,6.9742e+10,1.2068e+11
0.06979,0.38542,7.8745e-1,6.5663e+10,1.7997e+11
0.07187,0.38542,7.4699e-1,6.3968e+10,1.2889e+11
0.07396,0.38542,7.0694e-1,6.7875e+10,1.1293e+11
0.07604,0.38542,6.6824e-1,7.2088e+10,1.6527e+11
0.07813,0.38542,6.2681e-1,7.0811e+10,1.8302e+11
0.08021,0.38542,5.8098e-1,6.2182e+10,1.0850e+11
0.08229,0.38542,5.3481e-1,5.4195e+10,1.3547e+11
0.08438,0.38542,4.8520e-1,4.5692e+10,1.2798e+11
0.08646,0.38542,4.3234e-1,4.5638e+10,1.1795e+11
0.08854,0.38542,3.7748e-1,3.5711e+10,1.4114e+11
0.09062,0.38542,3.1872e-1,1.4199e+10,1.3857e+11
0.09271,0.38542,2.5477e-1,2.5711e+9,1.0136e+11
0.09479,0.38542,1.8698e-1,5.7292e+8,8.1619e+10
0.09688,0.38542,1.1574e-1,2.5253e+8,8.1433e+10
0.09896,0.38542,4.0448e-2,6.9422e+7,9.8136e+10
0.00104,0.38958,9.9060e-1,1.1941e+10,0.0000e+0
0.00313,0.38958,9.9408e-1,8.0516e+9,0.0000e+0
0.00521,0.38958,1.0008e+0,1.4041e+10,7.1771e+8
0.00729,0.38958,1.0111e+0,2.4054e+10,5.5242e+10
0.00937,0.38958,1.0221e+0,2.6057e+10,1.7548e+11
0.01146,0.38958,1.0269e+0,2.4923e+10,9.7930e+10
0.01354,0.38958,1.0319e+0,2.8103e+10,2.9442e+11
0.01563,0.38958,1.0239e+0,3.5101e+10,8.9956e+10
0.01771,0.38958,1.0187e+0,2.9165e+10,1.1429e+11
0.01979,0.38958,1.0136e+0,3.6881e+10,1.3346e+11
0.02187,0.38958,1.0073e+0,3.6500e+10,1.9004e+11
0.02396,0.38958,9.9634e-1,3.5128e+10,1.6765e+11
0.02604,0.38958,9.8333e-1,4.1434e+10,1.7159e+11
0.02813,0.38958,9.6896e-1,6.6150e+10,1.1838e+11
0.03021,0.38958,9.5909e-1,5.3259e+10,2.0331e+11
0.03229,0.38958,9.4560e-1,4.6301e+10,1.5065e+11
0.03438,0.38958,9.3142e-1,5.8580e+10,8.0940e+10
0.03646,0.38958,9.2128e-1,5.2672e+10,1.5489e+11
0.03854,0.38958,9.0900e-1,4.5679e+10,1.4457e+11
0.04063,0.38958,8.9493e-1,4.2032e+10,1.5509e+11
0.04271,0.38958,8.7907e-1,4.0133e+10,2.2319e+11
0.04479,0.38958,8.5722e-1,4.6605e+10,1.8588e+11
0.04688,0.38958,8.3279e-1,4.7063e+10,6.2939e+10
0.04896,0.38958,8.1484e-1,4.3732e+10,9.7045e+10
0.05104,0.38958,7.9999e-1,4.9053e+10,1.2169e+11
0.05312,0.38958,7.8607e-1,4.7610e+10,1.6475e+11
0.05521,0.38958,7.6918e-1,5.0586e+10,1.4720e+11
0.05729,0.38958,7.5106e-1,5.3333e+10,1.7187e+11
0.05937,0.38958,7.3052e-1,4.5605e+10,1.6425e+11
0.06146,0.38958,7.0810e-1,4.8212e+10,2.3774e+11
0.06354,0.38958,6.7918e-1,4.9403e+10,1.4221e+11
0.06563,0.38958,6.5070e-1,5.9158e+10,1.3276e+11
0.06771,0.38958,6.2377e-1,5.3574e+10,1.7152e+11
0.06979,0.38958,5.9475e-1,5.3094e+10,1.7638e+11
0.07187,0.38958,5.6293e-1,4.9036e+10,8.9573e+10
0.07396,0.38958,5.3433e-1,5.1402e+10,1.3415e+11
0.07604,0.38958,5.0625e-1,5.1560e+10,1.6235e+11
0.07813,0.38958,4.7655e-1,5.5326e+10,2.0200e+11
0.08021,0.38958,4.4203e-1,5.2828e+10,1.4640e+11
0.08229,0.38958,4.0586e-1,4.9921e+10,1.4614e+11
0.08438,0.38958,3.6710e-1,4.2160e+10,9.9067e+10
0.08646,0.38958,3.2794e-1,4.1064e+10,1.0913e+11
0.08854,0.38958,2.8708e-1,2.8882e+10,1.1645e+11
0.09062,0.38958,2.4311e-1,1.0350e+10,1.0054e+11
0.09271,0.38958,1.9574e-1,2.7111e+9,9.6039e+10
0.09479,0.38958,1.4474e-1,5.7687e+8,8.4153e+10
0.09688,0.38958,9.0647e-2,1.6897e+8,9.8273e+10
0.09896,0.38958,3.1769e-2,1.0132e+7,8.2657e+10
0.00104,0.39375,6.0952e-1,1.2951e+10,0.0000e+0
0.00313,0.39375,6.1266e-1,8.5620e+9,0.0000e+0
0.00521,0.39375,6.1877e-1,1.2663e+10,9.8964e+9
0.00729,0.39375,6.2784e-1,2.0236e+10,7.7348e+10
0.00937,0.39375,6.3710e-1,2.2149e+10,1.2527e+11
0.01146,0.39375,6.4451e-1,1.7259e+10,1.4097e+11
0.01354,0.39375,6.4977e-1,2.7411e+10,2.7004e+11
0.01563,0.39375,6.4491e-1,3.0685e+10,1.3305e+11
0.01771,0.39375,6.4125e-1,2.4858e+10,1.3343e+11
0.01979,0.39375,6.3797e-1,2.7394e+10,1.3614e+11
0.02187,0.39375,6.3520e-1,2.8094e+10,2.3073e+11
0.02396,0.39375,6.2619e-1,2.5779e+10,1.4574e+11
0.02604,0.39375,6.1670e-1,3.1039e+10,1.6212e+11
0.02813,0.39375,6.0567e-1,4.1875e+10,4.8618e+10
0.03021,0.39375,6.0187e-1,3.4790e+10,1.7222e+11
0.03229,0.39375,5.9519e-1,3.1111e+10,1.5109e+11
0.03438,0.39375,5.8768e-1,3.9832e+10,1.5896e+11
0.03646,0.39375,5.8030e-1,3.8969e+10,1.8527e+11
0.03854,0.39375,5.7072e-1,3.6650e+10,1.7479e+11
0.04063,0.39375,5.5846e-1,3.1715e+10,1.2450e+11
0.04271,0.39375,5.4561e-1,3.0906e+10,9.8863e+10
0.04479,0.39375,5.3310e-1,3.6069e+10,1.3160e+11
0.04688,0.39375,5.1922e-1,3.5097e+10,6.4459e+10
0.04896,0.39375,5.0964e-1,3.0449e+10,7.2660e+10
0.05104,0.39375,5.0350e-1,3.8324e+10,1.2290e+11
0.05312,0.39375,4.9784e-1,3.6171e+10,1.8487e+11
0.05521,0.39375,4.8833e-1,3.4385e+10,1.6578e+11
0.05729,0.39375,4.7651e-1,3.7478e+10,1.7109e+11
0.05937,0.39375,4.6190e-1,3.5685e+10,1.4171e+11
0.06146,0.39375,4.4641e-1,3.5445e+10,1.3545e+11
0.06354,0.39375,4.3003e-1,3.4952e+10,1.2971e+11
0.06563,0.39375,4.1346e-1,4.4509e+10,1.2181e+11
0.06771,0.39375,3.9797e-1,4.2013e+10,1.9018e+11
0.06979,0.39375,3.7812e-1,3.8655e+10,1.4349e+11
0.07187,0.39375,3.5681e-1,3.5518e+10,9.6088e+10
0.07396,0.39375,3.3681e-1,3.6772e+10,7.4298e+10
0.07604,0.39375,3.1909e-1,3.5208e+10,7.6180e+10
0.07813,0.39375,3.0292e-1,3.9712e+10,1.4229e+11
0.08021,0.39375,2.8392e-1,3.7959e+10,1.6755e+11
0.08229,0.39375,2.6088e-1,3.8497e+10,1.2822e+11
0.08438,0.39375,2.3653e-1,3.5275e+10,9.7626e+10
0.08646,0.39375,2.1287e-1,3.3068e+10,1.5290e+11
0.08854,0.39375,1.8556e-1,1.8930e+10,9.4095e+10
0.09062,0.39375,1.5700e-1,6.9970e+9,8.8772e+10
0.09271,0.39375,1.2632e-1,2.7617e+9,8.1230e+10
0.09479,0.39375,9.3212e-2,7.1684e+8,5.1964e+10
0.09688,0.39375,5.8746e-2,1.5323e+8,6.7218e+10
0.09896,0.39375,2.0924e-2,9.2282e+6,6.9064e+10
0.00104,0.39792,2.0746e-1,1.4845e+10,0.0000e+0
0.00313,0.39792,2.0965e-1,6.8887e+9,8.3984e+9
0.00521,0.39792,2.1371e-1,9.7642e+9,9.6634e+10
0.00729,0.39792,2.1538e-1,1.0410e+10,2.4078e+10
0.00937,0.39792,2.1970e-1,1.1440e+10,2.4383e+10
0.01146,0.39792,2.2720e-1,1.2176e+10,1.5312e+11
0.01354,0.39792,2.3179e-1,1.6755e+10,2.2327e+11
0.01563,0.39792,2.3126e-1,1.6086e+10,1.8520e+11
0.01771,0.39792,2.2979e-1,1.7968e+10,1.8463e+11
0.01979,0.39792,2.2748e-1,2.1330e+10,1.4743e+11
0.02187,0.39792,2.2656e-1,2.3199e+10,1.9379e+11
0.02396,0.39792,2.2354e-1,1.9074e+10,1.9367e+11
0.02604,0.39792,2.1827e-1,1.9615e+10,1.3921e+11
0.02813,0.39792,2.1355e-1,2.4952e+10,6.6131e+10
0.03021,0.39792,2.1447e-1,1.9625e+10,1.9240e+11
0.03229,0.39792,2.1226e-1,1.8642e+10,1.8261e+11
0.03438,0.39792,2.0777e-1,2.3900e+10,1.2995e+11
0.03646,0.39792,2.0412e-1,2.2898e+10,1.0603e+11
0.03854,0.39792,2.0211e-1,1.9833e+10,1.6485e+11
0.04063,0.39792,1.9778e-1,1.8032e+10,1.5266e+11
0.04271,0.39792,1.9186e-1,2.3166e+10,1.0876e+11
0.04479,0.39792,1.8697e-1,2.2928e+10,1.2486e+11
0.04688,0.39792,1.8128e-1,1.9979e+10,5.9855e+10
0.04896,0.39792,1.7879e-1,1.6715e+10,6.2262e+10
0.05104,0.39792,1.7944e-1,2.1887e+10,1.3961e+11
0.05312,0.39792,1.7953e-1,2.2972e+10,1.8648e+11
0.05521,0.39792,1.7702e-1,1.9958e+10,1.7546e+11
0.05729,0.39792,1.7311e-1,1.9950e+10,2.0460e+11
0.05937,0.39792,1.6560e-1,2.1410e+10,1.2418e+11
0.06146,0.39792,1.5898e-1,2.0972e+10,9.9310e+10
0.06354,0.39792,1.5405e-1,2.1139e+10,1.1868e+11
0.06563,0.39792,1.4964e-1,2.7810e+10,1.4203e+11
0.06771,0.39792,1.4527e-1,2.7775e+10,2.0262e+11
0.06979,0.39792,1.3682e-1,2.5445e+10,1.2589e+11
0.07187,0.39792,1.2881e-1,2.2468e+10,1.2344e+11
0.07396,0.39792,1.2051e-1,2.5753e+10,7.5133e+10
0.07604,0.39792,1.1470e-1,2.4894e+10,8.8821e+10
0.07813,0.39792,1.1027e-1,2.6609e+10,1.4765e+11
0.08021,0.39792,1.0346e-1,2.2708e+10,1.2573e+11
0.08229,0.39792,9.5358e-2,2.4113e+10,1.2344e+11
0.08438,0.39792,8.5978e-2,2.6224e+10,8.9292e+10
0.08646,0.39792,7.7219e-2,2.4745e+10,9.2240e+10
0.08854,0.39792,6.8072e-2,1.5068e+10,1.1011e+11
0.09062,0.39792,5.6369e-2,5.1532e+9,4.4926e+10
0.09271,0.39792,4.4837e-2,2.2583e+9,2.2834e+10
0.09479,0.39792,3.3989e-2,6.1697e+8,4.2146e+10
0.09688,0.39792,2.2315e-2,1.2103e+8,6.5480e+10
0.09896,0.39792,7.8393e-3,9.7659e+6,2.7621e+10